# LA_B55 - extracted from LA_Downtown_large_ctr_packed (original mesh frame, metres, Y up)
# faces 13725 vertices 8088
mtllib LA_B55.mtl
o LA_B55
v -119.581955 200.667206 -70.562431
v -119.572426 200.232559 -70.747269
v -119.572418 164.232620 -70.497284
v -119.523766 209.480377 -70.609444
v -119.523758 173.480408 -70.359467
v -119.488419 218.466461 -70.890121
v -119.488403 182.466461 -70.640144
v -119.486534 236.814697 -70.713448
v -119.486519 200.814636 -70.463470
v -119.476990 200.267639 -70.480927
v -119.476982 164.267700 -70.230949
v -119.441635 209.253708 -70.761604
v -119.441628 173.253738 -70.511620
v -119.439751 227.601944 -70.584923
v -119.439743 191.601913 -70.334946
v -119.404388 200.700317 -70.782997
v -119.394859 200.265671 -70.967834
v -119.394852 164.265732 -70.717857
v -119.392975 218.501541 -70.623779
v -119.392975 218.613892 -70.791161
v -119.392967 182.501541 -70.373802
v -119.392967 182.613892 -70.541183
v -119.319427 245.860641 -70.743591
v -119.279922 72.999550 -70.068649
v -119.273743 136.480453 -70.109489
v -119.256058 269.644897 -70.828865
v -119.236511 163.814575 -70.213493
v -119.234932 56.488504 -69.994443
v -119.227989 246.001892 -70.648773
v -119.226967 127.267761 -69.980972
v -119.226822 200.733429 -71.003571
v -119.218414 91.255188 -70.042488
v -119.218414 91.375580 -70.221848
v -119.217293 200.186432 -71.021027
v -119.217285 164.186493 -70.771042
v -119.215538 63.769081 -70.020546
v -119.195923 236.709213 -70.605873
v -119.189735 154.601883 -70.084969
v -119.181366 254.969757 -70.677094
v -119.181366 255.077393 -70.837456
v -119.172997 262.324127 -70.625389
v -119.154030 82.024712 -69.994392
v -119.154030 82.145111 -70.173744
v -119.142960 145.501541 -70.123825
v -119.131386 200.768509 -70.737228
v -119.121857 200.333862 -70.922058
v -119.121849 164.333923 -70.672081
v -119.117233 236.707336 -71.072372
v -119.081932 127.667076 -70.187477
v -119.072395 91.232742 -70.122330
v -119.052035 56.493668 -70.294227
v -119.037842 218.455414 -70.897537
v -119.037834 182.455414 -70.647560
v -119.028137 91.290665 -70.278847
v -119.023735 100.480476 -69.984512
v -119.012169 154.522644 -70.138161
v -119.011246 255.001480 -70.888412
v -118.986496 127.814507 -70.088516
v -118.976959 91.267822 -69.855988
v -118.975800 56.486940 -69.746678
v -118.963509 163.770401 -70.000343
v -118.953819 200.689270 -70.790421
v -118.942406 218.490494 -70.631195
v -118.942406 218.602844 -70.798576
v -118.942398 182.490494 -70.381218
v -118.942398 182.602844 -70.548599
v -118.939720 118.601845 -69.959991
v -118.925873 91.207855 -69.814087
v -118.904366 127.700188 -70.408043
v -118.894829 91.265854 -70.342896
v -118.892944 109.501541 -69.998848
v -118.858391 236.724411 -70.774055
v -118.785942 163.803528 -70.220909
v -118.749680 254.959167 -70.684196
v -118.749680 255.066818 -70.844559
v -118.735596 91.243340 -70.050438
v -118.735596 91.363739 -70.229797
v -118.726807 127.733299 -70.628609
v -118.717262 91.186615 -70.396088
v -118.704865 245.917267 -70.240341
v -118.704758 209.347900 -69.969994
v -118.703812 163.689209 -70.540436
v -118.692390 145.602844 -70.298615
v -118.685471 82.093575 -70.988861
v -118.631363 127.768379 -70.362267
v -118.624336 56.484972 -69.518253
v -118.621826 91.334045 -70.297119
v -118.608376 163.724274 -70.274094
v -118.608376 163.836639 -70.441475
v -118.606827 72.902802 -70.133591
v -118.598839 127.289825 -70.208954
v -118.594109 236.730362 -70.824303
v -118.579559 254.990891 -70.895523
v -118.471672 209.417313 -72.351349
v -118.471664 173.417343 -72.101364
v -118.453804 127.689140 -70.415459
v -118.447334 178.097427 -72.116142
v -118.445078 56.485437 -69.543591
v -118.442375 109.602844 -70.173637
v -118.388313 262.197174 -70.012741
v -118.387650 191.538834 -72.076843
v -118.376236 209.452393 -72.085007
v -118.292221 227.686310 -72.227867
v -118.292213 191.686279 -71.977882
v -118.222565 269.547791 -70.894035
v -118.219994 245.833817 -72.157310
v -118.176147 63.944393 -71.724083
v -118.167191 264.846680 -71.025658
v -118.114639 82.079628 -71.518570
v -118.105240 250.566650 -72.237015
v -118.063301 173.407043 -69.194756
v -118.050255 72.969551 -71.649826
v -118.049866 245.865555 -72.368629
v -118.045433 204.950882 -72.678741
v -118.045425 168.838577 -72.261383
v -117.979294 227.528564 -69.420204
v -117.979286 191.528534 -69.170235
v -117.954956 196.208603 -69.185013
v -117.952248 254.975372 -69.510231
v -117.939369 195.459671 -72.601280
v -117.932518 218.428162 -69.459061
v -117.931725 100.416183 -69.299294
v -117.908180 187.108246 -69.223862
v -117.903435 262.329041 -72.250427
v -117.885735 173.327789 -69.247940
v -117.847717 118.537552 -69.274773
v -117.824722 154.605774 -69.353973
v -117.813293 136.407074 -68.944778
v -117.791130 77.657600 -68.763092
v -117.790306 209.475189 -69.398949
v -117.790298 173.475220 -69.148979
v -117.782516 154.605042 -72.267998
v -117.761803 195.492783 -72.821846
v -117.754951 218.461273 -69.679626
v -117.738556 63.933342 -68.609421
v -117.732925 241.445068 -72.777122
v -117.715576 132.959702 -68.830925
v -117.710075 118.571892 -71.922440
v -117.688965 136.404358 -72.345703
v -117.655441 73.080215 -71.315369
v -117.612000 255.038818 -69.932877
v -117.599251 255.074310 -69.211197
v -117.566353 189.047424 -73.263649
v -117.532509 118.605003 -72.143013
v -117.486771 82.104065 -68.640259
v -117.486771 82.224457 -68.819618
v -117.438957 100.404396 -72.220718
v -117.329910 91.209137 -72.675133
v -117.275482 218.524796 -73.521713
v -117.258995 255.030121 -69.473480
v -117.201141 72.988991 -72.937645
v -117.193344 182.410477 -73.591255
v -117.142701 56.548826 -72.948416
v -117.139633 91.244621 -72.911484
v -117.097908 182.557907 -73.492294
v -117.002472 218.480637 -73.308563
v -116.982498 255.023758 -73.664886
v -116.972984 82.172134 -72.757339
v -116.952621 245.945908 -68.825409
v -116.945625 145.634705 -68.334885
v -116.935097 91.319801 -72.340675
v -116.884995 227.689453 -74.410904
v -116.874445 56.557109 -73.209187
v -116.844215 63.951984 -73.019844
v -116.832314 139.191330 -68.289780
v -116.791443 209.376312 -74.321243
v -116.791435 173.488693 -74.238625
v -116.791061 109.487267 -68.308876
v -116.791061 109.599625 -68.476257
v -116.779104 56.558339 -73.374661
v -116.727501 262.192230 -68.852982
v -116.720881 56.559574 -73.494765
v -116.708931 109.485306 -68.795784
v -116.694702 82.085114 -73.336098
v -116.647339 182.434509 -73.332336
v -116.616058 73.014732 -72.660187
v -116.613495 109.520378 -68.529442
v -116.590500 145.588577 -68.608643
v -116.470177 236.815369 -68.285042
v -116.460258 104.424042 -68.065727
v -116.459373 255.046783 -73.416817
v -116.446396 154.759064 -68.037109
v -116.440056 245.826263 -74.255951
v -116.385063 262.256134 -74.392929
v -116.376625 218.502213 -68.195381
v -116.376617 182.502213 -67.945404
v -116.376617 182.614563 -68.112785
v -116.375656 63.900452 -73.834961
v -116.352295 227.564087 -74.737854
v -116.352287 191.564056 -74.487862
v -116.343155 172.803040 -67.900627
v -116.341270 191.600616 -68.393463
v -116.341270 227.600647 -68.643433
v -116.338211 109.476707 -73.657410
v -116.329842 173.401840 -67.984261
v -116.329842 209.401810 -68.234230
v -116.321106 181.414978 -68.432426
v -116.316940 200.325409 -74.433784
v -116.316940 200.550110 -74.768539
v -116.316940 236.325470 -74.683777
v -116.316940 236.550171 -75.018532
v -116.307396 200.227814 -75.120766
v -116.305511 182.576050 -74.694092
v -116.305511 218.576050 -74.944084
v -116.303627 200.811859 -74.350037
v -116.303627 236.811920 -74.600037
v -116.296776 190.252136 -74.640129
v -116.294495 182.500244 -68.432312
v -116.294495 218.500244 -68.682289
v -116.294090 164.264923 -74.117523
v -116.294090 200.264862 -74.367516
v -116.292610 200.736053 -68.088264
v -116.292610 236.736130 -68.338234
v -116.291832 118.611603 -68.011101
v -116.283066 164.189117 -67.855743
v -116.283066 200.189056 -68.105713
v -116.270164 191.449753 -74.807396
v -116.270164 227.449768 -75.057388
v -116.261024 172.688721 -68.220161
v -116.261024 172.801071 -68.387535
v -116.259140 195.531006 -74.738541
v -116.258736 173.363327 -74.565575
v -116.258736 209.363297 -74.815567
v -116.256851 191.599136 -74.221519
v -116.256851 227.599167 -74.471512
v -116.249763 73.046013 -73.940056
v -116.247719 173.399887 -68.471169
v -116.247719 209.399857 -68.721146
v -116.245834 227.523376 -68.209717
v -116.245834 227.748077 -68.544464
v -116.245827 191.523346 -67.959740
v -116.245827 191.748047 -68.294495
v -116.226143 82.033585 -74.151207
v -116.221504 236.697601 -74.919563
v -116.221504 236.809967 -75.086945
v -116.221497 200.697540 -74.669571
v -116.221497 200.809906 -74.836952
v -116.211960 164.262955 -74.604431
v -116.211960 200.262894 -74.854424
v -116.210480 200.734100 -68.575172
v -116.210480 236.734161 -68.825142
v -116.210075 182.498779 -74.260376
v -116.210075 182.611130 -74.427750
v -116.210075 218.498779 -74.510368
v -116.210075 218.611130 -74.677750
v -116.200935 164.187164 -68.342651
v -116.200935 200.187103 -68.592621
v -116.174728 191.372467 -74.373672
v -116.174728 191.597183 -74.708427
v -116.174728 191.709534 -74.875809
v -116.174721 227.372498 -74.623672
v -116.174721 227.597214 -74.958420
v -116.174721 227.709564 -75.125801
v -116.163300 173.398407 -74.299232
v -116.163300 209.398376 -74.549225
v -116.152275 173.434952 -68.204826
v -116.152275 209.434921 -68.454803
v -116.130234 181.485138 -67.899742
v -116.127945 182.496811 -74.747284
v -116.127945 218.496811 -74.997276
v -116.126625 145.502213 -67.695435
v -116.125694 261.998077 -68.750687
v -116.123871 82.071175 -73.865799
v -116.114082 62.448872 -67.524498
v -116.110281 56.469875 -67.499737
v -116.102287 154.564026 -74.237869
v -116.100250 91.299538 -74.435661
v -116.099815 63.331329 -67.972832
v -116.097374 63.693039 -74.234360
v -116.097374 63.813435 -74.413719
v -116.091270 154.600586 -68.143494
v -116.090547 56.471672 -67.616739
v -116.088005 67.825119 -68.078407
v -116.086537 56.469849 -67.495732
v -116.077560 132.694717 -67.552032
v -116.076500 245.960220 -68.117943
v -116.074692 264.400574 -69.231560
v -116.067741 236.812332 -74.956421
v -116.066940 163.325348 -74.183792
v -116.066940 163.550049 -74.518547
v -116.063957 57.151745 -74.202332
v -116.061943 264.651337 -68.830605
v -116.061943 264.866638 -69.151329
v -116.061943 264.866638 -69.151321
v -116.061943 264.974274 -69.311691
v -116.059753 264.436523 -73.627182
v -116.059753 264.651794 -73.947906
v -116.059753 264.867096 -74.268631
v -116.059486 72.961098 -73.997055
v -116.055511 145.576050 -74.444099
v -116.053627 163.811798 -74.100052
v -116.053185 254.965225 -74.867279
v -116.053185 255.072861 -75.027641
v -116.049194 268.992615 -74.523384
v -116.049194 269.315521 -75.004471
v -116.047676 73.000267 -67.466438
v -116.047005 264.902588 -73.546951
v -116.047005 265.010223 -73.707306
v -116.044815 262.104309 -74.494850
v -116.044815 262.319580 -74.815575
v -116.044495 145.500244 -68.182343
v -116.044434 236.775192 -68.235397
v -116.044090 127.264984 -73.867531
v -116.042610 163.735992 -67.838295
v -116.039925 138.310654 -68.152565
v -116.038635 269.027618 -68.684402
v -116.038635 269.135254 -68.844765
v -116.038635 269.350555 -69.165482
v -116.038635 269.458191 -69.325844
v -116.035866 82.069069 -74.387558
v -116.035866 82.189461 -74.566917
v -116.034256 262.031677 -68.495514
v -116.033066 127.189194 -67.605774
v -116.032509 182.531891 -74.480942
v -116.032509 218.531891 -74.730934
v -116.029877 254.928085 -68.146255
v -116.026070 62.446766 -68.046257
v -116.024048 82.108238 -67.856941
v -116.024048 82.228630 -68.036293
v -116.023697 269.386505 -73.561104
v -116.023697 269.494171 -73.721466
v -116.022275 56.477822 -68.021537
v -116.021507 262.282440 -68.094551
v -116.021484 182.456085 -68.219162
v -116.021484 182.568436 -68.386543
v -116.021484 218.456085 -68.469139
v -116.016358 56.476161 -67.911165
v -116.014152 56.579235 -73.923318
v -116.008736 136.363358 -74.315582
v -116.008736 136.475708 -74.482956
v -116.008369 245.923325 -74.423424
v -116.006851 154.599106 -73.971527
v -115.997978 91.216728 -73.970901
v -115.997810 245.850693 -68.424080
v -115.997810 245.958344 -68.584442
v -115.997551 63.248524 -67.508072
v -115.995834 154.523315 -67.709770
v -115.995834 154.748016 -68.044525
v -115.995430 132.692764 -68.038933
v -115.995430 132.805115 -68.206314
v -115.995102 63.730629 -73.948952
v -115.995102 63.971420 -74.307671
v -115.986168 91.376297 -67.619637
v -115.985741 67.742310 -67.613647
v -115.985741 67.862709 -67.792999
v -115.983253 264.541809 -69.136742
v -115.982124 132.954514 -67.620438
v -115.976303 236.738297 -74.540886
v -115.971504 163.697479 -74.419579
v -115.971504 163.809830 -74.586960
v -115.971481 72.597809 -73.980743
v -115.971481 72.838600 -74.339462
v -115.971481 72.958992 -74.518814
v -115.970505 264.900238 -68.896149
v -115.969772 109.467621 -73.177925
v -115.968315 264.900696 -74.013451
v -115.966583 64.893570 -73.948837
v -115.966583 65.134361 -74.307549
v -115.966125 261.887115 -74.640633
v -115.966125 262.210052 -75.121712
v -115.965744 236.773315 -68.701904
v -115.963121 56.578556 -74.399152
v -115.962680 56.578277 -74.434092
v -115.961960 127.263023 -74.354439
v -115.961754 254.891174 -74.451736
v -115.961754 254.998825 -74.612099
v -115.961685 57.068939 -73.737572
v -115.960480 163.734039 -68.325195
v -115.960075 145.498779 -74.010384
v -115.960075 145.611130 -74.177765
v -115.959946 269.025726 -69.150902
v -115.959671 72.998161 -67.988197
v -115.957756 268.918579 -74.107841
v -115.957222 72.878288 -73.532295
v -115.957222 73.119080 -73.891006
v -115.951187 254.926208 -68.612762
v -115.950935 127.187225 -68.092682
v -115.948494 200.653381 -74.456421
v -115.948494 236.653442 -74.706413
v -115.944489 138.233368 -67.718849
v -115.943547 56.580342 -74.269153
v -115.943193 56.579956 -74.343984
v -115.942818 262.280579 -68.561058
v -115.938957 164.218796 -74.391281
v -115.938957 200.218735 -74.641273
v -115.937477 200.689941 -68.362022
v -115.937469 236.690002 -68.611992
v -115.934448 269.419647 -68.188629
v -115.933594 82.106659 -74.102158
v -115.929688 245.813797 -74.729561
v -115.929688 245.921432 -74.889923
v -115.927933 164.255356 -68.296875
v -115.927933 200.255295 -68.546844
v -115.924728 154.372437 -74.123688
v -115.924728 154.484787 -74.291061
v -115.924728 154.597153 -74.458435
v -115.924728 154.709503 -74.625809
v -115.921783 82.145828 -67.571533
v -115.913300 136.398438 -74.049240
v -115.899994 132.840195 -67.939972
v -115.898163 91.253792 -67.962036
v -115.891823 264.683075 -69.041924
v -115.889633 264.575897 -73.998863
v -115.879066 264.933838 -68.640968
v -115.877945 145.496811 -74.497292
v -115.876617 109.502213 -67.570465
v -115.869209 72.996582 -74.233414
v -115.854942 182.452652 -74.534134
v -115.854942 218.452652 -74.784126
v -115.852287 118.563995 -74.112877
v -115.848401 56.585861 -74.398844
v -115.841270 118.600555 -68.018517
v -115.840866 100.590057 -74.038437
v -115.838585 92.950584 -67.998039
v -115.830612 182.526245 -67.686485
v -115.818817 104.483147 -67.540466
v -115.807396 91.228012 -74.495781
v -115.805511 109.576050 -74.319107
v -115.803627 127.811737 -73.975060
v -115.794495 109.500252 -68.057373
v -115.794090 91.265053 -73.742538
v -115.792610 127.735931 -67.713326
v -115.783066 91.189255 -67.480804
v -115.782509 145.531891 -74.230949
v -115.774330 99.314690 -68.096336
v -115.771559 56.592584 -74.494139
v -115.771492 145.456085 -67.969193
v -115.770927 200.686493 -74.676994
v -115.770927 200.798843 -74.844368
v -115.770927 236.686554 -74.926987
v -115.770927 236.798904 -75.094360
v -115.766945 73.034172 -73.948006
v -115.761024 99.464081 -67.510468
v -115.758736 100.363388 -74.190590
v -115.758736 100.475746 -74.357964
v -115.756851 118.599075 -73.846535
v -115.748482 182.524277 -68.173393
v -115.745834 118.523277 -67.584801
v -115.745834 118.747986 -67.919556
v -115.736694 104.368828 -67.860001
v -115.736694 104.481186 -68.027374
v -115.721504 127.697418 -74.294586
v -115.714745 236.803619 -74.497025
v -115.711960 91.263092 -74.229439
v -115.711960 91.375443 -74.396820
v -115.710480 127.733971 -68.200226
v -115.710075 109.498772 -73.885391
v -115.710075 109.611122 -74.052773
v -115.705437 91.289803 -73.921852
v -115.704185 236.731003 -68.497681
v -115.700935 91.187286 -67.967712
v -115.700188 255.064163 -74.568245
v -115.698654 91.637184 -73.978325
v -115.698502 163.653320 -74.206429
v -115.689629 254.991531 -68.568901
v -115.688957 127.218864 -74.141289
v -115.687477 163.689880 -68.112053
v -115.677933 127.255417 -68.046906
v -115.674728 118.597115 -74.333443
v -115.667122 73.071236 -67.939148
v -115.663300 100.398468 -73.924248
v -115.655312 82.019638 -74.680908
v -115.647713 93.020744 -67.465363
v -115.627953 109.496811 -74.372299
v -115.614645 56.612043 -74.652683
v -115.605614 91.326866 -67.912987
v -115.604950 145.452652 -74.284142
v -115.590927 73.029961 -74.991524
v -115.576668 73.069649 -74.184364
v -115.559898 191.694550 -75.857040
v -115.559891 227.694580 -76.107033
v -115.553375 245.983246 -67.869865
v -115.532509 109.531883 -74.105957
v -115.530067 255.095886 -74.779572
v -115.526543 63.799492 -74.943420
v -115.521492 109.456085 -67.844223
v -115.520935 163.686432 -74.426994
v -115.520935 163.798782 -74.594376
v -115.488655 72.947151 -74.526764
v -115.466339 173.381470 -75.767372
v -115.466339 209.381439 -76.017372
v -115.448502 127.653259 -74.081436
v -115.438957 91.218925 -74.016296
v -115.437477 127.689804 -67.987076
v -115.427940 91.255478 -67.921936
v -115.415398 209.416763 -67.495819
v -115.378159 236.751068 -67.599815
v -115.354950 109.452644 -74.159149
v -115.331383 227.650665 -67.638672
v -115.309898 154.694519 -75.607040
v -115.285629 262.336975 -75.967003
v -115.261398 91.252037 -74.236862
v -115.261398 91.364388 -74.404236
v -115.216347 136.381500 -75.517380
v -115.200592 236.784180 -67.820381
v -115.170502 245.938812 -76.041351
v -115.168312 236.789505 -67.527931
v -115.145988 63.870457 -75.416130
v -115.059898 118.694489 -75.482048
v -115.020096 73.016014 -75.521233
v -115.005836 73.055710 -74.714066
v -114.966347 100.381523 -75.392380
v -114.962936 227.753937 -67.326553
v -114.906746 236.747192 -67.323715
v -114.898293 182.466858 -76.709747
v -114.898285 218.466858 -76.959747
v -114.894203 82.161575 -75.626328
v -114.828056 236.745316 -67.790215
v -114.783089 230.484024 -76.905342
v -114.775230 73.089355 -66.626114
v -114.765213 187.893173 -76.709198
v -114.756073 173.513916 -76.649643
v -114.756073 209.513885 -76.899643
v -114.751900 224.379639 -76.875450
v -114.751900 224.492004 -77.042831
v -114.736626 236.886566 -67.695404
v -114.727554 72.968689 -75.292824
v -114.718842 200.848129 -76.753639
v -114.718834 236.848190 -77.003639
v -114.709297 164.301193 -76.521118
v -114.709297 200.301132 -76.771118
v -114.704941 254.968246 -76.958817
v -114.672066 191.635406 -76.625122
v -114.672058 227.635437 -76.875122
v -114.654182 185.044586 -76.678978
v -114.645447 192.833023 -76.792389
v -114.639549 72.966583 -75.814583
v -114.625290 182.535049 -76.663979
v -114.625282 218.535049 -76.913979
v -114.615921 82.194954 -76.384445
v -114.566498 236.810654 -67.746361
v -114.551537 72.964478 -76.336342
v -114.526443 262.246704 -76.958076
v -114.513657 82.352936 -76.278397
v -114.506081 136.513947 -76.399643
v -114.498756 259.842316 -76.943703
v -114.494492 191.556168 -76.678314
v -114.494492 227.556198 -76.928314
v -114.490028 91.220116 -76.310188
v -114.484899 56.722211 -76.241189
v -114.468842 163.848068 -76.503639
v -114.459305 127.301262 -76.271126
v -114.457939 236.773041 -76.843742
v -114.449272 72.881676 -75.871582
v -114.447716 182.455811 -76.717171
v -114.447716 218.455811 -76.967171
v -114.445831 200.691620 -76.373116
v -114.445831 236.691681 -76.623116
v -114.444982 56.727385 -76.252861
v -114.443382 255.033569 -76.914963
v -114.439384 269.383881 -77.052147
v -114.436295 164.257034 -76.307968
v -114.436287 200.256973 -76.557968
v -114.425644 82.110039 -76.441444
v -114.422066 154.635376 -76.375122
v -114.411316 245.848541 -77.032425
v -114.406742 56.735427 -76.338306
v -114.400940 173.355438 -76.756020
v -114.400940 209.355408 -77.006020
v -114.384888 63.891994 -76.182198
v -114.375290 145.535049 -76.413979
v -114.370155 218.452866 -66.771736
v -114.352280 182.490875 -76.450829
v -114.352280 218.490875 -76.700829
v -114.347000 73.039658 -75.765533
v -114.321495 191.700653 -66.383949
v -114.305504 173.502869 -76.657059
v -114.305496 209.502838 -76.907059
v -114.304749 91.153893 -76.245087
v -114.277634 261.845947 -76.994453
v -114.268272 200.837082 -76.761055
v -114.268265 236.837143 -77.011055
v -114.258728 164.290146 -76.528534
v -114.258720 200.290085 -76.778534
v -114.256088 100.513977 -76.274643
v -114.247353 108.190002 -76.220673
v -114.244499 154.556137 -76.428314
v -114.221497 191.624359 -76.632538
v -114.221489 227.624390 -76.882538
v -114.218849 127.848007 -76.378639
v -114.209312 91.301323 -76.146126
v -114.197487 91.172791 -76.081779
v -114.197487 91.293182 -76.261139
v -114.196373 236.730728 -76.639526
v -114.195839 163.691559 -76.123116
v -114.194611 63.807083 -76.239189
v -114.192589 218.598328 -67.159676
v -114.187263 99.688507 -76.343163
v -114.186302 127.257095 -76.057968
v -114.181816 254.991257 -76.710747
v -114.181816 255.098907 -76.871109
v -114.174713 182.523987 -76.671394
v -114.174713 218.524002 -76.921394
v -114.172073 118.635345 -76.250122
v -114.156723 73.075142 -76.001892
v -114.156723 73.315933 -76.360603
v -114.150948 136.355469 -76.506020
v -114.149750 245.913879 -76.988571
v -114.143936 191.733765 -66.604515
v -114.143929 227.733810 -66.854477
v -114.142609 159.345612 -66.415100
v -114.133102 82.183113 -76.392387
v -114.125298 109.535042 -76.288979
v -114.102287 145.490875 -76.200829
v -114.095833 150.132919 -66.286583
v -114.094757 262.236115 -76.965179
v -114.078522 100.434738 -76.327835
v -114.068718 72.952644 -76.344292
v -114.063705 56.775396 -76.258989
v -114.026253 236.762451 -76.850853
v -114.024727 145.487946 -66.005463
v -114.020447 268.799591 -76.979126
v -114.018272 163.837021 -76.511063
v -114.016075 261.911285 -76.950600
v -114.011696 255.022995 -76.922066
v -114.010460 182.520065 -77.645210
v -114.008736 127.290207 -76.278542
v -114.007210 91.208275 -76.318130
v -114.004333 63.962963 -76.654900
v -114.001709 218.556137 -66.459618
v -114.001055 56.783478 -76.248530
v -113.996391 100.432777 -76.814735
v -113.994507 118.556107 -76.303314
v -113.971497 154.624329 -76.382538
v -113.952324 264.564575 -77.030518
v -113.945847 127.691490 -75.998123
v -113.942825 82.098198 -76.449387
v -113.936310 91.257156 -75.932976
v -113.924721 145.524002 -76.421394
v -113.914261 99.756699 -76.297386
v -113.902069 63.880157 -76.190140
v -113.876218 56.860934 -77.108781
v -113.854179 91.142845 -76.252502
v -113.852295 109.490883 -76.075829
v -113.835663 67.689430 -66.088104
v -113.813126 230.535278 -78.327713
v -113.807243 154.620407 -77.356354
v -113.805519 100.502930 -76.282059
v -113.796783 108.178955 -76.228096
v -113.777817 250.495804 -66.469093
v -113.772049 91.365585 -77.074158
v -113.769447 264.954712 -77.001244
v -113.768280 127.836960 -76.386063
v -113.766808 82.093994 -77.492912
v -113.758888 268.864929 -76.935272
v -113.758743 91.290276 -76.153542
v -113.736694 99.677460 -76.350578
v -113.721504 118.624298 -76.257538
v -113.681931 209.299210 -66.117943
v -113.674728 109.523994 -76.296394
v -113.669594 145.441818 -66.279221
v -113.646576 218.510010 -66.733376
v -113.646576 218.622360 -66.900757
v -113.642014 182.623337 -77.333092
v -113.600159 73.021500 -77.338760
v -113.578979 77.794731 -65.548965
v -113.576012 269.362732 -77.066360
v -113.555359 86.661911 -65.580757
v -113.502487 191.680527 -65.911873
v -113.497917 192.805038 -78.267944
v -113.497887 72.938698 -76.874001
v -113.408928 209.367401 -66.072174
v -113.392754 241.302078 -66.127159
v -113.363034 56.501686 -65.433233
v -113.350510 264.370422 -76.928223
v -113.337761 264.944122 -77.008347
v -113.314453 269.428040 -77.022507
v -113.301315 241.443329 -66.032341
v -113.239189 163.705765 -78.298729
v -113.226051 91.277260 -76.647858
v -113.195984 82.080048 -78.022614
v -113.182701 218.535995 -65.987541
v -113.146957 178.005554 -78.733269
v -113.135918 209.323242 -65.859016
v -113.100182 168.792831 -78.604744
v -113.079025 59.366108 -78.179550
v -113.029472 177.551971 -65.441238
v -113.026436 100.371674 -78.069717
v -112.978180 123.248154 -65.384354
v -112.956467 236.692871 -79.293068
v -112.931404 114.147850 -65.423203
v -112.898270 200.405350 -65.532570
v -112.879814 91.261086 -78.364067
v -112.871315 114.072777 -78.098831
v -112.870750 163.696671 -77.819237
v -112.827560 218.489868 -66.261299
v -112.803619 77.615166 -65.149155
v -112.791824 178.071777 -79.174400
v -112.791801 91.138588 -78.706474
v -112.778900 236.725983 -79.513634
v -112.743729 136.358627 -78.689049
v -112.659714 154.592407 -78.831902
v -112.659134 232.228165 -65.537163
v -112.624527 91.225235 -78.382332
v -112.614258 178.104889 -79.394966
v -112.610641 265.857910 -65.694489
v -112.588028 236.796143 -78.980949
v -112.587296 118.671616 -78.653702
v -112.587273 91.213760 -78.135658
v -112.562965 123.351662 -78.668480
v -112.542472 56.511546 -64.817192
v -112.527580 258.644806 -65.651375
v -112.518822 168.702301 -65.069016
v -112.511070 77.567848 -64.920746
v -112.507797 172.895935 -65.167534
v -112.507782 218.558304 -79.811913
v -112.499260 91.332054 -78.836777
v -112.493744 100.358658 -78.564041
v -112.436676 214.138000 -79.865547
v -112.433655 91.295395 -77.849648
v -112.427528 61.154411 -64.750999
v -112.423782 200.792145 -79.704758
v -112.399040 209.529785 -65.234787
v -112.389900 204.925247 -79.737022
v -112.361816 200.864029 -65.088829
v -112.358681 67.853691 -64.676979
v -112.352264 200.317032 -65.106270
v -112.338051 154.695435 -64.923500
v -112.305153 95.260117 -64.990990
v -112.210909 56.516820 -64.583096
v -112.206718 91.284729 -78.608376
v -112.193349 56.516524 -64.530703
v -112.185387 109.412834 -78.798943
v -112.185387 109.525185 -78.966316
v -112.150780 200.747986 -79.491608
v -112.086113 221.506226 -80.503838
v -112.080246 145.591415 -79.532455
v -112.068649 200.746017 -79.978516
v -112.006683 200.817902 -65.362587
v -112.006645 265.018372 -69.747322
v -111.997124 200.383255 -65.547401
v -111.937798 73.099808 -64.537712
v -111.912384 109.368675 -78.585793
v -111.904259 255.043396 -80.165039
v -111.902069 241.480667 -65.076797
v -111.849785 72.977310 -64.880119
v -111.832138 254.932465 -65.119278
v -111.828697 214.121552 -64.823265
v -111.807243 145.434906 -79.151932
v -111.783478 100.378754 -79.278923
v -111.768288 109.438591 -64.456871
v -111.734138 255.075119 -80.376366
v -111.668625 173.363708 -80.635178
v -111.665699 57.493813 -79.963621
v -111.662018 254.964188 -65.330597
v -111.662018 255.071823 -65.490959
v -111.647270 63.865383 -80.102654
v -111.645248 73.052483 -64.309311
v -111.642700 255.001083 -79.960823
v -111.621849 164.263351 -80.674034
v -111.617340 118.610512 -79.908684
v -111.617203 245.922287 -64.886742
v -111.602486 187.177765 -64.321297
v -111.602470 223.177780 -64.571259
v -111.597580 77.627228 -79.970924
v -111.596207 136.330627 -80.164597
v -111.593698 56.528271 -64.081321
v -111.557243 72.929985 -64.651711
v -111.557243 73.050377 -64.831070
v -111.555260 241.437881 -80.690987
v -111.526413 164.298431 -80.407692
v -111.508636 250.405746 -80.719307
v -111.472572 254.925156 -80.011787
v -111.472572 255.032806 -80.172150
v -111.469986 141.755463 -64.140640
v -111.439774 118.531273 -79.961876
v -111.424904 223.098541 -64.624451
v -111.423607 154.598038 -64.017708
v -111.413162 109.504814 -64.898003
v -111.376831 145.497696 -64.056564
v -111.355637 245.879974 -64.682526
v -111.334625 154.597534 -80.528023
v -111.313492 173.429947 -81.076309
v -111.306297 91.228897 -64.055092
v -111.275116 95.910400 -80.093224
v -111.253403 164.366623 -80.361916
v -111.229477 191.663788 -81.219170
v -111.199265 145.530807 -64.277130
v -111.193405 86.685768 -80.654785
v -111.193405 86.806168 -80.834137
v -111.172768 257.465149 -81.330841
v -111.150604 154.666229 -63.971935
v -111.147331 227.549500 -81.788719
v -111.145073 254.953125 -81.156113
v -111.140831 72.961517 -80.501106
v -111.135925 173.463058 -81.296883
v -111.128731 91.262009 -64.275658
v -111.123016 196.229553 -81.553482
v -111.078926 200.869888 -63.870922
v -111.069366 200.322891 -63.888355
v -111.055832 258.646179 -81.235916
v -111.038559 72.999100 -80.215698
v -111.037865 109.497192 -80.441864
v -111.021698 145.563919 -64.497696
v -111.016731 127.217285 -80.697777
v -111.016731 127.329636 -80.865158
v -110.996780 236.755630 -64.440414
v -110.970955 269.335175 -81.504616
v -110.966583 262.446869 -81.476089
v -110.951164 91.295120 -64.496223
v -110.945450 196.150314 -81.606667
v -110.943268 267.038422 -81.650612
v -110.921295 127.252365 -80.431435
v -110.907074 118.630615 -80.623573
v -110.901360 200.790649 -63.924110
v -110.901337 236.790710 -64.174065
v -110.896385 91.371452 -63.720291
v -110.891800 200.243652 -63.941547
v -110.883514 255.018448 -81.112251
v -110.879517 269.368774 -81.249443
v -110.860298 109.530312 -80.662430
v -110.851883 213.949554 -81.934395
v -110.851883 214.061905 -82.101776
v -110.839165 127.250397 -80.918343
v -110.832001 82.140984 -63.672188
v -110.819229 200.788681 -64.411018
v -110.819214 236.788742 -64.660980
v -110.809669 200.241684 -64.428459
v -110.808380 91.248955 -64.062691
v -110.776291 127.764030 -80.805283
v -110.767868 232.295822 -82.244637
v -110.743729 127.173126 -80.484627
v -110.723793 200.711411 -63.977303
v -110.680847 127.686760 -80.371567
v -110.680847 127.799110 -80.538948
v -110.669426 109.600464 -80.129745
v -110.648293 127.320557 -80.385666
v -110.618797 200.311844 -63.895771
v -110.600967 63.838028 -63.469936
v -110.598724 127.684792 -80.858475
v -110.590302 232.216583 -82.297821
v -110.580269 159.257965 -63.560413
v -110.566162 127.206238 -80.705193
v -110.546227 200.744522 -64.197868
v -110.536667 200.309875 -64.382683
v -110.534805 182.433395 -63.621296
v -110.498695 63.875618 -63.184532
v -110.486145 191.681198 -63.483475
v -110.450790 200.779602 -63.931526
v -110.449005 77.757858 -63.232159
v -110.447838 269.358185 -81.256546
v -110.417610 63.714993 -81.504471
v -110.401398 127.790520 -63.549202
v -110.390305 182.469208 -82.292450
v -110.368835 127.311966 -63.395863
v -110.357239 182.578857 -64.009239
v -110.354622 118.577866 -63.420681
v -110.311363 57.938081 -81.713743
v -110.296730 200.268402 -82.620178
v -110.271118 136.335754 -81.860718
v -110.259186 118.725296 -63.321716
v -110.246918 82.166733 -63.394730
v -110.239075 250.518295 -82.504707
v -110.235764 132.738266 -63.395309
v -110.230286 127.788055 -80.546364
v -110.209579 264.939575 -81.198532
v -110.191269 127.345078 -63.616428
v -110.188080 114.192680 -63.207977
v -110.186272 269.423523 -81.212692
v -110.184082 265.979370 -81.198425
v -110.165939 209.401917 -82.801888
v -110.156456 77.710533 -63.003754
v -110.128395 127.858711 -63.503426
v -110.119164 200.301514 -82.840744
v -110.114685 118.536400 -81.657990
v -110.094856 168.981659 -82.605499
v -110.041649 268.307831 -81.263756
v -110.012726 168.867340 -82.925034
v -109.966187 77.625618 -63.060753
v -109.963730 86.776169 -82.415306
v -109.950829 127.779472 -63.556618
v -109.925423 59.407578 -62.801502
v -109.915077 114.260872 -63.162201
v -109.911163 72.931519 -82.082283
v -109.903076 159.168396 -82.558449
v -109.899122 58.082148 -82.180725
v -109.863914 77.783607 -62.954704
v -109.846779 63.821442 -82.213539
v -109.846161 200.257355 -82.627594
v -109.844299 182.493240 -82.033524
v -109.843567 100.256546 -81.788887
v -109.843567 100.368896 -81.956268
v -109.808891 73.089500 -81.976234
v -109.797920 182.639938 -62.997066
v -109.773460 86.691261 -82.472305
v -109.773262 127.812584 -63.777184
v -109.751144 173.427216 -62.868546
v -109.751122 209.427185 -63.118500
v -109.750206 250.468460 -63.230785
v -109.739723 168.935532 -82.879265
v -109.715790 182.525620 -63.316597
v -109.687400 58.142143 -82.443604
v -109.667130 191.661072 -63.011402
v -109.667107 227.661102 -63.261356
v -109.656288 136.320770 -82.841949
v -109.650017 250.503937 -83.444809
v -109.644684 191.475357 -83.288017
v -109.609512 127.220444 -82.880806
v -109.516350 73.042175 -81.747826
v -109.506989 81.990059 -82.766136
v -109.488647 250.533798 -63.186932
v -109.467117 191.508469 -83.508583
v -109.456963 262.372101 -63.149384
v -109.430061 145.489304 -82.757317
v -109.420319 218.408096 -83.797462
v -109.418640 127.290596 -82.348122
v -109.404716 82.148041 -82.660088
v -109.393402 109.492508 -62.721127
v -109.392906 86.641830 -82.765663
v -109.381096 91.135620 -82.871231
v -109.373566 173.307739 -83.586296
v -109.371681 191.543549 -83.242241
v -109.369904 269.401642 -63.083099
v -109.369072 127.654831 -82.820923
v -109.335602 104.473442 -62.691128
v -109.334625 145.524384 -82.490982
v -109.301155 136.387009 -83.283081
v -109.297966 109.639931 -62.622162
v -109.291214 269.399780 -63.549599
v -109.278824 91.173203 -82.585831
v -109.242752 218.441208 -84.018028
v -109.241074 127.211357 -82.401314
v -109.215836 109.525620 -62.941692
v -109.195976 209.453171 -84.224266
v -109.191505 127.687950 -83.041489
v -109.153999 58.138011 -83.252560
v -109.147316 218.363937 -83.584312
v -109.111259 95.069191 -62.448421
v -109.100243 99.150429 -62.379570
v -109.097954 109.487343 -83.119202
v -109.063507 127.244469 -82.621880
v -109.051880 218.511368 -83.485344
v -109.051178 100.387039 -83.158058
v -109.018410 209.373932 -84.277451
v -109.001358 196.287888 -62.333538
v -108.986282 91.246277 -82.536781
v -108.981194 200.820526 -84.298805
v -108.977608 150.119324 -62.168221
v -108.896057 114.088142 -83.187172
v -108.874313 218.544479 -83.705917
v -108.872200 82.173012 -62.089649
v -108.865334 236.813812 -62.626621
v -108.865326 236.813812 -62.626621
v -108.862015 154.574661 -83.699692
v -108.861000 204.874390 -62.532681
v -108.859528 269.389191 -63.556705
v -108.826836 91.207489 -83.250099
v -108.823067 127.678864 -82.562004
v -108.822487 163.708130 -62.029957
v -108.815239 145.474335 -83.738548
v -108.803627 200.741287 -84.351997
v -108.789917 164.341797 -62.168983
v -108.740402 267.233704 -63.607880
v -108.729515 109.590607 -82.807091
v -108.727272 245.922928 -62.560120
v -108.712715 264.829346 -63.593506
v -108.708191 200.776367 -84.085655
v -108.705910 182.463287 -62.144466
v -108.705879 218.463287 -62.394417
v -108.705551 73.100525 -61.935501
v -108.696053 100.340912 -83.431816
v -108.695206 236.845551 -62.837944
v -108.695206 236.845551 -62.837940
v -108.659134 173.362915 -62.183319
v -108.645508 127.711975 -82.782570
v -108.610443 218.610718 -62.295452
v -108.603279 73.138115 -61.650097
v -108.591400 258.476196 -62.507889
v -108.590897 136.407104 -83.997971
v -108.573891 245.885544 -84.684006
v -108.549484 163.776306 -61.984180
v -108.542236 145.430161 -83.525398
v -108.530624 200.584778 -83.971466
v -108.525078 236.769623 -62.888905
v -108.497131 227.559753 -85.180977
v -108.467361 163.774353 -62.471088
v -108.465576 86.777458 -61.860767
v -108.458405 91.310760 -82.937988
v -108.450386 236.734131 -84.546288
v -108.438957 164.260574 -84.560608
v -108.438957 164.372925 -84.727982
v -108.434784 164.295670 -62.442745
v -108.423107 56.568345 -61.652260
v -108.413002 73.053200 -61.707092
v -108.401695 227.707184 -85.082016
v -108.358955 236.767731 -84.291115
v -108.353645 150.106293 -84.513992
v -108.350777 182.417160 -62.418224
v -108.350746 218.417160 -62.668175
v -108.312759 68.478699 -84.030586
v -108.294144 91.306831 -83.911797
v -108.255310 218.564590 -62.569210
v -108.252739 118.563591 -61.730713
v -108.252739 118.675941 -61.898087
v -108.248482 187.060181 -85.037773
v -108.248482 187.172531 -85.205154
v -108.222725 73.088684 -61.943451
v -108.194351 163.730194 -62.257938
v -108.194351 163.842545 -62.425312
v -108.184845 82.236351 -61.526791
v -108.182320 232.267807 -62.111416
v -108.165955 164.216415 -84.347458
v -108.165955 164.328766 -84.514832
v -108.150444 123.206581 -84.350105
v -108.097389 236.833069 -84.247253
v -108.086884 232.302887 -61.845070
v -108.070763 86.888123 -61.526314
v -108.040588 264.814026 -75.234718
v -108.024139 177.992935 -85.297195
v -108.020958 163.728210 -84.596291
v -108.019470 264.884064 -63.556759
v -108.017662 209.421997 -61.908005
v -107.994568 82.031044 -61.404430
v -107.977341 204.892517 -85.586082
v -107.972885 123.239700 -84.570671
v -107.966278 265.026489 -65.787338
v -107.925522 163.763290 -84.329956
v -107.908577 77.537247 -84.714447
v -107.908577 77.657639 -84.893799
v -107.892052 154.625916 -85.122055
v -107.846771 255.087952 -85.717979
v -107.845276 145.413223 -84.993530
v -107.833641 236.792603 -86.024399
v -107.804527 254.905106 -61.880970
v -107.782692 86.682800 -84.819542
v -107.772873 109.492462 -84.815315
v -107.751724 127.212547 -85.071243
v -107.704338 257.416412 -85.783310
v -107.685692 57.569977 -85.018106
v -107.676651 254.904388 -85.608582
v -107.661263 63.886070 -61.096130
v -107.656075 236.601013 -85.910210
v -107.656075 236.713364 -86.077583
v -107.634407 255.044479 -62.252655
v -107.620934 136.345993 -85.252953
v -107.588264 154.690918 -61.284622
v -107.586967 123.302742 -61.220226
v -107.540070 204.844421 -86.346748
v -107.526962 56.574604 -60.971903
v -107.515770 173.412201 -85.944122
v -107.512589 159.259842 -85.410591
v -107.502869 196.178680 -86.200722
v -107.499870 109.448296 -84.602165
v -107.485680 86.793472 -61.069500
v -107.471680 173.446060 -61.399132
v -107.469765 227.794250 -61.472404
v -107.469086 109.557472 -60.977966
v -107.433609 209.297852 -86.513687
v -107.409401 123.223503 -61.273418
v -107.396591 127.278778 -85.512375
v -107.383286 127.315819 -84.759132
v -107.362503 204.877533 -86.567322
v -107.323647 255.003326 -85.309547
v -107.304329 245.890457 -86.309044
v -107.299271 145.437256 -84.734612
v -107.291519 109.590584 -61.198532
v -107.287628 236.816635 -85.765472
v -107.277023 264.617065 -86.300034
v -107.265800 136.412231 -85.694092
v -107.262619 123.259796 -85.285553
v -107.261551 73.027405 -85.660339
v -107.196762 227.750092 -61.259254
v -107.183670 136.297913 -86.013618
v -107.162277 269.349884 -86.379730
v -107.149529 269.385376 -85.658058
v -107.134209 245.814529 -86.360008
v -107.113953 109.623695 -61.419098
v -107.047653 82.050468 -86.107834
v -107.018707 59.338631 -85.743019
v -106.947716 182.497589 -86.886497
v -106.945389 82.208450 -86.001785
v -106.923790 191.705902 -60.796158
v -106.922096 154.564804 -86.377045
v -106.913940 95.202347 -60.659492
v -106.909378 104.977982 -85.903366
v -106.900047 145.537338 -60.630840
v -106.887970 269.450714 -85.614197
v -106.875320 145.352112 -86.248520
v -106.852280 182.532654 -86.620155
v -106.849693 118.531662 -86.031441
v -106.830200 209.392776 -60.956436
v -106.829529 91.268539 -60.629379
v -106.825363 123.211708 -86.046219
v -106.818817 173.282898 -87.244881
v -106.783783 264.352875 -76.939995
v -106.783424 200.292374 -60.995293
v -106.771034 264.926575 -77.020119
v -106.768845 267.187592 -85.505013
v -106.741158 264.890869 -85.651001
v -106.741150 264.890869 -85.651001
v -106.731812 104.898743 -85.956551
v -106.722481 145.458099 -60.684032
v -106.717842 269.374786 -85.665161
v -106.692345 264.601776 -77.005539
v -106.627045 145.493179 -60.417694
v -106.605858 200.325485 -61.215858
v -106.602089 236.909592 -60.695133
v -106.587879 56.590126 -60.247906
v -106.579277 182.488495 -86.407005
v -106.576691 118.599854 -85.985664
v -106.544914 145.491211 -60.904598
v -106.506882 145.455383 -85.936409
v -106.494965 123.238441 -60.535007
v -106.474396 91.222412 -60.903137
v -106.424522 236.718002 -60.580948
v -106.416901 164.136398 -87.557495
v -106.415016 164.283356 -60.265854
v -106.407089 254.909302 -87.233620
v -106.407089 255.016937 -87.393982
v -106.399521 123.273521 -60.268669
v -106.399521 123.385872 -60.436043
v -106.350937 91.302475 -86.921997
v -106.329903 95.864670 -86.436539
v -106.327316 82.230789 -60.229660
v -106.308525 223.050339 -87.965164
v -106.305382 154.696777 -60.066727
v -106.286552 82.072006 -86.873901
v -106.283524 91.292564 -60.370457
v -106.271912 145.559402 -60.858826
v -106.246956 236.863464 -60.968891
v -106.222168 72.961929 -87.005157
v -106.213234 86.762161 -60.049828
v -106.213089 223.197769 -87.866203
v -106.202103 191.503738 -87.882065
v -106.188789 173.339569 -60.013851
v -106.160660 91.097168 -86.799644
v -106.140724 150.164627 -87.145561
v -106.105957 91.325684 -60.591022
v -106.105957 91.438034 -60.758400
v -106.069389 236.671875 -60.854706
v -106.069389 236.784225 -61.022079
v -106.059883 164.349579 -60.706989
v -106.058395 91.255150 -86.693596
v -106.048462 164.239670 -87.245384
v -106.046097 265.839905 -60.588959
v -106.034767 82.183464 -60.001251
v -105.998917 163.604034 -87.593170
v -105.964447 164.272308 -60.273270
v -105.964447 164.384659 -60.440651
v -105.938828 136.339600 -59.763908
v -105.903473 163.639114 -87.326836
v -105.903473 163.751465 -87.494209
v -105.901588 163.673706 -59.867908
v -105.883965 255.039963 -87.145905
v -105.827354 72.952194 -86.491348
v -105.808037 163.674194 -87.060486
v -105.806610 91.366608 -59.820946
v -105.753418 173.369217 -88.400909
v -105.736305 227.789062 -60.261909
v -105.729050 214.049286 -88.665733
v -105.724022 163.819183 -60.255852
v -105.722595 250.656403 -60.313206
v -105.718597 91.244110 -60.163349
v -105.706604 200.156433 -88.522430
v -105.706604 200.268799 -88.689804
v -105.690529 241.363724 -60.270306
v -105.690529 241.363724 -60.270302
v -105.689560 182.576309 -59.883446
v -105.651337 72.947983 -87.534859
v -105.651337 73.068382 -87.714218
v -105.631065 114.083412 -87.560623
v -105.630478 163.594955 -87.113678
v -105.630478 163.707306 -87.281059
v -105.616333 91.281700 -59.877945
v -105.605515 236.697861 -60.108871
v -105.586952 63.837906 -87.666115
v -105.566208 81.289169 -59.560867
v -105.547707 241.398972 -88.393532
v -105.538612 200.736557 -88.725479
v -105.533745 114.153084 -59.835457
v -105.528320 91.159195 -60.220345
v -105.524605 118.536781 -87.727554
v -105.514473 132.175644 -88.052345
v -105.511993 182.609421 -60.104012
v -105.467468 232.203949 -88.861778
v -105.452904 163.628067 -87.334251
v -105.433594 200.224640 -88.476654
v -105.432211 56.637560 -87.858998
v -105.427948 236.730988 -60.329437
v -105.426056 91.317184 -60.114296
v -105.416519 218.532150 -59.920242
v -105.398285 173.435455 -88.842041
v -105.367897 191.779938 -59.532478
v -105.358795 72.900658 -87.306458
v -105.334427 182.530182 -60.157204
v -105.274345 173.466858 -59.442810
v -105.265610 200.692383 -88.512329
v -105.259232 262.268829 -59.962044
v -105.250381 236.764099 -60.550007
v -105.238953 218.565262 -60.140808
v -105.206116 141.342209 -88.454628
v -105.141670 200.836151 -59.280472
v -105.128189 59.450058 -59.130562
v -105.117935 154.779907 -59.282539
v -105.089928 182.489685 -89.076950
v -105.002296 68.475220 -59.056305
v -104.976974 214.102753 -59.494381
v -104.964104 200.756912 -59.333664
v -104.960983 209.387329 -89.852753
v -104.959137 191.623169 -89.258659
v -104.958649 241.384613 -89.333641
v -104.930199 204.889999 -59.365860
v -104.881973 200.754944 -59.820568
v -104.854797 86.691673 -88.976357
v -104.844933 154.735748 -59.069389
v -104.816925 182.333176 -88.696419
v -104.814041 68.594025 -88.896469
v -104.788528 241.308701 -89.384605
v -104.788528 241.416336 -89.544968
v -104.786537 200.790024 -59.554230
v -104.750511 86.405151 -58.728436
v -104.742043 194.947403 -59.105843
v -104.737183 127.800949 -59.171932
v -104.728333 173.378540 -59.016510
v -104.704605 127.210037 -58.851204
v -104.608971 200.823135 -59.774796
v -104.602715 159.188889 -89.342926
v -104.559616 127.834061 -59.392498
v -104.557228 182.589035 -89.738647
v -104.527039 127.355507 -59.239143
v -104.514977 264.941345 -60.726887
v -104.513411 56.255337 -89.086744
v -104.505989 127.723412 -88.844711
v -104.478378 136.378571 -58.766571
v -104.475098 182.474716 -90.058182
v -104.464180 127.756783 -58.958782
v -104.461098 100.275070 -89.060242
v -104.459213 118.623108 -88.883568
v -104.449478 154.541931 -89.548714
v -104.431534 256.296173 -90.024567
v -104.425148 159.109650 -89.396111
v -104.409859 77.652565 -89.580322
v -104.406677 182.582169 -58.665543
v -104.378342 254.931580 -90.010086
v -104.365662 100.422501 -88.961281
v -104.344307 191.495834 -90.072510
v -104.318886 91.209839 -88.832764
v -104.318886 91.322197 -89.000137
v -104.297531 182.507828 -90.278748
v -104.286903 254.965195 -89.754906
v -104.286621 127.789902 -59.179348
v -104.284225 182.432510 -89.358124
v -104.252151 145.547089 -58.681946
v -104.246986 189.206100 -58.832253
v -104.241615 91.287979 -58.572861
v -104.234871 109.443565 -88.975616
v -104.219589 77.567657 -89.637321
v -104.187477 264.969299 -61.871212
v -104.170349 265.005737 -71.384140
v -104.139435 109.478645 -88.709282
v -104.119919 218.540939 -90.749359
v -104.093475 259.696136 -90.301117
v -104.086205 91.313370 -58.414154
v -104.074585 145.580200 -58.902512
v -104.061409 250.511108 -90.418571
v -104.059189 91.240990 -89.540230
v -104.055420 127.600014 -88.684761
v -104.051544 182.536041 -58.939301
v -104.051346 91.323456 -58.809216
v -104.047569 145.507828 -90.028702
v -104.045883 91.278030 -88.786987
v -104.035950 200.662430 -90.474792
v -104.025345 255.030518 -89.711052
v -104.004227 263.496826 -90.541283
v -103.952593 57.087190 -57.242965
v -103.940712 128.018311 -90.357422
v -103.929092 182.498749 -89.799255
v -103.911858 57.270514 -57.211358
v -103.897018 145.500961 -58.955700
v -103.883713 145.538010 -58.202454
v -103.871887 127.192841 -90.425941
v -103.870003 145.428589 -90.081886
v -103.846916 218.496780 -90.536209
v -103.846802 91.398636 -58.238403
v -103.845276 128.053391 -90.091080
v -103.839035 77.518227 -89.930672
v -103.806029 56.268767 -90.093492
v -103.776451 127.227913 -90.159599
v -103.775963 118.603233 -58.305000
v -103.758797 91.396530 -58.760162
v -103.729477 191.480865 -91.053749
v -103.706146 145.683472 -58.590397
v -103.693855 269.408813 -90.992569
v -103.681015 127.262993 -89.893265
v -103.667511 200.765701 -90.162674
v -103.666161 267.004425 -90.978195
v -103.612976 264.886322 -89.841187
v -103.602417 269.334778 -90.577026
v -103.599488 56.560970 -57.961140
v -103.595718 114.220985 -90.138992
v -103.589668 269.370239 -89.855347
v -103.587479 265.926086 -89.841080
v -103.568520 91.311623 -58.817162
v -103.501564 145.531860 -89.769775
v -103.472733 264.846130 -81.261269
v -103.466255 91.349213 -58.531761
v -103.458313 209.313217 -91.602074
v -103.454788 137.105637 -90.812889
v -103.445038 268.254547 -89.906418
v -103.408012 127.218826 -89.680115
v -103.384483 154.662369 -57.904678
v -103.374298 227.547119 -91.744926
v -103.358658 82.080879 -91.030716
v -103.358353 166.383392 -91.390656
v -103.303238 187.126801 -91.548515
v -103.264313 137.546967 -57.982277
v -103.244583 86.732651 -91.030243
v -103.232773 91.106041 -90.956459
v -103.192009 72.887993 -90.697212
v -103.192009 73.008392 -90.876564
v -103.180199 77.502174 -90.982140
v -103.158455 114.060539 -90.732285
v -103.130501 91.264023 -90.850410
v -103.127625 63.777920 -90.828461
v -103.124390 154.659409 -91.412209
v -103.087753 109.562035 -57.818596
v -103.049698 118.557800 -57.652653
v -103.049690 154.557800 -57.652664
v -103.048195 104.184143 -57.641178
v -103.021980 99.021576 -57.569160
v -103.020927 109.429321 -57.657742
v -103.020920 145.429321 -57.657749
v -103.009399 91.236420 -57.488861
v -103.009392 127.236412 -57.488865
v -102.992149 100.300842 -57.662827
v -102.992142 136.300842 -57.662834
v -102.978966 127.641876 -57.677376
v -102.978958 163.641891 -57.677383
v -102.946220 182.621140 -57.668198
v -102.946175 218.621140 -57.918137
v -102.925613 209.412552 -92.263779
v -102.900047 145.479843 -91.504250
v -102.899445 173.408417 -57.539680
v -102.899399 209.408386 -57.789612
v -102.896713 118.596016 -57.627003
v -102.896706 154.596024 -57.627014
v -102.888420 200.746796 -92.117729
v -102.878838 200.199799 -92.135254
v -102.878838 200.312149 -92.302635
v -102.875389 145.446777 -58.054199
v -102.867935 109.467529 -57.632092
v -102.865158 93.079430 -57.612274
v -102.863876 91.253876 -57.885307
v -102.863869 127.253860 -57.885315
v -102.862206 200.742645 -57.643684
v -102.862160 236.742691 -57.893616
v -102.861145 59.317509 -91.481003
v -102.852669 164.308060 -57.578537
v -102.852623 200.307999 -57.828468
v -102.846626 100.003494 -57.590309
v -102.843483 209.185883 -92.415932
v -102.839165 100.339050 -57.637177
v -102.839157 136.339050 -57.637184
v -102.837959 91.216698 -90.622002
v -102.833435 127.596375 -57.980030
v -102.833435 163.722305 -58.167625
v -102.828094 106.927559 -57.568352
v -102.821915 109.466431 -57.904942
v -102.815430 191.642273 -57.682533
v -102.815384 227.642303 -57.932472
v -102.814514 245.790054 -57.739609
v -102.808723 236.730438 -57.786743
v -102.804405 195.835892 -57.781059
v -102.804253 182.429504 -57.609627
v -102.804245 218.929489 -57.609642
v -102.800423 176.401413 -57.584663
v -102.794823 218.546066 -92.445496
v -102.786530 189.132721 -57.667534
v -102.775551 173.324020 -57.614700
v -102.775543 209.824005 -57.614716
v -102.762405 200.658966 -57.722771
v -102.762398 237.158981 -57.722778
v -102.759468 227.532135 -92.726166
v -102.750000 72.862289 -57.449661
v -102.748138 91.131714 -57.440456
v -102.743721 154.571274 -57.507568
v -102.733704 191.490692 -57.634285
v -102.733696 227.990692 -57.634296
v -102.732620 109.515907 -58.092350
v -102.726479 127.635689 -57.681530
v -102.722412 109.422028 -57.934746
v -102.721878 173.329178 -57.592873
v -102.721832 209.329147 -57.842804
v -102.709190 72.876152 -90.705154
v -102.703705 63.856129 -57.488113
v -102.701843 82.125549 -57.478912
v -102.696266 145.621140 -57.418266
v -102.685852 245.989548 -57.863026
v -102.684593 236.888168 -58.281563
v -102.676628 91.209343 -57.324783
v -102.675095 164.341171 -57.799103
v -102.675056 200.341110 -58.049038
v -102.674039 56.528873 -57.257279
v -102.666855 91.129768 -57.922325
v -102.666511 56.530018 -57.385912
v -102.649490 136.408447 -57.289749
v -102.643997 170.411438 -57.534111
v -102.639229 254.957413 -57.891342
v -102.635864 73.111694 -57.244888
v -102.630859 262.311768 -57.839638
v -102.628677 236.665649 -92.907883
v -102.627045 145.435669 -91.291107
v -102.626503 81.457603 -57.366417
v -102.622955 173.362137 -57.589119
v -102.622948 209.862122 -57.589127
v -102.622871 137.493713 -57.289635
v -102.617142 89.683113 -57.308586
v -102.613239 56.529220 -57.344397
v -102.612961 236.771133 -92.197876
v -102.612251 163.742584 -57.393745
v -102.605827 200.155640 -91.922104
v -102.605827 200.267990 -92.089485
v -102.605751 182.466507 -57.856209
v -102.602715 127.308121 -57.328602
v -102.596413 262.194305 -57.811333
v -102.594475 176.584732 -57.597313
v -102.594254 164.193848 -57.500633
v -102.594246 200.693832 -57.500645
v -102.591774 254.901031 -57.781128
v -102.591087 182.575012 -57.941959
v -102.591042 218.575012 -58.191895
v -102.588524 118.686371 -57.520821
v -102.586937 236.706055 -58.172558
v -102.586678 100.332863 -57.641335
v -102.586670 136.332855 -57.641342
v -102.585983 245.784439 -57.743370
v -102.581108 191.528809 -57.608700
v -102.581093 228.028809 -57.608711
v -102.579384 104.307220 -57.461262
v -102.579216 136.353607 -57.219238
v -102.574272 72.895065 -57.667942
v -102.574272 73.006256 -57.833588
v -102.573486 163.673904 -57.655888
v -102.572403 91.053291 -57.493095
v -102.571487 63.881226 -57.196785
v -102.565475 154.642242 -57.432602
v -102.563896 200.695984 -57.969345
v -102.563889 237.195999 -57.969357
v -102.562347 236.838120 -57.725311
v -102.559837 218.902618 -58.034821
v -102.559387 269.315613 -57.833820
v -102.557907 91.141418 -57.552628
v -102.557899 127.141411 -57.552635
v -102.552399 182.423325 -57.613777
v -102.549484 129.478638 -57.328381
v -102.547859 72.989197 -57.587288
v -102.544724 118.545418 -57.660965
v -102.544716 154.545425 -57.660976
v -102.543800 269.448975 -57.933712
v -102.542427 191.710464 -57.636761
v -102.533241 236.700729 -92.641541
v -102.526115 81.935944 -57.365906
v -102.526115 82.047134 -57.531548
v -102.515945 109.416939 -57.666054
v -102.515938 145.416931 -57.666061
v -102.515724 245.913620 -57.913986
v -102.510391 200.303070 -91.823143
v -102.509979 82.257256 -57.349987
v -102.507072 200.808868 -58.084816
v -102.506500 182.422226 -57.885937
v -102.495644 182.610092 -57.675617
v -102.495605 218.610092 -57.925552
v -102.491127 90.717781 -57.478035
v -102.483658 236.836243 -58.191811
v -102.479828 72.929779 -57.404358
v -102.469109 255.096771 -58.263027
v -102.460052 254.916824 -58.139965
v -102.457939 262.228882 -57.788116
v -102.457207 200.735199 -57.671600
v -102.449097 164.211258 -57.896088
v -102.449089 200.711243 -57.896095
v -102.448868 173.397369 -57.547096
v -102.448822 209.397339 -57.797031
v -102.446312 109.621140 -57.293335
v -102.441719 236.645462 -57.597496
v -102.441719 236.759430 -57.767288
v -102.437851 200.623398 -91.957771
v -102.437759 118.584732 -57.362465
v -102.435165 175.422668 -92.606796
v -102.434685 163.888046 -57.781689
v -102.433533 63.812424 -57.277168
v -102.428261 200.188751 -92.142670
v -102.411636 200.731583 -57.651100
v -102.411591 236.731659 -57.901031
v -102.402100 164.296997 -57.585953
v -102.402046 200.296936 -57.835884
v -102.399803 182.461441 -57.588188
v -102.399796 218.961441 -57.588200
v -102.399536 100.408485 -57.164814
v -102.396675 91.197258 -57.877026
v -102.382050 261.911041 -57.876015
v -102.364861 191.631226 -57.689949
v -102.364815 227.631256 -57.939888
v -102.362297 127.742508 -57.268814
v -102.357948 237.190918 -57.701340
v -102.357452 245.778839 -57.747131
v -102.353035 175.308350 -92.926323
v -102.352760 91.308182 -57.203667
v -102.344254 218.422653 -92.285530
v -102.343323 73.184769 -57.195839
v -102.342407 164.187683 -57.504780
v -102.342392 200.687668 -57.504791
v -102.341133 145.575012 -57.692024
v -102.329254 191.522629 -57.612846
v -102.329247 228.022629 -57.612854
v -102.315521 118.642204 -57.307671
v -102.314835 254.970200 -57.734695
v -102.309998 236.718246 -58.041229
v -102.308594 56.528369 -57.391903
v -102.306381 104.263054 -57.248116
v -102.304092 72.851357 -57.457001
v -102.300552 182.417145 -57.617920
v -102.300545 218.917145 -57.617928
v -102.296074 91.159920 -57.618134
v -102.284767 154.559982 -57.243031
v -102.281003 56.526607 -57.263688
v -102.272720 236.726929 -92.460159
v -102.272514 95.878067 -92.011780
v -102.271851 173.311661 -57.622993
v -102.271843 209.811661 -57.623005
v -102.264404 209.895172 -57.295525
v -102.260239 236.656570 -92.428383
v -102.257797 63.845192 -57.495453
v -102.255936 82.003426 -57.320606
v -102.248581 99.243988 -57.218117
v -102.247581 127.261993 -57.602356
v -102.245697 145.610092 -57.425682
v -102.235275 123.212090 -92.115784
v -102.214035 163.644073 -57.267750
v -102.198921 136.397400 -57.297165
v -102.193810 91.197510 -57.332726
v -102.188507 113.999435 -91.987259
v -102.184731 127.887978 -57.656754
v -102.171532 236.695847 -57.933121
v -102.171532 236.752823 -58.018013
v -102.161682 163.731522 -57.401165
v -102.157478 268.925903 -57.849121
v -102.153046 73.099854 -57.252834
v -102.152145 127.297066 -57.336018
v -102.146095 261.879364 -57.776436
v -102.134712 254.889816 -57.788651
v -102.133217 209.318329 -93.298203
v -102.130661 236.827545 -57.732414
v -102.124863 268.972321 -58.021053
v -102.123306 191.517548 -57.344826
v -102.120483 261.976379 -57.832161
v -102.116104 255.088074 -57.803635
v -102.115196 72.920784 -56.929832
v -102.114906 154.631195 -57.440018
v -102.114532 163.725586 -57.485146
v -102.091179 109.575012 -57.567089
v -102.089844 236.794144 -91.949806
v -102.089294 127.810699 -57.223038
v -102.088661 63.869385 -57.204735
v -102.084038 245.903046 -57.921093
v -102.082672 236.577332 -92.481575
v -102.082672 236.689682 -92.648956
v -102.070618 100.366516 -91.912376
v -102.068512 163.661530 -57.664200
v -102.049530 145.426407 -56.979424
v -102.049248 191.552216 -93.191002
v -102.049202 227.552246 -93.441063
v -102.027161 82.245415 -57.357933
v -102.011154 236.684631 -92.255943
v -101.997627 91.262054 -57.477425
v -101.995743 109.610092 -57.300751
v -101.954102 127.658623 -56.849800
v -101.948967 100.397438 -57.172234
v -101.939468 72.842369 -56.982475
v -101.939468 72.953560 -57.148117
v -101.938507 127.189095 -56.840347
v -101.902191 91.297134 -57.211082
v -101.891724 264.854980 -57.872536
v -101.873863 265.019806 -57.882805
v -101.867775 136.336136 -56.958862
v -101.864960 118.631157 -57.315086
v -101.863304 269.037659 -57.977196
v -101.857704 109.385620 -92.413612
v -101.838882 268.880127 -57.879860
v -101.827652 170.433228 -56.976635
v -101.804504 145.462418 -57.499474
v -101.798729 63.759727 -56.591698
v -101.796822 245.822006 -57.102417
v -101.785591 132.983383 -92.851616
v -101.782425 265.268677 -57.948349
v -101.763741 72.875137 -57.200756
v -101.763741 72.986328 -57.366402
v -101.760254 77.628059 -92.979019
v -101.751022 145.419113 -57.256432
v -101.740120 200.675674 -56.897278
v -101.724564 200.735229 -56.794296
v -101.719498 59.410015 -92.719772
v -101.718399 223.050735 -94.034798
v -101.711411 228.070190 -56.902359
v -101.695869 68.397591 -92.930923
v -101.669937 264.545654 -57.833878
v -101.668192 56.812533 -95.243882
v -101.658348 245.799606 -56.994308
v -101.655594 127.714294 -57.220596
v -101.646065 150.017593 -93.314110
v -101.639992 127.181808 -57.117355
v -101.638947 101.211800 -56.643166
v -101.637032 245.788086 -93.588951
v -101.634361 86.653221 -92.904762
v -101.597404 159.265350 -93.176292
v -101.550629 150.165024 -93.215149
v -101.516548 191.539200 -93.685333
v -101.516502 227.539230 -93.935387
v -101.514870 136.983429 -93.322861
v -101.493782 72.926857 -93.272850
v -101.481148 236.637665 -94.383438
v -101.469772 182.551178 -93.891563
v -101.456150 56.493794 -56.421856
v -101.442177 265.009216 -57.889915
v -101.434662 264.843781 -57.880058
v -101.418869 269.493134 -57.904068
v -101.416725 269.287598 -57.852631
v -101.399750 264.368103 -57.829918
v -101.391846 262.221649 -56.930946
v -101.352791 96.189720 -56.340790
v -101.348816 209.809860 -56.674225
v -101.343109 200.624115 -57.203320
v -101.329712 56.489633 -56.285151
v -101.327553 200.683670 -57.100334
v -101.272049 264.933289 -57.940872
v -101.242126 173.349075 -56.376465
v -101.224922 182.390656 -56.549995
v -101.224915 218.890656 -56.550007
v -101.206429 118.596390 -56.266193
v -101.196213 209.785172 -56.555084
v -101.194534 245.864166 -56.704674
v -101.177658 109.467911 -56.271282
v -101.160400 154.532333 -56.445259
v -101.148880 136.276459 -56.182583
v -101.131065 56.482317 -56.120877
v -101.114586 218.505051 -94.415382
v -101.080040 254.851120 -94.251236
v -101.060837 164.156113 -56.168839
v -101.026413 182.427673 -56.796577
v -101.019203 182.315430 -93.564224
v -101.013153 91.250259 -55.982956
v -100.986328 82.120415 -56.280952
v -100.967133 91.186203 -56.162010
v -100.948418 228.009567 -56.400208
v -100.937109 56.185778 -93.760219
v -100.936928 209.862503 -56.231743
v -100.935135 236.661697 -94.124519
v -100.927155 218.883377 -56.826317
v -100.927155 219.008987 -57.013428
v -100.913651 91.205856 -56.012760
v -100.909912 254.990494 -94.622917
v -100.895081 191.529175 -56.251320
v -100.879150 109.460617 -56.548286
v -100.874985 254.953751 -56.391121
v -100.841583 218.460892 -94.202225
v -100.813026 218.943298 -56.107529
v -100.799294 63.920422 -55.762985
v -100.774559 218.921494 -56.800728
v -100.763077 164.211639 -56.538704
v -100.714645 91.242966 -56.259964
v -100.689934 100.265182 -55.918037
v -100.652733 262.159424 -94.928314
v -100.630547 209.244217 -95.047523
v -100.618576 237.148102 -56.101524
v -100.604797 255.004135 -56.726738
v -100.589874 228.042618 -56.106598
v -100.578392 173.332748 -55.844574
v -100.556915 254.874146 -94.003159
v -100.556915 254.981796 -94.163521
v -100.553354 56.162967 -94.179760
v -100.537598 245.761276 -95.002663
v -100.515633 91.154160 -56.319572
v -100.515266 218.936035 -56.383839
v -100.495239 175.300446 -95.116776
v -100.490677 168.223175 -95.254372
v -100.483284 264.455536 -94.473000
v -100.473419 237.165512 -56.496979
v -100.470940 118.567581 -94.864670
v -100.463501 91.158005 -55.651039
v -100.460228 136.298599 -94.774330
v -100.459785 136.232071 -55.564011
v -100.459785 136.349426 -55.738846
v -100.459694 63.732121 -55.376411
v -100.459694 63.849480 -55.551247
v -100.459435 63.302223 -94.794624
v -100.457573 81.558487 -94.785431
v -100.453156 90.686363 -94.911644
v -100.452980 209.277328 -95.268089
v -100.452980 209.389679 -95.435471
v -100.452354 118.573227 -55.584679
v -100.451149 191.625519 -94.841354
v -100.451096 227.625549 -95.091415
v -100.440201 90.941116 -94.504318
v -100.440201 91.159828 -94.830139
v -100.437447 100.321953 -56.015984
v -100.437439 136.321945 -56.015995
v -100.432289 254.902740 -95.062714
v -100.429985 100.342712 -55.593887
v -100.429977 136.342712 -55.593895
v -100.429230 127.724327 -56.318054
v -100.427750 264.861481 -85.731125
v -100.426414 100.347954 -55.594315
v -100.425415 109.491508 -94.576668
v -100.424469 71.966629 -94.741142
v -100.424263 127.725952 -56.124325
v -100.424255 163.725952 -56.124332
v -100.423584 127.787140 -95.056343
v -100.423141 269.329956 -56.405647
v -100.422859 145.383759 -55.507523
v -100.422859 145.501114 -55.682358
v -100.422859 145.735840 -56.032028
v -100.422768 72.883759 -55.319923
v -100.422768 73.001114 -55.494759
v -100.422768 73.235832 -55.844421
v -100.416809 127.683746 -55.608429
v -100.416794 163.683762 -55.608437
v -100.415955 236.709747 -56.190208
v -100.415794 200.723923 -95.289406
v -100.415741 236.723984 -95.539474
v -100.415276 127.763184 -55.527954
v -100.415276 128.116730 -56.054649
v -100.415001 127.282089 -94.488220
v -100.414093 254.984314 -56.181000
v -100.411308 72.336586 -94.492805
v -100.411308 72.558807 -94.823853
v -100.409966 269.366608 -55.659988
v -100.409966 269.700287 -56.157059
v -100.409447 90.703964 -94.649132
v -100.409001 56.464316 -55.338536
v -100.408958 145.891876 -55.420052
v -100.408958 146.009247 -55.594883
v -100.408867 73.391884 -55.232452
v -100.408867 73.509239 -55.407288
v -100.408849 56.464843 -55.371613
v -100.408676 91.193474 -56.021072
v -100.408661 127.193466 -56.021080
v -100.406258 164.289337 -95.224258
v -100.406204 200.289276 -95.474327
v -100.405441 262.249420 -55.630508
v -100.404373 182.525162 -94.880211
v -100.404320 218.525162 -95.130272
v -100.403290 109.381210 -56.152130
v -100.402786 236.857635 -55.610237
v -100.401215 91.214226 -55.598976
v -100.401215 127.214218 -55.598980
v -100.399803 175.335526 -94.850433
v -100.398491 163.669037 -94.712944
v -100.397026 127.234375 -55.517120
v -100.395485 118.597473 -56.129414
v -100.395477 154.597473 -56.129417
v -100.395233 168.145905 -94.820656
v -100.392838 100.270035 -94.858902
v -100.390831 236.859848 -95.528809
v -100.389955 56.464219 -55.318846
v -100.389336 109.537910 -55.537598
v -100.388031 118.555267 -55.613518
v -100.388023 154.555267 -55.613525
v -100.386795 254.905869 -94.214485
v -100.385933 154.535446 -55.451038
v -100.385841 82.035393 -55.263443
v -100.385841 82.035393 -55.263439
v -100.383965 100.341614 -55.866737
v -100.383957 136.341599 -55.866745
v -100.381737 268.779877 -94.746254
v -100.381737 268.902344 -94.928711
v -100.381737 269.269775 -95.476074
v -100.380821 136.296692 -95.245125
v -100.379883 100.415443 -94.288673
v -100.379250 264.493774 -94.182663
v -100.379250 264.861206 -94.730026
v -100.379097 264.769623 -57.784370
v -100.378052 118.601723 -94.605438
v -100.377350 90.684540 -55.459511
v -100.377350 90.802391 -55.635071
v -100.377350 91.038094 -55.986202
v -100.377350 91.155945 -56.161766
v -100.374702 264.409546 -69.889732
v -100.373215 145.534149 -95.675072
v -100.369133 57.159031 -57.252563
v -100.369019 191.511200 -95.160889
v -100.369019 191.623566 -95.328262
v -100.368965 227.511230 -95.410950
v -100.368965 227.623596 -95.578323
v -100.367783 245.753174 -55.888084
v -100.367783 245.864395 -56.053776
v -100.366791 245.880219 -95.561150
v -100.366714 109.406029 -56.040707
v -100.366707 145.406036 -56.040714
v -100.366211 118.453316 -55.919842
v -100.366211 118.571167 -56.095406
v -100.366135 154.616714 -95.155159
v -100.365921 264.472626 -56.541641
v -100.365173 264.816284 -57.971306
v -100.365051 63.336914 -94.531235
v -100.363388 91.312645 -55.547234
v -100.363190 81.593178 -94.522034
v -100.362686 264.939301 -63.976101
v -100.360260 90.720505 -94.652412
v -100.360199 265.062317 -69.980896
v -100.360100 136.386063 -55.460636
v -100.360008 63.886120 -55.273041
v -100.359261 109.426788 -55.618607
v -100.359253 145.426788 -55.618614
v -100.357544 209.312408 -95.001755
v -100.352745 264.842957 -56.293053
v -100.348999 163.804489 -55.569386
v -100.348907 91.304382 -55.381790
v -100.348113 56.118214 -94.485535
v -100.347313 91.303322 -94.733810
v -100.345474 109.380249 -94.887665
v -100.345474 109.489601 -95.050575
v -100.342766 254.900604 -95.593491
v -100.342010 118.617126 -55.980164
v -100.342003 154.617126 -55.980171
v -100.341835 268.883118 -56.224892
v -100.341835 269.328003 -56.887650
v -100.340969 56.469179 -55.640792
v -100.340271 100.110199 -55.753914
v -100.340271 100.228043 -55.929482
v -100.340271 100.345894 -56.105042
v -100.338219 264.491913 -85.714539
v -100.337067 145.381699 -56.016129
v -100.337067 145.499069 -56.190960
v -100.336975 72.881706 -55.828522
v -100.336975 72.999062 -56.003357
v -100.335594 127.280182 -94.959023
v -100.333771 145.347122 -95.273705
v -100.332527 109.525650 -94.317444
v -100.330696 127.711929 -94.634201
v -100.330093 72.001320 -94.477753
v -100.330093 72.334648 -94.974327
v -100.329124 127.643272 -55.863121
v -100.328659 269.253448 -55.976299
v -100.328232 90.590912 -94.965134
v -100.324142 262.136261 -55.946823
v -100.324142 262.247467 -56.112511
v -100.322243 182.410843 -95.199745
v -100.322189 218.410843 -95.449806
v -100.320900 145.491562 -94.707222
v -100.320816 237.203629 -56.471390
v -100.320358 200.646652 -94.855690
v -100.320305 236.646713 -95.105751
v -100.319618 254.907822 -55.751656
v -100.319077 163.667130 -95.183739
v -100.317673 175.333572 -95.337341
v -100.316933 72.482391 -94.394936
v -100.315491 269.290131 -55.230637
v -100.315491 269.735016 -55.893398
v -100.315170 128.035675 -55.599716
v -100.315170 128.153519 -55.775276
v -100.311533 56.117743 -94.530520
v -100.311234 127.114967 -55.850891
v -100.310822 164.212067 -94.790543
v -100.310768 200.212006 -95.040604
v -100.303185 109.182304 -55.521629
v -100.303185 109.300156 -55.697197
v -100.303185 109.535851 -56.048325
v -100.300140 154.533386 -55.959641
v -100.300049 82.033340 -55.772041
v -100.299950 100.304176 -94.599670
v -100.298119 118.599808 -95.079346
v -100.297791 264.434021 -57.769306
v -100.297188 264.367554 -77.063957
v -100.288544 136.330612 -94.987602
v -100.286789 236.775604 -95.056023
v -100.286720 154.614807 -95.625961
v -100.284622 264.359467 -56.857956
v -100.283829 63.334969 -95.012749
v -100.282684 264.897827 -76.972672
v -100.282684 264.897827 -76.972664
v -100.281967 81.591232 -95.003555
v -100.277267 245.755600 -95.909470
v -100.275650 264.446716 -57.954712
v -100.275215 264.776978 -94.257233
v -100.274307 136.384018 -55.969238
v -100.274216 63.884068 -55.781639
v -100.273849 154.541992 -94.735794
v -100.273315 245.787903 -55.624428
v -100.273163 264.569733 -63.959511
v -100.271446 264.841003 -56.775055
v -100.266106 118.607956 -55.816032
v -100.264122 72.896866 -94.854019
v -100.263214 163.685074 -55.903152
v -100.263199 269.225922 -94.182175
v -100.263123 91.184975 -55.715553
v -100.262756 245.795990 -95.088364
v -100.262756 245.918457 -95.270813
v -100.260925 154.670288 -95.692993
v -100.258217 261.878479 -94.879539
v -100.258217 262.123413 -95.244446
v -100.258217 262.245911 -95.426903
v -100.254425 91.228111 -94.311676
v -100.248871 71.999374 -94.959274
v -100.247068 56.094460 -94.911742
v -100.240158 100.146988 -55.474545
v -100.235985 264.803986 -94.548836
v -100.233795 261.898041 -95.336380
v -100.226234 82.044525 -94.437363
v -100.223953 72.948418 -55.950157
v -100.222092 91.217842 -55.940956
v -100.220016 100.411621 -95.236488
v -100.217049 264.335327 -76.951767
v -100.213593 164.157898 -55.526138
v -100.211114 56.094566 -94.956271
v -100.210312 209.298538 -95.211929
v -100.210274 172.798569 -94.961884
v -100.209877 209.732010 -55.501610
v -100.209877 209.849365 -55.676441
v -100.209526 56.801781 -61.688766
v -100.209129 136.220078 -95.296555
v -100.207108 136.391190 -95.661728
v -100.204300 264.909058 -77.031891
v -100.202614 91.272896 -95.007225
v -100.202446 191.573273 -55.459778
v -100.201202 154.625488 -94.591293
v -100.200745 81.478180 -95.319550
v -100.199921 269.323395 -93.841316
v -100.198517 128.975433 -94.570816
v -100.197350 245.824722 -95.425308
v -100.195183 264.395447 -56.949532
v -100.194839 56.323341 -95.312080
v -100.185471 63.946880 -94.357475
v -100.185432 191.574554 -56.085152
v -100.185425 228.074554 -56.085159
v -100.180573 56.844620 -95.222343
v -100.180126 56.471327 -55.494328
v -100.177994 191.595245 -55.664116
v -100.177986 228.095261 -55.664124
v -100.177658 63.831066 -55.822968
v -100.176506 173.347900 -55.469421
v -100.176476 137.137939 -94.433105
v -100.175797 82.100487 -55.813763
v -100.175401 56.095007 -95.000505
v -100.174934 264.850708 -56.397633
v -100.174423 264.873322 -85.662773
v -100.172951 218.883759 -55.445122
v -100.172951 219.001114 -55.619957
v -100.172951 219.235840 -55.969624
v -100.170502 268.801056 -56.455154
v -100.168686 262.121277 -95.775223
v -100.165855 163.723862 -95.039345
v -100.165367 200.763290 -55.403057
v -100.165085 200.281998 -94.925819
v -100.165047 163.782043 -94.675774
v -100.163750 269.389709 -56.922050
v -100.163261 218.457657 -95.402344
v -100.163223 181.957657 -95.152298
v -100.161850 72.934456 -94.568619
v -100.159866 264.511383 -57.991463
v -100.159050 219.391891 -55.357643
v -100.159050 219.509247 -55.532478
v -100.157867 127.634804 -94.685974
v -100.157295 264.479156 -94.534256
v -100.156738 182.469070 -56.090225
v -100.156723 218.969070 -56.090233
v -100.156311 127.289406 -94.974197
v -100.154427 145.525162 -94.630150
v -100.153526 264.850342 -57.875648
v -100.152534 236.782822 -94.981453
v -100.152367 261.944275 -56.255104
v -100.150726 254.900223 -95.613983
v -100.150711 127.297195 -95.615532
v -100.149292 182.426971 -55.575630
v -100.149292 218.926971 -55.575638
v -100.148636 163.806412 -95.710907
v -100.148575 236.669128 -95.150543
v -100.148537 200.169083 -94.900497
v -100.147118 200.734268 -55.454720
v -100.147118 264.977448 -57.911232
v -100.146736 268.819977 -95.109726
v -100.144547 264.729950 -94.133301
v -100.143837 254.940598 -55.970001
v -100.142792 200.679764 -95.076256
v -100.142738 236.679825 -95.326317
v -100.142738 264.547821 -67.504387
v -100.142357 261.931671 -95.081200
v -100.142357 262.254608 -95.562286
v -100.140984 254.954727 -56.267311
v -100.140030 264.545990 -56.602177
v -100.139427 182.537918 -55.412697
v -100.138870 262.209808 -55.830574
v -100.138229 81.922028 -94.779770
v -100.138229 82.042419 -94.959122
v -100.138222 56.759460 -57.294235
v -100.137978 255.043365 -95.052666
v -100.137794 57.084091 -92.980209
v -100.136024 228.035492 -55.388634
v -100.135185 245.838135 -56.229553
v -100.134232 254.916534 -55.800365
v -100.133255 164.132828 -94.843735
v -100.133202 200.132767 -95.093796
v -100.132088 191.594147 -55.936279
v -100.132080 228.094162 -55.936287
v -100.131045 56.143176 -94.316807
v -100.130905 209.296646 -95.682724
v -100.130859 172.796661 -95.432678
v -100.129990 265.013885 -67.424156
v -100.129501 72.871948 -55.520927
v -100.129395 236.721558 -56.191795
v -100.128433 57.363529 -81.084846
v -100.128433 245.799942 -55.762604
v -100.128036 173.300781 -56.001740
v -100.128021 209.800781 -56.001755
v -100.127640 91.141365 -55.511726
v -100.127441 163.684433 -55.334610
v -100.127441 163.802277 -55.510174
v -100.127441 164.037979 -55.861305
v -100.127441 164.155838 -56.036873
v -100.125290 118.632034 -95.294022
v -100.123962 57.280731 -57.204498
v -100.123199 109.034149 -95.487587
v -100.122643 236.683350 -55.724846
v -100.122480 56.473460 -55.775080
v -100.122093 268.818848 -56.320061
v -100.121239 269.213867 -94.147453
v -100.121239 269.321533 -94.307816
v -100.121239 269.536804 -94.628540
v -100.120598 173.321487 -55.580704
v -100.120590 209.821487 -55.580715
v -100.119080 154.511169 -94.910820
v -100.119080 154.623535 -95.078201
v -100.118622 264.374664 -57.825512
v -100.118294 127.739418 -55.979233
v -100.118286 163.739426 -55.979240
v -100.116928 109.452736 -56.104118
v -100.116394 128.861115 -94.890350
v -100.116302 191.453369 -55.794945
v -100.116302 191.571213 -55.970512
v -100.116211 227.508118 -95.430923
v -100.116211 227.616760 -95.592758
v -100.116173 191.008102 -95.180878
v -100.116173 191.116730 -95.342712
v -100.114883 200.635742 -56.109810
v -100.114876 237.135742 -56.109818
v -100.114174 57.884804 -80.995110
v -100.113487 164.312546 -55.422333
v -100.110191 209.886017 -55.398232
v -100.108482 269.787598 -94.227585
v -100.108231 63.367718 -95.230881
v -100.107445 200.656433 -55.688770
v -100.107437 237.156448 -55.688782
v -100.107254 57.080158 -61.762074
v -100.105911 245.750687 -95.009766
v -100.102974 109.491592 -55.314018
v -100.102707 91.206940 -55.875977
v -100.102699 127.206924 -55.875984
v -100.101845 269.331116 -55.853058
v -100.100342 91.190086 -94.542465
v -100.099335 164.195312 -56.006817
v -100.099327 200.695297 -56.006828
v -100.099091 237.304596 -55.506985
v -100.097466 63.824379 -94.699875
v -100.097466 63.944775 -94.879227
v -100.097214 262.208801 -56.077538
v -100.095734 264.548492 -85.648193
v -100.094818 145.527328 -95.679657
v -100.094345 137.135986 -94.920013
v -100.093231 236.689224 -95.114006
v -100.091896 164.216003 -55.585777
v -100.091888 200.716003 -55.585789
v -100.091621 264.848724 -56.891556
v -100.090363 173.227997 -55.804585
v -100.087158 218.881699 -55.953728
v -100.087158 218.999069 -56.128559
v -100.086777 245.855927 -56.094467
v -100.085670 200.280090 -95.396622
v -100.085632 163.780136 -95.146568
v -100.083847 218.347122 -95.711304
v -100.083809 181.847122 -95.461258
v -100.083214 63.754593 -55.393742
v -100.081345 82.024010 -55.384537
v -100.079216 200.761230 -55.913788
v -100.074684 173.320389 -55.852867
v -100.074677 209.820389 -55.852875
v -100.073853 236.780945 -95.447952
v -100.072296 145.410843 -94.949677
v -100.070984 218.382935 -94.982979
v -100.070984 218.491562 -95.144814
v -100.070946 181.882935 -94.732933
v -100.070946 181.991562 -94.894768
v -100.070412 163.646591 -94.605629
v -100.069160 236.667221 -95.621338
v -100.069122 200.167175 -95.371292
v -100.067299 127.264259 -95.551712
v -100.065857 264.405121 -94.118713
v -100.065479 57.198063 -77.013658
v -100.061325 200.614868 -55.788490
v -100.060875 127.212135 -94.540482
v -100.060745 109.419495 -55.895615
v -100.060738 145.419495 -55.895622
v -100.056243 56.117585 -94.759139
v -100.055298 269.284149 -95.495995
v -100.055115 163.624435 -94.977646
v -100.053276 182.535858 -55.923424
v -100.051903 145.335571 -55.793480
v -100.051811 72.835579 -55.605881
v -100.051224 236.811981 -55.881233
v -100.050232 228.033447 -55.897240
v -100.049789 56.720802 -92.963898
v -100.049240 182.366669 -94.986588
v -100.049187 218.366684 -95.236656
v -100.048996 182.054733 -95.768021
v -100.046417 191.191269 -95.649384
v -100.045775 56.471359 -55.424835
v -100.042979 56.114845 -94.810952
v -100.042877 57.601688 -76.241859
v -100.042837 56.113001 -94.838419
v -100.042770 127.714798 -55.815109
v -100.042549 269.319641 -94.774315
v -100.038620 209.330566 -95.425194
v -100.038582 172.830582 -95.175148
v -100.038422 136.433334 -95.633453
v -100.036758 191.114838 -95.813507
v -100.026070 127.186195 -55.803078
v -100.024399 209.883957 -55.906837
v -100.023933 227.542038 -95.173393
v -100.023895 191.042007 -94.923347
v -100.016830 109.371681 -55.649181
v -100.013306 237.185181 -55.840752
v -100.010910 118.170273 -95.505508
v -99.990883 91.146408 -55.658821
v -99.990387 145.411148 -95.700241
v -99.990250 173.382629 -55.700779
v -99.986877 109.480759 -94.583893
v -99.982529 154.663452 -95.697571
v -99.978889 72.400146 -95.410583
v -99.978050 163.756302 -55.855339
v -99.977959 91.256203 -55.667740
v -99.977516 145.446960 -94.971916
v -99.977020 90.656403 -95.401382
v -99.976883 145.570663 -95.350525
v -99.975121 262.157379 -96.015663
v -99.965729 72.436775 -94.665665
v -99.965729 72.547882 -94.831184
v -99.963860 90.693039 -94.656464
v -99.959213 209.328659 -95.895996
v -99.959167 172.828690 -95.645950
v -99.957092 99.891205 -95.474251
v -99.955635 254.972794 -96.074371
v -99.953773 72.904716 -55.739212
v -99.953140 100.277420 -94.642906
v -99.953140 100.389778 -94.810280
v -99.952469 118.554909 -95.345787
v -99.952217 145.489578 -55.690105
v -99.952126 72.989578 -55.502506
v -99.951263 118.625458 -94.466232
v -99.944519 227.648773 -95.806030
v -99.941132 254.890701 -95.070801
v -99.935951 163.825119 -95.675400
v -99.932625 63.400463 -95.449005
v -99.930763 81.656731 -95.439812
v -99.921722 91.147156 -95.311264
v -99.915909 127.723801 -94.914276
v -99.912796 127.233688 -95.694519
v -99.910065 91.105171 -94.599457
v -99.908775 91.292572 -94.741035
v -99.906372 91.289467 -94.849136
v -99.905106 127.665123 -95.374557
v -99.904480 109.525154 -94.505081
v -99.901199 118.121315 -95.538368
v -99.900696 90.797211 -95.428047
v -99.899933 127.160866 -94.804352
v -99.895542 56.096532 -95.347113
v -99.892853 163.679703 -94.826195
v -99.883308 127.132889 -94.593674
v -99.883003 200.207916 -95.761574
v -99.881035 154.661026 -96.299263
v -99.879929 182.096970 -95.739670
v -99.874359 100.257370 -95.340027
v -99.870239 163.799591 -95.715492
v -99.869308 73.007523 -94.519569
v -99.869133 118.511147 -94.785759
v -99.869133 118.623497 -94.953133
v -99.867165 145.521713 -95.383392
v -99.865746 136.284103 -95.723099
v -99.864044 254.966919 -56.135986
v -99.860466 56.098550 -95.357893
v -99.857712 100.312500 -94.376564
v -99.856514 127.631683 -55.870903
v -99.852455 236.733734 -56.060471
v -99.851540 182.482498 -55.945496
v -99.851532 218.982498 -55.945503
v -99.851059 154.604126 -95.633133
v -99.850853 228.106720 -55.340820
v -99.844803 109.027321 -95.492172
v -99.830574 109.406410 -55.880539
v -99.827003 109.367584 -95.368790
v -99.824646 145.497604 -96.149643
v -99.823410 172.982162 -95.693359
v -99.822357 109.410835 -94.824615
v -99.820473 127.646530 -94.480560
v -99.817345 236.764313 -95.739159
v -99.816422 145.520493 -95.684235
v -99.813843 154.705582 -95.669289
v -99.813347 127.242622 -95.352135
v -99.812286 236.738632 -95.243736
v -99.811272 163.751831 -95.447510
v -99.810928 91.212196 -94.415421
v -99.810135 236.723175 -95.885216
v -99.809685 200.649170 -55.965080
v -99.809677 237.149170 -55.965088
v -99.805191 236.624527 -95.415237
v -99.805153 200.124481 -95.165192
v -99.804008 163.654541 -95.661713
v -99.801994 218.835571 -55.731079
v -99.801048 269.255585 -96.014938
v -99.799301 145.366684 -94.736526
v -99.797729 254.891525 -95.154594
v -99.794136 164.208740 -55.862087
v -99.794128 200.708725 -55.862099
v -99.792854 200.714905 -55.690208
v -99.788414 99.933334 -95.445969
v -99.786102 245.866028 -96.100014
v -99.781403 255.062653 -95.890755
v -99.779640 118.477791 -95.397560
v -99.776184 91.095718 -55.782646
v -99.776161 200.686096 -55.740677
v -99.773468 136.426666 -95.627403
v -99.767380 191.184418 -95.653976
v -99.766914 182.489532 -55.699848
v -99.761719 182.140411 -95.409790
v -99.760948 227.670303 -95.692955
v -99.757027 63.322102 -95.501602
v -99.755287 262.357941 -95.915787
v -99.755165 81.578369 -95.492409
v -99.740974 164.146301 -55.533920
v -99.740974 164.264160 -55.709488
v -99.740471 218.411148 -96.137848
v -99.740425 181.911148 -95.887794
v -99.730469 109.443207 -55.601166
v -99.728134 237.256409 -55.792938
v -99.727600 218.446960 -95.409515
v -99.727562 181.946960 -95.159470
v -99.726868 109.070671 -95.163040
v -99.718002 163.726517 -96.514618
v -99.717506 136.402405 -96.404289
v -99.713440 172.933090 -95.726303
v -99.707138 209.391174 -95.661697
v -99.703636 127.332504 -95.591835
v -99.702301 218.989578 -55.627701
v -99.701538 100.180244 -95.391800
v -99.682922 269.462341 -95.932243
v -99.680496 81.680473 -95.229553
v -99.679367 154.527512 -95.684563
v -99.677528 262.231720 -95.965767
v -99.671570 263.726532 -95.954185
v -99.670975 127.300781 -95.227165
v -99.669830 236.798981 -95.845245
v -99.662880 200.233597 -96.132118
v -99.662842 163.733643 -95.882065
v -99.660217 257.927460 -95.881874
v -99.658035 254.924652 -95.842010
v -99.657417 191.135345 -95.686920
v -99.651756 182.091339 -95.442726
v -99.650742 200.297165 -95.615494
v -99.650314 136.377533 -95.670898
v -99.650009 200.160767 -95.241951
v -99.649971 163.660828 -94.991905
v -99.647743 145.562637 -95.655952
v -99.642906 127.679642 -94.701134
v -99.641157 56.122599 -95.200559
v -99.639389 127.622139 -95.167099
v -99.635323 218.480881 -95.151985
v -99.635284 181.980881 -94.901939
v -99.634140 145.511002 -95.398453
v -99.633408 90.736938 -95.258156
v -99.633362 91.132957 -94.468613
v -99.627670 255.101044 -95.864975
v -99.626073 56.121120 -95.258913
v -99.620224 127.299568 -95.528008
v -99.617157 109.021713 -95.195908
v -99.615829 209.284058 -96.160698
v -99.615784 172.784088 -95.910645
v -99.614525 72.502266 -95.101913
v -99.612656 90.758530 -95.092720
v -99.608732 56.124657 -95.210299
v -99.602852 63.490875 -95.223824
v -99.601135 227.604172 -96.070732
v -99.601097 191.104156 -95.820679
v -99.600899 182.090118 -95.744263
v -99.598755 245.927704 -95.870087
v -99.595734 200.293610 -95.403343
v -99.594849 218.527328 -95.679619
v -99.566406 109.020500 -95.496750
v -99.563835 118.205582 -95.481804
v -99.563339 90.742638 -95.164650
v -99.563126 91.247673 -95.007477
v -99.561287 109.324600 -95.161331
v -99.556549 127.224899 -95.230888
v -99.555771 72.547340 -95.252426
v -99.554085 236.654648 -96.099304
v -99.554047 200.154602 -95.849258
v -99.551895 154.652985 -96.604698
v -99.549355 109.366676 -94.611465
v -99.544868 200.292389 -95.704880
v -99.540039 163.611847 -95.455612
v -99.538712 163.861725 -95.350113
v -99.538452 209.433304 -95.633415
v -99.538025 145.583084 -95.792236
v -99.533302 72.389214 -95.417915
v -99.531441 90.645477 -95.408714
v -99.528755 237.212341 -55.061684
v -99.523544 209.426620 -96.065002
v -99.523506 172.926636 -95.814957
v -99.523384 63.380268 -95.532990
v -99.517960 268.799652 -96.056328
v -99.515465 264.880981 -96.040100
v -99.513924 118.544159 -95.353012
v -99.512535 236.675049 -95.652863
v -99.509056 262.014526 -95.872864
v -99.508682 81.603806 -95.281021
v -99.508682 81.821220 -95.604912
v -99.505355 56.125314 -95.364434
v -99.498077 136.373901 -96.573441
v -99.488510 245.940369 -96.050110
v -99.487854 163.860519 -95.651649
v -99.487045 63.389538 -95.456337
v -99.485184 81.645805 -95.447144
v -99.483185 91.136406 -95.318481
v -99.482559 227.663467 -95.697540
v -99.477135 127.223000 -95.701691
v -99.467499 99.902405 -96.216805
v -99.466568 127.654373 -95.381775
v -99.464478 254.960754 -96.082451
v -99.462448 145.543015 -95.611725
v -99.453629 90.832520 -95.404350
v -99.452515 245.945251 -96.268494
v -99.445732 191.223007 -96.530235
v -99.445015 245.966110 -95.844315
v -99.435822 100.246613 -95.347244
v -99.434410 172.926239 -95.730896
v -99.431831 182.132355 -95.715919
v -99.431046 63.414207 -95.275291
v -99.430084 136.273422 -95.730263
v -99.429443 227.527557 -96.122162
v -99.429405 191.027527 -95.872116
v -99.421013 236.800827 -95.414612
v -99.420189 255.095932 -95.594963
v -99.415398 154.593445 -95.640305
v -99.411598 118.132523 -96.280930
v -99.400307 99.877548 -95.483414
v -99.397728 109.062630 -95.468468
v -99.394432 261.898254 -96.189606
v -99.392288 200.219162 -96.505829
v -99.390442 268.991272 -95.975006
v -99.388466 109.356827 -95.376015
v -99.387863 264.942596 -95.958237
v -99.385788 145.579453 -96.694778
v -99.384216 218.511002 -95.836052
v -99.384178 182.011002 -95.586006
v -99.373940 255.094833 -95.869156
v -99.370270 236.799622 -95.715454
v -99.368347 163.643860 -95.668884
v -99.367195 218.521713 -95.383354
v -99.355316 262.052917 -95.847084
v -99.329201 269.411499 -95.966370
v -99.324677 56.526157 -54.419114
v -99.321671 163.763046 -96.190071
v -99.320198 255.051315 -95.624916
v -99.318970 236.711136 -95.893303
v -99.316452 218.520493 -95.684196
v -99.313873 227.705612 -95.669250
v -99.313377 200.242584 -95.352097
v -99.308617 236.832260 -95.549454
v -99.306625 200.224808 -95.668488
v -99.306587 163.724854 -95.418442
v -99.304497 72.577477 -95.936943
v -99.291626 72.504608 -95.046188
v -99.290115 236.611938 -95.893211
v -99.290077 200.111893 -95.643158
v -99.289885 56.127352 -95.685336
v -99.281227 127.368568 -97.067780
v -99.279243 182.059128 -96.516869
v -99.276924 90.836861 -94.956161
v -99.257416 81.742653 -96.127487
v -99.255710 56.152033 -95.216419
v -99.244545 81.669785 -95.236732
v -99.232376 264.425018 -96.081482
v -99.227219 200.222900 -96.139290
v -99.227173 163.722961 -95.889236
v -99.223610 236.872467 -96.616272
v -99.214958 218.518066 -96.285889
v -99.212524 218.543015 -96.049324
v -99.212486 182.043015 -95.799278
v -99.197456 90.726250 -95.265327
v -99.191673 90.779915 -96.339752
v -99.180161 209.273376 -96.167870
v -99.180130 172.773407 -95.917816
v -99.174942 191.193222 -97.001305
v -99.173950 255.005585 -95.929062
v -99.171860 172.943100 -96.772095
v -99.167969 269.723816 -95.893433
v -99.165474 227.593491 -96.077904
v -99.165436 191.093460 -95.827850
v -99.162376 236.786530 -95.853607
v -99.147766 218.562637 -95.655914
v -99.141632 264.599152 -95.915314
v -99.138351 99.963791 -96.625656
v -99.119820 72.536652 -95.259598
v -99.118423 236.643951 -96.106476
v -99.118385 200.143921 -95.856430
v -99.105011 200.304840 -96.147598
v -99.049347 236.768692 -96.486298
v -99.048431 145.524872 -96.431374
v -99.038811 264.338654 -96.139465
v -99.031715 118.123260 -96.887207
v -99.024307 264.868927 -96.048180
v -99.012283 269.317871 -95.973122
v -99.001183 227.582367 -96.802094
v -98.991974 182.144806 -96.158638
v -98.975319 109.029274 -96.841003
v -98.952583 154.754074 -97.586952
v -98.948013 72.568687 -95.473015
v -98.941650 264.446655 -95.880966
v -98.934601 86.693306 -54.165649
v -98.921738 269.443665 -95.944771
v -98.919426 127.259384 -96.905121
v -98.906754 200.821106 -54.635586
v -98.898766 136.474991 -97.555695
v -98.893875 182.507263 -54.414574
v -98.893745 264.864929 -88.110832
v -98.880409 264.930145 -95.966591
v -98.871841 77.695663 -54.118763
v -98.866730 90.754486 -96.420959
v -98.862396 236.842468 -96.226227
v -98.860504 269.863892 -95.936142
v -98.841965 173.004623 -97.181877
v -98.820969 200.701706 -54.969353
v -98.818626 218.554596 -95.961349
v -98.795349 90.816437 -96.015205
v -98.788528 182.070358 -97.261124
v -98.775185 127.286713 -96.672684
v -98.774384 90.788422 -96.163261
v -98.711990 236.714111 -96.222900
v -98.668007 269.437439 -95.948944
v -98.656158 168.872131 -54.144375
v -98.626022 145.560944 -97.907326
v -98.625114 191.226166 -97.580620
v -98.619080 178.062134 -54.087654
v -98.613068 227.665421 -97.046371
v -98.602577 90.711754 -96.214729
v -98.596596 104.623444 -54.252388
v -98.560356 182.064728 -96.964180
v -98.559258 209.525146 -97.221954
v -98.523094 127.295906 -96.580582
v -98.512077 172.996567 -97.488007
v -98.510239 90.745697 -95.957031
v -98.510239 90.854401 -96.118973
v -98.469276 109.016838 -96.549316
v -98.386879 57.266865 -57.180180
v -98.350693 163.831985 -98.244011
v -98.347740 118.639305 -54.266960
v -98.338432 90.777740 -96.170441
v -98.327003 145.449570 -54.195290
v -98.318924 81.683533 -97.341766
v -98.301590 150.103439 -53.861061
v -98.301086 56.912743 -57.164284
v -98.299957 163.761353 -98.441437
v -98.294731 163.831467 -97.776169
v -98.289085 209.426010 -97.588524
v -98.264664 159.255127 -53.804573
v -98.260544 269.469635 -95.927345
v -98.226585 81.717468 -97.084061
v -98.206352 245.914825 -97.656151
v -98.119980 145.548492 -97.615646
v -98.080460 172.916489 -98.293549
v -98.074020 250.552643 -53.868130
v -98.067078 218.582611 -97.742729
v -98.027718 241.432724 -53.740906
v -98.013336 163.777405 -97.980614
v -98.008423 264.718903 -69.946747
v -97.932938 263.641937 -98.198547
v -97.921379 268.268005 -69.946388
v -97.904045 227.717545 -98.061493
v -97.903625 163.797867 -98.116898
v -97.897491 163.868073 -97.450882
v -97.851944 241.354279 -53.793560
v -97.839432 218.576996 -97.446465
v -97.804703 154.679779 -98.836952
v -97.799484 209.437210 -98.331085
v -97.793907 163.818329 -98.253174
v -97.753647 191.158554 -98.828888
v -97.747986 182.114532 -98.584694
v -97.727821 268.181610 -70.004372
v -97.725868 63.481339 -97.814316
v -97.710823 264.793213 -69.896851
v -97.696968 169.005661 -53.545395
v -97.668419 68.513512 -53.181293
v -97.666389 200.673233 -53.466785
v -97.641098 200.315582 -98.846848
v -97.610596 99.949654 -98.585342
v -97.605659 59.398518 -52.959572
v -97.557274 109.064102 -98.767822
v -97.557213 73.047943 -53.180832
v -97.554695 118.179771 -98.649460
v -97.534538 154.719482 -99.410362
v -97.531464 136.441605 -99.078255
v -97.512276 264.830383 -81.781975
v -97.506981 72.569839 -98.056328
v -97.459900 81.735016 -98.246872
v -97.409851 182.059845 -98.320694
v -97.408745 136.196121 -53.305630
v -97.368431 145.507111 -99.293602
v -97.334808 81.999451 -53.005074
v -97.313789 191.170990 -99.271606
v -97.304237 200.355621 -98.726593
v -97.296013 200.378510 -98.261185
v -97.289085 255.065079 -98.760338
v -97.242836 72.527115 -97.850090
v -97.213867 114.055237 -53.269306
v -97.186302 200.329544 -98.294052
v -97.186264 72.999763 -53.466782
v -97.160942 109.100624 -98.443283
v -97.150497 72.669762 -97.754341
v -97.150192 187.020538 -52.913036
v -97.149887 172.940170 -99.480522
v -97.133896 200.303116 -98.554497
v -97.113754 114.092033 -52.989937
v -97.081818 145.592590 -98.936195
v -97.081604 255.059967 -98.490318
v -97.076256 100.147690 -52.927353
v -97.071030 72.559151 -98.063507
v -97.042999 191.141220 -99.742676
v -97.041862 136.452820 -99.820816
v -97.031487 209.441589 -99.078224
v -97.017624 200.371674 -98.265762
v -97.013931 245.991196 -99.382309
v -97.012581 173.466461 -53.097775
v -97.011284 99.981323 -99.464180
v -96.959183 63.498886 -98.977127
v -96.927505 114.008919 -53.045731
v -96.926857 196.245270 -53.087669
v -96.907906 200.392136 -98.402046
v -96.901566 95.665802 -52.879803
v -96.868454 218.576523 -99.396996
v -96.817413 182.068634 -99.668022
v -96.787376 63.422218 -99.028587
v -96.785477 205.423462 -52.814278
v -96.776062 150.144135 -52.819286
v -96.763969 163.839523 -100.039139
v -96.763306 164.230133 -52.930916
v -96.748543 214.575195 -52.757793
v -96.705421 227.642044 -99.612343
v -96.670502 262.324860 -99.766273
v -96.662476 163.767685 -100.537415
v -96.661980 136.443558 -100.427086
v -96.606087 154.673691 -100.491211
v -96.605591 127.280144 -100.277466
v -96.605591 127.349564 -100.380882
v -96.600861 209.431122 -99.985352
v -96.600555 200.290192 -100.066765
v -96.595284 163.812241 -99.907440
v -96.593132 236.847610 -99.733681
v -96.585045 236.829163 -99.789993
v -96.577049 164.264862 -53.162277
v -96.549690 145.579681 -100.445007
v -96.544540 163.811020 -100.208282
v -96.531090 218.521957 -99.133591
v -96.492393 127.705971 -52.764965
v -96.490593 200.241119 -100.099701
v -96.487656 127.323486 -99.948341
v -96.479279 182.013947 -99.404022
v -96.450638 269.343475 -53.752739
v -96.436905 127.322273 -100.249184
v -96.435249 227.681747 -100.185753
v -96.434830 163.831482 -100.344566
v -96.421471 245.955673 -100.363220
v -96.412468 127.267670 -100.349922
v -96.411972 99.943565 -100.239601
v -96.401176 109.082115 -99.655830
v -96.393417 264.819794 -54.385803
v -96.390793 127.214050 -52.487427
v -96.385796 181.988571 -100.473564
v -96.383209 191.194672 -100.458588
v -96.382721 163.738449 -100.244354
v -96.382721 163.808029 -100.348007
v -96.380630 200.261627 -100.236298
v -96.380249 264.856476 -53.640144
v -96.374474 163.761398 -99.777878
v -96.372844 56.391085 -99.305241
v -96.372787 145.575287 -99.847900
v -96.372391 200.354141 -99.873474
v -96.356163 269.378174 -53.489082
v -96.356079 118.173676 -100.303726
v -96.355583 90.780159 -100.089981
v -96.355583 90.849579 -100.193398
v -96.353897 265.930817 -53.640034
v -96.345276 127.312225 -99.719948
v -96.342987 269.303619 -52.577728
v -96.335808 236.794647 -52.527977
v -96.329773 200.260406 -100.537834
v -96.329269 172.873764 -100.427254
v -96.318970 127.365623 -99.920059
v -96.318451 182.033234 -99.842148
v -96.301208 267.412140 -52.645672
v -96.301208 268.190674 -53.805504
v -96.299683 109.079689 -100.257523
v -96.291107 187.117264 -52.593430
v -96.283112 238.943314 -52.527760
v -96.277573 236.779419 -99.549934
v -96.270668 200.282135 -100.372894
v -96.268227 127.294991 -100.117485
v -96.255768 236.793030 -99.470284
v -96.254501 236.681488 -52.844292
v -96.236301 56.416938 -99.773152
v -96.215134 205.331192 -52.368984
v -96.205315 127.248642 -52.717823
v -96.199873 56.405291 -99.568388
v -96.192528 237.130264 -52.580647
v -96.192490 63.407722 -99.977989
v -96.186897 90.822289 -100.061699
v -96.178680 90.845177 -99.596291
v -96.165062 168.928680 -52.323696
v -96.162781 56.411423 -99.578276
v -96.162498 236.767715 -100.537384
v -96.162003 209.443542 -100.427063
v -96.160027 236.827438 -52.746323
v -96.151917 269.566010 -100.648010
v -96.151207 218.582123 -99.843285
v -96.145416 72.464188 -100.006584
v -96.142914 255.016022 -100.023788
v -96.132538 72.608734 -99.439720
v -96.131332 236.796967 -99.948334
v -96.130714 90.905144 -100.078506
v -96.121490 245.948349 -100.641586
v -96.119888 127.657593 -53.052116
v -96.111092 221.130661 -52.415176
v -96.106110 227.673706 -100.491180
v -96.105629 127.285278 -52.439613
v -96.105614 200.349533 -100.380859
v -96.099548 127.337120 -100.089203
v -96.098328 81.520653 -100.035179
v -96.097653 56.462799 -99.995376
v -96.097389 200.302994 -99.812027
v -96.095306 236.812286 -99.907410
v -96.092834 237.284271 -52.477272
v -96.092575 236.774994 -100.646698
v -96.089172 255.035767 -99.873810
v -96.078728 236.714264 -53.062637
v -96.078041 262.289337 -100.747185
v -96.068962 90.865639 -99.732567
v -96.050415 255.077072 -100.666428
v -96.049713 218.579681 -100.444977
v -96.038376 90.721664 -99.496918
v -96.031769 145.471298 -52.151810
v -96.019836 127.165863 -52.773384
v -96.018219 90.795006 -99.930000
v -96.007050 237.164856 -52.811039
v -96.005989 81.663300 -99.939430
v -96.004745 187.070938 -52.369850
v -95.995613 264.796509 -99.474411
v -95.935432 255.074173 -99.848030
v -95.929459 269.539337 -99.435387
v -95.900200 225.819153 -52.311340
v -95.885760 56.491211 -99.863067
v -95.872391 154.655624 -99.903267
v -95.868393 72.566010 -99.233490
v -95.850204 264.706818 -70.219528
v -95.830276 205.439072 -52.042961
v -95.821571 237.082077 -52.866600
v -95.809364 154.540207 -52.150883
v -95.809296 82.040161 -51.963306
v -95.809296 82.040161 -51.963303
v -95.804115 164.127945 -51.980808
v -95.788994 230.236282 -52.136044
v -95.783882 86.811363 -51.803909
v -95.772438 163.691895 -52.094398
v -95.772438 163.809265 -52.269234
v -95.763168 268.255920 -70.219162
v -95.703712 154.697769 -99.874985
v -95.686646 163.689850 -52.602997
v -95.660812 145.423111 -52.437763
v -95.635460 255.066833 -100.126396
v -95.632179 264.785431 -92.928223
v -95.617653 254.903351 -52.149422
v -95.578102 234.924759 -52.032207
v -95.571350 245.783417 -52.022198
v -95.571350 245.894638 -52.187889
v -95.557770 109.015106 -99.100746
v -95.527702 262.166504 -52.080933
v -95.524780 72.521378 -99.498360
v -95.523178 254.938065 -51.885765
v -95.507271 109.378532 -51.824497
v -95.497078 264.942139 -61.062851
v -95.453705 118.128334 -99.584076
v -95.453552 264.695831 -58.052155
v -95.452805 245.931900 -100.105736
v -95.450630 99.989319 -99.458809
v -95.398674 136.381348 -51.659630
v -95.369003 177.942932 -51.875607
v -95.347404 254.970856 -52.104111
v -95.347031 264.979553 -63.949070
v -95.338348 109.056023 -99.373314
v -95.321014 109.295410 -51.880291
v -95.321014 109.413261 -52.055855
v -95.309708 191.191467 -99.708946
v -95.307716 63.530891 -99.425476
v -95.259941 205.346802 -51.597664
v -95.258415 123.276550 -51.663506
v -95.250610 191.213181 -99.544006
v -95.242767 145.593750 -98.935410
v -95.220909 109.450058 -51.776485
v -95.194313 173.343170 -51.652493
v -95.171623 255.003632 -52.322456
v -95.155174 236.794052 -99.266670
v -95.145332 245.882156 -99.865669
v -95.134766 109.447998 -52.287212
v -95.083298 95.660355 -51.610092
v -95.034660 109.484787 -52.007843
v -95.025917 136.449585 -99.222916
v -94.974777 205.300674 -51.375015
v -94.953865 154.519180 -51.657780
v -94.928398 264.765625 -68.062706
v -94.913628 145.585709 -99.240837
v -94.900497 200.800781 -51.605873
v -94.857071 81.635033 -99.018738
v -94.855202 236.786713 -99.545036
v -94.828278 63.906498 -51.201591
v -94.791351 73.058136 -51.145107
v -94.786919 262.320831 -99.495544
v -94.775909 99.949593 -99.035431
v -94.765114 109.088142 -98.451660
v -94.744181 56.586703 -98.936075
v -94.737328 268.352966 -67.772011
v -94.716942 99.971268 -98.870865
v -94.652328 90.830750 -98.255836
v -94.641159 218.904129 -51.373631
v -94.641159 219.021484 -51.548462
v -94.605881 72.975365 -51.200665
v -94.593361 90.852417 -98.091270
v -94.573692 154.716232 -98.962494
v -94.562754 56.605625 -50.696600
v -94.550797 268.595245 -86.665489
v -94.550657 56.597608 -98.785284
v -94.548309 264.676575 -86.649261
v -94.548309 264.676575 -86.649254
v -94.547661 72.461067 -98.364258
v -94.543175 136.242950 -50.991688
v -94.515274 63.402702 -98.806770
v -94.509575 182.011917 -98.503220
v -94.506248 145.512009 -51.110035
v -94.483643 90.803459 -98.124138
v -94.455681 219.056076 -51.778858
v -94.453178 163.805832 -98.411583
v -94.435974 109.080101 -98.757088
v -94.420403 72.892593 -51.256226
v -94.346794 168.923248 -51.053982
v -94.323189 90.822708 -98.561264
v -94.304749 205.362427 -50.826347
v -94.268814 90.750587 -98.068001
v -94.233124 172.938126 -98.730103
v -94.224648 118.537834 -50.769661
v -94.204048 72.416435 -98.629135
v -94.179688 182.003860 -98.809349
v -94.171143 264.869110 -64.023224
v -94.168655 268.298920 -74.954315
v -94.168655 268.298950 -74.954315
v -94.147171 91.269142 -50.586845
v -94.146286 90.818306 -97.964157
v -94.135292 145.463821 -51.395988
v -94.124039 163.797791 -98.717010
v -94.112747 145.612228 -98.022919
v -94.073708 227.716248 -98.962463
v -94.067108 268.336639 -68.841644
v -94.061378 91.267090 -51.095444
v -94.061378 91.267097 -51.095444
v -94.038391 118.454720 -50.825455
v -94.010185 150.154327 -50.783554
v -93.961693 91.186371 -50.642406
v -93.960587 264.701172 -68.899986
v -93.960579 264.701141 -68.899986
v -93.959205 56.608775 -98.305862
v -93.958092 264.701691 -74.722328
v -93.958092 264.701691 -74.722321
v -93.938286 118.609360 -50.721645
v -93.927353 118.183327 -98.347046
v -93.925201 90.705956 -98.332878
v -93.894234 236.827545 -98.246994
v -93.876114 90.788589 -98.434151
v -93.875900 91.184326 -51.151005
v -93.862740 109.112221 -97.835434
v -93.838966 191.155273 -98.530365
v -93.835266 236.849213 -98.082428
v -93.831284 127.327522 -97.695396
v -93.831284 127.396942 -97.798813
v -93.828148 200.314743 -97.945259
v -93.800682 104.819664 -50.555256
v -93.799294 154.608078 -50.330048
v -93.788445 191.454773 -50.700523
v -93.783607 145.604187 -98.328346
v -93.776215 91.220963 -50.872799
v -93.769043 200.336472 -97.780319
v -93.751366 200.644775 -50.643803
v -93.727211 136.440765 -98.178726
v -93.725426 182.419403 -50.653442
v -93.723503 264.735901 -66.494637
v -93.704857 99.946388 -98.287506
v -93.699188 131.841461 -50.395668
v -93.688095 159.259888 -50.504421
v -93.674805 236.868454 -98.519554
v -93.673965 168.985245 -50.503014
v -93.662598 127.300240 -97.563698
v -93.615837 236.751297 -98.148155
v -93.608215 200.355759 -98.218445
v -93.599976 200.378693 -97.751968
v -93.565109 200.679520 -50.875160
v -93.565109 200.797363 -51.050728
v -93.562965 91.184608 -50.285057
v -93.549118 200.307892 -97.949852
v -93.539169 182.454147 -50.884800
v -93.533600 109.104179 -98.140862
v -93.502640 154.713028 -98.214569
v -93.498253 200.306686 -98.251389
v -93.468170 255.076736 -98.068893
v -93.461258 127.380066 -97.274162
v -93.455376 236.770538 -98.585281
v -93.454880 209.446365 -98.474960
v -93.443176 127.341156 -97.836258
v -93.414024 131.795334 -50.173023
v -93.410515 127.309433 -97.471588
v -93.395912 209.468033 -98.310394
v -93.365524 72.944847 -50.206715
v -93.333458 127.361618 -97.972542
v -93.314331 131.949341 -50.069649
v -93.303238 159.367767 -50.178402
v -93.241829 127.282150 -97.339890
v -93.196289 250.469727 -50.318554
v -93.190460 91.136230 -50.572208
v -93.176498 91.292931 -49.957672
v -93.168190 255.069412 -98.347260
v -93.164780 127.334328 -97.840843
v -93.160698 255.090271 -97.923080
v -93.115631 218.944839 -50.331848
v -93.115616 191.634628 -50.325127
v -93.101807 250.504456 -50.054897
v -93.101242 168.892593 -50.055859
v -93.081375 127.301392 -97.777023
v -93.073151 127.324280 -97.311607
v -93.055000 150.052582 -49.837406
v -93.052872 209.829742 -50.110126
v -93.052490 136.401047 -97.755348
v -93.041695 145.470184 -97.068153
v -93.041695 145.609009 -97.274994
v -93.019850 56.595298 -49.610420
v -93.015945 219.098846 -50.228477
v -92.988342 262.339844 -98.252251
v -92.890137 91.246613 -49.734097
v -92.883812 136.443176 -97.727066
v -92.878052 245.973969 -98.026627
v -92.874222 268.267090 -73.917023
v -92.860718 255.082947 -98.201447
v -92.833969 227.685760 -98.082832
v -92.830460 219.016068 -50.284035
v -92.823364 81.729927 -97.545532
v -92.822266 145.580521 -97.444138
v -92.814880 168.846268 -49.832275
v -92.803993 91.244553 -50.244823
v -92.777802 178.036285 -49.775555
v -92.767700 264.631592 -73.975372
v -92.712555 145.600983 -97.580421
v -92.640190 164.246506 -49.609165
v -92.600266 154.667694 -97.494919
v -92.589470 163.736832 -96.807732
v -92.586151 268.547058 -86.697830
v -92.541710 218.609024 -97.274956
v -92.496620 268.544922 -87.228600
v -92.482536 209.737488 -49.664829
v -92.482117 268.585297 -86.407494
v -92.478195 191.237732 -97.422501
v -92.464966 269.282410 -50.188480
v -92.453934 164.163391 -49.664955
v -92.447693 86.611931 -49.148064
v -92.436356 267.131805 -50.670704
v -92.431999 218.560059 -97.307823
v -92.431831 264.797119 -57.765907
v -92.424088 264.582642 -76.919571
v -92.423775 218.582947 -96.842407
v -92.410393 145.460449 -49.622967
v -92.407745 264.869995 -50.987236
v -92.401001 118.168892 -97.006592
v -92.383659 269.280487 -50.670483
v -92.373032 218.512314 -97.039841
v -92.368225 191.188660 -97.455444
v -92.363304 236.696945 -49.709381
v -92.350525 264.461517 -57.750839
v -92.339218 241.218658 -49.558319
v -92.334564 264.335571 -77.085434
v -92.320053 264.865845 -76.994148
v -92.313271 264.904724 -50.723576
v -92.310654 72.997093 -49.157196
v -92.300385 163.846680 -96.713448
v -92.276009 269.351868 -49.661163
v -92.273750 265.793274 -49.646423
v -92.268097 187.096848 -49.551048
v -92.267677 164.198120 -49.896317
v -92.260330 163.728790 -97.113159
v -92.236801 91.300362 -49.044228
v -92.224915 145.495041 -49.853363
v -92.187531 236.729721 -49.927727
v -92.186272 237.227295 -49.725765
v -92.184517 268.537140 -86.175140
v -92.183052 127.639236 -49.499023
v -92.136696 68.416534 -48.935013
v -92.131592 114.087296 -49.173031
v -92.130493 173.307068 -49.384655
v -92.125183 73.031685 -49.387592
v -92.125092 63.488811 -96.869629
v -92.122612 118.162064 -97.011169
v -92.109497 268.617096 -87.709480
v -92.094635 218.644318 -97.251259
v -92.088295 154.566010 -49.343834
v -92.086578 237.263931 -49.447556
v -92.080482 268.575378 -85.884804
v -92.062836 86.837158 -48.996876
v -92.049232 223.377579 -49.385235
v -92.043884 218.573685 -97.448685
v -92.000793 237.144516 -49.781326
v -91.996796 127.673965 -49.730381
v -91.993980 100.297600 -49.006641
v -91.993980 100.415443 -49.182205
v -91.970497 163.838623 -97.019577
v -91.939705 72.948914 -49.443153
v -91.938583 81.744385 -96.831078
v -91.911888 191.246994 -96.965210
v -91.900116 99.855705 -96.848221
v -91.813660 227.683762 -97.034058
v -91.812508 209.916580 -49.290997
v -91.801414 237.217804 -49.224907
v -91.782883 268.527252 -85.652451
v -91.749748 200.684128 -48.894440
v -91.737160 182.036469 -96.381714
v -91.727135 232.483185 -49.106102
v -91.726280 118.129166 -96.583214
v -91.722366 268.566833 -88.007896
v -91.720634 108.966972 -96.132744
v -91.707619 100.369125 -48.958626
v -91.703400 82.056473 -48.655418
v -91.694824 136.413895 -96.546593
v -91.688881 172.968307 -96.905533
v -91.666512 163.708206 -48.786495
v -91.638924 154.644028 -96.610710
v -91.627457 247.947540 -48.887062
v -91.595268 187.041000 -48.824516
v -91.567345 264.318695 -96.152863
v -91.564270 200.718719 -49.124832
v -91.552841 264.848969 -96.061577
v -91.549713 72.568527 -96.647705
v -91.540817 269.297913 -95.986519
v -91.528809 268.480438 -88.065880
v -91.501205 109.007889 -96.405312
v -91.500244 260.436401 -48.915993
v -91.492508 86.744904 -48.551582
v -91.485283 268.601593 -85.602554
v -91.440689 245.959717 -97.079124
v -91.418274 154.627747 -48.795170
v -91.407783 56.612420 -48.392078
v -91.407272 182.028412 -96.687843
v -91.378784 200.635941 -49.180393
v -91.363518 209.441162 -96.678253
v -91.361053 264.998779 -95.920517
v -91.346664 145.567291 -95.802841
v -91.322296 264.470642 -95.864853
v -91.318588 154.664398 -48.516960
v -91.302391 269.467682 -95.928658
v -91.301559 154.658875 -96.450729
v -91.295563 163.660034 -49.072449
v -91.269745 264.393036 -96.102966
v -91.255234 264.923309 -96.011673
v -91.235428 123.256134 -48.621140
v -91.146469 95.877701 -48.408131
v -91.142479 209.860962 -48.567490
v -91.122581 172.977570 -96.448242
v -91.120140 264.957550 -63.963856
v -91.079720 200.745865 -48.345768
v -91.064163 268.755615 -96.085892
v -91.037643 268.468414 -88.073967
v -91.017525 145.559250 -96.108269
v -91.014824 264.610718 -95.907555
v -90.994125 268.589539 -85.610634
v -90.955978 154.627182 -95.721924
v -90.953400 163.812271 -95.706978
v -90.949066 123.209808 -48.397564
v -90.924690 81.583992 -95.488632
v -90.902573 200.267715 -95.635262
v -90.902573 200.337128 -95.738678
v -90.899590 145.533188 -95.675720
v -90.895714 57.290909 -95.468269
v -90.887070 64.882057 -95.414902
v -90.878433 72.473206 -95.361534
v -90.865181 236.667099 -95.922867
v -90.864471 221.079819 -48.391499
v -90.856171 269.035004 -95.945641
v -90.853600 264.986328 -95.928871
v -90.848961 123.246605 -48.118195
v -90.841156 245.809952 -96.137657
v -90.823097 118.549698 -95.349289
v -90.821220 254.933594 -48.283531
v -90.821220 255.044815 -48.449223
v -90.810776 191.656448 -48.273090
v -90.800560 268.503174 -85.668617
v -90.798073 268.503693 -91.490959
v -90.798065 268.503693 -91.490967
v -90.795578 264.585022 -91.474731
v -90.787292 154.669312 -95.693642
v -90.784225 136.599701 -95.671783
v -90.781654 145.576538 -95.346588
v -90.781601 154.598938 -95.636612
v -90.778580 127.715179 -95.634987
v -90.775734 127.659912 -95.378059
v -90.766563 268.829926 -96.035995
v -90.761147 236.705338 -95.632530
v -90.744987 100.252151 -95.343529
v -90.742111 200.356384 -96.175804
v -90.740044 268.542725 -88.024071
v -90.734550 163.649368 -95.665192
v -90.730904 145.575317 -95.647438
v -90.727837 127.297447 -95.315338
v -90.725754 163.806656 -95.410713
v -90.722420 136.422760 -48.081264
v -90.720177 191.148071 -95.678383
v -90.713089 254.991043 -96.062119
v -90.713081 254.991043 -96.062119
v -90.705971 118.127174 -95.534439
v -90.704010 136.421478 -95.630882
v -90.703400 127.312256 -95.519493
v -90.702827 72.394844 -95.414139
v -90.700966 90.651108 -95.404938
v -90.699104 196.209885 -48.272625
v -90.697632 109.362366 -95.372299
v -90.682846 127.694046 -95.118835
v -90.671936 145.527573 -95.379456
v -90.663658 182.102844 -95.735725
v -90.657997 173.128403 -95.595192
v -90.656960 145.471909 -95.659462
v -90.654709 81.651428 -95.443367
v -90.649582 109.033188 -95.488235
v -90.645447 254.855148 -48.336189
v -90.643936 100.148666 -95.451439
v -90.643044 261.928528 -96.169281
v -90.642265 163.683289 -95.407661
v -90.619530 91.064819 -95.366531
v -90.615547 136.641830 -95.643509
v -90.609909 154.522324 -95.688042
v -90.609055 255.029282 -95.771782
v -90.608444 72.429535 -95.150742
v -90.606583 90.685791 -95.141541
v -90.604744 109.396507 -95.113068
v -90.598579 173.230103 -48.162956
v -90.593369 200.228409 -96.135597
v -90.579369 127.294441 -95.653732
v -90.573433 200.329102 -96.044106
v -90.564682 145.505814 -95.401932
v -90.562737 81.989311 -47.939674
v -90.562737 81.989311 -47.939671
v -90.559151 127.270157 -95.183640
v -90.546318 209.278885 -96.164177
v -90.543556 245.884277 -96.087761
v -90.541931 264.452911 -57.950554
v -90.537323 86.760513 -47.780273
v -90.537292 118.169304 -95.506157
v -90.532318 136.344864 -95.682312
v -90.531647 109.076530 -95.159111
v -90.531631 227.598999 -96.074211
v -90.531616 191.098969 -95.824158
v -90.528572 91.215195 -95.447510
v -90.527428 264.983215 -57.859264
v -90.525101 109.373787 -48.007599
v -90.522798 56.698654 -95.672771
v -90.513962 199.900604 -96.120880
v -90.508904 154.662491 -95.698227
v -90.497665 200.256027 -95.729286
v -90.491516 163.825378 -95.374519
v -90.487091 127.219727 -95.234367
v -90.484581 236.649460 -96.102783
v -90.484566 200.149414 -95.852737
v -90.483269 164.335358 -95.633621
v -90.480255 72.542152 -95.255905
v -90.479279 100.318527 -95.298981
v -90.477829 90.797462 -95.127853
v -90.475746 127.306648 -95.223228
v -90.474182 127.224937 -47.915104
v -90.469666 254.887939 -48.554535
v -90.461388 182.456909 -47.826859
v -90.455086 136.383408 -95.666962
v -90.454025 172.921463 -95.818436
v -90.453415 236.812317 -95.706940
v -90.452515 145.568497 -95.652023
v -90.449440 127.498878 -95.630165
v -90.442444 268.494598 -87.791718
v -90.441490 64.871132 -95.422241
v -90.437256 136.376633 -47.858620
v -90.435486 182.097214 -95.438789
v -90.433746 91.242455 -95.010979
v -90.433174 81.598618 -95.284500
v -90.432846 72.462280 -95.368866
v -90.424995 109.528435 -47.903790
v -90.421703 56.707865 -95.385967
v -90.415489 254.942902 -95.829765
v -90.412750 196.163559 -48.049046
v -90.406990 218.471909 -96.097061
v -90.406975 181.971909 -95.847015
v -90.402458 268.939545 -96.009727
v -90.399597 218.533188 -95.675682
v -90.398697 127.289406 -95.620766
v -90.396614 163.798615 -95.716141
v -90.392303 236.683380 -95.845261
v -90.392288 200.183334 -95.595207
v -90.390472 127.312294 -95.155350
v -90.386589 63.462601 -95.407295
v -90.386093 90.655083 -95.313095
v -90.385956 255.043106 -95.903877
v -90.384552 118.538940 -95.356506
v -90.379463 200.299469 -95.399399
v -90.378967 173.121567 -95.599785
v -90.375244 182.454849 -48.337589
v -90.374023 236.655060 -95.930946
v -90.367332 262.001190 -95.881805
v -90.365540 100.141846 -95.456024
v -90.363396 154.680008 -47.745647
v -90.359940 227.522369 -96.125641
v -90.359924 191.022354 -95.875587
v -90.355743 57.425781 -95.377739
v -90.355530 63.409019 -95.278770
v -90.349991 245.797913 -96.145744
v -90.345940 154.588257 -95.643784
v -90.343208 209.439178 -95.629478
v -90.342796 145.519531 -95.684883
v -90.337196 127.649155 -95.385277
v -90.331184 191.092148 -95.715919
v -90.329384 163.794388 -95.841286
v -90.322441 163.798019 -95.242523
v -90.322333 56.705607 -95.246127
v -90.317574 117.735504 -95.423203
v -90.314713 218.505814 -95.839531
v -90.314697 182.005829 -95.589485
v -90.313141 237.244278 -95.819786
v -90.309151 90.770172 -94.996155
v -90.306450 100.241402 -95.350746
v -90.303505 81.494705 -95.548569
v -90.303299 245.952774 -95.853256
v -90.298889 163.638687 -95.672363
v -90.292458 209.437958 -95.930328
v -90.288704 127.259529 -48.145500
v -90.286812 200.345154 -95.583282
v -90.286407 136.425537 -95.638680
v -90.282349 209.344818 -96.119919
v -90.282333 172.844833 -95.869865
v -90.281662 218.576538 -95.346558
v -90.280762 127.263336 -95.188217
v -90.278473 255.082611 -95.603912
v -90.275139 182.373795 -47.882652
v -90.275139 182.609482 -48.233784
v -90.266891 236.863556 -95.528450
v -90.266525 154.260452 -95.629066
v -90.260902 269.348175 -95.952789
v -90.260895 269.348175 -95.952789
v -90.259850 262.293793 -95.958855
v -90.259094 109.351608 -95.379517
v -90.258896 118.162476 -95.510742
v -90.257240 72.383919 -95.421471
v -90.255379 90.640182 -95.412277
v -90.252197 159.214462 -47.745186
v -90.241409 262.163574 -96.011497
v -90.237106 163.719666 -95.421921
v -90.232346 162.840515 -95.738617
v -90.230011 127.331535 -95.592484
v -90.225769 236.806702 -95.410675
v -90.224483 56.708522 -95.284541
v -90.222694 218.945297 -95.699074
v -90.221924 254.978989 -96.070206
v -90.221298 145.461212 -95.666634
v -90.218140 172.932114 -95.726952
v -90.216110 72.499428 -95.049667
v -90.216110 72.608131 -95.211617
v -90.215561 182.138229 -95.711975
v -90.212479 163.957687 -95.586418
v -90.205078 99.883408 -95.479485
v -90.203224 126.042282 -95.518661
v -90.202507 109.068489 -95.464539
v -90.201408 90.831673 -94.959641
v -90.199432 90.998894 -95.442688
v -90.193466 254.616653 -95.916687
v -90.169029 81.664597 -95.240211
v -90.162117 191.134384 -95.687569
v -90.161621 163.817322 -95.680649
v -90.157707 200.217728 -96.142769
v -90.156425 245.589050 -96.021271
v -90.153381 163.840256 -95.214172
v -90.152596 109.443253 -48.470310
v -90.148689 90.789421 -95.433281
v -90.146606 127.298599 -95.528656
v -90.143707 127.283760 -95.660904
v -90.140472 90.812309 -94.967873
v -90.124733 255.057739 -95.483879
v -90.123764 72.642075 -94.953918
v -90.115837 268.649689 -86.099602
v -90.113159 236.838699 -95.408417
v -90.110657 209.268204 -96.171349
v -90.103226 127.176758 -48.201057
v -90.096657 136.334183 -95.689484
v -90.095970 227.588303 -96.081383
v -90.095955 191.088287 -95.831329
v -90.095818 246.137466 -95.866013
v -90.091805 264.932648 -67.156586
v -90.091385 63.474998 -95.234482
v -90.088882 182.526367 -48.289577
v -90.088097 91.197563 -95.277428
v -90.078293 199.781281 -95.966209
v -90.065430 200.143005 -95.723404
v -90.064812 209.432343 -95.634064
v -90.059662 227.871979 -95.707588
v -90.059166 200.270126 -95.183594
v -90.058632 245.647797 -47.786957
v -90.052490 109.480049 -48.190941
v -90.049568 200.291412 -95.705528
v -90.048920 236.638779 -96.109955
v -90.048904 200.138733 -95.859909
v -90.044304 72.531464 -95.263084
v -90.043411 163.791183 -95.247116
v -90.040810 268.484680 -87.269028
v -90.030754 90.763351 -95.000732
v -90.029419 226.790146 -96.147636
v -90.026306 268.525085 -86.447914
v -90.026306 268.647552 -86.630371
v -90.016541 190.760483 -95.816612
v -90.008911 227.662506 -95.698189
v -89.999071 56.715209 -95.251411
v -89.997223 81.587929 -95.291679
v -89.992554 163.859543 -95.652298
v -89.982361 199.340561 -95.926163
v -89.980011 90.831551 -95.404999
v -89.978493 255.075287 -95.882278
v -89.971329 218.461227 -96.104233
v -89.971313 181.961227 -95.854187
v -89.971001 255.096146 -95.458099
v -89.966911 236.856232 -95.806816
v -89.959419 236.877090 -95.382645
v -89.955101 209.383377 -95.666931
v -89.954313 56.716953 -95.264854
v -89.952522 218.568497 -95.651985
v -89.952377 262.370575 -95.907303
v -89.949577 245.901932 -95.887390
v -89.939140 81.596832 -95.239906
v -89.933754 269.391937 -95.979492
v -89.932243 254.884369 -95.873703
v -89.925751 173.409943 -47.787556
v -89.919579 63.398331 -95.285950
v -89.915825 235.042450 -96.242470
v -89.913170 237.002533 -95.845345
v -89.906601 199.704666 -96.017639
v -89.902626 182.443253 -48.345371
v -89.896622 236.798660 -95.716110
v -89.893738 200.175018 -95.936668
v -89.893723 163.783707 -95.848457
v -89.893555 218.729004 -95.694252
v -89.892723 82.051048 -47.391006
v -89.857796 90.787041 -95.224518
v -89.846672 172.834152 -95.877037
v -89.842812 218.519531 -95.684845
v -89.825706 264.925690 -62.926563
v -89.824753 255.113678 -95.856499
v -89.817261 255.134537 -95.432327
v -89.803734 268.519440 -84.863678
v -89.796638 90.665886 -94.674698
v -89.795845 245.940338 -95.861610
v -89.787460 127.274971 -95.197281
v -89.780159 72.597443 -95.218796
v -89.766930 236.766983 -95.866722
v -89.730026 200.331497 -95.592445
v -89.722046 200.207047 -96.149940
v -89.704117 72.444313 -94.420502
v -89.699692 268.435211 -84.390892
v -89.692924 59.321217 -47.178421
v -89.691223 214.518936 -47.469685
v -89.681862 159.239563 -47.474724
v -89.671021 63.296894 -95.038315
v -89.670685 268.515961 -82.748672
v -89.610168 268.555542 -85.104118
v -89.595657 268.473450 -84.100555
v -89.580025 218.936050 -47.294388
v -89.564156 264.880493 -82.807014
v -89.549652 264.798401 -81.803452
v -89.520638 266.593811 -82.715607
v -89.491623 268.511688 -83.810219
v -89.445435 90.620270 -94.945427
v -89.433594 77.541718 -47.121014
v -89.433594 77.541718 -47.121010
v -89.406059 214.472794 -47.247040
v -89.365784 163.698303 -95.436264
v -89.352913 72.398697 -94.691223
v -89.306656 63.287907 -94.564125
v -89.285461 91.110428 -46.889229
v -89.259628 72.961151 -46.898830
v -89.259628 72.961151 -46.898827
v -89.250403 56.697241 -94.644636
v -89.245018 264.911499 -63.465420
v -89.244583 262.179871 -95.206558
v -89.244141 236.655121 -94.925179
v -89.216537 100.307831 -46.962395
v -89.209061 218.887878 -47.580345
v -89.201500 264.910156 -60.819641
v -89.199005 264.910706 -66.641975
v -89.194031 268.586029 -83.760323
v -89.167198 196.132919 -47.050922
v -89.147400 56.691830 -94.510653
v -89.120888 214.426666 -47.024391
v -89.099983 91.145012 -47.119625
v -89.074158 72.995743 -47.129223
v -89.029480 268.541351 -85.642975
v -88.992508 191.651001 -47.003372
v -88.990112 187.880310 -46.987755
v -88.956116 118.604622 -46.904743
v -88.937538 82.066658 -46.619701
v -88.937538 82.066658 -46.619698
v -88.914513 91.179604 -47.350014
v -88.900757 236.610535 -95.189880
v -88.896431 268.537872 -83.527969
v -88.867157 91.226196 -46.691734
v -88.763573 77.603455 -46.572350
v -88.746854 56.680442 -94.283324
v -88.726646 86.755089 -46.515865
v -88.713608 97.546074 -46.778877
v -88.680901 91.260925 -46.923092
v -88.647331 264.938232 -69.005508
v -88.629768 204.814560 -94.935181
v -88.615776 131.880569 -94.453331
v -88.615471 163.672272 -46.528114
v -88.613503 97.582863 -46.499508
v -88.598831 268.489746 -83.295616
v -88.589638 145.405533 -46.362881
v -88.580795 91.297722 -46.643719
v -88.550552 214.451767 -46.753929
v -88.542496 241.199387 -46.687065
v -88.518806 267.554291 -46.541534
v -88.518806 268.221619 -47.535679
v -88.516548 263.995667 -46.526798
v -88.516548 264.885437 -47.852322
v -88.495103 56.661428 -94.034338
v -88.494652 91.177811 -46.978882
v -88.492462 269.295929 -47.535568
v -88.489799 243.348053 -46.686844
v -88.479286 269.221375 -46.624218
v -88.479286 269.443817 -46.955597
v -88.472107 236.712402 -46.574467
v -88.446152 264.847321 -54.367340
v -88.422073 264.920166 -47.588661
v -88.421829 254.975479 -94.219887
v -88.404160 145.440125 -46.593273
v -88.395721 265.994507 -47.588554
v -88.365494 237.172379 -46.465660
v -88.316925 231.672089 -94.748672
v -88.296326 236.745178 -46.792812
v -88.286728 268.604462 -82.424606
v -88.272545 225.553268 -46.403103
v -88.244514 163.624084 -46.814068
v -88.236000 136.397003 -94.003998
v -88.234177 154.355286 -94.156845
v -88.230713 164.216553 -46.063831
v -88.230614 163.780136 -46.202095
v -88.228264 255.011581 -94.460327
v -88.224861 81.480583 -93.877289
v -88.218681 145.474716 -46.823669
v -88.212479 141.030838 -94.180122
v -88.182068 177.923218 -46.286018
v -88.151184 268.479034 -85.949486
v -88.135925 234.859009 -46.243244
v -88.131699 264.846222 -91.299393
v -88.124229 254.927338 -93.987534
v -88.120552 236.666733 -46.845467
v -88.093552 77.665192 -46.023685
v -88.080322 237.243607 -46.417847
v -88.061653 230.124390 -46.124432
v -88.045135 163.697372 -46.257656
v -88.013161 267.129395 -93.472145
v -87.994537 237.124191 -46.751617
v -87.959854 127.810257 -46.073486
v -87.959351 163.695312 -46.766254
v -87.954436 56.638949 -93.688032
v -87.930664 254.963440 -94.227974
v -87.914101 268.513794 -83.544136
v -87.862358 63.437561 -93.743347
v -87.859657 163.731964 -46.488049
v -87.858208 164.286026 -46.526550
v -87.853584 268.553375 -85.899582
v -87.845337 140.967407 -46.045071
v -87.814323 172.820358 -94.242973
v -87.808388 77.619064 -45.801041
v -87.778564 268.633331 -87.433922
v -87.745651 141.004044 -45.766861
v -87.698517 177.488129 -94.161575
v -87.687454 127.607231 -46.464439
v -87.673492 127.763931 -45.849903
v -87.661743 258.525635 -46.112682
v -87.616508 268.710602 -83.676697
v -87.595360 214.467377 -45.982609
v -87.589088 250.480057 -45.985344
v -87.587349 127.761871 -46.360634
v -87.555992 268.505219 -85.667229
v -87.550346 172.777649 -94.036873
v -87.532600 205.352280 -45.760887
v -87.497414 131.806229 -45.600700
v -87.475548 241.237106 -93.913864
v -87.469124 226.799576 -94.263214
v -87.460487 140.957916 -45.544216
v -87.460464 68.457939 -45.356674
v -87.444092 136.377533 -93.547539
v -87.442268 154.227188 -93.538551
v -87.423538 77.609573 -45.300186
v -87.423508 200.764038 -45.724949
v -87.401093 127.560905 -46.240864
v -87.381767 117.845512 -93.222557
v -87.358093 187.957977 -45.662247
v -87.347923 268.581696 -85.086563
v -87.342522 98.018219 -93.298409
v -87.337364 200.644119 -46.060112
v -87.333412 268.499603 -84.082993
v -87.322983 177.902100 -45.790844
v -87.300987 127.715553 -46.137058
v -87.243881 268.987366 -85.343590
v -87.217621 168.352280 -93.720795
v -87.194107 209.377487 -93.985130
v -87.192276 190.727203 -93.726097
v -87.171837 187.874863 -45.718040
v -87.170578 213.902710 -93.999420
v -87.149422 114.082558 -45.356129
v -87.139847 268.535706 -84.323433
v -87.122772 178.093536 -45.407665
v -87.111366 131.843536 -93.069626
v -87.101028 63.794609 -45.190052
v -87.087845 136.368744 -93.083916
v -87.086395 105.047241 -45.309048
v -87.085510 72.453957 -92.493156
v -87.072296 264.694855 -62.552177
v -87.064102 72.946243 -45.133564
v -87.050316 268.533569 -84.854210
v -87.028168 103.553276 -45.293198
v -87.001343 63.831249 -44.911846
v -86.988091 223.409500 -45.305992
v -86.982094 58.824043 -92.998489
v -86.978310 72.944191 -45.642162
v -86.958031 63.341228 -92.847580
v -86.953659 204.809540 -93.764740
v -86.947800 200.207214 -92.996803
v -86.933823 163.664459 -92.603165
v -86.930138 209.334778 -93.779037
v -86.878624 72.980835 -45.363956
v -86.836037 227.435715 -93.836189
v -86.761756 56.507095 -44.775952
v -86.734306 72.408340 -92.763885
v -86.717972 194.423004 -45.142635
v -86.693146 73.015419 -45.594353
v -86.676102 196.189468 -45.230244
v -86.605171 268.644806 -81.868195
v -86.604416 200.162613 -93.261505
v -86.590446 163.728500 -93.029701
v -86.547997 122.854492 -92.695969
v -86.479782 227.535568 -93.534401
v -86.461769 241.185257 -45.014107
v -86.444099 140.951111 -92.590324
v -86.392143 86.138443 -92.431412
v -86.364929 118.697968 -44.804703
v -86.358124 262.190521 -93.082077
v -86.357162 154.659668 -44.715954
v -86.347908 273.812256 -62.501057
v -86.328293 145.401596 -92.185249
v -86.307571 268.474182 -81.453384
v -86.299622 68.027977 -92.342743
v -86.274010 273.247253 -62.633995
v -86.274010 273.369720 -62.816448
v -86.245964 159.194138 -44.715488
v -86.243790 218.853989 -44.813347
v -86.203537 268.634888 -81.345505
v -86.189102 173.318008 -44.793186
v -86.144104 219.007980 -44.709972
v -86.060524 262.264832 -93.032181
v -86.058311 219.005936 -45.218575
v -85.984909 145.356995 -92.449944
v -85.979935 127.687744 -92.051018
v -85.976410 273.199097 -62.401642
v -85.976410 273.321564 -62.584095
v -85.963452 56.522381 -92.162637
v -85.958626 219.042572 -44.940369
v -85.934952 268.995911 -83.485191
v -85.887047 127.612526 -91.628883
v -85.860680 63.764088 -44.196095
v -85.821388 264.786804 -64.343124
v -85.807114 127.610619 -92.102791
v -85.782852 273.235199 -62.642078
v -85.760986 63.918087 -44.092720
v -85.752968 246.419540 -92.552452
v -85.724060 73.069725 -44.036240
v -85.722054 182.001450 -92.070999
v -85.691490 66.810783 -44.179852
v -85.678818 273.273438 -62.351742
v -85.608337 268.661102 -81.063248
v -85.606255 81.490234 -91.949944
v -85.589287 273.271301 -62.882515
v -85.581612 154.507278 -92.176735
v -85.579330 273.807037 -63.268791
v -85.579216 273.811157 -62.657349
v -85.576622 273.812103 -62.501152
v -85.576500 273.813080 -61.885048
v -85.574776 273.311676 -62.061409
v -85.541397 127.676987 -92.058243
v -85.499756 273.269165 -63.413292
v -85.485252 273.309540 -62.592182
v -85.458084 218.350113 -91.953102
v -85.378670 181.956848 -92.335701
v -85.376236 264.775574 -61.174652
v -85.365799 218.492661 -91.857414
v -85.353111 73.021545 -44.322189
v -85.331619 191.007294 -92.364281
v -85.283002 56.444631 -43.590442
v -85.182472 72.518204 -90.769272
v -85.160690 268.650391 -83.717117
v -85.156471 109.477371 -43.863308
v -85.137268 118.701424 -91.466461
v -85.116806 82.129097 -43.534462
v -85.114700 218.414154 -92.379646
v -85.057335 118.480812 -91.614555
v -85.035316 56.437448 -43.537456
v -85.022415 218.556702 -92.283951
v -85.014045 56.434854 -43.483369
v -85.006866 72.439842 -90.821877
v -84.915587 56.447986 -91.278815
v -84.912491 72.474533 -90.558479
v -84.904129 127.661209 -90.650955
v -84.901474 163.650665 -90.969109
v -84.897774 172.820999 -91.894928
v -84.879387 63.327110 -91.176292
v -84.868568 145.548691 -43.730663
v -84.863098 268.602234 -83.484764
v -84.836136 254.928070 -91.340363
v -84.833031 118.738853 -43.758572
v -84.831268 72.472588 -91.040001
v -84.827858 91.286743 -90.491341
v -84.826660 56.442652 -91.203802
v -84.826027 109.363670 -90.645195
v -84.823891 145.473206 -90.963379
v -84.807861 273.811035 -62.806225
v -84.800849 56.421402 -43.349569
v -84.800522 273.333588 -62.840706
v -84.783966 109.428986 -44.150459
v -84.778286 56.420003 -43.327192
v -84.746300 127.187103 -90.795822
v -84.736885 72.396164 -90.611084
v -84.735023 90.763542 -90.767410
v -84.690636 236.678467 -91.151215
v -84.651482 200.150711 -91.156647
v -84.651482 236.650757 -91.406685
v -84.642502 72.541969 -90.513214
v -84.640518 268.596619 -81.900528
v -84.630997 264.471771 -63.231258
v -84.625580 251.698242 -91.655739
v -84.623520 268.147644 -86.171944
v -84.623230 103.965439 -43.488491
v -84.621033 264.351440 -86.338165
v -84.620834 100.312622 -43.648438
v -84.611511 268.065002 -79.346039
v -84.609695 127.727837 -43.582081
v -84.607544 81.539703 -90.956306
v -84.606087 244.268707 -91.349533
v -84.605843 118.615463 -91.051544
v -84.605148 154.555634 -91.205231
v -84.604042 60.486744 -43.099113
v -84.601257 269.422607 -44.566349
v -84.599266 56.967022 -49.012314
v -84.594513 264.431671 -78.873604
v -84.594513 264.676605 -79.238518
v -84.594070 248.595184 -91.092026
v -84.594070 248.595184 -91.092018
v -84.592018 268.841309 -91.264343
v -84.590523 97.562447 -43.457142
v -84.590073 151.658768 -91.271698
v -84.589531 264.432739 -90.518288
v -84.589531 264.800140 -91.065659
v -84.589531 264.800140 -91.065651
v -84.588089 269.348053 -43.654995
v -84.583992 104.765579 -90.423355
v -84.583565 262.230865 -43.625515
v -84.583405 72.885208 -43.145657
v -84.583405 145.385208 -43.333183
v -84.580910 236.727859 -43.439556
v -84.580002 268.146301 -83.526154
v -84.579544 97.986641 -90.720184
v -84.578568 56.913288 -90.439377
v -84.575096 91.207710 -91.017014
v -84.573891 181.973206 -91.150925
v -84.573891 218.473206 -91.400955
v -84.571112 56.411693 -43.138895
v -84.569923 64.726654 -90.717056
v -84.565498 264.389954 -77.048935
v -84.565498 268.554108 -83.252411
v -84.562340 62.480553 -43.536022
v -84.561287 72.540024 -90.994736
v -84.560310 109.430038 -90.600647
v -84.560081 242.308304 -91.606804
v -84.559921 145.430496 -90.757286
v -84.558603 56.412200 -43.237669
v -84.558479 127.725670 -91.080315
v -84.558464 267.368134 -63.139729
v -84.558098 163.606064 -91.233803
v -84.558029 262.309479 -91.414215
v -84.557571 127.235825 -43.342781
v -84.554955 264.640320 -50.901047
v -84.554955 264.751556 -51.066738
v -84.553482 264.552277 -70.587936
v -84.553215 70.263863 -43.129986
v -84.552795 56.732048 -57.285576
v -84.551455 56.421607 -90.845510
v -84.551319 56.420464 -90.804909
v -84.550987 264.920227 -76.957642
v -84.550987 268.104584 -81.701485
v -84.550987 268.839417 -82.796219
v -84.550987 268.961914 -82.978668
v -84.550987 269.084381 -83.161125
v -84.546669 118.574677 -43.359432
v -84.546478 154.654251 -43.451530
v -84.546471 82.154198 -43.264004
v -84.545906 245.512177 -43.551712
v -84.545906 245.845840 -44.048786
v -84.544044 264.454071 -44.536648
v -84.543953 264.469116 -57.939690
v -84.543953 267.653473 -62.683529
v -84.543953 267.898407 -63.048439
v -84.541283 57.004940 -51.269352
v -84.538979 264.960083 -70.314194
v -84.538895 57.240170 -57.198105
v -84.538536 254.879929 -91.108009
v -84.536828 56.410765 -43.139461
v -84.536484 268.512390 -81.427742
v -84.532738 245.993729 -43.468815
v -84.532738 246.104950 -43.634502
v -84.530869 264.935638 -44.453751
v -84.529449 264.999390 -57.848404
v -84.528295 56.417970 -90.740652
v -84.527946 157.595062 -91.043068
v -84.527946 157.703690 -91.204910
v -84.527740 100.317917 -91.045784
v -84.527557 136.269547 -91.037666
v -84.527557 136.378174 -91.199501
v -84.526962 264.632507 -63.123379
v -84.526962 264.877441 -63.488289
v -84.523544 127.607933 -43.917244
v -84.521980 268.062866 -79.876808
v -84.521980 269.165131 -81.518906
v -84.520729 100.349411 -43.369068
v -84.520729 100.585114 -43.720200
v -84.520645 63.770210 -42.923935
v -84.520645 64.004929 -43.273602
v -84.520645 64.122284 -43.448433
v -84.520645 136.387512 -43.286297
v -84.520645 136.504868 -43.461128
v -84.520645 136.622238 -43.635963
v -84.519958 268.864563 -44.219898
v -84.519485 268.185883 -85.881607
v -84.519485 268.553284 -86.428970
v -84.519485 268.675781 -86.611427
v -84.517700 265.305969 -44.205158
v -84.516998 264.512146 -86.230286
v -84.516998 264.757111 -86.595192
v -84.515022 63.318130 -90.702110
v -84.515022 63.429237 -90.867638
v -84.514938 268.958984 -62.865864
v -84.514786 100.463326 -90.475555
v -84.513481 56.612892 -48.996414
v -84.513161 81.463280 -90.527390
v -84.513161 81.685501 -90.858437
v -84.512955 118.540245 -90.629410
v -84.512955 118.649605 -90.792320
v -84.512871 154.480927 -90.785866
v -84.512871 154.698196 -91.109535
v -84.509544 91.305832 -43.207520
v -84.509544 91.305832 -43.207516
v -84.509544 163.805939 -43.395046
v -84.507469 268.593140 -79.785522
v -84.506783 268.901245 -43.474236
v -84.506783 269.123688 -43.805618
v -84.504547 248.593048 -91.622795
v -84.504059 104.763672 -90.897255
v -84.502495 264.919952 -85.956543
v -84.502258 262.006470 -43.776138
v -84.502258 262.228912 -44.107521
v -84.502052 244.306946 -91.059196
v -84.500000 264.430573 -91.049065
v -84.499725 56.408541 -42.940625
v -84.499603 236.725906 -43.921558
v -84.499580 57.121017 -48.908939
v -84.497795 151.584061 -90.852333
v -84.497742 255.000488 -43.912354
v -84.497742 264.343079 -57.830345
v -84.497612 72.883156 -43.654255
v -84.497612 145.383148 -43.841785
v -84.497604 109.382660 -43.926880
v -84.497345 56.911343 -90.920891
v -84.497070 236.837036 -91.574104
v -84.496300 163.687042 -90.983353
v -84.496300 200.186996 -91.233391
v -84.493614 269.382782 -43.391335
v -84.492966 268.633514 -78.964409
v -84.491429 56.414743 -43.636116
v -84.490479 264.959808 -79.313087
v -84.487984 268.879547 -90.974007
v -84.487984 269.369446 -91.703827
v -84.486656 98.020782 -90.460953
v -84.486427 236.873810 -43.341587
v -84.486427 236.985031 -43.507278
v -84.486427 237.207474 -43.838657
v -84.485931 270.141998 -62.865746
v -84.485497 264.838379 -90.775322
v -84.484566 264.824646 -57.747444
v -84.483711 73.039200 -43.042282
v -84.483643 109.539368 -43.312347
v -84.482330 127.253036 -90.751556
v -84.480507 145.428604 -91.228081
v -84.480377 109.428123 -91.074547
v -84.475967 268.184540 -83.235825
v -84.475548 64.761345 -90.453659
v -84.473656 264.527161 -51.217361
v -84.473480 269.287354 -90.700264
v -84.473480 269.287354 -90.700256
v -84.471779 127.233780 -43.851383
v -84.469282 56.407386 -42.885567
v -84.468933 266.631134 -62.575771
v -84.468498 261.817413 -91.215164
v -84.468498 261.939911 -91.397621
v -84.468498 262.184845 -91.762535
v -84.467430 70.261810 -43.638584
v -84.467212 56.410350 -43.330519
v -84.466968 56.410646 -43.383018
v -84.466904 72.463600 -90.565811
v -84.465591 127.650459 -90.658180
v -84.465042 66.154785 -43.098537
v -84.465042 90.719864 -90.556618
v -84.462654 62.399834 -43.082985
v -84.461464 268.469849 -82.779625
v -84.461464 268.592346 -82.962082
v -84.460686 82.034790 -43.597771
v -84.460686 154.534836 -43.785301
v -84.460518 118.572617 -43.870159
v -84.457878 127.272469 -43.064575
v -84.457878 127.389832 -43.239410
v -84.457878 127.624542 -43.589073
v -84.457703 91.196251 -43.146420
v -84.457703 91.314102 -43.321983
v -84.457703 91.549797 -43.673115
v -84.457174 56.410337 -90.542182
v -84.456047 242.224060 -91.134018
v -84.456047 242.224075 -91.134018
v -84.454430 267.406372 -62.849392
v -84.454430 267.528839 -63.031849
v -84.451935 264.345032 -64.110352
v -84.451431 245.880554 -43.785126
v -84.451431 245.991776 -43.950817
v -84.449570 264.488800 -44.272991
v -84.449570 264.822449 -44.770061
v -84.449448 264.590515 -70.297600
v -84.449448 264.835449 -70.662514
v -84.449013 254.877792 -91.638786
v -84.446953 268.142822 -81.411148
v -84.446953 268.387756 -81.776054
v -84.446953 268.510254 -81.958511
v -84.446953 269.000153 -82.688332
v -84.441597 57.158939 -51.165977
v -84.439919 267.936646 -62.758106
v -84.437431 264.385406 -63.289242
v -84.437431 264.507874 -63.471695
v -84.437431 264.997772 -64.201515
v -84.436394 264.859131 -44.024399
v -84.435661 157.628983 -90.785545
v -84.435280 136.303452 -90.780136
v -84.434853 100.352058 -90.786552
v -84.434853 136.268112 -43.620064
v -84.434853 136.385468 -43.794895
v -84.434578 100.347351 -43.879795
v -84.432449 268.673096 -81.319862
v -84.432449 269.040527 -81.867226
v -84.429962 268.183716 -86.412376
v -84.427467 264.387543 -86.578606
v -84.425484 268.899292 -43.956238
v -84.425484 269.344177 -44.619003
v -84.423759 91.303780 -43.716114
v -84.423759 163.803894 -43.903648
v -84.422920 264.425781 -62.468132
v -84.422920 264.670715 -62.833042
v -84.422920 264.793213 -63.015495
v -84.422920 265.038147 -63.380409
v -84.420647 63.352818 -90.438721
v -84.420624 100.621902 -43.440826
v -84.417503 251.774719 -91.075066
v -84.412964 264.917816 -86.487312
v -84.412529 244.304810 -91.589973
v -84.412308 269.158386 -43.541958
v -84.408417 264.956055 -62.376842
v -84.407784 262.041199 -43.512482
v -84.406723 98.018875 -90.934860
v -84.403259 254.923981 -43.483006
v -84.402916 127.251137 -91.222351
v -84.400513 248.631287 -91.332458
v -84.400505 248.631287 -91.332458
v -84.397926 73.037155 -43.550880
v -84.397499 109.419456 -43.647511
v -84.395966 264.468811 -90.758728
v -84.395966 264.591309 -90.941185
v -84.394325 64.759399 -90.935181
v -84.393036 236.752792 -91.101318
v -84.389320 91.275986 -90.498558
v -84.386436 264.875549 -78.840302
v -84.383820 90.717926 -91.038139
v -84.381462 264.876617 -90.484985
v -84.373535 163.673889 -90.718750
v -84.373138 236.761276 -43.698257
v -84.371933 268.100281 -82.763031
v -84.371933 268.590210 -83.492851
v -84.371559 91.312042 -43.832714
v -84.370834 173.312561 -43.523472
v -84.359695 200.727951 -43.457111
v -84.359238 237.034683 -43.261112
v -84.355148 191.055664 -91.392769
v -84.354897 193.422256 -43.777008
v -84.347710 181.992325 -43.554592
v -84.333405 218.885208 -43.270710
v -84.331619 232.080917 -91.657097
v -84.326561 171.072632 -43.244331
v -84.324066 163.605804 -43.275772
v -84.323334 127.681519 -43.358501
v -84.316544 228.858139 -91.238052
v -84.310371 227.880890 -43.826202
v -84.309921 181.930496 -90.944824
v -84.309914 218.430496 -91.194862
v -84.308098 200.106110 -91.421349
v -84.308098 236.606155 -91.671387
v -84.307571 200.735718 -43.280308
v -84.307521 56.410016 -90.702260
v -84.303291 208.002869 -91.151672
v -84.303291 208.220139 -91.475349
v -84.296669 191.574738 -43.234463
v -84.296669 191.692581 -43.410027
v -84.296669 191.810425 -43.585594
v -84.296471 228.036942 -43.214226
v -84.296471 228.154297 -43.389057
v -84.294273 187.921890 -43.394409
v -84.294090 224.281952 -43.198673
v -84.287079 176.727646 -43.523125
v -84.287079 176.845505 -43.698689
v -84.281975 216.003983 -91.180359
v -84.277946 193.877823 -90.906929
v -84.277557 172.769516 -91.225204
v -84.277557 172.878159 -91.387039
v -84.277557 209.269485 -91.475243
v -84.277557 209.378128 -91.637077
v -84.273544 200.608032 -43.792278
v -84.273521 223.534729 -91.290016
v -84.273521 223.643372 -91.451851
v -84.270729 173.349365 -43.244099
v -84.270645 209.887466 -43.223824
v -84.263901 221.660583 -43.183002
v -84.262871 190.980942 -90.973404
v -84.262871 191.198212 -91.297073
v -84.260658 187.505081 -90.959007
v -84.259544 237.188690 -43.157738
v -84.259544 237.306046 -43.332573
v -84.254791 193.341202 -43.322071
v -84.253395 268.546326 -82.198952
v -84.247612 218.883148 -43.779316
v -84.247604 182.382660 -43.801914
v -84.240417 170.599182 -43.052803
v -84.240417 171.070572 -43.755062
v -84.239342 232.006210 -91.237724
v -84.238884 268.586731 -81.377846
v -84.237183 127.679459 -43.869232
v -84.237137 228.856232 -91.708847
v -84.234924 225.271713 -91.532608
v -84.234924 225.380356 -91.694450
v -84.233711 219.039200 -43.167336
v -84.233643 182.539368 -43.187378
v -84.233643 182.892914 -43.714073
v -84.232330 163.752991 -90.939095
v -84.232330 200.252945 -91.189133
v -84.230507 181.928604 -91.415619
v -84.230507 218.428604 -91.665657
v -84.229347 236.793411 -43.876244
v -84.227486 255.067993 -43.867039
v -84.226456 171.227280 -43.140526
v -84.223877 208.000961 -91.622467
v -84.221779 200.733673 -43.788914
v -84.212448 72.954384 -43.606441
v -84.212448 145.454376 -43.793972
v -84.210686 227.800171 -43.373158
v -84.210686 227.917526 -43.547993
v -84.208122 187.801971 -43.729576
v -84.207703 164.196136 -43.021450
v -84.207703 164.313995 -43.197014
v -84.207703 164.549698 -43.548145
v -84.202560 216.002075 -91.651154
v -84.198532 193.875916 -91.377731
v -84.194115 223.532837 -91.760811
v -84.186974 176.764450 -43.243752
v -84.186615 127.187645 -43.628738
v -84.185280 172.803436 -90.967674
v -84.185280 209.303406 -91.217712
v -84.184853 209.768051 -43.557590
v -84.184853 209.885406 -43.732426
v -84.181244 187.503174 -91.429802
v -84.173759 237.303986 -43.841179
v -84.170624 173.621857 -43.315857
v -84.168983 229.441925 -43.285568
v -84.163864 268.666687 -82.912178
v -84.152916 163.751083 -91.409897
v -84.152916 200.251038 -91.659935
v -84.149353 268.584564 -81.908615
v -84.147926 219.037155 -43.675941
v -84.142647 225.305634 -91.275085
v -84.138596 91.257652 -43.493469
v -84.138588 163.640396 -43.506168
v -84.138588 163.757751 -43.681000
v -84.137077 127.716255 -43.589859
v -84.134872 236.716919 -43.446896
v -84.123535 200.173950 -90.906288
v -84.123535 236.673996 -91.156326
v -84.121559 164.311935 -43.707748
v -84.112762 72.991020 -43.328236
v -84.111137 109.490982 -43.599499
v -84.086929 127.224289 -43.350529
v -84.085197 91.265717 -43.609135
v -84.047394 182.456253 -43.243172
v -84.040398 236.862869 -43.348930
v -83.987236 127.260925 -43.072323
v -83.987183 200.679565 -43.744263
v -83.985092 91.184662 -43.154198
v -83.985092 91.302513 -43.329765
v -83.962448 218.954376 -43.731503
v -83.959099 236.749695 -43.665241
v -83.936615 200.687546 -43.566265
v -83.931763 264.781158 -63.023582
v -83.888588 237.140503 -43.443695
v -83.888588 237.257858 -43.618530
v -83.862755 218.991028 -43.453293
v -83.861137 182.490982 -43.474529
v -83.835197 164.265610 -43.484169
v -83.808701 118.595863 -90.592072
v -83.788895 237.177139 -43.165485
v -83.788895 237.294510 -43.340321
v -83.761032 182.527771 -43.195160
v -83.735092 164.184555 -43.029228
v -83.735092 164.302399 -43.204796
v -83.733562 56.378955 -90.274093
v -83.660927 182.446716 -42.740219
v -83.584373 64.628380 -90.302803
v -83.529472 63.219852 -90.287865
v -83.518005 182.019669 -90.650208
v -83.482674 127.699142 -89.680252
v -83.288414 182.398331 -43.027370
v -83.259048 265.010315 -70.280464
v -83.137024 127.654251 -89.946701
v -83.069397 141.045456 -42.188499
v -83.063416 105.026825 -42.266682
v -83.019478 269.087280 -79.718491
v -83.006630 131.930405 -41.966778
v -83.000389 95.873665 -42.044033
v -82.993347 219.008682 -42.173370
v -82.929955 268.472778 -79.336983
v -82.929955 268.717712 -79.701897
v -82.928223 72.536835 -89.316116
v -82.912514 248.513062 -90.353149
v -82.912514 248.635529 -90.535606
v -82.876472 262.104858 -90.492889
v -82.871307 127.611267 -89.739243
v -82.871307 127.720619 -89.902145
v -82.846992 77.614349 -42.000053
v -82.840424 268.593109 -80.050217
v -82.825912 268.511017 -79.046646
v -82.824806 58.795815 -89.655922
v -82.816742 245.877365 -42.104828
v -82.807869 218.925919 -42.228931
v -82.786400 193.804962 -90.251549
v -82.735794 82.148781 -41.999588
v -82.721878 268.549255 -78.756310
v -82.708183 219.079910 -42.125557
v -82.622391 218.960495 -42.459324
v -82.577026 72.491219 -89.586845
v -82.560074 118.601570 -89.406693
v -82.528900 81.636696 -89.450546
v -82.504837 86.264992 -89.465164
v -82.481964 100.304024 -89.400925
v -82.481964 100.413376 -89.563835
v -82.455490 208.138504 -90.356339
v -82.387245 118.524445 -89.458466
v -82.337227 219.031738 -42.411510
v -82.320244 268.539337 -78.233627
v -82.285980 205.301422 -41.737209
v -82.267120 62.502281 -41.492554
v -82.259735 268.578918 -80.589073
v -82.201706 268.617950 -77.122177
v -82.174774 209.835907 -41.736748
v -82.155937 109.407303 -88.489098
v -82.095184 264.860016 -76.998070
v -82.091934 191.677612 -41.637360
v -82.008141 268.531586 -77.180161
v -82.005653 264.490448 -76.981476
v -81.954575 86.744949 -41.450462
v -81.921318 182.016556 -89.008972
v -81.905678 191.594498 -41.693153
v -81.887108 265.303894 -76.964767
v -81.845642 254.976944 -88.925545
v -81.810287 109.471764 -88.918457
v -81.768570 268.689362 -80.779617
v -81.749626 181.939926 -89.060402
v -81.735664 145.397232 -88.666771
v -81.708054 264.564758 -76.931580
v -81.670212 181.938034 -89.531197
v -81.652084 254.890564 -88.983528
v -81.624573 81.651474 -88.720306
v -81.621017 268.113861 -76.931213
v -81.604019 264.847961 -77.006149
v -81.575005 268.602966 -80.837593
v -81.548050 255.051270 -88.875648
v -81.504745 209.897659 -41.188076
v -81.483932 72.464264 -88.164291
v -81.471695 145.571793 -88.784348
v -81.462860 131.776993 -88.888603
v -81.458519 254.926666 -89.223969
v -81.448967 81.573112 -88.772903
v -81.439720 157.627716 -88.908295
v -81.419563 258.483246 -41.093807
v -81.410652 225.238449 -89.442093
v -81.406242 182.003967 -89.486938
v -81.392281 145.352631 -88.931473
v -81.380646 123.237587 -88.657822
v -81.369911 136.388214 -40.749706
v -81.362518 160.775772 -88.907974
v -81.356819 100.350113 -40.821873
v -81.356453 63.351540 -88.518707
v -81.355560 242.838898 -41.019894
v -81.343285 124.230362 -41.091026
v -81.342529 160.677155 -40.930264
v -81.337921 268.515259 -78.249794
v -81.337486 177.512665 -89.215118
v -81.329613 265.857635 -41.191010
v -81.326241 157.430313 -40.827240
v -81.323524 140.969971 -88.821495
v -81.311935 62.517891 -40.721241
v -81.308327 72.497017 -88.382416
v -81.299271 200.140671 -88.815773
v -81.291954 249.027725 -40.951515
v -81.277405 268.554840 -80.605240
v -81.240784 120.614334 -40.971603
v -81.212845 168.385590 -89.237976
v -81.202003 264.854919 -53.641182
v -81.147522 72.957138 -40.561268
v -81.147522 73.074493 -40.736103
v -81.143333 224.400009 -40.836903
v -81.127579 200.172699 -89.029037
v -81.123154 176.728348 -40.975914
v -81.114929 123.303955 -88.613274
v -81.086075 185.918365 -40.919193
v -81.073517 177.469955 -89.009026
v -81.067777 56.216726 -88.209226
v -81.061737 72.955086 -41.069866
v -81.060509 100.341957 -88.430222
v -81.060135 167.692993 -40.928829
v -81.052574 255.026871 -40.770100
v -81.051804 200.210876 -88.634987
v -81.034523 232.689484 -40.851994
v -81.023048 176.765152 -40.696541
v -81.011384 56.313436 -40.445275
v -81.002029 91.301941 -87.409088
v -80.979805 268.506683 -80.372887
v -80.965302 269.159454 -80.464058
v -80.962044 72.991722 -40.791660
v -80.943024 200.131897 -88.352150
v -80.922096 91.190674 -87.720085
v -80.847717 90.778984 -87.635635
v -80.829208 91.224815 -87.460861
v -80.814621 81.631561 -88.253456
v -80.809547 177.427261 -88.802925
v -80.771332 200.272552 -88.727249
v -80.766502 90.554817 -87.786110
v -80.734482 109.445236 -87.518394
v -80.728218 268.581818 -77.146431
v -80.708420 200.274918 -89.061523
v -80.701012 254.981216 -41.041100
v -80.682213 268.581024 -80.322990
v -80.645287 239.599594 -88.661034
v -80.638687 268.089783 -76.947388
v -80.621262 248.619965 -88.693375
v -80.621254 248.619965 -88.693375
v -80.616272 240.782623 -88.660912
v -80.604698 269.273895 -88.591949
v -80.586975 267.210968 -41.484310
v -80.578178 268.619263 -80.032654
v -80.577736 90.735313 -87.424850
v -80.576447 91.145782 -87.986534
v -80.573196 265.925873 -87.663322
v -80.569904 56.298099 -40.124678
v -80.563492 91.291183 -87.416306
v -80.561661 109.368111 -87.570160
v -80.542931 264.875061 -46.176842
v -80.524139 214.684525 -40.257359
v -80.515167 268.169464 -87.480621
v -80.512238 240.943344 -88.553032
v -80.500664 269.312134 -88.301613
v -80.498169 264.781067 -87.373108
v -80.498169 264.903564 -87.555565
v -80.498169 264.903564 -87.555557
v -80.486794 200.798157 -40.195034
v -80.486153 269.352509 -87.480507
v -80.486153 269.352509 -87.480499
v -80.486153 269.474976 -87.662956
v -80.483559 91.289276 -87.890213
v -80.474144 268.657501 -79.742317
v -80.473312 224.461746 -40.288235
v -80.419846 264.761169 -49.377834
v -80.390671 91.214066 -87.468079
v -80.388832 109.400345 -87.784843
v -80.370110 268.573273 -79.269531
v -80.365440 184.730042 -88.596077
v -80.320915 90.655006 -87.958969
v -80.310730 91.212151 -87.941986
v -80.301315 200.715393 -40.250595
v -80.294464 213.262848 -88.559898
v -80.264694 228.686081 -88.536400
v -80.240784 211.885681 -88.545288
v -80.236580 200.744324 -40.135357
v -80.226532 90.689697 -87.695572
v -80.189316 213.984390 -88.545074
v -80.150429 200.742264 -40.646088
v -80.147530 268.077728 -76.955475
v -80.094045 56.153101 -87.422087
v -80.028984 269.013672 -77.121216
v -79.967285 145.426132 -87.238808
v -79.967285 145.534760 -87.400650
v -79.950218 200.697998 -39.911777
v -79.939461 268.644104 -77.104622
v -79.930359 200.667206 -40.536552
v -79.922462 268.562561 -81.923401
v -79.911400 140.899017 -87.695320
v -79.893448 268.520844 -80.098724
v -79.864067 200.695938 -40.422508
v -79.844414 63.928978 -39.520428
v -79.833076 177.584259 -87.993256
v -79.795593 145.458145 -87.452080
v -79.789413 268.681549 -79.990845
v -79.733208 68.463409 -39.519966
v -79.733185 140.963379 -39.707470
v -79.718391 148.606201 -87.451759
v -79.713249 104.944412 -39.775280
v -79.694908 265.863556 -87.969826
v -79.684769 81.995483 -39.566391
v -79.672360 56.126225 -87.082770
v -79.670425 131.965698 -39.660583
v -79.656364 268.065704 -76.963554
v -79.650230 95.909103 -39.728195
v -79.641861 268.718445 -77.054726
v -79.640305 81.602669 -87.312416
v -79.624268 118.602219 -87.043137
v -79.619471 56.123900 -87.074272
v -79.577705 200.767471 -40.374496
v -79.552338 269.083740 -78.132866
v -79.544334 118.490952 -87.354141
v -79.537827 269.001648 -77.129295
v -79.516663 171.896973 -39.634903
v -79.496918 264.368713 -57.813141
v -79.483742 264.850281 -57.730240
v -79.447715 57.000353 -38.228695
v -79.425876 56.891323 -38.211750
v -79.382729 195.785004 -87.748627
v -79.381625 56.632015 -38.177413
v -79.305138 177.498856 -87.581062
v -79.277809 63.337421 -86.847427
v -79.221016 205.656250 -39.216507
v -79.198898 140.990082 -86.929909
v -79.135307 72.517586 -86.447739
v -79.125801 264.951050 -41.559208
v -79.118759 195.742310 -87.542526
v -79.039055 56.347444 -38.888507
v -79.027214 141.022110 -87.143173
v -79.007828 63.404858 -86.802162
v -79.007828 63.404861 -86.802162
v -78.970686 56.089421 -86.700110
v -78.944359 194.938751 -39.193611
v -78.927185 163.731049 -86.493362
v -78.889145 262.292480 -87.455582
v -78.878311 191.174377 -87.322144
v -78.854790 195.699600 -87.336426
v -78.849383 56.342398 -38.735350
v -78.838593 268.698639 -76.009346
v -78.784103 72.471970 -86.718468
v -78.772705 95.839325 -86.726433
v -78.755493 163.763062 -86.706627
v -78.740791 218.583130 -86.866692
v -78.685081 56.507965 -38.161602
v -78.671181 57.133450 -38.248959
v -78.645027 268.612274 -76.067329
v -78.639610 244.203598 -87.158554
v -78.632454 104.983681 -86.495972
v -78.616165 269.238159 -38.681435
v -78.584518 268.651855 -78.422775
v -78.583801 163.795090 -86.919899
v -78.578621 182.596619 -38.819489
v -78.554420 200.326584 -86.578133
v -78.536751 172.954163 -87.110313
v -78.520248 56.818779 -57.227356
v -78.516411 56.341690 -38.463986
v -78.493713 204.022110 -87.250473
v -78.492470 182.476715 -39.154655
v -78.420555 57.090134 -57.298817
v -78.397408 218.538528 -87.131393
v -78.390953 268.565460 -78.480759
v -78.390419 100.385590 -86.274124
v -78.388458 266.851349 -81.748726
v -78.385284 127.211632 -85.849380
v -78.385284 127.320267 -86.011223
v -78.347427 268.686615 -76.017433
v -78.344940 268.687134 -81.839775
v -78.344894 91.200172 -85.823227
v -78.342453 264.768463 -81.823540
v -78.323494 90.642830 -85.806168
v -78.307808 91.153236 -38.237743
v -78.307800 91.153236 -38.237743
v -78.307770 163.653336 -38.425243
v -78.305878 127.209732 -86.320175
v -78.295410 104.084702 -38.569668
v -78.281975 73.003960 -38.247341
v -78.281967 73.003960 -38.247341
v -78.281937 145.503967 -38.434841
v -78.281876 127.729248 -38.487690
v -78.276497 163.741119 -85.978416
v -78.275192 157.394363 -38.568855
v -78.266319 164.324921 -38.605549
v -78.258827 136.368790 -86.510590
v -78.256104 127.354584 -38.444439
v -78.255936 109.503983 -38.497330
v -78.250099 56.351954 -38.247698
v -78.245041 82.155594 -38.190853
v -78.245041 82.155602 -38.190857
v -78.245010 154.655655 -38.378357
v -78.242622 151.018036 -38.537636
v -78.234787 98.820061 -38.538200
v -78.229996 91.278709 -38.506966
v -78.229111 90.788628 -85.708298
v -78.219410 56.352489 -38.256786
v -78.219208 64.006325 -38.200455
v -78.219177 136.506271 -38.387951
v -78.218849 118.693939 -38.440605
v -78.216454 115.041115 -38.600552
v -78.211517 249.285553 -38.615303
v -78.211044 200.173340 -86.680992
v -78.211044 200.281982 -86.842834
v -78.197083 163.739227 -86.449211
v -78.196182 72.884552 -38.581108
v -78.192909 100.468666 -38.450245
v -78.188131 56.353042 -38.266049
v -78.187424 258.438263 -86.866768
v -78.162949 236.718246 -38.639027
v -78.161087 254.992813 -38.629822
v -78.158226 113.547150 -38.584705
v -78.155330 56.358651 -38.173638
v -78.134186 127.133118 -86.371605
v -78.122330 91.305183 -38.642967
v -78.114777 245.872894 -38.502594
v -78.106003 182.467178 -38.651703
v -78.099342 242.907074 -38.570644
v -78.095215 264.852417 -49.316574
v -78.093353 268.517334 -78.248405
v -78.082596 73.429321 -38.215427
v -78.078850 268.312744 -77.062386
v -78.076874 120.615036 -38.424408
v -78.075653 269.373169 -38.590809
v -78.071129 262.255981 -38.561333
v -78.069679 109.420860 -38.553123
v -78.069244 232.890320 -38.434666
v -78.068474 236.864197 -38.541058
v -78.062485 269.965942 -38.673599
v -78.059570 82.072830 -38.246418
v -78.059570 82.072830 -38.246414
v -78.059532 154.572876 -38.433918
v -78.057732 237.153442 -38.362743
v -78.040588 169.543274 -38.413437
v -78.033737 63.923557 -38.256012
v -78.033699 136.423508 -38.443512
v -78.032600 118.610817 -38.496399
v -78.031906 219.003967 -38.372341
v -78.031837 200.729355 -38.362690
v -78.012527 163.698425 -85.772316
v -78.010712 72.919144 -38.811501
v -78.009056 104.156227 -38.521652
v -78.008812 172.868759 -86.698120
v -78.006660 100.385551 -38.506035
v -78.006065 200.854477 -38.381935
v -78.005898 182.503983 -38.372330
v -77.999245 91.155273 -86.089668
v -77.996803 73.075188 -38.199528
v -77.994972 228.155701 -38.315853
v -77.992584 224.400711 -38.300301
v -77.990028 157.465591 -38.521042
v -77.987175 236.751022 -38.857372
v -77.987152 175.472839 -38.253254
v -77.985306 254.914383 -38.682476
v -77.985168 194.954422 -38.419067
v -77.979958 164.278610 -38.381969
v -77.974808 268.595947 -77.136963
v -77.972290 90.597214 -86.076897
v -77.969718 56.034798 -85.957175
v -77.969139 210.006226 -38.325451
v -77.968811 191.693985 -38.315605
v -77.960777 114.042061 -85.850594
v -77.960304 268.513855 -76.133392
v -77.960304 269.126221 -77.045670
v -77.959129 90.744957 -85.497505
v -77.955238 210.514359 -38.237976
v -77.953270 229.914810 -38.403099
v -77.952461 188.551392 -38.387714
v -77.939003 245.794449 -38.555252
v -77.936852 91.222412 -38.698528
v -77.936813 163.722519 -38.886032
v -77.933121 163.696533 -86.243111
v -77.919746 182.501923 -38.883060
v -77.914955 174.724823 -38.500694
v -77.911018 72.955780 -38.533295
v -77.910980 145.455780 -38.720795
v -77.910164 167.065582 -38.293896
v -77.909370 127.680862 -38.774841
v -77.895355 262.177521 -38.613987
v -77.893814 164.276550 -38.892700
v -77.885147 127.306404 -38.730392
v -77.883430 109.455597 -38.784477
v -77.882248 168.203949 -38.293777
v -77.877907 90.743011 -85.979027
v -77.857483 91.230331 -38.794117
v -77.848259 63.840786 -38.311573
v -77.846344 118.527702 -38.552189
v -77.838394 189.334152 -38.371632
v -77.837166 91.141693 -38.245491
v -77.837158 91.141693 -38.245491
v -77.837128 163.641800 -38.432991
v -77.834510 56.377110 -37.914560
v -77.827093 56.364610 -38.263233
v -77.822426 191.003571 -86.497749
v -77.820587 200.771713 -38.437496
v -77.819641 182.420868 -38.428123
v -77.811333 72.992424 -38.255085
v -77.811295 145.492416 -38.442589
v -77.809525 254.947159 -38.900822
v -77.809265 127.717659 -38.495472
v -77.807106 224.317932 -38.355862
v -77.804550 157.382828 -38.576603
v -77.800896 175.389725 -38.309048
v -77.796116 56.365148 -38.272618
v -77.785461 127.343048 -38.452183
v -77.783661 209.923447 -38.381012
v -77.783325 109.492393 -38.505108
v -77.774399 82.144058 -38.198605
v -77.774399 82.144058 -38.198601
v -77.774361 154.644104 -38.386105
v -77.772568 237.224670 -38.314930
v -77.765488 249.274612 -38.622643
v -77.762177 98.808472 -38.545979
v -77.757378 91.267120 -38.514748
v -77.756622 173.385498 -38.381039
v -77.748566 63.994785 -38.208199
v -77.748535 136.494736 -38.395699
v -77.746239 118.682343 -38.448387
v -77.733498 182.418808 -38.938854
v -77.722694 104.227753 -38.473640
v -77.720299 100.457077 -38.458023
v -77.719574 262.099091 -38.666641
v -77.719536 182.575500 -38.324318
v -77.716919 236.707306 -38.646366
v -77.715050 254.981888 -38.637161
v -77.711639 73.263779 -38.326546
v -77.710930 269.697845 -38.613220
v -77.703957 127.666306 -85.212379
v -77.698807 195.025955 -38.371052
v -77.693596 164.350128 -38.333954
v -77.691719 268.017517 -76.995895
v -77.686775 237.222626 -38.823532
v -77.684906 218.520966 -86.204140
v -77.677216 268.670288 -77.087067
v -77.672287 151.160492 -38.442009
v -77.669144 163.653824 -86.037018
v -77.668747 245.861954 -38.509937
v -77.660942 218.955780 -38.658298
v -77.659332 200.680969 -38.649841
v -77.653313 242.896133 -38.577988
v -77.648880 63.914070 -37.755161
v -77.642799 268.880676 -38.681053
v -77.635109 200.806305 -38.667892
v -77.633392 182.455597 -38.659481
v -77.633392 182.573441 -38.835049
v -77.629623 269.362244 -38.598152
v -77.625099 262.245026 -38.568672
v -77.624016 227.990158 -38.426975
v -77.622444 236.853256 -38.548401
v -77.619431 182.847992 -38.396076
v -77.607925 90.699341 -85.768234
v -77.607452 164.230225 -38.669121
v -77.598602 232.878784 -38.442413
v -77.598183 209.840683 -38.436573
v -77.596306 191.527756 -38.427193
v -77.587685 268.178223 -76.888016
v -77.587082 237.141907 -38.370491
v -77.573174 268.586029 -76.614273
v -77.561256 218.992416 -38.380089
v -77.559227 200.717758 -38.370472
v -77.558456 191.069504 -86.453491
v -77.539276 254.903442 -38.689819
v -77.535423 200.842941 -38.389683
v -77.533287 182.492386 -38.380112
v -77.531136 127.698540 -85.427055
v -77.524323 228.144165 -38.323601
v -77.521935 224.389175 -38.308048
v -77.514534 175.461258 -38.261036
v -77.513214 218.552979 -86.417404
v -77.512558 194.942841 -38.426846
v -77.507339 164.267014 -38.389748
v -77.498489 209.994690 -38.333199
v -77.496201 191.682404 -38.323387
v -77.483650 268.583893 -77.145050
v -77.482620 229.903275 -38.410843
v -77.469139 269.114166 -77.053757
v -77.421028 72.401344 -85.085114
v -77.409630 168.192352 -38.301559
v -77.394119 268.091858 -76.945999
v -77.383453 264.908020 -38.703899
v -77.372543 268.948181 -38.635738
v -77.365784 189.322556 -38.379414
v -77.358307 127.730766 -85.641731
v -77.343727 221.952240 -86.483231
v -77.337151 264.797058 -51.997593
v -77.336227 104.100372 -37.795128
v -77.336069 56.411687 -37.524448
v -77.326645 72.547142 -84.987244
v -77.302155 264.572418 -38.688831
v -77.284004 173.373901 -38.388817
v -77.282464 56.413180 -37.482511
v -77.282036 91.246941 -85.319206
v -77.265419 127.764908 -85.382500
v -77.263123 255.068298 -85.423538
v -77.246925 182.563919 -38.332096
v -77.245422 72.545204 -85.468773
v -77.221664 236.657974 -85.342262
v -77.220985 164.338547 -38.341736
v -77.196762 268.869751 -38.688393
v -77.142273 236.755676 -85.701981
v -77.141792 100.500648 -85.251648
v -77.124619 172.883209 -85.984138
v -77.104385 82.088440 -37.475109
v -77.086563 258.615265 -85.953949
v -77.064697 181.969482 -85.284393
v -77.058676 56.428054 -37.334752
v -77.041626 72.973442 -37.253387
v -77.031898 264.639923 -38.643517
v -77.028099 236.694077 -85.582703
v -77.007812 269.272858 -38.658150
v -76.992485 268.571838 -77.153130
v -76.970581 236.787689 -85.915245
v -76.950600 264.304321 -38.628448
v -76.948967 268.570526 -74.507347
v -76.948967 268.692993 -74.689804
v -76.942642 234.469803 -86.062584
v -76.938240 191.126663 -85.945602
v -76.937424 264.897095 -38.711243
v -76.934464 269.100800 -74.416061
v -76.902962 268.079803 -76.954086
v -76.875999 255.018021 -85.721954
v -76.866035 239.465805 -85.839493
v -76.864418 264.893066 -57.919777
v -76.859436 268.568359 -75.038124
v -76.856125 264.450256 -38.530483
v -76.854950 56.432581 -37.238628
v -76.846695 136.297836 -85.384415
v -76.834534 236.730164 -85.823143
v -76.798889 236.711075 -85.966675
v -76.774895 264.523499 -57.903187
v -76.774895 264.645966 -58.085640
v -76.766983 247.341385 -85.581619
v -76.761642 264.818634 -38.763897
v -76.737564 269.340363 -38.612839
v -76.724037 109.427010 -37.275635
v -76.721321 181.924881 -85.549088
v -76.694885 268.646179 -77.103233
v -76.670670 73.042618 -37.714172
v -76.625389 264.741425 -41.219227
v -76.605354 268.154144 -76.904182
v -76.599045 265.815765 -41.219116
v -76.582733 136.255142 -85.178322
v -76.571365 264.806671 -81.797897
v -76.568039 154.575150 -85.088356
v -76.561836 269.132599 -75.718048
v -76.556862 267.174072 -84.443443
v -76.547333 268.683075 -74.167114
v -76.534058 81.996178 -37.029816
v -76.513344 269.377289 -85.081856
v -76.489311 264.925385 -65.044106
v -76.477295 264.965240 -58.400658
v -76.464401 239.455902 -85.316803
v -76.445786 265.046539 -62.580776
v -76.443298 268.598846 -73.694321
v -76.437675 109.498535 -37.227619
v -76.423813 269.252686 -85.430176
v -76.421318 264.844086 -84.684120
v -76.416779 265.004822 -60.756104
v -76.409309 269.293060 -84.609062
v -76.409302 269.293060 -84.609062
v -76.406815 264.884491 -83.863014
v -76.377228 109.483818 -84.184135
v -76.365158 67.931686 -84.723907
v -76.358421 208.097092 -85.454132
v -76.351532 109.378624 -37.562782
v -76.341751 265.084778 -62.290443
v -76.328789 265.772034 -41.008114
v -76.323120 159.184692 -37.113472
v -76.318901 58.932014 -84.762337
v -76.304070 154.641083 -85.044098
v -76.290054 225.257324 -85.673233
v -76.260361 150.186996 -37.066586
v -76.240410 209.397644 -85.520180
v -76.204399 109.516052 -84.398811
v -76.202209 195.742950 -85.194481
v -76.197777 225.291229 -85.415710
v -76.186729 208.129120 -85.667404
v -76.158440 209.883438 -36.886189
v -76.145699 268.673187 -73.644424
v -76.121513 219.035187 -36.829700
v -76.086395 145.489059 -36.669567
v -76.078934 100.328720 -84.421814
v -76.077576 186.615891 -85.217331
v -75.952133 268.586792 -73.702408
v -75.949402 59.374214 -36.491211
v -75.926796 91.172913 -36.702873
v -75.912827 178.053406 -36.775696
v -75.891624 268.626373 -76.057854
v -75.875496 150.177505 -36.565731
v -75.845963 195.734177 -84.730850
v -75.841011 91.170860 -37.211472
v -75.839439 114.197067 -36.620403
v -75.813599 186.681824 -85.173073
v -75.807930 170.666656 -36.640652
v -75.790077 191.098404 -85.025520
v -75.774757 123.281876 -84.138184
v -75.766556 195.623627 -85.039810
v -75.741318 91.324860 -37.108101
v -75.738510 63.945290 -36.212543
v -75.720337 100.429230 -84.118034
v -75.715439 145.558228 -37.130356
v -75.698059 268.540009 -76.115837
v -75.674271 195.657547 -84.782288
v -75.660324 159.223450 -84.550507
v -75.654541 268.538666 -73.470055
v -75.647614 188.691071 -36.511242
v -75.643730 168.429596 -84.747978
v -75.626465 178.007095 -36.552116
v -75.599617 205.528061 -36.512814
v -75.589386 187.197098 -36.495392
v -75.577408 81.539749 -84.233246
v -75.568047 159.257370 -84.292976
v -75.562164 57.135429 -38.247631
v -75.529533 99.578300 -36.246513
v -75.518997 264.983948 -71.886185
v -75.483025 81.685547 -84.135376
v -75.479179 82.165787 -36.155136
v -75.475479 266.697266 -71.794777
v -75.458961 86.313843 -84.149994
v -75.453346 63.899158 -35.989899
v -75.440216 177.923965 -36.607906
v -75.431961 268.533051 -71.885818
v -75.429474 268.043671 -76.978340
v -75.414963 268.696442 -77.069504
v -75.403130 187.113983 -36.551186
v -75.400459 268.614349 -76.065941
v -75.383636 242.951447 -36.377712
v -75.379761 168.386887 -84.541885
v -75.379074 59.399315 -36.220753
v -75.365814 131.844223 -84.148262
v -75.293709 82.083015 -36.210693
v -75.282372 145.455673 -83.462807
v -75.193382 186.521698 -84.341507
v -75.189758 233.562637 -36.208069
v -75.166611 114.259071 -36.069439
v -75.155052 118.657845 -36.172783
v -75.115791 168.344193 -84.335785
v -75.102859 268.566193 -75.833588
v -75.068718 214.003265 -84.776222
v -75.023514 168.378113 -84.078255
v -75.014778 264.665375 -46.317600
v -75.005859 262.196960 -84.343704
v -75.004280 233.479874 -36.263630
v -74.955772 109.412399 -83.050522
v -74.954735 200.169479 -83.732780
v -74.943909 228.119766 -36.057457
v -74.938995 145.519714 -83.889343
v -74.904594 233.633865 -36.160255
v -74.783043 200.201492 -83.946053
v -74.768379 182.021606 -83.606064
v -74.736015 172.969269 -84.048286
v -74.734894 77.727684 -35.837326
v -74.720444 265.584290 -40.653446
v -74.707878 55.908175 -83.433955
v -74.700790 250.515259 -84.245117
v -74.643204 268.595337 -71.844009
v -74.630981 104.976463 -35.679008
v -74.611694 268.431671 -75.659218
v -74.611351 200.233521 -84.159317
v -74.610123 109.367508 -83.316971
v -74.597191 268.594543 -75.020569
v -74.597168 109.512909 -82.746742
v -74.593895 114.166420 -35.622284
v -74.523941 154.681442 -35.571308
v -74.481628 131.858673 -83.434288
v -74.424995 181.977005 -83.870766
v -74.403625 268.630615 -75.261002
v -74.389343 132.001221 -83.338593
v -74.285667 191.170013 -83.803658
v -74.251518 109.468018 -83.013184
v -74.225845 264.461853 -57.750622
v -74.212997 63.985996 -35.170776
v -74.212669 264.943420 -57.667721
v -74.206284 264.756195 -40.728622
v -74.179932 265.719299 -40.562820
v -74.164505 150.018097 -35.404682
v -74.101738 141.020401 -35.357796
v -74.099922 223.718246 -35.461437
v -74.025642 219.100998 -35.517464
v -73.988716 228.135376 -35.286140
v -73.987177 56.486829 -35.065395
v -73.984192 251.998734 -35.351955
v -73.977806 265.602966 -38.958462
v -73.939857 218.981583 -35.851231
v -73.938446 118.644592 -82.997406
v -73.916740 91.240776 -34.882050
v -73.863015 55.888855 -82.753957
v -73.823853 254.997330 -35.502251
v -73.791885 218.569977 -82.884575
v -73.771164 267.934479 -51.573997
v -73.750404 268.573395 -71.329407
v -73.743782 154.541885 -82.997841
v -73.714859 166.216095 -35.044018
v -73.697807 200.170868 -82.691711
v -73.680138 172.907104 -83.385735
v -73.676231 63.458843 -82.684082
v -73.676224 63.458839 -82.684082
v -73.674423 264.633057 -51.626984
v -73.670586 164.211868 -35.116009
v -73.648071 255.030121 -35.720596
v -73.637161 265.409882 -45.096786
v -73.629036 91.229912 -82.022278
v -73.629036 91.339264 -82.185188
v -73.620193 218.493362 -82.936005
v -73.580872 264.855530 -79.383080
v -73.579849 127.395996 -34.866077
v -73.558121 264.295258 -38.634533
v -73.545792 91.192589 -35.167999
v -73.544952 264.888031 -38.717323
v -73.540779 218.491455 -83.406799
v -73.536583 94.973122 -34.753693
v -73.534187 91.202446 -34.738075
v -73.531860 90.673050 -81.944153
v -73.526115 200.202896 -82.904984
v -73.494064 127.276588 -35.199844
v -73.484329 164.246597 -35.347366
v -73.474556 264.627441 -44.900959
v -73.474556 264.738678 -45.066650
v -73.468643 131.813095 -34.690781
v -73.468643 131.930450 -34.865612
v -73.459122 254.988342 -35.027588
v -73.456207 91.262146 -82.236954
v -73.448212 265.813019 -45.066540
v -73.446098 91.229233 -34.889793
v -73.439346 72.562592 -81.855476
v -73.429474 200.741898 -34.906929
v -73.428497 166.287628 -34.996002
v -73.418381 228.043106 -34.840847
v -73.402222 136.321716 -82.786026
v -73.401474 191.075821 -82.927834
v -73.394371 127.313225 -34.921638
v -73.392548 209.893631 -34.850441
v -73.383278 154.614288 -34.855553
v -73.373695 269.368713 -34.988579
v -73.369171 262.251495 -34.959099
v -73.356262 90.705795 -82.162277
v -73.354424 200.234909 -83.118248
v -73.350327 95.007851 -34.985050
v -73.349213 252.057236 -34.831982
v -73.347931 91.237175 -34.969437
v -73.347145 173.473404 -35.011272
v -73.336792 118.652405 -34.903076
v -73.336006 200.770935 -34.769348
v -73.327614 163.727966 -81.996315
v -73.314125 118.592773 -82.323257
v -73.298080 164.163483 -35.403160
v -73.289337 194.996017 -34.825722
v -73.283348 254.909897 -35.080246
v -73.276840 181.948761 -82.950684
v -73.259247 268.683807 -71.519943
v -73.249855 200.768875 -35.280079
v -73.247040 173.392349 -34.556335
v -73.243996 200.776489 -35.137321
v -73.228783 81.593071 -82.516701
v -73.228394 264.622101 -51.634323
v -73.215843 154.565109 -82.747490
v -73.202042 265.696442 -51.634216
v -73.191132 265.287750 -44.938438
v -73.189224 195.150650 -34.721912
v -73.186378 163.698425 -82.054794
v -73.186378 163.807068 -82.216637
v -73.180656 90.627434 -82.214882
v -73.161682 91.271912 -35.200790
v -73.155205 268.722046 -71.229607
v -73.149750 200.805664 -35.000706
v -73.149353 267.845093 -51.633995
v -73.134399 81.627762 -82.253304
v -73.123810 182.462448 -34.834778
v -73.115799 238.148987 -83.018074
v -73.107567 254.942688 -35.298588
v -73.101997 56.474867 -34.359980
v -73.092247 218.516586 -82.685646
v -73.088142 72.516975 -82.126205
v -73.086723 191.652451 -34.778057
v -73.082245 255.047073 -82.261765
v -73.072342 63.918839 -34.455025
v -73.048416 118.549789 -82.115799
v -73.035416 72.953110 -34.223709
v -73.035416 72.953117 -34.223709
v -73.029949 55.882031 -82.083586
v -73.014687 163.621811 -82.106232
v -72.984238 163.792007 -82.422852
v -72.965866 93.254601 -82.081055
v -72.944115 177.523392 -82.634613
v -72.937553 182.497177 -35.066139
v -72.927666 269.357758 -34.995918
v -72.924782 91.285530 -81.984947
v -72.920555 218.439972 -82.737076
v -72.920555 218.548615 -82.898918
v -72.888680 254.960709 -82.319740
v -72.875717 231.074966 -82.941887
v -72.869629 268.144165 -76.910881
v -72.857613 268.673920 -70.997253
v -72.852631 264.878235 -76.985825
v -72.849937 72.987701 -34.454102
v -72.846359 269.355804 -35.477921
v -72.842995 163.762466 -82.481331
v -72.839577 264.797180 -44.546677
v -72.795914 209.421524 -82.921768
v -72.782593 269.121307 -73.078957
v -72.775970 264.980042 -35.531017
v -72.763100 264.508698 -76.969231
v -72.753578 268.957092 -71.071831
v -72.734085 269.365967 -82.442764
v -72.731598 264.834930 -81.514259
v -72.731529 236.807007 -34.253162
v -72.723274 267.239929 -35.696487
v -72.719582 269.283875 -81.439201
v -72.719147 245.976425 -82.527840
v -72.714600 262.181396 -82.501472
v -72.713318 82.175980 -34.119408
v -72.703667 172.955460 -82.414223
v -72.702583 266.017944 -81.514137
v -72.695114 254.996796 -82.560181
v -72.676064 268.057800 -76.968864
v -72.671303 163.685852 -82.532768
v -72.663963 118.596550 -34.176548
v -72.659065 264.791870 -77.043800
v -72.644562 268.384033 -81.513901
v -72.638023 100.371284 -34.186184
v -72.638023 100.489128 -34.361752
v -72.618034 268.586731 -74.231796
v -72.613052 264.913544 -80.402817
v -72.610130 238.177307 -82.205048
v -72.600945 109.561241 -34.129463
v -72.587387 56.751511 -57.272514
v -72.560013 268.625763 -70.764900
v -72.526016 269.442444 -81.862099
v -72.502357 159.364487 -34.203049
v -72.467995 268.624176 -77.118019
v -72.465500 264.583008 -76.919334
v -72.463188 204.887497 -82.443848
v -72.455978 268.541534 -70.292107
v -72.447777 114.161568 -81.753082
v -72.428085 154.629898 -34.084240
v -72.426254 237.327820 -34.187874
v -72.414688 109.595970 -34.360821
v -72.402252 136.363159 -33.919003
v -72.396645 204.089340 -82.510109
v -72.394821 221.939087 -82.501114
v -72.379974 236.761353 -34.524162
v -72.376907 68.634415 -33.572132
v -72.376907 68.634422 -33.572132
v -72.361465 264.866211 -76.993904
v -72.351944 268.702240 -70.184227
v -72.340523 127.740181 -33.896248
v -72.293181 56.465582 -33.703256
v -72.291054 141.014984 -34.093372
v -72.276840 186.630981 -82.155304
v -72.271942 264.496643 -76.977310
v -72.240776 237.245056 -34.243435
v -72.228439 109.512856 -34.416615
v -72.208839 127.276962 -81.579834
v -72.190956 127.676453 -80.951965
v -72.178017 228.129944 -34.021713
v -72.170395 268.698486 -77.068123
v -72.170395 268.698486 -77.068115
v -72.167908 264.779816 -77.051888
v -72.167900 264.779816 -77.051888
v -72.154274 127.657066 -33.952042
v -72.141090 237.164337 -33.790394
v -72.141090 237.281693 -33.965225
v -72.116562 127.202240 -81.160477
v -72.078377 264.410248 -77.035294
v -72.024277 127.344795 -81.064781
v -71.968018 127.691803 -34.183399
v -71.955612 237.316284 -34.195621
v -71.944870 127.342896 -81.535576
v -71.928329 265.794922 -81.928528
v -71.925247 127.742821 -80.907410
v -71.869820 237.196869 -34.529392
v -71.855919 237.235565 -33.742580
v -71.852592 127.268181 -81.116211
v -71.845306 127.631561 -81.218407
v -71.845306 127.740913 -81.381317
v -71.771248 268.688049 -70.723091
v -71.770134 237.233505 -34.251183
v -71.748901 186.545578 -81.743111
v -71.734962 150.111511 -81.511337
v -71.670441 237.387512 -34.147808
v -71.642685 150.145416 -81.253807
v -71.577690 268.601685 -70.781075
v -71.517174 268.641266 -73.136520
v -71.404160 102.436882 -80.879883
v -71.393814 127.656860 -80.492493
v -71.383812 172.850601 -81.545570
v -71.257286 58.918560 -80.689529
v -71.254074 168.904984 -33.239071
v -71.246307 163.759354 -80.840096
v -71.222824 228.145569 -33.250393
v -71.220993 127.689087 -80.707169
v -71.208504 205.498245 -32.982246
v -71.206650 123.273964 -33.074162
v -71.162315 159.370605 -32.930882
v -71.114746 150.168655 -81.003448
v -71.031693 86.241936 -80.596634
v -71.029106 264.826782 -43.084721
v -70.996994 268.587494 -71.319931
v -70.988014 59.369495 -32.690224
v -70.986099 214.567200 -32.981319
v -70.985435 77.131149 -80.469536
v -70.967712 168.858658 -33.015491
v -70.956573 196.274048 -32.949131
v -70.951088 68.521126 -32.633739
v -70.930634 177.930817 -32.783203
v -70.921974 268.544983 -72.671814
v -70.907471 268.585358 -71.850708
v -70.902924 163.714752 -81.104797
v -70.897072 195.829651 -80.910583
v -70.867607 168.895462 -32.736118
v -70.864708 186.560028 -81.029121
v -70.864708 186.668671 -81.190964
v -70.831329 95.967064 -32.813137
v -70.827248 154.542526 -80.649803
v -70.827248 154.651169 -80.811646
v -70.803436 268.623596 -71.560371
v -70.803436 269.113495 -72.290192
v -70.802956 82.207199 -32.576790
v -70.787636 63.424816 -80.545952
v -70.713905 268.621460 -72.091141
v -70.713470 250.580429 -81.025360
v -70.707291 187.155563 -32.957840
v -70.697113 245.912796 -32.707432
v -70.694809 205.025040 -81.177719
v -70.691750 86.741631 -32.576328
v -70.670212 196.345566 -32.901119
v -70.647751 214.075516 -81.206299
v -70.633934 123.299171 -32.802570
v -70.615555 237.205048 -32.748611
v -70.607994 104.956047 -32.636642
v -70.603081 131.859924 -32.376839
v -70.591980 159.278351 -32.485588
v -70.580856 268.617981 -69.976135
v -70.580467 163.776169 -32.763336
v -70.570908 114.146011 -32.579922
v -70.570587 57.091248 -38.277290
v -70.567635 265.853973 -49.124969
v -70.566353 269.025787 -69.702393
v -70.544968 95.920738 -32.589561
v -70.543938 241.351196 -80.868546
v -70.529221 150.280655 -32.438702
v -70.476822 268.656219 -69.685799
v -70.471214 118.559280 -80.218933
v -70.455032 73.046074 -32.132423
v -70.447334 56.232006 -76.250092
v -70.439705 181.951309 -80.131844
v -70.434174 56.824188 -76.332794
v -70.418205 264.701202 -49.177734
v -70.394989 163.810760 -32.993729
v -70.387299 268.654083 -70.216568
v -70.372787 268.694458 -69.395462
v -70.268753 268.732697 -69.105125
v -70.268013 182.091965 -80.506950
v -70.247452 135.230316 -80.231995
v -70.244598 237.156860 -33.034569
v -70.156425 232.813019 -32.653446
v -70.104202 268.565552 -70.805328
v -70.069519 145.508453 -79.436447
v -70.053474 264.692230 -48.703072
v -69.974197 109.508514 -79.205025
v -69.971153 268.562073 -68.690315
v -69.902931 168.396973 -80.309418
v -69.864525 265.651428 -49.501282
v -69.855873 177.447418 -80.337997
v -69.846901 118.616814 -79.707695
v -69.752686 236.759964 -79.715775
v -69.726143 145.463852 -79.701149
v -69.725342 236.718033 -80.092964
v -69.717361 267.834839 -49.237404
v -69.717072 268.515259 -71.103745
v -69.628548 109.572968 -79.634377
v -69.575356 55.852473 -79.323343
v -69.567924 255.115021 -32.058369
v -69.553658 236.750046 -80.306229
v -69.445256 56.453838 -31.510048
v -69.419479 268.589600 -71.053848
v -69.414001 265.381317 -57.914818
v -69.365784 267.347382 -57.914612
v -69.365562 236.709686 -80.014191
v -69.351654 264.531830 -57.825272
v -69.277611 145.488983 -78.979996
v -69.261108 164.299774 -31.746241
v -69.216370 255.069366 -32.329369
v -69.178764 264.900665 -57.797600
v -69.163910 236.275543 -78.771935
v -69.126045 254.522583 -78.839165
v -69.116425 264.152954 -57.859665
v -69.092667 102.380005 -79.027573
v -69.074860 164.334503 -31.977600
v -69.072220 264.822601 -57.758282
v -69.053452 236.701920 -78.960732
v -69.049240 264.409027 -57.786072
v -69.043721 55.844785 -78.934167
v -69.038361 200.712067 -31.376358
v -69.036072 264.890594 -57.703171
v -69.022827 267.966248 -57.974205
v -69.012077 72.490677 -78.302124
v -69.010216 90.858055 -78.458450
v -69.003281 127.283401 -31.391088
v -68.998955 163.766312 -78.683937
v -68.998627 72.406265 -78.441566
v -68.998627 72.529396 -78.625000
v -68.991280 109.557198 -78.227097
v -68.989441 127.634125 -78.380951
v -68.974823 218.502716 -78.970795
v -68.974754 164.253448 -31.522661
v -68.970200 267.520813 -57.620049
v -68.960236 236.798553 -79.042152
v -68.957291 261.403809 -78.838463
v -68.957291 261.709137 -79.293289
v -68.949371 268.356842 -78.789581
v -68.946945 245.428162 -79.225861
v -68.937737 267.337646 -57.884338
v -68.936050 127.160194 -78.606339
v -68.935249 264.320038 -76.880913
v -68.934235 145.444382 -79.244698
v -68.931473 265.369537 -58.362579
v -68.928421 265.629303 -57.687996
v -68.928314 268.577545 -71.061935
v -68.927338 264.454468 -66.674156
v -68.921364 145.480209 -78.516373
v -68.917351 268.049530 -66.460182
v -68.917351 268.151306 -66.611794
v -68.917351 268.354858 -66.915009
v -68.916626 236.235535 -78.578857
v -68.915283 267.642914 -70.691772
v -68.913742 265.160706 -57.732918
v -68.913177 91.259659 -78.221329
v -68.905296 268.184875 -65.929497
v -68.905296 268.591949 -66.535934
v -68.903595 127.320045 -31.112881
v -68.903229 268.185303 -70.767532
v -68.901794 264.861053 -57.941261
v -68.901741 210.017807 -31.216497
v -68.901352 255.025864 -79.099983
v -68.899094 263.911865 -74.075981
v -68.897789 200.348404 -78.804436
v -68.894043 72.444702 -78.149689
v -68.894043 72.444702 -78.149681
v -68.891174 268.625946 -70.691673
v -68.888603 164.251389 -32.033394
v -68.887032 264.454254 -74.151733
v -68.884964 264.352936 -78.838158
v -68.883255 266.928528 -57.755936
v -68.883255 267.132050 -58.059158
v -68.883255 267.335602 -58.362373
v -68.881187 264.079407 -58.348892
v -68.879120 267.743561 -68.644890
v -68.879120 267.947113 -68.948105
v -68.879120 268.048859 -69.099716
v -68.878761 254.482574 -78.646088
v -68.877991 264.774506 -47.926781
v -68.877052 268.151093 -74.089363
v -68.875725 267.777985 -57.687775
v -68.874985 268.355072 -79.230621
v -68.872910 264.488251 -78.307472
v -68.871208 267.470917 -57.831688
v -68.870842 261.842682 -79.203651
v -68.869133 264.520020 -58.273033
v -68.867065 267.573578 -67.659370
v -68.867065 268.184204 -68.569031
v -68.862930 268.592163 -78.851547
v -68.862930 268.897461 -79.306374
v -68.860863 264.012939 -76.867126
v -68.860497 245.256393 -78.681389
v -68.860497 245.459930 -78.984604
v -68.855011 268.115967 -67.735130
v -68.855011 268.624817 -68.493179
v -68.852943 264.452698 -67.115204
v -68.851639 265.737640 -47.760983
v -68.845718 90.704910 -78.398140
v -68.842957 268.149536 -67.052834
v -68.842232 236.335526 -79.171516
v -68.840889 264.486267 -66.432907
v -68.838379 91.244026 -31.144751
v -68.828835 267.674683 -70.450523
v -68.826736 200.184738 -79.015610
v -68.826736 200.292755 -79.176521
v -68.826698 163.684692 -78.765602
v -68.826698 163.792709 -78.926514
v -68.817802 127.317993 -31.621483
v -68.816780 268.115295 -70.374664
v -68.816307 109.469040 -78.601448
v -68.816307 109.576889 -78.762115
v -68.812263 264.491486 -57.924667
v -68.808868 267.028503 -58.348587
v -68.808792 227.680115 -79.821198
v -68.804726 268.555939 -70.298813
v -68.804367 254.480789 -79.087135
v -68.802658 267.640442 -73.772354
v -68.800591 264.384247 -73.758873
v -68.796448 261.433807 -79.038254
v -68.794739 263.907623 -57.804420
v -68.792671 263.908081 -62.642452
v -68.792671 268.080658 -68.858467
v -68.788498 164.288177 -31.754021
v -68.782684 264.450043 -57.880173
v -68.780762 269.104370 -68.855637
v -68.780624 264.450470 -62.718208
v -68.780624 268.623047 -68.934219
v -68.770638 264.890656 -57.804317
v -68.766251 264.858124 -61.648590
v -68.764427 268.861023 -78.231216
v -68.764359 127.192207 -78.819603
v -68.764191 163.786972 -78.938446
v -68.764153 127.287018 -78.688438
v -68.758781 264.369812 -78.385788
v -68.758575 265.433075 -57.880074
v -68.757164 268.108002 -50.976822
v -68.757164 268.219238 -51.142513
v -68.755859 236.653778 -78.728378
v -68.750267 56.805962 -76.141548
v -68.749588 182.002716 -78.848991
v -68.749550 145.502716 -78.598991
v -68.749252 264.899017 -66.649818
v -68.748917 200.266357 -78.871445
v -68.748871 236.766403 -79.121445
v -68.741089 118.539337 -31.413555
v -68.741089 118.657188 -31.589119
v -68.740273 200.775726 -31.455372
v -68.739731 267.877747 -58.562958
v -68.738518 109.478165 -78.752769
v -68.735293 55.857669 -78.105788
v -68.734985 163.723602 -78.477837
v -68.734985 200.218460 -78.759544
v -68.734940 163.718414 -78.509537
v -68.734749 268.123749 -70.572548
v -68.734749 268.613647 -71.302376
v -68.734070 102.371162 -78.560883
v -68.733078 264.399323 -38.564674
v -68.731819 245.919098 -79.125626
v -68.729622 95.482880 -78.694809
v -68.728561 265.734955 -51.127666
v -68.727280 262.001587 -78.916809
v -68.727280 262.246552 -79.281715
v -68.724693 109.502708 -78.345779
v -68.723732 127.700493 -78.336403
v -68.722733 264.611816 -58.637894
v -68.720245 268.654022 -70.481262
v -68.717644 267.439453 -47.580006
v -68.716263 209.935043 -31.272058
v -68.715149 100.431923 -31.598757
v -68.710114 127.690552 -78.256462
v -68.709167 264.502838 -57.972939
v -68.708992 264.583405 -31.951687
v -68.708992 264.917053 -32.448761
v -68.708229 264.774689 -57.999245
v -68.708229 264.897156 -58.181698
v -68.707794 255.061966 -79.340424
v -68.707138 81.555855 -78.699951
v -68.707108 82.155647 -31.089731
v -68.707016 154.655701 -31.277191
v -68.705734 268.082031 -68.747879
v -68.705734 268.204529 -68.930336
v -68.705734 269.184326 -70.389977
v -68.704010 56.312641 -78.601341
v -68.702621 154.562653 -78.758217
v -68.702621 154.671280 -78.920059
v -68.702209 264.362427 -47.482368
v -68.702209 264.584839 -47.813747
v -68.702209 264.696075 -47.979439
v -68.701400 56.426165 -38.327208
v -68.700012 267.704865 -57.637833
v -68.699951 267.699524 -57.740433
v -68.695839 63.447330 -78.129753
v -68.695816 264.953735 -31.703098
v -68.694656 264.469421 -38.844391
v -68.692757 267.734833 -48.143044
v -68.691231 268.612305 -68.656593
v -68.691231 268.979736 -69.203957
v -68.691154 118.588371 -78.781540
v -68.690865 264.563538 -47.852737
v -68.689034 264.843964 -47.399467
v -68.689034 264.955200 -47.565155
v -68.689034 265.288849 -48.062225
v -68.689034 265.400085 -48.227917
v -68.689034 265.733734 -48.724991
v -68.688736 268.122955 -73.749107
v -68.688019 56.927727 -38.133446
v -68.687073 265.310608 -57.833881
v -68.686249 264.449219 -74.097786
v -68.686012 163.660141 -78.793839
v -68.685974 200.160095 -79.043846
v -68.685173 244.788254 -31.695095
v -68.685173 244.881531 -31.834066
v -68.684937 56.705765 -62.005795
v -68.684906 268.993896 -31.634935
v -68.684906 269.438782 -32.297699
v -68.684860 73.014107 -78.299629
v -68.684509 264.622498 -57.642792
v -68.684509 264.956146 -58.139862
v -68.683609 264.873322 -38.774860
v -68.681274 63.889015 -30.924498
v -68.681274 64.006378 -31.099331
v -68.681183 136.388962 -31.111956
v -68.681183 136.506317 -31.286789
v -68.680626 209.365387 -79.044540
v -68.680382 261.987915 -31.771149
v -68.679810 265.807007 -49.033943
v -68.679337 219.086777 -31.215574
v -68.678207 118.733780 -78.211311
v -68.678062 109.621880 -31.542034
v -68.676727 264.488556 -61.631996
v -68.676727 268.162811 -67.105659
v -68.676025 265.714508 -57.764347
v -68.675865 265.770416 -47.979328
v -68.675865 267.883606 -51.127445
v -68.675285 81.672661 -78.607346
v -68.671776 57.297951 -62.088501
v -68.671745 264.979523 -74.006500
v -68.671738 269.364227 -31.386347
v -68.671341 265.215271 -57.725582
v -68.671341 265.326477 -57.891273
v -68.671326 181.980209 -78.703880
v -68.671280 218.480209 -78.953880
v -68.670181 91.189926 -30.858414
v -68.670090 163.690033 -31.045872
v -68.668762 265.464600 -47.852646
v -68.668664 55.847065 -78.501038
v -68.667404 200.781250 -31.837149
v -68.667213 262.247009 -31.356867
v -68.667213 262.358246 -31.522558
v -68.666328 236.651642 -79.259155
v -68.666039 227.661224 -79.115898
v -68.664551 236.744019 -31.170906
v -68.663406 264.468018 -32.394497
v -68.662689 255.018600 -31.161699
v -68.662689 268.253937 -50.878857
v -68.660873 72.556175 -78.738373
v -68.659729 264.529449 -66.633232
v -68.659729 264.651917 -66.815681
v -68.659729 264.896881 -67.180595
v -68.659012 90.812439 -78.729179
v -68.658165 265.696808 -57.642681
v -68.657715 267.827484 -50.701492
v -68.657394 145.546143 -78.472115
v -68.657379 236.828445 -31.796888
v -68.657242 268.816620 -78.841507
v -68.655571 163.721710 -78.948631
v -68.655449 57.006130 -47.718010
v -68.654747 264.897949 -78.825279
v -68.654127 55.844747 -78.587276
v -68.654099 57.113331 -71.576653
v -68.654017 55.845704 -78.557353
v -68.652359 264.965179 -32.463936
v -68.652122 91.278763 -31.376108
v -68.652122 91.396606 -31.551674
v -68.651840 56.669373 -76.196609
v -68.651123 90.741196 -78.639854
v -68.650772 135.335831 -78.752602
v -68.650772 135.444473 -78.914436
v -68.649521 267.400848 -48.807671
v -68.647659 91.348541 -78.179420
v -68.647461 91.326027 -78.176781
v -68.647255 265.399353 -51.112598
v -68.645676 57.090664 -76.216515
v -68.645218 268.244080 -71.285782
v -68.645012 236.759369 -31.097523
v -68.644913 163.759247 -31.160070
v -68.644775 265.339966 -50.758572
v -68.644348 73.040649 -30.868011
v -68.644257 145.540649 -31.055471
v -68.643791 127.698578 -78.810303
v -68.642876 267.299347 -58.111637
v -68.641182 102.405304 -78.301651
v -68.640984 118.576134 -31.134184
v -68.640244 264.325958 -77.091888
v -68.639412 261.917938 -31.687189
v -68.639412 262.011230 -31.826160
v -68.639053 227.677628 -31.495190
v -68.638954 154.677567 -31.557732
v -68.638672 57.261555 -76.279320
v -68.637749 261.876984 -79.265129
v -68.636772 56.459053 -57.215214
v -68.636734 95.407661 -78.272675
v -68.635727 200.306000 -78.599831
v -68.633911 218.458435 -79.233589
v -68.633720 253.057037 -31.789074
v -68.633720 265.743835 -50.689041
v -68.632103 236.179443 -79.224663
v -68.631828 267.609955 -57.903137
v -68.630714 268.529419 -70.829582
v -68.630714 268.651886 -71.012039
v -68.629929 264.438660 -57.612831
v -68.629929 264.811798 -58.168716
v -68.629555 245.862000 -31.780134
v -68.629456 143.445541 -78.943123
v -68.629424 56.455391 -30.885759
v -68.627785 245.957336 -78.835297
v -68.627693 264.470245 -32.268002
v -68.625732 264.856232 -77.000603
v -68.624583 55.858667 -78.126676
v -68.624573 267.453339 -48.130402
v -68.624573 267.826477 -48.686283
v -68.624315 55.859600 -78.097705
v -68.623260 55.854240 -78.664642
v -68.623169 267.696625 -47.647728
v -68.623169 267.807861 -47.813419
v -68.622871 57.084538 -57.302574
v -68.622673 264.468597 -48.118042
v -68.621529 218.530426 -31.092567
v -68.621429 145.530426 -31.155115
v -68.621323 82.036240 -31.423500
v -68.621231 154.536285 -31.610958
v -68.621140 218.601837 -78.671181
v -68.621109 268.881744 -31.850792
v -68.621109 268.975037 -31.989761
v -68.621109 269.348175 -32.545647
v -68.620911 264.360474 -47.964371
v -68.619331 236.754272 -79.304947
v -68.619011 63.450897 -78.067009
v -68.618881 264.935852 -57.682274
v -68.618698 264.650055 -58.347557
v -68.618698 264.895020 -58.712471
v -68.618645 267.363922 -57.725361
v -68.618645 267.697601 -58.222435
v -68.618423 127.391273 -31.065067
v -68.616379 246.009888 -31.200165
v -68.616211 269.182190 -70.920746
v -68.615570 209.351013 -31.344734
v -68.615570 209.448685 -31.490232
v -68.615471 136.351074 -31.407280
v -68.615471 136.448730 -31.552776
v -68.615044 100.350868 -31.143822
v -68.615044 100.468719 -31.319386
v -68.614616 63.334278 -78.445747
v -68.614616 63.445389 -78.611275
v -68.614517 264.951782 -32.185101
v -68.614006 55.941101 -78.584663
v -68.613518 267.763947 -47.921902
v -68.613518 268.230377 -48.616753
v -68.612755 81.479431 -78.271034
v -68.612755 81.701653 -78.602081
v -68.611626 264.685944 -47.770569
v -68.611626 264.872498 -48.048512
v -68.610344 154.596558 -78.500687
v -68.610092 56.446423 -78.747353
v -68.607834 265.339752 -57.612740
v -68.607834 265.712891 -58.168621
v -68.607735 264.619568 -47.550091
v -68.607735 264.842010 -47.881470
v -68.607735 265.398132 -48.709923
v -68.607422 82.192284 -30.811527
v -68.607330 154.692337 -30.998983
v -68.605934 244.724091 -31.334986
v -68.605469 264.620056 -52.837444
v -68.603897 127.766090 -31.077461
v -68.603760 254.977722 -78.867630
v -68.603210 264.398102 -57.793411
v -68.603210 264.509338 -57.959103
v -68.602470 268.167847 -47.852371
v -68.601700 268.610168 -69.187363
v -68.600571 265.369690 -48.117950
v -68.600571 265.742828 -48.673832
v -68.600571 267.235382 -50.897358
v -68.599007 269.502960 -31.433790
v -68.598267 118.622513 -78.522308
v -68.598045 200.301483 -31.087612
v -68.597946 127.301590 -31.150158
v -68.596779 265.836914 -57.682178
v -68.595490 63.886963 -31.433096
v -68.595398 136.386917 -31.620556
v -68.594856 72.519432 -78.099518
v -68.594559 265.768463 -48.461330
v -68.594559 267.325562 -50.780998
v -68.594559 267.548004 -51.112377
v -68.590034 264.879669 -57.710510
v -68.589523 265.866882 -48.187393
v -68.589523 267.639282 -50.827827
v -68.589012 209.399048 -78.788872
v -68.588287 164.243927 -31.019711
v -68.587204 227.335785 -79.101288
v -68.587204 227.551483 -79.422630
v -68.584702 268.651093 -74.188591
v -68.584396 91.187874 -31.367012
v -68.584305 163.687973 -31.554474
v -68.584167 264.497131 -32.173359
v -68.583252 236.742081 -31.652908
v -68.582214 264.487457 -73.807449
v -68.581390 255.016647 -31.643703
v -68.581390 267.807129 -50.698097
v -68.581390 267.918335 -50.863789
v -68.579803 127.260040 -78.304550
v -68.578476 255.076523 -31.441420
v -68.578476 268.229767 -51.036236
v -68.578140 236.670990 -31.297808
v -68.577988 145.544235 -78.942909
v -68.577957 109.540825 -31.087099
v -68.576866 265.694885 -58.124687
v -68.576584 265.245026 -51.023876
v -68.574425 227.694885 -78.860229
v -68.573624 236.855316 -31.666283
v -68.573517 163.855209 -31.728825
v -68.573120 264.901031 -32.103828
v -68.570694 81.711105 -78.315460
v -68.570694 81.834229 -78.498894
v -68.569656 56.652004 -47.702110
v -68.567711 264.895264 -73.533707
v -68.567528 91.324112 -78.650688
v -68.566490 72.479752 -78.309456
v -68.565529 265.742218 -51.093311
v -68.564629 90.736015 -78.300255
v -68.561249 102.294044 -78.612656
v -68.560144 56.454512 -31.158433
v -68.559794 56.454437 -31.190962
v -68.558563 73.038597 -31.376612
v -68.558487 135.369751 -78.495071
v -68.558472 145.538605 -31.564070
v -68.558182 268.608826 -66.541580
v -68.556885 200.304123 -79.067230
v -68.556381 267.824860 -49.090561
v -68.556091 227.610458 -31.118164
v -68.555992 154.610397 -31.180712
v -68.555672 56.595993 -76.016411
v -68.554482 252.992889 -31.428965
v -68.554016 200.810455 -31.686731
v -68.553207 269.344757 -79.280991
v -68.552780 265.322845 -50.683250
v -68.552742 109.546440 -78.234314
v -68.552582 267.732361 -57.820969
v -68.552017 91.315552 -31.096739
v -68.550713 264.813721 -78.352486
v -68.550690 264.747650 -57.808601
v -68.550140 218.528717 -31.515829
v -68.550041 145.528717 -31.578373
v -68.549126 262.350952 -31.396519
v -68.548977 55.851833 -78.422140
v -68.546532 90.656509 -78.164543
v -68.546165 267.423920 -58.073578
v -68.545334 268.135468 -48.882057
v -68.544128 264.913666 -38.700119
v -68.543434 264.404449 -47.757931
v -68.543434 264.777588 -48.313812
v -68.541870 267.472229 -47.798351
v -68.541870 267.805908 -48.295422
v -68.541183 268.159851 -70.812988
v -68.539642 265.338104 -58.017014
v -68.539604 265.804413 -50.600349
v -68.538696 269.385132 -78.459885
v -68.538261 245.832733 -79.183609
v -68.537170 143.370819 -78.523758
v -68.535080 245.896729 -31.516478
v -68.534279 267.793060 -47.700768
v -68.532639 127.271866 -31.398836
v -68.532608 209.381516 -31.113211
v -68.532509 136.381561 -31.175756
v -68.532387 264.901642 -47.827370
v -68.531662 267.954224 -57.982285
v -68.529007 63.325615 -78.417183
v -68.529007 63.448746 -78.600616
v -68.528694 267.842560 -47.549759
v -68.527718 236.680084 -78.888603
v -68.526649 200.299774 -31.510876
v -68.526550 127.299881 -31.573418
v -68.526505 56.430927 -73.998566
v -68.521332 265.398804 -47.896812
v -68.521332 267.357819 -50.815186
v -68.521332 267.544373 -51.093132
v -68.517754 127.764030 -31.588190
v -68.514320 163.692154 -79.007111
v -68.514282 200.192108 -79.257118
v -68.511917 56.964039 -73.906784
v -68.510284 255.074890 -31.845692
v -68.510284 265.802704 -47.827278
v -68.504845 72.517281 -78.633125
v -68.490997 191.539398 -31.288515
v -68.490997 191.657242 -31.464081
v -68.484940 200.223648 -78.665344
v -68.484901 236.723694 -78.915352
v -68.480682 81.585823 -78.665642
v -68.476234 56.702118 -76.414742
v -68.471451 264.870056 -57.726433
v -68.465057 173.431870 -31.473721
v -68.456924 228.155746 -31.214649
v -68.454941 172.851440 -78.922852
v -68.452583 191.062668 -78.945724
v -68.452583 191.171310 -79.107559
v -68.452545 227.562698 -79.195732
v -68.452545 227.671326 -79.357567
v -68.448044 127.756012 -78.212524
v -68.440300 154.783203 -78.905235
v -68.431099 209.888916 -31.049412
v -68.431099 210.006271 -31.224245
v -68.430496 100.365456 -78.419525
v -68.427971 182.621872 -31.416996
v -68.422768 163.742615 -79.201637
v -68.422729 127.242668 -78.951637
v -68.420181 218.401688 -79.476112
v -68.419998 237.190140 -30.983328
v -68.415916 118.661148 -78.490883
v -68.414261 264.690002 -57.597481
v -68.410629 264.848999 -57.949345
v -68.409935 127.278275 -78.227455
v -68.408165 181.958374 -79.112190
v -68.408119 145.458374 -78.862183
v -68.408119 145.566391 -79.023102
v -68.407349 182.046143 -78.659615
v -68.407310 218.546143 -78.909622
v -68.405533 200.221756 -79.136139
v -68.405487 236.721802 -79.386147
v -68.402031 164.396500 -31.426634
v -68.400627 63.946518 -31.332336
v -68.398743 82.194847 -30.988049
v -68.395782 218.459824 -31.562067
v -68.395370 182.102005 -78.548927
v -68.394966 200.759308 -31.097546
v -68.394867 127.759193 -31.222593
v -68.394165 219.040649 -30.992926
v -68.393555 200.282135 -79.183655
v -68.393517 163.782089 -78.933647
v -68.391708 109.575554 -31.318457
v -68.390884 191.576187 -31.009144
v -68.390152 55.857048 -78.298925
v -68.389008 191.677597 -31.495211
v -68.388908 118.677536 -31.620253
v -68.386429 200.228058 -79.118294
v -68.385597 91.306152 -77.974815
v -68.384216 218.492035 -30.907280
v -68.383789 109.458435 -78.608566
v -68.383789 109.566284 -78.769241
v -68.374992 172.885162 -78.939995
v -68.374992 172.993790 -79.101837
v -68.374947 209.385132 -79.190002
v -68.374947 209.493774 -79.351845
v -68.371483 182.530426 -31.092590
v -68.371384 109.530418 -31.217638
v -68.371140 228.036346 -31.548418
v -68.371017 109.601845 -78.046173
v -68.369209 127.754128 -78.679924
v -68.368332 200.891174 -31.002522
v -68.365524 173.351044 -31.344757
v -68.365524 173.448715 -31.490255
v -68.365425 100.351105 -31.469803
v -68.365425 100.448769 -31.615297
v -68.364944 173.350815 -31.018782
v -68.364944 173.468658 -31.194347
v -68.363365 91.299500 -31.436409
v -68.363190 172.885162 -78.666794
v -68.363152 136.385193 -78.416786
v -68.362107 56.453309 -31.364331
v -68.361382 191.065292 -79.301521
v -68.361343 154.457260 -78.890594
v -68.361343 154.565277 -79.051514
v -68.360306 191.096588 -78.688194
v -68.360260 227.596619 -78.938202
v -68.357239 228.192398 -30.936440
v -68.353806 200.766190 -30.952421
v -68.351929 73.088234 -31.026932
v -68.348000 164.301529 -31.087637
v -68.347893 91.301651 -31.212681
v -68.346954 56.865116 -50.420525
v -68.345306 209.886856 -31.558016
v -68.342590 200.224121 -79.470383
v -68.338882 100.399124 -78.163857
v -68.337082 118.551407 -78.797607
v -68.336304 236.816940 -31.480995
v -68.336205 163.816818 -31.543537
v -68.334213 237.188080 -31.491932
v -68.329765 163.759995 -78.492050
v -68.329720 200.259949 -78.742058
v -68.327942 182.044235 -79.130417
v -68.327896 218.544235 -79.380424
v -68.327866 182.540817 -30.962059
v -68.324898 56.938271 -38.223351
v -68.324303 118.694824 -78.235214
v -68.324303 118.802673 -78.395882
v -68.323570 200.855270 -31.666302
v -68.323471 127.855156 -31.791348
v -68.322205 268.137085 -70.140137
v -68.321545 55.857678 -78.240180
v -68.316551 82.080452 -31.307800
v -68.316551 82.192879 -31.475292
v -68.316406 181.992096 -78.856125
v -68.316368 145.492096 -78.606117
v -68.316368 145.600113 -78.767036
v -68.314598 199.740158 -78.847183
v -68.314552 163.240112 -78.597183
v -68.312996 236.809586 -31.607597
v -68.312820 218.587997 -31.476040
v -68.312721 145.587982 -31.538584
v -68.311134 255.084152 -31.598391
v -68.308380 219.038605 -31.501530
v -68.306763 91.304268 -78.442215
v -68.306046 191.610428 -31.118187
v -68.305946 118.610367 -31.243233
v -68.305122 63.869186 -30.898321
v -68.301926 164.315445 -30.971699
v -68.300087 182.528717 -31.515850
v -68.299988 109.528717 -31.640894
v -68.299225 91.259102 -31.319201
v -68.299133 163.759201 -31.506659
v -68.295296 209.343124 -30.927921
v -68.292175 109.599960 -78.513573
v -68.289337 200.261383 -31.325586
v -68.289238 127.261490 -31.388130
v -68.289124 56.564644 -57.425133
v -68.284513 56.453208 -31.009942
v -68.284233 172.883270 -79.134911
v -68.284195 136.383301 -78.884903
v -68.283615 255.038223 -31.668716
v -68.283279 236.725983 -31.664074
v -68.282715 172.919083 -78.682472
v -68.282669 209.419052 -78.932480
v -68.282562 173.381531 -31.113232
v -68.282547 200.771759 -31.336292
v -68.282463 100.381592 -31.238277
v -68.279404 109.959068 -78.272514
v -68.276604 164.299820 -31.510895
v -68.276505 91.299942 -31.635939
v -68.275803 57.051430 -57.341331
v -68.273399 72.992470 -31.153965
v -68.273300 145.492462 -31.341425
v -68.269745 73.086266 -31.514174
v -68.269623 190.882996 -78.723625
v -68.269623 190.991013 -78.884544
v -68.269623 191.099030 -79.045456
v -68.269585 154.382965 -78.473618
v -68.269585 154.707016 -78.956367
v -68.267860 91.222168 -31.002394
v -68.267654 200.764130 -31.463152
v -68.267005 56.453198 -30.929985
v -68.264771 56.413429 -50.237801
v -68.247475 127.343094 -31.351023
v -68.242714 56.711445 -38.375610
v -68.239258 163.810074 -78.689514
v -68.239220 127.310112 -78.439514
v -68.231392 127.835556 -31.540176
v -68.223709 268.202393 -69.216583
v -68.192436 136.417023 -78.628845
v -68.174767 236.217300 -78.151253
v -68.158463 218.519104 -31.522276
v -68.149307 268.098846 -69.506020
v -68.147507 163.843796 -78.433449
v -68.147469 127.343842 -78.183449
v -68.147232 265.576202 -48.180908
v -68.145691 182.023926 -79.068184
v -68.141609 182.575562 -31.193419
v -68.136307 91.228203 -78.493271
v -68.115669 164.350189 -31.203056
v -68.090172 91.367737 -31.390604
v -68.086258 200.816879 -31.481016
v -68.086151 127.816765 -31.606060
v -68.080940 268.279449 -48.180634
v -68.075500 218.549606 -31.290751
v -68.074921 268.097076 -69.947060
v -68.068726 191.669708 -31.078398
v -68.062775 182.587982 -31.476061
v -68.062668 109.587990 -31.601105
v -68.049042 237.259308 -31.444118
v -68.040451 200.352859 -30.631008
v -68.039291 164.261429 -31.325607
v -68.039185 91.261551 -31.450653
v -68.023209 218.992477 -31.278881
v -68.021767 172.840820 -78.929985
v -68.013523 56.453204 -30.794245
v -67.997375 200.842987 -31.288479
v -67.996552 73.042076 -31.300877
v -67.981293 200.835663 -31.415138
v -67.920334 200.682526 -30.726973
v -67.853081 236.277283 -78.550835
v -67.820564 136.364059 -30.765392
v -67.814697 200.184601 -30.955009
v -67.813789 109.484138 -30.615540
v -67.806076 163.799438 -78.696648
v -67.806038 127.299492 -78.446640
v -67.743782 55.876618 -77.766079
v -67.724968 173.432922 -30.656628
v -67.710510 245.329926 -78.412109
v -67.709185 55.876429 -77.775729
v -67.703041 264.912811 -52.053238
v -67.654732 209.424988 -30.239792
v -67.652939 191.155853 -78.540466
v -67.631447 63.303551 -77.899834
v -67.631447 63.303555 -77.899834
v -67.618576 268.017731 -66.921379
v -67.611618 200.740097 -31.110443
v -67.576569 182.543411 -30.450701
v -67.568838 55.876564 -77.656461
v -67.544182 268.524811 -68.120468
v -67.540741 209.445190 -78.291771
v -67.538933 227.274063 -78.443512
v -67.518669 245.816605 -30.601624
v -67.511040 118.623360 -30.601349
v -67.505081 109.541702 -30.999008
v -67.445679 268.183044 -66.590485
v -67.404694 173.425018 -30.239817
v -67.376770 245.423462 -78.129395
v -67.369415 154.613785 -30.545271
v -67.367653 118.599426 -77.833107
v -67.365547 236.796631 -30.608700
v -67.300674 261.837982 -78.107185
v -67.290627 100.445259 -77.666756
v -67.273819 191.682693 -30.436506
v -67.269020 218.594788 -29.994072
v -67.268929 145.594788 -30.056625
v -67.267860 182.600983 -30.834169
v -67.250237 100.356194 -30.411106
v -67.228348 263.972931 -76.894005
v -67.227669 63.416725 -77.557785
v -67.218117 236.824127 -30.791834
v -67.216293 264.413544 -76.818146
v -67.198395 268.143036 -66.397408
v -67.129486 245.383453 -77.936317
v -67.114571 145.525909 -30.102863
v -67.107803 268.888092 -76.893501
v -67.097046 136.476425 -29.845741
v -67.083031 181.997726 -77.685219
v -67.078453 164.335419 -30.220669
v -67.074753 81.715370 -77.514351
v -67.067505 263.901154 -76.942184
v -67.061295 254.437866 -77.356552
v -67.055450 264.341766 -76.866325
v -67.036407 118.644241 -30.376270
v -67.033417 268.682770 -77.031326
v -67.033066 63.329884 -77.616074
v -67.033066 63.329887 -77.616074
v -67.008125 127.229904 -29.720886
v -67.007057 164.236038 -30.498430
v -66.994324 72.439018 -76.823097
v -66.991241 145.531448 -77.179161
v -66.978630 241.411316 -77.743652
v -66.960312 218.652359 -30.377541
v -66.960220 145.652359 -30.440094
v -66.959023 268.375702 -77.017532
v -66.957291 190.994751 -78.181755
v -66.946968 268.816315 -76.941681
v -66.942688 136.407547 -29.891979
v -66.939171 63.873085 -30.166821
v -66.925980 59.428734 -77.307877
v -66.888405 254.603180 -77.025658
v -66.872574 268.509216 -76.927895
v -66.865509 218.522690 -77.092842
v -66.820221 263.962921 -76.900719
v -66.805862 145.583481 -30.486332
v -66.803940 262.339111 -29.993353
v -66.789711 56.101288 -76.082405
v -66.788391 172.954468 -77.919998
v -66.788353 136.454498 -77.669998
v -66.785141 72.639030 -76.422752
v -66.781662 182.556396 -29.808811
v -66.773743 154.778214 -77.741463
v -66.770813 127.289185 -29.681095
v -66.759415 245.829010 -29.988527
v -66.741608 181.953384 -77.948418
v -66.739616 254.396088 -77.604523
v -66.733772 264.096466 -76.811081
v -66.727562 254.429642 -76.922226
v -66.727562 254.531418 -77.073837
v -66.720909 267.779602 -46.701870
v -66.719009 264.701569 -46.550537
v -66.714203 200.312759 -77.295700
v -66.699417 127.385139 -30.249851
v -66.696915 265.602661 -46.550446
v -66.695137 72.390617 -76.589500
v -66.695053 218.446625 -77.143906
v -66.649811 145.595123 -77.603264
v -66.647324 264.331757 -76.873047
v -66.643547 267.314880 -61.235298
v -66.639771 264.730713 -46.329395
v -66.622505 209.497253 -29.558109
v -66.615395 109.522682 -76.467842
v -66.606628 255.028015 -29.861275
v -66.605133 72.388466 -77.123108
v -66.580536 56.670689 -76.232353
v -66.574593 227.626831 -29.840828
v -66.574509 154.626770 -29.903381
v -66.562431 267.837830 -46.259590
v -66.557098 267.346649 -60.994045
v -66.555908 182.485809 -30.278309
v -66.555031 264.294006 -61.283779
v -66.550896 268.365692 -77.024254
v -66.545067 127.316261 -30.296089
v -66.543495 200.236572 -77.346840
v -66.542976 268.093048 -66.211060
v -66.524597 218.586258 -77.516304
v -66.500542 72.426910 -76.831223
v -66.480278 254.491409 -76.880768
v -66.478905 191.695679 -29.794617
v -66.468582 264.223999 -60.890915
v -66.462105 127.346748 -30.064564
v -66.444946 109.446617 -76.518898
v -66.444473 265.207031 -60.890816
v -66.413376 127.775574 -29.945267
v -66.405884 254.489624 -77.321808
v -66.399109 55.849352 -76.783681
v -66.395859 118.726120 -29.688145
v -66.390900 82.145462 -29.563431
v -66.372780 200.268417 -77.558891
v -66.343147 163.767731 -29.465927
v -66.330505 200.806183 -29.588688
v -66.330376 57.413971 -38.389954
v -66.317062 57.900757 -38.306152
v -66.311768 254.989716 -30.088573
v -66.307381 254.860260 -76.853088
v -66.306938 109.479622 -29.563292
v -66.306938 109.577293 -29.708790
v -66.303604 268.427460 -76.982788
v -66.288139 57.075939 -40.803513
v -66.274490 109.586258 -76.891296
v -66.270859 236.306137 -76.772072
v -66.267197 81.572327 -76.279968
v -66.257462 268.052368 -68.657524
v -66.245041 254.112549 -76.915161
v -66.234871 57.561501 -38.290924
v -66.226837 245.971375 -29.691376
v -66.218018 100.428459 -29.729429
v -66.156342 236.765518 -76.966705
v -66.138451 90.802444 -76.204025
v -66.135147 173.361237 -29.227350
v -66.128281 245.460541 -76.784958
v -66.120926 63.348415 -76.273232
v -66.110016 236.234360 -76.820251
v -66.104675 127.735474 -30.183239
v -66.096764 72.416954 -76.305748
v -66.091759 64.784027 -76.639969
v -66.089528 55.850741 -76.237690
v -66.072151 254.481400 -76.887482
v -66.064728 236.691345 -76.550362
v -66.064232 261.434418 -76.838600
v -66.056320 268.489227 -76.941330
v -66.047180 209.408417 -76.918037
v -66.046135 91.310127 -29.518547
v -66.034439 163.825302 -29.849400
v -66.033859 90.840881 -75.912140
v -66.032593 227.596405 -76.828720
v -66.023567 236.266129 -76.579002
v -66.021797 200.863739 -29.972157
v -66.017723 246.882431 -77.150047
v -66.016914 154.678146 -29.446781
v -66.000984 172.827087 -77.305229
v -65.998230 109.537193 -29.946758
v -65.985886 236.689453 -77.017769
v -65.985703 254.513168 -76.646233
v -65.968338 209.298676 -77.224770
v -65.968010 81.647064 -76.229797
v -65.967438 245.388763 -76.833138
v -65.953751 227.594513 -77.296127
v -65.943848 90.715599 -76.262314
v -65.941406 181.969635 -76.770378
v -65.941376 145.469635 -76.520378
v -65.926765 163.793350 -76.591843
v -65.923721 268.145905 -68.374809
v -65.923431 200.239304 -76.780052
v -65.921227 118.747002 -29.463070
v -65.911308 254.409622 -76.935661
v -65.910469 136.479813 -29.210300
v -65.908852 218.535141 -76.851410
v -65.906235 127.765373 -76.341705
v -65.902168 72.206985 -76.180611
v -65.899254 254.544952 -76.404976
v -65.899254 254.850266 -76.859810
v -65.891342 261.803284 -76.810928
v -65.887581 72.863228 -76.272263
v -65.887558 268.144806 -66.176315
v -65.883423 268.858063 -76.913658
v -65.864258 163.787613 -76.603767
v -65.864227 127.287659 -76.353775
v -65.862411 145.143692 -76.505745
v -65.862137 227.520340 -76.879784
v -65.839264 90.754044 -75.970428
v -65.836914 254.102539 -76.921875
v -65.835014 163.719070 -76.174866
v -65.831818 200.272980 -76.524384
v -65.824860 254.543167 -76.846024
v -65.821739 63.423145 -76.223068
v -65.821732 63.423149 -76.223068
v -65.817474 172.894547 -76.793106
v -65.817444 136.394562 -76.543106
v -65.817238 218.568817 -76.595734
v -65.815666 191.074677 -77.427826
v -65.812805 254.983795 -76.770164
v -65.809663 55.842190 -76.205598
v -65.806595 245.316986 -76.881317
v -65.802872 191.110291 -76.703651
v -65.802841 154.610260 -76.453651
v -65.802658 236.756805 -76.506424
v -65.797577 72.491684 -76.255585
v -65.797073 100.408493 -76.293037
v -65.790405 239.245239 -76.778488
v -65.790230 264.896271 -45.008720
v -65.785263 126.961716 -76.339142
v -65.780785 263.123383 -77.024406
v -65.777283 267.819275 -53.126076
v -65.773415 81.560219 -76.288094
v -65.770973 56.446840 -28.981998
v -65.757904 182.361130 -76.741005
v -65.757866 145.861130 -76.491005
v -65.756088 200.217224 -76.892982
v -65.756058 163.717178 -76.642982
v -65.737427 91.270027 -29.756519
v -65.730499 261.731506 -76.859108
v -65.725624 218.602493 -76.340065
v -65.723907 191.108398 -77.171768
v -65.723816 236.754913 -76.973824
v -65.718231 100.298752 -76.599770
v -65.707565 72.120148 -76.238899
v -65.703651 118.594444 -76.671120
v -65.701889 236.224350 -76.826973
v -65.693550 163.711426 -76.654907
v -65.693512 127.211472 -76.404907
v -65.692986 72.406998 -75.780266
v -65.692986 72.530128 -75.963699
v -65.683990 191.708679 -29.152725
v -65.683990 246.975967 -76.867332
v -65.680540 55.838562 -76.244425
v -65.678940 182.035202 -76.726372
v -65.678909 145.535202 -76.476372
v -65.676437 268.207672 -68.333344
v -65.673332 91.239449 -76.155052
v -65.664337 200.142929 -76.476006
v -65.664299 163.642883 -76.226006
v -65.664017 254.471390 -76.894203
v -65.658745 109.535141 -76.226410
v -65.655396 63.878948 -28.948078
v -65.647116 55.837624 -76.254477
v -65.646729 136.210373 -76.433327
v -65.644965 55.837501 -76.239159
v -65.644669 90.790329 -76.212151
v -65.644165 127.830833 -76.297760
v -65.636139 268.919830 -76.872192
v -65.632126 154.534088 -76.504791
v -65.627136 63.336304 -76.281357
v -65.627136 63.336308 -76.281364
v -65.618477 127.788559 -29.303381
v -65.614655 209.397812 -76.925156
v -65.612556 63.869419 -76.189583
v -65.612038 118.520271 -76.254784
v -65.601791 163.745148 -76.398849
v -65.601761 127.245201 -76.148849
v -65.600075 227.585800 -76.835838
v -65.599983 181.925293 -77.033577
v -65.599945 145.209259 -76.461739
v -65.589493 231.611435 -76.930420
v -65.588394 72.937958 -76.222099
v -65.587189 182.068924 -76.470314
v -65.587151 145.568924 -76.220314
v -65.581718 91.273125 -75.899384
v -65.567139 109.568810 -75.970741
v -65.559311 245.378754 -76.839859
v -65.555008 172.960098 -76.749100
v -65.554977 136.460129 -76.499100
v -65.550613 267.875916 -53.088070
v -65.538984 55.834415 -76.228428
v -65.538786 56.445759 -28.761550
v -65.537567 87.135437 -76.270805
v -65.524521 73.018700 -29.129917
v -65.517982 79.789360 -76.146400
v -65.512970 72.033302 -76.297195
v -65.510040 163.778870 -76.142784
v -65.510002 127.278923 -75.892784
v -65.508224 181.959015 -76.777512
v -65.508194 145.459015 -76.527512
v -65.498390 72.566414 -76.205414
v -65.495430 182.426697 -76.696999
v -65.495399 145.926697 -76.446999
v -65.493622 200.282776 -76.848976
v -65.493591 163.782730 -76.598976
v -65.493378 64.687225 -76.172783
v -65.491318 85.041435 -76.346024
v -65.490913 200.228699 -76.787170
v -65.488373 56.808041 -76.140152
v -65.476334 218.524536 -76.858528
v -65.475525 109.602486 -75.715073
v -65.474228 81.634956 -76.237930
v -65.473717 127.754768 -76.348824
v -65.464119 127.817345 -29.495113
v -65.461746 236.820374 -76.929886
v -65.455170 226.467941 -76.887009
v -65.450066 90.703491 -76.270447
v -65.446594 118.670227 -29.092499
v -65.443840 126.809357 -76.441414
v -65.442558 78.884712 -76.221489
v -65.439459 56.444250 -28.684187
v -65.434387 55.831212 -76.163342
v -65.431076 163.776993 -76.610901
v -65.431046 127.277039 -76.360901
v -65.429230 145.133072 -76.512878
v -65.423111 100.441452 -29.087543
v -65.416473 181.992737 -76.521446
v -65.405045 268.132996 -66.624077
v -65.401871 200.208496 -76.431999
v -65.397609 55.830335 -76.212362
v -65.384293 172.883926 -76.800232
v -65.384262 136.383942 -76.550232
v -65.382103 127.680588 -75.932487
v -65.369690 191.099670 -76.710785
v -65.369659 154.599640 -76.460785
v -65.364555 100.397888 -76.300156
v -65.349976 118.585724 -76.210846
v -65.348152 55.828882 -76.204013
v -65.346832 73.051834 -29.350634
v -65.339325 163.702698 -76.193924
v -65.337479 145.382828 -76.578651
v -65.327950 63.411037 -76.231194
v -65.324722 182.026459 -76.265388
v -65.324684 145.526459 -76.015388
v -65.322906 200.206604 -76.900116
v -65.322876 163.706543 -76.650116
v -65.305878 218.448471 -76.909592
v -65.303787 72.479576 -76.263710
v -65.283905 117.793320 -76.276619
v -65.273125 126.733170 -76.492554
v -65.268311 268.095886 -68.188454
v -65.260361 163.700806 -76.662041
v -65.260330 127.200851 -76.412041
v -65.258522 145.056900 -76.564018
v -65.256256 268.536530 -68.112602
v -65.247574 163.736420 -75.937859
v -65.247574 163.844437 -76.098778
v -65.245758 182.024567 -76.733505
v -65.245728 145.524567 -76.483505
v -65.240814 91.228844 -76.162170
v -65.232964 182.492249 -76.652992
v -65.232933 145.992249 -76.402992
v -65.226227 109.524536 -76.233528
v -65.195259 236.279663 -75.910141
v -65.181862 268.127686 -67.947205
v -65.169807 268.161224 -67.264908
v -65.161667 245.882950 -28.541195
v -65.153976 145.450287 -76.066528
v -65.139114 227.624023 -28.365307
v -65.139038 154.623962 -28.427872
v -65.115631 209.395081 -28.360352
v -65.115555 136.395142 -28.422916
v -65.109680 200.313339 -28.758015
v -65.109596 127.411118 -28.966072
v -65.109016 63.790565 -28.521486
v -65.099167 255.022064 -29.260494
v -65.095413 268.057678 -67.554337
v -65.093811 264.753296 -29.783932
v -65.088120 255.052826 -28.635082
v -65.087906 118.651184 -76.166901
v -65.085251 236.671860 -29.045692
v -65.085175 163.671738 -29.108250
v -65.083359 268.091217 -66.872047
v -65.076859 163.768250 -76.149918
v -65.075043 181.948395 -76.784645
v -65.075012 145.448395 -76.534645
v -65.073685 236.704056 -28.390903
v -65.073608 163.703949 -28.453466
v -65.060440 200.272156 -76.856110
v -65.058769 262.327240 -28.590183
v -65.055779 109.448471 -76.284592
v -65.051514 269.540161 -29.796110
v -65.050201 218.475113 -28.385948
v -65.050125 145.475113 -28.448511
v -65.047615 163.699707 -75.721016
v -65.041199 127.744164 -76.355942
v -65.028419 127.671867 -75.472206
v -65.026718 200.246170 -28.380993
v -65.026634 127.246277 -28.443558
v -65.019592 236.832230 -29.173683
v -65.018036 267.924988 -52.651951
v -65.008545 236.862991 -28.548273
v -64.978806 218.571075 -28.954708
v -64.978729 145.571075 -29.017267
v -64.955322 200.244461 -28.804253
v -64.943756 200.374329 -28.294964
v -64.936478 154.589020 -76.467911
v -64.930817 163.798187 -29.445480
v -64.920129 55.838445 -75.775977
v -64.913034 56.436373 -28.252277
v -64.908401 268.053436 -71.075966
v -64.906143 163.692078 -76.201050
v -64.889084 191.623993 -28.365337
v -64.889000 118.623940 -28.490402
v -64.881981 269.535889 -28.589447
v -64.880753 91.326180 -28.260002
v -64.876900 163.839554 -76.093987
v -64.873581 236.237885 -76.158112
v -64.872360 200.274948 -28.572727
v -64.870598 267.765900 -52.557144
v -64.870163 266.322693 -71.138130
v -64.868095 264.491272 -73.247185
v -64.865601 173.395111 -28.360382
v -64.865517 100.395164 -28.485447
v -64.859634 164.313400 -28.758047
v -64.859558 91.411179 -29.028603
v -64.859360 172.907013 -76.551300
v -64.848457 56.435411 -28.197306
v -64.846054 267.203949 -70.986420
v -64.835213 200.671799 -29.045719
v -64.835136 127.671684 -29.170780
v -64.833939 82.219559 -28.298885
v -64.833939 82.219566 -28.298883
v -64.831932 264.490173 -71.048691
v -64.830330 154.681534 -28.811340
v -64.823654 254.518478 -75.543045
v -64.823647 200.703995 -28.390934
v -64.823563 127.703888 -28.515999
v -64.813461 267.080505 -52.614037
v -64.812805 145.534393 -28.408722
v -64.800446 72.963455 -28.924042
v -64.800163 182.475113 -28.385979
v -64.800079 109.475113 -28.511044
v -64.798561 91.211784 -28.579752
v -64.798561 91.324219 -28.747242
v -64.787132 73.000519 -28.170275
v -64.776680 164.246216 -28.381023
v -64.776596 91.246338 -28.506088
v -64.740326 63.893906 -28.209156
v -64.735428 163.723907 -76.413109
v -64.734650 118.652725 -28.682135
v -64.728767 182.571075 -28.954735
v -64.728691 109.571068 -29.079796
v -64.719514 55.815232 -76.280853
v -64.716377 91.209816 -29.066996
v -64.716377 91.209816 -29.066994
v -64.716377 91.322250 -29.234486
v -64.712120 268.197296 -52.670746
v -64.711678 231.625778 -76.221581
v -64.705284 164.244522 -28.804283
v -64.699173 265.616455 -52.588852
v -64.693718 164.374390 -28.294996
v -64.687515 127.735443 -75.895668
v -64.656250 82.140266 -28.352112
v -64.622322 164.275009 -28.572758
v -64.620872 91.244919 -28.800472
v -64.562843 182.534393 -28.346188
v -64.539284 91.403282 -28.611794
v -64.525375 91.280022 -28.533947
v -64.515388 56.250713 -76.248184
v -64.514862 127.761459 -28.899464
v -64.501976 254.476700 -75.791023
v -64.459969 264.481262 -73.253906
v -64.456192 163.721420 -29.074905
v -64.443718 163.720917 -75.940201
v -64.404724 57.029259 -35.975624
v -64.343857 209.441345 -29.173531
v -64.335854 57.777237 -38.389069
v -64.333839 127.726723 -75.435387
v -64.322540 58.264027 -38.305267
v -64.321609 262.371429 -29.366882
v -64.277084 245.954636 -29.501028
v -64.228065 191.179596 -75.956856
v -64.197670 127.174652 -75.029083
v -64.195434 56.434640 -29.063413
v -64.189499 209.372452 -29.219769
v -64.169998 91.233864 -28.807892
v -64.158997 120.749092 -75.457863
v -64.047028 236.785492 -75.088753
v -64.032104 264.822296 -47.275856
v -63.998959 255.026321 -30.668764
v -63.992310 91.154572 -28.861122
v -63.939922 265.535583 -51.836784
v -63.927947 56.431067 -29.184800
v -63.856243 127.238327 -75.453194
v -63.851591 56.431920 -29.220117
v -63.848003 141.116562 -29.896839
v -63.826920 218.575531 -30.429119
v -63.812828 267.177277 -57.808876
v -63.810760 268.704254 -64.921066
v -63.786652 264.904114 -57.795296
v -63.784954 236.743103 -74.884140
v -63.774597 265.446503 -57.871048
v -63.759151 204.967621 -29.854925
v -63.759083 131.967712 -29.917480
v -63.724312 268.125427 -63.770153
v -63.693340 236.884628 -74.789139
v -63.651989 267.105499 -57.857056
v -63.643711 264.461243 -73.267342
v -63.620312 204.891510 -75.288689
v -63.610016 267.735535 -57.818851
v -63.598969 268.232697 -57.888290
v -63.589603 218.537140 -30.243832
v -63.577599 266.798401 -57.843269
v -63.566406 182.055191 -74.845551
v -63.553490 267.781433 -57.843170
v -63.545616 254.952988 -30.314812
v -63.541824 267.454041 -57.806213
v -63.535660 236.665146 -75.402603
v -63.524170 227.714828 -30.414928
v -63.522888 236.808563 -74.840195
v -63.491150 266.931946 -57.753632
v -63.482872 264.389465 -73.315521
v -63.481987 214.018234 -75.222061
v -63.479095 267.474365 -57.829384
v -63.444046 236.806671 -75.307602
v -63.394394 267.388245 -57.850376
v -63.390579 268.117188 -63.335827
v -63.378525 264.894104 -57.802010
v -63.377983 264.463409 -38.848434
v -63.370399 265.304596 -57.837925
v -63.366936 264.867310 -38.778904
v -63.359348 265.708496 -57.768391
v -63.330307 267.369019 -58.559860
v -63.306854 187.125961 -30.329405
v -63.298744 264.585815 -38.766266
v -63.292076 265.129425 -57.863979
v -63.272854 267.819855 -51.109810
v -63.253845 266.248230 -62.171230
v -63.241417 196.205978 -30.355001
v -63.231903 105.018272 -74.597076
v -63.226761 266.730560 -51.236237
v -63.224979 182.010849 -75.108742
v -63.224865 268.130249 -57.755478
v -63.220200 127.762497 -31.220379
v -63.217682 265.229401 -58.456631
v -63.217682 268.180725 -62.853325
v -63.215614 264.415680 -62.081787
v -63.205627 268.214294 -62.171028
v -63.202766 264.646912 -51.223782
v -63.191719 265.144104 -51.293221
v -63.180668 265.548004 -51.223686
v -63.157051 258.751221 -74.901009
v -63.128944 95.925949 -30.641233
v -63.125423 267.847321 -51.292946
v -63.108162 95.849228 -74.459091
v -63.105057 264.412811 -60.324333
v -63.096298 173.417038 -30.456234
v -63.070267 131.983475 -30.962179
v -63.070225 118.529633 -74.383965
v -63.069534 187.185242 -30.289616
v -63.063511 105.005898 -30.666830
v -63.060692 241.510101 -30.871752
v -63.025322 109.470329 -73.939255
v -63.025322 109.578178 -74.099922
v -63.020290 267.379059 -57.856537
v -63.014740 113.711624 -74.355164
v -63.009243 267.782959 -57.787003
v -62.998192 268.280151 -57.856441
v -62.996296 265.295410 -57.844086
v -62.985901 177.576950 -75.050529
v -62.985249 265.699310 -57.774551
v -62.982452 268.107178 -63.342545
v -62.976097 264.610260 -51.046806
v -62.974659 168.954651 -30.707918
v -62.974590 95.954735 -30.832968
v -62.923916 222.451675 -74.921600
v -62.905602 59.427578 -30.721304
v -62.899921 127.754593 -30.803570
v -62.898750 267.810669 -51.115971
v -62.891632 95.985229 -30.601444
v -62.863708 266.224213 -51.172955
v -62.854870 109.502113 -74.150978
v -62.838581 172.893295 -74.926544
v -62.835350 227.632935 -31.314135
v -62.821529 77.561516 -30.696768
v -62.813820 245.918945 -31.540867
v -62.774719 68.454903 -30.735649
v -62.770218 168.427567 -74.656273
v -62.763256 109.427933 -73.734642
v -62.746826 172.927017 -74.670479
v -62.734581 245.948074 -31.319729
v -62.727913 59.348282 -30.774530
v -62.696934 268.066498 -65.789017
v -62.690651 86.701263 -30.878605
v -62.665882 95.914642 -31.070938
v -62.657513 209.335098 -31.355415
v -62.657448 136.432831 -31.563457
v -62.648716 268.200714 -63.059834
v -62.592804 109.567574 -74.107040
v -62.586376 263.891052 -57.815544
v -62.574326 264.433441 -57.891304
v -62.550217 265.416504 -57.891197
v -62.546093 118.660553 -74.296082
v -62.514053 266.840149 -57.815247
v -62.512962 86.846832 -31.266811
v -62.509552 251.442886 -74.308708
v -62.503094 136.363937 -31.609695
v -62.501999 267.382568 -57.890999
v -62.499931 264.126373 -57.877518
v -62.498756 267.304108 -57.906857
v -62.491287 242.216705 -74.344002
v -62.487877 268.128937 -63.108013
v -62.487709 267.708008 -57.837326
v -62.472771 236.835999 -32.523487
v -62.449646 268.128265 -65.747551
v -62.436859 127.743286 -31.233274
v -62.436832 57.880543 -38.319725
v -62.422352 109.491508 -74.158104
v -62.417622 264.441772 -57.812325
v -62.408470 250.572617 -32.045647
v -62.406570 264.845673 -57.742794
v -62.389374 268.194275 -62.184464
v -62.363178 81.968788 -73.885193
v -62.338383 264.564209 -57.730156
v -62.335274 86.767540 -31.320042
v -62.318417 236.864777 -32.715221
v -62.309414 67.932877 -73.728027
v -62.308693 236.828308 -32.804928
v -62.252644 264.188141 -57.836052
v -62.244003 82.786598 -73.868385
v -62.237045 265.680969 -57.786865
v -62.235455 236.699936 -32.192699
v -62.229424 83.442841 -73.960045
v -62.228981 59.149036 -73.770485
v -62.220695 124.124947 -31.762623
v -62.190948 264.498413 -57.774319
v -62.166199 264.423431 -57.898018
v -62.164062 236.698227 -32.615963
v -62.164062 236.795898 -32.761459
v -62.142090 265.406494 -57.897919
v -62.142090 268.154266 -61.991390
v -62.136909 78.885445 -73.560188
v -62.115910 268.221832 -65.464836
v -62.105927 266.830139 -57.821964
v -62.093872 267.372559 -57.897720
v -62.091801 264.014587 -57.732620
v -62.082024 236.791641 -32.627953
v -62.079750 268.220703 -63.266338
v -62.068340 142.602386 -74.010002
v -62.059940 150.090225 -74.119034
v -62.043518 264.432617 -57.818481
v -62.034367 267.821228 -57.761314
v -62.032471 264.836517 -57.748955
v -62.029007 264.492493 -38.828903
v -62.017960 264.896393 -38.759373
v -62.009705 236.824677 -32.953194
v -62.002785 236.820755 -32.406815
v -61.998138 236.759216 -32.152908
v -61.982819 168.408203 -74.202415
v -61.962738 200.269135 -32.797787
v -61.944412 133.527313 -74.032722
v -61.935242 90.781113 -73.025368
v -61.921406 159.230850 -74.052307
v -61.918358 227.674973 -74.212227
v -61.914032 200.698181 -32.615978
v -61.897984 267.351562 -57.875008
v -61.890549 182.566956 -32.756519
v -61.879776 200.299622 -32.566261
v -61.845234 90.655830 -73.375542
v -61.835495 163.724548 -74.078430
v -61.829651 159.264572 -73.796242
v -61.815380 123.351379 -73.711052
v -61.796421 200.245575 -73.279816
v -61.736134 109.400406 -32.782299
v -61.736134 109.595741 -33.073292
v -61.707783 268.110046 -65.319946
v -61.695728 268.652435 -65.395699
v -61.694389 88.846527 -73.525734
v -61.682693 269.458008 -34.286221
v -61.676716 200.757446 -32.576191
v -61.669746 266.970459 -34.343296
v -61.653233 182.528564 -32.571232
v -61.645752 264.886810 -34.330845
v -61.642460 200.261230 -32.380974
v -61.625969 200.277359 -73.491547
v -61.621334 268.243591 -65.230301
v -61.619381 124.101387 -73.440666
v -61.597225 268.208923 -63.714100
v -61.587795 191.608566 -32.596832
v -61.567184 159.330139 -73.752235
v -61.553314 123.308983 -73.506439
v -61.535069 236.845581 -32.728119
v -61.535030 186.613342 -74.120094
v -61.498817 109.459686 -32.742508
v -61.478867 223.205475 -32.808708
v -61.456014 56.475330 -32.395916
v -61.449703 232.300369 -73.671135
v -61.448929 124.025322 -73.491722
v -61.411495 268.303345 -57.034523
v -61.409897 100.310860 -32.763149
v -61.408806 209.294342 -73.731651
v -61.396469 159.145935 -73.642456
v -61.389946 214.154236 -32.974846
v -61.374046 268.101807 -64.885620
v -61.361992 268.237122 -64.354935
v -61.360306 200.289062 -73.343391
v -61.357315 124.058990 -73.236053
v -61.355499 72.991852 -33.521244
v -61.330360 265.534302 -57.078964
v -61.326939 100.439018 -32.677120
v -61.318501 140.957214 -33.169647
v -61.297348 145.513840 -33.909977
v -61.287598 268.133575 -64.644363
v -61.285065 200.233078 -73.754341
v -61.284286 91.203323 -72.450233
v -61.279251 232.224304 -73.722191
v -61.275112 267.740356 -57.009247
v -61.273865 127.285004 -33.905022
v -61.255547 100.339645 -32.954884
v -61.235538 141.085373 -33.083618
v -61.214390 145.544327 -33.678452
v -61.190907 127.217834 -33.528000
v -61.189594 200.212875 -73.394531
v -61.189594 200.320892 -73.555450
v -61.178249 164.256165 -33.650772
v -61.166481 163.673782 -33.961170
v -61.166481 163.771454 -34.106667
v -61.164497 73.174484 -33.155689
v -61.123886 245.939896 -33.542702
v -61.113834 91.235107 -72.661964
v -61.112446 181.922836 -73.067009
v -61.107944 127.345993 -33.441971
v -61.101246 173.368362 -33.021584
v -61.100224 262.261780 -33.673859
v -61.078545 268.094238 -61.811756
v -61.066044 227.654861 -33.409992
v -61.047325 109.513840 -33.972492
v -61.042507 136.425964 -33.467567
v -61.042271 195.853271 -73.753296
v -61.023842 91.285065 -33.967537
v -61.020695 182.064575 -72.971863
v -61.013729 269.317261 -34.380707
v -61.004150 268.092468 -62.252796
v -61.002682 269.347992 -33.755295
v -60.992615 151.235199 -33.446350
v -60.986809 73.095192 -33.208916
v -60.977074 145.505936 -33.493164
v -60.975510 100.469612 -72.756004
v -60.964363 109.544334 -33.740967
v -60.952156 105.070030 -72.930862
v -60.943382 91.266899 -72.873695
v -60.940933 164.217773 -33.465485
v -60.940880 91.217896 -33.590515
v -60.939999 63.876144 -33.080307
v -60.918343 186.670166 -73.615105
v -60.916054 91.192062 -33.938145
v -60.863281 264.392517 -68.035294
v -60.857971 164.345932 -33.379456
v -60.857918 91.346054 -33.504486
v -60.855927 82.122513 -33.223259
v -60.855003 254.420853 -72.529648
v -60.853294 268.089355 -67.972923
v -60.849979 182.096405 -73.183914
v -60.843311 268.529541 -63.059029
v -60.835129 111.461609 -33.509251
v -60.831257 268.054260 -61.618683
v -60.820549 91.339592 -33.839111
v -60.815063 266.358612 -68.035088
v -60.800941 264.458954 -69.310242
v -60.786579 164.148895 -33.511719
v -60.773743 82.008118 -33.543011
v -60.772823 160.441620 -33.809177
v -60.771019 181.986511 -73.491119
v -60.762310 63.796848 -33.133533
v -60.745571 109.522087 -72.273041
v -60.742741 268.188232 -66.367081
v -60.727047 109.505943 -33.555679
v -60.703564 91.277168 -33.550724
v -60.698334 254.945801 -34.754601
v -60.698299 120.442184 -33.812607
v -60.691849 163.792343 -33.881588
v -60.691204 56.499376 -33.373662
v -60.678238 82.155647 -33.443977
v -60.641956 218.621216 -72.598396
v -60.638130 100.454781 -33.721817
v -60.632484 191.019150 -73.263474
v -60.619095 254.974915 -34.533463
v -60.612209 204.923416 -33.894695
v -60.608589 218.529602 -34.892151
v -60.608536 145.529602 -34.954674
v -60.585945 264.862152 -47.249111
v -60.584621 63.942417 -33.521744
v -60.569847 268.251770 -65.884575
v -60.555336 172.837112 -73.096855
v -60.547356 91.295395 -33.625816
v -60.533321 254.480835 -72.929230
v -60.531586 227.641830 -34.262962
v -60.528671 56.411781 -57.284782
v -60.497520 268.147797 -61.335968
v -60.495453 268.046478 -66.022392
v -60.485466 268.588409 -61.260113
v -60.462887 87.358864 -33.595684
v -60.454182 145.558380 -35.146408
v -60.404667 109.477806 -72.535828
v -60.392422 255.031540 -34.495457
v -60.377228 227.670624 -34.454697
v -60.350983 56.332489 -57.338013
v -60.337666 56.931709 -57.421700
v -60.337662 56.931709 -57.421700
v -60.301048 218.576935 -72.861191
v -60.299828 145.489502 -35.192646
v -60.288307 218.521698 -34.475338
v -60.286396 268.108887 -63.341393
v -60.250233 268.107788 -61.142895
v -60.244991 254.965744 -34.539619
v -60.144680 127.719986 -34.836857
v -60.144680 127.817657 -34.982349
v -60.133907 145.550491 -34.729599
v -60.094486 196.259430 -34.540257
v -60.085255 268.851044 -72.080032
v -60.073200 268.986389 -71.549347
v -60.062511 145.451111 -35.007359
v -60.062511 145.548782 -35.152855
v -60.047024 266.713226 -71.535759
v -60.020847 264.440063 -71.522171
v -60.015793 191.075974 -72.758476
v -59.990514 56.484927 -34.271768
v -59.984684 264.438965 -69.323677
v -59.979553 145.481613 -34.775837
v -59.972851 191.601715 -34.500946
v -59.964714 268.067108 -63.589363
v -59.944794 127.690598 -71.730568
v -59.926529 120.586105 -34.771275
v -59.916500 268.201324 -60.860184
v -59.907364 127.779266 -34.797066
v -59.881443 232.248154 -34.969952
v -59.880424 55.919076 -71.905634
v -59.857170 196.318710 -34.500465
v -59.772175 120.614891 -34.963009
v -59.762592 124.162636 -34.903156
v -59.762245 104.990471 -34.898296
v -59.756607 267.765167 -55.783058
v -59.717426 268.128876 -63.547901
v -59.703259 264.840118 -43.635284
v -59.679283 105.118629 -34.812267
v -59.607277 264.714661 -55.814857
v -59.603889 127.646317 -71.993355
v -59.594818 268.057770 -60.956543
v -59.585182 265.615723 -55.814766
v -59.573570 100.507027 -71.798630
v -59.494247 268.225311 -65.022644
v -59.485474 72.418419 -70.983139
v -59.469280 177.634430 -72.210861
v -59.456703 218.534058 -36.366566
v -59.453583 178.048004 -35.156742
v -59.453537 105.048042 -35.281765
v -59.429840 268.902832 -72.045288
v -59.419113 240.488571 -35.589252
v -59.403118 100.430962 -71.849686
v -59.356216 209.319672 -35.586922
v -59.356216 209.417343 -35.732422
v -59.354118 145.451569 -71.397186
v -59.354118 145.559586 -71.558105
v -59.349236 258.827148 -71.991043
v -59.347530 268.221313 -61.066692
v -59.333405 268.153534 -65.070824
v -59.322845 204.929565 -72.000183
v -59.310467 79.800789 -71.349266
v -59.290874 72.577843 -71.408287
v -59.284908 227.610153 -71.925056
v -59.280689 248.209061 -71.861038
v -59.275158 145.449677 -71.865303
v -59.262428 238.982895 -71.896332
v -59.262363 145.593307 -71.302040
v -59.254875 266.015472 -72.004128
v -59.246960 268.185303 -64.829567
v -59.236252 236.302643 -71.276306
v -59.235073 267.690216 -55.833378
v -59.235046 78.896133 -71.424362
v -59.233173 264.705475 -55.821014
v -59.222851 268.150635 -63.313370
v -59.198891 77.735481 -35.682178
v -59.152084 68.516434 -35.553570
v -59.128816 55.938785 -71.302383
v -59.120438 63.299335 -71.250641
v -59.115868 79.713951 -71.407555
v -59.114452 227.534088 -71.976112
v -59.096279 72.490997 -71.466576
v -59.091648 145.517136 -71.353180
v -59.086121 268.113525 -64.877747
v -59.081696 72.531593 -70.641083
v -59.080185 131.886139 -36.092861
v -59.075409 236.332642 -71.476097
v -59.044868 154.624039 -71.542511
v -59.034859 118.610077 -71.300095
v -59.025848 268.179535 -61.314663
v -59.021206 77.656181 -35.735409
v -59.014748 140.966125 -36.118454
v -58.999672 268.043549 -64.484886
v -58.999672 268.145325 -64.636497
v -58.985291 163.766556 -71.007668
v -58.982067 218.457275 -35.995991
v -58.974396 68.437141 -35.606796
v -58.928692 239.076431 -71.613617
v -58.922764 163.868820 -71.180496
v -58.914570 236.260864 -71.524277
v -58.901596 168.887817 -35.607090
v -58.901356 82.711868 -35.986145
v -58.890957 139.680206 -71.536499
v -58.888775 172.832123 -71.933090
v -58.874172 191.047882 -71.843636
v -58.874153 154.547852 -71.593651
v -58.873917 264.758026 -47.722179
v -58.853687 187.114990 -36.035305
v -58.830162 95.886192 -36.155365
v -58.821754 209.306656 -36.439892
v -58.815796 200.224915 -36.837555
v -58.814575 163.798386 -71.219719
v -58.810730 95.887283 -71.170609
v -58.796707 68.470276 -35.827515
v -58.790253 254.437912 -71.198647
v -58.786114 248.129059 -71.474892
v -58.775356 209.337372 -71.605148
v -58.775356 209.445236 -71.765816
v -58.767101 200.751633 -36.801235
v -58.767025 130.605133 -71.559219
v -58.764729 104.966141 -36.180962
v -58.759026 195.797089 -71.923615
v -58.752052 163.792648 -71.231628
v -58.750221 145.472778 -71.616371
v -58.749897 59.363659 -35.866398
v -58.692501 72.481041 -70.941101
v -58.687645 249.580215 -36.542007
v -58.673092 163.790756 -71.699745
v -58.661442 200.253708 -37.029293
v -58.643864 163.830231 -71.431770
v -58.635094 186.613983 -71.785416
v -58.629414 254.569672 -71.550049
v -58.617466 151.242386 -36.818417
v -58.612747 200.682755 -36.847473
v -58.612747 200.780411 -36.992970
v -58.589222 109.551529 -37.113022
v -58.555382 268.134186 -62.444717
v -58.551243 120.467331 -70.985657
v -58.551243 120.575180 -71.146332
v -58.543327 268.167755 -61.762421
v -58.529785 200.713242 -36.615948
v -58.525311 100.337456 -70.980186
v -58.519936 154.647141 -71.293579
v -58.517830 109.452156 -37.390785
v -58.510727 118.740997 -71.212212
v -58.496559 195.646622 -71.557777
v -58.495518 200.314682 -36.566242
v -58.489567 127.250229 -70.776718
v -58.476246 85.279205 -70.864792
v -58.473152 163.646027 -71.321999
v -58.468933 268.165955 -62.203465
v -58.458393 200.711533 -37.039207
v -58.434868 109.482643 -37.159260
v -58.353811 55.923365 -70.680570
v -58.347603 236.753113 -70.682182
v -58.327656 177.606339 -71.296021
v -58.318855 127.282066 -70.988777
v -58.310047 56.842560 -38.287601
v -58.292469 200.772522 -36.576157
v -58.287987 264.400757 -38.890484
v -58.276936 264.804657 -38.820953
v -58.269768 200.146423 -36.890244
v -58.263245 100.402908 -70.936249
v -58.242092 130.520218 -71.149376
v -58.197697 264.927063 -38.738785
v -58.177151 236.784897 -70.893921
v -58.166447 269.310059 -38.820496
v -58.148144 127.205887 -71.039917
v -58.118946 200.245361 -71.271912
v -58.111092 268.123077 -60.252945
v -58.098312 236.675156 -71.200653
v -58.073460 227.581863 -37.258026
v -58.061314 264.457367 -38.852478
v -58.054802 182.538513 -37.840981
v -58.049976 209.352921 -37.253071
v -58.043198 109.473038 -37.165707
v -58.031219 90.808182 -70.080299
v -58.024643 268.053070 -59.860077
v -57.982075 264.579803 -38.770309
v -57.977798 191.650711 -37.211792
v -57.960236 109.503532 -36.934185
v -57.950253 268.153076 -60.452732
v -57.932919 95.901627 -70.461784
v -57.836624 90.844467 -70.322021
v -57.834644 264.514008 -38.814476
v -57.823593 264.917908 -38.744946
v -57.765305 268.250153 -59.287933
v -57.761021 200.326019 -70.195923
v -57.724152 269.019409 -38.814014
v -57.710880 236.784927 -38.467377
v -57.676163 264.852112 -38.789108
v -57.621964 227.636017 -38.488018
v -57.616001 218.456604 -38.740189
v -57.615974 145.456604 -38.802685
v -57.602394 263.904510 -57.806522
v -57.598476 209.407074 -38.483067
v -57.598446 136.407120 -38.545567
v -57.592518 200.227661 -38.735229
v -57.592487 127.227776 -38.797729
v -57.590569 200.249954 -70.246979
v -57.590340 264.446899 -57.882278
v -57.580357 268.143738 -57.819908
v -57.580170 182.559402 -37.615906
v -57.576721 268.953613 -38.858177
v -57.556526 236.716049 -38.513615
v -57.556496 163.715927 -38.576118
v -57.555176 72.861656 -38.224899
v -57.555176 72.974091 -38.392391
v -57.554291 264.322540 -57.892380
v -57.548553 151.216354 -38.524345
v -57.545139 255.117630 -39.074219
v -57.544807 236.805389 -39.069576
v -57.543243 264.726410 -57.822849
v -57.533043 218.487091 -38.508659
v -57.533012 145.487091 -38.571163
v -57.523041 268.612244 -57.835121
v -57.519249 249.769394 -38.632492
v -57.515945 268.108826 -63.781281
v -57.514732 191.639404 -37.641502
v -57.509556 200.258148 -38.503704
v -57.509525 127.258270 -38.566208
v -57.508366 63.867474 -38.431274
v -57.504402 244.297134 -38.677208
v -57.498955 200.283630 -69.991310
v -57.492699 156.748566 -38.609798
v -57.485130 236.714340 -38.936878
v -57.485100 163.714218 -38.999374
v -57.467920 56.396315 -37.393937
v -57.467606 227.567123 -38.534256
v -57.467575 154.567078 -38.596760
v -57.465900 255.053467 -38.714108
v -57.465565 236.741226 -38.709465
v -57.460865 200.784866 -38.467381
v -57.460835 127.784752 -38.592381
v -57.451057 249.581207 -38.758823
v -57.447594 261.924011 -38.738739
v -57.437382 182.555984 -38.462421
v -57.437351 109.555977 -38.587421
v -57.429501 264.375122 -57.930458
v -57.425163 244.512833 -38.734009
v -57.420116 200.281738 -70.458710
v -57.407341 200.425156 -69.896309
v -57.394196 151.147476 -38.570583
v -57.377903 201.010696 -38.526848
v -57.371948 191.635986 -38.488022
v -57.371914 118.635925 -38.613018
v -57.371819 249.703613 -38.676655
v -57.365990 182.456604 -38.740185
v -57.365955 109.456604 -38.865185
v -57.361160 209.466339 -38.443275
v -57.361130 136.466400 -38.505775
v -57.357307 264.968994 -42.339237
v -57.355106 263.966278 -57.765060
v -57.348465 173.407089 -38.483067
v -57.348431 100.407150 -38.608067
v -57.344807 113.329552 -38.587040
v -57.342503 164.227722 -38.735229
v -57.342472 91.227829 -38.860229
v -57.328793 82.148941 -38.307705
v -57.328503 200.315414 -70.203041
v -57.325642 120.522713 -38.612827
v -57.318748 200.261612 -70.093880
v -57.309315 264.812988 -48.290054
v -57.306511 200.715988 -38.513615
v -57.306480 127.715874 -38.638615
v -57.293415 91.253593 -38.756062
v -57.289116 262.262115 -38.713371
v -57.283028 182.487091 -38.508659
v -57.282993 109.487099 -38.633659
v -57.281982 73.042328 -38.346588
v -57.270729 268.068390 -58.750175
v -57.265503 173.339920 -38.106041
v -57.259544 164.258209 -38.503704
v -57.259510 91.258324 -38.628704
v -57.248383 264.501556 -57.772205
v -57.246179 56.369892 -38.288370
v -57.244320 78.324837 -38.445065
v -57.235119 200.714279 -38.936874
v -57.235085 127.714165 -39.061874
v -57.230289 227.626404 -38.494469
v -57.217590 191.567108 -38.534256
v -57.217560 118.567047 -38.659256
v -57.206657 83.494911 -38.376053
v -57.199799 72.927933 -38.666340
v -57.197914 91.288696 -38.489540
v -57.186481 72.964996 -37.912571
v -57.184280 267.693085 -57.902481
v -57.171288 120.453827 -38.659065
v -57.164852 236.706436 -38.520061
v -57.164717 56.368191 -38.289716
v -57.158051 200.347198 -70.414772
v -57.151104 82.069649 -38.360931
v -57.148037 200.185425 -70.145012
v -57.141685 262.196320 -38.757534
v -57.141369 218.477493 -38.515106
v -57.141342 145.477493 -38.577610
v -57.130302 244.287964 -38.683365
v -57.120110 223.135635 -70.500313
v -57.117882 200.248550 -38.510151
v -57.117855 127.248657 -38.572655
v -57.111145 173.466370 -38.443275
v -57.111115 100.466431 -38.568275
v -57.107819 264.129791 -57.875206
v -57.101025 156.738968 -38.616245
v -57.091797 255.044296 -38.720264
v -57.091465 236.732040 -38.715626
v -57.089901 264.839661 -57.746841
v -57.080761 200.645401 -38.983112
v -57.076954 249.572021 -38.764980
v -57.075932 227.557526 -38.540707
v -57.075905 154.557465 -38.603207
v -57.067520 264.333130 -65.656006
v -57.066631 78.245544 -38.498295
v -57.066433 200.380875 -70.159103
v -57.057487 63.856419 -38.438694
v -57.057278 182.514175 -39.123657
v -57.056282 200.219162 -69.888954
v -57.052448 209.328583 -38.535751
v -57.052422 136.328644 -38.598251
v -57.051060 244.503662 -38.740166
v -57.045479 268.063507 -64.911339
v -57.044140 269.282532 -38.838970
v -57.031357 265.349701 -64.973610
v -57.029068 90.701424 -69.087631
v -57.029068 90.824554 -69.271065
v -57.023441 268.130157 -58.708710
v -57.012558 268.040070 -57.816002
v -57.010498 236.637558 -38.566299
v -57.010471 163.637436 -38.628799
v -57.008793 73.110565 -38.300781
v -57.007248 266.332733 -64.973511
v -57.006535 163.785767 -70.535973
v -57.002525 151.137863 -38.577030
v -56.997803 200.773560 -38.897087
v -56.997715 249.694443 -38.682812
v -56.985210 268.129486 -61.348251
v -56.980274 191.626373 -38.494469
v -56.980244 118.626320 -38.619465
v -56.972271 109.537071 -69.233109
v -56.971127 78.280640 -38.231766
v -56.969017 264.500214 -64.884064
v -56.964527 200.252884 -69.632889
v -56.961983 64.003952 -38.339664
v -56.956791 173.397491 -38.489513
v -56.956760 100.397545 -38.614513
v -56.934925 264.498657 -57.847534
v -56.914841 200.706375 -38.520061
v -56.914810 127.706268 -38.645065
v -56.903271 201.226913 -38.592766
v -56.902924 182.542953 -39.315392
v -56.895981 200.304810 -70.210159
v -56.891354 182.477493 -38.515106
v -56.891327 109.477493 -38.640106
v -56.885567 200.250992 -70.101006
v -56.877914 82.137886 -38.315125
v -56.876849 56.361919 -38.294471
v -56.867874 164.248596 -38.510155
v -56.867844 91.248718 -38.635151
v -56.857738 71.945259 -38.354118
v -56.844421 73.106628 -39.275265
v -56.831104 73.031273 -38.354008
v -56.825920 191.557495 -38.540703
v -56.802437 173.328613 -38.535748
v -56.802406 100.328667 -38.660748
v -56.801819 109.461006 -69.284172
v -56.798782 113.251068 -38.639721
v -56.797615 63.325436 -38.309200
v -56.795349 56.360218 -38.295818
v -56.793816 200.176697 -69.684029
v -56.793816 200.284714 -69.844948
v -56.793442 78.313782 -38.452488
v -56.784298 63.924656 -38.392891
v -56.779617 120.444221 -38.665512
v -56.777434 56.360120 -38.277695
v -56.776154 268.191925 -58.667252
v -56.760483 200.637497 -38.566299
v -56.760456 127.637383 -38.691299
v -56.755775 83.483856 -38.383472
v -56.749025 56.359605 -38.272901
v -56.747032 91.277634 -38.496964
v -56.745885 56.359306 -38.287352
v -56.737923 268.191254 -61.306789
v -56.734299 214.031982 -70.318390
v -56.729881 90.776154 -69.037476
v -56.724789 91.198990 -68.957146
v -56.724789 91.306839 -69.117813
v -56.714855 200.174805 -70.152145
v -56.714855 200.282822 -70.313065
v -56.671562 191.683945 -38.877937
v -56.648079 173.357391 -38.727486
v -56.639874 90.774002 -69.571075
v -56.634922 248.177902 -69.902641
v -56.594185 109.502861 -39.678356
v -56.582645 182.437393 -38.753082
v -56.572945 264.456665 -65.573082
v -56.571228 73.062439 -39.061970
v -56.554337 91.338623 -69.329544
v -56.499168 191.133438 -69.918808
v -56.493698 100.386238 -39.044216
v -56.460915 109.416725 -69.546959
v -56.454201 181.952209 -69.312492
v -56.454201 182.060226 -69.473412
v -56.439831 109.531647 -39.870090
v -56.428288 182.466187 -38.944817
v -56.387093 154.573227 -39.647903
v -56.383884 91.262558 -69.380608
v -56.363609 136.344406 -39.642948
v -56.243347 268.213013 -61.072258
v -56.212669 245.148788 -69.516800
v -56.207184 268.110138 -58.722149
v -56.202515 109.395592 -39.539307
v -56.124176 249.642075 -40.129086
v -56.119553 109.523750 -39.453281
v -56.112774 182.015884 -69.736603
v -56.101902 67.944298 -68.930893
v -56.083992 145.516922 -41.083820
v -56.070454 268.581879 -61.044579
v -56.044937 249.764481 -40.046917
v -56.041473 262.200562 -40.165806
v -56.041473 262.293854 -40.304775
v -56.021469 59.037331 -68.789925
v -56.016903 75.575073 -69.130280
v -56.012356 232.310379 -69.469177
v -56.009426 120.476700 -69.114838
v -55.997616 150.157074 -69.405685
v -55.996059 268.173035 -60.879185
v -55.992268 114.149948 -69.166534
v -55.989802 56.352067 -39.392263
v -55.971455 209.412201 -69.690369
v -55.912312 75.613518 -68.838394
v -55.905865 150.298813 -69.310539
v -55.900654 114.291473 -69.071541
v -55.897728 76.269760 -68.930046
v -55.879841 209.445877 -69.434700
v -55.877304 264.778748 -56.779793
v -55.857105 268.571259 -56.653091
v -55.804909 173.304276 -39.818424
v -55.804909 173.401947 -39.963921
v -55.748772 268.234802 -60.837723
v -55.743553 142.626785 -69.091728
v -55.735149 150.222626 -69.361679
v -55.713570 136.758011 -69.062996
v -55.712608 267.724823 -57.881172
v -55.710541 264.468628 -57.867691
v -55.662327 268.164795 -60.444862
v -55.638588 114.141228 -68.706261
v -55.636147 264.161560 -57.853901
v -55.609360 145.440140 -40.713242
v -55.578979 267.194977 -42.256149
v -55.574718 116.799606 -68.786331
v -55.561451 163.764923 -41.286953
v -55.534203 114.857567 -68.691544
v -55.489429 268.126556 -59.810745
v -55.472683 150.072159 -68.995842
v -55.415035 268.124786 -60.251785
v -55.404266 116.723541 -68.837387
v -55.389572 154.548904 -40.930573
v -55.383560 262.215607 -41.163643
v -55.370937 182.505600 -41.451035
v -55.366821 264.859589 -57.733467
v -55.362694 81.673447 -68.495735
v -55.344723 255.032852 -41.751785
v -55.335701 163.792007 -41.901947
v -55.334148 159.320801 -69.090027
v -55.314468 263.916229 -57.798653
v -55.302414 264.458618 -57.874405
v -55.289478 268.059998 -57.802628
v -55.235214 154.577682 -41.122307
v -55.204605 218.631226 -68.396446
v -55.197292 255.060349 -41.934921
v -55.193100 164.207840 -41.492313
v -55.181347 163.723129 -41.948185
v -55.169781 163.657654 -41.147903
v -55.151199 264.512299 -57.764992
v -55.142044 264.822510 -53.121803
v -55.131588 268.083679 -57.860218
v -55.118050 254.996185 -41.574810
v -55.049858 254.901260 -41.840111
v -55.049858 254.994553 -41.979084
v -55.042606 264.819458 -47.076180
v -55.038746 164.236618 -41.684052
v -55.027176 164.171158 -40.883766
v -55.002022 209.460220 -68.725861
v -54.970619 254.930389 -41.618973
v -54.955311 218.445419 -68.754234
v -54.904327 268.548004 -57.878227
v -54.903038 209.406372 -41.438339
v -54.896305 182.428833 -41.080456
v -54.891380 255.052795 -41.536804
v -54.872822 164.297607 -41.221001
v -54.870846 240.626358 -41.544434
v -54.861073 163.715225 -41.531372
v -54.857113 230.465515 -41.443005
v -54.856335 264.380707 -57.853317
v -54.854927 204.891556 -68.762733
v -54.845287 264.784607 -57.783787
v -54.841492 247.994064 -41.638504
v -54.807384 173.377609 -41.246597
v -54.801426 164.198227 -41.498760
v -54.801426 164.295898 -41.644260
v -54.785202 59.004677 -41.209557
v -54.764320 81.576653 -68.028549
v -54.749825 67.884468 -41.322933
v -54.718464 164.228729 -41.267235
v -54.709232 187.144119 -41.503235
v -54.678669 63.348709 -41.209114
v -54.676514 191.635284 -41.443287
v -54.676498 118.635223 -41.568268
v -54.652435 86.617622 -41.382088
v -54.643795 196.224121 -41.528831
v -54.627029 131.972839 -41.944241
v -54.605625 77.398575 -41.253479
v -54.570145 191.194000 -68.711029
v -54.531380 95.846428 -41.669498
v -54.450752 118.564636 -42.037762
v -54.427937 77.544144 -41.641689
v -54.426388 90.760513 -67.185402
v -54.401241 173.045700 -68.288353
v -54.394047 56.336285 -57.335464
v -54.380730 56.935505 -57.419151
v -54.344307 100.366356 -41.801281
v -54.342846 95.849274 -67.933197
v -54.319489 100.341835 -67.947380
v -54.311588 104.955162 -41.886829
v -54.252888 141.012711 -42.207809
v -54.237694 154.553345 -42.404980
v -54.214211 136.422180 -42.545521
v -54.120853 56.404522 -57.289658
v -54.083340 154.582138 -42.596714
v -54.037193 90.709961 -67.485420
v -53.939171 227.586487 -67.978775
v -53.934593 145.497040 -43.840893
v -53.911118 200.170425 -43.627972
v -53.881458 254.903885 -43.652657
v -53.851631 145.429871 -43.463871
v -53.851631 145.527527 -43.609367
v -53.801048 55.939653 -67.202431
v -53.655506 173.382065 -42.721004
v -53.575550 254.989624 -43.393513
v -53.524529 236.365631 -66.835541
v -53.486660 254.612671 -66.902779
v -53.383545 145.484695 -66.939896
v -53.382195 109.484718 -66.704521
v -53.376999 145.548416 -43.384293
v -53.353523 200.319473 -43.316864
v -53.330937 56.298917 -43.025828
v -53.325821 254.540894 -66.950958
v -53.278519 218.475998 -66.869164
v -53.277958 72.552979 -66.369431
v -53.239372 254.572678 -66.709702
v -53.229641 90.690048 -66.434464
v -53.223545 255.012222 -44.789463
v -53.212833 145.516525 -67.151955
v -53.211746 109.516502 -66.916252
v -53.186905 218.509674 -66.613487
v -53.186306 236.674576 -44.451061
v -53.173370 72.468292 -65.894119
v -53.173370 72.591415 -66.077553
v -53.162823 218.445633 -44.446106
v -53.162819 145.445633 -44.508572
v -53.139339 200.216690 -44.441151
v -53.139336 127.216797 -44.503616
v -53.125050 90.728500 -66.142570
v -53.125050 90.851624 -66.326004
v -53.108067 218.615631 -67.241562
v -53.090588 254.060257 -66.833740
v -53.085815 154.655472 -44.024879
v -53.078533 254.602661 -66.909492
v -53.076824 267.660553 -61.443108
v -53.076115 254.946442 -44.833626
v -53.074757 263.997284 -60.823181
v -53.074757 264.099060 -60.974792
v -53.074757 264.200806 -61.126404
v -53.074757 264.404358 -61.429623
v -53.074394 248.192047 -67.034134
v -53.070614 261.453918 -66.709000
v -53.062702 264.437897 -60.747330
v -53.062702 268.406952 -66.660126
v -53.062336 209.328918 -43.811962
v -53.060268 245.376480 -66.944794
v -53.052715 268.134735 -60.684959
v -53.052715 268.236511 -60.836571
v -53.038593 268.982880 -66.053581
v -53.035713 262.158325 -44.024345
v -53.031952 236.703354 -44.642799
v -53.031948 163.703247 -44.705261
v -53.031036 200.245621 -66.753868
v -53.029953 236.285629 -66.449402
v -53.029327 145.475952 -66.478912
v -53.029327 181.975967 -66.728889
v -53.028519 109.475998 -66.244240
v -53.026539 263.927948 -57.790779
v -53.020458 90.890068 -66.034119
v -53.016453 218.541458 -66.825218
v -53.014484 264.470367 -57.866531
v -53.012417 263.961945 -61.946518
v -53.008469 218.376755 -44.492344
v -53.008465 145.376755 -44.554810
v -53.001869 236.729446 -66.735909
v -53.000362 264.199036 -61.567444
v -53.000362 264.402588 -61.870667
v -52.998295 263.894165 -65.950653
v -52.998295 264.097717 -66.253868
v -52.996540 236.756607 -44.746819
v -52.992085 254.532669 -66.516632
v -52.990376 267.590546 -61.050247
v -52.990376 267.692322 -61.201855
v -52.990376 268.099396 -61.808296
v -52.988308 264.029053 -60.581928
v -52.988308 264.436127 -61.188370
v -52.986240 264.436584 -66.026405
v -52.984985 200.245468 -44.632885
v -52.984169 261.485687 -66.467751
v -52.984169 261.587463 -66.619362
v -52.984169 261.790985 -66.922577
v -52.984169 261.892761 -67.074188
v -52.983807 241.914963 -67.069130
v -52.979370 136.457138 -43.788399
v -52.978771 72.504578 -66.135841
v -52.976254 264.469696 -60.506077
v -52.976254 268.438721 -66.418869
v -52.976254 268.845795 -67.025307
v -52.973820 245.306488 -66.551926
v -52.973820 245.408264 -66.703537
v -52.973820 245.510025 -66.855148
v -52.955559 236.283844 -66.890442
v -52.952179 127.401993 -66.473221
v -52.936905 109.617516 -66.149246
v -52.936310 200.674515 -44.451042
v -52.929745 254.090256 -67.033531
v -52.917690 254.225586 -66.502846
v -52.917690 254.530884 -66.957672
v -52.915985 267.690552 -61.642899
v -52.911846 264.434784 -66.467445
v -52.889339 164.216736 -44.441132
v -52.889336 91.216858 -44.566097
v -52.888767 72.379295 -66.486015
v -52.888763 72.379295 -66.486015
v -52.888763 72.502426 -66.669449
v -52.888585 56.286728 -43.554464
v -52.874180 72.543022 -65.843956
v -52.866669 56.537853 -59.558403
v -52.860584 200.277405 -66.965599
v -52.858772 218.106277 -67.117340
v -52.858086 224.362350 -44.273472
v -52.850021 81.611557 -65.876465
v -52.849110 236.690811 -44.790981
v -52.845997 218.465393 -66.876282
v -52.838573 212.578568 -44.585396
v -52.836586 136.356049 -44.489422
v -52.831139 261.966858 -44.959225
v -52.830627 200.274261 -44.824623
v -52.820091 262.184204 -44.611752
v -52.819061 200.306458 -44.169834
v -52.819057 127.306564 -44.232300
v -52.813869 209.370453 -67.154640
v -52.808708 244.182556 -44.398609
v -52.808334 63.472328 -66.345047
v -52.807144 264.547485 -51.895287
v -52.805832 56.577641 -61.926422
v -52.801094 209.513870 -66.592239
v -52.799286 227.558441 -67.065323
v -52.798759 72.007759 -66.469337
v -52.796093 264.951385 -51.825756
v -52.794636 236.762634 -44.603008
v -52.794632 163.762512 -44.665466
v -52.790737 269.365326 -44.427883
v -52.790661 230.219803 -44.140629
v -52.786942 264.422028 -45.931835
v -52.786514 227.701843 -66.502922
v -52.784176 72.294609 -66.010704
v -52.784176 72.540863 -66.377563
v -52.783066 237.087830 -44.384712
v -52.782337 91.255943 -44.342594
v -52.781952 200.703308 -44.642776
v -52.781948 127.703186 -44.767738
v -52.781467 127.217796 -66.363441
v -52.781467 127.325813 -66.524361
v -52.781467 163.717743 -66.613411
v -52.781250 254.908142 -45.060925
v -52.781036 91.245758 -66.128944
v -52.779354 251.550278 -44.492683
v -52.777107 154.615372 -44.262852
v -52.777107 227.713104 -44.345882
v -52.775894 264.546082 -45.445393
v -52.775894 264.639343 -45.584362
v -52.775894 264.825928 -45.862301
v -52.775558 245.860672 -44.884869
v -52.775124 224.490509 -44.187443
v -52.771152 218.533691 -44.598049
v -52.771149 145.533691 -44.660515
v -52.770203 254.938889 -44.435513
v -52.770203 255.032181 -44.574482
v -52.768967 200.203217 -66.549255
v -52.767159 218.139938 -66.861671
v -52.766861 145.541519 -66.434906
v -52.766861 182.041519 -66.684883
v -52.766453 109.541451 -66.200302
v -52.765194 209.354279 -44.850220
v -52.764843 264.856689 -45.236889
v -52.764843 264.949951 -45.375858
v -52.760017 81.486275 -66.226646
v -52.760017 81.609406 -66.410080
v -52.760014 81.486275 -66.226646
v -52.760014 81.609406 -66.410072
v -52.759151 264.391479 -57.846100
v -52.758469 182.376755 -44.492325
v -52.758465 109.376747 -44.617287
v -52.754383 218.499054 -66.620605
v -52.753624 136.386536 -44.257896
v -52.753624 209.386490 -44.195431
v -52.752254 163.757217 -66.345459
v -52.752254 200.257263 -66.595428
v -52.751896 261.996002 -44.738083
v -52.751869 127.729294 -66.110985
v -52.751640 206.456909 -44.473484
v -52.751640 206.554565 -44.618980
v -52.748104 264.795380 -57.776573
v -52.747665 127.304863 -44.655560
v -52.747665 200.304749 -44.593094
v -52.747498 61.665180 -65.961632
v -52.747498 61.665184 -65.961632
v -52.744644 268.835754 -45.388130
v -52.740849 262.213318 -44.390614
v -52.740517 244.087646 -44.663914
v -52.740517 244.180923 -44.802883
v -52.739803 236.794907 -66.691963
v -52.735855 90.308556 -65.892296
v -52.735855 90.554817 -66.259155
v -52.735855 90.677940 -66.442589
v -52.735855 90.677948 -66.442589
v -52.733593 268.959808 -44.901688
v -52.723570 55.968398 -65.875973
v -52.723240 236.663254 -44.880768
v -52.722256 209.296280 -66.738297
v -52.722256 209.404129 -66.898972
v -52.722256 209.511978 -67.059639
v -52.721272 90.841667 -65.800522
v -52.721272 90.964798 -65.983955
v -52.721272 91.211052 -66.350815
v -52.721272 91.334183 -66.534241
v -52.720833 66.917252 -66.161255
v -52.720833 67.040382 -66.344688
v -52.719269 230.218094 -44.563892
v -52.719269 230.315765 -44.709389
v -52.715824 56.082970 -61.726315
v -52.715298 223.772949 -44.247009
v -52.711816 55.969001 -65.945666
v -52.711674 163.695343 -44.288448
v -52.711674 236.695465 -44.225983
v -52.711674 236.793121 -44.371479
v -52.711674 236.988464 -44.662476
v -52.711163 251.548645 -44.896957
v -52.707703 264.451141 -45.710693
v -52.707699 230.445633 -44.200100
v -52.707699 230.543304 -44.345596
v -52.707672 227.592117 -66.809654
v -52.707672 227.699966 -66.970329
v -52.705715 154.515991 -44.540615
v -52.705715 154.613663 -44.686111
v -52.705715 227.516052 -44.478149
v -52.705715 227.613724 -44.623650
v -52.703743 63.387642 -65.869736
v -52.703743 63.510773 -66.053162
v -52.702011 254.937256 -44.839787
v -52.700104 237.216003 -44.298683
v -52.699757 218.434326 -44.875816
v -52.696651 264.855042 -45.641163
v -52.696320 245.796524 -44.524761
v -52.696320 245.889801 -44.663731
v -52.694168 72.046196 -66.177452
v -52.690628 236.749054 -44.348701
v -52.688721 73.042717 -44.420357
v -52.688717 73.042717 -44.420357
v -52.688190 218.466522 -44.221027
v -52.688190 218.564178 -44.366524
v -52.688190 218.759521 -44.657520
v -52.688187 145.466522 -44.283493
v -52.683708 261.901093 -45.003387
v -52.682232 136.384827 -44.681156
v -52.682232 209.384781 -44.618690
v -52.679585 72.456177 -65.902245
v -52.679585 72.456184 -65.902245
v -52.676620 218.889389 -44.148232
v -52.676620 218.987045 -44.293728
v -52.675545 218.173615 -66.606003
v -52.675545 218.497177 -67.088013
v -52.672649 212.639557 -44.122345
v -52.668698 55.971518 -66.366174
v -52.668678 206.389740 -44.096458
v -52.665401 269.331329 -45.861843
v -52.664703 200.237579 -44.216072
v -52.662769 218.532730 -66.364937
v -52.660961 236.793015 -67.159370
v -52.657490 57.107254 -59.708351
v -52.657490 61.539898 -66.311813
v -52.655426 81.524719 -65.934761
v -52.655426 81.647850 -66.118195
v -52.649751 55.972085 -66.313645
v -52.643902 223.771240 -44.670269
v -52.642388 55.972469 -66.357306
v -52.631264 90.839516 -66.334129
v -52.628365 145.432602 -45.361534
v -52.616241 66.955696 -65.869370
v -52.610752 126.925583 -66.092751
v -52.610752 127.249634 -66.575500
v -52.610752 163.749588 -66.825470
v -52.610584 91.277550 -66.340675
v -52.608940 181.605667 -66.977448
v -52.608776 109.106277 -66.492416
v -52.596146 145.465332 -66.486046
v -52.596146 181.965332 -66.736015
v -52.596001 109.465393 -66.251358
v -52.593216 72.965385 -43.986343
v -52.589806 120.500404 -66.535194
v -52.586586 100.356079 -44.551903
v -52.586586 173.356018 -44.426937
v -52.583351 145.824997 -66.244614
v -52.583351 146.041031 -66.566452
v -52.583225 109.824501 -66.010300
v -52.583225 110.040207 -66.331642
v -52.569061 164.306519 -44.169819
v -52.569057 91.306625 -44.294781
v -52.566166 139.704590 -66.618225
v -52.557838 81.845177 -44.099724
v -52.556350 56.474762 -42.710734
v -52.553371 139.956238 -66.215881
v -52.551178 136.392151 -66.040649
v -52.551174 173.000153 -66.451538
v -52.551098 100.513939 -65.967316
v -52.549366 154.572235 -66.675377
v -52.549366 191.072266 -66.925354
v -52.549290 118.558365 -66.440407
v -52.546406 63.858772 -44.025227
v -52.544636 200.762573 -44.602985
v -52.544632 127.762466 -44.727947
v -52.536572 154.715866 -66.112114
v -52.536572 191.215897 -66.362091
v -52.536514 118.701775 -65.878006
v -52.536186 133.835831 -66.589493
v -52.533066 201.087784 -44.384693
v -52.531792 126.815674 -66.399948
v -52.531792 126.923691 -66.560860
v -52.528519 56.588844 -43.074173
v -52.527111 191.615402 -44.200371
v -52.527111 191.713074 -44.345867
v -52.527107 118.615341 -44.325333
v -52.521149 109.533691 -44.722992
v -52.521149 182.533691 -44.598034
v -52.518997 127.391373 -66.480354
v -52.518970 91.203369 -65.924339
v -52.517185 181.639389 -66.721382
v -52.517162 109.139946 -66.236748
v -52.511028 72.963417 -44.473587
v -52.510597 134.555161 -66.106636
v -52.509144 91.211754 -44.129299
v -52.507428 56.275402 -44.057606
v -52.506580 113.273399 -66.491997
v -52.505611 176.511414 -44.208355
v -52.504395 181.999054 -66.479958
v -52.504391 145.499054 -66.229980
v -52.504387 109.499062 -65.995689
v -52.503624 100.386574 -44.320377
v -52.503624 173.386520 -44.195415
v -52.501637 170.261612 -44.182472
v -52.498192 120.534073 -66.279526
v -52.497665 91.304916 -44.718040
v -52.497665 164.304810 -44.593079
v -52.497311 57.001251 -52.758755
v -52.493805 113.416809 -65.929596
v -52.493679 56.275614 -44.139132
v -52.493606 56.275521 -44.111691
v -52.489803 127.794754 -66.067047
v -52.489788 163.822784 -66.301445
v -52.489788 200.322830 -66.551422
v -52.484989 72.615601 -66.327400
v -52.475651 81.843208 -44.586964
v -52.474411 139.846329 -66.523079
v -52.474411 139.954346 -66.683998
v -52.473244 200.663208 -44.880753
v -52.472260 100.296349 -66.113380
v -52.472260 100.404198 -66.274048
v -52.472260 100.512054 -66.434723
v -52.472218 136.282242 -66.347855
v -52.472218 136.390259 -66.508766
v -52.472218 136.498276 -66.669685
v -52.472218 172.890244 -66.758743
v -52.472218 172.998260 -66.919655
v -52.470680 56.513237 -50.413765
v -52.468399 154.672943 -44.646320
v -52.464222 63.744373 -44.344978
v -52.464222 63.744377 -44.344975
v -52.464222 63.856804 -44.512470
v -52.464222 63.856808 -44.512466
v -52.461674 127.695290 -44.350929
v -52.461674 200.695404 -44.225967
v -52.461674 200.793076 -44.371464
v -52.461674 200.988403 -44.662457
v -52.457676 118.592041 -66.184738
v -52.457611 154.713989 -66.580231
v -52.457611 191.105988 -66.669289
v -52.457611 191.214005 -66.830208
v -52.457363 57.000023 -50.329964
v -52.455715 118.515968 -44.603096
v -52.455715 118.613640 -44.748592
v -52.455715 191.516022 -44.478134
v -52.455715 191.613693 -44.623631
v -52.455078 56.663223 -55.172310
v -52.450104 201.215942 -44.298664
v -52.441761 57.150009 -55.088509
v -52.439029 56.276594 -44.463183
v -52.438190 182.466522 -44.221008
v -52.438187 109.466522 -44.345974
v -52.434219 176.412048 -44.486118
v -52.434219 176.509705 -44.631615
v -52.433014 56.848808 -43.142632
v -52.432232 173.384811 -44.618675
v -52.432228 100.384865 -44.743633
v -52.431637 134.553268 -66.574753
v -52.430244 170.259903 -44.605732
v -52.427246 127.317078 -66.063370
v -52.427246 163.817032 -66.313347
v -52.426960 91.209785 -44.616543
v -52.425549 109.173622 -65.981079
v -52.425549 109.497177 -66.463089
v -52.425434 145.497177 -66.698097
v -52.425430 181.997177 -66.948074
v -52.425357 56.276710 -44.516324
v -52.425259 56.276806 -44.544832
v -52.415127 56.549568 -52.576031
v -52.414967 113.414925 -66.396996
v -52.412773 109.532730 -65.740021
v -52.412640 145.532791 -65.973923
v -52.412640 182.032791 -66.223892
v -52.410965 127.792870 -66.534447
v -52.410828 163.820892 -66.769562
v -52.410828 200.320938 -67.019539
v -52.408543 56.798912 -42.901441
v -52.406578 120.567749 -66.023849
v -52.344948 264.149017 -61.381088
v -52.308086 145.522385 -45.090221
v -52.286896 154.637802 -66.631371
v -52.285470 56.277402 -44.341716
v -52.219166 136.373520 -45.110863
v -52.129478 182.524094 -44.604481
v -52.071213 145.488434 -66.237114
v -51.844440 209.418472 -66.190132
v -51.833107 127.250031 -46.169754
v -51.784431 127.678856 -46.050407
v -51.784431 127.776520 -46.195900
v -51.756104 136.362213 -45.540565
v -51.701469 127.709351 -45.818882
v -51.512829 127.339806 -45.898438
v -51.454521 182.045258 -65.982094
v -51.375233 118.619797 -45.799732
v -51.351749 100.293358 -45.649281
v -51.309799 127.699745 -45.825329
v -51.220875 191.550964 -45.721016
v -51.220402 63.863899 -45.722515
v -51.010834 109.570145 -64.782639
v -50.998753 218.527756 -65.202934
v -50.928688 232.329102 -65.727509
v -50.912933 136.309097 -46.631504
v -50.912170 118.608482 -46.229439
v -50.873199 227.511063 -65.698715
v -50.856720 240.878998 -65.345367
v -50.787663 218.452820 -47.818195
v -50.782063 154.664368 -46.973690
v -50.763428 109.425751 -47.328117
v -50.704712 145.483322 -47.649113
v -50.669930 109.525864 -65.045433
v -50.657845 218.483475 -65.465729
v -50.627693 250.065186 -65.116997
v -50.609432 63.418243 -64.784866
v -50.609432 63.418247 -64.784866
v -50.592236 86.518600 -46.793701
v -50.585686 261.799835 -65.157257
v -50.575340 245.417099 -64.938210
v -50.564777 187.075577 -46.825668
v -50.532070 118.566681 -46.890667
v -50.487587 72.951591 -47.640022
v -50.478191 200.614532 -47.446098
v -50.443150 109.417854 -46.911308
v -50.410423 187.104355 -47.017403
v -50.356205 176.491531 -46.965439
v -50.333630 240.453537 -47.708118
v -50.319046 86.586838 -46.747898
v -50.295502 209.424179 -47.335995
v -50.230080 145.406540 -47.278542
v -50.230080 145.504211 -47.424038
v -50.230064 218.504211 -47.361591
v -50.225037 247.850372 -47.581047
v -50.218971 79.877098 -47.121544
v -50.208569 203.400177 -47.369576
v -50.197350 223.190720 -47.592636
v -50.193573 68.004120 -64.367363
v -50.180172 233.508865 -47.631367
v -50.157913 200.704315 -47.174786
v -50.141144 209.452957 -47.527729
v -50.128471 173.393707 -47.567493
v -50.118896 73.054932 -47.327694
v -50.118893 73.054932 -47.327694
v -50.118340 258.511780 -47.883255
v -50.104805 226.964325 -47.592251
v -50.091251 224.359955 -47.652008
v -50.088985 265.786224 -47.838356
v -50.078243 95.835457 -47.375366
v -50.077606 247.877869 -47.764183
v -50.077602 247.877869 -47.764183
v -50.074615 109.441513 -48.372810
v -50.040665 86.302773 -64.323929
v -49.962738 81.581650 -64.566139
v -49.962738 81.581650 -64.566132
v -49.953800 95.920998 -64.389046
v -49.949890 168.400162 -64.870842
v -49.947353 187.190704 -47.592606
v -49.903770 227.666931 -64.894875
v -49.894386 68.078850 -64.317200
v -49.891155 173.452988 -47.527702
v -49.860344 135.498001 -64.540047
v -49.815475 105.047646 -64.322418
v -49.811363 141.040833 -64.554146
v -49.811356 177.540817 -64.804115
v -49.796757 159.364548 -64.625610
v -49.796749 195.864578 -64.875580
v -49.792999 187.121826 -47.638844
v -49.754341 109.433617 -47.956001
v -49.730675 163.785492 -49.082237
v -49.727581 123.299408 -47.934879
v -49.721607 187.022446 -47.916607
v -49.672817 186.681473 -64.737381
v -49.659283 163.588440 -49.214500
v -49.639420 131.851181 -48.357590
v -49.630188 154.571167 -48.302597
v -49.594306 56.315302 -47.808715
v -49.588028 204.977631 -64.509727
v -49.582550 56.076248 -63.885929
v -49.555874 236.267990 -63.822144
v -49.548897 140.998367 -64.349220
v -49.511066 100.313576 -48.168377
v -49.504925 163.617233 -49.406235
v -49.478531 72.418472 -63.532829
v -49.457142 141.140106 -64.254074
v -49.456303 215.523224 -48.307323
v -49.410362 150.139008 -64.282494
v -49.395035 236.297989 -64.021935
v -49.341988 181.957245 -63.940353
v -49.320152 236.710754 -63.951622
v -49.286419 177.563919 -64.555183
v -49.283932 72.454765 -63.774551
v -49.228539 236.744431 -63.695953
v -49.226601 136.300522 -48.958870
v -49.195076 82.100403 -48.544662
v -49.184650 163.707001 -49.134922
v -49.176357 131.839859 -48.787296
v -49.171276 182.097092 -64.313324
v -49.149696 236.742538 -64.163353
v -49.101688 163.737488 -48.903393
v -49.058083 236.668365 -63.747013
v -49.049313 223.188690 -64.171860
v -49.048004 100.302261 -48.598083
v -49.029634 56.326364 -48.568494
v -49.017387 82.133537 -48.765381
v -49.004329 56.093845 -63.446579
v -49.000565 182.020920 -64.364464
v -48.932201 177.555191 -64.094193
v -48.891109 223.126297 -49.113289
v -48.822258 100.329338 -49.213074
v -48.767216 104.985931 -63.664646
v -48.757881 245.372391 -63.648674
v -48.756798 182.409286 -49.113735
v -48.753468 57.380577 -57.130146
v -48.721733 68.524300 -48.911163
v -48.717178 236.731934 -64.170471
v -48.691364 191.586960 -49.284828
v -48.650379 91.308670 -49.147686
v -48.632664 154.546829 -49.585270
v -48.614010 182.405869 -49.960255
v -48.571888 214.118698 -63.734261
v -48.544449 91.190063 -49.974930
v -48.510593 245.434158 -63.607212
v -48.478310 154.575607 -49.777000
v -48.462261 91.188095 -50.462173
v -48.413536 105.085060 -63.365036
v -48.382652 191.644531 -49.668297
v -48.375251 56.114344 -62.940250
v -48.356674 150.113251 -50.028687
v -48.356647 223.113266 -49.966255
v -48.353443 91.260262 -49.441887
v -48.269512 254.653885 -62.696548
v -48.228325 118.673248 -49.984962
v -48.210773 182.526138 -49.457417
v -48.196377 269.346710 -51.899193
v -48.195118 254.550339 -62.985981
v -48.189072 91.256332 -50.416367
v -48.185329 269.377441 -51.273781
v -48.175755 91.293396 -49.662601
v -48.172382 267.169769 -51.747768
v -48.167236 268.897003 -62.812363
v -48.141056 264.486694 -59.614960
v -48.139381 182.426758 -49.735176
v -48.130833 63.826023 -49.878281
v -48.130829 63.826023 -49.878281
v -48.127487 91.165787 -50.509933
v -48.102829 264.486023 -62.254505
v -48.085220 236.761169 -51.194599
v -48.080196 264.897919 -51.861649
v -48.068737 200.223175 -50.768517
v -48.054611 266.553864 -62.405914
v -48.044312 236.679367 -51.201687
v -48.020828 218.450424 -51.196732
v -48.017769 104.964401 -50.111790
v -48.017365 254.885223 -51.325573
v -47.994343 268.960571 -62.329857
v -47.973110 164.194458 -50.576740
v -47.947830 254.612106 -62.944519
v -47.928795 68.542450 -50.113789
v -47.915878 91.212143 -50.203072
v -47.890148 164.224945 -50.345219
v -47.873440 254.508560 -63.233955
v -47.858551 236.724503 -51.017624
v -47.835392 206.434616 -50.609112
v -47.831421 200.184784 -50.583229
v -47.815098 90.761978 -61.862797
v -47.807213 91.255554 -50.238617
v -47.806995 236.640976 -51.016396
v -47.790691 254.941833 -51.287567
v -47.783512 218.412033 -51.011444
v -47.766014 136.264877 -50.671249
v -47.764137 200.331696 -62.500854
v -47.737778 167.280960 -50.404396
v -47.735790 164.156067 -50.391457
v -47.711452 254.970963 -51.066429
v -47.676407 253.291214 -50.984444
v -47.668823 72.538071 -61.856064
v -47.652859 91.284332 -50.430351
v -47.648666 230.224594 -50.891254
v -47.631882 236.781128 -50.979618
v -47.620502 90.798271 -62.104515
v -47.620228 77.602905 -50.348850
v -47.616516 109.381538 -51.367851
v -47.602528 244.148834 -51.073689
v -47.598297 127.270279 -62.360008
v -47.598267 268.916992 -63.018867
v -47.593685 200.363480 -62.712582
v -47.591209 109.486000 -62.042320
v -47.590897 68.063210 -62.465126
v -47.583679 181.985977 -62.520519
v -47.583420 167.309753 -50.596130
v -47.569679 236.700256 -50.976608
v -47.569084 163.809708 -62.342026
v -47.569073 200.309753 -62.591984
v -47.564022 254.998459 -51.249561
v -47.546192 218.471313 -50.971653
v -47.534668 262.272888 -51.204666
v -47.528976 253.318710 -51.167580
v -47.528976 253.318710 -51.167576
v -47.526680 206.394516 -50.847084
v -47.506531 163.803955 -62.353912
v -47.494312 230.155716 -50.937492
v -47.480759 227.551331 -50.997246
v -47.474224 72.451225 -61.914352
v -47.461246 215.474548 -50.872681
v -47.455093 244.083038 -51.117855
v -47.437122 269.359100 -51.286095
v -47.429779 130.758179 -62.586380
v -47.427582 127.302116 -62.572063
v -47.425903 90.711433 -62.162811
v -47.423233 200.287415 -62.763641
v -47.420757 109.409935 -62.093380
v -47.420078 63.846138 -50.593662
v -47.412964 182.017822 -62.732574
v -47.406174 127.705627 -62.164738
v -47.398373 163.733521 -62.393162
v -47.398357 200.233566 -62.643124
v -47.363628 176.418533 -50.813465
v -47.355526 163.597351 -52.163311
v -47.348549 245.439468 -62.504028
v -47.343731 91.255768 -61.927029
v -47.343731 91.363617 -62.087696
v -47.335815 163.835785 -62.565964
v -47.303787 63.418980 -62.123566
v -47.303787 63.418983 -62.123566
v -47.296242 109.471306 -51.096535
v -47.279629 72.610649 -62.339504
v -47.279625 72.487518 -62.156075
v -47.270325 227.709976 -62.768372
v -47.265644 177.550201 -62.930420
v -47.255466 81.679184 -62.372017
v -47.246967 232.202576 -62.782558
v -47.230774 191.551315 -50.997211
v -47.229469 145.585266 -61.970490
v -47.227661 163.765350 -62.605213
v -47.227646 200.265396 -62.855179
v -47.173279 91.287552 -62.138756
v -47.167313 130.823746 -62.542374
v -47.165115 127.367676 -62.528057
v -47.165104 163.867630 -62.778019
v -47.158691 109.583252 -62.210114
v -47.158318 82.125641 -50.957336
v -47.155354 232.344086 -62.687557
v -47.152500 120.618263 -62.493942
v -47.150879 81.717628 -62.080132
v -47.150875 81.717628 -62.080132
v -47.150497 182.083374 -62.688568
v -47.149876 56.128887 -62.062094
v -47.144112 127.878944 -62.281467
v -47.126717 90.786163 -62.112644
v -47.126564 100.380531 -62.327801
v -47.118336 136.366562 -62.556473
v -47.118317 172.866547 -62.806435
v -47.105545 127.597290 -52.225765
v -47.103714 191.190308 -62.877899
v -47.094929 177.474014 -62.981560
v -47.094727 145.525452 -52.264061
v -47.076416 191.580093 -51.188946
v -47.076130 82.011246 -51.277084
v -47.067169 250.079330 -62.248486
v -47.065269 127.769203 -62.588196
v -47.058758 145.617096 -62.182545
v -47.028755 111.449219 -62.355961
v -47.011974 154.723999 -62.371876
v -46.988281 127.229454 -51.882084
v -46.984901 232.268036 -62.738617
v -46.951191 127.626076 -52.417500
v -46.922096 118.608826 -51.505600
v -46.905319 127.259949 -51.650562
v -46.888046 145.540924 -62.233681
v -46.868229 127.754234 -52.331474
v -46.857414 145.389404 -51.933277
v -46.839886 136.339920 -51.676155
v -46.800426 187.146500 -51.632366
v -46.797935 163.746399 -51.852207
v -46.769447 73.048225 -52.191422
v -46.764114 136.465851 -62.256405
v -46.714588 218.483658 -52.862881
v -46.713875 127.685349 -52.377712
v -46.687263 72.933830 -52.511169
v -46.672344 172.999542 -62.250305
v -46.663597 196.127121 -51.935722
v -46.631626 218.514145 -52.631355
v -46.621788 109.641869 -61.238495
v -46.591759 72.968933 -52.244648
v -46.572186 163.675812 -52.321701
v -46.547951 127.746338 -51.914665
v -46.542950 109.532135 -61.545223
v -46.541992 118.567017 -52.166824
v -46.518719 86.793938 -51.954029
v -46.509243 196.155914 -52.127460
v -46.496258 73.004036 -51.978127
v -46.489223 163.706299 -52.090176
v -46.473797 59.214130 -52.002220
v -46.467884 241.008453 -61.959606
v -46.424776 56.390057 -51.885648
v -46.407089 209.428482 -61.988182
v -46.364155 100.367027 -52.353607
v -46.328911 154.555725 -52.534077
v -46.328873 227.555786 -52.471661
v -46.318569 72.924744 -52.031353
v -46.313915 95.808716 -52.036537
v -46.313915 95.906380 -52.182030
v -46.296108 59.359699 -52.390427
v -46.239952 218.406876 -52.492306
v -46.236637 209.352417 -62.039242
v -46.204855 56.395983 -52.208791
v -46.200531 196.213486 -52.510929
v -46.157143 100.428551 -61.363300
v -46.140881 72.957878 -52.252068
v -46.110432 109.521530 -61.552345
v -46.025063 127.701118 -53.422405
v -45.964001 141.070953 -53.143631
v -45.834198 63.882431 -52.998913
v -45.737465 196.299835 -53.086136
v -45.704788 127.790886 -53.151093
v -45.703259 63.461689 -61.030567
v -45.703259 63.461693 -61.030571
v -45.621437 182.430542 -53.953777
v -45.561401 218.537766 -61.000984
v -45.514690 227.738663 -61.350700
v -45.500938 141.059647 -53.573341
v -45.490460 56.310232 -57.184357
v -45.462906 254.550949 -60.786331
v -45.390949 218.677399 -61.373390
v -45.384121 182.392151 -53.768490
v -45.383320 63.871376 -53.006332
v -45.370433 56.403460 -53.277057
v -45.360008 172.895279 -61.386597
v -45.360008 173.003296 -61.547516
v -45.344238 227.662598 -61.401764
v -45.312771 109.488106 -54.462147
v -45.302063 254.580933 -60.986122
v -45.301159 182.422638 -53.536964
v -45.286773 56.405159 -53.439398
v -45.286011 122.865570 -53.713543
v -45.274879 240.392319 -54.200062
v -45.235725 191.502640 -53.562561
v -45.220928 203.278519 -53.782970
v -45.141224 254.509171 -61.034302
v -45.127445 240.419815 -54.383198
v -45.066570 203.404968 -54.120205
v -45.059589 258.450562 -54.375198
v -45.053898 249.496399 -54.338116
v -45.039375 82.036484 -53.689758
v -45.038174 233.415985 -54.236496
v -45.030235 265.818268 -54.469269
v -45.027504 200.774567 -54.725670
v -45.001137 212.485001 -54.145802
v -44.989918 232.177872 -54.223358
v -44.970398 258.032440 -60.868507
v -44.960411 261.831055 -60.957745
v -44.923513 56.409465 -53.840264
v -44.919067 179.255936 -54.185253
v -44.903576 100.331383 -54.065975
v -44.901543 170.206421 -53.928131
v -44.838142 109.411331 -54.091572
v -44.836105 179.384094 -54.099224
v -44.826017 56.326272 -57.155367
v -44.817776 56.627468 -57.103516
v -44.774333 56.409886 -54.024535
v -44.746006 72.923973 -55.190369
v -44.739941 196.177841 -54.223309
v -44.713188 58.882233 -60.113361
v -44.713188 59.005363 -60.296791
v -44.701107 63.354939 -60.037903
v -44.694021 56.411200 -54.025412
v -44.657768 141.006531 -54.664276
v -44.642578 154.547165 -54.861443
v -44.641487 117.674332 -54.454494
v -44.639072 56.659119 -57.361717
v -44.608597 59.043804 -60.004906
v -44.585587 196.206619 -54.415047
v -44.568848 131.857666 -54.684914
v -44.566433 91.205437 -55.066795
v -44.560280 77.180878 -60.069931
v -44.552868 200.697784 -54.355095
v -44.536118 86.249420 -60.102440
v -44.520889 223.084824 -55.050732
v -44.516495 95.931007 -60.187126
v -44.505116 56.411852 -54.338370
v -44.504265 131.910217 -60.412518
v -44.504242 168.410187 -60.662476
v -44.484245 91.203476 -55.554039
v -44.472816 72.992210 -55.144562
v -44.455505 159.164764 -55.138725
v -44.455456 232.164856 -55.076328
v -44.448067 57.066616 -57.331146
v -44.436425 56.411507 -54.602270
v -44.397903 150.267670 -60.227921
v -44.377312 73.027306 -54.878036
v -44.351120 159.374573 -60.417252
v -44.351101 195.874603 -60.667213
v -44.330505 63.808262 -54.749428
v -44.318924 186.549759 -60.624161
v -44.306557 91.124176 -55.607265
v -44.254429 95.996468 -60.143185
v -44.246437 82.054626 -54.892380
v -44.242294 204.846115 -60.402771
v -44.241798 131.975784 -60.368511
v -44.235351 56.410697 -54.820373
v -44.199623 72.948013 -54.931267
v -44.150681 204.987640 -60.307774
v -44.150043 132.009506 -60.112450
v -44.150021 168.509460 -60.362404
v -44.115555 91.194382 -55.074219
v -44.103260 141.008392 -60.140865
v -44.090595 145.484665 -55.457291
v -44.068748 82.087761 -55.113098
v -44.018406 200.684769 -55.208061
v -43.937866 91.115082 -55.127445
v -43.900749 95.987747 -59.682907
v -43.854038 105.080719 -59.871948
v -43.788021 245.555374 -59.787132
v -43.760178 91.148224 -55.348164
v -43.754292 268.991791 -57.910400
v -43.742416 196.251175 -55.651482
v -43.735703 232.259949 -59.947216
v -43.713989 263.903076 -57.807472
v -43.711033 59.021744 -59.487556
v -43.701939 264.445496 -57.883232
v -43.653496 187.004608 -55.526627
v -43.630066 95.873482 -55.792061
v -43.627182 245.483612 -59.835312
v -43.625088 168.424545 -59.952560
v -43.611961 223.198685 -59.969902
v -43.603188 209.395447 -59.912735
v -43.564629 104.953430 -55.817657
v -43.489613 117.776451 -56.074394
v -43.486549 177.565201 -59.885826
v -43.395550 264.472748 -57.791550
v -43.384499 264.876617 -57.722023
v -43.362617 168.490112 -59.908550
v -43.358215 268.439392 -57.841366
v -43.353249 269.259613 -57.803730
v -43.294193 164.210556 -56.897636
v -43.264374 63.894646 -55.906246
v -43.235451 200.268066 -57.281166
v -43.219414 264.128387 -57.876160
v -43.213207 254.563339 -58.138924
v -43.182892 245.574249 -57.795143
v -43.164627 236.348068 -57.830437
v -43.145020 264.228363 -58.468811
v -43.139209 56.125832 -58.892016
v -43.126759 254.595108 -57.897667
v -43.118843 261.548126 -57.848785
v -43.110931 268.501160 -57.799904
v -43.110931 269.010010 -58.557953
v -43.110418 56.122364 -58.939620
v -43.098118 82.026619 -56.368950
v -43.064312 56.125260 -58.823559
v -43.046520 264.497253 -57.848488
v -43.026470 236.699951 -57.686546
v -43.022049 245.502472 -57.843323
v -43.021446 264.463562 -57.797710
v -43.003788 236.378067 -58.030228
v -42.990196 268.846558 -57.879421
v -42.973915 164.202652 -56.480827
v -42.966862 56.113144 -58.875887
v -42.965919 254.625107 -58.097458
v -42.961891 209.415451 -57.801689
v -42.958004 261.476349 -57.896965
v -42.952919 245.869827 -57.780434
v -42.950287 145.456909 -57.586475
v -42.950226 218.456909 -57.524094
v -42.947308 227.711288 -57.873047
v -42.942661 72.708946 -57.217979
v -42.929764 200.320511 -58.080048
v -42.929394 236.274521 -58.319664
v -42.926804 127.228088 -57.581520
v -42.926743 200.227966 -57.519142
v -42.915180 218.616348 -58.151405
v -42.914093 164.168747 -57.558868
v -42.900597 236.696487 -57.901421
v -42.900597 236.912201 -58.222759
v -42.894341 90.846024 -57.283005
v -42.891525 254.521561 -58.386894
v -42.891525 254.623337 -58.538502
v -42.884850 154.536896 -57.612076
v -42.884792 227.536942 -57.549690
v -42.879372 254.946411 -57.735352
v -42.879044 236.634171 -57.730709
v -42.872069 56.272566 -57.119225
v -42.862968 264.801666 -57.772346
v -42.861366 136.308060 -57.607117
v -42.861305 209.307999 -57.544731
v -42.861069 261.910217 -57.898949
v -42.852654 72.583664 -57.568153
v -42.838150 200.354187 -57.824379
v -42.831131 164.296906 -57.472843
v -42.823566 218.542175 -57.735062
v -42.819416 163.616867 -57.637672
v -42.819355 236.616974 -57.575287
v -42.811184 254.944778 -58.139622
v -42.785110 261.845215 -57.869293
v -42.776855 227.635223 -57.924103
v -42.772446 127.256866 -57.773254
v -42.772385 200.256760 -57.710876
v -42.772224 63.430443 -57.060329
v -42.760818 200.288956 -57.056084
v -42.756500 236.338058 -57.837158
v -42.744728 218.540283 -58.202465
v -42.731609 236.754944 -58.052811
v -42.727318 200.298553 -58.164436
v -42.723904 81.690643 -57.308784
v -42.718632 254.585114 -57.904388
v -42.711971 100.415527 -57.176842
v -42.700317 109.456917 -57.648918
v -42.700256 182.456909 -57.524040
v -42.699821 209.480911 -57.757751
v -42.699745 90.882317 -57.524727
v -42.697388 118.711220 -57.248199
v -42.696976 136.401611 -57.397625
v -42.696949 172.901581 -57.647575
v -42.690750 269.033539 -57.882378
v -42.682373 154.725327 -57.469086
v -42.682346 191.225357 -57.719040
v -42.676773 164.228027 -57.519081
v -42.665886 218.538406 -58.669868
v -42.665062 163.743317 -57.974899
v -42.665001 236.743423 -57.912521
v -42.660553 82.203354 -57.465122
v -42.658058 72.619957 -57.809875
v -42.652702 255.003036 -57.697342
v -42.651306 236.726395 -58.580551
v -42.650681 127.696342 -57.276573
v -42.650681 127.912048 -57.597912
v -42.650192 145.616531 -57.747871
v -42.647537 154.596161 -57.572281
v -42.647472 227.596222 -57.509899
v -42.641575 145.514481 -57.969948
v -42.641518 218.514481 -57.907566
v -42.635590 163.724213 -57.497505
v -42.635563 200.224274 -57.747456
v -42.634819 191.536911 -57.549637
v -42.634399 261.966858 -57.860947
v -42.624050 136.367340 -57.567329
v -42.623985 209.367279 -57.504944
v -42.620180 56.107724 -58.676258
v -42.613922 245.492462 -57.850040
v -42.613747 72.984306 -57.336514
v -42.611336 173.308029 -57.544678
v -42.609741 90.757034 -57.874901
v -42.604149 126.152885 -57.627502
v -42.593811 164.160858 -57.142059
v -42.588856 200.384094 -58.503510
v -42.588226 91.354332 -57.199532
v -42.578819 245.860657 -57.786591
v -42.573647 109.542175 -57.110214
v -42.573128 236.719910 -57.471565
v -42.573048 127.326538 -57.420349
v -42.573021 163.826492 -57.670296
v -42.569447 127.616806 -57.700111
v -42.569386 200.616928 -57.575230
v -42.566936 63.877697 -57.375397
v -42.558441 145.650253 -57.491814
v -42.558414 182.150253 -57.741760
v -42.545902 182.485703 -57.715771
v -42.535130 127.218483 -57.587967
v -42.535069 200.218369 -57.525589
v -42.531563 72.982346 -57.823753
v -42.529675 91.230675 -57.479465
v -42.529369 209.404846 -57.808807
v -42.526936 118.635155 -57.299255
v -42.522480 91.256927 -57.835693
v -42.522415 164.256805 -57.710815
v -42.514786 227.700684 -57.880165
v -42.511635 191.149170 -57.770180
v -42.510849 164.289017 -57.056030
v -42.509392 91.244598 -57.506256
v -42.505272 254.937241 -57.741508
v -42.499321 56.206110 -57.416557
v -42.494808 109.540291 -57.577614
v -42.494087 127.216629 -57.727547
v -42.494061 163.716583 -57.977493
v -42.493179 154.527283 -57.618523
v -42.493118 227.527344 -57.556137
v -42.488682 56.251454 -57.125634
v -42.488163 56.096120 -58.540500
v -42.479481 145.540359 -57.799011
v -42.479454 182.040344 -58.048962
v -42.475918 262.304962 -57.835579
v -42.473038 63.505173 -57.010162
v -42.469696 136.298447 -57.613564
v -42.469631 209.298401 -57.551186
v -42.464878 163.864075 -57.870476
v -42.448875 72.696838 -57.226105
v -42.447491 91.116280 -57.799217
v -42.434509 136.467163 -57.353615
v -42.431389 245.794861 -57.830757
v -42.427746 163.607254 -57.644119
v -42.427681 236.607376 -57.581734
v -42.425697 236.747406 -57.654697
v -42.424717 81.765373 -57.258621
v -42.421762 56.249843 -57.114698
v -42.415127 127.322762 -58.356575
v -42.415092 127.743256 -58.037338
v -42.415031 200.743378 -57.912460
v -42.405624 200.343582 -57.831497
v -42.404259 145.378433 -57.639160
v -42.404198 218.378433 -57.576775
v -42.403820 218.496017 -58.465256
v -42.401386 127.726242 -57.955700
v -42.400558 90.833916 -57.291130
v -42.398013 56.105739 -58.302536
v -42.397507 191.596191 -57.509842
v -42.391609 109.514488 -58.032383
v -42.391548 182.514481 -57.907509
v -42.391045 218.531570 -57.742180
v -42.389248 63.798401 -57.428627
v -42.385914 163.754166 -58.177673
v -42.385891 200.362228 -58.588543
v -42.378685 245.418915 -58.339264
v -42.378372 269.297882 -57.778038
v -42.376465 236.827408 -57.813538
v -42.374020 173.269638 -57.359390
v -42.374020 173.367310 -57.504887
v -42.338940 91.276382 -57.717987
v -42.337742 117.878571 -57.694286
v -42.324356 109.572075 -57.789345
v -42.323372 127.356483 -58.100517
v -42.308769 145.572189 -58.011063
v -42.308743 182.072189 -58.261017
v -42.308586 182.349640 -57.384987
v -42.305176 82.044762 -57.571579
v -42.302589 261.833435 -58.317055
v -42.291058 173.300140 -57.127861
v -42.285160 91.218536 -57.650406
v -42.285099 164.218430 -57.525528
v -42.279453 100.404915 -57.183964
v -42.264870 118.700615 -57.255318
v -42.263794 136.390991 -57.404755
v -42.263771 172.890961 -57.654701
v -42.259078 56.210937 -57.180990
v -42.249191 154.714706 -57.476219
v -42.249165 191.214722 -57.726170
v -42.244411 127.354599 -58.568634
v -42.243149 191.527313 -57.556084
v -42.225624 182.477798 -57.298958
v -42.219727 100.298485 -57.676003
v -42.219666 173.298431 -57.551125
v -42.212479 126.143280 -57.633953
v -42.209675 82.192299 -57.472542
v -42.202408 163.713593 -57.504639
v -42.202385 200.213654 -57.754585
v -42.188461 209.468414 -58.232269
v -42.188435 63.416180 -57.602066
v -42.183388 117.809692 -57.740524
v -42.177776 127.607201 -57.706558
v -42.177715 200.607315 -57.581680
v -42.173882 227.764252 -58.303627
v -42.168488 91.200317 -57.769051
v -42.162865 72.973251 -57.343933
v -42.155712 91.343727 -57.206650
v -42.154293 109.378433 -57.701599
v -42.154228 182.378433 -57.576721
v -42.152660 127.280304 -58.151657
v -42.152660 127.388321 -58.312569
v -42.152634 163.780258 -58.401608
v -42.141129 109.531563 -57.117336
v -42.140114 81.553253 -57.667088
v -42.139866 127.315910 -57.427475
v -42.139839 163.815872 -57.677429
v -42.126549 127.827263 -57.188690
v -42.125259 145.639633 -57.498943
v -42.125233 182.139633 -57.748894
v -42.119430 56.177401 -57.422786
v -42.116058 63.866638 -57.382820
v -42.113136 236.356277 -58.484707
v -42.078796 91.219620 -57.486889
v -42.076874 91.341843 -57.674049
v -42.076522 56.175185 -57.415658
v -42.075272 254.603317 -58.551941
v -42.060905 127.422043 -58.056511
v -42.060879 163.921997 -58.306461
v -42.057007 245.377136 -58.587234
v -42.047386 269.153534 -58.681541
v -41.998035 91.339958 -58.141449
v -41.985882 200.405273 -58.722363
v -41.981949 127.312134 -58.363708
v -41.980907 261.791656 -58.565025
v -41.952368 56.125122 -57.698955
v -41.945518 81.712677 -58.092239
v -41.945515 81.712677 -58.092239
v -41.938549 100.468491 -57.607422
v -41.923965 118.764183 -57.678780
v -41.922371 136.454651 -57.828865
v -41.922340 172.954636 -58.078812
v -41.921356 90.781212 -58.124752
v -41.907764 154.778381 -57.900330
v -41.907738 191.278397 -58.150276
v -41.895690 56.103017 -57.816592
v -41.890167 163.845810 -58.357597
v -41.847557 209.424149 -58.495064
v -41.832973 227.719986 -58.566422
v -41.818627 56.088348 -57.875989
v -41.811234 127.235954 -58.414848
v -41.800846 218.517181 -58.684105
v -41.799240 63.365627 -57.902077
v -41.799240 63.365631 -57.902077
v -41.798416 127.855278 -58.335220
v -41.786263 236.705170 -58.594795
v -41.782024 163.775375 -58.396858
v -41.775082 72.434166 -57.934589
v -41.775078 72.434166 -57.934593
v -41.723816 200.362885 -58.517750
v -41.719452 163.877655 -58.569653
v -41.674675 118.686234 -58.197235
v -41.658092 154.700302 -58.419579
v -41.597645 100.424210 -57.870209
v -41.583061 118.719910 -57.941566
v -41.580944 136.518326 -58.252972
v -41.580914 173.018311 -58.502922
v -41.566338 154.734024 -58.163521
v -41.566311 191.234055 -58.413471
v -41.564571 56.927016 -57.335522
v -41.554911 56.669795 -57.354550
v -41.550934 109.517189 -58.059258
v -41.536350 127.705032 -57.969940
v -41.534164 145.517212 -58.281387
v -41.534134 182.017212 -58.531342
v -41.519558 163.840942 -58.352852
v -41.519527 200.340988 -58.602806
v -41.473907 91.363022 -57.892899
v -41.457012 127.335236 -58.114777
v -41.456982 163.835190 -58.364731
vt 0.7180485 0.0113043
vt 0.7500128 0.7558264
vt 0.7501198 0.7558204
vt 0.7509666 0.7559025
vt 0.7510256 0.7557696
vt 0.7510544 0.7566276
vt 0.7511580 0.7576414
vt 0.7512497 0.7577473
vt 0.7513395 0.7586108
vt 0.7513691 0.7587157
vt 0.7515714 0.7596044
vt 0.7521134 0.7660251
vt 0.7241001 0.0113043
vt 0.7533508 0.7857758
vt 0.7535541 0.7925969
vt 0.7539766 0.7990872
vt 0.7810004 0.0207398
vt 0.7549454 0.8194007
vt 0.7550385 0.8239430
vt 0.7550617 0.8240388
vt 0.7551292 0.8240351
vt 0.7553674 0.8240220
vt 0.7613971 0.7781255
vt 0.7632592 0.7555362
vt 0.7632592 0.8114964
vt 0.5650297 0.2516050
vt 0.5654952 0.2824090
vt 0.5678227 0.2824090
vt 0.7735003 0.7545093
vt 0.7739657 0.7601568
vt 0.7739657 0.7606701
vt 0.7744313 0.7652908
vt 0.7744313 0.7658041
vt 0.7762933 0.7991749
vt 0.7776898 0.8222776
vt 0.7776898 0.8227912
vt 0.7790863 0.7976347
vt 0.7790863 0.8243312
vt 0.5813224 0.2664936
vt 0.7804828 0.7545093
vt 0.7804828 0.7976347
vt 0.8081578 0.0303852
vt 0.8084652 0.0304944
vt 0.5827189 0.2818954
vt 0.5831844 0.2510917
vt 0.7828104 0.7596432
vt 0.5864430 0.2818954
vt 0.5883050 0.2664936
vt 0.5892359 0.2818954
vt 0.4124636 0.0095196
vt 0.5117136 0.0103809
vt 0.5117212 0.0101628
vt 0.7897929 0.7863399
vt 0.5119530 0.0101628
vt 0.5924944 0.2664936
vt 0.5141354 0.0101628
vt 0.5934256 0.2818954
vt 0.5943565 0.2510917
vt 0.5943565 0.2664936
vt 0.5952875 0.2664936
vt 0.6018047 0.2505784
vt 0.6022701 0.2505784
vt 0.5234455 0.0111894
vt 0.2302932 0.2815079
vt 0.5558529 0.2354894
vt 0.5558529 0.2452440
vt 0.5563184 0.2452440
vt 0.2312241 0.2501908
vt 0.4308510 0.0110596
vt 0.6090199 0.2654669
vt 0.6099509 0.2813821
vt 0.4168530 0.7541871
vt 0.4173185 0.7829373
vt 0.4173185 0.8060403
vt 0.5600424 0.2149536
vt 0.5600424 0.2452440
vt 0.5605079 0.2149536
vt 0.5605079 0.2452440
vt 0.4182496 0.8219555
vt 0.4196460 0.8060403
vt 0.5623699 0.2298421
vt 0.4205771 0.7541871
vt 0.2396033 0.2507042
vt 0.4229046 0.7541871
vt 0.4247666 0.7829373
vt 0.4247666 0.7906384
vt 0.5688870 0.2149536
vt 0.4270941 0.7541871
vt 0.4275597 0.7541871
vt 0.4294216 0.7916653
vt 0.2475168 0.2512175
vt 0.2475168 0.2820212
vt 0.4303526 0.8229824
vt 0.4326801 0.7829373
vt 0.0889301 0.0579086
vt 0.0893957 0.0774176
vt 0.4340767 0.7829373
vt 0.5879937 0.0197984
vt 0.4345422 0.8229824
vt 0.5889247 0.0305799
vt 0.5795936 0.2298421
vt 0.4373352 0.7521336
vt 0.2549649 0.2666194
vt 0.2572924 0.2517311
vt 0.2577580 0.2517311
vt 0.2619475 0.2517311
vt 0.5278057 0.0111794
vt 0.2624130 0.2825348
vt 0.4457143 0.7926919
vt 0.4461799 0.7557273
vt 0.2642750 0.2517311
vt 0.5903003 0.2149536
vt 0.5903003 0.2452440
vt 0.4485074 0.7731830
vt 0.2670681 0.2825348
vt 0.4503693 0.8240093
vt 0.1070849 0.0769043
vt 0.2684646 0.2517311
vt 0.4513004 0.7901251
vt 0.4513004 0.7932052
vt 0.2045654 0.4780479
vt 0.2045654 0.5023743
vt 0.2050308 0.5326645
vt 0.4531624 0.7588077
vt 0.6070795 0.0233924
vt 0.5366504 0.0111794
vt 0.2077890 0.4780093
vt 0.2078239 0.5182895
vt 0.6094070 0.0285263
vt 0.4559555 0.8086074
vt 0.6005413 0.2298421
vt 0.2129445 0.4874858
vt 0.2129445 0.5177762
vt 0.6140629 0.2506990
vt 0.6140629 0.2825296
vt 0.4610760 0.7618882
vt 0.4610760 0.8245226
vt 0.2148064 0.5326645
vt 0.6163896 0.0285263
vt 0.4629381 0.7942321
vt 0.5482880 0.0111794
vt 0.2187031 0.4774578
vt 0.6112480 0.2149536
vt 0.6112480 0.2452440
vt 0.2217890 0.4773491
vt 0.2217890 0.4776027
vt 0.2217890 0.4776739
vt 0.2217890 0.5023743
vt 0.2217890 0.5326645
vt 0.6117135 0.2149536
vt 0.6117135 0.2452440
vt 0.5524775 0.0106660
vt 0.6261661 0.2506990
vt 0.0020989 0.8346192
vt 0.0020989 0.8531379
vt 0.0020989 0.8670267
vt 0.0020989 0.8742284
vt 0.0020989 0.8994341
vt 0.0020989 0.9050927
vt 0.0020989 0.9313272
vt 0.0020989 0.9580760
vt 0.0020989 0.9596194
vt 0.0020989 0.9693930
vt 0.0020989 0.9971708
vt 0.6429571 0.9138374
vt 0.6429571 0.9153805
vt 0.6429571 0.9261831
vt 0.6429571 0.9328705
vt 0.6429571 0.9333848
vt 0.6429571 0.9344136
vt 0.6429571 0.9359567
vt 0.6429571 0.9380144
vt 0.6429571 0.9447018
vt 0.6429571 0.9462449
vt 0.6429571 0.9483024
vt 0.6429571 0.9488170
vt 0.6429571 0.9513888
vt 0.6429571 0.9575618
vt 0.6429571 0.9606480
vt 0.6429571 0.9637345
vt 0.6429571 0.9657923
vt 0.6429571 0.9745371
vt 0.6429571 0.9786523
vt 0.6429571 0.9832819
vt 0.6429571 0.9837963
vt 0.6429571 0.9884259
vt 0.6429571 0.9904836
vt 0.6429571 0.9909980
vt 0.6429571 0.9940845
vt 0.6429571 0.9966563
vt 0.0025653 0.8320474
vt 0.0025653 0.8680557
vt 0.0025653 0.9735082
vt 0.6434235 0.9302983
vt 0.6438900 0.9313271
vt 0.6438900 0.9488170
vt 0.6438900 0.9606480
vt 0.6438900 0.9745371
vt 0.6438900 0.9827675
vt 0.6443564 0.9513888
vt 0.6443564 0.9565328
vt 0.6443564 0.9575618
vt 0.6443564 0.9786523
vt 0.6443564 0.9801954
vt 0.6443564 0.9812242
vt 0.6443564 0.9884259
vt 0.0039645 0.8305040
vt 0.0039645 0.9647634
vt 0.6448227 0.9169239
vt 0.6448227 0.9421296
vt 0.6448227 0.9606480
vt 0.6448227 0.9621914
vt 0.6448227 0.9740227
vt 0.0044309 0.8387345
vt 0.6452891 0.9076647
vt 0.6452891 0.9940845
vt 0.0048974 0.8299896
vt 0.6457556 0.9606480
vt 0.0053638 0.8840019
vt 0.6462220 0.9488170
vt 0.6462220 0.9729937
vt 0.0058302 0.8294753
vt 0.6466884 0.9076647
vt 0.6466884 0.9606480
vt 0.6466884 0.9930555
vt 0.0062966 0.8711419
vt 0.0062966 0.9596194
vt 0.6471548 0.9230966
vt 0.6471548 0.9313271
vt 0.6471548 0.9843107
vt 0.0067631 0.8294753
vt 0.0067631 0.8742284
vt 0.6476213 0.9385288
vt 0.6476213 0.9606480
vt 0.6480877 0.9539610
vt 0.0076959 0.8809157
vt 0.0076959 0.9050927
vt 0.6485541 0.9200104
vt 0.6485541 0.9488170
vt 0.0081623 0.9606481
vt 0.6490205 0.9308127
vt 0.6490205 0.9621914
vt 0.6490205 0.9796811
vt 0.6490205 0.9925411
vt 0.0086288 0.8310186
vt 0.0086288 0.8953189
vt 0.0086288 0.9611625
vt 0.6494870 0.9246400
vt 0.6494870 0.9297840
vt 0.6494870 0.9333848
vt 0.6494870 0.9488170
vt 0.6494870 0.9503601
vt 0.0090952 0.9050927
vt 0.6499534 0.9143518
vt 0.6499534 0.9287552
vt 0.6499534 0.9508745
vt 0.6499534 0.9621914
vt 0.6499534 0.9848250
vt 0.6499534 0.9920267
vt 0.6499534 0.9966563
vt 0.0095616 0.8315330
vt 0.0095616 0.8366770
vt 0.0095616 0.9616769
vt 0.6504198 0.9488170
vt 0.6504198 0.9904836
vt 0.0100279 0.8335905
vt 0.0100279 0.8346192
vt 0.0100279 0.8356482
vt 0.0100279 0.8377057
vt 0.6508861 0.9390432
vt 0.6508861 0.9848250
vt 0.6508861 0.9920267
vt 0.6508861 0.9966563
vt 0.0104944 0.8320474
vt 0.0104944 0.8341049
vt 0.0104944 0.9621912
vt 0.6513527 0.9488170
vt 0.0109608 0.8356482
vt 0.6518190 0.9143518
vt 0.6518190 0.9462449
vt 0.6518190 0.9534466
vt 0.6518190 0.9817388
vt 0.6518190 0.9920267
vt 0.0114272 0.8305040
vt 0.6522854 0.9220679
vt 0.6522854 0.9508745
vt 0.6527518 0.9462449
vt 0.6527518 0.9580762
vt 0.6527518 0.9596193
vt 0.6527518 0.9616770
vt 0.6527518 0.9817388
vt 0.0123601 0.8294753
vt 0.0123601 0.8757715
vt 0.0123601 0.9621912
vt 0.6532183 0.9508745
vt 0.6532183 0.9524176
vt 0.6532183 0.9580762
vt 0.6532183 0.9951132
vt 0.0128265 0.8953189
vt 0.6536847 0.9148662
vt 0.6536847 0.9832819
vt 0.6536847 0.9925411
vt 0.6541511 0.9266975
vt 0.6541511 0.9477880
vt 0.6541511 0.9493314
vt 0.6541511 0.9585906
vt 0.6541511 0.9940845
vt 0.0137593 0.8371913
vt 0.0137593 0.8757715
vt 0.0137593 0.8840019
vt 0.6546175 0.9225823
vt 0.6546175 0.9230966
vt 0.0142258 0.8289609
vt 0.6550840 0.9184670
vt 0.0146922 0.9853395
vt 0.6555504 0.9837963
vt 0.0151586 0.8289609
vt 0.0151586 0.8459362
vt 0.6560168 0.9061213
vt 0.6560168 0.9287552
vt 0.6560168 0.9328705
vt 0.6560168 0.9529322
vt 0.6564832 0.9441871
vt 0.6564832 0.9837963
vt 0.6569497 0.9215535
vt 0.6569497 0.9292696
vt 0.6569497 0.9601337
vt 0.0165579 0.8294753
vt 0.0165579 0.8366770
vt 0.0165579 0.9220680
vt 0.0165579 0.9483025
vt 0.0170242 0.8906893
vt 0.0170242 0.8917180
vt 0.0170242 0.8927470
vt 0.0170242 0.8937758
vt 0.0170242 0.9678498
vt 0.6578824 0.9292696
vt 0.6578824 0.9318414
vt 0.6578824 0.9338992
vt 0.6578824 0.9359567
vt 0.6578824 0.9395575
vt 0.0174906 0.8299896
vt 0.0174906 0.8459362
vt 0.0174906 0.8896605
vt 0.0174906 0.9971708
vt 0.6583488 0.9143518
vt 0.6583488 0.9956276
vt 0.0179571 0.8330761
vt 0.6588153 0.9395575
vt 0.6588153 0.9539610
vt 0.6588153 0.9596193
vt 0.0184235 0.8320474
vt 0.0184235 0.9735082
vt 0.6592817 0.9297840
vt 0.6592817 0.9380144
vt 0.6592817 0.9971707
vt 0.0188899 0.8310186
vt 0.0188899 0.8335905
vt 0.0188899 0.8346192
vt 0.6597481 0.9529322
vt 0.6597481 0.9879115
vt 0.0193563 0.8356482
vt 0.0193563 0.9220680
vt 0.0198228 0.8294753
vt 0.0198228 0.8876028
vt 0.0198228 0.9184671
vt 0.0198228 0.9210390
vt 0.6606810 0.9133231
vt 0.6606810 0.9452161
vt 0.6606810 0.9827675
vt 0.6606810 0.9879115
vt 0.6606810 0.9976851
vt 0.0202892 0.8361626
vt 0.0202892 0.9174384
vt 0.6611474 0.9266975
vt 0.0207556 0.8958333
vt 0.0207556 0.9164094
vt 0.6616138 0.9313271
vt 0.6616138 0.9827675
vt 0.0212220 0.8366770
vt 0.0212220 0.8876028
vt 0.0212220 0.9158950
vt 0.0216885 0.8289609
vt 0.0216885 0.9158950
vt 0.6625467 0.9585906
vt 0.6625467 0.9596193
vt 0.6625467 0.9827675
vt 0.6625467 0.9858540
vt 0.0221549 0.8371913
vt 0.0221549 0.8881172
vt 0.0221549 0.9236111
vt 0.0226213 0.8289609
vt 0.6634795 0.9909980
vt 0.6634795 0.9976851
vt 0.6639459 0.9292696
vt 0.0235541 0.8289609
vt 0.0235541 0.8886318
vt 0.6644124 0.9909980
vt 0.6644124 0.9940845
vt 0.6644124 0.9961420
vt 0.6644124 0.9976851
vt 0.0240205 0.8896605
vt 0.6648787 0.9292696
vt 0.0244869 0.8294753
vt 0.0244869 0.8361626
vt 0.0244869 0.8891462
vt 0.6653451 0.9940845
vt 0.0249533 0.8305040
vt 0.0249533 0.8351339
vt 0.0249533 0.8819445
vt 0.0249533 0.8896605
vt 0.6658115 0.9292696
vt 0.6658115 0.9308127
vt 0.6658115 0.9863684
vt 0.6658115 0.9961420
vt 0.0254198 0.8315330
vt 0.0254198 0.8680557
vt 0.0254198 0.9230967
vt 0.0258862 0.8335905
vt 0.0258862 0.8377057
vt 0.0258862 0.8886318
vt 0.0258862 0.9729938
vt 0.0263526 0.8438787
vt 0.0263526 0.8443931
vt 0.0263526 0.8505658
vt 0.0263526 0.9220680
vt 0.6672108 0.9292696
vt 0.0268190 0.8320474
vt 0.0268190 0.9215536
vt 0.0268190 0.9591050
vt 0.0268190 0.9735082
vt 0.6676772 0.9971707
vt 0.6681437 0.9292696
vt 0.6686101 0.9375000
vt 0.6686101 0.9848250
vt 0.6686101 0.9904836
vt 0.0282183 0.8551954
vt 0.0282183 0.8603396
vt 0.0282183 0.9580760
vt 0.6690765 0.9380144
vt 0.6690765 0.9544753
vt 0.6695429 0.9585906
vt 0.6700094 0.9621914
vt 0.0296176 0.9189815
vt 0.6704758 0.9395575
vt 0.6704758 0.9904836
vt 0.6704758 0.9920267
vt 0.6709421 0.9061213
vt 0.6709421 0.9904836
vt 0.6714085 0.9318414
vt 0.6714085 0.9395575
vt 0.6714085 0.9904836
vt 0.0310168 0.8603396
vt 0.0310168 0.9194959
vt 0.0310168 0.9236111
vt 0.0310168 0.9359568
vt 0.6718750 0.9621914
vt 0.0314832 0.9385289
vt 0.6723414 0.9904836
vt 0.6728078 0.9338992
vt 0.6728078 0.9354423
vt 0.6728078 0.9369857
vt 0.6728078 0.9621914
vt 0.0324160 0.8886318
vt 0.0324160 0.9591050
vt 0.0324160 0.9663065
vt 0.0324160 0.9976852
vt 0.6732742 0.9889402
vt 0.6732742 0.9904836
vt 0.6732742 0.9976851
vt 0.0328825 0.8320474
vt 0.0328825 0.8443931
vt 0.6737407 0.9061213
vt 0.6737407 0.9364713
vt 0.6737407 0.9375000
vt 0.6737407 0.9621914
vt 0.6737407 0.9637345
vt 0.0333489 0.8438787
vt 0.0333489 0.8896605
vt 0.0333489 0.9323559
vt 0.0333489 0.9585907
vt 0.6742071 0.9354423
vt 0.0338153 0.8346192
vt 0.0338153 0.8387345
vt 0.6746735 0.9524176
vt 0.6746735 0.9621914
vt 0.6746735 0.9925411
vt 0.6751399 0.9390432
vt 0.6751399 0.9971707
vt 0.0347482 0.8443931
vt 0.6756064 0.9349279
vt 0.6756064 0.9621914
vt 0.6756064 0.9657923
vt 0.0352146 0.8387345
vt 0.0352146 0.9447016
vt 0.6760728 0.9447018
vt 0.6760728 0.9637345
vt 0.0356810 0.9534464
vt 0.6765392 0.9621914
vt 0.6765392 0.9930555
vt 0.0361473 0.8747427
vt 0.0361473 0.9585907
vt 0.6770056 0.9349279
vt 0.6770056 0.9421296
vt 0.0366139 0.8346192
vt 0.6774721 0.9961420
vt 0.6779384 0.9956276
vt 0.0375466 0.9570473
vt 0.6784048 0.9673354
vt 0.6784048 0.9930555
vt 0.6784048 0.9956276
vt 0.6784048 0.9971707
vt 0.0380130 0.9596194
vt 0.6788712 0.9338992
vt 0.6788712 0.9452161
vt 0.6788712 0.9956276
vt 0.0384795 0.9050927
vt 0.0384795 0.9596194
vt 0.6793377 0.9359567
vt 0.6793377 0.9405865
vt 0.6798041 0.9338992
vt 0.6798041 0.9395575
vt 0.6798041 0.9405865
vt 0.6798041 0.9925411
vt 0.6798041 0.9956276
vt 0.0394123 0.9092079
vt 0.6802705 0.9678497
vt 0.0398787 0.9004628
vt 0.6807369 0.9375000
vt 0.6807369 0.9390432
vt 0.0403452 0.9729938
vt 0.6812034 0.9411009
vt 0.6812034 0.9678497
vt 0.0408116 0.8711419
vt 0.0412780 0.9035493
vt 0.6821362 0.9416153
vt 0.6821362 0.9621914
vt 0.0417444 0.8521091
vt 0.0422109 0.9030350
vt 0.0422109 0.9735082
vt 0.1998601 0.0177469
vt 0.1998601 0.0300925
vt 0.0431436 0.8479939
vt 0.0431436 0.8577675
vt 0.0431436 0.9030350
vt 0.6840019 0.9693931
vt 0.2003264 0.0177469
vt 0.6844682 0.9164095
vt 0.0440765 0.8479939
vt 0.0440765 0.8521091
vt 0.0440765 0.8577675
vt 0.0440765 0.9086933
vt 0.0440765 0.9709363
vt 0.6849347 0.9976851
vt 0.0445429 0.8521091
vt 0.0445429 0.9086933
vt 0.6854011 0.9621914
vt 0.6854011 0.9642489
vt 0.6854011 0.9719650
vt 0.0450093 0.9755659
vt 0.0599347 0.9637346
vt 0.0599347 0.9647634
vt 0.0450093 0.9858539
vt 0.6858675 0.9513888
vt 0.0459422 0.8479939
vt 0.0459422 0.9061214
vt 0.0459422 0.9596194
vt 0.6868004 0.9976851
vt 0.0464086 0.9657921
vt 0.0464086 0.9879116
vt 0.0613340 0.9832820
vt 0.0613340 0.9868826
vt 0.6872668 0.9405865
vt 0.6872668 0.9421296
vt 0.6877332 0.9971707
vt 0.0473414 0.9035493
vt 0.6881996 0.9405865
vt 0.6881996 0.9421296
vt 0.6881996 0.9441871
vt 0.0627333 0.9472737
vt 0.0478079 0.9976852
vt 0.0631996 0.9868826
vt 0.6891325 0.9678497
vt 0.0636660 0.8855453
vt 0.0487407 0.9333847
vt 0.6895989 0.9441871
vt 0.0645989 0.9637346
vt 0.0645989 0.9647634
vt 0.6905318 0.9441871
vt 0.6905318 0.9457305
vt 0.0501399 0.9879116
vt 0.6909981 0.9513888
vt 0.6909981 0.9539610
vt 0.0506063 0.8876028
vt 0.6914645 0.9642489
vt 0.6914645 0.9976851
vt 0.0510727 0.8654836
vt 0.0510727 0.9945987
vt 0.6919309 0.9421296
vt 0.6919309 0.9426440
vt 0.6919309 0.9637345
vt 0.6919309 0.9683641
vt 0.6923974 0.9143518
vt 0.6923974 0.9441871
vt 0.6928638 0.9637345
vt 0.6928638 0.9683641
vt 0.0524720 0.8608540
vt 0.0673974 0.9668211
vt 0.6933302 0.9441871
vt 0.0534049 0.8711419
vt 0.0534049 0.9580760
vt 0.6942631 0.9441871
vt 0.6942631 0.9976851
vt 0.0538713 0.8608540
vt 0.0538713 0.8654836
vt 0.0538713 0.8716563
vt 0.0020989 0.3721707
vt 0.0020989 0.4009773
vt 0.0020989 0.4020063
vt 0.0020989 0.4164094
vt 0.0543377 0.9338993
vt 0.0697294 0.9282407
vt 0.6956623 0.9472736
vt 0.6956623 0.9652779
vt 0.0701959 0.9282407
vt 0.6961288 0.9297840
vt 0.6961288 0.9652779
vt 0.0706623 0.8752571
vt 0.0557370 0.9097223
vt 0.0706623 0.9143519
vt 0.0706623 0.9740226
vt 0.0711287 0.9724794
vt 0.6970616 0.9663066
vt 0.6970616 0.9956276
vt 0.0720616 0.9287551
vt 0.0720616 0.9709363
vt 0.6979944 0.9555041
vt 0.6979944 0.9632201
vt 0.6979944 0.9647633
vt 0.6979944 0.9956276
vt 0.0725280 0.9699073
vt 0.0729944 0.9441872
vt 0.0729944 0.9817386
vt 0.0729944 0.9827674
vt 0.6989272 0.9637345
vt 0.0734608 0.8989197
vt 0.0734608 0.9287551
vt 0.0734608 0.9807099
vt 0.0739273 0.9441872
vt 0.0739273 0.9699073
vt 0.6998601 0.9940845
vt 0.0743937 0.9930556
vt 0.7003265 0.9971707
vt 0.0076959 0.3721707
vt 0.0748601 0.9693930
vt 0.0753264 0.9801955
vt 0.0753264 0.9884260
vt 0.7012593 0.9971707
vt 0.0757930 0.8994341
vt 0.0757930 0.9693930
vt 0.1480877 0.2337962
vt 0.0762593 0.8901749
vt 0.0762593 0.9796812
vt 0.7021922 0.9565328
vt 0.7026586 0.9565328
vt 0.0771921 0.9796812
vt 0.0776586 0.8654836
vt 0.0776586 0.9416151
vt 0.7035915 0.9472736
vt 0.7035915 0.9621914
vt 0.0781250 0.8901749
vt 0.7040579 0.9555041
vt 0.7040579 0.9575618
vt 0.7040579 0.9606480
vt 0.7040579 0.9935698
vt 0.0785914 0.9683642
vt 0.0118936 0.4020063
vt 0.0790578 0.9416151
vt 0.0790578 0.9812243
vt 0.7049906 0.9575618
vt 0.7049906 0.9904836
vt 0.0795243 0.9801955
vt 0.7054571 0.9467592
vt 0.0799907 0.8788580
vt 0.0799907 0.9457303
vt 0.0799907 0.9858539
vt 0.7059235 0.9570474
vt 0.0132929 0.3721707
vt 0.0132929 0.4009773
vt 0.0804571 0.9431585
vt 0.0804571 0.9467593
vt 0.0804571 0.9796812
vt 0.0804571 0.9961421
vt 0.7063899 0.9544753
vt 0.1336287 0.1062242
vt 0.4643190 0.0306070
vt 0.0809235 0.9477881
vt 0.7068563 0.9436728
vt 0.4647855 0.0187757
vt 0.0813900 0.9416151
vt 0.0813900 0.9457303
vt 0.0813900 0.9467593
vt 0.0813900 0.9791668
vt 0.0813900 0.9940843
vt 0.7073228 0.9544753
vt 0.7073228 0.9940845
vt 0.2236474 0.0182612
vt 0.2236474 0.0244342
vt 0.2236474 0.0306069
vt 0.0818564 0.9447016
vt 0.1350280 0.0835906
vt 0.0823227 0.9436729
vt 0.0823227 0.9791668
vt 0.0823227 0.9940843
vt 0.7082556 0.9441871
vt 0.7082556 0.9544753
vt 0.7082556 0.9560184
vt 0.7082556 0.9570474
vt 0.7082556 0.9621914
vt 0.7082556 0.9925411
vt 0.0827891 0.9040637
vt 0.0827891 0.9488168
vt 0.0827891 0.9683642
vt 0.7087220 0.9673354
vt 0.0832556 0.9020062
vt 0.0832556 0.9030350
vt 0.0832556 0.9431585
vt 0.0832556 0.9719651
vt 0.7091885 0.9364713
vt 0.7091885 0.9369857
vt 0.7091885 0.9544753
vt 0.0837220 0.9009775
vt 0.0837220 0.9570473
vt 0.0837220 0.9976852
vt 0.7096549 0.9925411
vt 0.0841884 0.9416151
vt 0.0841884 0.9431585
vt 0.0841884 0.9693930
vt 0.7101213 0.9441871
vt 0.7101213 0.9678497
vt 0.1373600 0.1021090
vt 0.0846548 0.9004628
vt 0.0846548 0.9940843
vt 0.7105876 0.9519032
vt 0.7105876 0.9920267
vt 0.4685168 0.0187757
vt 0.4685168 0.0306070
vt 0.7110541 0.9544753
vt 0.7110541 0.9884259
vt 0.0855877 0.8922324
vt 0.0855877 0.8994341
vt 0.0855877 0.9812243
vt 0.0855877 0.9961421
vt 0.7115205 0.9318414
vt 0.7115205 0.9369857
vt 0.7115205 0.9385288
vt 0.7115205 0.9519032
vt 0.1578824 0.2451132
vt 0.0860541 0.9436729
vt 0.0860541 0.9488168
vt 0.0860541 0.9945987
vt 0.7119869 0.9308127
vt 0.7119869 0.9493314
vt 0.0865205 0.8994341
vt 0.7124533 0.9513888
vt 0.7124533 0.9534466
vt 0.1588153 0.2451132
vt 0.0869870 0.9400720
vt 0.0869870 0.9812243
vt 0.7129198 0.9246400
vt 0.7129198 0.9755658
vt 0.0874534 0.8994341
vt 0.0874534 0.9076646
vt 0.7133862 0.9570474
vt 0.7133862 0.9858540
vt 0.0879198 0.9395576
vt 0.0879198 0.9457303
vt 0.0879198 0.9467593
vt 0.0879198 0.9477881
vt 0.7138526 0.9318414
vt 0.7138526 0.9570474
vt 0.0883861 0.9076646
vt 0.7143190 0.9483024
vt 0.7143190 0.9503601
vt 0.7143190 0.9755658
vt 0.7143190 0.9801954
vt 0.7143190 0.9904836
vt 0.0888527 0.9102367
vt 0.7147855 0.9241256
vt 0.7147855 0.9837963
vt 0.0893190 0.8994341
vt 0.0893190 0.9071502
vt 0.0893190 0.9380145
vt 0.7152519 0.9534466
vt 0.7152519 0.9555041
vt 0.7152519 0.9807098
vt 0.7152519 0.9884259
vt 0.7152519 0.9904836
vt 0.7152519 0.9956276
vt 0.1616138 0.2142489
vt 0.0897854 0.9061214
vt 0.7157183 0.9940845
vt 0.0902518 0.9050927
vt 0.0902518 0.9349280
vt 0.1434236 0.0902777
vt 0.0907183 0.8953189
vt 0.0907183 0.9030350
vt 0.0907183 0.9040637
vt 0.0907183 0.9416151
vt 0.7166512 0.9555041
vt 0.7166512 0.9976851
vt 0.1630131 0.2296810
vt 0.0911847 0.9812243
vt 0.7171176 0.9596193
vt 0.1443563 0.0835906
vt 0.1443563 0.0928498
vt 0.0916511 0.9025206
vt 0.0916511 0.9411007
vt 0.0916511 0.9930556
vt 0.7175839 0.9544753
vt 0.7175839 0.9976851
vt 0.1448227 0.0866771
vt 0.0921175 0.9688786
vt 0.0925840 0.9318415
vt 0.0925840 0.9411007
vt 0.7185168 0.9261831
vt 0.7189832 0.9812242
vt 0.1462220 0.0974794
vt 0.7194496 0.9812242
vt 0.1466884 0.0861624
vt 0.1466884 0.0943929
vt 0.1466884 0.1067386
vt 0.7199160 0.9292696
vt 0.0944497 0.9266976
vt 0.0944497 0.9292694
vt 0.0944497 0.9411007
vt 0.1476213 0.0861624
vt 0.1667444 0.2219649
vt 0.0949161 0.8793723
vt 0.0949161 0.9266976
vt 0.7208489 0.9976851
vt 0.7213153 0.9236110
vt 0.1485541 0.0861624
vt 0.1681437 0.2199075
vt 0.0963153 0.9246398
vt 0.0963153 0.9416151
vt 0.0963153 0.9678498
vt 0.1494870 0.0866771
vt 0.1686101 0.2142489
vt 0.7227146 0.9719650
vt 0.7227146 0.9827675
vt 0.1499533 0.0933641
vt 0.2959421 0.0182613
vt 0.2959421 0.0306070
vt 0.0972481 0.9627059
vt 0.7231810 0.9292696
vt 0.7231810 0.9945988
vt 0.1504197 0.0923354
vt 0.2964085 0.0182613
vt 0.1695429 0.2322531
vt 0.7236473 0.9709362
vt 0.7236473 0.9771089
vt 0.1508862 0.0887346
vt 0.1700094 0.2322531
vt 0.0981810 0.9050927
vt 0.7241139 0.9292696
vt 0.7241139 0.9945988
vt 0.1513526 0.0907923
vt 0.1704758 0.2173353
vt 0.1704758 0.2260802
vt 0.0986474 0.9050927
vt 0.0986474 0.9117798
vt 0.0991138 0.9488168
vt 0.0991138 0.9596194
vt 0.0991138 0.9693930
vt 0.7250466 0.9292696
vt 0.7250466 0.9771089
vt 0.7250466 0.9837963
vt 0.7250466 0.9940845
vt 0.1714085 0.2173353
vt 0.0995802 0.9956277
vt 0.7255130 0.9951132
vt 0.7259795 0.9308127
vt 0.1005131 0.9164094
vt 0.7264459 0.9230966
vt 0.7269123 0.9292696
vt 0.7273787 0.9256687
vt 0.1742071 0.2183641
vt 0.1742071 0.2250514
vt 0.1023787 0.9508746
vt 0.7283116 0.9236110
vt 0.7283116 0.9920267
vt 0.1028451 0.9056071
vt 0.1751399 0.2214506
vt 0.1033115 0.9066358
vt 0.7292444 0.9236110
vt 0.7292444 0.9292696
vt 0.7292444 0.9323561
vt 0.7292444 0.9915124
vt 0.1037780 0.9488168
vt 0.7297109 0.9236110
vt 0.7297109 0.9868828
vt 0.7297109 0.9920267
vt 0.1042444 0.8654836
vt 0.1042444 0.8840019
vt 0.1042444 0.9467593
vt 0.1042444 0.9498456
vt 0.1042444 0.9956277
vt 0.7301773 0.9868828
vt 0.1578824 0.1046811
vt 0.1770056 0.2255658
vt 0.1770056 0.2373971
vt 0.1051772 0.9086933
vt 0.1051772 0.9627059
vt 0.7311100 0.9894546
vt 0.7311100 0.9976851
vt 0.1583489 0.0974794
vt 0.7315765 0.9246400
vt 0.7315765 0.9287552
vt 0.1588153 0.0882202
vt 0.1061101 0.8840019
vt 0.1061101 0.9092079
vt 0.1061101 0.9519033
vt 0.7320429 0.9256687
vt 0.7320429 0.9266975
vt 0.7320429 0.9277262
vt 0.7320429 0.9611627
vt 0.7320429 0.9709362
vt 0.7320429 0.9750515
vt 0.7320429 0.9755658
vt 0.7320429 0.9940845
vt 0.7325093 0.9894546
vt 0.7325093 0.9904836
vt 0.7325093 0.9966563
vt 0.1070429 0.9092079
vt 0.7329757 0.9940845
vt 0.1075094 0.9215536
vt 0.1075094 0.9519033
vt 0.1075094 0.9693930
vt 0.1075094 0.9930556
vt 0.1075094 0.9956277
vt 0.7334422 0.9709362
vt 0.7334422 0.9755658
vt 0.7334422 0.9853394
vt 0.7334422 0.9858540
vt 0.7334422 0.9904836
vt 0.7334422 0.9925411
vt 0.7334422 0.9935698
vt 0.7334422 0.9966563
vt 0.1079758 0.8845166
vt 0.7339086 0.9359567
vt 0.7339086 0.9971707
vt 0.1084421 0.9164094
vt 0.7343750 0.9236110
vt 0.7343750 0.9663066
vt 0.1807369 0.2188787
vt 0.1812034 0.2373971
vt 0.1093750 0.9086933
vt 0.1093750 0.9627059
vt 0.1093750 0.9971708
vt 0.7353079 0.9241256
vt 0.7353079 0.9354423
vt 0.1816698 0.2255658
vt 0.7287780 0.2512860
vt 0.7287780 0.2826647
vt 0.1103078 0.8793723
vt 0.7362407 0.9241256
vt 0.1639459 0.0835906
vt 0.1112407 0.9215536
vt 0.1112407 0.9313272
vt 0.7376399 0.9241256
vt 0.7385727 0.9241256
vt 0.7385727 0.9266975
vt 0.7390392 0.9354423
vt 0.7395056 0.9246400
vt 0.1149721 0.9086933
vt 0.1154384 0.8829732
vt 0.1154384 0.9097223
vt 0.1163712 0.8783436
vt 0.1163712 0.9097223
vt 0.7423041 0.9822532
vt 0.1695430 0.0835906
vt 0.1695430 0.1046811
vt 0.1168377 0.8845166
vt 0.7427706 0.9513888
vt 0.1700093 0.0871914
vt 0.1700093 0.0928498
vt 0.1700093 0.1046811
vt 0.1173041 0.9071502
vt 0.1173041 0.9452160
vt 0.1704757 0.0851337
vt 0.1709421 0.0841050
vt 0.1714086 0.0830762
vt 0.1714086 0.0897633
vt 0.7371736 0.2672325
vt 0.7371736 0.2826647
vt 0.7446362 0.9513888
vt 0.1191698 0.9596194
vt 0.7451026 0.9230966
vt 0.7451026 0.9302983
vt 0.1723414 0.0825618
vt 0.7455690 0.9349279
vt 0.7460354 0.9230966
vt 0.7460354 0.9344136
vt 0.1732743 0.0825618
vt 0.1205691 0.8783436
vt 0.7465019 0.9251544
vt 0.1737407 0.0928498
vt 0.7469683 0.9230966
vt 0.7469683 0.9272119
vt 0.7469683 0.9483024
vt 0.7469683 0.9560184
vt 0.1742071 0.1046811
vt 0.1215019 0.8850309
vt 0.7474347 0.9251544
vt 0.1219682 0.8948045
vt 0.1219682 0.9452160
vt 0.1219682 0.9688786
vt 0.7479011 0.9555041
vt 0.1751400 0.0902777
vt 0.1224347 0.8665123
vt 0.1224347 0.8834876
vt 0.1224347 0.8999485
vt 0.1224347 0.9632202
vt 0.1224347 0.9647634
vt 0.7413713 0.2672325
vt 0.1229011 0.9014919
vt 0.1229011 0.9555042
vt 0.1229011 0.9693930
vt 0.1229011 0.9930556
vt 0.7488340 0.9483024
vt 0.1760727 0.0835906
vt 0.1760727 0.0897633
vt 0.3220616 0.0182613
vt 0.3220616 0.0244343
vt 0.3220616 0.0306070
vt 0.1233675 0.9930556
vt 0.7493004 0.9555041
vt 0.1121735 0.1118826
vt 0.1121735 0.1391461
vt 0.1238339 0.9508746
vt 0.1238339 0.9719651
vt 0.1770056 0.0841050
vt 0.1770056 0.0892489
vt 0.7502333 0.9976851
vt 0.1774720 0.0851337
vt 0.1774720 0.0861624
vt 0.1774720 0.0871914
vt 0.1774720 0.0882202
vt 0.7506996 0.9405865
vt 0.7506996 0.9642489
vt 0.7506996 0.9668210
vt 0.7437033 0.2564299
vt 0.7437033 0.2713477
vt 0.7511660 0.9400719
vt 0.7511660 0.9673354
vt 0.7511660 0.9976851
vt 0.1256996 0.8834876
vt 0.1261661 0.9014919
vt 0.1261661 0.9215536
vt 0.1261661 0.9416151
vt 0.7520989 0.9673354
vt 0.1266325 0.9004628
vt 0.1266325 0.9128085
vt 0.1266325 0.9416151
vt 0.7455690 0.2512860
vt 0.7530317 0.9220679
vt 0.7530317 0.9246400
vt 0.7530317 0.9256687
vt 0.7530317 0.9400719
vt 0.7530317 0.9673354
vt 0.7530317 0.9976851
vt 0.7534981 0.9251544
vt 0.7534981 0.9426440
vt 0.7534981 0.9483024
vt 0.7534981 0.9740227
vt 0.7534981 0.9976851
vt 0.7544310 0.9349279
vt 0.7544310 0.9477880
vt 0.1289645 0.9133232
vt 0.1289645 0.9436729
vt 0.1289645 0.9719651
vt 0.7548974 0.9740227
vt 0.1294309 0.8999485
vt 0.1294309 0.9133232
vt 0.1294309 0.9452160
vt 0.7553638 0.9225823
vt 0.7553638 0.9349279
vt 0.1298974 0.9431585
vt 0.7558303 0.9483024
vt 0.7558303 0.9524176
vt 0.7558303 0.9740227
vt 0.7558303 0.9976851
vt 0.1303638 0.9503602
vt 0.7562967 0.9344136
vt 0.7562967 0.9426440
vt 0.7562967 0.9452161
vt 0.7562967 0.9745371
vt 0.7562967 0.9750515
vt 0.7562967 0.9976851
vt 0.7567630 0.9570474
vt 0.7572294 0.9333848
vt 0.1317631 0.9935699
vt 0.7576959 0.9225823
vt 0.7506996 0.2564299
vt 0.7506996 0.2713477
vt 0.1322295 0.9133232
vt 0.1322295 0.9421297
vt 0.7581623 0.9575618
vt 0.7581623 0.9925411
vt 0.7581623 0.9935698
vt 0.7581623 0.9961420
vt 0.1326959 0.8834876
vt 0.7586287 0.9915124
vt 0.1331623 0.9421297
vt 0.7590951 0.9853394
vt 0.7590951 0.9915124
vt 0.7590951 0.9971707
vt 0.1336288 0.9416151
vt 0.7595616 0.9647633
vt 0.7595616 0.9745371
vt 0.7595616 0.9976851
vt 0.1340952 0.9426441
vt 0.7600280 0.9750515
vt 0.7604944 0.9251544
vt 0.7604944 0.9272119
vt 0.7604944 0.9452161
vt 0.7604944 0.9575618
vt 0.7604944 0.9848250
vt 0.7604944 0.9971707
vt 0.1233675 0.1118826
vt 0.1350279 0.9431585
vt 0.1350279 0.9508746
vt 0.1350279 0.9719651
vt 0.1350279 0.9930556
vt 0.7609608 0.9570474
vt 0.7609608 0.9765946
vt 0.1238340 0.1391461
vt 0.1354944 0.9966564
vt 0.7614273 0.9256687
vt 0.7614273 0.9441871
vt 0.7614273 0.9647633
vt 0.7614273 0.9745371
vt 0.7614273 0.9858540
vt 0.7614273 0.9971707
vt 0.1359608 0.8665123
vt 0.1359608 0.8834876
vt 0.1359608 0.8999485
vt 0.1359608 0.9004628
vt 0.1359608 0.9128085
vt 0.1359608 0.9483025
vt 0.7618937 0.9344136
vt 0.7618937 0.9426440
vt 0.7618937 0.9765946
vt 0.5520056 0.7733611
vt 0.5520056 0.7820888
vt 0.5520056 0.7974906
vt 0.5520056 0.8231604
vt 0.6345616 0.3761088
vt 0.6345616 0.3961314
vt 0.6345616 0.4161539
vt 0.2562966 0.6985008
vt 0.2562966 0.7231437
vt 0.2562966 0.7246840
vt 0.4983675 0.6658982
vt 0.2576932 0.7359788
vt 0.5002296 0.6356078
vt 0.5002296 0.6412550
vt 0.5543331 0.7954371
vt 0.2590897 0.6990142
vt 0.5552641 0.7764415
vt 0.5552641 0.8236740
vt 0.5557296 0.7589861
vt 0.2600207 0.6743713
vt 0.5025571 0.6171255
vt 0.5566606 0.7928703
vt 0.6392166 0.3961314
vt 0.5034881 0.6058307
vt 0.4745656 0.3303662
vt 0.5603847 0.7897898
vt 0.5613157 0.7897898
vt 0.6438716 0.3761088
vt 0.6438716 0.3961314
vt 0.6438716 0.4161539
vt 0.3714827 0.1008356
vt 0.4773586 0.3488485
vt 0.5627122 0.8128925
vt 0.5631778 0.7764415
vt 0.5631778 0.7882496
vt 0.5095397 0.6540901
vt 0.5636432 0.7589861
vt 0.5636432 0.8236740
vt 0.5645742 0.8241873
vt 0.4796861 0.3668174
vt 0.5118672 0.6299602
vt 0.5669018 0.8077586
vt 0.5673673 0.8103257
vt 0.3770687 0.0910812
vt 0.5682982 0.7682271
vt 0.5682982 0.7938969
vt 0.5682982 0.8077586
vt 0.2725893 0.6985008
vt 0.5146602 0.6073709
vt 0.5687638 0.8057050
vt 0.5151257 0.6073709
vt 0.5692293 0.8103257
vt 0.5692293 0.8123792
vt 0.5696948 0.7543654
vt 0.2744514 0.7416260
vt 0.5706258 0.8057050
vt 0.2753824 0.6990142
vt 0.2753824 0.7226304
vt 0.5715569 0.7589861
vt 0.5179188 0.6253399
vt 0.3817238 0.1064831
vt 0.2763133 0.6743713
vt 0.5183842 0.6253399
vt 0.4875998 0.3416610
vt 0.5193152 0.6674382
vt 0.4885308 0.3319064
vt 0.5738844 0.8031382
vt 0.2786409 0.7416260
vt 0.5211773 0.6427953
vt 0.5211773 0.6576838
vt 0.5211773 0.6607642
vt 0.5211773 0.6674382
vt 0.5752808 0.7682271
vt 0.5216427 0.6576838
vt 0.5216427 0.6607642
vt 0.5216427 0.6674382
vt 0.5221083 0.6576838
vt 0.5221083 0.6674382
vt 0.5225739 0.6376613
vt 0.5225739 0.6674382
vt 0.5230393 0.6258532
vt 0.5239703 0.6376613
vt 0.5780739 0.8113523
vt 0.5780739 0.8123792
vt 0.2823649 0.7267375
vt 0.5244358 0.6099380
vt 0.5785394 0.8123792
vt 0.4936514 0.3488485
vt 0.2828305 0.7323850
vt 0.5249014 0.6068575
vt 0.5249014 0.6248263
vt 0.5249014 0.6422819
vt 0.5249014 0.6674382
vt 0.2832959 0.7323850
vt 0.4955133 0.3421743
vt 0.5267633 0.6674382
vt 0.4959789 0.3319064
vt 0.4964443 0.3673308
vt 0.5817979 0.7682271
vt 0.5817979 0.7938969
vt 0.4969099 0.3298528
vt 0.4969099 0.3483351
vt 0.4969099 0.3668174
vt 0.5822635 0.7733611
vt 0.5286254 0.6674382
vt 0.5827289 0.7969773
vt 0.5827289 0.8005711
vt 0.5836599 0.7985175
vt 0.5300219 0.6674382
vt 0.3938270 0.0833801
vt 0.5845910 0.7733611
vt 0.0244221 0.0037252
vt 0.5318839 0.6674382
vt 0.5859874 0.7543654
vt 0.5010994 0.3483351
vt 0.5869185 0.7723342
vt 0.5332805 0.6248263
vt 0.5873840 0.7594994
vt 0.3970855 0.1034027
vt 0.2921406 0.6743713
vt 0.2921406 0.6985008
vt 0.5883150 0.7980042
vt 0.2926060 0.6759112
vt 0.2930716 0.6815587
vt 0.5351424 0.6633311
vt 0.2935371 0.6815587
vt 0.5048234 0.3298528
vt 0.5048234 0.3483351
vt 0.5048234 0.3668174
vt 0.7566882 0.0597720
vt 0.7566882 0.0772275
vt 0.7571537 0.0597720
vt 0.4003440 0.0992953
vt 0.2949335 0.6990142
vt 0.2949335 0.7226304
vt 0.2949335 0.7241706
vt 0.2949335 0.7262242
vt 0.5370044 0.6551167
vt 0.5370044 0.6607642
vt 0.2953991 0.6830990
vt 0.2953991 0.7026079
vt 0.2953991 0.7216035
vt 0.5915736 0.7538519
vt 0.2958646 0.7026079
vt 0.5379355 0.6664115
vt 0.5384010 0.6607642
vt 0.5925046 0.8005711
vt 0.2967956 0.7031215
vt 0.2967956 0.7216035
vt 0.2967956 0.7262242
vt 0.5388665 0.6571702
vt 0.5388665 0.6638444
vt 0.2972610 0.6841256
vt 0.5393319 0.6546034
vt 0.4031370 0.0941614
vt 0.2977266 0.6861794
vt 0.5402630 0.6546034
vt 0.5402630 0.6571702
vt 0.5402630 0.6643580
vt 0.5948321 0.7974906
vt 0.5952975 0.7974906
vt 0.5416595 0.6068575
vt 0.5416595 0.6571702
vt 0.5416595 0.6658982
vt 0.5416595 0.6664115
vt 0.5957631 0.7538519
vt 0.5962286 0.7728477
vt 0.4059301 0.0833801
vt 0.8872734 0.3774587
vt 0.8872734 0.4164769
vt 0.5425906 0.6453621
vt 0.5425906 0.6674382
vt 0.8942687 0.3781624
vt 0.8947342 0.3971580
vt 0.8947342 0.4161539
vt 0.0369907 0.0037252
vt 0.3019161 0.6861794
vt 0.8886698 0.3969679
vt 0.5439870 0.6453621
vt 0.5439870 0.6623042
vt 0.3023816 0.6815587
vt 0.5449181 0.6674382
vt 0.5990216 0.7728477
vt 0.8900664 0.3774587
vt 0.8900664 0.3969679
vt 0.8900664 0.4164769
vt 0.5453835 0.6371480
vt 0.5453835 0.6623042
vt 0.5994871 0.7728477
vt 0.3037782 0.7416260
vt 0.5458491 0.6119915
vt 0.5458491 0.6371480
vt 0.5458491 0.6628178
vt 0.7347473 0.4970590
vt 0.3047092 0.7164696
vt 0.3051747 0.6949071
vt 0.6013491 0.7718208
vt 0.6027456 0.7636065
vt 0.5495731 0.6042904
vt 0.5495731 0.6114779
vt 0.6036766 0.8046781
vt 0.9012513 0.3971580
vt 0.3079677 0.6949071
vt 0.5500386 0.6371480
vt 0.6046077 0.7723342
vt 0.5509697 0.6119915
vt 0.5514351 0.6371480
vt 0.7403335 0.5104073
vt 0.6060041 0.7969773
vt 0.3102952 0.6969606
vt 0.5789510 0.1442518
vt 0.5789510 0.1647877
vt 0.5794166 0.1442518
vt 0.3116917 0.6969606
vt 0.5537626 0.6371480
vt 0.5542282 0.6674382
vt 0.9045062 0.9961451
vt 0.5560901 0.6042904
vt 0.5560901 0.6114779
vt 0.5565557 0.6623042
vt 0.7771704 0.0597720
vt 0.9082338 0.3971580
vt 0.9082338 0.4161539
vt 0.3149502 0.7103090
vt 0.3149502 0.7164696
vt 0.5570211 0.6119915
vt 0.5570211 0.6176388
vt 0.5570211 0.6402281
vt 0.9086994 0.3781624
vt 0.9068337 0.9591805
vt 0.9068337 0.9750957
vt 0.9068337 0.9848503
vt 0.9068337 0.9869038
vt 0.7466178 0.5324834
vt 0.9093976 0.3951045
vt 0.9093976 0.4161539
vt 0.9075320 0.9920378
vt 0.9075320 0.9961451
vt 0.9098632 0.4048591
vt 0.9079975 0.9381311
vt 0.9079975 0.9591805
vt 0.9079975 0.9684215
vt 0.7815973 0.0599218
vt 0.5852353 0.1740289
vt 0.3170450 0.7015813
vt 0.3170450 0.7164696
vt 0.9084630 0.9170819
vt 0.9089285 0.9170819
vt 0.0530507 0.0109127
vt 0.3184416 0.6779650
vt 0.7494109 0.5145146
vt 0.1113512 0.0581251
vt 0.3189071 0.6779650
vt 0.7498763 0.4975725
vt 0.3207691 0.7169831
vt 0.9121870 0.9684215
vt 0.7867179 0.0773775
vt 0.9135836 0.9976851
vt 0.9140490 0.9930647
vt 0.9145145 0.9940913
vt 0.9154455 0.9940913
vt 0.9159111 0.9607207
vt 0.9163765 0.9509661
vt 0.9187077 0.4048591
vt 0.9187077 0.4161539
vt 0.9168421 0.9509661
vt 0.9173076 0.9299167
vt 0.7918385 0.0599218
vt 0.3272862 0.7205769
vt 0.9210353 0.3786757
vt 0.5964075 0.1473322
vt 0.9196351 0.9699617
vt 0.7591864 0.4842242
vt 0.9219662 0.4058860
vt 0.9051743 0.1154795
vt 0.9061053 0.1390958
vt 0.9214971 0.9976851
vt 0.5992005 0.1622208
vt 0.3310102 0.6815587
vt 0.3310102 0.7015813
vt 0.3310102 0.7216035
vt 0.9224281 0.9971718
vt 0.7260653 0.0377573
vt 0.7260653 0.0454583
vt 0.7260653 0.0526458
vt 0.4312883 0.3939599
vt 0.9233592 0.9607207
vt 0.7638414 0.5324834
vt 0.9252212 0.9427517
vt 0.9252212 0.9596938
vt 0.9102949 0.1149662
vt 0.7647725 0.4975725
vt 0.9256867 0.9427517
vt 0.9107604 0.1149662
vt 0.4340813 0.4026876
vt 0.9261521 0.9217026
vt 0.7657035 0.5145146
vt 0.9266177 0.9217026
vt 0.9266177 0.9607207
vt 0.9266177 0.9925511
vt 0.1281093 0.0581251
vt 0.7671001 0.5129744
vt 0.9284797 0.9976851
vt 0.9135534 0.1149662
vt 0.7684965 0.4960323
vt 0.4373398 0.4026876
vt 0.7689620 0.4816571
vt 0.1309023 0.0668528
vt 0.1313679 0.0760938
vt 0.7698930 0.5119475
vt 0.4392019 0.3759909
vt 0.9340694 0.3976716
vt 0.9345350 0.3776491
vt 0.9345350 0.3786757
vt 0.9345350 0.4161539
vt 0.9350004 0.3976716
vt 0.1341608 0.0596653
vt 0.9331347 0.9442920
vt 0.7726861 0.4816571
vt 0.9340658 0.9335107
vt 0.9340658 0.9340240
vt 0.9345313 0.9340240
vt 0.9345313 0.9442920
vt 0.9345313 0.9514794
vt 0.9349968 0.9735555
vt 0.4433913 0.4062814
vt 0.9354622 0.9925511
vt 0.9377935 0.4161539
vt 0.1369539 0.0668528
vt 0.4438569 0.4062814
vt 0.4438569 0.4134691
vt 0.9363932 0.9653411
vt 0.1378849 0.0755805
vt 0.7768756 0.5119475
vt 0.4466500 0.3759909
vt 0.9387209 0.9930647
vt 0.4471154 0.3759909
vt 0.4471154 0.4129556
vt 0.9247255 0.1144526
vt 0.7801342 0.4816571
vt 0.4489775 0.3908795
vt 0.9410484 0.9525063
vt 0.7805996 0.4816571
vt 0.9265876 0.1144526
vt 0.7810652 0.5309431
vt 0.9419794 0.9838234
vt 0.9275186 0.1375556
vt 0.9429104 0.9602071
vt 0.9429104 0.9904976
vt 0.7535438 0.0526970
vt 0.7824617 0.4970590
vt 0.7540093 0.0378087
vt 0.9443069 0.9602071
vt 0.7838581 0.5124608
vt 0.9447723 0.9473724
vt 0.9447723 0.9596938
vt 0.3482230 0.0588690
vt 0.7488751 0.0377573
vt 0.7488751 0.0526458
vt 0.9457034 0.9904976
vt 0.7493405 0.0377573
vt 0.9461689 0.9802297
vt 0.9461689 0.9838234
vt 0.9461689 0.9966584
vt 0.4545635 0.3759909
vt 0.9466344 0.9976851
vt 0.1481260 0.0750672
vt 0.4554945 0.4165493
vt 0.3510160 0.0773513
vt 0.9498966 0.3961314
vt 0.7880478 0.4816571
vt 0.9489619 0.9473724
vt 0.9489619 0.9602071
vt 0.9512930 0.3776491
vt 0.9517586 0.3976716
vt 0.1509190 0.0596653
vt 0.9498929 0.9771492
vt 0.4582876 0.3759909
vt 0.4582876 0.4062814
vt 0.9512895 0.9689348
vt 0.9517549 0.9283768
vt 0.4428921 0.9011667
vt 0.9522204 0.9838234
vt 0.9522204 0.9961451
vt 0.4433576 0.9247827
vt 0.4433576 0.9489126
vt 0.9526860 0.9607207
vt 0.7922373 0.5114342
vt 0.9550171 0.4156403
vt 0.1541776 0.0776340
vt 0.4438231 0.9494259
vt 0.4438231 0.9735555
vt 0.4442886 0.9976851
vt 0.4466161 0.9863905
vt 0.4470817 0.9735555
vt 0.4470817 0.9976851
vt 0.7675090 0.0378087
vt 0.9550090 0.0304660
vt 0.7679744 0.0526970
vt 0.9554744 0.0222517
vt 0.1718914 0.0770946
vt 0.9442786 0.1452765
vt 0.9442786 0.1740268
vt 0.1723570 0.0586123
vt 0.4494092 0.9863905
vt 0.7982888 0.5309431
vt 0.4498747 0.9247827
vt 0.4498747 0.9971718
vt 0.4503402 0.9586669
vt 0.4503402 0.9781761
vt 0.4503402 0.9976851
vt 0.9578019 0.0304660
vt 0.4508056 0.9494259
vt 0.9582675 0.0222517
vt 0.8001509 0.4934652
vt 0.8001509 0.5124608
vt 0.3649812 0.0588690
vt 0.1756155 0.0580990
vt 0.4535987 0.9781761
vt 0.1779430 0.0776079
vt 0.9666547 0.3961314
vt 0.1784084 0.0580990
vt 0.9517266 0.1452765
vt 0.9517266 0.1735134
vt 0.4568572 0.9011667
vt 0.4568572 0.9247827
vt 0.4568572 0.9489126
vt 0.4568572 0.9586669
vt 0.4568572 0.9781761
vt 0.4568572 0.9976851
vt 0.9643190 0.0222517
vt 0.9643190 0.0304660
vt 0.9685168 0.3771357
vt 0.9685168 0.3976716
vt 0.1676773 0.0591517
vt 0.0650653 0.4930213
vt 0.0650653 0.5325528
vt 0.1793377 0.7696554
vt 0.1793377 0.7799236
vt 0.1793377 0.8019996
vt 0.1793377 0.8240757
vt 0.8626399 0.0869156
vt 0.8626399 0.1064246
vt 0.3481810 0.8975727
vt 0.3481810 0.9273499
vt 0.3481810 0.9309436
vt 0.3481810 0.9340240
vt 0.3481810 0.9925511
vt 0.1798032 0.7547671
vt 0.3486465 0.9617474
vt 0.0673928 0.5038026
vt 0.3505085 0.9273499
vt 0.3505085 0.9622609
vt 0.0697203 0.5048295
vt 0.1844583 0.7978923
vt 0.3533016 0.9319705
vt 0.3546981 0.9309436
vt 0.8696225 0.0869156
vt 0.0725134 0.4760792
vt 0.0725134 0.5156107
vt 0.3556291 0.9632876
vt 0.3560945 0.9632876
vt 0.3570256 0.9309436
vt 0.3574910 0.9319705
vt 0.1895787 0.7711956
vt 0.3584220 0.9165686
vt 0.1900443 0.7706823
vt 0.1905099 0.7547671
vt 0.0767029 0.5325528
vt 0.1914408 0.7511734
vt 0.1937684 0.7557937
vt 0.3626116 0.9150284
vt 0.3635426 0.9150284
vt 0.3635426 0.9165686
vt 0.3635426 0.9175953
vt 0.3640082 0.8975727
vt 0.3640082 0.9340240
vt 0.1960959 0.8107273
vt 0.3649392 0.9345373
vt 0.3649392 0.9807430
vt 0.0836855 0.4760792
vt 0.0836855 0.5156107
vt 0.3677322 0.9191355
vt 0.3681977 0.9155417
vt 0.8835876 0.0869156
vt 0.8840532 0.1064246
vt 0.2012165 0.7845440
vt 0.3700598 0.9155417
vt 0.3700598 0.9191355
vt 0.3709907 0.9191355
vt 0.2026129 0.7711956
vt 0.0888061 0.4976420
vt 0.2030784 0.7711956
vt 0.3733183 0.9514794
vt 0.0906680 0.4986686
vt 0.3737837 0.9514794
vt 0.3742493 0.9514794
vt 0.3742493 0.9976851
vt 0.1349741 0.3103891
vt 0.8910357 0.1064246
vt 0.3765768 0.9211890
vt 0.2081990 0.8240757
vt 0.3775078 0.9211890
vt 0.3775078 0.9519928
vt 0.3779733 0.9104078
vt 0.2095956 0.7783834
vt 0.1382327 0.2877995
vt 0.1382327 0.3083356
vt 0.2100610 0.7732494
vt 0.1386982 0.3083356
vt 0.1386982 0.3232239
vt 0.2109920 0.7783834
vt 0.2114576 0.7511734
vt 0.8947598 0.0879423
vt 0.0976507 0.5263922
vt 0.7720900 0.0377292
vt 0.7725556 0.0377292
vt 0.7725556 0.0526175
vt 0.2133195 0.7978923
vt 0.3821628 0.9011667
vt 0.3826284 0.9684215
vt 0.3835593 0.9365909
vt 0.3835593 0.9679082
vt 0.2151816 0.7722225
vt 0.8984839 0.0879423
vt 0.3840249 0.9920378
vt 0.5897142 0.0370376
vt 0.3854214 0.9920378
vt 0.3854214 0.9976851
vt 0.5911107 0.0370376
vt 0.2193711 0.7896779
vt 0.2198367 0.7953255
vt 0.2198367 0.7978923
vt 0.3886799 0.8965461
vt 0.3900765 0.9694484
vt 0.1503358 0.2949872
vt 0.3910075 0.9211890
vt 0.1508013 0.2949872
vt 0.9059319 0.0884558
vt 0.9059319 0.1069379
vt 0.2230952 0.7619546
vt 0.3919384 0.9858769
vt 0.3924040 0.8965461
vt 0.3924040 0.9946049
vt 0.2249571 0.8004594
vt 0.2249571 0.8107273
vt 0.2254227 0.7819771
vt 0.2254227 0.8014861
vt 0.2254227 0.8209953
vt 0.3942660 0.9391580
vt 0.2263537 0.7619546
vt 0.3951970 0.9643145
vt 0.2268192 0.7583609
vt 0.1554563 0.2877995
vt 0.1554563 0.3083356
vt 0.1554563 0.3119293
vt 0.1554563 0.3196301
vt 0.1554563 0.3232239
vt 0.6018174 0.0529528
vt 0.2468725 0.1172643
vt 0.2468725 0.1362600
vt 0.3970590 0.9643145
vt 0.3979900 0.9047605
vt 0.3984556 0.9345373
vt 0.2314743 0.7722225
vt 0.1601115 0.3093622
vt 0.2319398 0.7516867
vt 0.1605769 0.3093622
vt 0.2324053 0.8014861
vt 0.4012485 0.9350507
vt 0.1615079 0.3093622
vt 0.4021795 0.9350507
vt 0.2338018 0.7701690
vt 0.4026451 0.9807430
vt 0.2342673 0.7742760
vt 0.1633700 0.2908799
vt 0.4040416 0.9314569
vt 0.2543205 0.1177776
vt 0.2543205 0.1367733
vt 0.2547860 0.1126437
vt 0.2365949 0.7496332
vt 0.1652319 0.3134695
vt 0.2370603 0.7496332
vt 0.2566480 0.1141839
vt 0.4068346 0.9504528
vt 0.4073001 0.9504528
vt 0.2396207 0.8209953
vt 0.2582774 0.1177776
vt 0.4084639 0.9961451
vt 0.8011841 0.0377292
vt 0.8011841 0.0454300
vt 0.8011841 0.0526175
vt 0.1705853 0.3237374
vt 0.1122821 0.3330258
vt 0.1127476 0.3330258
vt 0.1127476 0.3617761
vt 0.2433446 0.8030263
vt 0.4121879 0.9155417
vt 0.2438101 0.7824904
vt 0.4126534 0.9514794
vt 0.4126534 0.9663680
vt 0.4131190 0.9663680
vt 0.1141441 0.3617761
vt 0.2470687 0.7604144
vt 0.2470687 0.7845440
vt 0.4159119 0.9319705
vt 0.1178682 0.3330258
vt 0.1187992 0.3330258
vt 0.4182395 0.9822832
vt 0.4187050 0.9822832
vt 0.1201957 0.3468875
vt 0.2694494 0.1177776
vt 0.2694494 0.1188045
vt 0.4196360 0.8985996
vt 0.2703804 0.1141839
vt 0.4205670 0.8991130
vt 0.2521893 0.7557937
vt 0.4228945 0.9057871
vt 0.4228945 0.9083542
vt 0.4228945 0.9093809
vt 0.4228945 0.9673949
vt 0.2545168 0.8040532
vt 0.4233601 0.8991130
vt 0.4233601 0.9155417
vt 0.2549823 0.7537402
vt 0.4238256 0.8991130
vt 0.4238256 0.9976851
vt 0.1840850 0.2908799
vt 0.4247566 0.9684215
vt 0.1257817 0.3330258
vt 0.4252220 0.9350507
vt 0.4256876 0.9376178
vt 0.2768976 0.1393404
vt 0.4270841 0.9324838
vt 0.1281093 0.3674233
vt 0.4280151 0.9350507
vt 0.4280151 0.9684215
vt 0.0021747 0.8041468
vt 0.1299713 0.3294321
vt 0.0035711 0.7461328
vt 0.0035711 0.7692358
vt 0.0035711 0.7841243
vt 0.0040367 0.7687224
vt 0.0040367 0.7692358
vt 0.0040367 0.7841243
vt 0.2614993 0.8235621
vt 0.7960143 0.0606971
vt 0.0049676 0.7846376
vt 0.4312736 0.9134882
vt 0.4312736 0.9145148
vt 0.2638269 0.7850575
vt 0.4326701 0.9134882
vt 0.4326701 0.9750957
vt 0.4326701 0.9797163
vt 0.4331357 0.9458322
vt 0.4331357 0.9673949
vt 0.4331357 0.9838234
vt 0.2834146 0.1126437
vt 0.4336011 0.9134882
vt 0.4336011 0.9201624
vt 0.4336011 0.9247827
vt 0.4336011 0.9422384
vt 0.0077607 0.8056870
vt 0.2652234 0.8055934
vt 0.2838801 0.1188045
vt 0.4340667 0.9016801
vt 0.4340667 0.9258096
vt 0.4340667 0.9494259
vt 0.4354632 0.9673949
vt 0.4354632 0.9976851
vt 0.4359287 0.9540466
vt 0.2675509 0.7629815
vt 0.2862076 0.1152108
vt 0.4363942 0.9258096
vt 0.9592487 0.6361211
vt 0.9592487 0.6674382
vt 0.9597141 0.6058307
vt 0.2689475 0.7871111
vt 0.2689475 0.8055934
vt 0.2689475 0.8240757
vt 0.2540211 0.4696526
vt 0.2544867 0.4465500
vt 0.4387217 0.9016801
vt 0.2549522 0.4239603
vt 0.9629727 0.6361211
vt 0.2908627 0.1188045
vt 0.2908627 0.1393404
vt 0.2572797 0.4465500
vt 0.0175364 0.7656420
vt 0.9666968 0.6058307
vt 0.8043815 0.4834993
vt 0.8043815 0.5081425
vt 0.2610037 0.4239603
vt 0.8048470 0.5317585
vt 0.0198639 0.8236558
vt 0.0203293 0.8041468
vt 0.8123069 0.0601838
vt 0.9694898 0.6361211
vt 0.0212603 0.7461328
vt 0.0212603 0.7476730
vt 0.2633312 0.4465500
vt 0.8071745 0.5081425
vt 0.0226568 0.7846376
vt 0.9718173 0.6058307
vt 0.9718173 0.6361211
vt 0.9718173 0.6664115
vt 0.9722828 0.6063440
vt 0.9722828 0.6371480
vt 0.9722828 0.6674382
vt 0.8095020 0.4834993
vt 0.2661243 0.4239603
vt 0.2661243 0.4465500
vt 0.2661243 0.4701662
vt 0.0245189 0.8062004
vt 0.2665898 0.4393622
vt 0.2665898 0.4398758
vt 0.2665898 0.4701662
vt 0.8164965 0.0776392
vt 0.2689173 0.4398758
vt 0.9760069 0.6371480
vt 0.2712449 0.4701662
vt 0.8150881 0.5081425
vt 0.9797310 0.6674382
vt 0.9801964 0.6063440
vt 0.9801964 0.6371480
vt 0.0315015 0.7692358
vt 0.0315015 0.7764232
vt 0.0315015 0.7841243
vt 0.9806619 0.6181521
vt 0.9806619 0.6191790
vt 0.9806619 0.6438222
vt 0.9806619 0.6674382
vt 0.0319669 0.7538339
vt 0.0319669 0.7841243
vt 0.9811274 0.6063440
vt 0.0338290 0.7538339
vt 0.2763653 0.4398758
vt 0.8206742 0.5327854
vt 0.2772964 0.4398758
vt 0.2772964 0.4552777
vt 0.8211397 0.4834993
vt 0.8211397 0.5081425
vt 0.9843860 0.6438222
vt 0.0356910 0.7841243
vt 0.0366220 0.7841243
vt 0.0366220 0.8241691
vt 0.8285996 0.0601838
vt 0.0380185 0.7476730
vt 0.0389495 0.7538339
vt 0.2810204 0.4224201
vt 0.9881099 0.6674382
vt 0.0394150 0.7538339
vt 0.9885755 0.6186657
vt 0.9885755 0.6438222
vt 0.9890410 0.6443355
vt 0.2824169 0.4398758
vt 0.2824169 0.4701662
vt 0.9895065 0.6063440
vt 0.6159048 0.2148731
vt 0.6159048 0.2450447
vt 0.6420242 0.2146920
vt 0.6420242 0.2448636
vt 0.6382929 0.6049036
vt 0.0020989 0.5678282
vt 0.0020989 0.5688511
vt 0.0020989 0.5990225
vt 0.0408116 0.7846376
vt 0.0408116 0.8062004
vt 0.2828825 0.4224201
vt 0.2828825 0.4398758
vt 0.2828825 0.4701662
vt 0.8327892 0.0776392
vt 0.9899720 0.6443355
vt 0.9899720 0.6674382
vt 0.6387565 0.6350753
vt 0.0025625 0.5371453
vt 0.0025625 0.5678282
vt 0.0025625 0.5688511
vt 0.0025625 0.5990225
vt 0.6392203 0.6350753
vt 0.6392203 0.6652467
vt 0.6396839 0.6672923
vt 0.6406113 0.6049036
vt 0.6406113 0.6350753
vt 0.6406113 0.6672923
vt 0.1443399 0.4946762
vt 0.1443399 0.5130861
vt 0.1443399 0.5233137
vt 0.1443399 0.5238252
vt 0.0071994 0.5371453
vt 0.6489795 0.2146920
vt 0.1503677 0.5110404
vt 0.0118362 0.5376565
vt 0.1517588 0.4788234
vt 0.6270332 0.2148731
vt 0.0155456 0.5529981
vt 0.0155456 0.5841924
vt 0.6302789 0.2148731
vt 0.6563983 0.2448636
vt 0.0178640 0.5529981
vt 0.0187914 0.5529981
vt 0.1587140 0.5182000
vt 0.1587140 0.5314959
vt 0.6596441 0.2146920
vt 0.6349157 0.2148731
vt 0.0211097 0.5529981
vt 0.0215734 0.5376565
vt 0.0227327 0.5529981
vt 0.6379297 0.2297031
vt 0.6379297 0.2450447
vt 0.2974418 0.0526579
vt 0.1640463 0.5115519
vt 0.0250510 0.5529981
vt 0.1654373 0.4788234
vt 0.6686859 0.2300333
vt 0.0287605 0.5683397
vt 0.0292241 0.5688511
vt 0.0292241 0.5990225
vt 0.0310788 0.5683397
vt 0.0315426 0.5688511
vt 0.3048607 0.0362936
vt 0.1719288 0.4951877
vt 0.1719288 0.5125746
vt 0.1723926 0.5279161
vt 0.1723926 0.5284276
vt 0.1723926 0.5314959
vt 0.0333973 0.5683397
vt 0.0338609 0.5688511
vt 0.1737836 0.5125746
vt 0.0343247 0.5376565
vt 0.6770321 0.2146920
vt 0.0371067 0.5376565
vt 0.0371067 0.5683397
vt 0.6774958 0.2448636
vt 0.0375704 0.5688511
vt 0.6779594 0.2146920
vt 0.6784232 0.2448636
vt 0.1779567 0.4905852
vt 0.1779567 0.5115519
vt 0.1798114 0.4798461
vt 0.1816661 0.4767778
vt 0.1816661 0.5115519
vt 0.0422072 0.5841924
vt 0.0431346 0.5841924
vt 0.0445256 0.5841924
vt 0.3187711 0.0362936
vt 0.6867693 0.2295221
vt 0.0468439 0.5841924
vt 0.1867667 0.5228025
vt 0.0500897 0.5529981
vt 0.0505534 0.5841924
vt 0.3247990 0.0526579
vt 0.1914034 0.4818917
vt 0.1918671 0.4818917
vt 0.6951156 0.2146920
vt 0.0556539 0.5990225
vt 0.6960430 0.2448636
vt 0.1983585 0.4972333
vt 0.1988223 0.4972333
vt 0.1992859 0.4972333
vt 0.1997496 0.5120634
vt 0.2002133 0.5325186
vt 0.7065059 0.5395621
vt 0.7065059 0.5687111
vt 0.7065059 0.5988828
vt 0.7941842 0.7614310
vt 0.0633046 0.5376565
vt 0.0633046 0.5683397
vt 0.7951115 0.7783067
vt 0.7951115 0.7788182
vt 0.0637682 0.5688511
vt 0.0637682 0.5990225
vt 0.7041574 0.2295221
vt 0.7955753 0.7962051
vt 0.7955753 0.7972281
vt 0.7960389 0.7962051
vt 0.7960389 0.8243312
vt 0.7965026 0.7962051
vt 0.7965026 0.7967166
vt 0.2783096 0.3181020
vt 0.7060121 0.2146920
vt 0.7116063 0.5988828
vt 0.6351056 0.0601777
vt 0.7139247 0.5543922
vt 0.7139247 0.5687111
vt 0.8002121 0.7900685
vt 0.2838737 0.2889533
vt 0.7167068 0.5416078
vt 0.7167068 0.5687111
vt 0.7176341 0.5687111
vt 0.7129673 0.2146920
vt 0.7129673 0.2448636
vt 0.5091399 0.3493930
vt 0.7185615 0.5416078
vt 0.7185615 0.5687111
vt 0.7185615 0.5988828
vt 0.8370289 0.0672161
vt 0.8053125 0.7542717
vt 0.8053125 0.7609198
vt 0.8374927 0.0672161
vt 0.8062399 0.7962051
vt 0.2880468 0.3048060
vt 0.6434518 0.0601777
vt 0.8076309 0.7609198
vt 0.2894379 0.3206591
vt 0.8080946 0.7783067
vt 0.8085582 0.7691018
vt 0.8094856 0.7614310
vt 0.8099493 0.8105240
vt 0.2917563 0.2909989
vt 0.8104130 0.7783067
vt 0.2926836 0.3211703
vt 0.6476250 0.0775646
vt 0.5174861 0.3493930
vt 0.8131951 0.7793294
vt 0.8141224 0.7788182
vt 0.2968567 0.2920216
vt 0.2968567 0.3221932
vt 0.2973205 0.2920216
vt 0.6517981 0.0596662
vt 0.2977841 0.2920216
vt 0.5216593 0.3672916
vt 0.8490847 0.0774440
vt 0.2991752 0.3227044
vt 0.8182955 0.7793294
vt 0.8182955 0.8238200
vt 0.7758461 0.4406519
vt 0.8196866 0.7962051
vt 0.6559711 0.0775646
vt 0.8518666 0.0600568
vt 0.7772371 0.4549705
vt 0.8206140 0.7609198
vt 0.3028845 0.3237274
vt 0.7781644 0.4406519
vt 0.7781644 0.4703120
vt 0.8229323 0.7614310
vt 0.8229323 0.7767726
vt 0.5276871 0.3662687
vt 0.8233961 0.8238200
vt 0.5286144 0.3396768
vt 0.5286144 0.3672916
vt 0.7706826 0.1556743
vt 0.3061304 0.3063402
vt 0.8247871 0.7972281
vt 0.3065940 0.3063402
vt 0.2594858 0.0112279
vt 0.7818739 0.4237761
vt 0.7818739 0.4406519
vt 0.7823375 0.4237761
vt 0.7720737 0.1648793
vt 0.7828013 0.4237761
vt 0.8261781 0.7772840
vt 0.7739284 0.1740842
vt 0.7855833 0.4698006
vt 0.6666358 0.0673370
vt 0.7792607 0.1449355
vt 0.2676002 0.0096937
vt 0.8342925 0.7762614
vt 0.8342925 0.7967166
vt 0.5390472 0.3299604
vt 0.8347562 0.7588742
vt 0.8352198 0.8105240
vt 0.8352198 0.8135923
vt 0.8352198 0.8238200
vt 0.8356836 0.7604083
vt 0.7927704 0.4258218
vt 0.7927704 0.4355379
vt 0.7927704 0.4524136
vt 0.7927704 0.4698006
vt 0.8361472 0.7588742
vt 0.8366109 0.7777955
vt 0.8375383 0.7691018
vt 0.5432204 0.3478591
vt 0.5040385 0.4539177
vt 0.5045021 0.4539177
vt 0.7876069 0.1572085
vt 0.8417114 0.7680791
vt 0.8417114 0.7798409
vt 0.8417114 0.7803524
vt 0.8421750 0.7762614
vt 0.5469297 0.3453020
vt 0.5072842 0.4232346
vt 0.7889980 0.1664134
vt 0.5473935 0.3453020
vt 0.5478571 0.3458134
vt 0.7899253 0.1449355
vt 0.2791922 0.0081596
vt 0.8449571 0.7660335
vt 0.8449571 0.7967166
vt 0.8454208 0.7967166
vt 0.8463482 0.7660335
vt 0.8463482 0.7967166
vt 0.8468118 0.7660335
vt 0.8468118 0.7967166
vt 0.8472755 0.7660335
vt 0.8482029 0.7660335
vt 0.8482029 0.7967166
vt 0.2833653 0.0081596
vt 0.8495939 0.7609198
vt 0.5156305 0.4702819
vt 0.8514486 0.7972281
vt 0.8514486 0.8038759
vt 0.8514486 0.8238200
vt 0.8519124 0.7614310
vt 0.8915140 0.6053173
vt 0.8915140 0.6361211
vt 0.8915140 0.6674382
vt 0.8952381 0.6361211
vt 0.8989621 0.6674382
vt 0.9003587 0.6361211
vt 0.9012896 0.6058307
vt 0.9017552 0.6058307
vt 0.9017552 0.6361211
vt 0.9017552 0.6674382
vt 0.9022206 0.6371480
vt 0.9022206 0.6674382
vt 0.9025944 0.6153051
vt 0.9025947 0.6152838
vt 0.9027780 0.6153071
vt 0.9031516 0.6371480
vt 0.9045481 0.6674382
vt 0.9059447 0.6371480
vt 0.9065040 0.6145535
vt 0.9070612 0.6145733
vt 0.9077980 0.6144526
vt 0.9096687 0.6371480
vt 0.9111810 0.6142152
vt 0.9116167 0.6141240
vt 0.9116198 0.6143130
vt 0.9119963 0.6371480
vt 0.9119963 0.6674382
vt 0.0939832 0.0167111
vt 0.2726213 0.2810256
vt 0.5566698 0.0112147
vt 0.7105877 0.6757977
vt 0.7105877 0.7081416
vt 0.7105877 0.7415122
vt 0.0944487 0.0305728
vt 0.7110532 0.7384321
vt 0.2735522 0.2502219
vt 0.7124498 0.7081416
vt 0.7138462 0.6757977
vt 0.7138462 0.7081416
vt 0.7138462 0.7384321
vt 0.7143117 0.6788778
vt 0.7143117 0.7112221
vt 0.7143117 0.7355292
vt 0.7145883 0.7355136
vt 0.7149586 0.7354989
vt 0.8559184 0.0774443
vt 0.8559246 0.0774420
vt 0.8559360 0.0775232
vt 0.8559586 0.0774293
vt 0.7157083 0.7112221
vt 0.7172078 0.7348097
vt 0.7172087 0.7347503
vt 0.7172093 0.7347118
vt 0.1009658 0.0167111
vt 0.7175702 0.6788778
vt 0.7175702 0.7112221
vt 0.7180358 0.7178962
vt 0.7194323 0.7076280
vt 0.7198978 0.7045479
vt 0.7203633 0.7024941
vt 0.2837934 0.2661373
vt 0.5678419 0.0107014
vt 0.7282841 0.0109076
vt 0.7259493 0.6855520
vt 0.7264149 0.7415122
vt 0.7268803 0.6793914
vt 0.7287424 0.7204631
vt 0.7292079 0.7204631
vt 0.7296734 0.7173827
vt 0.3989822 0.0370324
vt 0.3989822 0.0390862
vt 0.7301390 0.7173827
vt 0.2935690 0.2815392
vt 0.7352667 0.0109076
vt 0.2940345 0.2815392
vt 0.7322748 0.7311361
vt 0.7170747 0.2293187
vt 0.7170747 0.2452339
vt 0.7324948 0.7309880
vt 0.2949655 0.2507355
vt 0.8709907 0.0217293
vt 0.4022407 0.0498674
vt 0.8714562 0.0304571
vt 0.4027062 0.0442201
vt 0.4027062 0.0447335
vt 0.4027062 0.0462737
vt 0.4031717 0.0370324
vt 0.7357250 0.6999272
vt 0.8775142 0.0693633
vt 0.7371215 0.7415122
vt 0.8789107 0.0693633
vt 0.5841346 0.0112147
vt 0.7226607 0.2288052
vt 0.1051207 0.0165409
vt 0.1051207 0.0280761
vt 0.1051207 0.0304026
vt 0.7394490 0.7317579
vt 0.8775078 0.0217293
vt 0.7762951 0.2386967
vt 0.7399145 0.7168693
vt 0.7399145 0.7199498
vt 0.3024136 0.2507355
vt 0.7413110 0.7404856
vt 0.7417766 0.6829852
vt 0.3042756 0.2820525
vt 0.7422420 0.6983870
vt 0.5897206 0.0107014
vt 0.7282467 0.2447206
vt 0.7800306 0.2148013
vt 0.7450351 0.6804180
vt 0.4143439 0.0447335
vt 0.7821585 0.2152755
vt 0.8835593 0.0217293
vt 0.7825441 0.2153495
vt 0.5925137 0.0107014
vt 0.7832228 0.2152974
vt 0.7842371 0.2153374
vt 0.7843022 0.2154855
vt 0.7845212 0.2155681
vt 0.7846107 0.2153799
vt 0.7492246 0.6804180
vt 0.0174140 0.4162241
vt 0.7860707 0.2253484
vt 0.7342983 0.2447206
vt 0.7870017 0.2407503
vt 0.7515521 0.7307310
vt 0.0194788 0.3772050
vt 0.0194810 0.3772168
vt 0.0194836 0.3772307
vt 0.7520176 0.7286775
vt 0.7520176 0.7307310
vt 0.7888638 0.2258617
vt 0.3149822 0.2825659
vt 0.7893292 0.2258617
vt 0.7897948 0.2258617
vt 0.3159132 0.2517621
vt 0.3690848 0.0773252
vt 0.4227229 0.0401128
vt 0.7389534 0.2313723
vt 0.7543452 0.7107085
vt 0.0225346 0.3936348
vt 0.7911913 0.2412636
vt 0.0226511 0.3766125
vt 0.4241640 0.0521900
vt 0.4241709 0.0528377
vt 0.4242192 0.0519361
vt 0.4243917 0.0528676
vt 0.4244539 0.0528760
vt 0.4246609 0.0493176
vt 0.4247041 0.0494153
vt 0.4247051 0.0486615
vt 0.7408153 0.2313723
vt 0.4252359 0.0440722
vt 0.7566727 0.7107085
vt 0.4258582 0.0403163
vt 0.4260877 0.0400312
vt 0.4260931 0.0400319
vt 0.4261349 0.0400373
vt 0.3732744 0.0588429
vt 0.3737399 0.0588429
vt 0.3737399 0.0593562
vt 0.7436084 0.2313723
vt 0.7594658 0.6804180
vt 0.7972429 0.2422905
vt 0.9021859 0.0601223
vt 0.0295172 0.4074964
vt 0.0299826 0.3823400
vt 0.7631898 0.7409989
vt 0.7636553 0.7409989
vt 0.7636553 0.7415122
vt 0.8003669 0.2181950
vt 0.7641208 0.7107085
vt 0.7641208 0.7409989
vt 0.0323101 0.4028760
vt 0.7645862 0.6804180
vt 0.7645862 0.7107085
vt 0.7645862 0.7409989
vt 0.7650518 0.6804180
vt 0.6115994 0.0107014
vt 0.6115994 0.0112147
vt 0.7655173 0.6804180
vt 0.7659828 0.7112221
vt 0.7659828 0.7415122
vt 0.0352216 0.3742508
vt 0.7529185 0.2308590
vt 0.7529185 0.2452339
vt 0.8049568 0.2190503
vt 0.7538495 0.2288052
vt 0.0372853 0.3740620
vt 0.8074029 0.2194718
vt 0.3865413 0.0768116
vt 0.3865413 0.0773252
vt 0.0393887 0.3737965
vt 0.0395255 0.3915812
vt 0.7722671 0.7112221
vt 0.8095397 0.2198579
vt 0.8100442 0.2448576
vt 0.0418530 0.4131440
vt 0.0423185 0.4131440
vt 0.7778532 0.6814449
vt 0.7778532 0.7112221
vt 0.7778532 0.7415122
vt 0.0469735 0.3808000
vt 0.0493012 0.4013358
vt 0.8184233 0.2402369
vt 0.8212938 0.2220336
vt 0.8212965 0.2220168
vt 0.0530417 0.3724343
vt 0.7703750 0.2149435
vt 0.7708405 0.2149435
vt 0.0546201 0.3722388
vt 0.0548022 0.3720874
vt 0.7722370 0.2164837
vt 0.7722370 0.2452339
vt 0.0567492 0.3905543
vt 0.0590767 0.4105769
vt 0.0595422 0.4105769
vt 0.3253776 0.5384419
vt 0.3253776 0.5687323
vt 0.3253776 0.5990225
vt 0.3258432 0.5384419
vt 0.3258432 0.5687323
vt 0.3995198 0.1131170
vt 0.3999853 0.1131170
vt 0.3999853 0.1141436
vt 0.4162780 0.1393001
vt 0.1560168 0.4388489
vt 0.5207556 0.5390761
vt 0.5207556 0.5688530
vt 0.5207556 0.5991434
vt 0.2870802 0.4394570
vt 0.2870802 0.4630732
vt 0.2870802 0.4697474
vt 0.5501399 0.5530505
vt 0.5501399 0.5771801
vt 0.5501399 0.5987428
vt 0.5991138 0.4804290
vt 0.5991138 0.5050721
vt 0.5991138 0.5286884
vt 0.5991138 0.5327955
vt 0.6103078 0.7652908
vt 0.6103078 0.7735049
vt 0.6103078 0.7750451
vt 0.6103078 0.8012285
vt 0.6103078 0.8032820
vt 0.6103078 0.8053355
vt 0.6103078 0.8063624
vt 0.6103078 0.8084160
vt 0.6103078 0.8089293
vt 0.6103078 0.8094429
vt 0.6103078 0.8099562
vt 0.6103078 0.8109831
vt 0.6103078 0.8171437
vt 0.6103078 0.8233045
vt 0.6103078 0.8243312
vt 0.2875458 0.4445909
vt 0.5506055 0.5864214
vt 0.6107734 0.7724783
vt 0.6107734 0.8130366
vt 0.6112388 0.7622103
vt 0.6112388 0.8032820
vt 0.6112388 0.8094429
vt 0.6112388 0.8099562
vt 0.7224843 0.5931050
vt 0.7224929 0.5930664
vt 0.7224937 0.5930629
vt 0.6117044 0.7611834
vt 0.6117044 0.7719649
vt 0.6117044 0.7863399
vt 0.6117044 0.8053355
vt 0.6117044 0.8079027
vt 0.2889423 0.4430507
vt 0.2889423 0.4435640
vt 0.7236428 0.5680638
vt 0.2894077 0.4420238
vt 0.2894077 0.4445909
vt 0.6126353 0.7606701
vt 0.6126353 0.7719649
vt 0.6126353 0.7750451
vt 0.6126353 0.8032820
vt 0.6126353 0.8048222
vt 0.7240275 0.5430374
vt 0.2898733 0.4409972
vt 0.2898733 0.4456178
vt 0.6131009 0.8109831
vt 0.6131009 0.8171437
vt 0.2903387 0.4404839
vt 0.2903387 0.4466444
vt 0.6023723 0.5297150
vt 0.6135663 0.7606701
vt 0.6135663 0.7658041
vt 0.6135663 0.8032820
vt 0.6135663 0.8202241
vt 0.1597408 0.4701662
vt 0.6140319 0.7642639
vt 0.6140319 0.7658041
vt 0.6033034 0.5297150
vt 0.6144974 0.7724783
vt 0.6144974 0.7770989
vt 0.6144974 0.8032820
vt 0.6144974 0.8109831
vt 0.6144974 0.8125230
vt 0.8100973 0.3447588
vt 0.8101054 0.3447564
vt 0.7257340 0.5391589
vt 0.8101613 0.3447399
vt 0.7258772 0.5938820
vt 0.5547950 0.5386753
vt 0.6149629 0.8125230
vt 0.8105566 0.3467801
vt 0.7261576 0.5393007
vt 0.4304949 0.0366833
vt 0.2922008 0.4399703
vt 0.6042344 0.5302286
vt 0.6154284 0.8032820
vt 0.6154284 0.8084160
vt 0.4309850 0.0371337
vt 0.8111551 0.3488480
vt 0.2926662 0.4225149
vt 0.6158939 0.8120097
vt 0.7273091 0.5430685
vt 0.6163594 0.7616968
vt 0.6163594 0.8063624
vt 0.7278324 0.5690907
vt 0.6056309 0.5050721
vt 0.6168250 0.8114964
vt 0.5277381 0.5688530
vt 0.2940628 0.4399703
vt 0.2940628 0.4476713
vt 0.6060964 0.5327955
vt 0.6172904 0.8109831
vt 0.2949938 0.4404839
vt 0.2949938 0.4553721
vt 0.5580535 0.5895015
vt 0.2954593 0.4409972
vt 0.6186869 0.7539960
vt 0.2959249 0.4420238
vt 0.2959249 0.4553721
vt 0.5589846 0.5920686
vt 0.8146014 0.3629344
vt 0.2963903 0.4430507
vt 0.2963903 0.4445909
vt 0.2963903 0.4451042
vt 0.1657924 0.4244739
vt 0.1657924 0.4450097
vt 0.5599156 0.5895015
vt 0.5599156 0.5992561
vt 0.8155788 0.3674488
vt 0.8155916 0.3673557
vt 0.8156512 0.3674305
vt 0.8156544 0.3674298
vt 0.8156552 0.3674295
vt 0.2973213 0.4399703
vt 0.2973213 0.4553721
vt 0.6210144 0.8197108
vt 0.2982524 0.4225149
vt 0.2982524 0.4394570
vt 0.6214800 0.8109831
vt 0.6214800 0.8207374
vt 0.2987178 0.4225149
vt 0.2987178 0.4394570
vt 0.6219454 0.8058491
vt 0.6219454 0.8212510
vt 0.7334184 0.5531752
vt 0.1681199 0.4532241
vt 0.6112170 0.4814559
vt 0.6112170 0.5050721
vt 0.6112170 0.5286884
vt 0.6224110 0.8109831
vt 0.7338839 0.5860328
vt 0.3262346 0.0308184
vt 0.6116824 0.4953175
vt 0.6116824 0.5122596
vt 0.6116824 0.5292017
vt 0.6228764 0.8217643
vt 0.7343494 0.5531752
vt 0.6233420 0.8109831
vt 0.5342553 0.5390761
vt 0.5342553 0.5688530
vt 0.5342553 0.5991434
vt 0.6238075 0.7791524
vt 0.6238075 0.8135499
vt 0.6238075 0.8222776
vt 0.6242730 0.7791524
vt 0.6242730 0.8109831
vt 0.6242730 0.8125230
vt 0.5348888 0.5419760
vt 0.6247385 0.8217643
vt 0.5352751 0.5422855
vt 0.5356518 0.5667994
vt 0.8206332 0.3537480
vt 0.5650361 0.5530505
vt 0.6140100 0.5297150
vt 0.6252041 0.8109831
vt 0.6252041 0.8191972
vt 0.6252041 0.8212510
vt 0.6252041 0.8222776
vt 0.5361173 0.5960630
vt 0.6144755 0.5122596
vt 0.6144755 0.5250947
vt 0.5362411 0.5422288
vt 0.6261350 0.8109831
vt 0.7374097 0.5970500
vt 0.1727750 0.4563043
vt 0.6270660 0.8109831
vt 0.6270660 0.8186839
vt 0.6270660 0.8207374
vt 0.6270660 0.8238178
vt 0.1732405 0.4563043
vt 0.3043040 0.4225149
vt 0.3043040 0.4394570
vt 0.6275316 0.8130366
vt 0.6279970 0.8125230
vt 0.6279970 0.8207374
vt 0.1741715 0.4403891
vt 0.6172685 0.4953175
vt 0.6172685 0.5122596
vt 0.6284626 0.8079027
vt 0.1746370 0.4244739
vt 0.6289280 0.8114964
vt 0.1060727 0.0050972
vt 0.7406799 0.5980557
vt 0.3066315 0.4702607
vt 0.6186651 0.5250947
vt 0.6298591 0.8048222
vt 0.5407723 0.5667994
vt 0.3070969 0.4225149
vt 0.3070969 0.4399703
vt 0.3336827 0.0195236
vt 0.5519663 0.3656196
vt 0.6303245 0.8048222
vt 0.6303245 0.8089293
vt 0.6303245 0.8114964
vt 0.7417976 0.5567690
vt 0.3733274 0.0305213
vt 0.0020587 0.1112818
vt 0.0020587 0.1236033
vt 0.0020587 0.1241166
vt 0.0020587 0.1390051
vt 0.3737928 0.0181999
vt 0.0025242 0.1112818
vt 0.0025242 0.1236033
vt 0.0025242 0.1241166
vt 0.0025242 0.1390051
vt 0.5710876 0.5900151
vt 0.5528973 0.3337889
vt 0.7427285 0.5680638
vt 0.6317211 0.8094429
vt 0.1778956 0.4460364
vt 0.5720187 0.5972026
vt 0.6321866 0.8104695
vt 0.6321866 0.8114964
vt 0.7434700 0.5395471
vt 0.1783610 0.4460364
vt 0.4479506 0.0527262
vt 0.3360103 0.0195236
vt 0.6326521 0.8227912
vt 0.7442662 0.5989542
vt 0.1102621 0.0112580
vt 0.6335830 0.8037953
vt 0.6335830 0.8233045
vt 0.5738807 0.5900151
vt 0.1802231 0.4670858
vt 0.1111933 0.0050972
vt 0.6345141 0.8037953
vt 0.5450796 0.5421840
vt 0.7459870 0.5742246
vt 0.1806885 0.4670858
vt 0.5748117 0.5386753
vt 0.5748117 0.5674255
vt 0.5748117 0.5966893
vt 0.5748117 0.5987428
vt 0.5566214 0.3317354
vt 0.6349796 0.8135499
vt 0.5458929 0.5420834
vt 0.5458929 0.5421250
vt 0.5458929 0.5421878
vt 0.5458929 0.5667994
vt 0.5458929 0.5960630
vt 0.5752772 0.5386753
vt 0.5752772 0.5864214
vt 0.7469180 0.5742246
vt 0.1396419 0.0494709
vt 0.5757427 0.5448361
vt 0.6359106 0.8032820
vt 0.7473836 0.5742246
vt 0.1820851 0.4670858
vt 0.8318052 0.3383461
vt 0.1401075 0.0402296
vt 0.1401075 0.0422832
vt 0.1401075 0.0427967
vt 0.5762082 0.5658853
vt 0.5762082 0.5864214
vt 0.6363761 0.8027687
vt 0.1405730 0.0356090
vt 0.1830161 0.4352551
vt 0.8327362 0.3501542
vt 0.6373071 0.8022551
vt 0.6373071 0.8186839
vt 0.5776047 0.5987428
vt 0.6377727 0.8012285
vt 0.6377727 0.8238178
vt 0.6382381 0.8002016
vt 0.6382381 0.8186839
vt 0.6387036 0.7581030
vt 0.8387961 0.0218492
vt 0.8387961 0.0305769
vt 0.1848781 0.4460364
vt 0.1853436 0.4460364
vt 0.5794667 0.5905284
vt 0.1624891 0.0070753
vt 0.8355293 0.3619624
vt 0.3826375 0.0181999
vt 0.3826375 0.0305213
vt 0.3434584 0.0184970
vt 0.6401002 0.8207374
vt 0.3831030 0.0233338
vt 0.3831030 0.0243607
vt 0.3831030 0.0253874
vt 0.3831030 0.0264143
vt 0.1442971 0.0479307
vt 0.1442971 0.0494709
vt 0.5803978 0.5905284
vt 0.1634202 0.0111824
vt 0.3835685 0.0223072
vt 0.5626730 0.3368693
vt 0.6410312 0.7976347
vt 0.6410312 0.8243312
vt 0.7525042 0.5911667
vt 0.1872057 0.4568179
vt 0.3448549 0.0303051
vt 0.5631385 0.3327620
vt 0.6414967 0.7658041
vt 0.6414967 0.8238178
vt 0.1876711 0.4239603
vt 0.8373913 0.3619624
vt 0.3844995 0.0217936
vt 0.6419621 0.8238178
vt 0.6419621 0.8243312
vt 0.6424277 0.7658041
vt 0.1886022 0.4239603
vt 0.3854306 0.0212803
vt 0.5827253 0.5658853
vt 0.6428933 0.7950676
vt 0.3858960 0.0305213
vt 0.6433587 0.7658041
vt 0.3863616 0.0207670
vt 0.5836563 0.5879616
vt 0.5654660 0.3301952
vt 0.3136004 0.4088828
vt 0.6438242 0.7658041
vt 0.6438242 0.7673443
vt 0.6438242 0.8243312
vt 0.5659315 0.3301952
vt 0.5659315 0.3394362
vt 0.6447552 0.7658041
vt 0.6447552 0.7832595
vt 0.8448476 0.0213356
vt 0.3877581 0.0207670
vt 0.6452208 0.7976347
vt 0.6452208 0.8037953
vt 0.5673280 0.3301952
vt 0.6456862 0.7658041
vt 0.6456862 0.8053355
vt 0.6456862 0.8073891
vt 0.1918607 0.4460364
vt 0.3495100 0.0226040
vt 0.0020286 0.6037771
vt 0.0020286 0.6371480
vt 0.1923261 0.4460364
vt 0.5864493 0.5915553
vt 0.5682590 0.3307085
vt 0.0024941 0.6674382
vt 0.3896201 0.0217936
vt 0.3900856 0.0284678
vt 0.1881257 0.3180014
vt 0.3905510 0.0238471
vt 0.3905510 0.0274412
vt 0.0038906 0.6371480
vt 0.3910166 0.0259009
vt 0.1713338 0.0081022
vt 0.1951192 0.4675991
vt 0.1722647 0.0081022
vt 0.0052871 0.6048038
vt 0.0052871 0.6371480
vt 0.0052871 0.6674382
vt 0.1955848 0.4460364
vt 0.5897079 0.5658853
vt 0.5897079 0.5864214
vt 0.3196519 0.3981013
vt 0.1727303 0.0106690
vt 0.0057527 0.6068575
vt 0.0057527 0.6196923
vt 0.0057527 0.6438222
vt 0.0057527 0.6674382
vt 0.1960502 0.4239603
vt 0.1960502 0.4460364
vt 0.1960502 0.4675991
vt 0.1960502 0.4691393
vt 0.5901733 0.5448361
vt 0.0062181 0.6196923
vt 0.0062181 0.6438222
vt 0.8462359 0.3465602
vt 0.1340158 0.3600978
vt 0.8508991 0.0218492
vt 0.1913842 0.2882243
vt 0.1969812 0.4691393
vt 0.8051901 0.0408216
vt 0.3210484 0.3811592
vt 0.0076147 0.6248263
vt 0.0076147 0.6458757
vt 0.1354123 0.3292941
vt 0.5738451 0.3666462
vt 0.0080802 0.6674382
vt 0.0239374 0.1112818
vt 0.0239374 0.1174424
vt 0.0239374 0.1236033
vt 0.8243097 0.0528673
vt 0.1993087 0.4460364
vt 0.8079832 0.0392814
vt 0.3574235 0.0184970
vt 0.1769198 0.0091288
vt 0.8089142 0.0526298
vt 0.3252380 0.3749986
vt 0.8271027 0.0528673
vt 0.8103107 0.0392814
vt 0.1792473 0.0106690
vt 0.2030328 0.4219068
vt 0.2030328 0.4460364
vt 0.2030328 0.4691393
vt 0.0290580 0.1241166
vt 0.0290580 0.1318176
vt 0.0290580 0.1390051
vt 0.3275655 0.3981013
vt 0.8121727 0.0433885
vt 0.1414638 0.3298074
vt 0.8126383 0.0516029
vt 0.1419293 0.3298074
vt 0.1992979 0.3046531
vt 0.0742979 0.4214670
vt 0.0747633 0.4517574
vt 0.8140348 0.0387681
vt 0.3634751 0.0292782
vt 0.3303586 0.3749986
vt 0.8322233 0.0379787
vt 0.1843679 0.0075886
vt 0.8158968 0.0377412
vt 0.8336198 0.0379787
vt 0.8168279 0.0377412
vt 0.0780219 0.4517574
vt 0.1461189 0.3606114
vt 0.8588045 0.3311584
vt 0.6060060 0.0527284
vt 0.8172933 0.0469822
vt 0.0784873 0.4214670
vt 0.1671067 0.0525511
vt 0.1465844 0.3606114
vt 0.6064716 0.0486211
vt 0.1675723 0.0479307
vt 0.1675723 0.0494709
vt 0.0789529 0.4686995
vt 0.0201833 0.6356078
vt 0.8359473 0.0528673
vt 0.8602010 0.3552882
vt 0.1685033 0.0392027
vt 0.3345481 0.3878334
vt 0.8191554 0.0397947
vt 0.0803494 0.4214670
vt 0.3350136 0.3811592
vt 0.3350136 0.3883467
vt 0.3350136 0.4068290
vt 0.5943410 0.5986342
vt 0.0808149 0.4214670
vt 0.3690611 0.0292782
vt 0.5948065 0.5688571
vt 0.8200864 0.0423618
vt 0.8200864 0.0433885
vt 0.1493774 0.3575310
vt 0.5878103 0.3404631
vt 0.0220453 0.6458757
vt 0.2067459 0.3205683
vt 0.5952720 0.5390799
vt 0.0817459 0.4343018
vt 0.9101032 0.0902152
vt 0.9101032 0.1066440
vt 0.3373411 0.3883467
vt 0.8634596 0.3547746
vt 0.3378066 0.4016950
vt 0.5971341 0.5390799
vt 0.8252124 0.2148831
vt 0.1913505 0.0075886
vt 0.3387376 0.3898869
vt 0.5980650 0.5406201
vt 0.6122051 0.0414482
vt 0.6124583 0.0411315
vt 0.8268417 0.2451735
vt 0.0852372 0.4260874
vt 0.0852372 0.4322482
vt 0.0852372 0.4384091
vt 0.2107027 0.2907914
vt 0.1537998 0.3457228
vt 0.3403669 0.3924540
vt 0.3408324 0.3924540
vt 0.2116337 0.2907914
vt 0.0866337 0.4420028
vt 0.1547307 0.3672856
vt 0.8287036 0.2148831
vt 0.0870992 0.4517574
vt 0.6150834 0.0527284
vt 0.1556617 0.3303210
vt 0.0469855 0.6824718
vt 0.9159221 0.0902152
vt 0.9159221 0.1066440
vt 0.0880303 0.4389224
vt 0.1957728 0.0096424
vt 0.2134957 0.2902781
vt 0.1570583 0.3636916
vt 0.5954911 0.3676731
vt 0.1967038 0.0081022
vt 0.6169453 0.0373265
vt 0.0301916 0.6053173
vt 0.0301916 0.6458757
vt 0.9177840 0.1035636
vt 0.1579893 0.3672856
vt 0.5964221 0.3404631
vt 0.4625601 0.4047131
vt 0.0306572 0.6150719
vt 0.0903578 0.4538110
vt 0.3450220 0.3965611
vt 0.3450220 0.4109363
vt 0.3450220 0.4140168
vt 0.3450220 0.4165836
vt 0.4630257 0.3862308
vt 0.4630257 0.3913648
vt 0.4630257 0.3939319
vt 0.9187150 0.0902152
vt 0.3454874 0.3755119
vt 0.4634911 0.4047131
vt 0.1985658 0.0096424
vt 0.9191806 0.0897019
vt 0.1593858 0.3672856
vt 0.3459530 0.3755119
vt 0.0320537 0.6150719
vt 0.9196460 0.0886753
vt 0.9196460 0.0979163
vt 0.9196460 0.1045905
vt 0.1598512 0.3529103
vt 0.3464184 0.3816725
vt 0.4644221 0.4000925
vt 0.0325191 0.6458757
vt 0.6057459 0.5837456
vt 0.9201116 0.0871351
vt 0.9201116 0.0938093
vt 0.9201116 0.0989432
vt 0.2176853 0.3072202
vt 0.6062114 0.5539685
vt 0.9205771 0.0948359
vt 0.9205771 0.1066440
vt 0.1607823 0.3303210
vt 0.4653532 0.4062533
vt 0.2181507 0.3072202
vt 0.2186163 0.3072202
vt 0.6071424 0.5539685
vt 0.0525715 0.7081416
vt 0.9215081 0.0953492
vt 0.3482805 0.4165836
vt 0.6216004 0.0373265
vt 0.9219735 0.1020234
vt 0.3487459 0.3755119
vt 0.2195473 0.3072202
vt 0.9224391 0.0953492
vt 0.1626443 0.3477764
vt 0.3492115 0.3816725
vt 0.3496770 0.3755119
vt 0.4676807 0.4041998
vt 0.9233701 0.0866215
vt 0.9233701 0.0958628
vt 0.9238356 0.1035636
vt 0.3506080 0.4063157
vt 0.4686117 0.3985523
vt 0.4686117 0.4011194
vt 0.7549915 0.2512428
vt 0.9243012 0.0866215
vt 0.0371743 0.6669248
vt 0.9247666 0.1040772
vt 0.4695427 0.3913648
vt 0.7559224 0.2825599
vt 0.9252321 0.0871351
vt 0.3520045 0.4150434
vt 0.0567610 0.7255970
vt 0.9256976 0.0881617
vt 0.9256976 0.1040772
vt 0.4704737 0.3995792
vt 0.4704737 0.4057398
vt 0.0572266 0.7255970
vt 0.9261631 0.0891886
vt 0.9261631 0.0927824
vt 0.1663684 0.3323745
vt 0.4709393 0.3913648
vt 0.9266287 0.0907288
vt 0.9266287 0.0917555
vt 0.9266287 0.1035636
vt 0.4714048 0.3918781
vt 0.4714048 0.3995792
vt 0.2064794 0.0075886
vt 0.4350232 0.0094117
vt 0.3538665 0.4155567
vt 0.9275597 0.0958628
vt 0.3543321 0.3749986
vt 0.3543321 0.3919407
vt 0.4723358 0.3918781
vt 0.4723358 0.3990658
vt 0.4723358 0.4011194
vt 0.2251333 0.3231354
vt 0.1682303 0.3482897
vt 0.1682303 0.3534236
vt 0.3547975 0.3950209
vt 0.3547975 0.4063157
vt 0.9284907 0.0963761
vt 0.1686959 0.3323745
vt 0.4732668 0.3923917
vt 0.2260644 0.3236487
vt 0.0600196 0.7415122
vt 0.1691614 0.3503435
vt 0.3557286 0.4150434
vt 0.4737323 0.3980389
vt 0.9294216 0.0979163
vt 0.9294216 0.0994565
vt 0.9294216 0.1004834
vt 0.1015299 0.4394357
vt 0.1696269 0.3482897
vt 0.3561940 0.4047755
vt 0.4741978 0.3929050
vt 0.2279282 0.0176855
vt 0.1019954 0.4394357
vt 0.1700924 0.3503435
vt 0.4746633 0.3939319
vt 0.6159870 0.5991475
vt 0.2283937 0.0305205
vt 0.1705579 0.3534236
vt 0.3571250 0.3950209
vt 0.8403331 0.0375520
vt 0.6164525 0.5683437
vt 0.0618816 0.7409989
vt 0.1710234 0.3667720
vt 0.4755943 0.4026596
vt 0.6169181 0.5395935
vt 0.1714890 0.3549639
vt 0.1714890 0.3616380
vt 0.1714890 0.3626649
vt 0.6173835 0.5796383
vt 0.0628126 0.7081416
vt 0.0446223 0.6258532
vt 0.1724199 0.3652318
vt 0.3589871 0.4016950
vt 0.0450879 0.6566569
vt 0.2297884 0.3103003
vt 0.8421951 0.0375520
vt 0.2307212 0.0176855
vt 0.3594525 0.4032353
vt 0.4774563 0.3857175
vt 0.6185622 0.5399312
vt 0.2302539 0.3174881
vt 0.2311867 0.0305205
vt 0.4415404 0.0104386
vt 0.1822120 0.0303522
vt 0.1738165 0.3585576
vt 0.6193417 0.5402700
vt 0.0651401 0.6778512
vt 0.3608491 0.4006684
vt 0.2316504 0.2943852
vt 0.1066504 0.4260874
vt 0.1066504 0.4384091
vt 0.1066504 0.4702395
vt 0.1747475 0.3580443
vt 0.3613146 0.3749986
vt 0.3613146 0.3847530
vt 0.1071159 0.4260874
vt 0.5614069 0.6404860
vt 0.1752129 0.3672856
vt 0.1756784 0.3580443
vt 0.4802493 0.3836637
vt 0.1080470 0.4399493
vt 0.1761440 0.3672856
vt 0.3627112 0.3796190
vt 0.3627112 0.3811592
vt 0.0674676 0.7240568
vt 0.6033818 0.1442025
vt 0.6033818 0.1739797
vt 0.5628035 0.6122491
vt 0.0679332 0.6906860
vt 0.0679332 0.7240568
vt 0.2167205 0.0086155
vt 0.5637344 0.6230306
vt 0.1775404 0.3303210
vt 0.6239006 0.5945268
vt 0.4830424 0.3887977
vt 0.4830424 0.4016327
vt 0.6243661 0.5503747
vt 0.5651310 0.6343251
vt 0.1789370 0.3606114
vt 0.1789370 0.3642051
vt 0.2372383 0.0176855
vt 0.2372383 0.0305205
vt 0.5655965 0.6404860
vt 0.3659697 0.3986146
vt 0.3659697 0.4001548
vt 0.3659697 0.4037486
vt 0.4475919 0.0109519
vt 0.6252972 0.5508881
vt 0.2377039 0.0181988
vt 0.2377039 0.0305205
vt 0.3664352 0.4027219
vt 0.4844390 0.3836637
vt 0.0525360 0.6669248
vt 0.8878895 0.0217716
vt 0.8496432 0.0529538
vt 0.3669007 0.3862932
vt 0.3669007 0.4119630
vt 0.1807990 0.3298074
vt 0.3673662 0.3796190
vt 0.3678316 0.4001548
vt 0.3678316 0.4119630
vt 0.0539324 0.6042904
vt 0.0725882 0.7076280
vt 0.6276246 0.5642364
vt 0.0730537 0.7076280
vt 0.6285557 0.5642364
vt 0.0739848 0.7076280
vt 0.6098990 0.1442025
vt 0.3696937 0.3939942
vt 0.6288773 0.5420040
vt 0.3706247 0.4099094
vt 0.5707171 0.6230306
vt 0.5707171 0.6399727
vt 0.5707171 0.6538343
vt 0.3710903 0.4016950
vt 0.4890940 0.3857175
vt 0.0571910 0.6361211
vt 0.6302910 0.5419713
vt 0.3715557 0.4016950
vt 0.3715557 0.4099094
vt 0.0576564 0.6042904
vt 0.0576564 0.6669248
vt 0.4900250 0.4088202
vt 0.0581220 0.6063440
vt 0.0581220 0.6520363
vt 0.0581220 0.6566569
vt 0.0581220 0.6643580
vt 0.0581220 0.6674382
vt 0.8934755 0.0304993
vt 0.6314474 0.5418915
vt 0.6316125 0.5419014
vt 0.0590530 0.6217458
vt 0.0777088 0.6901726
vt 0.3734178 0.3898869
vt 0.4914215 0.4088202
vt 0.0595185 0.6186657
vt 0.0595185 0.6371480
vt 0.0595185 0.6643580
vt 0.6325318 0.5419374
vt 0.1957116 0.0170039
vt 0.0781743 0.6901726
vt 0.4918870 0.4083069
vt 0.3743488 0.4016950
vt 0.6336761 0.5642364
vt 0.0791053 0.6896593
vt 0.0795708 0.7368919
vt 0.5749066 0.6358653
vt 0.5749066 0.6404860
vt 0.3752798 0.4016950
vt 0.0613805 0.6674382
vt 0.6346073 0.5940135
vt 0.0800364 0.6906860
vt 0.4942145 0.3887977
vt 0.4942145 0.4011194
vt 0.0623115 0.6669248
vt 0.6168815 0.1442025
vt 0.6168815 0.1739797
vt 0.5763032 0.6122491
vt 0.9410410 0.4420309
vt 0.9410410 0.4466515
vt 0.9410410 0.4615401
vt 0.5767686 0.6507539
vt 0.1905746 0.3672856
vt 0.3771417 0.4022086
vt 0.0632425 0.6669248
vt 0.2488759 0.0181988
vt 0.2488759 0.0305205
vt 0.5772341 0.6404860
vt 0.5772341 0.6476735
vt 0.5772341 0.6538343
vt 0.4956110 0.4088202
vt 0.5776997 0.6481868
vt 0.3780728 0.4022086
vt 0.4960766 0.4072800
vt 0.5781651 0.6507539
vt 0.3785383 0.3868065
vt 0.4965420 0.4072800
vt 0.0646390 0.6674382
vt 0.0832949 0.6732306
vt 0.0832949 0.6737439
vt 0.4970076 0.4052264
vt 0.4970076 0.4067667
vt 0.0837603 0.6737439
vt 0.4974730 0.4067667
vt 0.0660356 0.6063440
vt 0.0660356 0.6674382
vt 0.5800272 0.6671827
vt 0.0665011 0.6371480
vt 0.9447650 0.4271426
vt 0.0669665 0.6371480
vt 0.4993351 0.3805835
vt 0.0860878 0.7199498
vt 0.5814236 0.6481868
vt 0.3817968 0.3893736
vt 0.4998005 0.3759629
vt 0.4998005 0.4031729
vt 0.4998005 0.4057398
vt 0.4998005 0.4067667
vt 0.0678975 0.6361211
vt 0.0678975 0.6674382
vt 0.8127797 0.0304792
vt 0.9461616 0.4394640
vt 0.3822623 0.3893736
vt 0.8133708 0.0303047
vt 0.5823547 0.6230306
vt 0.5007316 0.3790433
vt 0.0688286 0.6068575
vt 0.0688286 0.6658982
vt 0.2260105 0.4771144
vt 0.2260105 0.4773275
vt 0.2260105 0.4773756
vt 0.2260105 0.5024609
vt 0.2260105 0.5327511
vt 0.0692941 0.6130181
vt 0.0692941 0.6166119
vt 0.0692941 0.6320140
vt 0.9475581 0.4271426
vt 0.5016626 0.3785297
vt 0.0697596 0.6191790
vt 0.9480236 0.4440847
vt 0.9480236 0.4466515
vt 0.9480236 0.4615401
vt 0.5021280 0.4031729
vt 0.0702250 0.6212325
vt 0.2269607 0.4773732
vt 0.5025936 0.3785297
vt 0.0706906 0.6109646
vt 0.0706906 0.6186657
vt 0.9060442 0.0299859
vt 0.9489547 0.4394640
vt 0.0711561 0.6320140
vt 0.0716216 0.6186657
vt 0.0716216 0.6653846
vt 0.8169565 0.0206080
vt 0.3859864 0.3821861
vt 0.5039901 0.3790433
vt 0.0720871 0.6094244
vt 0.0720871 0.6371480
vt 0.0720871 0.6638444
vt 0.8171790 0.0303193
vt 0.0725527 0.6212325
vt 0.5865442 0.6255974
vt 0.5865442 0.6281645
vt 0.3869174 0.4037486
vt 0.3869174 0.4042622
vt 0.0730181 0.6099380
vt 0.0730181 0.6145584
vt 0.0730181 0.6366344
vt 0.8183531 0.0206080
vt 0.3873829 0.3832127
vt 0.3873829 0.3893736
vt 0.3873829 0.3986146
vt 0.3873829 0.4047755
vt 0.0921394 0.7035210
vt 0.9517476 0.4425445
vt 0.5058521 0.3810969
vt 0.0739491 0.6597373
vt 0.2311311 0.5024609
vt 0.0926050 0.7035210
vt 0.5879408 0.6281645
vt 0.5879408 0.6671827
vt 0.0744147 0.6638444
vt 0.0744147 0.6658982
vt 0.0744147 0.6664115
vt 0.0748802 0.6202059
vt 0.5072486 0.3759629
vt 0.5072486 0.4077935
vt 0.0753456 0.6212325
vt 0.0753456 0.6356078
vt 0.0753456 0.6520363
vt 0.0753456 0.6597373
vt 0.0753456 0.6638444
vt 0.0753456 0.6658982
vt 0.0753456 0.6664115
vt 0.5893373 0.6415126
vt 0.5893373 0.6599949
vt 0.5077142 0.4088202
vt 0.0758112 0.6166119
vt 0.0758112 0.6433086
vt 0.9540751 0.4327899
vt 0.5898027 0.6040347
vt 0.0762766 0.6119915
vt 0.0762766 0.6669248
vt 0.0772077 0.6119915
vt 0.5911993 0.6199502
vt 0.5095761 0.4124139
vt 0.0776732 0.6433086
vt 0.3920380 0.4037486
vt 0.0781387 0.6109646
vt 0.9564027 0.4502453
vt 0.3925034 0.3924540
vt 0.3925034 0.4088828
vt 0.0786041 0.6125048
vt 0.0786041 0.6150719
vt 0.2357069 0.4784891
vt 0.5925958 0.6671827
vt 0.0790697 0.6109646
vt 0.0790697 0.6176388
vt 0.0790697 0.6433086
vt 0.0790697 0.6674382
vt 0.2362517 0.5024609
vt 0.2362517 0.5327511
vt 0.9573338 0.4256024
vt 0.9573338 0.4440847
vt 0.9573338 0.4574328
vt 0.0795353 0.6150719
vt 0.0795353 0.6196923
vt 0.0795353 0.6438222
vt 0.0795353 0.6674382
vt 0.2366330 0.4784822
vt 0.0981910 0.7327845
vt 0.5119037 0.4093338
vt 0.0800007 0.6109646
vt 0.0800007 0.6438222
vt 0.0800007 0.6674382
vt 0.0986565 0.6788778
vt 0.0986565 0.7112221
vt 0.0986565 0.7362482
vt 0.5123692 0.4031729
vt 0.0804662 0.6366344
vt 0.0804662 0.6371480
vt 0.0804662 0.6674382
vt 0.0989022 0.7361840
vt 0.3948309 0.3826994
vt 0.0809317 0.6109646
vt 0.0809317 0.6125048
vt 0.0809317 0.6135317
vt 0.0809317 0.6196923
vt 0.0809317 0.6371480
vt 0.9591957 0.4435711
vt 0.3952965 0.3924540
vt 0.0813972 0.6109646
vt 0.1000531 0.7112221
vt 0.0818628 0.6135317
vt 0.0818628 0.6371480
vt 0.0818628 0.6674382
vt 0.9601267 0.4522988
vt 0.0823282 0.6371480
vt 0.5146967 0.4067667
vt 0.0827938 0.6109646
vt 0.0827938 0.6130181
vt 0.0827938 0.6371480
vt 0.0827938 0.6674382
vt 0.1011951 0.7359931
vt 0.9610577 0.4435711
vt 0.0832592 0.6366344
vt 0.0832592 0.6653846
vt 0.1015336 0.7360418
vt 0.1019150 0.6824718
vt 0.1019150 0.7112221
vt 0.9615233 0.4702678
vt 0.5156277 0.3775031
vt 0.5156277 0.4144677
vt 0.0837247 0.6196923
vt 0.3980896 0.3755119
vt 0.3980896 0.3924540
vt 0.3980896 0.4088828
vt 0.5160933 0.4011194
vt 0.5160933 0.4139541
vt 0.5981819 0.6415126
vt 0.5165587 0.4031729
vt 0.5165587 0.4067667
vt 0.5165587 0.4165213
vt 0.0846557 0.6653846
vt 0.0846557 0.6674382
vt 0.9629198 0.4256024
vt 0.9629198 0.4425445
vt 0.9629198 0.4451113
vt 0.9629198 0.4502453
vt 0.9629198 0.4630803
vt 0.5986474 0.6153295
vt 0.5986474 0.6291912
vt 0.5986474 0.6599949
vt 0.5170243 0.4134408
vt 0.0851213 0.6207192
vt 0.3290578 0.0362402
vt 0.6256996 0.0526377
vt 0.6210354 0.1729378
vt 0.3113339 0.4224201
vt 0.9316698 0.1239475
vt 0.9316698 0.1393494
vt 0.6658116 0.2900676
vt 0.1061101 0.6732306
vt 0.1061101 0.6876058
vt 0.1061101 0.6958199
vt 0.1061101 0.7137889
vt 0.1061101 0.7143022
vt 0.1061101 0.7409989
vt 0.3117995 0.4224201
vt 0.3117995 0.4465500
vt 0.3117995 0.4701662
vt 0.9321353 0.1254877
vt 0.1065756 0.6932531
vt 0.1065756 0.7122487
vt 0.6667425 0.3070097
vt 0.1070410 0.6876058
vt 0.1075066 0.6958199
vt 0.6676736 0.3239518
vt 0.1079721 0.6932531
vt 0.1079721 0.7019808
vt 0.9344628 0.1254877
vt 0.6242939 0.1739644
vt 0.6690701 0.3070097
vt 0.1102997 0.7019808
vt 0.1102997 0.7086549
vt 0.1112307 0.6901726
vt 0.3346439 0.0526690
vt 0.6723287 0.3239518
vt 0.6280180 0.1441876
vt 0.6727941 0.2936614
vt 0.1130926 0.7076280
vt 0.6345443 0.0372358
vt 0.1154201 0.7066014
vt 0.6312765 0.1441876
vt 0.2152317 0.3764915
vt 0.2152317 0.3934335
vt 0.2152317 0.4098621
vt 0.3397644 0.0362402
vt 0.9437729 0.1234342
vt 0.1182132 0.7030077
vt 0.1182132 0.7045479
vt 0.3239025 0.4583581
vt 0.1196098 0.7045479
vt 0.2189558 0.3759779
vt 0.1200752 0.7276506
vt 0.3201676 0.2799486
vt 0.6415268 0.0526377
vt 0.3271612 0.4224201
vt 0.3271612 0.4285810
vt 0.3271612 0.4403891
vt 0.1816388 0.0823533
vt 0.1816388 0.1064831
vt 0.2208179 0.3934335
vt 0.3453505 0.0362402
vt 0.3453505 0.0526690
vt 0.7203505 0.2902386
vt 0.7203505 0.3071807
vt 0.7203505 0.3236095
vt 0.1224027 0.6747708
vt 0.2949738 0.1185327
vt 0.3238917 0.2501715
vt 0.2959047 0.1185327
vt 0.9507555 0.1147065
vt 0.9507555 0.1352423
vt 0.7236091 0.3071807
vt 0.9516865 0.1147065
vt 0.2973013 0.1123719
vt 0.2259384 0.4098621
vt 0.1270578 0.7112221
vt 0.1275233 0.6922262
vt 0.7268676 0.3236095
vt 0.3000942 0.1226398
vt 0.6503714 0.0372358
vt 0.9563415 0.1234342
vt 0.3308742 0.2666003
vt 0.3313397 0.2666003
vt 0.3033529 0.1123719
vt 0.7305917 0.3071807
vt 0.1331093 0.7091683
vt 0.1335749 0.7409989
vt 0.1340403 0.7173827
vt 0.1345059 0.7409989
vt 0.2338520 0.3739243
vt 0.7338502 0.2902386
vt 0.7338502 0.3071807
vt 0.7338502 0.3236095
vt 0.3070769 0.1195594
vt 0.9334762 0.3236416
vt 0.4521329 0.0386573
vt 0.1363680 0.7066014
vt 0.1363680 0.7081416
vt 0.4535293 0.0366038
vt 0.4535293 0.0386573
vt 0.2366450 0.3764915
vt 0.2366450 0.3965137
vt 0.3089389 0.1390686
vt 0.1382299 0.7081416
vt 0.3383224 0.2594128
vt 0.3383224 0.2825155
vt 0.1386955 0.6763110
vt 0.1391609 0.6757977
vt 0.3103354 0.1267471
vt 0.3103354 0.1390686
vt 0.3392533 0.2522253
vt 0.9670509 0.4302581
vt 0.9670509 0.4564413
vt 0.1997934 0.0823533
vt 0.1997934 0.1064831
vt 0.9381312 0.3072131
vt 0.1410230 0.7240568
vt 0.9684474 0.4620888
vt 0.1414884 0.7004406
vt 0.9675137 0.1152198
vt 0.2422311 0.4134558
vt 0.1433505 0.6963335
vt 0.1438160 0.6932531
vt 0.0570614 0.0077005
vt 0.0570614 0.0092407
vt 0.2874718 0.0087212
vt 0.1442815 0.6932531
vt 0.0575268 0.0112943
vt 0.9703067 0.1316486
vt 0.9423207 0.2907843
vt 0.0766491 0.0040836
vt 0.1452125 0.6963335
vt 0.0771146 0.0112711
vt 0.4619084 0.0525189
vt 0.6769262 0.3030726
vt 0.1470745 0.7055745
vt 0.1475400 0.7076280
vt 0.1475400 0.7240568
vt 0.1475400 0.7327845
vt 0.1484710 0.6958199
vt 0.9758955 0.4302581
vt 0.6792537 0.3169342
vt 0.4647015 0.0525189
vt 0.1489366 0.6958199
vt 0.1489366 0.7004406
vt 0.9763610 0.4564413
vt 0.1494020 0.7066014
vt 0.9768265 0.4513073
vt 0.2487481 0.3739243
vt 0.9772921 0.4256375
vt 0.0831661 0.0040836
vt 0.1517295 0.7004406
vt 0.9791540 0.4703029
vt 0.6825122 0.3082065
vt 0.1521951 0.7060881
vt 0.9796196 0.4513073
vt 0.6829778 0.2948582
vt 0.4203845 0.1131390
vt 0.1526606 0.6958199
vt 0.9800850 0.4256375
vt 0.0845626 0.0112711
vt 0.1531261 0.7066014
vt 0.1549881 0.6773379
vt 0.1549881 0.6896593
vt 0.1549881 0.6994139
vt 0.1549881 0.7060881
vt 0.1554536 0.6773379
vt 0.1554536 0.6989003
vt 0.1559191 0.6927398
vt 0.9534929 0.3072131
vt 0.8536785 0.0376968
vt 0.8536785 0.0525854
vt 0.2179481 0.0823533
vt 0.2179481 0.1064831
vt 0.6890294 0.3230951
vt 0.2184137 0.0828668
vt 0.2184137 0.1064831
vt 0.0714921 0.0041068
vt 0.9861366 0.4256375
vt 0.9861366 0.4513073
vt 0.9861366 0.4559279
vt 0.1591776 0.6994139
vt 0.8872551 0.0377886
vt 0.8872551 0.0526771
vt 0.0724230 0.0041068
vt 0.0724230 0.0077005
vt 0.2585238 0.3764915
vt 0.2585238 0.3965137
vt 0.2585238 0.4165362
vt 0.1596432 0.7066014
vt 0.8877206 0.0377886
vt 0.1601086 0.6927398
vt 0.1610397 0.7076280
vt 0.1610397 0.7240568
vt 0.1610397 0.7409989
vt 0.1610397 0.7415122
vt 0.3298820 0.5965120
vt 0.3298820 0.5985656
vt 0.7939679 0.1479423
vt 0.7939679 0.1618040
vt 0.4296946 0.1264874
vt 0.3303476 0.5780297
vt 0.3303476 0.5985656
vt 0.7944334 0.1741254
vt 0.3308130 0.5580072
vt 0.3060920 0.0102614
vt 0.4306256 0.1264874
vt 0.3312786 0.5384983
vt 0.6955464 0.3066663
vt 0.9938174 0.4559279
vt 0.9947484 0.4477135
vt 0.2270245 0.0076983
vt 0.2270245 0.0107788
vt 0.8678819 0.3586956
vt 0.8688129 0.3330258
vt 0.7013653 0.3236084
vt 0.8683419 0.0453979
vt 0.7018307 0.3066663
vt 0.4392374 0.1393221
vt 0.7022962 0.2897242
vt 0.3151694 0.0102614
vt 0.7027617 0.2897242
vt 0.7027617 0.3066663
vt 0.7027617 0.3236084
vt 0.8725369 0.3540750
vt 0.4406339 0.1131390
vt 0.4406339 0.1393221
vt 0.3412869 0.5585208
vt 0.8748644 0.3607492
vt 0.9033151 0.0449761
vt 0.9033151 0.0526771
vt 0.7060203 0.3066663
vt 0.9037805 0.0377886
vt 0.9079774 0.0377927
vt 0.9079774 0.0526810
vt 0.9084430 0.0377927
vt 0.2368012 0.0828668
vt 0.2368012 0.1064831
vt 0.3459420 0.5877843
vt 0.3459420 0.5970253
vt 0.7097444 0.3236084
vt 0.3478041 0.5877843
vt 0.8123553 0.1597504
vt 0.8123553 0.1725854
vt 0.3249450 0.0112883
vt 0.7130029 0.3066663
vt 0.4508750 0.1264874
vt 0.3519936 0.5390116
vt 0.3519936 0.5990789
vt 0.8841745 0.3438071
vt 0.8851055 0.3391864
vt 0.8827726 0.0376968
vt 0.7162614 0.2897242
vt 0.7162614 0.3066663
vt 0.7162614 0.3236084
vt 0.8832381 0.0376968
vt 0.8832381 0.0525854
vt 0.5091710 0.8020397
vt 0.8188724 0.1741254
vt 0.8865021 0.3309723
vt 0.8865021 0.3330258
vt 0.8865021 0.3391864
vt 0.8869676 0.3376465
vt 0.8869676 0.3607492
vt 0.8212000 0.1458888
vt 0.8216654 0.1530762
vt 0.8221310 0.1725854
vt 0.8897606 0.3309723
vt 0.8897606 0.3376465
vt 0.3585106 0.5682751
vt 0.5133604 0.8174418
vt 0.5147570 0.7850976
vt 0.9238046 0.0526810
vt 0.5152225 0.7850976
vt 0.9242701 0.0377927
vt 0.9242701 0.0454935
vt 0.8925536 0.3525348
vt 0.5156880 0.8097407
vt 0.4606507 0.1131390
vt 0.4606507 0.1393221
vt 0.3622346 0.5975389
vt 0.2540238 0.0082119
vt 0.2540238 0.0112921
vt 0.2549558 0.0828668
vt 0.2549558 0.1064831
vt 0.8953467 0.3525348
vt 0.6546751 0.0370689
vt 0.8958121 0.3525348
vt 0.2554204 0.0082119
vt 0.8962777 0.3509946
vt 0.6556061 0.0370689
vt 0.8972087 0.3509946
vt 0.3659587 0.5682751
vt 0.3659587 0.5980522
vt 0.4102675 0.0861272
vt 0.3664242 0.5395249
vt 0.8305101 0.1582102
vt 0.4611061 0.9012250
vt 0.4611061 0.9813148
vt 0.4611061 0.9874757
vt 0.4611061 0.9941499
vt 0.8309755 0.1715586
vt 0.4615716 0.9012250
vt 0.4615716 0.9248413
vt 0.4615716 0.9489709
vt 0.8990708 0.3509946
vt 0.6588646 0.0411759
vt 0.4625026 0.9813148
vt 0.5240671 0.8097407
vt 0.8337686 0.1730988
vt 0.9013983 0.3674233
vt 0.5245326 0.7989595
vt 0.4643647 0.9792613
vt 0.4144570 0.1066631
vt 0.9018637 0.3658831
vt 0.5249981 0.8241157
vt 0.5259290 0.7979326
vt 0.4657611 0.9561584
vt 0.5263946 0.7532672
vt 0.5277911 0.7532672
vt 0.9046568 0.3520215
vt 0.9046568 0.3566421
vt 0.6639852 0.0370689
vt 0.5282566 0.7594278
vt 0.9051222 0.3658831
vt 0.9055878 0.3638296
vt 0.4186466 0.0974221
vt 0.6653817 0.0524707
vt 0.4191121 0.0835604
vt 0.9069843 0.3638296
vt 0.4200430 0.1046095
vt 0.5310496 0.7866378
vt 0.4219051 0.0963952
vt 0.4722783 0.9489709
vt 0.4223706 0.0979354
vt 0.4228361 0.1046095
vt 0.4732093 0.9494842
vt 0.4233017 0.1030693
vt 0.5338427 0.7691824
vt 0.4736748 0.9130332
vt 0.4736748 0.9371627
vt 0.4237671 0.1051229
vt 0.4741402 0.9494842
vt 0.4251636 0.0856139
vt 0.5357047 0.7666155
vt 0.4760023 0.9977436
vt 0.4265602 0.1051229
vt 0.4773989 0.9905561
vt 0.4773989 0.9946632
vt 0.5380322 0.7666155
vt 0.4778643 0.9941499
vt 0.4279567 0.0861272
vt 0.4783299 0.9505111
vt 0.8481993 0.1448619
vt 0.5389632 0.8220622
vt 0.4787953 0.9946632
vt 0.4787953 0.9977436
vt 0.8486647 0.1730988
vt 0.4792608 0.9669399
vt 0.8491302 0.1710452
vt 0.4797264 0.9505111
vt 0.4797264 0.9669399
vt 0.3314055 0.4365375
vt 0.3314055 0.4534796
vt 0.3314055 0.4704217
vt 0.4815884 0.9618059
vt 0.3332675 0.4534796
vt 0.4825193 0.9900425
vt 0.4326118 0.1066631
vt 0.4829849 0.9618059
vt 0.3346640 0.4365375
vt 0.3346640 0.4534796
vt 0.3346640 0.4704217
vt 0.5436182 0.7886916
vt 0.5436182 0.8051201
vt 0.4834503 0.9900425
vt 0.3351294 0.4401315
vt 0.3351294 0.4704217
vt 0.3355950 0.4406448
vt 0.5445493 0.7830440
vt 0.4843814 0.9782344
vt 0.3360605 0.4406448
vt 0.5450148 0.7799636
vt 0.4848469 0.9612923
vt 0.4848469 0.9838819
vt 0.3365260 0.4704217
vt 0.3369915 0.4226759
vt 0.3369915 0.4462921
vt 0.3369915 0.4704217
vt 0.5459458 0.7830440
vt 0.4857779 0.9012250
vt 0.4857779 0.9248413
vt 0.4857779 0.9489709
vt 0.3374570 0.4226759
vt 0.3374570 0.4462921
vt 0.4358703 0.0866408
vt 0.3379225 0.4303769
vt 0.3388535 0.4468057
vt 0.5478079 0.7532672
vt 0.5478079 0.7799636
vt 0.5478079 0.7881780
vt 0.6840019 0.0370689
vt 0.4876399 0.9633461
vt 0.4876399 0.9772078
vt 0.3393190 0.4303769
vt 0.6387593 0.5386995
vt 0.6387593 0.5592353
vt 0.6387593 0.5797712
vt 0.6387593 0.5987670
vt 0.8327892 0.2149476
vt 0.0893190 0.6037771
vt 0.0893190 0.6340676
vt 0.0893190 0.6674382
vt 0.0897846 0.6037771
vt 0.0911811 0.6340676
vt 0.0925775 0.6042904
vt 0.0930431 0.6042904
vt 0.0930431 0.6674382
vt 0.0935086 0.6345809
vt 0.8374442 0.2149476
vt 0.8374442 0.2452380
vt 0.0939741 0.6664115
vt 0.8379098 0.2149476
vt 0.0972326 0.6350942
vt 0.8416338 0.2149476
vt 0.8416338 0.2452380
vt 0.6508625 0.5489674
vt 0.6508625 0.5695032
vt 0.6508625 0.5987670
vt 0.1014222 0.6674382
vt 0.6513279 0.5695032
vt 0.6545865 0.5890124
vt 0.1051462 0.6361211
vt 0.1051462 0.6669248
vt 0.1065428 0.6371480
vt 0.1084047 0.6048038
vt 0.3705307 0.5688541
vt 0.1088703 0.6068575
vt 0.3709962 0.5385636
vt 0.3709962 0.5991445
vt 0.1102667 0.6371480
vt 0.1107323 0.6371480
vt 0.1121288 0.6371480
vt 0.1125942 0.6371480
vt 0.1125942 0.6674382
vt 0.6629656 0.5386995
vt 0.6629656 0.5592353
vt 0.1139908 0.6376613
vt 0.1144563 0.6674382
vt 0.6643621 0.5592353
vt 0.6643621 0.5890124
vt 0.6643621 0.5987670
vt 0.1149218 0.6674382
vt 0.1153873 0.6227727
vt 0.3803063 0.5534522
vt 0.3803063 0.5837426
vt 0.1195769 0.6674382
vt 0.6704136 0.5987670
vt 0.3835649 0.5534522
vt 0.1219044 0.6371480
vt 0.1256284 0.6063440
vt 0.6755342 0.5489674
vt 0.6764652 0.5787445
vt 0.3373785 0.4923640
vt 0.3900819 0.5688541
vt 0.3900819 0.5991445
vt 0.3387751 0.5324090
vt 0.8821519 0.4443603
vt 0.8821519 0.4695168
vt 0.1288870 0.6525499
vt 0.1316800 0.6217458
vt 0.3429646 0.5288150
vt 0.3448265 0.5288150
vt 0.1349385 0.6664115
vt 0.1381971 0.6361211
vt 0.1386625 0.6361211
vt 0.1409901 0.6664115
vt 0.1414556 0.6058307
vt 0.1414556 0.6361211
vt 0.1423866 0.6058307
vt 0.8961171 0.4299853
vt 0.3541367 0.4779887
vt 0.8975136 0.4474407
vt 0.8979790 0.4443603
vt 0.8979790 0.4474407
vt 0.8979790 0.4648961
vt 0.1447141 0.6361211
vt 0.3555332 0.5180338
vt 0.8989100 0.4705437
vt 0.8998411 0.4299853
vt 0.3569297 0.5180338
vt 0.9007721 0.4674632
vt 0.6890165 0.1063995
vt 0.1484382 0.6058307
vt 0.1496020 0.6361211
vt 0.6911113 0.1058859
vt 0.7662046 0.9104078
vt 0.7662046 0.9396713
vt 0.7662046 0.9699617
vt 0.1505330 0.6658982
vt 0.7666701 0.9946049
vt 0.7666701 0.9966584
vt 0.7676012 0.9704751
vt 0.9079874 0.4299853
vt 0.7722562 0.9396713
vt 0.3701967 0.5277884
vt 0.9135736 0.4248514
vt 0.7008870 0.0904840
vt 0.7759803 0.9966584
vt 0.3715931 0.5036588
vt 0.3715931 0.5308688
vt 0.7787732 0.9699617
vt 0.3734552 0.5036588
vt 0.7041455 0.0904840
vt 0.7792388 0.9396713
vt 0.7797042 0.9093809
vt 0.7050765 0.0853501
vt 0.3748517 0.5016050
vt 0.7811007 0.9129746
vt 0.7811007 0.9401849
vt 0.7811007 0.9704751
vt 0.3762481 0.4810692
vt 0.7820317 0.9401849
vt 0.7829628 0.9129746
vt 0.6337081 0.5212109
vt 0.7088005 0.1069128
vt 0.7848248 0.9401849
vt 0.3795068 0.5021186
vt 0.7101971 0.0904840
vt 0.7852904 0.9715020
vt 0.7106625 0.1058859
vt 0.7857558 0.9715020
vt 0.7862213 0.9704751
vt 0.3809032 0.5324090
vt 0.3827653 0.5231677
vt 0.7890143 0.9401849
vt 0.7148521 0.1069128
vt 0.6416218 0.5011883
vt 0.3860238 0.4913371
vt 0.3869548 0.5324090
vt 0.3874203 0.5021186
vt 0.3878858 0.5021186
vt 0.7941349 0.9961451
vt 0.7941349 0.9976851
vt 0.7946004 0.9704751
vt 0.7950659 0.9093809
vt 0.7950659 0.9401849
vt 0.7950659 0.9715020
vt 0.3902134 0.5021186
vt 0.3906788 0.5021186
vt 0.7218347 0.0853501
vt 0.7969280 0.9104078
vt 0.3920754 0.4805559
vt 0.7227657 0.1058859
vt 0.7983245 0.9406982
vt 0.3930064 0.5170071
vt 0.6495353 0.4811658
vt 0.6495353 0.5171035
vt 0.3934719 0.4805559
vt 0.8001865 0.9709886
vt 0.3402976 0.3070418
vt 0.3962649 0.5021186
vt 0.7274207 0.1028058
vt 0.7283517 0.1069128
vt 0.8034450 0.9843370
vt 0.8039105 0.9720153
vt 0.8039105 0.9725289
vt 0.3990579 0.5021186
vt 0.6574489 0.4970813
vt 0.6574489 0.5325057
vt 0.8076346 0.9406982
vt 0.4027820 0.5324090
vt 0.6607074 0.4893802
vt 0.3510042 0.2895864
vt 0.6621039 0.4857865
vt 0.6648970 0.5124832
vt 0.6653624 0.5124832
vt 0.6672245 0.4883533
vt 0.6686211 0.5042688
vt 0.8188067 0.9098945
vt 0.8188067 0.9406982
vt 0.8188067 0.9709886
vt 0.8192722 0.9417248
vt 0.8192722 0.9720153
vt 0.6700175 0.4898935
vt 0.8197376 0.9417248
vt 0.8202032 0.9417248
vt 0.8206687 0.9720153
vt 0.8211342 0.9976851
vt 0.3617107 0.2895864
vt 0.6728106 0.5278850
vt 0.8225307 0.9730422
vt 0.8225307 0.9735555
vt 0.3626418 0.3065285
vt 0.8229963 0.9371045
vt 0.8229963 0.9673949
vt 0.8229963 0.9976851
vt 0.3631072 0.3239839
vt 0.6742071 0.5068356
vt 0.6742071 0.5242913
vt 0.8239273 0.9371045
vt 0.4298041 0.4935750
vt 0.4298041 0.5250331
vt 0.8458489 0.2148449
vt 0.8458489 0.2450448
vt 0.7381063 0.2938687
vt 0.4316296 0.4792301
vt 0.4320860 0.4935750
vt 0.7413010 0.3238169
vt 0.6448227 0.6338723
vt 0.6448227 0.6564616
vt 0.7819496 0.6754725
vt 0.7819496 0.7037091
vt 0.7819496 0.7093567
vt 0.4918377 0.9047605
vt 0.4918377 0.9355642
vt 0.4918377 0.9658547
vt 0.4918377 0.9910112
vt 0.4918377 0.9976851
vt 0.8499563 0.2148449
vt 0.6452883 0.6374660
vt 0.7824152 0.7381069
vt 0.7824152 0.7417006
vt 0.6457537 0.6374660
vt 0.6471503 0.6672429
vt 0.4364215 0.4960917
vt 0.4955617 0.9355642
vt 0.4955617 0.9679082
vt 0.6494778 0.6046085
vt 0.8547482 0.2450448
vt 0.6513399 0.6194970
vt 0.7488312 0.3079620
vt 0.4992858 0.9658547
vt 0.4997512 0.9047605
vt 0.4997512 0.9355642
vt 0.4418981 0.5132048
vt 0.6532019 0.6672429
vt 0.5002168 0.9032203
vt 0.5002168 0.9319705
vt 0.5002168 0.9622609
vt 0.4423545 0.5132048
vt 0.7506568 0.3233136
vt 0.7511131 0.3238169
vt 0.5011478 0.9930647
vt 0.5016133 0.9930647
vt 0.5020787 0.9319705
vt 0.5034753 0.9971718
vt 0.4455492 0.5142115
vt 0.1946163 0.3593308
vt 0.7945182 0.7247586
vt 0.5044063 0.9622609
vt 0.6578569 0.6046085
vt 0.7954493 0.7037091
vt 0.4471464 0.5147149
vt 0.7959147 0.6898475
vt 0.7959147 0.7093567
vt 0.4480593 0.5300665
vt 0.7563615 0.2913520
vt 0.6606500 0.6513277
vt 0.7581869 0.3238169
vt 0.6620465 0.6348989
vt 0.5095269 0.9170819
vt 0.4512539 0.5310731
vt 0.2003210 0.3293827
vt 0.7600125 0.3213002
vt 0.5104579 0.9319705
vt 0.5104579 0.9473724
vt 0.5109234 0.9643145
vt 0.7609252 0.2903454
vt 0.7609252 0.3238169
vt 0.6643740 0.6667295
vt 0.5118544 0.9966584
vt 0.2030593 0.3459926
vt 0.4544485 0.5008733
vt 0.6667016 0.6046085
vt 0.6667016 0.6667295
vt 0.8038284 0.7417006
vt 0.6671670 0.6046085
vt 0.6676325 0.6364391
vt 0.6680980 0.6364391
vt 0.4569586 0.4998666
vt 0.4569586 0.5325830
vt 0.2060258 0.3618475
vt 0.5155784 0.9021934
vt 0.1155306 0.3731382
vt 0.6690291 0.6046085
vt 0.8061559 0.7057629
vt 0.5160440 0.9319705
vt 0.5160440 0.9622609
vt 0.4578713 0.5177349
vt 0.8066214 0.7114102
vt 0.5165094 0.9145148
vt 0.5165094 0.9607207
vt 0.5169750 0.9894709
vt 0.1168997 0.3892447
vt 0.7670863 0.2951271
vt 0.7670863 0.3051937
vt 0.1182689 0.4040930
vt 0.5188370 0.9899843
vt 0.2096767 0.3316476
vt 0.5193025 0.9365909
vt 0.5193025 0.9966584
vt 0.5197679 0.9586669
vt 0.5197679 0.9971718
vt 0.6732186 0.6200106
vt 0.6732186 0.6364391
vt 0.8103454 0.6754725
vt 0.8103454 0.7057629
vt 0.1200944 0.3892447
vt 0.2110459 0.3628541
vt 0.8108110 0.7114102
vt 0.1205508 0.3892447
vt 0.8112764 0.7417006
vt 0.7711937 0.3079620
vt 0.6746151 0.6200106
vt 0.5216300 0.9119480
vt 0.7716501 0.3079620
vt 0.7721064 0.2951271
vt 0.7721064 0.3079620
vt 0.1228327 0.4045963
vt 0.5230266 0.9910112
vt 0.7734756 0.3079620
vt 0.6764771 0.6200106
vt 0.3494917 0.0362846
vt 0.5239576 0.9371045
vt 0.1242018 0.3741448
vt 0.2151533 0.3638608
vt 0.5244231 0.9371045
vt 0.1246581 0.4045963
vt 0.8150005 0.7057629
vt 0.5248885 0.9371045
vt 0.8154660 0.7114102
vt 0.6788046 0.6662162
vt 0.1257992 0.4045963
vt 0.2167507 0.3331577
vt 0.7759857 0.2951271
vt 0.5267506 0.9607207
vt 0.3524581 0.0516361
vt 0.2176634 0.3331577
vt 0.6802011 0.6348989
vt 0.7773548 0.2951271
vt 0.2185761 0.3643641
vt 0.5281470 0.9586669
vt 0.5281470 0.9920378
vt 0.7782675 0.2951271
vt 0.7782675 0.3187835
vt 0.6815977 0.6662162
vt 0.5286126 0.9037336
vt 0.5286126 0.9586669
vt 0.7787240 0.3187835
vt 0.6820632 0.6662162
vt 0.5290781 0.9160550
vt 0.5290781 0.9371045
vt 0.7791804 0.2951271
vt 0.8196555 0.6754725
vt 0.5295436 0.9037336
vt 0.5295436 0.9299167
vt 0.5295436 0.9602071
vt 0.1294501 0.4050996
vt 0.8201211 0.6754725
vt 0.5300091 0.9299167
vt 0.8205865 0.7057629
vt 0.5304746 0.9175953
vt 0.6839252 0.6348989
vt 0.8210521 0.7114102
vt 0.5309401 0.9299167
vt 0.5309401 0.9602071
vt 0.7810058 0.3074587
vt 0.6843907 0.6046085
vt 0.5314057 0.9956315
vt 0.3570220 0.0516361
vt 0.2222272 0.3500192
vt 0.2226836 0.3500192
vt 0.7819186 0.3074587
vt 0.8224486 0.7417006
vt 0.7823750 0.2956304
vt 0.5328021 0.9602071
vt 0.7828313 0.3074587
vt 0.8233796 0.7057629
vt 0.8238451 0.7114102
vt 0.2245090 0.3505225
vt 0.2249655 0.3505225
vt 0.6876493 0.6354125
vt 0.7855696 0.3192868
vt 0.8257071 0.7057629
vt 0.5355952 0.9956315
vt 0.8261727 0.7114102
vt 0.5360607 0.9319705
vt 0.3618139 0.0362846
vt 0.0449217 0.7768432
vt 0.6895112 0.6657029
vt 0.5365261 0.9935780
vt 0.7867105 0.3192868
vt 0.5369917 0.9627743
vt 0.2279319 0.3666292
vt 0.8275691 0.7417006
vt 0.5374571 0.9627743
vt 0.1374368 0.3849665
vt 0.3636394 0.0362846
vt 0.0467838 0.7532269
vt 0.5397847 0.9037336
vt 0.9283099 0.0377211
vt 0.0491113 0.7922450
vt 0.2315829 0.3671325
vt 0.5411812 0.9792030
vt 0.3668340 0.0362846
vt 0.5416467 0.9319705
vt 0.5416467 0.9792030
vt 0.3672904 0.0362846
vt 0.2329520 0.3676358
vt 0.8326897 0.7057629
vt 0.5425777 0.9792030
vt 0.7926435 0.3036836
vt 0.8331552 0.6759858
vt 0.8331552 0.7114102
vt 0.8331552 0.7417006
vt 0.5430433 0.9622609
vt 0.3686596 0.0521395
vt 0.1429133 0.4159213
vt 0.0519042 0.7973790
vt 0.6880983 0.0447305
vt 0.6890294 0.0529449
vt 0.5444398 0.9319705
vt 0.5453708 0.9951182
vt 0.5458362 0.9037336
vt 0.7958381 0.3202936
vt 0.9343615 0.0526096
vt 0.5463018 0.9946049
vt 0.7974354 0.3041871
vt 0.5476983 0.9319705
vt 0.1570336 0.3977863
vt 0.0565593 0.7542535
vt 0.0565593 0.7932717
vt 0.5481638 0.9951182
vt 0.2391132 0.3381909
vt 0.0570248 0.7542535
vt 0.1490744 0.4164246
vt 0.5495603 0.9468588
vt 0.3757334 0.0526428
vt 0.6955464 0.0375430
vt 0.1508999 0.3957880
vt 0.9111511 0.3635266
vt 0.9120638 0.3408767
vt 0.9406458 0.0377211
vt 0.5525861 0.9016801
vt 0.5525861 0.9653411
vt 0.1527254 0.3779198
vt 0.2357377 0.2884277
vt 0.2357377 0.3216475
vt 0.2375633 0.3216475
vt 0.2459588 0.3558075
vt 0.0647057 0.7788967
vt 0.5563101 0.9319705
vt 0.9161713 0.3527050
vt 0.0651712 0.7788967
vt 0.8016441 0.3188641
vt 0.1663894 0.3784081
vt 0.5581721 0.9817699
vt 0.0670332 0.8174015
vt 0.5586377 0.9319705
vt 0.0674987 0.7886513
vt 0.8035062 0.2978147
vt 0.5591032 0.9622609
vt 0.7041582 0.0375430
vt 0.0693607 0.7794100
vt 0.9209631 0.3413800
vt 0.7064857 0.0426769
vt 0.2450935 0.2884277
vt 0.1723223 0.3741297
vt 0.0716882 0.8240757
vt 0.5632927 0.9976851
vt 0.2460062 0.2884277
vt 0.0726192 0.7491196
vt 0.8086267 0.2983283
vt 0.5646893 0.9016801
vt 0.5646893 0.9319705
vt 0.5646893 0.9627743
vt 0.2473754 0.3047860
vt 0.9246142 0.3413800
vt 0.9246142 0.3532083
vt 0.5651548 0.9063007
vt 0.5651548 0.9365909
vt 0.5651548 0.9668813
vt 0.0740158 0.7819771
vt 0.0740158 0.7824904
vt 0.0740158 0.7830038
vt 0.0744813 0.7491196
vt 0.5660858 0.9365909
vt 0.5665512 0.9063007
vt 0.5665512 0.9365909
vt 0.5665512 0.9668813
vt 0.5670168 0.9371045
vt 0.5670168 0.9673949
vt 0.8118853 0.3198910
vt 0.5674823 0.9068140
vt 0.5674823 0.9371045
vt 0.5674823 0.9673949
vt 0.6481716 0.3764721
vt 0.6481716 0.3857134
vt 0.9480784 0.7086549
vt 0.5679478 0.9684215
vt 0.6486372 0.3857134
vt 0.9280370 0.3413800
vt 0.8132817 0.2906272
vt 0.9289498 0.3645333
vt 0.0777398 0.7804369
vt 0.1789397 0.4108728
vt 0.0786708 0.7496332
vt 0.0791364 0.7804369
vt 0.9307753 0.3413800
vt 0.1807653 0.4070979
vt 0.6518957 0.4165172
vt 0.9531990 0.7245701
vt 0.6537577 0.4067626
vt 0.1830472 0.4005546
vt 0.9541299 0.6788778
vt 0.4648567 0.1388905
vt 0.8188679 0.2911408
vt 0.2571875 0.2884277
vt 0.2576439 0.3239125
vt 0.0837914 0.7501465
vt 0.9353390 0.3650366
vt 0.9559919 0.6773379
vt 0.0847224 0.7460394
vt 0.0847224 0.7660617
vt 0.0856534 0.7460394
vt 0.2599258 0.2884277
vt 0.8587963 0.2147161
vt 0.8587963 0.2451676
vt 0.8230574 0.3209177
vt 0.9587850 0.7399723
vt 0.9383055 0.3418834
vt 0.1878390 0.3902362
vt 0.0875155 0.7896779
vt 0.6593438 0.3805795
vt 0.9592505 0.6947933
vt 0.9597160 0.6947933
vt 0.1887519 0.3902362
vt 0.0884464 0.8086738
vt 0.8613064 0.2147161
vt 0.9405874 0.3418834
vt 0.1901210 0.3731231
vt 0.0893774 0.7583609
vt 0.9620435 0.6932531
vt 0.9419566 0.3418834
vt 0.8635883 0.2451676
vt 0.4732358 0.1224617
vt 0.8272470 0.3214310
vt 0.9437820 0.3527050
vt 0.9643710 0.7101952
vt 0.0931015 0.7634948
vt 0.9648366 0.7101952
vt 0.0935670 0.7634948
vt 0.8295745 0.2921674
vt 0.6653954 0.3805795
vt 0.6653954 0.4067626
vt 0.9653021 0.7101952
vt 0.9451512 0.3527050
vt 0.1946848 0.3922496
vt 0.0940325 0.7717092
vt 0.0949635 0.7717092
vt 0.8319020 0.2921674
vt 0.0963600 0.7809502
vt 0.9680951 0.6773379
vt 0.9680951 0.7096818
vt 0.9478895 0.3527050
vt 0.0968256 0.7809502
vt 0.2358171 0.5528733
vt 0.2358171 0.5687887
vt 0.2358171 0.5836770
vt 0.9485740 0.3527050
vt 0.9490304 0.3527050
vt 0.4802184 0.1178411
vt 0.9699572 0.7261104
vt 0.9494867 0.3310618
vt 0.4806838 0.1173278
vt 0.9704226 0.7261104
vt 0.9499432 0.3527050
vt 0.8351605 0.3070560
vt 0.8715749 0.2147161
vt 0.4816148 0.1173278
vt 0.4816148 0.1368367
vt 0.9508559 0.3650366
vt 0.4820803 0.1368367
vt 0.8724876 0.2147161
vt 0.8724876 0.2303193
vt 0.9564265 0.5408015
vt 0.1010150 0.7460394
vt 0.1010150 0.7634948
vt 0.9568919 0.5906009
vt 0.1014806 0.7460394
vt 0.1014806 0.7968657
vt 0.9732157 0.7112221
vt 0.1019460 0.7968657
vt 0.9582884 0.5597971
vt 0.9592194 0.5988152
vt 0.2418687 0.5379847
vt 0.2418687 0.5687887
vt 0.2418687 0.5990789
vt 0.9750776 0.7415122
vt 0.8850581 0.2277785
vt 0.9755432 0.6953066
vt 0.9755432 0.7101952
vt 0.9755432 0.7261104
vt 0.9755432 0.7415122
vt 0.2049532 0.4164095
vt 0.9558761 0.3630232
vt 0.9572452 0.3413800
vt 0.8873856 0.2149435
vt 0.9577015 0.3675533
vt 0.9624781 0.5562034
vt 0.8878512 0.2149435
vt 0.9581579 0.3630232
vt 0.2076915 0.3731231
vt 0.2729800 0.8052048
vt 0.2729800 0.8084764
vt 0.8435396 0.2931943
vt 0.9638745 0.5603104
vt 0.2736646 0.7508451
vt 0.2736646 0.7780249
vt 0.9643400 0.5603104
vt 0.8809306 0.2147161
vt 0.8809306 0.2451676
vt 0.2745773 0.7780249
vt 0.9815948 0.6799047
vt 0.2754901 0.7508451
vt 0.2754901 0.7780249
vt 0.2754901 0.8084764
vt 0.8463326 0.2931943
vt 0.9820602 0.6799047
vt 0.9820602 0.7101952
vt 0.9820602 0.7415122
vt 0.2111144 0.4030713
vt 0.8467981 0.2931943
vt 0.9825258 0.6804180
vt 0.9825258 0.7112221
vt 0.9825258 0.7415122
vt 0.2764028 0.7667000
vt 0.2764028 0.7938798
vt 0.2764028 0.8243313
vt 0.9671331 0.5485023
vt 0.4932525 0.1127071
vt 0.4932525 0.1291359
vt 0.8925062 0.2452339
vt 0.9675985 0.5485023
vt 0.4937179 0.1347832
vt 0.2773156 0.7938798
vt 0.9680641 0.5695517
vt 0.8934372 0.2149435
vt 0.2782283 0.7938798
vt 0.2782283 0.8243313
vt 0.9685295 0.5408015
vt 0.9685295 0.5911144
vt 0.2786847 0.7667000
vt 0.9689951 0.5911144
vt 0.8505222 0.3239981
vt 0.9862498 0.7112221
vt 0.8514532 0.3239981
vt 0.4988385 0.1388905
vt 0.9736501 0.5911144
vt 0.9741157 0.5659580
vt 0.5002351 0.1322163
vt 0.8542463 0.2942210
vt 0.9899739 0.7415122
vt 0.9745811 0.5613373
vt 0.5007005 0.1388905
vt 0.9904393 0.6804180
vt 0.9904393 0.7112221
vt 0.9750467 0.5490159
vt 0.5011661 0.1127071
vt 0.8253265 0.4841496
vt 0.8253265 0.5051990
vt 0.8253265 0.5241946
vt 0.6238339 0.0894925
vt 0.8976213 0.2149718
vt 0.8976213 0.2452623
vt 0.1061101 0.7606701
vt 0.1061101 0.7940410
vt 0.1061101 0.8243312
vt 0.6242995 0.0894925
vt 0.1079721 0.7940410
vt 0.9004143 0.2452623
vt 0.8285850 0.5241946
vt 0.9008798 0.2149718
vt 0.8290505 0.5051990
vt 0.8295161 0.4949308
vt 0.1102997 0.8243312
vt 0.9022763 0.2149718
vt 0.8304471 0.5051990
vt 0.8323090 0.5051990
vt 0.8323090 0.5241946
vt 0.8323090 0.5262482
vt 0.9050694 0.2149718
vt 0.8337056 0.4846629
vt 0.1144892 0.7940410
vt 0.8346366 0.5051990
vt 0.1182132 0.7642639
vt 0.1182132 0.7940410
vt 0.1182132 0.8243312
vt 0.8378951 0.4846629
vt 0.1186787 0.7796657
vt 0.1186787 0.7883934
vt 0.1186787 0.7889070
vt 0.1186787 0.7899337
vt 0.1186787 0.8233045
vt 0.9111210 0.2303737
vt 0.1219373 0.7801791
vt 0.8420847 0.5010917
vt 0.8420847 0.5159802
vt 0.8420847 0.5318954
vt 0.8425502 0.5324090
vt 0.1233338 0.7488620
vt 0.1233338 0.7801791
vt 0.8448778 0.4954444
vt 0.8453432 0.4954444
vt 0.9176380 0.2452623
vt 0.1261268 0.7806926
vt 0.6443162 0.0848719
vt 0.6447816 0.1069480
vt 0.1270578 0.8063624
vt 0.6457127 0.1064346
vt 0.1279889 0.7889070
vt 0.1284543 0.7889070
vt 0.1303164 0.7504022
vt 0.9222930 0.2149718
vt 0.8523258 0.5062256
vt 0.8527913 0.5062256
vt 0.1345059 0.7878801
vt 0.1349714 0.7514288
vt 0.8546533 0.5149533
vt 0.1354369 0.7899337
vt 0.1354369 0.8233045
vt 0.8560498 0.4851765
vt 0.9283446 0.2303737
vt 0.8565154 0.4851765
vt 0.9288101 0.2303737
vt 0.1386955 0.7678576
vt 0.1391609 0.7678576
vt 0.9311377 0.2149718
vt 0.8597739 0.5175205
vt 0.9320687 0.2149718
vt 0.1405575 0.7899337
vt 0.8602394 0.5175205
vt 0.8621014 0.5067390
vt 0.1428850 0.7837731
vt 0.9348617 0.2452623
vt 0.6615399 0.0848719
vt 0.9353272 0.2452623
vt 0.1438160 0.8063624
vt 0.6634019 0.1069480
vt 0.9371893 0.2149718
vt 0.1456781 0.7878801
vt 0.1461435 0.7894203
vt 0.8658255 0.4923640
vt 0.9381202 0.2452623
vt 0.1475400 0.7899337
vt 0.8672220 0.5283017
vt 0.8676874 0.5283017
vt 0.1517295 0.7858266
vt 0.1517295 0.8233045
vt 0.8714115 0.5139267
vt 0.1521951 0.8233045
vt 0.1521951 0.8238178
vt 0.1526606 0.7550228
vt 0.1526606 0.7858266
vt 0.1526606 0.8233045
vt 0.8742046 0.5288150
vt 0.8746700 0.5139267
vt 0.8746700 0.5324090
vt 0.8751356 0.4995515
vt 0.8756011 0.4856898
vt 0.0910862 0.3729268
vt 0.9483613 0.2149718
vt 0.9488269 0.2452623
vt 0.1577811 0.7868532
vt 0.8774631 0.4877433
vt 0.0934137 0.3950029
vt 0.1587122 0.7899337
vt 0.1587122 0.8233045
vt 0.8793250 0.5093061
vt 0.0952757 0.4165656
vt 0.1605742 0.8233045
vt 0.8811871 0.5308688
vt 0.1619707 0.7899337
vt 0.1629017 0.7899337
vt 0.1638327 0.7899337
vt 0.8856095 0.4867167
vt 0.8860749 0.5226544
vt 0.8865404 0.4974979
vt 0.8884024 0.5190607
vt 0.1691860 0.7894203
vt 0.1715135 0.7899337
vt 0.8925920 0.4969846
vt 0.8375547 0.7416413
vt 0.1733756 0.8243312
vt 0.8930575 0.4969846
vt 0.8380201 0.7113508
vt 0.1743066 0.7596432
vt 0.1752376 0.7904470
vt 0.9163748 0.6053173
vt 0.9163748 0.6371480
vt 0.8953850 0.5077659
vt 0.1108701 0.3944893
vt 0.9168402 0.6674382
vt 0.1113356 0.3944893
vt 0.8412788 0.6759265
vt 0.8412788 0.7113508
vt 0.8417442 0.6759265
vt 0.8417442 0.7051900
vt 0.8972471 0.4851765
vt 0.8972471 0.5293286
vt 0.8977125 0.4851765
vt 0.8977125 0.5293286
vt 0.8431407 0.7051900
vt 0.9205643 0.6371480
vt 0.8995746 0.5072525
vt 0.8445373 0.7416413
vt 0.9000400 0.5072525
vt 0.8463993 0.7416413
vt 0.8468648 0.6759265
vt 0.8473302 0.6759265
vt 0.8477958 0.7113508
vt 0.9242883 0.6063440
vt 0.9242883 0.6371480
vt 0.9242883 0.6674382
vt 0.8482613 0.7113508
vt 0.9247539 0.6063440
vt 0.9247539 0.6371480
vt 0.9247539 0.6674382
vt 0.8487268 0.6903014
vt 0.9042296 0.5175205
vt 0.8491923 0.7113508
vt 0.9056262 0.5067390
vt 0.9060916 0.5170071
vt 0.9065572 0.5170071
vt 0.8519853 0.7113508
vt 0.8533818 0.6928685
vt 0.8543128 0.6759265
vt 0.8543128 0.7267527
vt 0.9308053 0.6371480
vt 0.9312709 0.6089111
vt 0.9107467 0.4949308
vt 0.8571059 0.6759265
vt 0.8571059 0.7108375
vt 0.8575714 0.6805471
vt 0.8575714 0.7108375
vt 0.9340640 0.6371480
vt 0.9130742 0.5272751
vt 0.9135397 0.5272751
vt 0.9149363 0.5057123
vt 0.8603644 0.6805471
vt 0.9368569 0.6089111
vt 0.9368569 0.6371480
vt 0.9368569 0.6674382
vt 0.9158673 0.4836363
vt 0.9373225 0.6674382
vt 0.9377880 0.6371480
vt 0.9377880 0.6674382
vt 0.9382535 0.6068575
vt 0.9382535 0.6371480
vt 0.8622265 0.7113508
vt 0.9387190 0.6078842
vt 0.9387190 0.6376613
vt 0.9387190 0.6674382
vt 0.8626919 0.7108375
vt 0.9195913 0.5051990
vt 0.9205223 0.4831230
vt 0.9214533 0.5288150
vt 0.8664160 0.7416413
vt 0.1859114 0.2141312
vt 0.9219188 0.5051990
vt 0.1863768 0.2444216
vt 0.9223843 0.5236811
vt 0.8678125 0.6805471
vt 0.9443050 0.6376613
vt 0.8682781 0.6805471
vt 0.9237808 0.4928773
vt 0.8687435 0.7113508
vt 0.9251773 0.5324090
vt 0.9494256 0.6674382
vt 0.1924284 0.2141312
vt 0.8733985 0.6805471
vt 0.8733985 0.7108375
vt 0.8738641 0.6805471
vt 0.8738641 0.7108375
vt 0.8738641 0.7113508
vt 0.8743295 0.6805471
vt 0.9298324 0.4933909
vt 0.9522186 0.6376613
vt 0.8766572 0.7108375
vt 0.9545461 0.6073709
vt 0.9550117 0.6073709
vt 0.9550117 0.6376613
vt 0.9550117 0.6674382
vt 0.8789847 0.7416413
vt 0.2642459 0.2883926
vt 0.1984800 0.2141312
vt 0.1984800 0.2444216
vt 0.9344874 0.5241946
vt 0.1989455 0.2146445
vt 0.1989455 0.2449349
vt 0.9349530 0.5241946
vt 0.2651769 0.3186828
vt 0.2656423 0.3186828
vt 0.9363495 0.4939042
vt 0.8813122 0.7267527
vt 0.2684354 0.2883926
vt 0.2026696 0.2146445
vt 0.2712284 0.3238168
vt 0.2721594 0.2883926
vt 0.2063935 0.2449349
vt 0.8873637 0.6805471
vt 0.8934271 0.7035662
vt 0.8934271 0.7338566
vt 0.2726249 0.2935266
vt 0.2726249 0.3238168
vt 0.2068591 0.2146445
vt 0.8938927 0.7035662
vt 0.2730904 0.2935266
vt 0.8887602 0.7416413
vt 0.2740214 0.2935266
vt 0.2740214 0.3238168
vt 0.8892258 0.7113508
vt 0.5198227 0.4665722
vt 0.7600280 0.2515184
vt 0.8957556 0.6763110
vt 0.8957556 0.7112221
vt 0.8957556 0.7415122
vt 0.8962211 0.7112221
vt 0.8971521 0.7112221
vt 0.8971521 0.7415122
vt 0.8980831 0.7071147
vt 0.7628210 0.2828358
vt 0.9008762 0.7384321
vt 0.5254088 0.4373087
vt 0.0020879 0.2530153
vt 0.0025534 0.2530153
vt 0.9018072 0.6922262
vt 0.7665451 0.2674339
vt 0.9022727 0.6922262
vt 0.0561896 0.2505079
vt 0.0561896 0.2807983
vt 0.0034844 0.2827925
vt 0.5277363 0.4521972
vt 0.0048810 0.2827925
vt 0.9083242 0.7086549
vt 0.9087897 0.7086549
vt 0.0631722 0.2653964
vt 0.0631722 0.2807983
vt 0.0104670 0.2525020
vt 0.0118635 0.2822791
vt 0.5356500 0.4383356
vt 0.5365810 0.4229337
vt 0.5370465 0.4229337
vt 0.5375119 0.4229337
vt 0.0668963 0.2807983
vt 0.0141910 0.2519887
vt 0.0146566 0.2519887
vt 0.9148413 0.7245701
vt 0.5398395 0.4686260
vt 0.9162379 0.6788778
vt 0.0706203 0.2505079
vt 0.0183807 0.2668773
vt 0.5421670 0.4388489
vt 0.0715513 0.2505079
vt 0.5426325 0.4388489
vt 0.9218239 0.7404856
vt 0.9222894 0.6947933
vt 0.5477530 0.4542508
vt 0.0776029 0.2653964
vt 0.0776029 0.2807983
vt 0.0248977 0.2514754
vt 0.0780684 0.2499945
vt 0.0780684 0.2802850
vt 0.0253632 0.2514754
vt 0.5505461 0.4239603
vt 0.9288064 0.7112221
vt 0.5533392 0.4701662
vt 0.9297374 0.7415122
vt 0.9302030 0.7415122
vt 0.0850510 0.2499945
vt 0.0323458 0.2807389
vt 0.5561321 0.4403891
vt 0.0855164 0.2802850
vt 0.9530529 0.2448576
vt 0.9535184 0.2145671
vt 0.9329961 0.7117354
vt 0.9549149 0.2145671
vt 0.0351387 0.2509618
vt 0.0887751 0.2499945
vt 0.0892405 0.2756643
vt 0.9567770 0.2448576
vt 0.9362546 0.6814449
vt 0.9367200 0.6778512
vt 0.9367200 0.7112221
vt 0.9371856 0.7415122
vt 0.0911026 0.2628293
vt 0.0911026 0.2756643
vt 0.9385821 0.7112221
vt 0.9399786 0.6788778
vt 0.9399786 0.7112221
vt 0.9399786 0.7415122
vt 0.9609664 0.2145671
vt 0.9404441 0.6778512
vt 0.9404441 0.7112221
vt 0.9409096 0.7415122
vt 0.9423061 0.7112221
vt 0.0435179 0.2653371
vt 0.9437026 0.6788778
vt 0.9437026 0.7112221
vt 0.9437026 0.7415122
vt 0.0020039 0.4611807
vt 0.0020039 0.4616940
vt 0.0020039 0.4704217
vt 0.9651561 0.2145671
vt 0.9651561 0.2448576
vt 0.0047970 0.4247294
vt 0.0500350 0.2499352
vt 0.0071245 0.4555334
vt 0.1824958 0.0580565
vt 0.0518970 0.2791987
vt 0.1050677 0.2643695
vt 0.0019875 0.0924581
vt 0.0033841 0.0893779
vt 0.0138744 0.4391046
vt 0.0073408 0.0821902
vt 0.0175983 0.4658013
vt 0.0175983 0.4699084
vt 0.1146105 0.2505079
vt 0.1160071 0.2828518
vt 0.1164726 0.2818252
vt 0.0208570 0.4231894
vt 0.1178690 0.2695035
vt 0.1178690 0.2761776
vt 0.1183346 0.2674499
vt 0.0231845 0.4539932
vt 0.1994867 0.0580565
vt 0.0297015 0.4699084
vt 0.2046073 0.0775657
vt 0.0301670 0.4375644
vt 0.0301670 0.4545065
vt 0.1271793 0.2689902
vt 0.0315636 0.4221625
vt 0.0320290 0.4221625
vt 0.0240990 0.1052931
vt 0.0250300 0.1037529
vt 0.0334256 0.4699084
vt 0.1299722 0.2505079
vt 0.4671915 0.8193132
vt 0.0268920 0.0981056
vt 0.1313687 0.2520481
vt 0.4685880 0.7520581
vt 0.0287541 0.0939983
vt 0.0296851 0.0939983
vt 0.0390116 0.4524530
vt 0.0399427 0.4524530
vt 0.0404081 0.4524530
vt 0.1364893 0.2828518
vt 0.2153140 0.0580565
vt 0.4732431 0.7941567
vt 0.0408737 0.4524530
vt 0.4741741 0.7720807
vt 0.0422701 0.4216492
vt 0.0427356 0.4216492
vt 0.4760360 0.7951833
vt 0.4778981 0.7690002
vt 0.0459941 0.4586136
vt 0.0464597 0.4216492
vt 0.4792947 0.7700271
vt 0.4802256 0.8095586
vt 0.0478562 0.4365375
vt 0.4839497 0.8244471
vt 0.4848807 0.7520581
vt 0.4853461 0.7720807
vt 0.4858117 0.7546250
vt 0.0534423 0.4632342
vt 0.0543733 0.4211356
vt 0.0548388 0.4211356
vt 0.4890702 0.7859423
vt 0.0571663 0.4509128
vt 0.0576318 0.4324305
vt 0.0585629 0.4627209
vt 0.0585629 0.4699084
vt 0.0590283 0.4627209
vt 0.4927942 0.8003173
vt 0.4932598 0.8003173
vt 0.0524949 0.1068333
vt 0.0618214 0.4324305
vt 0.4955873 0.7797815
vt 0.4969839 0.8146925
vt 0.4979148 0.8105852
vt 0.4983803 0.8105852
vt 0.4988458 0.7556519
vt 0.4988458 0.8105852
vt 0.4993114 0.7556519
vt 0.4997768 0.7556519
vt 0.5002424 0.8003173
vt 0.0678730 0.4324305
vt 0.0678730 0.4704217
vt 0.0697349 0.4324305
vt 0.0702005 0.4622076
vt 0.5044319 0.7710538
vt 0.5044319 0.8213667
vt 0.5048974 0.7797815
vt 0.5048974 0.8003173
vt 0.5048974 0.8213667
vt 0.1121735 0.4650323
vt 0.2161847 0.8950059
vt 0.2161847 0.9006532
vt 0.2161847 0.9355642
vt 0.2161847 0.9658547
vt 0.2161847 0.9961451
vt 0.2166502 0.9961451
vt 0.2175812 0.9273499
vt 0.2180468 0.9956315
vt 0.4517221 0.0095196
vt 0.2180468 0.9976851
vt 0.1145010 0.4465500
vt 0.4526531 0.0110596
vt 0.2254948 0.9504528
vt 0.2254948 0.9807430
vt 0.2259603 0.9807430
vt 0.2264258 0.9827968
vt 0.1233457 0.4470633
vt 0.2273569 0.8950059
vt 0.2282879 0.9827968
vt 0.2282879 0.9833101
vt 0.1252076 0.4213935
vt 0.4628942 0.0095196
vt 0.1261386 0.4213935
vt 0.2301498 0.9068140
vt 0.2306154 0.9201624
vt 0.2310809 0.9309436
vt 0.1275352 0.4213935
vt 0.2329429 0.8749834
vt 0.1293973 0.4675991
vt 0.2343394 0.9355642
vt 0.2343394 0.9658547
vt 0.2348049 0.9360776
vt 0.2348049 0.9525063
vt 0.1317248 0.4491168
vt 0.2357360 0.8852513
vt 0.2357360 0.9653411
vt 0.2357360 0.9673949
vt 0.1321902 0.4491168
vt 0.2362014 0.9360776
vt 0.2362014 0.9653411
vt 0.2366670 0.9673949
vt 0.1359143 0.4414160
vt 0.1363798 0.4414160
vt 0.2413220 0.8852513
vt 0.2413220 0.9940913
vt 0.4759284 0.0105462
vt 0.2431840 0.9833101
vt 0.2436495 0.8996265
vt 0.2441150 0.9124613
vt 0.2441150 0.9227292
vt 0.1405693 0.4542508
vt 0.2445805 0.9201624
vt 0.2445805 0.9227292
vt 0.1410349 0.4542508
vt 0.2455115 0.9227292
vt 0.2455115 0.9663680
vt 0.2455115 0.9761226
vt 0.4791869 0.0095196
vt 0.4791869 0.0100329
vt 0.4801180 0.0110596
vt 0.2497011 0.8903853
vt 0.2501665 0.9776628
vt 0.2501665 0.9802297
vt 0.1466209 0.4229337
vt 0.1466209 0.4701662
vt 0.2506321 0.9119480
vt 0.2510976 0.9376178
vt 0.2515631 0.9119480
vt 0.1480174 0.4424426
vt 0.1480174 0.4701662
vt 0.2520286 0.9288901
vt 0.2524941 0.9288901
vt 0.2524941 0.9355642
vt 0.9446574 0.0524707
vt 0.1494140 0.4234470
vt 0.2534252 0.9807430
vt 0.2543561 0.9807430
vt 0.2548216 0.8749834
vt 0.2548216 0.8883317
vt 0.1517415 0.4403891
vt 0.4022069 0.4161841
vt 0.4026725 0.3812730
vt 0.4026725 0.4069428
vt 0.2566837 0.9006532
vt 0.2571491 0.9006532
vt 0.2576147 0.9006532
vt 0.4040690 0.4161841
vt 0.2580802 0.9181088
vt 0.4917556 0.0105462
vt 0.9507090 0.0375822
vt 0.2590112 0.9658547
vt 0.9539675 0.0375822
vt 0.4087241 0.3910276
vt 0.2627353 0.8893586
vt 0.0020067 0.1795161
vt 0.0020067 0.1918378
vt 0.2632007 0.8893586
vt 0.2636662 0.9068140
vt 0.2641317 0.9237561
vt 0.2641317 0.9335107
vt 0.2641317 0.9966584
vt 0.9562950 0.0524707
vt 0.2655282 0.9776628
vt 0.4992036 0.0105462
vt 0.2659938 0.9365909
vt 0.2669247 0.9596938
vt 0.5719612 0.9294034
vt 0.5719612 0.9483990
vt 0.5719612 0.9663680
vt 0.5719612 0.9966584
vt 0.9600190 0.0375822
vt 0.0071273 0.2092932
vt 0.5728922 0.9021934
vt 0.4147756 0.3745988
vt 0.2687868 0.9355642
vt 0.4152411 0.3745988
vt 0.4152411 0.4048893
vt 0.0080582 0.1800297
vt 0.9632776 0.0524707
vt 0.0113167 0.1944047
vt 0.5775472 0.9437786
vt 0.5775472 0.9648278
vt 0.5075827 0.0110596
vt 0.9660706 0.0375822
vt 0.5789438 0.9971718
vt 0.5789438 0.9976851
vt 0.0141098 0.1944047
vt 0.5810386 0.9186222
vt 0.5815040 0.9648278
vt 0.9690964 0.0375822
vt 0.0176012 0.1795161
vt 0.9709584 0.0375822
vt 0.5842971 0.9817699
vt 0.5847625 0.9037336
vt 0.9723549 0.0375822
vt 0.5852281 0.9489126
vt 0.4271115 0.3745988
vt 0.4271115 0.3935945
vt 0.4271115 0.4161841
vt 0.0199287 0.1795161
vt 0.4994053 0.0849748
vt 0.0203941 0.2092932
vt 0.4998709 0.0849748
vt 0.9746824 0.0524707
vt 0.5875556 0.9648278
vt 0.5880211 0.9345373
vt 0.5884866 0.9345373
vt 0.5021984 0.1034569
vt 0.5889521 0.9494259
vt 0.5908141 0.9047605
vt 0.9807340 0.0524707
vt 0.0283078 0.1938914
vt 0.5940727 0.9648278
vt 0.0292388 0.1938914
vt 0.5087154 0.1044838
vt 0.5091810 0.1044838
vt 0.1281175 0.1127071
vt 0.9830616 0.0524707
vt 0.5964002 0.9437786
vt 0.5964002 0.9663680
vt 0.5964002 0.9966584
vt 0.1290485 0.1368367
vt 0.1290485 0.1383769
vt 0.1290485 0.1388905
vt 0.5968657 0.9648278
vt 0.0320317 0.1938914
vt 0.5977967 0.9211890
vt 0.5982622 0.9247827
vt 0.5982622 0.9653411
vt 0.5982622 0.9971718
vt 0.5987278 0.9648278
vt 0.5996587 0.9648278
vt 0.6001242 0.9976851
vt 0.6005897 0.9021934
vt 0.6010553 0.9494259
vt 0.6015207 0.9021934
vt 0.0394799 0.2092932
vt 0.1388241 0.1255422
vt 0.6066413 0.9971718
vt 0.5203531 0.1065373
vt 0.6075723 0.9237561
vt 0.6080379 0.9186222
vt 0.6085033 0.9186222
vt 0.6085033 0.9663680
vt 0.6085033 0.9817699
vt 0.5226805 0.0839479
vt 0.5226805 0.0885686
vt 0.0436693 0.1790028
vt 0.0441349 0.2092932
vt 0.6098998 0.9817699
vt 0.1448757 0.1388905
vt 0.6136239 0.9458322
vt 0.6136239 0.9632876
vt 0.6140894 0.9458322
vt 0.6140894 0.9622609
vt 0.1467377 0.1121938
vt 0.6145549 0.9545599
vt 0.6145549 0.9817699
vt 0.6150204 0.9622609
vt 0.6150204 0.9663680
vt 0.5287321 0.1065373
vt 0.6154859 0.9345373
vt 0.5291977 0.0849748
vt 0.5296632 0.0849748
vt 0.1485998 0.1121938
vt 0.6168824 0.9545599
vt 0.6168824 0.9976851
vt 0.2110970 0.2442697
vt 0.6178134 0.9499392
vt 0.2124935 0.2201398
vt 0.6192099 0.9047605
vt 0.6206064 0.9966584
vt 0.6220030 0.9514794
vt 0.6224684 0.9514794
vt 0.6224684 0.9771492
vt 0.1555824 0.1116805
vt 0.6233995 0.9699617
vt 0.1560478 0.1291359
vt 0.1560478 0.1296492
vt 0.6238650 0.9817699
vt 0.6243305 0.9771492
vt 0.5385078 0.1049971
vt 0.6266580 0.9211890
vt 0.6266580 0.9699617
vt 0.6266580 0.9745824
vt 0.5408353 0.0865148
vt 0.2213381 0.2144925
vt 0.2218036 0.2144925
vt 0.1616339 0.1388905
vt 0.6308475 0.9555868
vt 0.6322441 0.9838234
vt 0.1658234 0.1116805
vt 0.1658234 0.1157876
vt 0.2269242 0.2452963
vt 0.6336406 0.9376178
vt 0.6341061 0.9555868
vt 0.6341061 0.9745824
vt 0.6341061 0.9838234
vt 0.6341061 0.9884440
vt 0.6341061 0.9971718
vt 0.6341061 0.9976851
vt 0.2278552 0.2452963
vt 0.6345716 0.9371045
vt 0.6345716 0.9673949
vt 0.6350371 0.9371045
vt 0.6350371 0.9976851
vt 0.6355026 0.9673949
vt 0.6355026 0.9976851
vt 0.6364337 0.9673949
vt 0.6368991 0.9673949
vt 0.6368991 0.9976851
vt 0.6373647 0.9673949
vt 0.6373647 0.9976851
vt 0.6378301 0.9073273
vt 0.6378301 0.9679082
vt 0.6382956 0.9679082
vt 0.6387612 0.9976851
vt 0.2329758 0.2268140
vt 0.6303638 0.2536588
vt 0.6303638 0.2824090
vt 0.3435168 0.2525442
vt 0.8281250 0.9458322
vt 0.8281250 0.9545599
vt 0.8281250 0.9848503
vt 0.1546175 0.6035214
vt 0.1546175 0.6307314
vt 0.1546175 0.6620487
vt 0.6354944 0.1445127
vt 0.2572295 0.0775404
vt 0.6937966 0.6674382
vt 0.8285905 0.9874172
vt 0.6359599 0.1645350
vt 0.6947276 0.6371480
vt 0.6951932 0.6048038
vt 0.3453789 0.2828347
vt 0.8299871 0.9545599
vt 0.6961241 0.6371480
vt 0.1578760 0.6322716
vt 0.8323146 0.9848503
vt 0.1592726 0.6035214
vt 0.6984517 0.6048038
vt 0.6984517 0.6371480
vt 0.6984517 0.6674382
vt 0.6989172 0.6053173
vt 0.6989172 0.6658982
vt 0.6993827 0.6053173
vt 0.6993827 0.6356078
vt 0.8341766 0.9976851
vt 0.2833370 0.0776370
vt 0.6998482 0.6053173
vt 0.6998482 0.6356078
vt 0.2637466 0.0585448
vt 0.7003138 0.6356078
vt 0.7003138 0.6658982
vt 0.7007792 0.6658982
vt 0.6378119 0.2824090
vt 0.6429425 0.1470796
vt 0.7021757 0.6674382
vt 0.8369696 0.9632876
vt 0.8379006 0.9175953
vt 0.1643932 0.6307314
vt 0.1648586 0.6035214
vt 0.1648586 0.6307314
vt 0.1657897 0.6307314
vt 0.2884576 0.0581281
vt 0.3551544 0.2664062
vt 0.1662551 0.6332985
vt 0.2889230 0.0581281
vt 0.2898540 0.0581281
vt 0.3565509 0.2818080
vt 0.8411591 0.9109211
vt 0.6485285 0.1742896
vt 0.6438635 0.2654669
vt 0.6489941 0.1742896
vt 0.1690482 0.6035214
vt 0.1695138 0.6035214
vt 0.2926471 0.0581281
vt 0.6461910 0.2654669
vt 0.1704447 0.6641023
vt 0.2935781 0.0581281
vt 0.8458142 0.9807430
vt 0.8462797 0.9807430
vt 0.7119514 0.6155853
vt 0.3621370 0.2504907
vt 0.7124168 0.6155853
vt 0.9334980 0.1069441
vt 0.8472107 0.9350507
vt 0.1737033 0.6035214
vt 0.7128824 0.6458757
vt 0.6499151 0.2654669
vt 0.7133479 0.6674382
vt 0.1746342 0.6035214
vt 0.7138133 0.6674382
vt 0.1750998 0.6327849
vt 0.1755652 0.6096822
vt 0.1755652 0.6291912
vt 0.1755652 0.6343251
vt 0.1760308 0.6091687
vt 0.1760308 0.6291912
vt 0.1760308 0.6343251
vt 0.3653956 0.2504907
vt 0.2791083 0.0585448
vt 0.6695001 0.4067726
vt 0.6597007 0.1470796
vt 0.6597007 0.1542671
vt 0.6601661 0.1542671
vt 0.3024227 0.0755835
vt 0.9400150 0.0900020
vt 0.9404806 0.1048903
vt 0.8551243 0.9632876
vt 0.8551243 0.9802297
vt 0.8551243 0.9976851
vt 0.3042847 0.0755835
vt 0.6750861 0.3769958
vt 0.1825478 0.6507539
vt 0.8565208 0.9525063
vt 0.6760171 0.3769958
vt 0.5053063 0.1131178
vt 0.5053063 0.1393012
vt 0.8579173 0.9632876
vt 0.8583829 0.9535330
vt 0.6615527 0.2752213
vt 0.6615527 0.2824090
vt 0.7249855 0.6253399
vt 0.6620181 0.2747080
vt 0.6797411 0.3939379
vt 0.7259165 0.6556300
vt 0.6802067 0.3939379
vt 0.1876684 0.6209768
vt 0.8630379 0.9376178
vt 0.1899959 0.6666691
vt 0.5118234 0.1131178
vt 0.8639689 0.9632876
vt 0.8639689 0.9935780
vt 0.7296406 0.6053173
vt 0.1909269 0.6163564
vt 0.1913924 0.6163564
vt 0.8653655 0.9889574
vt 0.1699364 0.1307366
vt 0.6848617 0.4103664
vt 0.8662964 0.9242694
vt 0.1937200 0.6671827
vt 0.1946510 0.6368922
vt 0.7184383 0.4068282
vt 0.6759934 0.1465663
vt 0.6713282 0.2505784
vt 0.8690894 0.9237561
vt 0.9563078 0.0900020
vt 0.1965130 0.6368922
vt 0.6773899 0.1465663
vt 0.3672210 0.2942975
vt 0.3672210 0.2948111
vt 0.5188060 0.1393012
vt 0.3676866 0.3122665
vt 0.9577042 0.1054039
vt 0.1759878 0.1173882
vt 0.7370886 0.6479292
vt 0.1764534 0.1173882
vt 0.7221623 0.4078548
vt 0.6913787 0.3811028
vt 0.7375541 0.6356078
vt 0.7375541 0.6479292
vt 0.8723480 0.9550732
vt 0.7380197 0.6664115
vt 0.6923097 0.4124202
vt 0.7384851 0.6371480
vt 0.8732790 0.9807430
vt 0.7240243 0.4083684
vt 0.7394161 0.6068575
vt 0.1787809 0.1179015
vt 0.7244899 0.3770511
vt 0.1792464 0.1179015
vt 0.1797119 0.1179015
vt 0.6783108 0.2824090
vt 0.9623593 0.0869216
vt 0.3737381 0.3025119
vt 0.1825050 0.1333034
vt 0.7436057 0.6371480
vt 0.6811039 0.2505784
vt 0.5271851 0.1264661
vt 0.1843669 0.1338167
vt 0.8811926 0.9725289
vt 0.8816581 0.9725289
vt 0.1862290 0.1276561
vt 0.7319380 0.3791046
vt 0.7011544 0.3995852
vt 0.7324034 0.3791046
vt 0.8825891 0.9976851
vt 0.7020854 0.4149870
vt 0.7482607 0.6068575
vt 0.7482607 0.6371480
vt 0.7482607 0.6674382
vt 0.7487263 0.6068575
vt 0.7487263 0.6371480
vt 0.7487263 0.6674382
vt 0.7337999 0.4109352
vt 0.7491917 0.6371480
vt 0.7491917 0.6674382
vt 0.7496573 0.6227727
vt 0.7496573 0.6381746
vt 0.7496573 0.6525499
vt 0.1890220 0.1348436
vt 0.7039473 0.4155003
vt 0.3144875 0.1381193
vt 0.1894875 0.1348436
vt 0.3821173 0.2891635
vt 0.3825827 0.3235613
vt 0.7365930 0.3955334
vt 0.7370584 0.3955334
vt 0.5362624 0.1131178
vt 0.1929789 0.1117407
vt 0.7079042 0.4165272
vt 0.9756263 0.1054039
vt 0.3189099 0.1216906
vt 0.1939099 0.1271426
vt 0.1939099 0.1389507
vt 0.9760917 0.1054039
vt 0.9760917 0.1064306
vt 0.3198408 0.1165566
vt 0.8907355 0.9894709
vt 0.7414808 0.4129888
vt 0.7106972 0.3862368
vt 0.8916665 0.9442920
vt 0.7587347 0.6674382
vt 0.3235649 0.1222039
vt 0.7596656 0.6381746
vt 0.5427795 0.1393012
vt 0.8949250 0.9371045
vt 0.7144213 0.3872637
vt 0.7605966 0.6078842
vt 0.7605966 0.6674382
vt 0.8953905 0.9104078
vt 0.8953905 0.9427517
vt 0.8953905 0.9730422
vt 0.7610622 0.6078842
vt 0.7610622 0.6381746
vt 0.7708560 0.2812362
vt 0.7615276 0.6099380
vt 0.7615276 0.6371480
vt 0.7615276 0.6643580
vt 0.7713215 0.2524860
vt 0.8967870 0.9427517
vt 0.8972525 0.9427517
vt 0.8972525 0.9730422
vt 0.3939876 0.3071325
vt 0.7475324 0.3826983
vt 0.8977181 0.9104078
vt 0.8977181 0.9211890
vt 0.2022890 0.1117407
vt 0.1407208 0.2504836
vt 0.1407208 0.2807741
vt 0.1407208 0.2828276
vt 0.8981835 0.9694484
vt 0.8981835 0.9725289
vt 0.3949186 0.3045654
vt 0.8986490 0.9150284
vt 0.8986490 0.9422384
vt 0.3953841 0.3050790
vt 0.3958497 0.3050790
vt 0.7647862 0.6371480
vt 0.8995800 0.9422384
vt 0.0483673 0.1785589
vt 0.2046165 0.1230355
vt 0.0488329 0.2088493
vt 0.9005110 0.9150284
vt 0.9005110 0.9422384
vt 0.9005110 0.9725289
vt 0.0492983 0.1785589
vt 0.4620773 0.4808628
vt 0.4625429 0.4793228
vt 0.4625429 0.4798361
vt 0.7671138 0.6099380
vt 0.0506949 0.2088493
vt 0.7769076 0.2524860
vt 0.7675792 0.6371480
vt 0.7526530 0.3996404
vt 0.2074094 0.1271426
vt 0.7685102 0.6653846
vt 0.4648704 0.4983185
vt 0.7703723 0.6371480
vt 0.3347370 0.1170699
vt 0.0539534 0.1785589
vt 0.0544189 0.1785589
vt 0.4676633 0.5152605
vt 0.7815626 0.2812362
vt 0.7722342 0.6099380
vt 0.7573080 0.4165825
vt 0.7731652 0.6371480
vt 0.1504964 0.2663991
vt 0.7740963 0.6099380
vt 0.7740963 0.6371480
vt 0.7740963 0.6674382
vt 0.1019871 0.4864589
vt 0.1019871 0.4946733
vt 0.1518930 0.2504836
vt 0.4704564 0.5008853
vt 0.4704564 0.5327160
vt 0.1024527 0.4941599
vt 0.1024527 0.5131556
vt 0.1029181 0.5326645
vt 0.4713874 0.4983185
vt 0.3398576 0.1273378
vt 0.0590740 0.1785589
vt 0.0590740 0.2088493
vt 0.4718530 0.4983185
vt 0.7628940 0.3868057
vt 0.7633596 0.3832119
vt 0.3435816 0.1381193
vt 0.1570136 0.2828276
vt 0.3440472 0.1386327
vt 0.7894763 0.2524860
vt 0.7652216 0.4001540
vt 0.3454436 0.1273378
vt 0.7908727 0.2524860
vt 0.0651256 0.1785589
vt 0.1593410 0.2499703
vt 0.2213746 0.1168746
vt 0.2213746 0.1389507
vt 0.7670835 0.4165825
vt 0.1099007 0.4874858
vt 0.4793010 0.5203945
vt 0.3477711 0.1145031
vt 0.3477711 0.1273378
vt 0.3482367 0.1129629
vt 0.4806975 0.5168008
vt 0.7945967 0.2514591
vt 0.3496332 0.1175835
vt 0.7950623 0.2514591
vt 0.4820940 0.5142336
vt 0.0702461 0.1785589
vt 0.0707116 0.2088493
vt 0.0972965 0.1934766
vt 0.0711771 0.2088493
vt 0.1154868 0.4761909
vt 0.4839560 0.4798361
vt 0.4839560 0.4901041
vt 0.4844216 0.5316891
vt 0.1663237 0.2663991
vt 0.7987864 0.2673745
vt 0.4853525 0.4798361
vt 0.7992518 0.2673745
vt 0.1173488 0.5003205
vt 0.1178144 0.4998072
vt 0.1178144 0.5193164
vt 0.1182798 0.5013474
vt 0.1182798 0.5193164
vt 0.8006483 0.2673745
vt 0.1187453 0.5013474
vt 0.3561502 0.1329854
vt 0.1014860 0.1785880
vt 0.7782557 0.3898861
vt 0.8029759 0.2673745
vt 0.1210729 0.4802983
vt 0.1210729 0.5105884
vt 0.3584777 0.1386327
vt 0.7801177 0.4068282
vt 0.8048378 0.2514591
vt 0.1229348 0.4802983
vt 0.4914041 0.5019122
vt 0.1234004 0.5326645
vt 0.1238659 0.5326645
vt 0.1737717 0.2823143
vt 0.4928007 0.4983185
vt 0.1747027 0.2525374
vt 0.4932661 0.4983185
vt 0.8071653 0.2673745
vt 0.1075376 0.1785880
vt 0.1075376 0.2088785
vt 0.8076309 0.2673745
vt 0.8076309 0.2817495
vt 0.0823492 0.1785589
vt 0.0823492 0.1939608
vt 0.1285210 0.5018607
vt 0.4969901 0.5029388
vt 0.8108894 0.2817495
vt 0.1289864 0.4761909
vt 0.1289864 0.5018607
vt 0.1294520 0.4869722
vt 0.8122859 0.2673745
vt 0.1308485 0.5023743
vt 0.4997832 0.5229613
vt 0.1317795 0.4951866
vt 0.5007142 0.5203945
vt 0.1331760 0.5188028
vt 0.1830818 0.2663991
vt 0.7908243 0.3796182
vt 0.1336415 0.5188028
vt 0.5021107 0.5168008
vt 0.1345726 0.4869722
vt 0.7926864 0.3965603
vt 0.3724429 0.1329854
vt 0.3729084 0.1381193
vt 0.7936174 0.4068282
vt 0.3733740 0.1391460
vt 0.0930558 0.1785589
vt 0.0930558 0.2088493
vt 0.8197341 0.2827764
vt 0.8201995 0.2519726
vt 0.1392276 0.5023743
vt 0.1392276 0.5326645
vt 0.3761669 0.1124495
vt 0.1895989 0.2525374
vt 0.1895989 0.2735866
vt 0.1895989 0.2828276
vt 0.5081623 0.4798361
vt 0.5081623 0.5029388
vt 0.5081623 0.5255285
vt 0.1401586 0.5023743
vt 0.1117071 0.1785589
vt 0.3710354 0.0092336
vt 0.3943563 0.5384811
vt 0.3943563 0.5687716
vt 0.3943563 0.5990620
vt 0.0020989 0.3490590
vt 0.0020989 0.3660011
vt 0.3948219 0.5687716
vt 0.3948219 0.5990620
vt 0.0025644 0.3675410
vt 0.8570410 0.5400546
vt 0.8570410 0.5693181
vt 0.0030299 0.3459786
vt 0.0030299 0.3660011
vt 0.0039610 0.3670277
vt 0.0044264 0.3454650
vt 0.0058229 0.3285229
vt 0.0062885 0.3285229
vt 0.0067539 0.3285229
vt 0.8635582 0.5842067
vt 0.8640236 0.5990952
vt 0.8649547 0.5842067
vt 0.1210172 0.1939608
vt 0.1214827 0.2088493
vt 0.8672822 0.5549431
vt 0.8672822 0.5842067
vt 0.0146675 0.3670277
vt 0.1261378 0.2088493
vt 0.1284653 0.2088493
vt 0.8728683 0.5985816
vt 0.1293963 0.1785589
vt 0.0197881 0.3490590
vt 0.1298618 0.1939608
vt 0.3901212 0.0107739
vt 0.1321893 0.1939608
vt 0.8770578 0.5400546
vt 0.8770578 0.5693181
vt 0.8770578 0.5985816
vt 0.1503778 0.1789816
vt 0.1503778 0.2092720
vt 0.2329338 0.2091783
vt 0.2338647 0.1788879
vt 0.0244431 0.3305767
vt 0.3961727 0.0107739
vt 0.2366578 0.1788879
vt 0.1387064 0.1785589
vt 0.2394508 0.1788879
vt 0.2394508 0.2091783
vt 0.1573604 0.2092720
vt 0.0318912 0.3670277
vt 0.1419650 0.2088493
vt 0.2441059 0.1788879
vt 0.2445714 0.2091783
vt 0.1461545 0.1785589
vt 0.1461545 0.2088493
vt 0.0365463 0.3490590
vt 0.2487656 0.1791095
vt 0.3905566 0.0591931
vt 0.3434474 0.4530387
vt 0.2496965 0.2088864
vt 0.4082759 0.0112872
vt 0.3467059 0.4227483
vt 0.1680670 0.1789816
vt 0.3471715 0.4227483
vt 0.2534206 0.2088864
vt 0.0421323 0.3310900
vt 0.3490334 0.4689542
vt 0.3518265 0.4391771
vt 0.3522921 0.4391771
vt 0.1750496 0.2092720
vt 0.3546196 0.4391771
vt 0.0486494 0.3675410
vt 0.4035906 0.0771621
vt 0.3560160 0.4391771
vt 0.3574125 0.4545789
vt 0.3578781 0.4545789
vt 0.3583436 0.4545789
vt 0.2645927 0.1785962
vt 0.2645927 0.1934845
vt 0.1806356 0.2092720
vt 0.0537699 0.3495723
vt 0.4077802 0.0586798
vt 0.2669202 0.2083731
vt 0.3625331 0.4550925
vt 0.3629987 0.4704944
vt 0.2692477 0.2083731
vt 0.3634641 0.4704944
vt 0.3643951 0.4550925
vt 0.0584250 0.3316033
vt 0.1857562 0.1789816
vt 0.1857562 0.1943834
vt 0.0654185 0.0308315
vt 0.3671882 0.4253154
vt 0.2736700 0.1929712
vt 0.1887820 0.1943834
vt 0.2741356 0.2083731
vt 0.1897130 0.2092720
vt 0.2750666 0.1929712
vt 0.1901785 0.1789816
vt 0.1901785 0.2092720
vt 0.2764631 0.1785962
vt 0.2769285 0.1785962
vt 0.2769285 0.2088864
vt 0.2773941 0.1785962
vt 0.8814043 0.5990729
vt 0.2783251 0.1785962
vt 0.8818699 0.5400322
vt 0.8818699 0.5703227
vt 0.2787906 0.2088864
vt 0.2792561 0.2088864
vt 0.8832664 0.5400322
vt 0.8837318 0.5703227
vt 0.0744959 0.0164563
vt 0.1971611 0.1789816
vt 0.8855939 0.5990729
vt 0.2829810 0.7514288
vt 0.0707608 0.3500856
vt 0.2834465 0.7817193
vt 0.4252367 0.0586798
vt 0.2839121 0.8120097
vt 0.4257021 0.0586798
vt 0.2843775 0.8120097
vt 0.2867042 0.1785962
vt 0.2871697 0.1785962
vt 0.2876352 0.1934845
vt 0.2881007 0.1785962
vt 0.2885661 0.2088864
vt 0.2041436 0.2092720
vt 0.2904291 0.7817193
vt 0.2927566 0.8243312
vt 0.2927558 0.1785962
vt 0.2955487 0.1785962
vt 0.4378053 0.0771621
vt 0.0898576 0.0164563
vt 0.2125227 0.1943834
vt 0.2983427 0.8120097
vt 0.2983418 0.1785962
vt 0.2983418 0.2088864
vt 0.2988082 0.7509155
vt 0.2988082 0.7817193
vt 0.2988082 0.8120097
vt 0.0334156 0.1307112
vt 0.2992738 0.7940410
vt 0.3002047 0.8243312
vt 0.2153158 0.1789816
vt 0.4424604 0.0586798
vt 0.3016013 0.7514288
vt 0.2167122 0.1943834
vt 0.3020667 0.7622103
vt 0.0366741 0.1358452
vt 0.3034633 0.7940410
vt 0.3043942 0.7940410
vt 0.3048598 0.8243312
vt 0.3053253 0.7586166
vt 0.3053253 0.7909606
vt 0.3053253 0.8243312
vt 0.3057908 0.8212510
vt 0.2209019 0.1789816
vt 0.7969261 0.4412780
vt 0.2218328 0.2092720
vt 0.3071873 0.7909606
vt 0.3085839 0.7586166
vt 0.3085839 0.7909606
vt 0.3085839 0.8212510
vt 0.3090493 0.7586166
vt 0.3090493 0.7909606
vt 0.3090493 0.8212510
vt 0.3090493 0.8243312
vt 0.4508395 0.0771621
vt 0.3104458 0.7909606
vt 0.0450532 0.1219835
vt 0.3123079 0.7586166
vt 0.3123079 0.7909606
vt 0.3123079 0.8243312
vt 0.3127733 0.7919872
vt 0.3127733 0.8243312
vt 0.3132389 0.7616968
vt 0.8034431 0.4556532
vt 0.3137043 0.7616968
vt 0.2288154 0.1794951
vt 0.8039087 0.4556532
vt 0.3141699 0.7919872
vt 0.3151009 0.8243312
vt 0.3155664 0.7627237
vt 0.3155664 0.7930141
vt 0.3155664 0.8243312
vt 0.4592186 0.0612467
vt 0.8080982 0.4248492
vt 0.3183594 0.7930141
vt 0.4601496 0.0591931
vt 0.8085637 0.4248492
vt 0.4620116 0.0612467
vt 0.4620116 0.0771621
vt 0.3206870 0.7930141
vt 0.8108913 0.4397377
vt 0.3211524 0.8233045
vt 0.0557598 0.1112023
vt 0.0562252 0.1112023
vt 0.3220834 0.7940410
vt 0.3220834 0.8243312
vt 0.3225490 0.7940410
vt 0.3230145 0.7627237
vt 0.3230145 0.7786388
vt 0.3230145 0.7940410
vt 0.3234800 0.8089293
vt 0.3024903 0.1790099
vt 0.8141498 0.4705415
vt 0.3244110 0.7786388
vt 0.0590183 0.1235238
vt 0.0594839 0.1235238
vt 0.3043523 0.1790099
vt 0.3258075 0.7637506
vt 0.3048178 0.1944118
vt 0.8164773 0.4238226
vt 0.8174084 0.4238226
vt 0.0646043 0.1389256
vt 0.3304625 0.7637506
vt 0.0650699 0.1389256
vt 0.3309281 0.7637506
vt 0.8211323 0.4530861
vt 0.3313935 0.7637506
vt 0.3318591 0.7940410
vt 0.4783116 0.0588861
vt 0.4741147 0.0771621
vt 0.3113348 0.1944118
vt 0.3327901 0.8243312
vt 0.3118004 0.2093003
vt 0.3159023 0.1786303
vt 0.3159023 0.2090576
vt 0.4968588 0.0772959
vt 0.3109761 0.2887872
vt 0.3114398 0.2887872
vt 0.3114398 0.3192144
vt 0.3221620 0.1942275
vt 0.3174677 0.3038729
vt 0.3174677 0.3192144
vt 0.3277261 0.1786303
vt 0.3332903 0.1786303
vt 0.3234956 0.2887872
vt 0.3337540 0.1942275
vt 0.3239592 0.3238169
vt 0.9559527 0.1739976
vt 0.9587348 0.1729749
vt 0.3276686 0.3238169
vt 0.9596622 0.1591675
vt 0.9605895 0.1453603
vt 0.3397818 0.2090576
vt 0.9619805 0.1591675
vt 0.9619805 0.1729749
vt 0.9647626 0.1591675
vt 0.9656900 0.1591675
vt 0.3355512 0.2887872
vt 0.3355512 0.2979920
vt 0.9675447 0.1591675
vt 0.3360148 0.3238169
vt 0.9274300 0.5402528
vt 0.9274300 0.5711915
vt 0.9684721 0.1453603
vt 0.9278937 0.5706802
vt 0.9292919 0.5989134
vt 0.9320669 0.5711915
vt 0.9731089 0.1453603
vt 0.9327972 0.5987872
vt 0.9334579 0.5402528
vt 0.9754273 0.1729749
vt 0.9772820 0.1453603
vt 0.9777456 0.1729749
vt 0.9371673 0.5711915
vt 0.9376309 0.5878115
vt 0.9380947 0.5711915
vt 0.9390220 0.5706802
vt 0.9394857 0.5878115
vt 0.9437126 0.5986087
vt 0.9443732 0.5985922
vt 0.9453352 0.5986354
vt 0.9455125 0.5986712
vt 0.9457454 0.5402528
vt 0.9457454 0.5553386
vt 0.9462091 0.5711915
vt 0.9471663 0.5990775
vt 0.9485293 0.5991264
vt 0.9489912 0.5711915
vt 0.9489912 0.5990748
vt 0.9489912 0.5991550
vt 0.9489912 0.5992070
vt 0.9517733 0.5706802
vt 0.9522369 0.5402528
vt 0.7184876 0.1140441
vt 0.7188729 0.1391119
vt 0.7188740 0.1391848
vt 0.7188754 0.1392794
vt 0.7198631 0.1392714
vt 0.7212917 0.1392517
vt 0.7220738 0.1392247
vt 0.7245155 0.1140441
vt 0.3439157 0.1786776
vt 0.3443793 0.2091050
vt 0.7280175 0.1393053
vt 0.7296985 0.1391872
vt 0.3728034 0.1787632
vt 0.3728034 0.2091905
vt 0.7310069 0.1186464
vt 0.3504071 0.1786776
vt 0.3751219 0.1787632
vt 0.3776721 0.2091905
vt 0.7349482 0.1186464
vt 0.3538847 0.1942749
vt 0.3827726 0.1787632
vt 0.3836999 0.1787632
vt 0.7432944 0.1186464
vt 0.7432944 0.1386278
vt 0.7432944 0.1386676
vt 0.7432944 0.1386813
vt 0.3626947 0.1786776
vt 0.3883368 0.1787632
vt 0.3925098 0.1787632
vt 0.3925098 0.2091905
vt 0.3687225 0.1786776
vt 0.3687225 0.2091050
vt 0.3957556 0.1941048
vt 0.7782183 0.6048039
vt 0.7782183 0.6371479
vt 0.7782183 0.6674383
vt 0.7796148 0.6371479
vt 0.7810113 0.6048039
vt 0.7828733 0.6371479
vt 0.7847354 0.6674383
vt 0.7852008 0.6068574
vt 0.7852008 0.6371479
vt 0.7852008 0.6674383
vt 0.7870629 0.6048039
vt 0.7870629 0.6068574
vt 0.7875284 0.6371479
vt 0.7889249 0.6371479
vt 0.7903214 0.6674383
vt 0.7907869 0.6068574
vt 0.7907869 0.6371479
vt 0.7907869 0.6674383
vt 0.7912524 0.6068574
vt 0.7912524 0.6371479
vt 0.7912524 0.6674383
vt 0.7917180 0.6083976
vt 0.7917180 0.6371479
vt 0.7917180 0.6674383
vt 0.7931145 0.6371479
vt 0.7945109 0.6674383
vt 0.7987005 0.6371479
vt 0.8024246 0.6083976
vt 0.8047521 0.6371479
vt 0.8070796 0.6674383
vt 0.8075451 0.6089111
vt 0.8075451 0.6371479
vt 0.8075451 0.6653846
vt 0.8131312 0.6371479
vt 0.8177863 0.6371479
vt 0.8182517 0.6674383
vt 0.8247688 0.6089111
vt 0.4688891 0.0369067
vt 0.4688891 0.0528219
vt 0.8261653 0.6371479
vt 0.8275618 0.6653846
vt 0.2072251 0.4221625
vt 0.2072251 0.4462921
vt 0.2072251 0.4699084
vt 0.4826216 0.0374200
vt 0.2190954 0.4462921
vt 0.4830871 0.0374200
vt 0.4830871 0.0523086
vt 0.2200265 0.4221625
vt 0.2256126 0.4462921
vt 0.2311986 0.4221625
vt 0.2311986 0.4462921
vt 0.2311986 0.4704218
vt 0.1155261 0.0111543
vt 0.2316641 0.4704218
vt 0.2321296 0.4231893
vt 0.2321296 0.4416716
vt 0.2321296 0.4606672
vt 0.2405087 0.4416716
vt 0.2433018 0.4704218
vt 0.2465603 0.4462921
vt 0.1327497 0.0091006
vt 0.2498188 0.4226760
vt 0.2498188 0.4462921
vt 0.2498188 0.4704218
vt 0.7978590 0.3963870
vt 0.7978590 0.4164095
vt 0.7983245 0.3768779
vt 0.7983245 0.3969004
vt 0.1369393 0.0091006
vt 0.8071690 0.3902262
vt 0.8108931 0.3902262
vt 0.8118241 0.3969004
vt 0.8122896 0.3768779
vt 0.8122896 0.4164095
vt 0.8127551 0.3866325
vt 0.8127551 0.4128157
vt 0.1495079 0.0070471
vt 0.8146172 0.4128157
vt 0.8150826 0.4164095
vt 0.8155481 0.3866325
vt 0.1583525 0.0065338
vt 0.8234617 0.4025478
vt 0.8234617 0.4040879
vt 0.8239273 0.3984406
vt 0.8239273 0.4087085
vt 0.3798974 0.0363098
vt 0.3798974 0.0526096
vt 0.0678638 0.5676914
vt 0.0678638 0.5980120
vt 0.0683221 0.5373708
vt 0.0687802 0.5373708
vt 0.6816699 0.1741255
vt 0.3999535 0.1792695
vt 0.3999535 0.1941873
vt 0.3999535 0.2091049
vt 0.1093751 0.0306070
vt 0.2409050 0.4781378
vt 0.2409050 0.5069444
vt 0.2409050 0.5315918
vt 0.2409050 0.5316182
vt 0.2409050 0.5317929
vt 0.2409050 0.5318723
vt 0.8243938 0.2512861
vt 0.8243938 0.2528292
vt 0.2590953 0.1067386
vt 0.2412882 0.5318771
vt 0.6821363 0.1442902
vt 0.8248601 0.2528292
vt 0.8248601 0.2826645
vt 0.2598045 0.0836604
vt 0.8253265 0.2826645
vt 0.0701548 0.5676914
vt 0.2606834 0.0834967
vt 0.2427705 0.5069444
vt 0.2610325 0.0833918
vt 0.2611329 0.0833131
vt 0.2620828 0.0832793
vt 0.2440056 0.5312555
vt 0.0719876 0.5980120
vt 0.2441697 0.4781378
vt 0.2446363 0.4781378
vt 0.2628266 0.1067386
vt 0.0729040 0.5676914
vt 0.8285915 0.2528292
vt 0.2632930 0.1067386
vt 0.8290579 0.2826645
vt 0.8304570 0.2528292
vt 0.2479010 0.5223766
vt 0.4074161 0.1941873
vt 0.1168378 0.0167182
vt 0.6895990 0.1592077
vt 0.8323228 0.2512861
vt 0.2674907 0.1067386
vt 0.0781734 0.5970013
vt 0.0795480 0.5676914
vt 0.4070656 0.5325801
vt 0.0813808 0.5373708
vt 0.4074161 0.5090019
vt 0.4274720 0.1941872
vt 0.4083488 0.4781379
vt 0.0827554 0.5676914
vt 0.2548973 0.5074588
vt 0.2550849 0.5286316
vt 0.0832136 0.5676914
vt 0.1238339 0.0167182
vt 0.1238339 0.0306070
vt 0.8388525 0.2672326
vt 0.4093736 0.5326153
vt 0.4148788 0.2091049
vt 0.0841301 0.5990227
vt 0.6970616 0.1442902
vt 0.6970616 0.1592077
vt 0.6970616 0.1741255
vt 0.4153452 0.1787552
vt 0.1252333 0.0167182
vt 0.1256996 0.0167182
vt 0.2572295 0.4771091
vt 0.2758318 0.0824863
vt 0.1261660 0.0167182
vt 0.2758862 0.1067386
vt 0.0859628 0.5676914
vt 0.0859628 0.5990227
vt 0.0864210 0.5373708
vt 0.2768190 0.1067386
vt 0.0868792 0.5378760
vt 0.0868792 0.5687021
vt 0.0868792 0.5990227
vt 0.2774002 0.0825286
vt 0.2775726 0.0826387
vt 0.2775764 0.0825191
vt 0.2775780 0.0824648
vt 0.4479945 0.2091049
vt 0.4484609 0.1787552
vt 0.2609608 0.5074588
vt 0.8444496 0.2512861
vt 0.0893993 0.5378760
vt 0.2618706 0.5271871
vt 0.0898576 0.5414134
vt 0.4358675 0.2091050
vt 0.4167443 0.5090019
vt 0.0907740 0.5687021
vt 0.1317632 0.0167182
vt 0.4372669 0.1787553
vt 0.1322296 0.0167182
vt 0.2637594 0.5074588
vt 0.0916904 0.5687021
vt 0.2638903 0.5265215
vt 0.4232743 0.1941873
vt 0.1326959 0.0167182
vt 0.8477146 0.2821501
vt 0.2649270 0.5264532
vt 0.8486474 0.2523148
vt 0.4391324 0.1787553
vt 0.0939814 0.5990227
vt 0.8495801 0.2523148
vt 0.0953560 0.5687021
vt 0.4554572 0.1787552
vt 0.2678577 0.5265078
vt 0.0958142 0.5378760
vt 0.0962724 0.5378760
vt 0.7474347 0.1386316
vt 0.3999534 0.2919240
vt 0.4229768 0.5315320
vt 0.4433301 0.1787553
vt 0.1382928 0.0306070
vt 0.4437965 0.1787553
vt 0.4437965 0.2091050
vt 0.0985634 0.5687021
vt 0.7497325 0.1137123
vt 0.4022856 0.3222736
vt 0.1392259 0.0300926
vt 0.0747715 0.3407992
vt 0.4027519 0.3078705
vt 0.2712221 0.4920266
vt 0.4591885 0.1787552
vt 0.4251400 0.5090019
vt 0.4251400 0.5313925
vt 0.4251400 0.5314651
vt 0.4251400 0.5315234
vt 0.1401586 0.0300926
vt 0.4596549 0.1787552
vt 0.4256064 0.4781379
vt 0.7508063 0.1136986
vt 0.0756952 0.3438555
vt 0.4041511 0.3078705
vt 0.7520910 0.1138431
vt 0.7325093 0.0954219
vt 0.4046175 0.3078705
vt 0.8565764 0.2826645
vt 0.7525456 0.1140840
vt 0.4050839 0.3078705
vt 0.8570428 0.2667182
vt 0.8575092 0.2667182
vt 0.4619868 0.2091049
vt 0.1019999 0.5990227
vt 0.7534982 0.1391462
vt 0.4624535 0.2091049
vt 0.1024582 0.5687021
vt 0.2748651 0.5283460
vt 0.1033746 0.5687021
vt 0.4074161 0.3227880
vt 0.4638526 0.1787552
vt 0.1038327 0.5378760
vt 0.0796210 0.3609193
vt 0.7367070 0.1062242
vt 0.2772854 0.4771091
vt 0.1052073 0.5990227
vt 0.0810065 0.3675412
vt 0.4708488 0.1787552
vt 0.4708488 0.2091049
vt 0.2777518 0.5223766
vt 0.8612406 0.2523148
vt 0.4657182 0.1787552
vt 0.4713154 0.1787552
vt 0.8617072 0.2523148
vt 0.4661848 0.2091049
vt 0.4102146 0.3233024
vt 0.4666512 0.1787552
vt 0.4106810 0.3233024
vt 0.1074984 0.5687021
vt 0.4120802 0.2934671
vt 0.8640391 0.2826645
vt 0.4741137 0.1787552
vt 0.7600279 0.1376028
vt 0.1093311 0.5383815
vt 0.8649719 0.2523148
vt 0.2819497 0.4771091
vt 0.8654385 0.2816358
vt 0.7418378 0.0851337
vt 0.7618848 0.1154865
vt 0.7618870 0.1154604
vt 0.7423041 0.0851337
vt 0.4764459 0.1787552
vt 0.6206088 0.0196185
vt 0.1116222 0.5687021
vt 0.1120804 0.5687021
vt 0.4773787 0.2091049
vt 0.2847481 0.5074588
vt 0.6223009 0.0201080
vt 0.4167443 0.3238168
vt 0.2856244 0.5313585
vt 0.0893199 0.3387617
vt 0.4176773 0.3238168
vt 0.1141424 0.5990227
vt 0.0902436 0.3438555
vt 0.6238340 0.0295781
vt 0.1146005 0.5990227
vt 0.3696362 0.2523149
vt 0.3696362 0.2826646
vt 0.1150588 0.5404029
vt 0.1150588 0.5687021
vt 0.5090951 0.2091049
vt 0.6005916 0.3298931
vt 0.6005916 0.3602137
vt 0.5095615 0.1787552
vt 0.7479010 0.0871914
vt 0.4815764 0.1787552
vt 0.4200093 0.3217593
vt 0.4820428 0.2091049
vt 0.2894124 0.4920266
vt 0.8729012 0.2821501
vt 0.2901653 0.5326370
vt 0.4834422 0.1787552
vt 0.4839086 0.1787552
vt 0.7506996 0.1067386
vt 0.8747668 0.2662036
vt 0.6289645 0.0306069
vt 0.8752332 0.2662036
vt 0.4857741 0.2091049
vt 0.3756997 0.2523149
vt 0.8766326 0.2662036
vt 0.6065482 0.3298931
vt 0.4867072 0.1787552
vt 0.2938157 0.5325610
vt 0.4876399 0.1787552
vt 0.4876399 0.2091049
vt 0.4881063 0.1787552
vt 0.4881063 0.2091049
vt 0.4885727 0.1787552
vt 0.5170242 0.1787552
vt 0.8794309 0.2518004
vt 0.7558301 0.0897633
vt 0.8798973 0.2662036
vt 0.1004045 0.3283197
vt 0.2968751 0.5074588
vt 0.8803639 0.2811214
vt 0.6345051 0.0224594
vt 0.2973415 0.4771091
vt 0.0566698 0.0820472
vt 0.0566698 0.1067470
vt 0.0566698 0.1067718
vt 0.2530317 0.0177469
vt 0.2530317 0.0303049
vt 0.2530317 0.0304234
vt 0.2987407 0.5223766
vt 0.6118176 0.3298931
vt 0.3817630 0.2826646
vt 0.5557369 0.2091050
vt 0.5207556 0.1787552
vt 0.3822294 0.2502572
vt 0.4312033 0.3227880
vt 0.5562033 0.1787551
vt 0.6127340 0.3602137
vt 0.6131921 0.3602137
vt 0.8840953 0.2826645
vt 0.6136503 0.3602137
vt 0.4941699 0.2091049
vt 0.6141086 0.3298931
vt 0.1047921 0.3469117
vt 0.6145667 0.3298931
vt 0.0601317 0.1066700
vt 0.4335355 0.2960392
vt 0.4340019 0.2893518
vt 0.4344682 0.3238168
vt 0.5244869 0.2091049
vt 0.9065462 0.0598444
vt 0.4546215 0.2893609
vt 0.4546487 0.2905607
vt 0.8873600 0.2656892
vt 0.1080250 0.3604100
vt 0.5613340 0.1787551
vt 0.8882930 0.2821501
vt 0.5618004 0.1787551
vt 0.4566136 0.3049188
vt 0.4372668 0.2893518
vt 0.5622668 0.1936729
vt 0.8892258 0.2806070
vt 0.4569831 0.3081398
vt 0.4993004 0.1787552
vt 0.4377332 0.2893518
vt 0.6196070 0.3298931
vt 0.4997667 0.2091049
vt 0.5282182 0.1787552
vt 0.4584889 0.3224622
vt 0.4586401 0.3235712
vt 0.4586417 0.3235709
vt 0.4586501 0.3235697
vt 0.4586980 0.3235624
vt 0.4391324 0.3197015
vt 0.0659980 0.0969650
vt 0.4395990 0.2893518
vt 0.4395990 0.3197015
vt 0.6218981 0.3675412
vt 0.6223562 0.3675412
vt 0.5025653 0.2091049
vt 0.8551773 0.0213477
vt 0.8929571 0.2821501
vt 0.8938899 0.2512861
vt 0.5324160 0.1787552
vt 0.5044309 0.1787552
vt 0.5328824 0.1787552
vt 0.5328824 0.2091049
vt 0.6854010 0.2507715
vt 0.5048975 0.1787552
vt 0.5048975 0.2091049
vt 0.2665579 0.0177469
vt 0.5683303 0.1787551
vt 0.5683303 0.2091050
vt 0.5333490 0.2091049
vt 0.6858676 0.2826646
vt 0.4633579 0.2893609
vt 0.9428639 0.0748458
vt 0.8957557 0.2806070
vt 0.5338154 0.1787552
vt 0.6863340 0.2507715
vt 0.6253345 0.3303984
vt 0.6257927 0.3303984
vt 0.4447295 0.2893518
vt 0.5726128 0.1788226
vt 0.5726128 0.2091431
vt 0.6038628 0.1787844
vt 0.6038628 0.2091050
vt 0.0720398 0.1064841
vt 0.6043211 0.1787844
vt 0.6881996 0.2507715
vt 0.6881996 0.2826646
vt 0.4470617 0.2893518
vt 0.5749039 0.1788226
vt 0.5375467 0.1787552
vt 0.5380131 0.1787552
vt 0.9204018 0.0774177
vt 0.5762785 0.1788226
vt 0.0757929 0.0820472
vt 0.0757929 0.1065061
vt 0.5767367 0.2091431
vt 0.4493936 0.3202162
vt 0.6089031 0.1787844
vt 0.4498600 0.2893518
vt 0.4498600 0.3202162
vt 0.4503264 0.2893518
vt 0.5403450 0.2091049
vt 0.6928637 0.2507715
vt 0.0888527 0.0110597
vt 0.5408117 0.2091049
vt 0.6933303 0.2507715
vt 0.8651323 0.0292527
vt 0.9503266 0.0599280
vt 0.5794859 0.1788226
vt 0.5422108 0.1787552
vt 0.0793561 0.1065026
vt 0.8668377 0.0306069
vt 0.6125687 0.2091050
vt 0.6965950 0.2816358
vt 0.6970617 0.2507715
vt 0.6139433 0.1787844
vt 0.6144016 0.1787844
vt 0.3085355 0.0722736
vt 0.5847553 0.1788226
vt 0.6169217 0.1787844
vt 0.6169217 0.2091050
vt 0.0851214 0.0969650
vt 0.4779064 0.2959827
vt 0.5865881 0.1788226
vt 0.5865881 0.2091431
vt 0.9582556 0.0748458
vt 0.5492071 0.2091049
vt 0.0977146 0.0038580
vt 0.0869869 0.0820472
vt 0.0874533 0.0820472
vt 0.5506063 0.1787552
vt 0.4802156 0.3135560
vt 0.5510727 0.2091049
vt 0.5515391 0.1787552
vt 0.7040577 0.2507715
vt 0.7040577 0.2816358
vt 0.4811393 0.3201778
vt 0.5907119 0.1788226
vt 0.5907119 0.2091431
vt 0.6219619 0.1787844
vt 0.5911701 0.2091431
vt 0.7660914 0.1139404
vt 0.7660914 0.1388596
vt 0.0909741 0.1066474
vt 0.9633861 0.0604423
vt 0.5925447 0.1788226
vt 0.7671588 0.1389476
vt 0.0930505 0.1067070
vt 0.0931322 0.1066822
vt 0.9386450 0.0598444
vt 0.0935108 0.1066822
vt 0.3201959 0.0583849
vt 0.0944496 0.0907923
vt 0.0947914 0.1066238
vt 0.3206623 0.0583849
vt 0.2371735 0.2142491
vt 0.2371735 0.2451131
vt 0.6274603 0.2091050
vt 0.3211287 0.0583849
vt 0.2376399 0.2142491
vt 0.5966685 0.1788226
vt 0.6279185 0.1787844
vt 0.6286059 0.2091050
vt 0.7721549 0.1139404
vt 0.2390393 0.2451131
vt 0.6295223 0.1787844
vt 0.0977970 0.1067234
vt 0.9703824 0.0748458
vt 0.3864272 0.2800927
vt 0.5996469 0.2091431
vt 0.6308969 0.2091050
vt 0.2418376 0.2142491
vt 0.6229010 0.5316358
vt 0.6233676 0.5023149
vt 0.6322714 0.1787844
vt 0.6322714 0.2091050
vt 0.6237181 0.4810559
vt 0.3267258 0.0748458
vt 0.6245166 0.4809241
vt 0.3271922 0.0594136
vt 0.3271922 0.0748458
vt 0.7769972 0.1381782
vt 0.3896921 0.2502571
vt 0.3276586 0.0594136
vt 0.7777518 0.1139404
vt 0.3281250 0.0594136
vt 0.7781239 0.1381561
vt 0.6354788 0.2091050
vt 0.6266324 0.5023149
vt 0.7786925 0.1381177
vt 0.6519332 0.1787894
vt 0.6519332 0.2090968
vt 0.3295244 0.0594136
vt 0.7791765 0.1380548
vt 0.6523950 0.1787894
vt 0.9764460 0.0604423
vt 0.6528569 0.2090968
vt 0.3924907 0.2502571
vt 0.7805504 0.1139404
vt 0.6287607 0.4807978
vt 0.6294309 0.4808012
vt 0.6294309 0.5023149
vt 0.6294309 0.5326646
vt 0.6547043 0.2090968
vt 0.6386864 0.1787844
vt 0.6391445 0.1787844
vt 0.2493003 0.2142491
vt 0.7828826 0.1139404
vt 0.7828826 0.1383890
vt 0.7828826 0.1384092
vt 0.7828826 0.1384175
vt 0.7828826 0.1384693
vt 0.1079758 0.0866771
vt 0.1079758 0.1066040
vt 0.1079758 0.1066300
vt 0.1079758 0.1066376
vt 0.6405191 0.2091050
vt 0.6672108 0.1941872
vt 0.3976212 0.2507715
vt 0.3976212 0.2667180
vt 0.2007929 0.6057098
vt 0.2012593 0.6360597
vt 0.6425810 0.2091050
vt 0.2017256 0.6057098
vt 0.2530316 0.2142491
vt 0.9834423 0.0774176
vt 0.6695430 0.1787551
vt 0.3990206 0.2667180
vt 0.3369870 0.0604423
vt 0.2021923 0.6046810
vt 0.2021923 0.6370885
vt 0.2021923 0.6674382
vt 0.3994870 0.2667180
vt 0.2539646 0.2440844
vt 0.6704758 0.1787551
vt 0.3379198 0.0594136
vt 0.2035914 0.6370885
vt 0.3393190 0.0769032
vt 0.2045242 0.6674382
vt 0.6620939 0.1940705
vt 0.3397854 0.0769032
vt 0.2049906 0.6067388
vt 0.2049906 0.6674382
vt 0.6728077 0.2091050
vt 0.2054570 0.6370885
vt 0.6630176 0.1940705
vt 0.6467049 0.2091050
vt 0.2059236 0.6067388
vt 0.6476213 0.1787844
vt 0.3411848 0.0594136
vt 0.2063900 0.6370885
vt 0.2063900 0.6674382
vt 0.2068564 0.6067388
vt 0.2068564 0.6334876
vt 0.2068564 0.6597223
vt 0.2073228 0.6334876
vt 0.6751399 0.1941872
vt 0.6751399 0.2091050
vt 0.3430503 0.0774176
vt 0.2082556 0.6067388
vt 0.2082556 0.6329732
vt 0.2082556 0.6597223
vt 0.9904383 0.0676440
vt 0.6765391 0.1941872
vt 0.4060167 0.2826646
vt 0.3439831 0.0748458
vt 0.2604943 0.2142491
vt 0.2604943 0.2440844
vt 0.2096550 0.6067388
vt 0.2096550 0.6370885
vt 0.2096550 0.6613903
vt 0.2101299 0.6612570
vt 0.2105063 0.6612827
vt 0.2113716 0.6612326
vt 0.2119869 0.6370885
vt 0.2138527 0.6370885
vt 0.2143191 0.6067388
vt 0.2171176 0.6067388
vt 0.2176799 0.6611989
vt 0.2176811 0.6611221
vt 0.2176837 0.6609531
vt 0.2176841 0.6609275
vt 0.2180504 0.6036523
vt 0.2180504 0.6370885
vt 0.2185168 0.6674382
vt 0.2189832 0.6370885
vt 0.2193775 0.6109951
vt 0.2193779 0.6109693
vt 0.2193787 0.6109155
vt 0.2193789 0.6109012
vt 0.2217519 0.6111439
vt 0.2264459 0.6525206
vt 0.2269123 0.6221707
vt 0.9801772 0.0866771
vt 0.9839085 0.1067386
vt 0.2325094 0.6221707
vt 0.2339086 0.6674382
vt 0.2343750 0.6370885
vt 0.2348413 0.6067388
vt 0.2348413 0.6370885
vt 0.2348413 0.6674382
vt 0.2371735 0.6370885
vt 0.2399721 0.6067388
vt 0.2413713 0.6370885
vt 0.2423040 0.6077675
vt 0.2423040 0.6674382
vt 0.2427704 0.6376028
vt 0.9965019 0.0866771
vt 0.2469684 0.6674382
vt 0.2488339 0.6520063
vt 0.2497667 0.6520063
vt 0.2520989 0.6221707
vt 0.2525653 0.6520063
vt 0.2576958 0.6674382
vt 0.2614271 0.6072531
vt 0.2618938 0.6370885
vt 0.2623601 0.6674382
vt 0.5604011 0.4338993
vt 0.5604011 0.4390433
vt 0.5631996 0.4596194
vt 0.5650652 0.4338993
vt 0.5669310 0.4333847
vt 0.5673974 0.4328703
vt 0.5683301 0.4503602
vt 0.5683301 0.4524177
vt 0.5720615 0.4467593
vt 0.5720615 0.4472737
vt 0.5743937 0.4230967
vt 0.0156250 0.0033435
vt 0.0156250 0.0110596
vt 0.5757928 0.4704217
vt 0.0020990 0.0357511
vt 0.0204075 0.0033435
vt 0.5860541 0.4560185
vt 0.5916512 0.4246398
vt 0.0184235 0.0357511
vt 0.5935168 0.4452160
vt 0.5935168 0.4457303
vt 0.5939832 0.4452160
vt 0.8584421 0.2903806
vt 0.4853078 0.2893518
vt 0.4853078 0.3217593
vt 0.8593751 0.3068415
vt 0.4867072 0.3217593
vt 0.8603079 0.2919240
vt 0.8607743 0.2919240
vt 0.8617070 0.3073559
vt 0.0249534 0.0527264
vt 0.4918377 0.2893518
vt 0.8659048 0.3078703
vt 0.8659048 0.3227880
vt 0.4927704 0.2893518
vt 0.8663712 0.3078703
vt 0.8663712 0.3227880
vt 0.8668378 0.2924384
vt 0.8677706 0.2924384
vt 0.8701025 0.2903806
vt 0.4974348 0.3238168
vt 0.4983676 0.2893518
vt 0.3976213 0.7415124
vt 0.8719683 0.3068415
vt 0.8719683 0.3238168
vt 0.3985450 0.7071299
vt 0.0352144 0.0352367
vt 0.8738339 0.3238168
vt 0.3999305 0.6745302
vt 0.4022398 0.7071299
vt 0.4045491 0.7384562
vt 0.4050110 0.7071299
vt 0.4063965 0.7071299
vt 0.4098604 0.7374374
vt 0.4103223 0.7394749
vt 0.4126315 0.6745302
vt 0.4126315 0.7071299
vt 0.4126315 0.7394749
vt 0.4130934 0.7096767
vt 0.4130934 0.7399843
vt 0.4135552 0.6788598
vt 0.4190974 0.7096767
vt 0.4204831 0.6760583
vt 0.4227924 0.7096767
vt 0.4246398 0.7096767
vt 0.4251016 0.7399843
vt 0.4287964 0.6760583
vt 0.4287964 0.7096767
vt 0.4287964 0.7415124
vt 0.4292583 0.6788598
vt 0.4292583 0.7112048
vt 0.4292583 0.7415124
vt 0.4306438 0.7112048
vt 0.4320294 0.7415124
vt 0.4324912 0.7112048
vt 0.4331840 0.6839536
vt 0.4336459 0.6824255
vt 0.4336459 0.7112048
vt 0.4336459 0.7415124
vt 0.4354933 0.7112048
vt 0.4378026 0.7415124
vt 0.4387263 0.7112048
vt 0.4401119 0.6793692
vt 0.4405737 0.6808973
vt 0.4410356 0.6808973
vt 0.4410356 0.7112048
vt 0.4410356 0.7415124
vt 0.4479633 0.7112048
vt 0.4493489 0.6808973
vt 0.4521200 0.7112048
vt 0.4544294 0.7410030
vt 0.4548912 0.7410030
vt 0.4569696 0.7112048
vt 0.4643592 0.7112048
vt 0.4643592 0.7410030
vt 0.4648210 0.6808973
vt 0.2647232 0.2440945
vt 0.2656469 0.2142963
vt 0.2744221 0.2446038
vt 0.2748840 0.2446038
vt 0.2806571 0.2148056
vt 0.2811190 0.2148056
vt 0.2825045 0.2451132
vt 0.2866613 0.2451132
vt 0.2880469 0.2451132
vt 0.2889706 0.2153150
vt 0.2894324 0.2148056
vt 0.2908180 0.2451132
vt 0.2922035 0.2451132
vt 0.2935891 0.2148056
vt 0.2963602 0.2188806
vt 0.2982076 0.2420570
vt 0.3053664 0.2204088
vt 0.3058282 0.2204088
vt 0.3113704 0.2204088
vt 0.3127560 0.2420570
vt 0.3132179 0.2420570
vt 0.3141416 0.2204088
vt 0.3150653 0.2204088
vt 0.3150653 0.2420570
vt 0.8999533 0.2644400
vt 0.8999533 0.2824090
vt 0.3715019 0.4530790
vt 0.4927705 0.7024941
vt 0.4927705 0.7338114
vt 0.4927705 0.7409989
vt 0.6807369 0.1786194
vt 0.6807369 0.2089095
vt 0.7091884 0.2088493
vt 0.6499533 0.7560495
vt 0.7516324 0.1786194
vt 0.7978078 0.1811258
vt 0.7978078 0.2088493
vt 0.1728078 0.0529255
vt 0.8780317 0.2910923
vt 0.8780317 0.2962263
vt 0.8780317 0.3239496
vt 0.8561101 0.7570764
vt 0.8561101 0.7904470
vt 0.8561101 0.8233045
vt 0.8533116 0.1786534
vt 0.4041511 0.4527106
vt 0.8798974 0.1790099
vt 0.2665578 0.6037771
vt 0.2665578 0.6371480
vt 0.2665578 0.6674382
vt 0.2940765 0.0830147
vt 0.2940765 0.0989301
vt 0.2940765 0.1066309
vt 0.1019123 0.0042214
vt 0.1019123 0.0047347
vt 0.1019123 0.0108956
vt 0.5468750 0.1347058
vt 0.2502332 0.3593269
vt 0.6504189 0.7914739
vt 0.7520980 0.2089095
vt 0.8537771 0.2089438
vt 0.5476808 0.1367155
vt 0.4946326 0.6855520
vt 0.2684199 0.6371480
vt 0.3738294 0.4227886
vt 0.9027464 0.2644400
vt 0.5499851 0.1368650
vt 0.5501335 0.1131431
vt 0.8836214 0.2093003
vt 0.2702819 0.6037771
vt 0.2539573 0.3295498
vt 0.3761569 0.4705347
vt 0.6546084 0.8243312
vt 0.8579666 0.2089438
vt 0.4092717 0.4224201
vt 0.8850180 0.1790099
vt 0.4983565 0.7066014
vt 0.9060049 0.2824090
vt 0.6867885 0.1935077
vt 0.8043250 0.1811258
vt 0.8845488 0.3239496
vt 0.5533921 0.1285450
vt 0.2735404 0.6371480
vt 0.4115992 0.4701662
vt 0.1807214 0.0359834
vt 0.8612251 0.1786534
vt 0.2744714 0.6212325
vt 0.3952727 0.0184807
vt 0.6583324 0.7740185
vt 0.6028279 0.6623445
vt 0.7609425 0.1786194
vt 0.8626216 0.2089438
vt 0.2758679 0.6520363
vt 0.5025461 0.7199498
vt 0.6597290 0.7560495
vt 0.8658857 0.7904470
vt 0.6037588 0.6341079
vt 0.7870611 0.1150164
vt 0.5030116 0.6891460
vt 0.5030116 0.6958199
vt 0.6601944 0.8068758
vt 0.6601944 0.8094429
vt 0.7618735 0.1935077
vt 0.8635526 0.2089438
vt 0.6042243 0.6043307
vt 0.5034771 0.6958199
vt 0.5034771 0.7409989
vt 0.6606600 0.7740185
vt 0.2609398 0.3459786
vt 0.5039427 0.6958199
vt 0.7203606 0.1934475
vt 0.3989987 0.5385636
vt 0.3989987 0.5693674
vt 0.3989987 0.5991445
vt 0.7208260 0.1934475
vt 0.8677477 0.7904470
vt 0.7889230 0.1391460
vt 0.6928401 0.1786194
vt 0.7212916 0.1934475
vt 0.4162543 0.4393622
vt 0.8103764 0.1811258
vt 0.8906003 0.3239496
vt 0.5594436 0.1131431
vt 0.8929315 0.2093003
vt 0.5603569 0.1377035
vt 0.9134530 0.2675205
vt 0.3850016 0.4238155
vt 0.8113075 0.2088493
vt 0.6074829 0.6341079
vt 0.8938625 0.1790099
vt 0.6643840 0.7637506
vt 0.7394773 0.0109076
vt 0.0020697 0.5148346
vt 0.5081322 0.7409989
vt 0.7245501 0.1785589
vt 0.8933934 0.3075211
vt 0.8686732 0.2089438
vt 0.6657806 0.7889070
vt 0.6657806 0.8094429
vt 0.8691388 0.2089438
vt 0.8957246 0.1790099
vt 0.8957246 0.2093003
vt 0.5095287 0.6752841
vt 0.6107414 0.6043307
vt 0.6107414 0.6341079
vt 0.6107414 0.6643983
vt 0.6671771 0.7935274
vt 0.6671771 0.8243312
vt 0.8952555 0.2910923
vt 0.2674570 0.3618938
vt 0.5642637 0.1380872
vt 0.6116724 0.6068978
vt 0.6116724 0.6371880
vt 0.6988917 0.1935077
vt 0.8714663 0.1786534
vt 0.6121379 0.6674785
vt 0.5113907 0.7066014
vt 0.8719317 0.1786534
vt 0.5658691 0.1381705
vt 0.5118562 0.7066014
vt 0.5118562 0.7379185
vt 0.7282741 0.1785589
vt 0.1918936 0.0503587
vt 0.8751958 0.8207374
vt 0.5660512 0.1382252
vt 0.5123218 0.7066014
vt 0.4073778 0.5991445
vt 0.1923591 0.0503587
vt 0.4237024 0.4255005
vt 0.0067248 0.4840309
vt 0.6699701 0.8233045
vt 0.7716492 0.1786194
vt 0.8761268 0.8243312
vt 0.4241678 0.4255005
vt 0.4241678 0.4568179
vt 0.8227554 0.0206931
vt 0.3919841 0.4243288
vt 0.6704356 0.8233045
vt 0.5673573 0.1131431
vt 0.9209010 0.2516050
vt 0.6709010 0.8243312
vt 0.8742593 0.2089438
vt 0.2711809 0.3321169
vt 0.9213666 0.2824090
vt 0.8192211 0.1785589
vt 0.8994450 0.3213828
vt 0.8747248 0.1786534
vt 0.5682882 0.1131431
vt 0.5682882 0.1382889
vt 0.2716464 0.3321169
vt 0.6718321 0.7606701
vt 0.7735113 0.1786194
vt 0.7735113 0.2089095
vt 0.8999105 0.2910923
vt 0.3938461 0.4551325
vt 0.7315327 0.2088493
vt 0.8756558 0.2089438
vt 0.3943116 0.4551325
vt 0.6167930 0.6525902
vt 0.4101689 0.0184807
vt 0.3947771 0.4248424
vt 0.7324636 0.2088493
vt 0.7749077 0.2089095
vt 0.4274263 0.4414160
vt 0.3173517 0.1030372
vt 0.3173517 0.1066309
vt 0.8215486 0.1785589
vt 0.9017725 0.3213828
vt 0.8798508 0.8243312
vt 0.4278919 0.4414160
vt 0.7049433 0.1786194
vt 0.7049433 0.2089095
vt 0.6741597 0.7550228
vt 0.8803164 0.7570764
vt 0.8803164 0.7904470
vt 0.8266783 0.0306774
vt 0.6046624 0.1127858
vt 0.6046624 0.1389689
vt 0.8807818 0.8243312
vt 0.6186550 0.6525902
vt 0.8019572 0.1237441
vt 0.8229451 0.2088493
vt 0.8812474 0.7909606
vt 0.5721319 0.1384869
vt 0.6755561 0.8073891
vt 0.5188388 0.6922262
vt 0.6760216 0.8073891
vt 0.8821784 0.7586166
vt 0.7357223 0.1785589
vt 0.4143603 0.5842559
vt 0.4311504 0.4578445
vt 0.5202353 0.7415122
vt 0.5449555 0.0900080
vt 0.3192092 0.2141151
vt 0.0020450 0.2140536
vt 0.8047503 0.1391460
vt 0.3215413 0.0840416
vt 0.3215413 0.0850682
vt 0.3215413 0.0932826
vt 0.3215413 0.1030372
vt 0.5207008 0.7235435
vt 0.2781635 0.3485454
vt 0.3998977 0.4407576
vt 0.5211663 0.7235435
vt 0.8845059 0.7909606
vt 0.3201402 0.2449188
vt 0.0029760 0.2448576
vt 0.2786290 0.3485454
vt 0.9288147 0.2670071
vt 0.5216319 0.7235435
vt 0.4166879 0.5385636
vt 0.4166879 0.5539655
vt 0.6228446 0.6222997
vt 0.6228446 0.6525902
vt 0.4171533 0.5539655
vt 0.0165003 0.4845442
vt 0.5472830 0.1059232
vt 0.5472830 0.1064368
vt 0.6797457 0.7765853
vt 0.8276002 0.1785589
vt 0.9078241 0.3213828
vt 0.2800256 0.3331435
vt 0.0174314 0.4860844
vt 0.2804911 0.3331435
vt 0.5486796 0.1023295
vt 0.6811422 0.7919872
vt 0.8872990 0.7586166
vt 0.8872990 0.7909606
vt 0.8872990 0.8212510
vt 0.1121114 0.1069379
vt 0.8877644 0.8243312
vt 0.3233987 0.2141151
vt 0.6256375 0.6674785
vt 0.5785293 0.1285450
vt 0.8344847 0.0231012
vt 0.5211590 0.3990797
vt 0.5211590 0.3995933
vt 0.5211590 0.4165354
vt 0.8882299 0.7925008
vt 0.7842179 0.1786194
vt 0.7842179 0.1940212
vt 0.8886955 0.7606701
vt 0.5258214 0.6783645
vt 0.2058587 0.0488185
vt 0.4204101 0.0308024
vt 0.4213429 0.5688541
vt 0.6139725 0.1256206
vt 0.8998867 0.1789535
vt 0.8998867 0.2092440
vt 0.1144389 0.0884558
vt 0.1144389 0.0889692
vt 0.5234866 0.3877852
vt 0.2851461 0.3644609
vt 0.5281489 0.7096818
vt 0.2860771 0.3644609
vt 0.9362627 0.2510917
vt 0.8924194 0.7925008
vt 0.3280538 0.2141151
vt 0.2865426 0.3644609
vt 0.9367283 0.2818954
vt 0.6867283 0.7760720
vt 0.6867283 0.8063624
vt 0.7114476 0.3554774
vt 0.5262796 0.3759771
vt 0.5300110 0.7399723
vt 0.6871938 0.8063624
vt 0.8350483 0.2088493
vt 0.9152722 0.3054676
vt 0.3289849 0.2141151
vt 0.0244140 0.5189417
vt 0.5304764 0.7415122
vt 0.7468943 0.1785589
vt 0.7468943 0.2088493
vt 0.6876593 0.7591299
vt 0.6876593 0.7945543
vt 0.3294503 0.2444055
vt 0.0122861 0.2289421
vt 0.5850399 0.1391445
vt 0.0020241 0.0308133
vt 0.7473599 0.1785589
vt 0.8154569 0.1196370
vt 0.4255305 0.0184807
vt 0.8280492 0.3766222
vt 0.8280492 0.3976716
vt 0.8280492 0.4161539
vt 0.0262759 0.4876246
vt 0.8163879 0.1319585
vt 0.6895213 0.7545093
vt 0.6895213 0.7796657
vt 0.3313124 0.2444055
vt 0.8168534 0.1365791
vt 0.6899868 0.7796657
vt 0.6899868 0.8243312
vt 0.6340166 0.6068978
vt 0.6340166 0.6371880
vt 0.6340166 0.6674785
vt 0.5579896 0.0843608
vt 0.8966090 0.7606701
vt 0.8966090 0.7925008
vt 0.8966090 0.8227912
vt 0.4399859 0.1068605
vt 0.7520195 0.3675813
vt 0.9068693 0.1789535
vt 0.6909178 0.7791524
vt 0.8970745 0.7637506
vt 0.8970745 0.8222776
vt 0.0281379 0.5328036
vt 0.8392378 0.1785589
vt 0.8392378 0.2088493
vt 0.9194617 0.3208695
vt 0.5884587 0.1392892
vt 0.6918489 0.7601568
vt 0.7935280 0.1786194
vt 0.7935280 0.2089095
vt 0.8191810 0.1381193
vt 0.7165680 0.3672856
vt 0.0062136 0.0159250
vt 0.5351315 0.7112221
vt 0.9423143 0.1786243
vt 0.9423143 0.2089147
vt 0.3341053 0.2141151
vt 0.5892359 0.1131431
vt 0.0066791 0.0159250
vt 0.5355970 0.7112221
vt 0.5603172 0.0900080
vt 0.9427799 0.1786243
vt 0.3345709 0.2141151
vt 0.0304654 0.4753032
vt 0.7683386 0.0109076
vt 0.0076101 0.0159250
vt 0.5365280 0.7112221
vt 0.5365280 0.7415122
vt 0.6237481 0.1256206
vt 0.6237481 0.1389689
vt 0.9437108 0.2089147
vt 0.8415653 0.1785589
vt 0.9217892 0.3208695
vt 0.8998676 0.7919872
vt 0.5617137 0.1069501
vt 0.5374590 0.7112221
vt 0.9227202 0.2905790
vt 0.2949217 0.3654875
vt 0.5918297 0.1392207
vt 0.5379245 0.7112221
vt 0.5379245 0.7415122
vt 0.5626447 0.1048966
vt 0.9231857 0.2905790
vt 0.2953872 0.3654875
vt 0.5346586 0.4072941
vt 0.5346586 0.4078074
vt 0.5383900 0.7112221
vt 0.5383900 0.7415122
vt 0.7571400 0.3429384
vt 0.2958527 0.3351971
vt 0.5388555 0.7112221
vt 0.5388555 0.7415122
vt 0.8438928 0.1785589
vt 0.9241167 0.3208695
vt 0.5393211 0.7117354
vt 0.5393211 0.7415122
vt 0.0337241 0.5045667
vt 0.3406270 0.1066309
vt 0.5397865 0.7117354
vt 0.9031261 0.7616968
vt 0.0341895 0.5045667
vt 0.8243014 0.1381193
vt 0.7216886 0.3426424
vt 0.5402521 0.6814449
vt 0.0220618 0.2135402
vt 0.5407175 0.6783645
vt 0.5407175 0.7107085
vt 0.5407175 0.7404856
vt 0.6979003 0.8233045
vt 0.9040570 0.7616968
vt 0.3396914 0.2141151
vt 0.7226196 0.3672856
vt 0.5374517 0.3959993
vt 0.1288696 0.0822950
vt 0.1288696 0.0828083
vt 0.0229927 0.2443440
vt 0.5379173 0.3959993
vt 0.1293352 0.0822950
vt 0.5421140 0.7107085
vt 0.9152484 0.2092440
vt 0.3410879 0.2141151
vt 0.0369826 0.4896782
vt 0.3000423 0.3357107
vt 0.5430451 0.7404856
vt 0.3420190 0.2438922
vt 0.0374481 0.4896782
vt 0.8401524 0.3766222
vt 0.7006934 0.7627237
vt 0.9287718 0.2905790
vt 0.9068501 0.8084160
vt 0.7622606 0.3552599
vt 0.8490134 0.1785589
vt 0.8490134 0.2088493
vt 0.9292373 0.3208695
vt 0.7016244 0.7930141
vt 0.9516244 0.2089147
vt 0.1936953 0.2495515
vt 0.0019975 0.2870376
vt 0.0019975 0.3111671
vt 0.0019975 0.3240022
vt 0.5696273 0.1038697
vt 0.1941608 0.2649533
vt 0.8294220 0.1196370
vt 0.5990116 0.1285450
vt 0.7268092 0.3549639
vt 0.7025555 0.7930141
vt 0.3028353 0.3362240
vt 0.7030209 0.7575897
vt 0.7030209 0.7930141
vt 0.3033008 0.3362240
vt 0.9096432 0.7781255
vt 0.6004081 0.1131431
vt 0.7039519 0.7545093
vt 0.9101086 0.7781255
vt 0.0183167 0.0308133
vt 0.5719548 0.0843608
vt 0.5719548 0.1038697
vt 0.7044175 0.7539960
vt 0.9105742 0.7781255
vt 0.0416376 0.5215088
vt 0.3046973 0.3521392
vt 0.5477002 0.7107085
vt 0.9548830 0.1971066
vt 0.0421032 0.5215088
vt 0.0192477 0.0308133
vt 0.0425686 0.4907051
vt 0.7669156 0.3306170
vt 0.9119707 0.7781255
vt 0.4101050 0.2659086
vt 0.9222309 0.1789535
vt 0.0434996 0.4871113
vt 0.3065593 0.3367373
vt 0.7314643 0.3303210
vt 0.5500277 0.7255970
vt 0.0444307 0.4753032
vt 0.2100081 0.0359897
vt 0.9138327 0.8243312
vt 0.0323028 0.2284288
vt 0.4572096 0.0852978
vt 0.0019857 0.1438965
vt 0.0019857 0.1741869
vt 0.0668169 0.1436478
vt 0.0668169 0.1739383
vt 0.5532908 0.3775483
vt 0.9142982 0.7545093
vt 0.6806229 0.5388043
vt 0.6806229 0.5685812
vt 0.6806229 0.5988716
vt 0.5766098 0.1048966
vt 0.2011434 0.2813821
vt 0.9152292 0.7545093
vt 0.5488566 0.4155085
vt 0.2018417 0.2813821
vt 0.4140618 0.2505068
vt 0.5493221 0.3759771
vt 0.5493221 0.3959993
vt 0.5493221 0.4155085
vt 0.5493221 0.4160218
vt 0.9261878 0.1789535
vt 0.3105162 0.3675410
vt 0.5535189 0.6809316
vt 0.9168585 0.7940410
vt 0.2134994 0.0529318
vt 0.5567820 0.3929502
vt 0.9177895 0.7935274
vt 0.5982923 0.4299823
vt 0.5982923 0.4705407
vt 0.0707737 0.1739383
vt 0.9182550 0.7935274
vt 0.0367252 0.2284288
vt 0.9625639 0.1847851
vt 0.2195601 0.0578705
vt 0.6850452 0.5685812
vt 0.8524882 0.3858634
vt 0.8524882 0.4161539
vt 0.7130293 0.8222776
vt 0.4173203 0.2669355
vt 0.8529538 0.4043457
vt 0.7134948 0.7770989
vt 0.4177859 0.2669355
vt 0.4177859 0.2823374
vt 0.2162924 0.0524182
vt 0.6001543 0.4294687
vt 0.2060312 0.2813821
vt 0.3142401 0.3382775
vt 0.6006199 0.4423038
vt 0.9303773 0.2092440
vt 0.7144258 0.8073891
vt 0.2064967 0.2495515
vt 0.8254333 0.4659181
vt 0.5577085 0.7112221
vt 0.7148914 0.8073891
vt 0.9210481 0.7940410
vt 0.0092011 0.1741869
vt 0.6015508 0.4505182
vt 0.6878381 0.5839830
vt 0.0096665 0.1438965
vt 0.8491475 0.1348120
vt 0.7158224 0.8073891
vt 0.8319604 0.6048038
vt 0.7773895 0.3552599
vt 0.8431544 0.1139898
vt 0.8493202 0.1369368
vt 0.8494761 0.1385950
vt 0.8494819 0.1385943
vt 0.8495087 0.1385913
vt 0.8495387 0.1385879
vt 0.0166609 0.2870376
vt 0.8436199 0.1252843
vt 0.6029474 0.4566790
vt 0.5619026 0.4073254
vt 0.9327048 0.1938421
vt 0.2088242 0.2495515
vt 0.0171265 0.2870376
vt 0.9229101 0.8094429
vt 0.8440854 0.1340120
vt 0.8282264 0.4366543
vt 0.9233756 0.7637506
vt 0.9233756 0.8094429
vt 0.4215099 0.2828507
vt 0.8333570 0.6371480
vt 0.8445510 0.1365791
vt 0.6897002 0.5388043
vt 0.7419381 0.3549639
vt 0.6038784 0.4695138
vt 0.9238410 0.7647772
vt 0.9238410 0.7940410
vt 0.9238410 0.8243312
vt 0.8450164 0.1370924
vt 0.6043439 0.4695138
vt 0.5632991 0.4073254
vt 0.0427767 0.2135402
vt 0.0427767 0.2438307
vt 0.4676835 0.1053203
vt 0.2209474 0.0359897
vt 0.8580743 0.4161539
vt 0.5637646 0.4073254
vt 0.7186153 0.7550228
vt 0.2106862 0.2495515
vt 0.8534101 0.1739301
vt 0.0432422 0.2145671
vt 0.0432422 0.2448576
vt 0.8347534 0.6048038
vt 0.8347534 0.6371480
vt 0.8347534 0.6674382
vt 0.9103131 0.0221079
vt 0.0129250 0.1438965
vt 0.7433346 0.3354549
vt 0.5618980 0.7415122
vt 0.8538756 0.1446666
vt 0.8352189 0.6253399
vt 0.0133906 0.1438965
vt 0.5623636 0.6809316
vt 0.5623636 0.7112221
vt 0.5623636 0.7415122
vt 0.0782218 0.1739383
vt 0.0940790 0.1436408
vt 0.0940790 0.1739312
vt 0.5628290 0.7112221
vt 0.9261686 0.7647772
vt 0.0143216 0.1741869
vt 0.6066714 0.4387100
vt 0.6066714 0.4423038
vt 0.9266341 0.7616968
vt 0.5637601 0.6809316
vt 0.5637601 0.7112221
vt 0.5637601 0.7415122
vt 0.0213161 0.2870376
vt 0.9270997 0.7940410
vt 0.8370810 0.6561436
vt 0.5642256 0.7415122
vt 0.2134793 0.2654669
vt 0.0217815 0.3178413
vt 0.0217815 0.3240022
vt 0.0460353 0.2448576
vt 0.8375464 0.6674382
vt 0.5646911 0.6814449
vt 0.5646911 0.7050612
vt 0.5646911 0.7281641
vt 0.8566687 0.1739301
vt 0.0465008 0.2145671
vt 0.0161836 0.1438965
vt 0.9382909 0.2092440
vt 0.8333468 0.4371679
vt 0.9284961 0.7940410
vt 0.4266304 0.2530739
vt 0.6948207 0.5685812
vt 0.7470587 0.3534236
vt 0.8580653 0.1739301
vt 0.0478973 0.2145671
vt 0.7479896 0.3534236
vt 0.8631949 0.3915107
vt 0.5688852 0.3765217
vt 0.7237359 0.7606701
vt 0.5026538 0.3183326
vt 0.9154337 0.0308356
vt 0.3464030 0.2294557
vt 0.7242015 0.7606701
vt 0.8352089 0.4669448
vt 0.5031194 0.3029307
vt 0.8403395 0.6058307
vt 0.9158992 0.0221079
vt 0.8575970 0.1268245
vt 0.5698161 0.3919236
vt 0.9308236 0.8243312
vt 0.5035848 0.3029307
vt 0.2799670 0.6133157
vt 0.2274645 0.0529318
vt 0.9312892 0.7940410
vt 0.8599272 0.1446666
vt 0.2804933 0.6133261
vt 0.9317547 0.7658041
vt 0.4298890 0.2695027
vt 0.2806353 0.6372697
vt 0.2806353 0.6675601
vt 0.1001306 0.1585293
vt 0.6122575 0.4541119
vt 0.7260634 0.7909606
vt 0.0203731 0.1438965
vt 0.3487305 0.2443440
vt 0.6127230 0.4541119
vt 0.7265290 0.8212510
vt 0.9326857 0.7940410
vt 0.3491959 0.2294557
vt 0.6131884 0.4274152
vt 0.6131884 0.4479510
vt 0.6136540 0.4274152
vt 0.6999413 0.5983583
vt 0.2824973 0.6372697
vt 0.6141196 0.4684869
vt 0.8389330 0.4674581
vt 0.9340822 0.8243312
vt 0.8627203 0.1739301
vt 0.0525524 0.2145671
vt 0.6145850 0.4684869
vt 0.7283910 0.8212510
vt 0.2204619 0.2495515
vt 0.9345477 0.7940410
vt 0.7008723 0.5685812
vt 0.3510580 0.2294557
vt 0.8683155 0.4038322
vt 0.7288565 0.7627237
vt 0.7288565 0.7930141
vt 0.2841841 0.6130850
vt 0.2841841 0.6153175
vt 0.5012436 0.0591449
vt 0.2316540 0.0359897
vt 0.5744712 0.4165665
vt 0.7293219 0.8243312
vt 0.2363182 0.0578705
vt 0.2843593 0.6675601
vt 0.2321196 0.0359897
vt 0.7022688 0.5398309
vt 0.2848248 0.6151661
vt 0.2848248 0.6372697
vt 0.2852904 0.6038988
vt 0.2852904 0.6372697
vt 0.2852904 0.6675601
vt 0.0893939 0.1436478
vt 0.0893939 0.1739383
vt 0.5758677 0.3760081
vt 0.7307185 0.8084160
vt 0.9368752 0.7658041
vt 0.9368752 0.7940410
vt 0.9368752 0.8207374
vt 0.0553453 0.2448576
vt 0.0898594 0.1436478
vt 0.0898594 0.1739383
vt 0.4256803 0.5847420
vt 0.8421915 0.4381945
vt 0.9373407 0.7940410
vt 0.9373407 0.8243312
vt 0.9378062 0.7652908
vt 0.8477875 0.6253399
vt 0.1061822 0.1436408
vt 0.5772643 0.4001379
vt 0.5110329 0.3193595
vt 0.2871523 0.6372697
vt 0.4270768 0.5385364
vt 0.2246515 0.2824090
vt 0.8659761 0.1386327
vt 0.6192400 0.4571923
vt 0.4275423 0.5539383
vt 0.8440535 0.4381945
vt 0.9392027 0.7940410
vt 0.2400423 0.0773794
vt 0.3557130 0.2443440
vt 0.6197056 0.4469244
vt 0.8729705 0.3791893
vt 0.3030078 0.5318954
vt 0.6201710 0.4469244
vt 0.5767941 0.6932531
vt 0.5767941 0.7050612
vt 0.2260479 0.2500651
vt 0.8687718 0.1590418
vt 0.2890143 0.6038988
vt 0.6206366 0.4469244
vt 0.3039388 0.4769621
vt 0.3039388 0.5072525
vt 0.4354687 0.4534796
vt 0.9405993 0.8243312
vt 0.2894799 0.6372697
vt 0.3044044 0.5318954
vt 0.8459156 0.4381945
vt 0.2899454 0.6069793
vt 0.2901481 0.6590125
vt 0.4849071 0.0837576
vt 0.0296832 0.1741869
vt 0.8706339 0.1590418
vt 0.3585061 0.2443440
vt 0.8710994 0.1739301
vt 0.2915690 0.6591864
vt 0.3589716 0.2140536
vt 0.0613969 0.2145671
vt 0.8701656 0.1150164
vt 0.6234296 0.4361429
vt 0.3067319 0.5200873
vt 0.8482431 0.4535964
vt 0.5161535 0.2895824
vt 0.8706311 0.1370924
vt 0.8706311 0.1381193
vt 0.8706311 0.1386327
vt 0.2927341 0.6591615
vt 0.5096227 0.0776270
vt 0.7377010 0.7776122
vt 0.7377010 0.8079027
vt 0.8710966 0.1268245
vt 0.1122338 0.1585293
vt 0.4326629 0.5688268
vt 0.4391927 0.4226759
vt 0.4298634 0.0184978
vt 0.7386320 0.8233045
vt 0.5175499 0.2895824
vt 0.8720276 0.1360658
vt 0.6252916 0.4669469
vt 0.0236125 0.0303514
vt 0.8552356 0.6058307
vt 0.8552356 0.6253399
vt 0.8552356 0.6438222
vt 0.6257572 0.4669469
vt 0.4340594 0.5539383
vt 0.8557012 0.6669248
vt 0.2946004 0.6372697
vt 0.2946650 0.6592805
vt 0.6262226 0.4248484
vt 0.6262226 0.4253617
vt 0.4340584 0.2516505
vt 0.4340584 0.2819409
vt 0.8561666 0.6058307
vt 0.8561666 0.6371480
vt 0.8561666 0.6674382
vt 0.6266881 0.4669469
vt 0.0408673 0.2937117
vt 0.0413328 0.2937117
vt 0.0413328 0.3240022
vt 0.3109214 0.4918507
vt 0.2362945 0.0529277
vt 0.0362004 0.1438965
vt 0.4368524 0.5688268
vt 0.0366658 0.1438965
vt 0.4368515 0.2501103
vt 0.4438478 0.4704217
vt 0.8776164 0.1739301
vt 0.5217396 0.3208997
vt 0.8589597 0.6371480
vt 0.0679141 0.2145671
vt 0.5222051 0.3208997
vt 0.2983245 0.6521583
vt 0.6299467 0.4561654
vt 0.8832116 0.4038322
vt 0.2987899 0.6372697
vt 0.1182853 0.1436408
vt 0.1182853 0.1739312
vt 0.3664197 0.2294557
vt 0.5161398 0.0591449
vt 0.4452443 0.4237027
vt 0.2992555 0.6069793
vt 0.4457097 0.4237027
vt 0.3146454 0.5077659
vt 0.8612872 0.6674382
vt 0.5884319 0.6814449
vt 0.5884319 0.7415122
vt 0.4951483 0.0837576
vt 0.4951483 0.1037801
vt 0.5888973 0.6814449
vt 0.5888973 0.7117354
vt 0.0305951 0.0154628
vt 0.4405764 0.5842287
vt 0.7460801 0.7627237
vt 0.7460801 0.7930141
vt 0.7460801 0.8233045
vt 0.4471063 0.4391046
vt 0.8622182 0.6371480
vt 0.2530764 0.0578705
vt 0.3011175 0.6218678
vt 0.7082994 0.2508341
vt 0.4410420 0.5688268
vt 0.1224785 0.1541031
vt 0.1224785 0.1648844
vt 0.8575532 0.4392214
vt 0.0394561 0.0353495
vt 0.8813405 0.1446666
vt 0.8813405 0.1729035
vt 0.8626838 0.6073709
vt 0.3020172 0.6597944
vt 0.6332052 0.4453842
vt 0.8631492 0.6083978
vt 0.8631492 0.6371480
vt 0.8631492 0.6674382
vt 0.2423461 0.0359856
vt 0.8584841 0.4243329
vt 0.0721036 0.2145671
vt 0.8589497 0.4243329
vt 0.0725691 0.2448576
vt 0.6346017 0.4556521
vt 0.4424375 0.2501103
vt 0.4424375 0.2670523
vt 0.3179039 0.5324090
vt 0.5273256 0.3214130
vt 0.7106270 0.2826645
vt 0.4498993 0.4396179
vt 0.3188349 0.5077659
vt 0.3188349 0.5200873
vt 0.5282566 0.2911226
vt 0.6359982 0.4346030
vt 0.3193005 0.5077659
vt 0.9177147 0.4444962
vt 0.5287221 0.2911226
vt 0.4442996 0.2670523
vt 0.4517613 0.4396179
vt 0.9186456 0.4434695
vt 0.8668733 0.6371480
vt 0.0450449 0.1438965
vt 0.3060032 0.6600538
vt 0.4522269 0.4396179
vt 0.9191112 0.4434695
vt 0.9191112 0.4444962
vt 0.0455104 0.1438965
vt 0.0455104 0.1741869
vt 0.3063416 0.6601542
vt 0.3738677 0.2448576
vt 0.4461624 0.5842287
vt 0.8626736 0.4695119
vt 0.8678042 0.6068575
vt 0.3067035 0.6372697
vt 0.3743332 0.2140536
vt 0.3071690 0.6069793
vt 0.6387913 0.4233081
vt 0.0772241 0.2299690
vt 0.3077467 0.6602637
vt 0.3077477 0.6602009
vt 0.3077484 0.6601516
vt 0.3077490 0.6601152
vt 0.7148164 0.2677762
vt 0.8640702 0.4397347
vt 0.5319806 0.3219263
vt 0.8692008 0.6371480
vt 0.3081000 0.6069793
vt 0.3081000 0.6372697
vt 0.4447596 0.0184978
vt 0.4480245 0.5991173
vt 0.8645357 0.4397347
vt 0.9214387 0.4244739
vt 0.3803930 0.1218719
vt 0.4484900 0.5539383
vt 0.4484900 0.5842287
vt 0.4550198 0.4401315
vt 0.4550198 0.4560467
vt 0.4484891 0.2501103
vt 0.1387867 0.1438976
vt 0.1387867 0.1741880
vt 0.7166785 0.2677762
vt 0.3244211 0.4918507
vt 0.8710629 0.6674382
vt 0.3104276 0.6100597
vt 0.3104276 0.6403501
vt 0.3104276 0.6675601
vt 0.6420498 0.4438440
vt 0.8719939 0.6371480
vt 0.6425154 0.4438440
vt 0.3113587 0.6403501
vt 0.3831860 0.1393273
vt 0.4508166 0.2819409
vt 0.4578129 0.4704217
vt 0.7022159 0.1135709
vt 0.1541740 0.1438674
vt 0.4582784 0.4401315
vt 0.7026814 0.1135709
vt 0.3122896 0.6100597
vt 0.3122896 0.6403501
vt 0.3122896 0.6675601
vt 0.7106096 0.0374553
vt 0.9256282 0.4701662
vt 0.3127551 0.6100597
vt 0.1341161 0.1438352
vt 0.3132206 0.6154560
vt 0.3132206 0.6155089
vt 0.3132206 0.6156157
vt 0.3132206 0.6372697
vt 0.3132206 0.6675601
vt 0.7115407 0.0374553
vt 0.6448429 0.4643798
vt 0.1555705 0.1587559
vt 0.1345817 0.1438352
vt 0.1345817 0.1741254
vt 0.8696563 0.4556502
vt 0.3141516 0.6372697
vt 0.0538896 0.1587851
vt 0.3147030 0.6156072
vt 0.3148922 0.6156257
vt 0.8761833 0.6371480
vt 0.8761833 0.6658982
vt 0.3150826 0.6156454
vt 0.3150826 0.6157103
vt 0.3150826 0.6157321
vt 0.3150826 0.6372697
vt 0.3150826 0.6675601
vt 0.8934408 0.1376060
vt 0.8934408 0.1391460
vt 0.0450258 0.0154628
vt 0.8766489 0.6068575
vt 0.1448383 0.1438976
vt 0.4554727 0.5385364
vt 0.4554727 0.5688268
vt 0.4554727 0.5991173
vt 0.4620025 0.4257563
vt 0.8771144 0.6674382
vt 0.8724493 0.4258731
vt 0.5403597 0.3234665
vt 0.8775799 0.6371480
vt 0.8775799 0.6674382
vt 0.4559372 0.2665390
vt 0.3314036 0.5072525
vt 0.8780454 0.6371480
vt 0.7241265 0.2826645
vt 0.1592944 0.1438674
vt 0.8785109 0.6068575
vt 0.3892376 0.1126306
vt 0.7245921 0.2523743
vt 0.3328002 0.5324090
vt 0.0562144 0.0353495
vt 0.5422218 0.3239799
vt 0.1476313 0.1592995
vt 0.4550007 0.0308195
vt 0.3332656 0.5082792
vt 0.8971649 0.1145031
vt 0.2591043 0.0359856
vt 0.3910996 0.1126306
vt 0.8757078 0.4705385
vt 0.8990270 0.1329854
vt 0.1499588 0.1741880
vt 0.1630185 0.1438674
vt 0.8994924 0.1139898
vt 0.8994924 0.1391460
vt 0.1634841 0.1741578
vt 0.8780353 0.4412750
vt 0.5459458 0.2936897
vt 0.9004234 0.1139898
vt 0.3938927 0.1131439
vt 0.9008889 0.1139898
vt 0.9008889 0.1391460
vt 0.0524739 0.0303514
vt 0.3948236 0.1290594
vt 0.0627341 0.1438965
vt 0.0627341 0.1741869
vt 0.3952892 0.1290594
vt 0.7217817 0.0528572
vt 0.4629198 0.2824542
vt 0.4601213 0.0184978
vt 0.1658116 0.1587559
vt 0.0618004 0.0528049
vt 0.9368004 0.4321747
vt 0.9368004 0.4444962
vt 0.7143190 0.1392407
vt 0.3784981 0.2444720
vt 0.5123601 0.5118729
vt 0.9685168 0.0226231
vt 0.9685168 0.0308375
vt 0.2460354 0.5380171
vt 0.2460354 0.5688208
vt 0.2460354 0.5991113
vt 0.3369869 0.8109831
vt 0.4671175 0.2507715
vt 0.4671175 0.2675205
vt 0.3183302 0.3512745
vt 0.9568563 0.9201624
vt 0.9568563 0.9232428
vt 0.9568563 0.9371045
vt 0.9568563 0.9673949
vt 0.9568563 0.9976851
vt 0.3276586 0.9024512
vt 0.3276586 0.9671392
vt 0.3276586 0.9964027
vt 0.2581623 0.5380511
vt 0.2581623 0.5688551
vt 0.2581623 0.5991453
vt 0.2730877 0.9524418
vt 0.2730877 0.9661123
vt 0.2730877 0.9943492
vt 0.8826959 0.6048664
vt 0.8826959 0.6372103
vt 0.8826959 0.6675008
vt 0.3668377 0.3372509
vt 0.2628265 0.4038322
vt 0.1401586 0.8862782
vt 0.1401586 0.8950059
vt 0.1401586 0.9222159
vt 0.1401586 0.9525063
vt 0.1401586 0.9607207
vt 0.1401586 0.9976851
vt 0.6784048 0.5154669
vt 0.0020989 0.6949131
vt 0.0020989 0.7128818
vt 0.5930504 0.6757977
vt 0.5930504 0.7081416
vt 0.5930504 0.7415122
vt 0.4675831 0.2502582
vt 0.9573219 0.9673949
vt 0.9573219 0.9976851
vt 0.3281241 0.9014243
vt 0.3281241 0.9373620
vt 0.2632920 0.4038322
vt 0.1406241 0.9673949
vt 0.5935159 0.7384321
vt 0.3285896 0.9240137
vt 0.1410896 0.9617474
vt 0.0030299 0.7139087
vt 0.5939813 0.7404856
vt 0.3798947 0.2444720
vt 0.3290551 0.9045048
vt 0.8840924 0.6372103
vt 0.1415551 0.9673949
vt 0.1415551 0.9976851
vt 0.5944469 0.7399723
vt 0.3295207 0.9045048
vt 0.2749498 0.9943492
vt 0.8845580 0.6372103
vt 0.8845580 0.6675008
vt 0.2646886 0.3735417
vt 0.1420207 0.9222159
vt 0.1420207 0.9673949
vt 0.1420207 0.9976851
vt 0.0039610 0.7169891
vt 0.5949124 0.7081416
vt 0.5949124 0.7399723
vt 0.5949124 0.7415122
vt 0.3808256 0.2141815
vt 0.8850234 0.6048664
vt 0.8850234 0.6156476
vt 0.1424861 0.9673949
vt 0.0044264 0.7169891
vt 0.2758807 0.9180443
vt 0.7012539 0.1681380
vt 0.8854890 0.6094867
vt 0.8854890 0.6366968
vt 0.8854890 0.6669872
vt 0.9601148 0.9530197
vt 0.1434171 0.8785771
vt 0.1434171 0.8950059
vt 0.1434171 0.9673949
vt 0.1434171 0.9976851
vt 0.0053574 0.7169891
vt 0.5963089 0.6757977
vt 0.5963089 0.7081416
vt 0.5963089 0.7384321
vt 0.2497595 0.5688208
vt 0.3220543 0.3297118
vt 0.2618864 0.5688551
vt 0.8864199 0.6366968
vt 0.1438826 0.9879307
vt 0.5967744 0.7081416
vt 0.5967744 0.7261104
vt 0.5165497 0.4954444
vt 0.9727064 0.0226231
vt 0.5972400 0.7204631
vt 0.8873509 0.6094867
vt 0.8873509 0.6366968
vt 0.8873509 0.6669872
vt 0.0067539 0.7359848
vt 0.5977054 0.7261104
vt 0.7035814 0.1532494
vt 0.7035814 0.1681380
vt 0.5813799 0.3908082
vt 0.6835254 0.4856898
vt 0.6835254 0.4918507
vt 0.3840841 0.2449853
vt 0.5179461 0.4959577
vt 0.4871625 0.0370093
vt 0.2786737 0.9799739
vt 0.5818453 0.3908082
vt 0.3724237 0.3675410
vt 0.9629079 0.9827968
vt 0.3337101 0.9368487
vt 0.2791393 0.9226650
vt 0.5823109 0.3759196
vt 0.3435041 0.7812060
vt 0.9633735 0.9827968
vt 0.7049779 0.1445217
vt 0.2800702 0.9661123
vt 0.2534836 0.5991113
vt 0.4745656 0.2824090
vt 0.2656104 0.5991453
vt 0.1476067 0.9222159
vt 0.6858530 0.5324090
vt 0.6004985 0.6778512
vt 0.2539490 0.5380171
vt 0.2539490 0.5688208
vt 0.2660759 0.5380511
vt 0.2660759 0.5688551
vt 0.5207392 0.4790156
vt 0.3360377 0.9671392
vt 0.4661683 0.4295101
vt 0.2814668 0.8939147
vt 0.5846384 0.3918348
vt 0.1485377 0.9976851
vt 0.0109435 0.7067212
vt 0.4670993 0.4346441
vt 0.2721366 0.3740553
vt 0.2828633 0.8928878
vt 0.2828633 0.9661123
vt 0.3887392 0.2146948
vt 0.4773586 0.2824090
vt 0.4680302 0.4402914
vt 0.6032914 0.6778512
vt 0.5230667 0.4795290
vt 0.4922831 0.0529247
vt 0.4778241 0.2824090
vt 0.5869659 0.4077503
vt 0.1508652 0.8950059
vt 0.3896703 0.2146948
vt 0.2842599 0.9242052
vt 0.5874315 0.4077503
vt 0.1513307 0.8944926
vt 0.1513307 0.9222159
vt 0.1513307 0.9504528
vt 0.4787551 0.2824090
vt 0.1517962 0.8950059
vt 0.1517962 0.9165686
vt 0.1517962 0.9468588
vt 0.1517962 0.9879307
vt 0.4698923 0.4536397
vt 0.2851908 0.8928878
vt 0.3789408 0.3675410
vt 0.1522617 0.9165686
vt 0.6905080 0.5026319
vt 0.1527272 0.8837111
vt 0.1527272 0.9797163
vt 0.6909734 0.5026319
vt 0.5253942 0.5298419
vt 0.4708233 0.4603139
vt 0.1531927 0.9797163
vt 0.6914390 0.5026319
vt 0.0151330 0.6723237
vt 0.6060845 0.7250837
vt 0.3504866 0.7519424
vt 0.3504866 0.7991749
vt 0.4806172 0.2516050
vt 0.3318299 0.3594889
vt 0.6919045 0.5026319
vt 0.4810827 0.2516050
vt 0.4717543 0.4669880
vt 0.2870528 0.9804875
vt 0.5902244 0.3933750
vt 0.6070155 0.7415122
vt 0.9712870 0.9591805
vt 0.3420893 0.9312014
vt 0.4722199 0.4705818
vt 0.2875184 0.9650856
vt 0.3812684 0.3495723
vt 0.0165296 0.7385519
vt 0.4820138 0.2507715
vt 0.9717526 0.9591805
vt 0.1550548 0.8862782
vt 0.9446993 0.7949055
vt 0.4824792 0.2502582
vt 0.3430202 0.9116922
vt 0.9726836 0.9191355
vt 0.3434858 0.8921833
vt 0.2889149 0.9655989
vt 0.5920865 0.4164780
vt 0.2786537 0.4048591
vt 0.3947908 0.2300967
vt 0.9456303 0.8236558
vt 0.3439512 0.8921833
vt 0.6709102 0.0593219
vt 0.3439512 0.9373620
vt 0.3439512 0.9671392
vt 0.3439512 0.9974296
vt 0.6093430 0.7415122
vt 0.9460959 0.7625616
vt 0.9460959 0.7928520
vt 0.4838757 0.2516050
vt 0.3350884 0.3374129
vt 0.9199765 0.0217936
vt 0.9199765 0.0305213
vt 0.1699765 0.1739383
vt 0.5501071 0.3194540
vt 0.6098086 0.6947933
vt 0.6098086 0.7415122
vt 0.3355540 0.3368996
vt 0.1583133 0.8672826
vt 0.6112051 0.6947933
vt 0.5519690 0.2891635
vt 0.1587787 0.8672826
vt 0.6116705 0.6947933
vt 0.2819122 0.4161539
vt 0.6121361 0.6947933
vt 0.3565382 0.7693978
vt 0.1597099 0.8672826
vt 0.1597099 0.9294034
vt 0.6979561 0.5190607
vt 0.0216501 0.6918327
vt 0.3570036 0.7693978
vt 0.0221156 0.6923460
vt 0.5020587 0.0370093
vt 0.3574692 0.8176573
vt 0.0225811 0.6923460
vt 0.4880652 0.2818954
vt 0.4787369 0.4228360
vt 0.2940354 0.9586027
vt 0.6993525 0.5190607
vt 0.9507509 0.7625616
vt 0.5337733 0.5324090
vt 0.9782696 0.9191355
vt 0.9782696 0.9201624
vt 0.1746315 0.1436478
vt 0.5976726 0.4103171
vt 0.1615718 0.9376178
vt 0.0235121 0.6866987
vt 0.2949665 0.8959683
vt 0.2949665 0.9974296
vt 0.9516819 0.7543472
vt 0.6298536 0.3604856
vt 0.2954319 0.8959683
vt 0.1625028 0.9063007
vt 0.1625028 0.9381311
vt 0.4805990 0.4346441
vt 0.1629684 0.9432651
vt 0.7012146 0.5277884
vt 0.0249087 0.6866987
vt 0.6158601 0.7415122
vt 0.6307845 0.3301952
vt 0.4903927 0.2818954
vt 0.9801316 0.9355642
vt 0.9801316 0.9976851
vt 0.9264935 0.0217936
vt 0.8854487 0.1644947
vt 0.3905784 0.3321169
vt 0.1638993 0.9976851
vt 0.7021456 0.5010917
vt 0.9535440 0.8087672
vt 0.1774246 0.1590497
vt 0.7026112 0.5005784
vt 0.9540094 0.8241691
vt 0.5370318 0.5195740
vt 0.5580206 0.3050790
vt 0.2977594 0.8836468
vt 0.2874982 0.3750819
vt 0.1648303 0.9073273
vt 0.7567138 0.5985716
vt 0.2982250 0.9411473
vt 0.2879638 0.3750819
vt 0.1652959 0.9976851
vt 0.6331121 0.3301952
vt 0.3439330 0.3297118
vt 0.9824591 0.9581536
vt 0.0277016 0.7180158
vt 0.6186531 0.7055745
vt 0.1792866 0.1436478
vt 0.2991560 0.9671392
vt 0.8882418 0.1593607
vt 0.6340432 0.3604856
vt 0.3635208 0.7878801
vt 0.4936514 0.2510917
vt 0.3448641 0.3671897
vt 0.3448641 0.3677033
vt 0.2996215 0.9671392
vt 0.2996215 0.9974296
vt 0.1666924 0.8955192
vt 0.1666924 0.8996265
vt 0.6195842 0.7055745
vt 0.6195842 0.7112221
vt 0.9563370 0.7728295
vt 0.9955161 0.0267304
vt 0.9955161 0.0308375
vt 0.6345086 0.3604856
vt 0.3639862 0.7878801
vt 0.1806831 0.1739383
vt 0.1676234 0.8924388
vt 0.9572679 0.7779635
vt 0.6041896 0.3820805
vt 0.7063351 0.4810692
vt 0.4955133 0.2813821
vt 0.7068007 0.4985248
vt 0.2916879 0.3750819
vt 0.0309602 0.6841316
vt 0.0309602 0.7113419
vt 0.0309602 0.7416320
vt 0.9586645 0.8241691
vt 0.6489630 0.4378223
vt 0.9978436 0.0226231
vt 0.3961645 0.3624071
vt 0.2921533 0.3750819
vt 0.9591300 0.8241691
vt 0.5421524 0.5031452
vt 0.7282532 0.1742986
vt 0.3966300 0.3295498
vt 0.1699509 0.8873048
vt 0.0318912 0.7113419
vt 0.9595956 0.7779635
vt 0.4973754 0.2507715
vt 0.3485881 0.3456273
vt 0.1704165 0.8806307
vt 0.1704165 0.8970594
vt 0.1704165 0.9252963
vt 0.1704165 0.9946049
vt 0.3490536 0.3451137
vt 0.2935498 0.4058860
vt 0.1708819 0.9252963
vt 0.1708819 0.9653411
vt 0.0328222 0.7416320
vt 0.6858064 0.0593219
vt 0.1844072 0.1436478
vt 0.2940154 0.4058860
vt 0.9609920 0.7938789
vt 0.6391636 0.3301952
vt 0.6391636 0.3676731
vt 0.9885107 0.9181088
vt 0.1718129 0.8806307
vt 0.1718129 0.9227292
vt 0.1718129 0.9946049
vt 0.7100592 0.5180338
vt 0.9614576 0.7938789
vt 0.7636964 0.5677678
vt 0.7305807 0.1537627
vt 0.7305807 0.1614638
vt 0.3989576 0.3644609
vt 0.1722784 0.9227292
vt 0.9619231 0.8241691
vt 0.5659343 0.2901904
vt 0.3056731 0.9974296
vt 0.7310462 0.1491424
vt 0.1727440 0.8816575
vt 0.1727440 0.9227292
vt 0.8952244 0.1449857
vt 0.0351497 0.6769441
vt 0.6261012 0.6819583
vt 0.9628541 0.7759099
vt 0.9628541 0.7779635
vt 0.3705033 0.8058491
vt 0.3066041 0.9825410
vt 0.2963429 0.3909974
vt 0.1736750 0.8816575
vt 0.6265668 0.6788778
vt 0.6265668 0.7112221
vt 0.6265668 0.7415122
vt 0.2968083 0.3781624
vt 0.0360807 0.6774577
vt 0.6107067 0.4005625
vt 0.0365463 0.6769441
vt 0.5463410 0.4979056
vt 0.3718999 0.7591299
vt 0.6111723 0.4005625
vt 0.4017506 0.3644609
vt 0.2977394 0.4084528
vt 0.6279633 0.7112221
vt 0.6550146 0.4229337
vt 0.1885967 0.1590497
vt 0.2982049 0.4084528
vt 0.1755370 0.9432651
vt 0.6433533 0.3301952
vt 0.3089316 0.9129104
vt 0.7142488 0.5154669
vt 0.9931657 0.9802297
vt 0.4940985 0.4295101
vt 0.3093970 0.9671392
vt 0.4031470 0.3295498
vt 0.7147142 0.5154669
vt 0.6293597 0.7415122
vt 0.9661126 0.7733428
vt 0.9661126 0.8241691
vt 0.5183514 0.0431701
vt 0.0813178 0.2137960
vt 0.5701238 0.2907037
vt 0.4036126 0.3295498
vt 0.1769335 0.9114347
vt 0.1769335 0.9437786
vt 0.7151798 0.5154669
vt 0.6298253 0.6778512
vt 0.6298253 0.7112221
vt 0.4595819 0.5385696
vt 0.4595819 0.5688600
vt 0.0817834 0.2451131
vt 0.5705893 0.2907037
vt 0.7156453 0.5154669
vt 0.6302908 0.7404856
vt 0.6158319 0.0105462
vt 0.6158319 0.0110596
vt 0.4600473 0.5991505
vt 0.3746928 0.7914739
vt 0.4954951 0.4387514
vt 0.3107936 0.9671392
vt 0.6307563 0.6804180
vt 0.6307563 0.7101952
vt 0.6578076 0.4537374
vt 0.4050091 0.3444384
vt 0.3009979 0.3781624
vt 0.6582731 0.4537374
vt 0.7702134 0.5395312
vt 0.6932544 0.0772909
vt 0.5719858 0.3061056
vt 0.6475455 0.3600033
vt 0.1787955 0.9381311
vt 0.0407358 0.6974799
vt 0.9684401 0.7543472
vt 0.1792610 0.9381311
vt 0.9689057 0.7928520
vt 0.9689057 0.7933653
vt 0.0841109 0.2137960
vt 0.5514616 0.4799369
vt 0.4978226 0.4526131
vt 0.1801920 0.9940913
vt 0.2706771 0.0178930
vt 0.6601352 0.4388489
vt 0.3774859 0.8243312
vt 0.5808441 0.0968554
vt 0.3135867 0.9671392
vt 0.3135867 0.9825410
vt 0.5523926 0.5323031
vt 0.0425979 0.7262302
vt 0.9703021 0.7733428
vt 0.6606006 0.4388489
vt 0.5528581 0.5014994
vt 0.2716081 0.0178930
vt 0.4642369 0.5837486
vt 0.7734720 0.5924110
vt 0.7734720 0.5990851
vt 0.4996847 0.4654478
vt 0.3149832 0.9647633
vt 0.4087332 0.3434115
vt 0.5537892 0.5014994
vt 0.7207658 0.4862031
vt 0.6354113 0.7404856
vt 0.3159142 0.8944280
vt 0.4096642 0.3603535
vt 0.1829851 0.9140015
vt 0.1829851 0.9833101
vt 0.3616221 0.3533281
vt 0.1965102 0.1436478
vt 0.3620877 0.3528147
vt 0.3168452 0.8779993
vt 0.4665644 0.5837486
vt 0.3625533 0.3528147
vt 0.9474413 0.0294947
vt 0.3070495 0.3781624
vt 0.3070495 0.4161539
vt 0.9740261 0.7723162
vt 0.5015448 0.2828447
vt 0.0892314 0.2137960
vt 0.5780373 0.3215075
vt 0.2702015 0.5380544
vt 0.2702015 0.5688581
vt 0.2702015 0.5991486
vt 0.6535970 0.3302262
vt 0.4115261 0.3434115
vt 0.7230933 0.5318954
vt 0.5020104 0.2525543
vt 0.0896969 0.2137960
vt 0.5854992 0.0840203
vt 0.4119917 0.3434115
vt 0.5174021 0.2824090
vt 0.7235589 0.4810692
vt 0.5789683 0.3215075
vt 0.7240243 0.5318954
vt 0.9754227 0.8082539
vt 0.6657212 0.4542508
vt 0.3191727 0.9473079
vt 0.3089115 0.3781624
vt 0.1862436 0.9848503
vt 0.6661867 0.4542508
vt 0.3093770 0.4079395
vt 0.1867091 0.9848503
vt 0.5201979 0.0587239
vt 0.4138537 0.3603535
vt 0.4138537 0.3675410
vt 0.1871746 0.8842247
vt 0.6671177 0.4696526
vt 0.5043379 0.2525543
vt 0.9506998 0.0217936
vt 0.9506998 0.0248740
vt 0.3205692 0.9671392
vt 0.9096550 0.1742493
vt 0.9772847 0.8010664
vt 0.6675832 0.4696526
vt 0.5048033 0.2525543
vt 0.7795235 0.5621205
vt 0.0924899 0.2451131
vt 0.3210347 0.9036691
vt 0.1881056 0.8826844
vt 0.1881056 0.9417248
vt 0.7263518 0.5324090
vt 0.3853995 0.7950676
vt 0.3215002 0.9969160
vt 0.4152502 0.3295498
vt 0.4712195 0.5534582
vt 0.4712195 0.5837486
vt 0.5057344 0.2828447
vt 0.1890367 0.8765236
vt 0.5061999 0.2828447
vt 0.2025618 0.1436478
vt 0.1895021 0.8770369
vt 0.3867960 0.7940410
vt 0.3867960 0.8243312
vt 0.9119826 0.1675751
vt 0.6428594 0.6901726
vt 0.6428594 0.7199498
vt 0.3191645 0.6042904
vt 0.3233623 0.9293391
vt 0.5225227 0.2664936
vt 0.1904332 0.9817699
vt 0.4730815 0.5991505
vt 0.1908986 0.9817699
vt 0.3989210 0.2330494
vt 0.5626337 0.5174148
vt 0.3881925 0.7940410
vt 0.5845545 0.2917306
vt 0.9133791 0.1644947
vt 0.1913642 0.9976851
vt 0.7296104 0.5026319
vt 0.3993866 0.2330494
vt 0.6713072 0.4244739
vt 0.6713072 0.4701662
vt 0.3205610 0.6371480
vt 0.1918296 0.9971718
vt 0.5635647 0.4850708
vt 0.6717728 0.4701662
vt 0.3891235 0.8243312
vt 0.2053549 0.1739383
vt 0.7305414 0.5026319
vt 0.6722383 0.4701662
vt 0.5094585 0.2664162
vt 0.3214921 0.6674382
vt 0.6615107 0.3322797
vt 0.4194398 0.3572731
vt 0.1927607 0.9473724
vt 0.9824053 0.8231425
vt 0.1442523 0.0171692
vt 0.1442523 0.0305175
vt 0.2785806 0.5688581
vt 0.6619761 0.3322797
vt 0.4203708 0.3572731
vt 0.6302579 0.3841340
vt 0.9838018 0.7964458
vt 0.7860406 0.5400445
vt 0.9166376 0.1567939
vt 0.1880928 0.7040343
vt 0.4362263 0.3293847
vt 0.6638382 0.3635971
vt 0.5271778 0.2500651
vt 0.1950882 0.9001399
vt 0.4366917 0.3483803
vt 0.4366917 0.3673760
vt 0.2086134 0.1436478
vt 0.5887440 0.3225344
vt 0.9175686 0.1567939
vt 0.1955537 0.9001399
vt 0.3928476 0.7663174
vt 0.1960192 0.9961451
vt 0.4040416 0.2448576
vt 0.3933130 0.7596432
vt 0.3933130 0.7919872
vt 0.3933130 0.8233045
vt 0.5131824 0.2505008
vt 0.1008690 0.2137960
vt 0.5896750 0.2922440
vt 0.3252160 0.6371480
vt 0.1899548 0.6742574
vt 0.5682197 0.4799369
vt 0.7883681 0.5621205
vt 0.1969502 0.9001399
vt 0.1974158 0.8975727
vt 0.6358486 0.0105462
vt 0.2253999 0.1118455
vt 0.2253999 0.1385422
vt 0.6773588 0.4403891
vt 0.1913513 0.6742574
vt 0.3914446 0.6643580
vt 0.1978812 0.9976851
vt 0.1983467 0.8914121
vt 0.7902301 0.5400445
vt 0.7902301 0.5621205
vt 0.7902301 0.5852232
vt 0.7902301 0.5990851
vt 0.2118719 0.1436478
vt 0.2118719 0.1739383
vt 0.1988122 0.8790904
vt 0.1988122 0.8914121
vt 0.5323010 0.0772062
vt 0.0658822 0.0529056
vt 0.7906956 0.5698213
vt 0.0665805 0.0523921
vt 0.7913939 0.5990851
vt 0.4266551 0.3331435
vt 0.2904611 0.0307278
vt 0.4826244 0.5385696
vt 0.4826244 0.5688600
vt 0.4826244 0.5991505
vt 0.6006281 0.1019893
vt 0.3291729 0.6037771
vt 0.2004416 0.9694484
vt 0.3352353 0.6743680
vt 0.3352353 0.6815558
vt 0.2009070 0.9468588
vt 0.5726421 0.5328167
vt 0.2913921 0.0302145
vt 0.5945628 0.2927573
vt 0.2867270 0.5390810
vt 0.2867270 0.5688581
vt 0.2867270 0.5991486
vt 0.1948427 0.6737439
vt 0.5731076 0.5020129
vt 0.2918576 0.0184063
vt 0.3361663 0.7149264
vt 0.6020245 0.1066097
vt 0.5950283 0.2927573
vt 0.6752521 0.0107910
vt 0.2820619 0.0827590
vt 0.6547298 0.6793914
vt 0.3366319 0.7113326
vt 0.3310349 0.6371480
vt 0.6710535 0.3343335
vt 0.3958670 0.6340676
vt 0.6551953 0.6804180
vt 0.6551953 0.6999272
vt 0.6551953 0.7297041
vt 0.1962392 0.7045479
vt 0.5348586 0.2824090
vt 0.5745041 0.5020129
vt 0.6556609 0.6799047
vt 0.7946524 0.5698213
vt 0.1967047 0.7045479
vt 0.6831777 0.4557910
vt 0.3380284 0.6743680
vt 0.4005284 0.7919872
vt 0.1080844 0.2291979
vt 0.6080844 0.2928188
vt 0.6724501 0.3343335
vt 0.2037001 0.9165686
vt 0.5371889 0.0587239
vt 0.3328968 0.6037771
vt 0.3328968 0.6371480
vt 0.3328968 0.6674382
vt 0.2321497 0.1385422
vt 0.3333624 0.6037771
vt 0.3333624 0.6371480
vt 0.3333624 0.6674382
vt 0.6575228 0.7297041
vt 0.6575228 0.7404856
vt 0.4019250 0.7919872
vt 0.1985667 0.6901726
vt 0.4131190 0.2176476
vt 0.5768317 0.4984189
vt 0.6435294 0.0105462
vt 0.6435294 0.0110596
vt 0.6099464 0.3236226
vt 0.4322411 0.3331435
vt 0.4322411 0.3572731
vt 0.4135844 0.2176476
vt 0.5772971 0.4984189
vt 0.1994977 0.7230302
vt 0.5381171 0.2664936
vt 0.2060276 0.9170819
vt 0.6108773 0.2928188
vt 0.3352244 0.6371480
vt 0.7983765 0.5395312
vt 0.2004287 0.6901726
vt 0.4005220 0.6037771
vt 0.3361555 0.6551167
vt 0.2008943 0.6901726
vt 0.6873672 0.4563043
vt 0.7993075 0.5698213
vt 0.6010799 0.2932708
vt 0.6010799 0.3235613
vt 0.6766396 0.3512756
vt 0.2013597 0.6901726
vt 0.2013597 0.7091683
vt 0.2078896 0.9052738
vt 0.4014530 0.6042904
vt 0.6878327 0.4573312
vt 0.6878327 0.4701662
vt 0.3426835 0.6959307
vt 0.3370864 0.6551167
vt 0.6771051 0.3512756
vt 0.2018253 0.7091683
vt 0.4163775 0.2207277
vt 0.6388579 0.0303514
vt 0.3375519 0.6037771
vt 0.6775705 0.3512756
vt 0.5409101 0.2598194
vt 0.2088205 0.9242694
vt 0.2162832 0.1734048
vt 0.6887637 0.4260141
vt 0.3436144 0.6810422
vt 0.8007040 0.5847099
vt 0.3380174 0.6371480
vt 0.4695473 0.2447255
vt 0.4028495 0.6510096
vt 0.2167488 0.1436277
vt 0.2167488 0.1734048
vt 0.8011696 0.5549330
vt 0.6099382 0.1019893
vt 0.2899755 0.0827590
vt 0.2899755 0.1068886
vt 0.4569531 0.6675430
vt 0.3384830 0.6325273
vt 0.4700128 0.2144351
vt 0.4070454 0.8222776
vt 0.1612432 0.0166556
vt 0.1612432 0.0238433
vt 0.3389484 0.6469023
vt 0.4075110 0.8243312
vt 0.1150670 0.2451131
vt 0.6150670 0.3231092
vt 0.6038729 0.2937842
vt 0.4578841 0.6372525
vt 0.3454765 0.7282747
vt 0.4583497 0.6372525
vt 0.4191706 0.2243215
vt 0.5828833 0.5179281
vt 0.6159979 0.3231092
vt 0.4588151 0.6069621
vt 0.5833487 0.5179281
vt 0.4532172 0.3345187
vt 0.4532172 0.3535143
vt 0.3464075 0.7108193
vt 0.6122657 0.0958285
vt 0.2055493 0.7055745
vt 0.7601202 0.0853632
vt 0.2120792 0.8821709
vt 0.7601202 0.0910107
vt 0.5838142 0.5179281
vt 0.4536827 0.3340054
vt 0.4536827 0.3535143
vt 0.6169289 0.2923055
vt 0.2060147 0.7363783
vt 0.5842797 0.5179281
vt 0.2405288 0.1390555
vt 0.0796146 0.0354500
vt 0.6173945 0.2923055
vt 0.4602116 0.6069621
vt 0.6817601 0.3677041
vt 0.2064803 0.7363783
vt 0.4606772 0.6372525
vt 0.7265354 0.4233111
vt 0.7265354 0.4238245
vt 0.4070391 0.6207192
vt 0.5852108 0.4994458
vt 0.3482695 0.6805289
vt 0.4107695 0.7596432
vt 0.4107695 0.7919872
vt 0.4107695 0.8243312
vt 0.6826911 0.3363871
vt 0.2074113 0.7060881
vt 0.2074113 0.7363783
vt 0.3487350 0.6805289
vt 0.4112350 0.7637506
vt 0.4112350 0.8243312
vt 0.4616082 0.6675430
vt 0.5464962 0.2598194
vt 0.5464962 0.2824090
vt 0.7624477 0.0853632
vt 0.6672985 0.6901726
vt 0.6672985 0.7091683
vt 0.4117005 0.7940410
vt 0.4620736 0.6341721
vt 0.4620736 0.6644626
vt 0.2223348 0.1734048
vt 0.2428563 0.1257072
vt 0.2428563 0.1390555
vt 0.4564757 0.3314383
vt 0.4625392 0.6038817
vt 0.4625392 0.6341721
vt 0.4625392 0.6644626
vt 0.4089011 0.6212325
vt 0.5413629 0.0773383
vt 0.4569413 0.3309249
vt 0.4126316 0.7637506
vt 0.4126316 0.7940410
vt 0.4126316 0.8243312
vt 0.8072211 0.5395312
vt 0.2325943 0.1439599
vt 0.4093667 0.6212325
vt 0.4093667 0.6674382
vt 0.4574067 0.3304116
vt 0.5506903 0.2503205
vt 0.8076866 0.5395312
vt 0.4098321 0.6212325
vt 0.8081521 0.5395312
vt 0.1211185 0.2451131
vt 0.2335253 0.1742504
vt 0.4769954 0.2298372
vt 0.4769954 0.2447255
vt 0.6966773 0.4573312
vt 0.3515280 0.6805289
vt 0.6971428 0.4439828
vt 0.6220495 0.2917919
vt 0.5670122 0.0592144
vt 0.7307249 0.4566820
vt 0.6976084 0.4265274
vt 0.3524591 0.7103060
vt 0.8095487 0.5698213
vt 0.0693434 0.1390204
vt 0.3468621 0.6042904
vt 0.7311904 0.4407666
vt 0.9401457 0.1696286
vt 0.3473275 0.6042904
vt 0.7316559 0.4407666
vt 0.2442483 0.1440253
vt 0.1234461 0.2137960
vt 0.3477931 0.6042904
vt 0.5539488 0.2508341
vt 0.5539488 0.2667493
vt 0.2447137 0.1440253
vt 0.6197137 0.1066097
vt 0.6495645 0.0195699
vt 0.5455524 0.0588560
vt 0.5544144 0.2667493
vt 0.4135561 0.6371480
vt 0.0455516 0.3066856
vt 0.3547866 0.7416230
vt 0.0870627 0.0503385
vt 0.8118762 0.5990851
vt 0.2372493 0.1439599
vt 0.3552521 0.6805289
vt 0.2461103 0.1743157
vt 0.0875282 0.0498252
vt 0.0875282 0.0503385
vt 0.3291327 0.0086689
vt 0.1719498 0.0238433
vt 0.1719498 0.0305175
vt 0.6253080 0.3225959
vt 0.3496550 0.6350942
vt 0.7689647 0.0904971
vt 0.2283864 0.1436277
vt 0.2283864 0.1739181
vt 0.4289461 0.2315092
vt 0.5926588 0.5328167
vt 0.2465758 0.1743157
vt 0.2381803 0.1742504
vt 0.6089825 0.0772234
vt 0.4294116 0.2140536
vt 0.4294116 0.2448576
vt 0.6742810 0.6752841
vt 0.5562763 0.2513474
vt 0.2153248 0.6763110
vt 0.4298771 0.2145671
vt 0.5935898 0.4958521
vt 0.1267046 0.2137960
vt 0.6957344 0.0113043
vt 0.3510516 0.6674382
vt 0.4303426 0.2448576
vt 0.6752120 0.6752841
vt 0.1271701 0.2137960
vt 0.6271701 0.2912786
vt 0.3515171 0.6202059
vt 0.3515171 0.6648713
vt 0.5945209 0.5143344
vt 0.5945209 0.5328167
vt 0.5576729 0.2826645
vt 0.8146691 0.5698213
vt 0.2400423 0.1439599
vt 0.3519826 0.6202059
vt 0.7363109 0.4582222
vt 0.5949863 0.4968790
vt 0.8151347 0.5698213
vt 0.1281011 0.2137960
vt 0.7367765 0.4582222
vt 0.4172802 0.6376613
vt 0.8897616 0.5406112
vt 0.2176524 0.7076280
vt 0.4844434 0.2144351
vt 0.8902270 0.5673079
vt 0.8902270 0.5945179
vt 0.2498343 0.1440253
vt 0.0758604 0.1112968
vt 0.2181179 0.7076280
vt 0.8906925 0.5673079
vt 0.3594417 0.6764218
vt 0.1294976 0.2281710
vt 0.1192364 0.5385647
vt 0.1192364 0.5683416
vt 0.1192364 0.5991453
vt 0.4853745 0.2144351
vt 0.8911581 0.5945179
vt 0.7050564 0.4701662
vt 0.5609315 0.2677762
vt 0.2516964 0.1743157
vt 0.6794016 0.7184095
vt 0.6794016 0.7404856
vt 0.3613036 0.6764218
vt 0.2908745 0.5379283
vt 0.2908745 0.5682188
vt 0.2908745 0.5990225
vt 0.1780014 0.0166556
vt 0.4205387 0.6540901
vt 0.6145686 0.0587411
vt 0.6798671 0.6804180
vt 0.6798671 0.6999272
vt 0.3617692 0.6943905
vt 0.2913401 0.5379283
vt 0.2526274 0.1440253
vt 0.7353699 0.1686625
vt 0.3561722 0.6366344
vt 0.4354632 0.2448576
vt 0.6677384 0.0948511
vt 0.7013204 0.0113043
vt 0.2213764 0.7291908
vt 0.7759473 0.0910107
vt 0.4214697 0.6371480
vt 0.4219353 0.6078842
vt 0.4219353 0.6371480
vt 0.4219353 0.6494694
vt 0.4219353 0.6674382
vt 0.4363942 0.2145671
vt 0.4699753 0.3391393
vt 0.6332216 0.3061671
vt 0.4224007 0.6037771
vt 0.4224007 0.6371480
vt 0.4704409 0.3386257
vt 0.4704409 0.3391393
vt 0.4228662 0.6674382
vt 0.5226788 0.2434562
vt 0.7092460 0.4568179
vt 0.7376975 0.1686625
vt 0.2232385 0.7189229
vt 0.3645621 0.7118462
vt 0.4904950 0.2298372
vt 0.0557926 0.2876897
vt 0.8221173 0.5410711
vt 0.8221173 0.5698213
vt 0.8221173 0.5990851
vt 0.6705314 0.0994715
vt 0.4242628 0.6371480
vt 0.5240753 0.2141927
vt 0.0884410 0.2905436
vt 0.3598962 0.6520363
vt 0.7395594 0.1470997
vt 0.7395594 0.1476130
vt 0.0889064 0.3069724
vt 0.0828430 0.1390204
vt 0.3603617 0.6520363
vt 0.0571892 0.2876897
vt 0.7400250 0.1445326
vt 0.7400250 0.1573676
vt 0.0893720 0.3239145
vt 0.4923571 0.2447255
vt 0.4256593 0.6048038
vt 0.4256593 0.6371480
vt 0.4256593 0.6674382
vt 0.5254718 0.2141927
vt 0.5254718 0.2434562
vt 0.0898374 0.3234012
vt 0.1369456 0.2137960
vt 0.5819083 0.0592144
vt 0.6625986 0.0195699
vt 0.4928225 0.2447255
vt 0.4261247 0.6048038
vt 0.4261247 0.6371480
vt 0.4261247 0.6674382
vt 0.6709941 0.0105462
vt 0.6709941 0.0110596
vt 0.0903030 0.3234012
vt 0.8990716 0.5539595
vt 0.4867582 0.5384419
vt 0.4867582 0.5687323
vt 0.4867582 0.5990225
vt 0.6635297 0.0267574
vt 0.1276156 0.5683416
vt 0.4937536 0.2298372
vt 0.4415148 0.2145671
vt 0.4415148 0.2448576
vt 0.8995372 0.5811695
vt 0.4872238 0.5384419
vt 0.4872238 0.5687323
vt 0.4872238 0.5990225
vt 0.1280810 0.5683416
vt 0.4275213 0.6371480
vt 0.4419802 0.2145671
vt 0.4876892 0.5384419
vt 0.4876892 0.5687323
vt 0.0595167 0.3236277
vt 0.3687518 0.7092791
vt 0.0856361 0.1112968
vt 0.4424458 0.2145671
vt 0.4424458 0.2448576
vt 0.4881547 0.5384419
vt 0.4881547 0.5687323
vt 0.4881547 0.5990225
vt 0.1392732 0.2137960
vt 0.4886202 0.5533302
vt 0.4886202 0.5820804
vt 0.1397387 0.2435731
vt 0.3640857 0.6674382
vt 0.7484141 0.4618160
vt 0.7833954 0.1069259
vt 0.4289178 0.6674382
vt 0.4433768 0.2145671
vt 0.2997192 0.5682188
vt 0.1024244 0.0477717
vt 0.4960811 0.2447255
vt 0.4293834 0.6048038
vt 0.4293834 0.6371480
vt 0.4965466 0.2447255
vt 0.4298488 0.6366344
vt 0.3710793 0.6789886
vt 0.1308741 0.5385647
vt 0.4303144 0.6628178
vt 0.5627761 0.0588560
vt 0.5301268 0.2141927
vt 0.5301268 0.2439695
vt 0.6416007 0.2902517
vt 0.3659477 0.6232861
vt 0.7502761 0.4310120
vt 0.4307798 0.6053173
vt 0.9032611 0.5821964
vt 0.0627752 0.2871764
vt 0.3720103 0.7364891
vt 0.6420662 0.2902517
vt 0.3664133 0.6232861
vt 0.2311521 0.7415122
vt 0.0632407 0.2871764
vt 0.6262062 0.0772234
vt 0.3472874 0.0102091
vt 0.2325486 0.6891460
vt 0.5324543 0.2141927
vt 0.3738722 0.7251943
vt 0.1439282 0.2137960
vt 0.1439282 0.2435731
vt 0.6439282 0.3215690
vt 0.1336670 0.5683416
vt 0.4331073 0.6417684
vt 0.3743378 0.7251943
vt 0.4666885 0.6674382
vt 0.5893564 0.0771831
vt 0.1341326 0.5683416
vt 0.3687408 0.6674382
vt 0.2334796 0.6788778
vt 0.0916877 0.1159174
vt 0.4942063 0.5523036
vt 0.3491494 0.0102091
vt 0.0982165 0.2874635
vt 0.1350636 0.5986320
vt 0.4946718 0.5523036
vt 0.7148201 0.0113043
vt 0.1355291 0.5986320
vt 0.3701373 0.6397148
vt 0.5016672 0.2447255
vt 0.9074507 0.5400978
vt 0.0669647 0.3174669
vt 0.0991475 0.2895170
vt 0.6462557 0.2902517
vt 0.1359945 0.5986320
vt 0.2353416 0.7214900
vt 0.2353416 0.7266239
vt 0.7899124 0.0858767
vt 0.5021326 0.2149487
vt 0.6975617 0.0596661
vt 0.5352474 0.2141927
vt 0.0674302 0.3174669
vt 0.2358071 0.7204631
vt 0.9083817 0.5673079
vt 0.7222801 0.4434695
vt 0.7222801 0.4701662
vt 0.3715339 0.6407417
vt 0.2567941 0.1435795
vt 0.3775963 0.6789886
vt 0.6831000 0.0845832
vt 0.0944806 0.1251585
vt 0.4368314 0.6525499
vt 0.6308612 0.0587411
vt 0.4969993 0.5990225
vt 0.2572596 0.1738699
vt 0.3780619 0.6933639
vt 0.3076327 0.5379283
vt 0.3076327 0.5682188
vt 0.3076327 0.5979959
vt 0.2372036 0.7266239
vt 0.3080982 0.5928619
vt 0.3080982 0.5985092
vt 0.6840310 0.1066593
vt 0.7922400 0.0915240
vt 0.4377624 0.6525499
vt 0.5375749 0.2290810
vt 0.3085637 0.5379283
vt 0.3085637 0.5548704
vt 0.3085637 0.5718125
vt 0.6844966 0.0866367
vt 0.2735824 0.1743127
vt 0.9107093 0.5991385
vt 0.6849621 0.0866367
vt 0.2740479 0.1440223
vt 0.4722746 0.6371480
vt 0.1401841 0.5683416
vt 0.3747924 0.6407417
vt 0.3747924 0.6674382
vt 0.7595863 0.4690035
vt 0.2754445 0.1440223
vt 0.4400900 0.6525499
vt 0.4545490 0.2294557
vt 0.3108913 0.5548704
vt 0.3757233 0.6104513
vt 0.4405554 0.6525499
vt 0.2899024 0.1436105
vt 0.2899024 0.1739010
vt 0.0725508 0.2876897
vt 0.2609837 0.1435795
vt 0.3817859 0.6779620
vt 0.1047337 0.3136466
vt 0.4741367 0.6371480
vt 0.4741367 0.6674382
vt 0.3761889 0.6063440
vt 0.3761889 0.6371480
vt 0.3761889 0.6674382
vt 0.4410210 0.6217458
vt 0.7031479 0.0776351
vt 0.3822513 0.6784753
vt 0.5972700 0.0587008
vt 0.2908334 0.1436105
vt 0.0734818 0.3174669
vt 0.0734818 0.3179802
vt 0.2773064 0.1743127
vt 0.5021199 0.5692457
vt 0.0739474 0.3174669
vt 0.3127533 0.5379283
vt 0.4424175 0.6633311
vt 0.2917645 0.1739010
vt 0.5025854 0.5692457
vt 0.1065956 0.3182672
vt 0.6537039 0.3205421
vt 0.1434427 0.5991453
vt 0.6541694 0.3051402
vt 0.1439082 0.5375378
vt 0.2432552 0.7415122
vt 0.5100463 0.2303506
vt 0.4433485 0.6674382
vt 0.9158299 0.5693614
vt 0.0753438 0.2876897
vt 0.1443736 0.5683416
vt 0.3062207 0.1742482
vt 0.5039819 0.5399821
vt 0.5039819 0.5692457
vt 0.3850444 0.7077389
vt 0.9167608 0.5539595
vt 0.4778607 0.6371480
vt 0.3799130 0.6371480
vt 0.5049130 0.5399821
vt 0.5445575 0.2147060
vt 0.4783261 0.6037771
vt 0.1028597 0.1390204
vt 0.5450230 0.2147060
vt 0.3864410 0.7164666
vt 0.0776713 0.2876897
vt 0.7656377 0.4705437
vt 0.2814959 0.1440223
vt 0.3169428 0.5682188
vt 0.1042563 0.1390204
vt 0.2959540 0.1436105
vt 0.2670353 0.1435795
vt 0.3878375 0.6923370
vt 0.5077059 0.5389552
vt 0.7623692 0.1743097
vt 0.3104103 0.1439580
vt 0.2479103 0.7220033
vt 0.4815847 0.6099380
vt 0.4815847 0.6371480
vt 0.4815847 0.6674382
vt 0.3836369 0.6674382
vt 0.3192712 0.1440122
vt 0.3635801 0.0112357
vt 0.4820502 0.6037771
vt 0.6047181 0.0771831
vt 0.3841024 0.6053173
vt 0.3841024 0.6371480
vt 0.5487471 0.2449964
vt 0.2693628 0.1435795
vt 0.2693628 0.1738699
vt 0.4825158 0.6371480
vt 0.3845680 0.6068575
vt 0.3845680 0.6371480
vt 0.3845680 0.6674382
vt 0.6606864 0.2892251
vt 0.7693618 0.4366595
vt 0.2497722 0.7019808
vt 0.5496781 0.2147060
vt 0.3206669 0.5379283
vt 0.3206669 0.5990225
vt 0.4834467 0.6099380
vt 0.4834467 0.6371480
vt 0.4834467 0.6674382
vt 0.1079803 0.1159174
vt 0.3854990 0.6371480
vt 0.2856856 0.1440223
vt 0.2856856 0.1743127
vt 0.4503311 0.6674382
vt 0.0823264 0.2876897
vt 0.3211323 0.5682188
vt 0.4839122 0.6099380
vt 0.4839122 0.6371480
vt 0.4839122 0.6674382
vt 0.6616174 0.3205421
vt 0.3859644 0.6068575
vt 0.3859644 0.6674382
vt 0.4507965 0.6371480
vt 0.4652555 0.2448576
vt 0.9232779 0.5868168
vt 0.5109644 0.5856744
vt 0.3864300 0.6068575
vt 0.5179598 0.2452391
vt 0.5510746 0.2147060
vt 0.0832575 0.3174669
vt 0.4848433 0.6371480
vt 0.6882015 0.0226503
vt 0.3868955 0.6371480
vt 0.5184254 0.2154620
vt 0.4517276 0.6063440
vt 0.5515401 0.2449964
vt 0.3929580 0.7087658
vt 0.7665587 0.1506935
vt 0.3668386 0.0112357
vt 0.3873610 0.6068575
vt 0.3873610 0.6371480
vt 0.3873610 0.6674382
vt 0.7716893 0.4448739
vt 0.2520998 0.6814449
vt 0.4521930 0.6371480
vt 0.4521930 0.6674382
vt 0.3015401 0.1739010
vt 0.0841884 0.2876897
vt 0.3934235 0.7087658
vt 0.4857743 0.6099380
vt 0.4857743 0.6371480
vt 0.4857743 0.6674382
vt 0.3150653 0.1439580
vt 0.3150653 0.1742482
vt 0.3234608 0.1440122
vt 0.3234608 0.1743027
vt 0.4526586 0.6068575
vt 0.4526586 0.6371480
vt 0.4526586 0.6674382
vt 0.3020056 0.1436105
vt 0.7147855 0.0596661
vt 0.4727145 0.0306824
vt 0.0636660 0.3722574
vt 0.0636660 0.3886860
vt 0.0636660 0.4143558
vt 0.0641316 0.3881727
vt 0.0020924 0.0572714
vt 0.0673901 0.3886860
vt 0.0720451 0.4143558
vt 0.0734417 0.4143558
vt 0.0743727 0.3722574
vt 0.0748382 0.3876593
vt 0.0753036 0.3722574
vt 0.0753036 0.3881727
vt 0.4862142 0.0188743
vt 0.0790277 0.3886860
vt 0.0799587 0.3886860
vt 0.0179197 0.0772939
vt 0.0202472 0.0572714
vt 0.0860103 0.4164095
vt 0.1107296 0.2873657
vt 0.1107296 0.3058480
vt 0.1107296 0.3238169
vt 0.0864758 0.3722574
vt 0.0864758 0.3881727
vt 0.5043853 0.0188724
vt 0.5043853 0.0306805
vt 0.0869413 0.3886860
vt 0.7814367 0.3434115
vt 0.7814367 0.3439249
vt 0.7814367 0.3675412
vt 0.7819022 0.3316035
vt 0.5001794 0.0188743
vt 0.5001794 0.0301691
vt 0.1181777 0.3176562
vt 0.7879538 0.3316035
vt 0.7884192 0.3434115
vt 0.7888848 0.3439249
vt 0.1205052 0.3022542
vt 0.1209706 0.3022542
vt 0.5150919 0.0188724
vt 0.7189157 0.0594489
vt 0.5155575 0.0306805
vt 0.5197544 0.0306895
vt 0.5202198 0.0188814
vt 0.1237637 0.2873657
vt 0.5225455 0.0518203
vt 0.5239420 0.0366751
vt 0.1302807 0.3022542
vt 0.1307463 0.3176562
vt 0.8005224 0.3598402
vt 0.3275736 0.1741255
vt 0.3280392 0.1438351
vt 0.8019189 0.3305766
vt 0.8028499 0.3423847
vt 0.5304609 0.0188814
vt 0.5304609 0.0306895
vt 0.2632034 0.0368614
vt 0.2632034 0.0404551
vt 0.2636690 0.0481561
vt 0.2636690 0.0517498
vt 0.5304591 0.0518203
vt 0.8056429 0.3675412
vt 0.6279368 0.1129629
vt 0.6279368 0.1391461
vt 0.5341832 0.0371886
vt 0.5346486 0.0371886
vt 0.7356739 0.0594489
vt 0.3382803 0.1592370
vt 0.6335228 0.1129629
vt 0.7407944 0.0774177
vt 0.5430277 0.0528471
vt 0.5437260 0.0528471
vt 0.6393417 0.1129629
vt 0.6393417 0.1391461
vt 0.6398072 0.1160433
vt 0.2787979 0.0368614
vt 0.2792633 0.0368614
vt 0.2792633 0.0517498
vt 0.3636841 0.1438995
vt 0.3636841 0.1741899
vt 0.2797289 0.0363480
vt 0.2797289 0.0527767
vt 0.6421347 0.1365791
vt 0.3482886 0.1741255
vt 0.3487542 0.1443485
vt 0.3492197 0.1443485
vt 0.2829874 0.0363480
vt 0.6453933 0.1150164
vt 0.6458587 0.1150164
vt 0.7526648 0.0594489
vt 0.2862459 0.0527767
vt 0.2899700 0.0358346
vt 0.3743907 0.1438995
vt 0.3589953 0.1597504
vt 0.6542378 0.1139896
vt 0.3594608 0.1443485
vt 0.2932286 0.0358346
vt 0.2932286 0.0527767
vt 0.8356716 0.0862501
vt 0.8356716 0.1067859
vt 0.3785802 0.1438995
vt 0.6574964 0.1391461
vt 0.3841664 0.1741899
vt 0.3850974 0.1438995
vt 0.6630824 0.1278514
vt 0.3855628 0.1593015
vt 0.6635479 0.1391461
vt 0.6640134 0.1155298
vt 0.8463783 0.0862501
vt 0.8463783 0.1062726
vt 0.8468438 0.0867636
vt 0.8468438 0.1067859
vt 0.1066330 0.0491778
vt 0.1070986 0.0389099
vt 0.1070986 0.0409636
vt 0.1070986 0.0414769
vt 0.1075641 0.0353161
vt 0.6705306 0.1155298
vt 0.6709960 0.1155298
vt 0.7964597 0.1068574
vt 0.1108227 0.0471243
vt 0.1108227 0.0491778
vt 0.8584814 0.0867636
vt 0.8584814 0.1067859
vt 0.6821682 0.1155298
vt 0.6854267 0.1391461
vt 0.6858922 0.1155298
vt 0.6863577 0.1155298
vt 0.8202178 0.0857357
vt 0.8206833 0.1067850
vt 0.6886852 0.1391461
vt 0.8155454 0.0855515
vt 0.8160109 0.0855515
vt 0.1340979 0.0527717
vt 0.1345634 0.0476377
vt 0.1345634 0.0486645
vt 0.6975299 0.1319585
vt 0.8309244 0.0857357
vt 0.6979953 0.1319585
vt 0.1354944 0.0394233
vt 0.8313899 0.1062715
vt 0.4689832 0.7081939
vt 0.4689832 0.7385286
vt 0.5151586 0.5382254
vt 0.5151586 0.5687424
vt 0.5151586 0.5990227
vt 0.1485541 0.5373979
vt 0.1485541 0.5680991
vt 0.1485541 0.5990227
vt 0.0244869 0.0574516
vt 0.4899720 0.6674383
vt 0.1653451 0.6736322
vt 0.1653451 0.7054971
vt 0.4694341 0.6776106
vt 0.1658307 0.7358892
vt 0.5160166 0.5687424
vt 0.5166601 0.5382254
vt 0.5166601 0.5687424
vt 0.5166601 0.5990227
vt 0.5348130 0.0192519
vt 0.5348130 0.0289510
vt 0.4922795 0.6370592
vt 0.0277610 0.0774177
vt 0.1521850 0.5680991
vt 0.4941542 0.6036583
vt 0.4941542 0.6370592
vt 0.4941542 0.6674383
vt 0.1695940 0.7054971
vt 0.6923481 0.0234497
vt 0.4737176 0.7081939
vt 0.6929250 0.0296527
vt 0.4746195 0.6746268
vt 0.1714150 0.6730968
vt 0.4759722 0.7081939
vt 0.1723861 0.7054971
vt 0.1560177 0.5990227
vt 0.1737215 0.7054971
vt 0.1737215 0.7358892
vt 0.1737215 0.7415124
vt 0.4777758 0.7081939
vt 0.4777758 0.7385286
vt 0.4777758 0.7415124
vt 0.5421059 0.0204347
vt 0.1584384 0.5680991
vt 0.1760280 0.6730968
vt 0.1760280 0.7054971
vt 0.1760280 0.7415124
vt 0.1765136 0.7111203
vt 0.1765136 0.7364246
vt 0.1769992 0.6895646
vt 0.4807067 0.7415124
vt 0.4811575 0.6746268
vt 0.4811575 0.7081939
vt 0.4816084 0.6828321
vt 0.4816084 0.7111777
vt 0.4816084 0.7415124
vt 0.1779703 0.7111203
vt 0.1620693 0.5378429
vt 0.1797913 0.6895646
vt 0.4838630 0.6776106
vt 0.4838630 0.6828321
vt 0.1802770 0.7111203
vt 0.4843138 0.7111777
vt 0.0398942 0.0625493
vt 0.0398942 0.0661602
vt 0.0398942 0.0738068
vt 0.0398942 0.0774177
vt 0.1807624 0.7111203
vt 0.1807624 0.7328098
vt 0.1807624 0.7415124
vt 0.1644899 0.5680991
vt 0.1816122 0.7111203
vt 0.1648933 0.5680991
vt 0.1820979 0.7328098
vt 0.4863430 0.7111777
vt 0.5506858 0.0204347
vt 0.0425906 0.0574516
vt 0.1667088 0.5680991
vt 0.1671123 0.5985777
vt 0.1840402 0.6875564
vt 0.1840402 0.7111203
vt 0.1840402 0.7328098
vt 0.4881465 0.7111777
vt 0.4881465 0.7415124
vt 0.3897497 0.1437334
vt 0.3901139 0.1741255
vt 0.4885974 0.6776106
vt 0.4885974 0.6823349
vt 0.6868095 0.3314876
vt 0.6886132 0.3675412
vt 0.7105192 0.0223363
vt 0.7115288 0.0218592
vt 0.1723570 0.5680991
vt 0.1723570 0.5979103
vt 0.1727604 0.5382878
vt 0.3953339 0.1437334
vt 0.6915439 0.3309903
vt 0.1733656 0.5676541
vt 0.1733656 0.5959080
vt 0.6840019 0.7085281
vt 0.6840019 0.7389152
vt 0.1737690 0.5373979
vt 0.1741724 0.5373979
vt 0.6844729 0.6751544
vt 0.5590512 0.0265854
vt 0.6933476 0.3309903
vt 0.6858858 0.7085281
vt 0.1759879 0.5676541
vt 0.6947003 0.3309903
vt 0.6872987 0.7389152
vt 0.5614106 0.0306070
vt 0.6877697 0.7085281
vt 0.6887117 0.6751544
vt 0.5631266 0.0218540
vt 0.1788119 0.5959080
vt 0.1794171 0.5676541
vt 0.6980821 0.3304931
vt 0.0562645 0.0625493
vt 0.0562645 0.0774177
vt 0.6985329 0.3670439
vt 0.6909488 0.7085281
vt 0.0566497 0.0625493
vt 0.0572275 0.0589384
vt 0.0572275 0.0774177
vt 0.5659150 0.0213810
vt 0.7209027 0.0213819
vt 0.7209027 0.0280622
vt 0.7209027 0.0306070
vt 0.6942457 0.7085281
vt 0.6942457 0.7415124
vt 0.0603089 0.0589384
vt 0.1844601 0.5990227
vt 0.6951876 0.6751544
vt 0.7034928 0.3299958
vt 0.6956587 0.6813875
vt 0.6956587 0.7111253
vt 0.6956587 0.7415124
vt 0.1868807 0.5680991
vt 0.0635830 0.0774177
vt 0.7059728 0.3603305
vt 0.7064237 0.3603305
vt 0.1882927 0.5378429
vt 0.6989555 0.7111253
vt 0.1886962 0.5680991
vt 0.1890996 0.5387328
vt 0.1890996 0.5687665
vt 0.1890996 0.5990227
vt 0.7073255 0.3299958
vt 0.5738515 0.0296607
vt 0.3994741 0.1438230
vt 0.3994741 0.1741577
vt 0.4465824 0.1741255
vt 0.4474842 0.1437908
vt 0.7296999 0.0213819
vt 0.7296999 0.0244040
vt 0.4479351 0.1437908
vt 0.0674349 0.0589384
vt 0.7021346 0.7415124
vt 0.7030766 0.6793098
vt 0.7030766 0.7111253
vt 0.7035476 0.6838549
vt 0.7035476 0.7111253
vt 0.7035476 0.7415124
vt 0.4033069 0.1438230
vt 0.4508659 0.1741255
vt 0.7044896 0.7111253
vt 0.4042086 0.1741577
vt 0.4513168 0.1741255
vt 0.0707089 0.0589384
vt 0.0707089 0.0774177
vt 0.0710941 0.0593633
vt 0.0710941 0.0774177
vt 0.4055613 0.1438230
vt 0.1957564 0.5687665
vt 0.7063736 0.6838549
vt 0.7063736 0.7111253
vt 0.7063736 0.7415124
vt 0.8262593 0.5393519
vt 0.8262593 0.5697128
vt 0.8266828 0.5990227
vt 0.8272123 0.5393519
vt 0.0743681 0.0593633
vt 0.5837184 0.0244563
vt 0.4565022 0.1741255
vt 0.5239795 0.1438452
vt 0.5239795 0.1741255
vt 0.8295416 0.5697128
vt 0.4583058 0.1437908
vt 0.5259099 0.1438452
vt 0.4587567 0.1437908
vt 0.2022113 0.5373979
vt 0.2022113 0.5687665
vt 0.2022113 0.5990227
vt 0.0782199 0.0774177
vt 0.2026147 0.5382878
vt 0.2026147 0.5687665
vt 0.2026147 0.5990227
vt 0.8332474 0.5990227
vt 0.8336709 0.5990227
vt 0.5282694 0.1741255
vt 0.4614621 0.1741255
vt 0.4148048 0.1438230
vt 0.4619130 0.1741255
vt 0.8346239 0.5686618
vt 0.8346239 0.5917827
vt 0.2050354 0.5687665
vt 0.0813014 0.0593633
vt 0.8351532 0.5470589
vt 0.5310578 0.1438452
vt 0.4639421 0.1741255
vt 0.8374826 0.5470589
vt 0.2078594 0.5382878
vt 0.2078594 0.5687665
vt 0.2078594 0.5990227
vt 0.8379061 0.5686618
vt 0.2082629 0.5387328
vt 0.0845754 0.0593633
vt 0.0845754 0.0774177
vt 0.2086663 0.5387328
vt 0.2086663 0.5692114
vt 0.2086663 0.5990227
vt 0.7483037 0.0202686
vt 0.5478398 0.0372207
vt 0.8392825 0.5686618
vt 0.5338464 0.1438452
vt 0.7488805 0.0269487
vt 0.7488805 0.0306070
vt 0.5342754 0.1741255
vt 0.0487534 0.5022856
vt 0.0487534 0.5326646
vt 0.8398119 0.5686618
vt 0.5347043 0.1601681
vt 0.0491861 0.4750877
vt 0.8402354 0.5686618
vt 0.0506283 0.5022856
vt 0.5362058 0.1438452
vt 0.5366348 0.1438452
vt 0.4698037 0.1741255
vt 0.8425647 0.5990227
vt 0.5370638 0.1741255
vt 0.8430942 0.5511459
vt 0.8430942 0.5753178
vt 0.8430942 0.5990227
vt 0.4233719 0.1438230
vt 0.4233719 0.1741577
vt 0.4238228 0.1438230
vt 0.0529356 0.5326646
vt 0.4242737 0.1741577
vt 0.4713819 0.1442881
vt 0.5385653 0.1438452
vt 0.5385653 0.1741255
vt 0.5389943 0.1438452
vt 0.4718329 0.1437908
vt 0.4722837 0.1437908
vt 0.4722837 0.1741255
vt 0.2153230 0.5692114
vt 0.5402812 0.1438452
vt 0.5402812 0.1741255
vt 0.5407102 0.1741255
vt 0.0556758 0.5022856
vt 0.5413537 0.1447914
vt 0.5561212 0.0527264
vt 0.4274301 0.1438230
vt 0.8477529 0.5753178
vt 0.5426407 0.1741255
vt 0.4758909 0.1741255
vt 0.0581274 0.4750877
vt 0.0585601 0.5022856
vt 0.0589927 0.5326646
vt 0.0594254 0.5022856
vt 0.4312627 0.1741577
vt 0.4783709 0.1741255
vt 0.2213746 0.5990227
vt 0.0600023 0.5326646
vt 0.0604349 0.5022856
vt 0.2221816 0.5692114
vt 0.0608676 0.5022856
vt 0.0608676 0.5326646
vt 0.4321645 0.1438230
vt 0.4792727 0.1437908
vt 0.2227867 0.5387328
vt 0.8528351 0.5502117
vt 0.8528351 0.5753178
vt 0.8528351 0.5990227
vt 0.2231901 0.5687665
vt 0.2231901 0.5919035
vt 0.5473597 0.1741255
vt 0.2235935 0.5469642
vt 0.5477887 0.1447914
vt 0.0567227 0.0156601
vt 0.0567227 0.0306070
vt 0.5626694 0.0372207
vt 0.5626694 0.0516643
vt 0.4348699 0.1438230
vt 0.5636322 0.0367959
vt 0.5501481 0.1741255
vt 0.2260141 0.5687665
vt 0.4362226 0.1438230
vt 0.4362226 0.1741577
vt 0.5505771 0.1447914
vt 0.2268211 0.5469642
vt 0.7529651 0.0284779
vt 0.7533941 0.0204347
vt 0.2278297 0.5687665
vt 0.2282330 0.5687665
vt 0.0613815 0.0156601
vt 0.0613815 0.0306070
vt 0.4382517 0.1438230
vt 0.0021035 0.0028856
vt 0.4391534 0.1741577
vt 0.2296451 0.5990227
vt 0.2302502 0.5896788
vt 0.4876144 0.1741255
vt 0.2306537 0.5687665
vt 0.2316623 0.5469642
vt 0.5548899 0.1438693
vt 0.4418589 0.1741577
vt 0.0053858 0.0028856
vt 0.4423097 0.1438230
vt 0.7585420 0.0284779
vt 0.5711433 0.0527264
vt 0.5721063 0.0367959
vt 0.5724915 0.0378579
vt 0.5724915 0.0527264
vt 0.0081386 0.0069726
vt 0.0081386 0.0110597
vt 0.0086680 0.0069726
vt 0.5589243 0.1741255
vt 0.0114209 0.0069726
vt 0.0114209 0.0110597
vt 0.5617484 0.1741255
vt 0.4959561 0.1437908
vt 0.4959561 0.1741255
vt 0.4964070 0.1731309
vt 0.5627570 0.1438693
vt 0.3449160 0.0830620
vt 0.4975342 0.1437908
vt 0.5641689 0.1438693
vt 0.3482020 0.0830620
vt 0.5669930 0.1438693
vt 0.5669930 0.1741255
vt 0.5011414 0.1437908
vt 0.5673965 0.1438693
vt 0.5673965 0.1741255
vt 0.5015923 0.1437908
vt 0.3500421 0.0835936
vt 0.5855877 0.0378579
vt 0.5855877 0.0527264
vt 0.5702205 0.1438693
vt 0.3840979 0.0361668
vt 0.5045231 0.1736283
vt 0.5712291 0.1741255
vt 0.5716326 0.1438693
vt 0.5720360 0.1438693
vt 0.5067777 0.1437908
vt 0.5734481 0.1438693
vt 0.7767743 0.0306070
vt 0.5748600 0.1741255
vt 0.3883878 0.0522532
vt 0.3883878 0.0527264
vt 0.3888168 0.0522532
vt 0.5119630 0.1437908
vt 0.5124139 0.1437908
vt 0.3928923 0.0435003
vt 0.3612580 0.1021000
vt 0.3612580 0.1067387
vt 0.5142176 0.1437908
vt 0.5151193 0.1741255
vt 0.3948228 0.0475219
vt 0.2208489 0.0069445
vt 0.2213162 0.0110597
vt 0.3663841 0.1067387
vt 0.3673041 0.0835936
vt 0.5198538 0.1741255
vt 0.2236455 0.0069445
vt 0.5207556 0.1437908
vt 0.2245802 0.0105443
usemtl material_0
f 1586/2163 2140/2161 1998/2161
f 1998/2185 2140/2185 1586/2175
f 1481/2174 1582/2176 1548/2175
f 1548/2175 1582/2176 1657/2180
f 1523/2169 1385/2169 1465/2170
f 1465/2170 1385/2169 1374/2170
f 1385/2169 1481/2174 1374/2170
f 1481/2174 1548/2175 1374/2170
f 1374/2170 1548/2175 1431/2170
f 1431/2170 1548/2175 1570/2175
f 1570/2175 1548/2175 1586/2175
f 1586/2175 1548/2175 1998/2185
f 1548/2175 1657/2180 1998/2185
f 1657/2180 2070/2184 1998/2185
f 1434/2165 1524/2164 1642/2162
f 1524/2164 1569/2163 1642/2162
f 2071/2160 1642/2162 1998/2161
f 1642/2162 1569/2163 1998/2161
f 1998/2161 1569/2163 1586/2163
f 1586/2163 1569/2163 1587/2163
f 1587/2163 1569/2163 1432/2168
f 1432/2168 1569/2163 1374/2168
f 1374/2168 1453/2167 1511/2168
f 1511/2168 1453/2167 1452/2167
f 1452/2167 1453/2167 1463/2166
f 1463/2166 1453/2167 1375/2166
f 1375/2166 1453/2167 1386/2167
f 1453/2167 1374/2168 1386/2167
f 1374/2168 1569/2163 1386/2167
f 1569/2163 1524/2164 1386/2167
f 1524/2164 1434/2165 1386/2167
f 1386/2167 1434/2165 1375/2166
f 1375/2166 1434/2165 1394/2166
f 1394/2165 1434/2165 1490/2165
f 2216/2159 1490/2165 2004/2159
f 1490/2165 1434/2165 2004/2159
f 1434/2165 1642/2162 2004/2159
f 1642/2162 2071/2160 2004/2159
f 2071/2160 1932/2160 2004/2159
f 1900/2159 2004/2159 1932/2160
f 1932/2160 2071/2160 1899/2161
f 2071/2160 1998/2161 1899/2161
f 1899/2185 1998/2185 1929/2184
f 4203/50 4207/50 4771/69
f 3609/96 3626/95 3628/96
f 3626/95 3764/95 3628/96
f 4207/117 4203/117 3628/96
f 3628/96 4203/117 3609/96
f 4771/153 5244/134 5219/134
f 5219/134 5244/134 5342/135
f 4881/38 4193/37 4192/41
f 1779/13 2450/1 2457/1
f 3307/45 2769/61 3292/45
f 3292/45 2769/61 2897/58
f 3321/39 2897/58 3059/48
f 2897/58 2769/61 3059/48
f 3059/48 2769/61 2952/55
f 2952/55 2769/61 2914/59
f 2914/59 2769/61 2872/60
f 2872/60 2769/61 2937/57
f 3294/126 2890/141 3434/107
f 2890/141 2906/141 3434/107
f 3446/107 3434/107 2922/141
f 3434/107 2906/141 2922/141
f 2922/93 2906/93 2512/116
f 2906/93 2890/93 2512/116
f 2890/93 2494/116 2512/116
f 2512/116 2494/116 2096/137
f 2096/137 2494/116 1712/137
f 2494/116 2423/130 1712/137
f 1824/137 1712/137 1859/140
f 1859/140 1712/137 1761/140
f 1712/137 2423/130 1761/140
f 1761/140 2423/130 2504/120
f 2423/130 2494/116 2504/120
f 2504/120 2494/116 2662/109
f 2494/116 2822/99 2662/109
f 2822/99 2937/90 2662/109
f 2666/70 2662/71 2758/62
f 2662/71 2937/57 2758/62
f 2937/57 2769/61 2758/62
f 2758/62 2769/61 2766/61
f 2766/61 2769/61 2780/61
f 2780/61 2769/61 2791/61
f 2769/61 3307/45 2791/61
f 2791/61 3307/45 3315/45
f 3315/45 3307/45 3914/26
f 3914/26 3307/45 3673/26
f 3307/45 3292/45 3673/26
f 3292/45 2897/58 3673/26
f 2897/58 3321/39 3673/26
f 3782/26 3673/26 3738/27
f 3738/27 3673/26 3619/27
f 3619/27 3673/26 3518/28
f 3673/26 3321/39 3518/28
f 3321/39 3059/48 3518/28
f 3518/28 3059/48 3314/44
f 3059/48 2952/55 3314/44
f 2952/55 2914/59 3314/44
f 3314/44 2914/59 3256/47
f 2914/59 2872/60 3256/47
f 3256/47 2872/60 3054/49
f 2872/60 2937/57 3054/49
f 3054/86 2937/90 3319/74
f 3319/74 2937/90 3286/80
f 3286/80 2937/90 3294/79
f 2937/90 2822/99 3294/79
f 3294/126 2822/152 2890/141
f 2822/99 2494/116 2890/93
f 2145/143 1713/150 1712/143
f 3649/139 3650/139 3712/100
f 3801/100 3712/100 3651/139
f 3712/100 3650/139 3651/139
f 1684/151 1683/151 1713/150
f 1713/150 1683/151 1801/144
f 3273/23 3429/33 2718/34
f 3429/33 2903/53 2718/34
f 2492/25 2718/34 1801/35
f 1801/144 2718/113 2488/131
f 2488/131 2718/113 2719/112
f 2718/113 2903/101 2719/112
f 2729/112 2719/112 3294/87
f 2719/112 2903/101 3294/87
f 2903/101 3429/78 3294/87
f 3429/78 3437/76 3294/87
f 3294/87 3437/76 3405/81
f 3405/81 3437/76 3485/67
f 3733/40 3493/46 3565/24
f 3493/46 3489/30 3565/24
f 1876/151 1684/151 1825/150
f 1684/151 1713/150 1825/150
f 1825/150 1713/150 1714/150
f 1714/150 1713/150 1733/150
f 1732/143 1733/150 1712/143
f 1733/150 1713/150 1712/143
f 1713/150 1801/144 1712/143
f 1801/144 2488/131 1712/143
f 2488/131 2719/112 1712/143
f 2719/112 2729/112 1712/143
f 1712/143 2729/112 2145/143
f 2145/143 2729/112 2746/112
f 2746/112 2729/112 3308/87
f 2729/112 3294/87 3308/87
f 3440/77 3308/87 3434/77
f 3308/87 3294/87 3434/77
f 3294/87 3405/81 3434/77
f 3405/81 3485/67 3434/77
f 3485/67 3489/66 3434/77
f 3489/66 3493/65 3434/75
f 3493/125 3733/129 3434/98
f 3440/98 3434/98 3451/98
f 3451/98 3434/98 3446/98
f 3922/100 3446/98 3712/100
f 3446/98 3434/98 3712/100
f 3434/98 3733/129 3712/100
f 3712/100 3733/129 3649/139
f 3733/40 3565/24 3649/29
f 5556/149 4740/123 5206/149
f 4740/123 4723/123 5206/149
f 4844/132 5138/148 4721/122
f 5138/148 4849/133 4721/122
f 4849/133 4889/138 4721/122
f 4721/122 4889/138 4787/128
f 4787/128 4889/138 4723/123
f 4723/123 4889/138 5206/149
f 4889/138 4849/133 5206/149
f 4849/133 5138/148 5206/149
f 5138/148 5139/148 5206/149
f 4452/108 4493/106 4448/111
f 4448/82 4493/84 4531/85
f 4531/85 4493/84 4562/88
f 4493/106 4452/108 4562/105
f 4562/105 4452/108 4576/104
f 4452/108 4597/103 4576/104
f 4597/103 4756/91 4576/104
f 4576/102 4756/110 4669/97
f 4669/97 4756/110 4870/114
f 4870/114 4756/110 4863/124
f 5288/68 4863/83 5206/64
f 5206/64 4863/83 4723/92
f 4863/83 4756/91 4723/92
f 4756/91 4597/103 4723/92
f 4597/103 4452/108 4723/92
f 5556/64 5206/64 4740/92
f 5206/64 4723/92 4740/92
f 4740/92 4723/92 4483/108
f 4723/92 4452/108 4483/108
f 4483/108 4452/108 4320/115
f 4320/115 4452/108 4224/115
f 4452/108 4448/111 4224/115
f 4448/111 4235/118 4224/115
f 4235/118 4276/118 4224/115
f 4224/115 4276/118 4342/115
f 4342/115 4276/118 4354/118
f 4354/72 4276/72 4334/73
f 4334/73 4276/72 4220/73
f 4276/72 4235/72 4220/73
f 4235/72 4448/82 4220/73
f 4448/82 4531/85 4220/73
f 4220/73 4531/85 4260/73
f 4260/73 4531/85 4536/85
f 4536/85 4531/85 4543/85
f 5535/119 4653/94 5161/119
f 5161/119 4653/94 4631/94
f 4653/94 4543/85 4631/94
f 4543/85 4531/85 4631/94
f 4531/85 4562/88 4631/94
f 4562/88 4576/89 4631/94
f 4576/89 4669/97 4631/94
f 4631/94 4669/97 5161/119
f 4669/97 4870/114 5161/119
f 4870/114 4863/124 5161/119
f 4863/124 5288/136 5161/119
f 5288/136 5096/136 5161/119
f 5320/119 5161/119 5248/136
f 5161/119 5096/136 5248/136
f 5248/68 5096/68 5351/64
f 5096/68 5288/68 5351/64
f 5288/68 5206/64 5351/64
f 5351/149 5206/149 5306/148
f 5206/149 5139/148 5306/148
f 3609/5731 3628/5731 3666/5738
f 3666/5738 3628/5731 3567/5738
f 3628/5731 3688/5738 3567/5738
f 3581/5774 3692/5774 3619/5775
f 3619/5775 3692/5774 3738/5775
f 2504/5745 2415/5742 1760/5736
f 1859/5736 1760/5736 1885/5737
f 1885/5737 1760/5736 1807/5737
f 1760/5736 2415/5742 1807/5737
f 2765/5755 2128/5737 2758/5755
f 2128/5737 1807/5737 2758/5755
f 2758/5755 1807/5737 2666/5748
f 1807/5737 2415/5742 2666/5748
f 2415/5742 2504/5745 2666/5748
f 2504/5745 2663/5746 2666/5748
f 4251/5739 4225/5740 4293/5739
f 4331/5741 4293/5739 4243/5741
f 4243/5741 4293/5739 4225/5740
f 4225/5740 4293/5739 4266/5739
f 4266/5739 4293/5739 4371/5739
f 4371/5739 4293/5739 4342/5739
f 4293/5739 4331/5741 4342/5739
f 4342/5739 4331/5741 4361/5741
f 4361/5808 4280/5808 4342/5809
f 4342/5809 4280/5808 4225/5809
f 4280/5808 4243/5808 4225/5809
f 3735/5763 3992/5752 3608/5761
f 3992/5752 4042/5749 3608/5761
f 4042/5749 4140/5744 3608/5761
f 3608/5761 4140/5744 4051/5747
f 4051/5747 4140/5744 4144/5743
f 4144/5743 4140/5744 4243/5741
f 4452/5813 4386/5812 4544/5816
f 4565/5776 4530/5780 4617/5769
f 4617/5769 4530/5780 4574/5777
f 3594/5763 3735/5763 3728/5761
f 3735/5763 3608/5761 3728/5761
f 3728/5761 3608/5761 3692/5760
f 3970/5786 4050/5779 3977/5785
f 4050/5779 4149/5772 3977/5785
f 4149/5822 4001/5815 3977/5811
f 3977/5811 4001/5815 3674/5805
f 4315/5827 3914/5805 4219/5827
f 3914/5805 3674/5805 4219/5827
f 3674/5805 4001/5815 4219/5827
f 4001/5815 4149/5822 4219/5827
f 4149/5822 4236/5826 4219/5827
f 4236/5826 4275/5826 4219/5827
f 4219/5827 4275/5826 4335/5827
f 4335/5827 4275/5826 4353/5826
f 4353/5764 4275/5764 4342/5767
f 4342/5767 4275/5764 4225/5767
f 4275/5764 4236/5764 4225/5767
f 4236/5764 4149/5772 4225/5767
f 4149/5772 4050/5779 4225/5767
f 4320/5767 4225/5767 4070/5779
f 4225/5767 4050/5779 4070/5779
f 4070/5779 4050/5779 3887/5794
f 3408/5762 3387/5759 3491/5770
f 3387/5759 3370/5758 3491/5770
f 3511/5770 3491/5770 3446/5766
f 3446/5766 3491/5770 3434/5766
f 3293/5754 3434/5766 3287/5753
f 3287/5753 3434/5766 3319/5756
f 3434/5766 3491/5770 3319/5756
f 3491/5770 3370/5758 3319/5756
f 3319/5756 3370/5758 3053/5750
f 3370/5758 3387/5759 3053/5750
f 3053/5750 3387/5759 3256/5751
f 3387/5759 3408/5762 3256/5751
f 3256/5751 3408/5762 3313/5757
f 3313/5757 3408/5762 3518/5773
f 3408/5762 3491/5770 3518/5773
f 3619/5775 3518/5773 3581/5774
f 3518/5773 3491/5770 3581/5774
f 3491/5770 3511/5770 3581/5774
f 3511/5770 3887/5774 3581/5774
f 3887/5794 4050/5779 3581/5794
f 4050/5779 3970/5786 3581/5794
f 3581/5794 3970/5786 3619/5795
f 3970/5786 3977/5785 3619/5795
f 3977/5811 3674/5805 3619/5804
f 3674/5805 3782/5805 3619/5804
f 3782/5805 3738/5804 3619/5804
f 3619/5795 3738/5795 3581/5794
f 3738/5795 3692/5794 3581/5794
f 3692/5760 3608/5761 3581/5760
f 3608/5761 4051/5747 3581/5760
f 3581/5760 4051/5747 3887/5760
f 3887/5760 4051/5747 4059/5747
f 4286/5740 4059/5747 4225/5740
f 4059/5747 4051/5747 4225/5740
f 4051/5747 4144/5743 4225/5740
f 4144/5743 4243/5741 4225/5740
f 4243/5808 4386/5812 4225/5809
f 4386/5812 4452/5813 4225/5809
f 4225/5809 4452/5813 4320/5809
f 4320/5809 4452/5813 4483/5813
f 4740/5825 4483/5813 4724/5825
f 4483/5813 4452/5813 4724/5825
f 4452/5813 4544/5816 4724/5825
f 4544/5816 4565/5817 4724/5825
f 4565/5817 4617/5823 4724/5825
f 4724/5825 4617/5823 4788/5828
f 4788/5828 4617/5823 4721/5824
f 4617/5769 4574/5777 4721/5765
f 6215/3109 6073/3074 6562/3209
f 6077/2716 6215/2763 5743/2665
f 6405/3024 6407/3024 6923/3120
f 6932/3120 6923/3120 6924/3120
f 6923/3120 6407/3024 6924/3120
f 7334/2945 7273/2945 7248/2940
f 7273/2945 7320/2940 7248/2940
f 6075/2716 5737/2664 5736/2664
f 5569/3021 5736/3015 5509/3021
f 5736/3015 5737/3015 5509/3021
f 5569/2964 5509/2964 5749/3023
f 5509/2964 5737/3023 5749/3023
f 5749/3023 5737/3023 6075/3067
f 7260/2452 7327/2452 7229/2503
f 7327/2452 7281/2503 7229/2503
f 7229/2503 7281/2503 7218/2502
f 7281/2503 7258/2502 7218/2502
f 7238/2646 6907/2761 6910/2655
f 6907/2761 6763/2822 6910/2655
f 6763/2822 6771/2670 6910/2655
f 6910/2655 6771/2670 6905/2549
f 6719/2694 6747/2694 6612/2845
f 6612/2845 6747/2694 6734/2845
f 6747/2694 6771/2670 6734/2845
f 6771/2670 6763/2822 6734/2845
f 6688/2845 6734/2845 7178/2810
f 7178/2810 6734/2845 7218/2810
f 6734/2845 6763/2822 7218/2810
f 6763/2822 6907/2761 7218/2810
f 6907/2761 7238/2646 7218/2810
f 7238/2646 7295/2646 7218/2810
f 7327/2996 7260/2996 7281/3001
f 7260/2996 7229/3001 7281/3001
f 7281/3001 7229/3001 7258/3005
f 7229/3001 7218/3005 7258/3005
f 7258/2810 7218/2810 7297/2646
f 7218/2810 7295/2646 7297/2646
f 7799/2584 7753/2556 7756/2548
f 7656/2803 7666/2806 7507/2776
f 7507/2776 7666/2806 7575/2783
f 7666/2806 7676/2821 7575/2783
f 7575/2867 7676/2811 7477/2925
f 7477/2925 7676/2811 7521/2878
f 7521/3009 7676/3084 7654/3054
f 7676/3084 7689/3086 7654/3054
f 7689/3086 7756/3124 7654/3054
f 7756/3124 7753/3131 7654/3054
f 7638/3054 7654/3054 7724/3131
f 7654/3054 7753/3131 7724/3131
f 7724/2556 7753/2556 7923/2637
f 7923/2637 7753/2556 8015/2637
f 7753/2556 7799/2584 8015/2637
f 7799/2584 8030/2636 8015/2637
f 8030/2636 7972/2636 8015/2637
f 6043/3291 6326/3126 6344/3126
f 6344/3126 6326/3126 6690/3002
f 6759/2833 6916/2914 6913/2909
f 6913/2909 6916/2914 7229/3001
f 6916/2914 6920/2921 7229/3001
f 7493/2621 7380/2562 7391/2567
f 7380/2562 7229/2503 7391/2567
f 7229/2503 7397/2573 7391/2567
f 7391/2567 7397/2573 7457/2607
f 7467/2612 7544/2654 7604/2666
f 7652/2688 7621/2667 7707/2724
f 7771/2755 7760/2745 7764/2754
f 7760/2745 7707/2728 7764/2754
f 7764/2754 7707/2728 7672/2699
f 7707/2724 7621/2667 7672/2699
f 7621/2667 7604/2666 7672/2699
f 7672/2699 7604/2666 7663/2693
f 7604/2666 7544/2654 7663/2693
f 7663/2693 7544/2654 7406/2577
f 7544/2654 7467/2612 7406/2577
f 7467/2612 7457/2607 7406/2577
f 7457/2607 7397/2573 7406/2577
f 7397/2573 7229/2503 7406/2577
f 7406/2577 7229/2503 7218/2502
f 7229/3001 6920/2921 7218/3005
f 7218/3005 6920/2921 6800/2851
f 6920/2921 6916/2914 6800/2851
f 6800/2847 6916/2914 6765/2840
f 6916/2914 6759/2833 6765/2840
f 6759/2833 6696/2833 6765/2840
f 6765/2840 6696/2833 6674/2840
f 6674/2840 6696/2833 6663/2833
f 6663/2833 6696/2833 6689/2830
f 6689/2830 6696/2833 6784/2830
f 6696/2833 6759/2833 6784/2830
f 6759/2833 6913/2909 6784/2830
f 6784/2830 6913/2909 7260/2996
f 6913/2909 7229/3001 7260/2996
f 7229/2385 7380/2523 7260/2452
f 7380/2523 7493/2621 7260/2452
f 7260/2452 7493/2621 7501/2626
f 7493/2621 7391/2567 7501/2626
f 7391/2567 7457/2607 7501/2626
f 7457/2607 7467/2612 7501/2626
f 7501/2626 7467/2612 7522/2645
f 7467/2612 7604/2666 7522/2645
f 7604/2666 7621/2667 7522/2645
f 7621/2667 7652/2688 7522/2645
f 7522/2645 7652/2688 7768/2740
f 7652/2688 7707/2724 7768/2740
f 7768/2740 7707/2728 7773/2756
f 7707/2728 7760/2745 7773/2756
f 7760/2745 7771/2755 7773/2756
f 7773/2757 7771/2755 7777/2765
f 7777/2765 7771/2755 7812/2777
f 7771/2755 7764/2754 7812/2777
f 7987/2787 8005/2787 8015/2786
f 8005/2787 7812/2777 8015/2786
f 7812/2777 7764/2754 8015/2786
f 8015/2786 7764/2754 7923/2786
f 7923/2786 7764/2754 7747/2754
f 7764/2754 7672/2699 7747/2754
f 7747/2754 7672/2699 7642/2699
f 7642/2699 7672/2699 7647/2699
f 7672/2699 7663/2693 7647/2699
f 7647/2699 7663/2693 7638/2693
f 7663/2693 7406/2577 7638/2693
f 7638/2693 7406/2577 7385/2577
f 7406/2577 7218/2502 7385/2577
f 7385/2577 7218/2502 7178/2502
f 7218/3005 6800/2851 7178/3005
f 7178/3005 6800/2851 6764/2851
f 6800/2851 6765/2840 6764/2851
f 6764/2851 6765/2840 6688/2840
f 6765/2981 6690/3002 6688/2981
f 6688/2981 6690/3002 6611/3002
f 6690/3002 6326/3126 6611/3002
f 6611/3002 6326/3126 6306/3126
f 6306/3126 6326/3126 6038/3291
f 6326/3126 6043/3291 6038/3291
f 6038/2536 6043/2536 5602/2386
f 5602/2386 6043/2536 5493/2386
f 6043/2536 5732/2485 5493/2386
f 5732/2485 5448/2387 5493/2386
f 5448/2387 5516/2387 5493/2386
f 6518/2928 6501/2920 6390/2874
f 6501/2920 6481/2919 6390/2874
f 6390/2862 6481/2919 6372/2858
f 6352/2644 6372/2640 6481/2592
f 6481/2919 6501/2920 6690/2972
f 6501/2920 6518/2928 6690/2972
f 6480/3050 6690/3002 6495/3045
f 6495/3045 6690/3002 6744/2953
f 6506/3010 6744/2953 6782/2922
f 6744/2953 6775/2948 6782/2922
f 6782/2922 6775/2948 6717/2948
f 6717/2948 6775/2948 6765/2981
f 6775/2948 6744/2953 6765/2981
f 6744/2953 6690/3002 6765/2981
f 6690/3016 6518/3075 6765/3000
f 6765/2980 6518/2928 6776/3029
f 6518/2928 6390/2874 6776/3029
f 6776/2482 6390/2625 6529/2528
f 6390/2625 6372/2640 6190/2687
f 6372/2640 6352/2644 6190/2687
f 6190/2534 6352/2605 6175/2522
f 6175/2522 6352/2605 6046/2432
f 6352/2858 6185/2797 6046/2764
f 5891/3329 5859/3330 5972/3313
f 5859/3281 5891/3282 5673/3238
f 5531/3192 5673/3238 5493/3193
f 5673/3238 5891/3282 5493/3193
f 5493/3193 5891/3282 5602/3193
f 5602/3193 5891/3282 5936/3282
f 6306/2839 6326/2839 6611/2972
f 6765/3000 6688/3000 6690/3016
f 6688/3000 6611/3016 6690/3016
f 6690/2972 6611/2972 6344/2839
f 6611/2972 6326/2839 6344/2839
f 6344/2839 6326/2839 6043/2734
f 6326/2839 6306/2839 6043/2734
f 6306/2839 6038/2734 6043/2734
f 6038/2848 5936/2865 6043/2848
f 5936/2865 5891/2865 6043/2848
f 5891/2865 5972/2854 6043/2848
f 5972/3313 6046/3297 6043/3296
f 6046/2764 6185/2797 6043/2734
f 6043/2734 6185/2797 6344/2839
f 6185/2797 6352/2858 6344/2839
f 6352/2858 6481/2913 6344/2839
f 6481/2913 6690/2972 6344/2839
f 6690/3002 6480/3050 6344/3126
f 6043/3291 6344/3126 6183/3172
f 6183/3172 6344/3126 6358/3087
f 6344/3126 6480/3050 6358/3087
f 6480/3050 6495/3045 6358/3087
f 6358/3087 6495/3045 6369/3085
f 6369/3085 6495/3045 6381/3083
f 6495/3045 6744/2953 6381/3083
f 6744/2953 6506/3010 6381/3083
f 6089/3160 6223/3113 6400/3049
f 6223/3113 6381/3083 6400/3049
f 6381/3083 6506/3010 6400/3049
f 6506/3010 6782/2922 6400/3049
f 6393/3027 6400/3049 6784/2869
f 6400/3049 6782/2922 6784/2869
f 6784/2869 6782/2922 6689/2869
f 6689/2869 6782/2922 6687/2922
f 6782/2922 6717/2948 6687/2922
f 6687/2922 6717/2948 6681/2948
f 6681/2948 6717/2948 6674/2981
f 6717/2948 6765/2981 6674/2981
f 6674/2980 6765/2980 6719/3029
f 6765/2980 6776/3029 6719/3029
f 5447/3192 5531/3192 5558/3193
f 5531/3192 5493/3193 5558/3193
f 5558/2386 5493/2386 5517/2387
f 5493/2386 5516/2387 5517/2387
f 5517/2387 5516/2387 5482/2388
f 5516/2387 5448/2387 5482/2388
f 5482/2388 5448/2387 5564/2388
f 5448/2387 5732/2485 5564/2388
f 6063/2538 5585/2388 6013/2538
f 5585/2388 5564/2388 6013/2538
f 5564/2388 5732/2485 6013/2538
f 6013/2538 5732/2485 6029/2537
f 5732/2485 6043/2536 6029/2537
f 6029/3239 6043/3291 6061/3234
f 6043/3291 6183/3172 6061/3234
f 6183/3172 6358/3087 6061/3234
f 6061/3234 6358/3087 6192/3132
f 6358/3087 6369/3085 6192/3132
f 6192/3125 6369/3085 6203/3121
f 6369/3085 6381/3083 6203/3121
f 6381/3083 6223/3113 6203/3121
f 6203/3121 6223/3113 6084/3163
f 6223/3113 6089/3160 6084/3163
f 6089/3160 6400/3049 6084/3159
f 6400/3049 6393/3027 6084/3159
f 6393/3027 6365/3027 6084/3159
f 6052/3163 6084/3163 6054/3159
f 6054/3159 6084/3159 6354/3027
f 6084/3159 6365/3027 6354/3027
f 6354/3027 6365/3027 6670/2869
f 6365/3027 6393/3027 6670/2869
f 6393/3027 6784/2869 6670/2869
f 6670/2830 6784/2830 7078/2996
f 6784/2830 7260/2996 7078/2996
f 7078/2452 7260/2452 7484/2626
f 7260/2452 7501/2626 7484/2626
f 7484/2626 7501/2626 7487/2645
f 7501/2626 7522/2645 7487/2645
f 7487/2645 7522/2645 7499/2645
f 7499/2645 7522/2645 7737/2756
f 7522/2645 7768/2740 7737/2756
f 7768/2740 7773/2756 7737/2756
f 7737/2756 7773/2756 7746/2756
f 7746/2756 7773/2756 7758/2757
f 7773/2756 7777/2765 7758/2756
f 7758/2756 7777/2765 7950/2788
f 7950/2788 7777/2765 8032/2788
f 7777/2765 7812/2777 8032/2788
f 7812/2777 8005/2787 8032/2788
f 8005/2787 7987/2787 8032/2788
f 8032/2788 7987/2787 7924/2788
f 7924/2788 7987/2787 7884/2787
f 7884/2787 7987/2787 7903/2786
f 7987/2787 8015/2786 7903/2786
f 8015/2637 7972/2636 7903/2637
f 7903/2637 7972/2636 7917/2636
f 7293/5915 7314/5916 7312/5916
f 5496/6185 5555/6250 5567/6185
f 5567/6185 5555/6250 5541/6250
f 6396/6308 5541/6250 6406/6308
f 5541/6250 5555/6250 6406/6308
f 6041/6355 6013/6350 6066/6355
f 6042/6355 6066/6355 6053/6362
f 6053/6362 6066/6355 6084/6362
f 6084/6362 6066/6355 6203/6404
f 6203/6404 6066/6355 6192/6398
f 6192/6398 6066/6355 6061/6353
f 6066/6355 6013/6350 6061/6353
f 6013/6350 6030/6349 6061/6353
f 7298/6077 7296/6077 7258/6189
f 7296/6077 7238/6077 7258/6189
f 7258/6189 7238/6077 7218/6189
f 7238/6077 7363/6073 7218/6189
f 7363/6073 7405/6178 7218/6189
f 7177/6189 7218/6189 7385/6178
f 7218/6189 7405/6178 7385/6178
f 7385/6178 7405/6178 7638/6153
f 7638/6153 7405/6178 7654/6153
f 7654/6153 7405/6178 7521/6111
f 7521/6111 7405/6178 7477/6114
f 7575/6041 7477/6114 7506/6053
f 7477/6114 7405/6178 7506/6053
f 7405/6178 7363/6073 7506/6053
f 2089/9306 1802/9306 1653/9295
f 1802/9306 1632/9295 1653/9295
f 1653/9295 1632/9295 1381/9267
f 1632/9295 1341/9267 1381/9267
f 1323/9023 1352/9022 1442/9010
f 1442/9010 1352/9022 1424/9011
f 1424/9011 1352/9022 1454/9012
f 1454/9012 1352/9022 1321/9025
f 1321/9025 1352/9022 1325/9024
f 1352/9022 1323/9023 1325/9024
f 1357/9049 1350/9120 1602/9111
f 1350/9120 1342/9189 1602/9111
f 1342/9189 1620/9155 1602/9111
f 1602/9111 1620/9155 1661/9117
f 1661/9246 1620/9238 1641/9242
f 1620/9356 1342/9370 1641/9365
f 1641/9365 1342/9370 1643/9367
f 1650/9366 1643/9367 1323/9375
f 1643/9309 1342/9326 1323/9308
f 1323/9308 1342/9326 1320/9363
f 1342/9189 1350/9120 1320/9131
f 1350/9120 1357/9049 1320/9131
f 1320/9131 1357/9049 1319/9082
f 1319/9082 1357/9049 1321/9026
f 2089/9027 1358/9026 1802/9027
f 1358/9026 1321/9026 1802/9027
f 1321/9026 1357/9049 1802/9027
f 1357/9049 1602/9111 1802/9027
f 1602/9111 1661/9117 1802/9027
f 1661/9258 1698/9263 1802/9264
f 1698/9263 1762/9263 1802/9264
f 1478/9195 1629/9215 1567/9206
f 1567/9206 1629/9215 1756/9231
f 1756/9302 1629/9293 1802/9306
f 1629/9293 1478/9271 1802/9306
f 1632/9295 1802/9306 1341/9267
f 1802/9306 1478/9271 1341/9267
f 1478/9271 1317/9265 1341/9267
f 1317/9265 1335/9265 1341/9267
f 1341/9267 1335/9265 1454/9267
f 1454/9267 1335/9265 1447/9265
f 1447/9191 1335/9191 1380/9192
f 1380/9192 1335/9191 1327/9192
f 1335/9191 1317/9191 1327/9192
f 1317/9191 1478/9195 1327/9192
f 1478/9195 1567/9206 1327/9192
f 1327/9192 1567/9206 1355/9192
f 1355/9192 1567/9206 1599/9206
f 2023/9234 1599/9206 1715/9234
f 1599/9206 1567/9206 1715/9234
f 1567/9206 1756/9231 1715/9234
f 1756/9231 1813/9231 1715/9234
f 1705/9234 1715/9234 1749/9231
f 1715/9234 1813/9231 1749/9231
f 1749/9302 1813/9302 1787/9306
f 1813/9302 1756/9302 1787/9306
f 1756/9302 1802/9306 1787/9306
f 1787/9264 1802/9264 1695/9263
f 1802/9264 1762/9263 1695/9263
f 1695/9257 1762/9257 1735/9256
f 1762/9257 1698/9257 1735/9256
f 1735/9256 1698/9257 1744/9256
f 1698/9257 1661/9246 1744/9256
f 2045/9256 1744/9256 1672/9243
f 1323/9375 1343/9375 1650/9366
f 1343/9375 1660/9366 1650/9366
f 1660/9366 1672/9366 1650/9366
f 1672/9243 1744/9256 1650/9243
f 1744/9256 1661/9246 1650/9243
f 1661/9246 1641/9242 1650/9243
f 1641/9365 1643/9367 1650/9366
f 2108/6962 1832/6966 1720/6962
f 3617/6982 3740/6982 3560/6981
f 3644/6981 3560/6981 3740/6982
f 3740/6982 3617/6982 3694/6983
f 3617/6982 3713/6983 3694/6983
f 4770/7328 4782/7328 5333/7461
f 5456/7461 5333/7461 4797/7328
f 5333/7461 4782/7328 4797/7328
f 4797/7497 4782/7497 4510/7581
f 4782/7497 4770/7497 4510/7581
f 4770/7497 4480/7581 4510/7581
f 4510/7537 4480/7537 4327/7485
f 4480/7537 4233/7485 4327/7485
f 3648/7110 3789/7110 3746/7140
f 3744/7140 3746/7140 3647/7110
f 3746/7140 3789/7110 3647/7110
f 3647/7110 3789/7110 3713/7081
f 3789/7110 3648/7110 3713/7081
f 3648/7110 3802/7081 3713/7081
f 1795/6974 1679/6970 2121/6974
f 3331/7245 3328/7232 2847/7350
f 2847/7350 3328/7232 3322/7236
f 3436/7178 3431/7177 3322/7236
f 3431/7177 3299/7241 3322/7236
f 3322/7236 3299/7241 2970/7297
f 2970/7297 3299/7241 2936/7303
f 2708/7384 2920/7312 2521/7421
f 2920/7312 2787/7331 2521/7421
f 2787/7331 2694/7361 2521/7421
f 2521/7421 2694/7361 2442/7440
f 2442/7440 2694/7361 1855/7463
f 1855/7463 2694/7361 2683/7360
f 2695/7360 2683/7360 3067/7242
f 2683/7360 2694/7361 3067/7242
f 2694/7361 2787/7331 3067/7242
f 2787/7331 2920/7312 3067/7242
f 2920/7312 2919/7306 3067/7242
f 3067/7242 2919/7306 3096/7240
f 2919/7306 2936/7303 3096/7240
f 2936/7303 3299/7241 3096/7240
f 3299/7241 3431/7177 3096/7240
f 3096/7240 3431/7177 3516/7098
f 3431/7177 3436/7178 3516/7098
f 3516/7098 3436/7178 3556/7101
f 3436/7178 3322/7236 3556/7101
f 3322/7236 3328/7232 3556/7101
f 3556/7101 3328/7232 3573/7125
f 3328/7232 3331/7245 3573/7125
f 3573/7125 3331/7245 3745/7145
f 3323/7250 3745/7082 3318/7250
f 3745/7082 3331/7245 3318/7250
f 3318/7250 3331/7245 2829/7355
f 3331/7245 2847/7350 2829/7355
f 2847/7350 3322/7236 2829/7355
f 3322/7236 2970/7297 2829/7355
f 2970/7297 2936/7303 2829/7355
f 2936/7303 2919/7306 2829/7355
f 2829/7355 2919/7306 2808/7367
f 2919/7306 2920/7312 2808/7367
f 2920/7312 2708/7384 2808/7367
f 2808/7367 2708/7384 2534/7430
f 2534/7430 2708/7384 1895/7493
f 2708/7384 2521/7421 1895/7493
f 2521/7421 2442/7440 1895/7493
f 2442/7440 1855/7463 1895/7493
f 1895/7493 1855/7463 1818/7495
f 1818/6987 1855/7203 1856/7206
f 1855/7203 2683/7163 1856/7206
f 2683/7163 2695/7163 1856/7206
f 1856/7206 2695/7163 2025/7206
f 2025/7206 2695/7163 2707/7163
f 2707/7360 2695/7360 3189/7240
f 2695/7360 3067/7242 3189/7240
f 3067/7242 3096/7240 3189/7240
f 3189/7240 3096/7240 3214/7240
f 3096/7240 3516/7098 3214/7240
f 3214/7240 3516/7098 3543/7098
f 3923/7081 3543/7098 3713/7081
f 3543/7098 3516/7098 3713/7081
f 3516/7098 3556/7101 3713/7081
f 3713/7081 3556/7101 3647/7110
f 3556/7101 3573/7125 3647/7110
f 3647/7110 3573/7125 3744/7140
f 3573/7125 3745/7145 3744/7140
f 3930/7140 3744/7140 3931/7082
f 3744/7140 3745/7082 3931/7082
f 3931/7082 3745/7145 3925/7145
f 3925/7082 3745/7082 3339/7250
f 3745/7082 3323/7250 3339/7250
f 3339/7250 3323/7250 2857/7355
f 3323/7250 3318/7250 2857/7355
f 3318/7250 2829/7355 2857/7355
f 2857/7355 2829/7355 2828/7367
f 2829/7355 2808/7367 2828/7367
f 2828/7367 2808/7367 2121/7517
f 2121/7517 2808/7367 1795/7517
f 2808/7367 2534/7430 1795/7517
f 2534/7430 1895/7493 1795/7517
f 1895/7493 1818/7495 1795/7517
f 1820/7169 1819/7174 1742/7170
f 1856/7182 1742/7170 1702/7181
f 1742/7170 1819/7174 1702/7181
f 1702/7181 1819/7174 1679/7180
f 1819/7174 1820/7169 1679/7180
f 1820/7169 1776/7168 1679/7180
f 1776/6970 1775/6970 1679/6970
f 1775/6970 1774/6970 1679/6970
f 1774/6970 1773/6974 1679/6970
f 1773/6974 1795/6974 1679/6970
f 1795/6974 1818/6971 1679/6970
f 5020/7072 5191/7072 5366/7073
f 4153/7231 4032/7290 3960/7343
f 3960/7343 4032/7290 3647/7387
f 3647/6927 4032/6874 3957/7020
f 3957/7020 4032/6874 4147/6978
f 4147/6771 4032/6893 4252/6856
f 4032/7290 4153/7231 4252/7172
f 4289/7172 4252/7172 4240/7173
f 4252/7172 4153/7231 4240/7173
f 4153/7231 3960/7343 4240/7173
f 4431/6637 4602/6697 4480/6649
f 4500/7578 4608/7553 4480/7581
f 4608/7553 4580/7563 4480/7581
f 4480/7581 4580/7563 4537/7574
f 4537/7212 4580/7239 4687/7302
f 4580/7239 4608/7255 4687/7302
f 4687/7302 4608/7255 4762/7325
f 4880/7389 4762/7325 4770/7328
f 4762/7325 4608/7255 4770/7328
f 4608/7479 4500/7578 4770/7497
f 4500/7578 4480/7581 4770/7497
f 4480/6649 4602/6697 4770/6755
f 4875/6820 4770/6755 4765/6751
f 4770/6755 4602/6697 4765/6751
f 4765/7267 4602/7223 4766/7262
f 4602/7223 4431/7097 4766/7262
f 4431/7097 4559/7150 4766/7262
f 4766/6847 4559/6863 4683/6988
f 4683/6988 4559/6863 4239/6875
f 4559/7150 4431/7097 4239/7051
f 4431/7097 4223/7078 4239/7051
f 4239/7051 4223/7078 4287/7078
f 4287/6596 4223/6596 4233/6597
f 4223/6596 4431/6637 4233/6597
f 4431/6637 4480/6649 4233/6597
f 4480/7537 4537/7558 4233/7485
f 4282/7486 4233/7485 4245/7486
f 4245/7486 4233/7485 4581/7566
f 4233/7485 4537/7558 4581/7566
f 4537/7212 4687/7302 4581/7235
f 4791/6766 4581/6698 4805/6769
f 4581/6698 4687/6748 4805/6769
f 4805/6769 4687/6748 4838/6814
f 4687/6748 4762/6772 4838/6814
f 4838/7469 4762/7411 4873/7487
f 4873/7487 4762/7411 5211/7554
f 4762/7325 4880/7389 5211/7456
f 5211/7456 4880/7389 5333/7461
f 4880/7389 4770/7328 5333/7461
f 4770/6755 4875/6820 5333/6871
f 5270/6867 5333/6871 5269/6867
f 5333/6871 4875/6820 5269/6867
f 4875/6820 4765/6751 5269/6867
f 5269/6849 4765/6848 4884/6961
f 4765/6848 4766/6847 4884/6961
f 4884/6961 4766/6847 4858/6960
f 4766/6847 4683/6988 4858/6960
f 4858/6960 4683/6988 5020/7067
f 5020/7067 4683/6988 4656/6992
f 4683/6988 4239/6875 4656/6992
f 4657/7071 4656/6992 4240/7070
f 4656/6992 4239/6875 4240/7070
f 4240/7070 4239/6875 4359/7070
f 4359/7070 4239/6875 4358/6875
f 4239/7051 4287/7078 4358/7051
f 4358/7051 4287/7078 4365/7078
f 4365/6596 4287/6596 4352/6597
f 4287/6596 4233/6597 4352/6597
f 4233/7485 4282/7486 4352/7485
f 4352/7485 4282/7486 4363/7486
f 4363/6636 4282/6636 4345/6643
f 4345/6643 4282/6636 4227/6643
f 4282/6636 4245/6636 4227/6643
f 4245/6636 4581/6698 4227/6598
f 4581/6698 4791/6766 4227/6598
f 4791/6766 4805/6769 4227/6643
f 1789/6967 1881/6967 1832/6966
f 1832/6966 1881/6967 1690/6963
f 3516/6999 3425/7049 3096/7164
f 2531/6812 2767/6731 2518/6815
f 2518/6815 2767/6731 2752/6737
f 2699/6797 2752/6737 2902/6714
f 2902/6714 2752/6737 2969/6670
f 2752/6737 2767/6731 2969/6670
f 2969/6681 2767/6731 2982/6677
f 2982/6677 2767/6731 2775/6728
f 2767/6731 2531/6812 2775/6728
f 3096/6600 2904/6665 2702/6732
f 2904/6665 2775/6728 2702/6732
f 2775/6728 2531/6812 2702/6732
f 2702/6732 2531/6812 2044/6882
f 2531/6812 2518/6815 2044/6882
f 2044/6882 2518/6815 2510/6821
f 2518/6815 2752/6737 2510/6821
f 2510/6821 2752/6737 2452/6865
f 2752/6737 2699/6797 2452/6865
f 2452/6865 2699/6797 2559/6854
f 2699/6797 2902/6714 2559/6854
f 2559/6854 2902/6714 2918/6714
f 2918/6890 2902/6890 3376/7030
f 2902/6890 2969/6928 3376/7030
f 2969/6928 2982/6934 3376/7030
f 3376/7030 2982/6934 2994/6941
f 2982/6677 2775/6728 2994/6671
f 2994/6671 2775/6728 3312/6648
f 2775/7261 2904/7390 3312/7339
f 2904/6665 3096/6600 3312/6599
f 3096/7164 3425/7049 3312/7106
f 3312/7106 3425/7049 3461/7037
f 3425/7049 3516/6999 3461/7037
f 3461/7037 3516/6999 3534/6994
f 3516/6999 3713/6983 3534/6994
f 3713/6983 3617/6982 3534/6994
f 3534/6994 3617/6982 3560/6981
f 3560/7400 3617/7401 3826/7396
f 3617/7401 4047/7308 3826/7396
f 4047/7308 4035/7307 3826/7396
f 3826/7396 4035/7307 4227/7192
f 4227/7192 4035/7307 4268/7193
f 4035/7307 4047/7308 4268/7193
f 4268/7193 4047/7308 4257/7194
f 4047/7308 3617/7401 4257/7194
f 3617/7401 3713/7397 4257/7194
f 4245/6942 4332/6951 4227/6943
f 4345/6956 4227/6943 4363/6955
f 4227/6943 4332/6951 4363/6955
f 4363/6601 4332/6601 4352/6803
f 4332/6601 4245/6601 4352/6803
f 4352/6803 4245/6601 4271/6803
f 4245/6601 4246/6678 4271/6803
f 4246/6678 4257/6705 4271/6803
f 4257/7194 3713/7397 4271/7186
f 4327/7186 4271/7186 3923/7397
f 4271/7186 3713/7397 3923/7397
f 3923/6983 3713/6983 3543/6999
f 3713/6983 3516/6999 3543/6999
f 3543/6999 3516/6999 3214/7164
f 3516/6999 3096/7164 3214/7164
f 3214/6600 3096/6600 2709/6732
f 3096/6600 2702/6732 2709/6732
f 2709/6732 2702/6732 2230/6882
f 2702/6732 2044/6882 2230/6882
f 2230/6882 2044/6882 2118/6882
f 2118/7516 2044/7516 2186/7516
f 2186/7516 2044/7516 2025/7507
f 2025/7507 2044/7516 1755/7507
f 2044/7516 2510/7582 1755/7507
f 2510/6821 2452/6865 1755/6876
f 2452/6865 1690/6929 1755/6876
f 1690/6929 1881/6935 1755/6876
f 1881/6935 1789/6935 1755/6876
f 1755/6876 1789/6935 1857/6876
f 1857/6876 1789/6935 1790/6935
f 1789/6967 1832/6966 1700/6966
f 1721/6966 1832/6966 1850/6966
f 1849/6962 1850/6966 1720/6962
f 1850/6966 1832/6966 1720/6962
f 1832/6966 1690/6963 1720/6962
f 1690/6929 2452/6865 1720/6979
f 2452/6865 2559/6854 1720/6979
f 1720/6979 2559/6854 2179/6979
f 2179/6979 2559/6854 2626/6854
f 2559/6854 2918/6714 2626/6854
f 2918/6890 3376/7030 3391/7030
f 3391/7030 3376/7030 3397/7030
f 3410/7040 3397/7030 3392/7040
f 3397/7030 3376/7030 3392/7040
f 3376/7030 2994/6941 3392/7040
f 2994/6671 3312/6648 3392/6634
f 3312/7106 3461/7037 3392/7076
f 3461/7037 3534/6994 3392/7076
f 3534/6994 3560/6981 3392/7076
f 3410/7076 3392/7076 3418/7076
f 3392/7076 3560/6981 3418/7076
f 3418/7076 3560/6981 3871/6981
f 3560/7400 3826/7396 3871/7396
f 3871/7396 3826/7396 3917/7396
f 3826/7396 4227/7192 3917/7396
f 3917/7396 4227/7192 4323/7192
f 4227/6643 4805/6769 4323/6643
f 4323/6643 4805/6769 4811/6769
f 5572/7550 4811/7435 5292/7550
f 4811/7435 4805/7435 5292/7550
f 4805/7435 4838/7469 5292/7550
f 4838/7469 4873/7487 5292/7550
f 4873/7487 5211/7554 5292/7550
f 5211/7554 5063/7554 5292/7550
f 5404/7550 5292/7550 5064/7554
f 5292/7550 5063/7554 5064/7554
f 5064/7456 5063/7456 5147/7461
f 5063/7456 5211/7456 5147/7461
f 5211/7456 5333/7461 5147/7461
f 5147/6871 5333/6871 5087/6867
f 5333/6871 5270/6867 5087/6867
f 5087/6849 5270/6849 5192/7073
f 5270/6849 5269/6849 5192/7073
f 5192/7073 5269/6849 5366/7073
f 5269/6849 4884/6961 5366/7073
f 4884/6961 4858/6960 5366/7073
f 4858/6960 5020/7067 5366/7073
f 4656/6992 4657/7071 5020/7072
f 4657/7071 4685/7071 5020/7072
f 5192/7072 5020/7072 4708/7071
f 5020/7072 4685/7071 4708/7071
f 4708/7071 4685/7071 4330/7070
f 4685/7071 4657/7071 4330/7070
f 4657/7071 4240/7070 4330/7070
f 4330/7173 4240/7173 3925/7388
f 3925/7388 4240/7173 3745/7388
f 4240/7173 3960/7343 3745/7388
f 3960/7343 3647/7387 3745/7388
f 3647/7387 3558/7387 3745/7388
f 3815/7388 3745/7388 3775/7387
f 3745/7388 3558/7387 3775/7387
f 3775/6927 3558/6927 3694/7139
f 3558/6927 3647/6927 3694/7139
f 3560/7400 3644/7400 3617/7401
f 3644/7400 3740/7401 3617/7401
f 3617/7401 3740/7401 3713/7397
f 3740/7401 3694/7397 3713/7397
f 3694/7139 3647/6927 3713/7139
f 3647/6927 3957/7020 3713/7139
f 3957/7020 4147/6978 3713/7139
f 4510/6649 4782/6755 4797/6755
f 4797/6755 4782/6755 5456/6871
f 5456/6871 4782/6755 5333/6871
f 5333/6871 4782/6755 4770/6755
f 4770/6755 4782/6755 4480/6649
f 4782/6755 4510/6649 4480/6649
f 4510/6649 4327/6597 4480/6649
f 4480/6649 4327/6597 4233/6597
f 4327/7048 3923/7139 4233/7048
f 3923/7139 3713/7139 4233/7048
f 3713/7139 4147/6978 4233/7048
f 4147/6771 4252/6856 4233/6659
f 4252/6856 4289/6856 4233/6659
f 4233/6659 4289/6856 4352/6659
f 4352/6659 4289/6856 4366/6856
f 4366/7172 4289/7172 4359/7173
f 4289/7172 4240/7173 4359/7173
f 2090/9143 1803/9143 1589/9164
f 1803/9143 1560/9164 1589/9164
f 1589/9181 1560/9181 1581/9181
f 1581/9181 1560/9181 1340/9167
f 1560/9181 1322/9167 1340/9167
f 2090/9136 1589/9116 1803/9136
f 1803/9136 1589/9116 1560/9116
f 1589/9116 1581/9116 1560/9116
f 1581/9116 1340/9107 1560/9116
f 1340/9107 1322/9107 1560/9116
f 1353/9106 1326/9106 1322/9107
f 1326/9106 1430/9113 1322/9107
f 1430/9113 1575/9118 1322/9107
f 1575/9118 1560/9116 1322/9107
f 1336/9168 1322/9167 1318/9168
f 1318/9168 1322/9167 1376/9172
f 1322/9167 1560/9181 1376/9172
f 1560/9181 1515/9182 1376/9172
f 1376/9172 1515/9182 1529/9183
f 1529/9165 1515/9166 1633/9149
f 1515/9166 1560/9164 1633/9149
f 1757/9142 1633/9149 1803/9143
f 1633/9149 1560/9164 1803/9143
f 1763/9135 1803/9136 1699/9135
f 1699/9135 1803/9136 1634/9127
f 1803/9136 1560/9116 1634/9127
f 1560/9116 1575/9118 1634/9127
f 1634/9127 1575/9118 1571/9119
f 1575/9118 1430/9113 1571/9119
f 1430/9113 1326/9106 1571/9119
f 1571/9119 1326/9106 1324/9110
f 1326/9106 1353/9106 1324/9110
f 1324/9110 1353/9106 1443/9110
f 1443/9110 1353/9106 1425/9106
f 1425/9106 1353/9106 1455/9107
f 1353/9106 1322/9107 1455/9107
f 1322/9167 1336/9168 1455/9167
f 1455/9167 1336/9168 1448/9168
f 1448/9168 1336/9168 1433/9169
f 1433/9169 1336/9168 1328/9169
f 1336/9168 1318/9168 1328/9169
f 1318/9168 1376/9172 1328/9169
f 1376/9172 1529/9183 1328/9169
f 1328/9169 1529/9183 1356/9169
f 1356/9169 1529/9183 1559/9183
f 1559/9183 1529/9183 1550/9183
f 2024/9141 1550/9165 1716/9141
f 1550/9165 1529/9165 1716/9141
f 1529/9165 1633/9149 1716/9141
f 1633/9149 1757/9142 1716/9141
f 1757/9142 1814/9142 1716/9141
f 1706/9141 1716/9141 1750/9142
f 1716/9141 1814/9142 1750/9142
f 1750/9142 1814/9142 1788/9143
f 1814/9142 1757/9142 1788/9143
f 1757/9142 1803/9143 1788/9143
f 1788/9136 1803/9136 1696/9135
f 1803/9136 1763/9135 1696/9135
f 1763/9135 1699/9135 1736/9139
f 1736/9139 1699/9135 1745/9139
f 1699/9135 1634/9127 1745/9139
f 1634/9127 1571/9119 1745/9139
f 2046/9139 1745/9139 1601/9119
f 1745/9139 1571/9119 1601/9119
f 1601/9119 1571/9119 1344/9110
f 1571/9119 1324/9110 1344/9110
f 2144/7274 1710/7282 1709/7274
f 3652/7233 3653/7233 3582/7251
f 3618/7016 3739/7016 3675/6804
f 3783/6804 3675/6804 3739/7016
f 3739/6859 3618/6859 3693/6860
f 3618/6859 3582/6860 3693/6860
f 3693/7251 3582/7251 3654/7233
f 3582/7251 3653/7233 3654/7233
f 3654/7233 3653/7233 3743/7213
f 3653/7233 3652/7233 3743/7213
f 3652/7233 3741/7213 3743/7213
f 3604/7209 3742/7213 3741/7213
f 3928/7213 3741/7213 3924/7209
f 3899/7209 3924/7209 3604/7209
f 3924/7209 3741/7213 3604/7209
f 3741/7213 3652/7233 3604/7209
f 3652/6782 3773/6782 3604/6783
f 3722/6783 3604/6783 3774/6782
f 3604/6783 3773/6782 3774/6782
f 3773/7151 3652/7151 3693/7385
f 3675/7519 3783/7519 3618/7520
f 3783/7519 3739/7520 3618/7520
f 3618/7089 3739/7089 3582/7090
f 3739/7089 3693/7090 3582/7090
f 3693/7385 3652/7151 3582/7385
f 3618/7276 3470/7219 3463/7208
f 3470/7219 3373/7152 3463/7208
f 3162/7153 2911/7023 2955/7028
f 2955/7028 2839/6899 2963/7033
f 3275/6957 2963/6828 3119/6836
f 3463/6914 3119/7045 3330/6995
f 3330/6995 3119/7045 2878/7102
f 3119/7045 2963/7074 2878/7102
f 2963/7074 2839/7127 2878/7102
f 2878/7102 2839/7127 2741/7198
f 2839/6899 2955/7028 2741/6784
f 2955/7028 2911/7023 2741/6784
f 2741/6784 2911/7023 2768/6885
f 2768/6719 2911/6673 2788/6710
f 2788/7431 2825/7444 2712/7376
f 2825/7444 2799/7432 2712/7376
f 2799/7432 2661/7362 2712/7376
f 2712/7551 2661/7567 2539/7585
f 2539/7277 2661/7258 2454/7347
f 2454/7347 2661/7258 2456/7341
f 2456/7341 2661/7258 1759/7405
f 1759/7405 2661/7258 2461/7340
f 2461/7340 2661/7258 2667/7257
f 2661/7362 2799/7432 2667/7363
f 2668/7363 2667/7363 2940/7498
f 2667/7363 2799/7432 2940/7498
f 2799/7432 2825/7444 2940/7498
f 2825/7444 2788/7431 2940/7498
f 2788/7431 2911/7484 2940/7498
f 2911/7484 3162/7547 2940/7498
f 2940/7498 3162/7547 3327/7583
f 3162/6950 2955/6829 3327/7064
f 2955/6829 2963/6828 3327/7064
f 2963/6828 3275/6957 3327/7064
f 3327/7126 3275/7079 3359/7146
f 3275/7079 3119/7059 3359/7146
f 3119/7059 3463/7208 3359/7146
f 3463/7208 3373/7152 3359/7146
f 3359/7146 3373/7152 3675/7263
f 3373/7152 3470/7291 3675/7263
f 3470/6936 3618/7016 3675/6804
f 3675/7519 3618/7520 3825/7510
f 3618/7520 4040/7414 3825/7510
f 3825/7510 4040/7414 4036/7413
f 4036/6858 4040/6944 4229/6945
f 4296/6894 4229/6894 4238/6895
f 4229/6894 4040/7002 4238/6895
f 4040/7002 3618/7089 4238/6895
f 4226/6896 4238/6895 3582/7090
f 4238/6895 3618/7089 3582/7090
f 3618/6859 3463/6914 3582/6860
f 3463/6914 3330/6995 3582/6860
f 3330/6995 3348/6995 3582/6860
f 5557/7538 5207/7538 4546/7294
f 5207/7538 4526/7294 4546/7294
f 4546/6666 4526/6666 4321/6605
f 4526/6666 4226/6605 4321/6605
f 4321/6896 4226/6896 3888/7090
f 4226/6896 3582/7090 3888/7090
f 3888/6860 3582/6860 3362/6995
f 3582/6860 3348/6995 3362/6995
f 3362/6995 3348/6995 2898/7102
f 3348/6995 3330/6995 2898/7102
f 3330/6995 2878/7102 2898/7102
f 2898/7102 2878/7102 2760/7198
f 2878/7102 2741/7198 2760/7198
f 2760/6784 2741/6784 2672/6762
f 1709/7406 2095/7406 2645/7264
f 2095/7406 2672/7264 2645/7264
f 2672/6762 2741/6784 2645/6762
f 2741/6784 2768/6885 2645/6762
f 2768/7518 2788/7501 2645/7570
f 2788/7501 2712/7551 2645/7570
f 2712/7551 2539/7585 2645/7570
f 2539/7277 2454/7347 2645/7264
f 2645/7264 2454/7347 1709/7406
f 2454/7347 2456/7341 1709/7406
f 2456/7341 1759/7405 1709/7406
f 1759/7405 1858/7405 1709/7406
f 1822/7406 1709/7406 1858/7405
f 1858/7405 1759/7405 1883/7404
f 1883/7404 1759/7405 1806/7404
f 1759/7405 2461/7340 1806/7404
f 2461/7340 2667/7257 1806/7404
f 2667/7257 2668/7257 1806/7404
f 1806/7404 2668/7257 2127/7404
f 2127/7404 2668/7257 2671/7257
f 2671/7363 2668/7363 2966/7498
f 2668/7363 2940/7498 2966/7498
f 2940/7498 3327/7583 2966/7498
f 2966/7498 3327/7583 3355/7583
f 3355/7126 3327/7126 3377/7126
f 3327/7126 3359/7146 3377/7126
f 3377/7126 3359/7146 3382/7146
f 3359/7146 3675/7263 3382/7146
f 3382/7146 3675/7263 3916/7263
f 3675/7519 3825/7510 3916/7510
f 3916/7510 3825/7510 3915/7510
f 4622/6872 4793/6830 4526/6923
f 4886/7480 4780/7412 4621/7356
f 4517/6660 4534/6679 4609/6709
f 4609/7344 4534/7298 4678/7374
f 4534/7298 4526/7294 4678/7374
f 4526/7294 4621/7356 4678/7374
f 4621/7356 4780/7412 4678/7374
f 4678/7374 4780/7412 4839/7457
f 4839/7457 4780/7412 4877/7481
f 4877/7481 4780/7412 5289/7539
f 4780/7412 4886/7480 5289/7539
f 5289/7539 4886/7480 5207/7538
f 4886/7480 4621/7356 5207/7538
f 4621/7356 4526/7294 5207/7538
f 4526/6923 4793/6830 5207/6702
f 5141/6718 5207/6702 5140/6718
f 5207/6702 4793/6830 5140/6718
f 4793/6830 4622/6872 5140/6718
f 4622/6872 4783/6837 5140/6718
f 5140/6718 4783/6837 4876/6796
f 4783/6837 4664/6873 4876/6798
f 4876/6798 4664/6873 4976/6749
f 4676/7031 4944/7032 4651/7031
f 4651/7031 4944/7032 4665/6908
f 4944/6752 4976/6749 4665/6877
f 4976/6749 4664/6873 4665/6877
f 4665/6823 4664/6826 4244/6684
f 4664/6826 4783/6857 4244/6684
f 4783/6857 4622/6801 4244/6684
f 4622/6801 4526/6738 4244/6684
f 4244/6684 4526/6738 4226/6685
f 4526/6666 4534/6679 4226/6605
f 4534/6679 4517/6660 4226/6605
f 4277/6630 4226/6605 4237/6630
f 4226/6605 4517/6660 4237/6630
f 4517/6660 4609/6709 4237/6630
f 4237/6630 4609/6709 4513/6672
f 4513/7284 4609/7344 4774/7403
f 4609/7344 4678/7374 4774/7403
f 4774/7403 4678/7374 4879/7476
f 4678/7374 4839/7457 4879/7476
f 4316/7351 4879/7577 4894/7577
f 5536/7540 4894/7476 5162/7540
f 4894/7476 4879/7476 5162/7540
f 4879/7476 4839/7457 5162/7540
f 4839/7457 4877/7481 5162/7540
f 4877/7481 5289/7539 5162/7540
f 5289/7539 5097/7539 5162/7540
f 5321/7540 5162/7540 5249/7539
f 5162/7540 5097/7539 5249/7539
f 5249/7539 5097/7539 5353/7538
f 5097/7539 5289/7539 5353/7538
f 5289/7539 5207/7538 5353/7538
f 5353/6702 5207/6702 5307/6718
f 5207/6702 5141/6718 5307/6718
f 5307/6718 5141/6718 5389/6742
f 5141/6718 5140/6718 5389/6742
f 5389/6742 5140/6718 5262/6742
f 5140/6718 4876/6796 5262/6742
f 4876/6798 4976/6749 5262/6742
f 4976/6749 4944/6752 5262/6742
f 5568/6742 5262/6742 5026/6752
f 5262/6742 4944/6752 5026/6752
f 5026/7032 4944/7032 4660/7031
f 4944/7032 4676/7031 4660/7031
f 4660/6822 4676/6822 4326/6683
f 4676/6822 4651/6822 4326/6683
f 3330/7091 3348/7091 2878/6984
f 1682/7283 1681/7283 1710/7282
f 1710/7282 1681/7283 1800/7275
f 2738/6886 2798/6900 3019/7010
f 2798/6900 2819/6903 3019/7010
f 3389/7107 3385/7103 3091/7021
f 3385/7103 3019/7010 3091/7021
f 3019/7010 2819/6903 3091/7021
f 2819/6903 2824/6915 3091/7021
f 3401/7094 3091/7024 3081/7003
f 3091/7024 2824/6915 3081/7003
f 3081/6604 2824/6682 2629/6767
f 2824/6682 2819/6686 2629/6767
f 2629/6767 2819/6686 2572/6773
f 2819/6686 2798/6690 2572/6773
f 2798/6690 2738/6706 2572/6773
f 2738/6706 2689/6733 2572/6773
f 2572/6773 2689/6733 2502/6800
f 2502/7171 2689/7083 2741/7057
f 2689/7083 2738/7058 2741/7057
f 2741/6904 2738/6886 2878/6984
f 2738/6886 3019/7010 2878/6984
f 3019/7010 3385/7103 2878/6984
f 3330/7091 2878/6984 3531/7237
f 2878/6984 3385/7103 3531/7237
f 3385/7103 3389/7107 3531/7237
f 3531/7237 3389/7107 3404/7114
f 3389/7107 3091/7021 3404/7114
f 3404/7114 3091/7024 3652/7233
f 3091/7024 3401/7094 3652/7233
f 3652/7151 4030/7093 3956/7256
f 3956/7256 4030/7093 4145/7207
f 4145/7475 4030/7584 4244/7559
f 4244/6602 4030/6689 4151/6650
f 4151/6650 4030/6689 3959/6725
f 4030/6689 3652/6782 3959/6725
f 3959/6725 3652/6782 3604/6783
f 3652/7233 3401/7094 3604/7209
f 3401/7094 3081/7003 3604/7209
f 3081/7003 3143/7003 3604/7209
f 3899/7209 3604/7209 3199/7003
f 3604/7209 3143/7003 3199/7003
f 3199/6604 3143/6604 2646/6767
f 3143/6604 3081/6604 2646/6767
f 3081/6604 2629/6767 2646/6767
f 2646/6767 2629/6767 2607/6767
f 2629/6767 2572/6773 2607/6767
f 2607/6767 2572/6773 2114/6884
f 2114/6884 2572/6773 1748/6884
f 2572/6773 2502/6800 1748/6884
f 2502/6800 1800/6883 1748/6884
f 1800/6883 1681/6891 1748/6884
f 1681/6891 1682/6891 1748/6884
f 1748/6884 1682/6891 1852/6884
f 1852/6884 1682/6891 1875/6891
f 1875/7283 1682/7283 1823/7282
f 1682/7283 1710/7282 1823/7282
f 1823/7282 1710/7282 1711/7282
f 1711/7282 1710/7282 1731/7282
f 1730/7274 1731/7282 1709/7274
f 1731/7282 1710/7282 1709/7274
f 1710/7282 1800/7275 1709/7274
f 1800/7275 2502/7171 1709/7274
f 2502/7171 2741/7057 1709/7274
f 1709/7274 2741/7057 2144/7274
f 2144/7274 2741/7057 2760/7057
f 2741/6904 2878/6984 2760/6904
f 2760/6904 2878/6984 2898/6984
f 2878/6984 3348/7091 2898/6984
f 2898/6984 3348/7091 3362/7091
f 3362/7091 3348/7091 3888/7251
f 5557/6702 4546/6923 5207/6702
f 5207/6702 4546/6923 4526/6923
f 4546/6738 4321/6685 4526/6738
f 4526/6738 4321/6685 4226/6685
f 4321/7304 3888/7385 4226/7304
f 4226/7304 3888/7385 3582/7385
f 3888/7251 3348/7091 3582/7251
f 3348/7091 3330/7091 3582/7251
f 3330/7091 3531/7237 3582/7251
f 3531/7237 3404/7114 3582/7251
f 3404/7114 3652/7233 3582/7251
f 3652/7151 3956/7256 3582/7385
f 3956/7256 4145/7207 3582/7385
f 3582/7385 4145/7207 4226/7304
f 4145/7475 4244/7559 4226/7346
f 4226/7346 4244/7559 4281/7559
f 4281/6602 4244/6602 4232/6603
f 4244/6602 4151/6650 4232/6603
f 4151/6650 3959/6725 4232/6603
f 3959/6725 3604/6783 4232/6603
f 3604/6783 3899/6783 4232/6603
f 3899/6783 4326/6603 4232/6603
f 4326/6683 4651/6822 4232/6683
f 4651/6822 4665/6823 4232/6683
f 4665/6823 4244/6684 4232/6683
f 4232/6683 4244/6684 4350/6683
f 4350/6683 4244/6684 4362/6684
f 4244/6684 4226/6685 4362/6684
f 4362/6684 4226/6685 4343/6685
f 4226/6605 4277/6630 4343/6605
f 4343/6605 4277/6630 4355/6630
f 4355/6630 4277/6630 4336/6644
f 4336/6644 4277/6630 4221/6644
f 4277/6630 4237/6630 4221/6644
f 4237/6630 4513/6672 4221/6644
f 4513/7402 4774/7535 4221/7351
f 4774/7535 4879/7577 4221/7351
f 4879/7577 4316/7351 4221/7351
f 4316/6789 3915/6788 4221/6789
f 3915/6788 3825/6788 4221/6789
f 3825/6788 4036/6858 4221/6789
f 4036/6858 4229/6945 4221/6789
f 4229/6945 4296/6945 4221/6789
f 4221/6789 4296/6945 4336/6789
f 4336/6789 4296/6945 4347/6945
f 4347/6894 4296/6894 4380/6895
f 4296/6894 4238/6895 4380/6895
f 4238/6895 4226/6896 4380/6895
f 4380/6895 4226/6896 4343/6896
f 4226/7346 4281/7559 4343/7346
f 4343/7346 4281/7559 4362/7559
f 4362/6602 4281/6602 4350/6603
f 4281/6602 4232/6603 4350/6603
f 7322/7132 7220/7132 7252/7105
f 7309/7009 7308/7009 7240/7004
f 7299/7004 7240/7004 7251/7009
f 7240/7004 7308/7009 7251/7009
f 7251/7007 7308/7007 7317/7008
f 7308/7007 7309/7007 7317/7008
f 7309/7007 7252/7008 7317/7008
f 7317/7105 7252/7105 7267/7132
f 7252/7105 7220/7132 7267/7132
f 7267/7309 7220/7309 7227/7295
f 7220/7309 7322/7309 7227/7295
f 7227/7295 7322/7309 7271/7295
f 7267/6924 7220/6924 7317/6925
f 7251/6614 7308/6614 7299/6613
f 7240/6613 7299/6613 7309/6614
f 7299/6613 7308/6614 7309/6614
f 7309/6614 7308/6614 7252/6615
f 7308/6614 7251/6614 7252/6615
f 7251/6614 7317/6615 7252/6615
f 7252/6925 7317/6925 7322/6924
f 7317/6925 7220/6924 7322/6924
f 7322/6606 7220/6606 7271/6631
f 7220/6606 7267/6606 7271/6631
f 7271/6631 7267/6606 7227/6631
f 5642/6868 5751/6850 5741/6853
f 6272/7052 6040/6917 6292/7052
f 6040/6917 6159/7005 6292/7052
f 6292/7541 6443/7450 6585/7393
f 6525/7407 6580/7391 6454/7436
f 6454/7436 6580/7391 6439/7445
f 6580/7391 6585/7393 6439/7445
f 6585/7393 6443/7450 6439/7445
f 6317/7084 6439/7134 6308/7080
f 6439/7134 6443/7130 6308/7080
f 6308/7080 6443/7130 6298/7077
f 6443/7130 6292/7052 6298/7077
f 6292/7052 6159/7005 6298/7077
f 6298/7077 6159/7005 6021/6949
f 6159/7005 6040/6917 6021/6949
f 6021/6839 6040/6840 5923/6816
f 6040/6840 5741/6790 5923/6816
f 5741/6790 5751/6794 5923/6816
f 5923/6816 5751/6794 5767/6799
f 5751/6850 5642/6868 5767/6842
f 5835/6842 5767/6842 5597/6911
f 5597/6911 5767/6842 5495/6911
f 5767/6842 5642/6868 5495/6911
f 5642/6868 5551/6910 5495/6911
f 5551/6910 5478/6910 5495/6911
f 5554/6911 5495/6911 5479/6910
f 5495/6911 5478/6910 5479/6910
f 5479/6910 5478/6910 5534/6909
f 5478/6910 5551/6910 5534/6909
f 6433/7433 6414/7433 6176/7305
f 6431/7437 6233/7332 6378/7394
f 6363/7188 6378/7183 6048/7368
f 5658/7200 5731/7224 5728/7220
f 5731/7224 5789/7238 5728/7220
f 5728/7220 5789/7238 5869/7247
f 5789/7238 5915/7253 5869/7247
f 5869/7502 5915/7499 6035/7482
f 5915/7253 6011/7279 6035/7280
f 6011/6930 6048/6937 6035/6931
f 6035/6931 6048/6937 6068/6946
f 6048/6937 6378/7086 6068/6946
f 6378/7086 6233/7038 6068/6946
f 6068/6946 6233/7038 6176/7011
f 6233/7332 6431/7437 6176/7305
f 6431/7437 6437/7441 6176/7305
f 6433/7433 6176/7305 6214/7318
f 6176/7305 6437/7441 6214/7318
f 6214/7318 6437/7441 6438/7438
f 6438/7438 6437/7441 6777/7560
f 6692/7013 6777/7013 6770/7014
f 6777/7013 6437/7123 6770/7014
f 6437/7123 6431/7129 6770/7014
f 6431/7129 6378/7183 6770/7014
f 6378/7183 6363/7188 6770/7014
f 6770/7014 6363/7188 6375/7189
f 6347/7189 6375/7189 6040/7370
f 6375/7189 6363/7188 6040/7370
f 6363/7188 6048/7368 6040/7370
f 6048/7368 6011/7369 6040/7370
f 6011/7279 5915/7253 6040/7278
f 6040/7278 5915/7253 5740/7227
f 5915/7253 5789/7238 5740/7227
f 5789/7238 5731/7224 5740/7227
f 5731/7224 5658/7200 5740/7227
f 5740/7227 5658/7200 5608/7179
f 5608/7179 5658/7200 5628/7184
f 5658/7200 5728/7220 5628/7184
f 5460/7142 5530/7142 5513/7143
f 5513/7143 5530/7142 5452/7143
f 5530/7142 5628/7184 5452/7143
f 5628/7184 5728/7220 5452/7143
f 5452/7143 5728/7220 5587/7143
f 5587/7143 5728/7220 5758/7220
f 5869/7502 6035/7482 5911/7502
f 5911/6946 6035/6931 6028/6946
f 6035/6931 6068/6946 6028/6946
f 6028/6946 6068/6946 6142/7011
f 6068/6946 6176/7011 6142/7011
f 6142/7305 6176/7305 6415/7433
f 6176/7305 6414/7433 6415/7433
f 6415/7433 6414/7433 6683/7555
f 6414/7433 6433/7433 6683/7555
f 6683/7555 6433/7433 6781/7555
f 6433/7433 6214/7318 6781/7555
f 6214/7318 6438/7438 6781/7555
f 6438/7438 6777/7560 6781/7555
f 6777/7560 6692/7560 6781/7555
f 6781/7555 6692/7560 6669/7555
f 6665/7013 6692/7013 6660/7014
f 6692/7013 6770/7014 6660/7014
f 6673/7015 6660/7014 6757/7015
f 6660/7014 6770/7014 6757/7015
f 6770/7014 6375/7189 6757/7015
f 6375/7189 6347/7189 6757/7015
f 6912/6687 6919/6667 7299/6613
f 6919/6667 7251/6614 7299/6613
f 7251/7009 7359/6969 7299/7004
f 7359/6969 7368/6948 7299/7004
f 7299/7004 7368/6948 7361/6958
f 7368/6948 7384/6921 7361/6958
f 7361/6952 7384/6921 7433/6879
f 7433/6879 7384/6921 7495/6832
f 7651/6757 7698/6707 7678/6720
f 7678/6720 7698/6707 8004/6611
f 7981/6612 8004/6611 8010/6612
f 8010/6612 8004/6611 7791/6652
f 7791/6652 8004/6611 7732/6693
f 8004/6611 7698/6707 7732/6693
f 7698/6707 7651/6757 7732/6693
f 7732/6692 7651/6756 7588/6793
f 7651/6756 7630/6778 7588/6793
f 7630/6778 7495/6831 7588/6793
f 7588/6793 7495/6831 7431/6878
f 7495/6831 7384/6919 7431/6878
f 7384/6919 7368/6947 7431/6878
f 7431/6878 7368/6947 7387/6920
f 7368/6947 7359/6968 7387/6920
f 7359/6968 7251/7007 7387/6920
f 7387/6920 7251/7007 7317/7008
f 7251/6614 6919/6667 7317/6615
f 7317/6615 6919/6667 6815/6735
f 6919/6667 6912/6687 6815/6735
f 6815/6744 6912/6687 6757/6780
f 6912/6687 6742/6786 6757/6780
f 6742/6786 6686/6786 6757/6780
f 6673/6780 6757/6780 6650/6786
f 6757/6780 6686/6786 6650/6786
f 6650/6786 6686/6786 6638/6785
f 6686/6786 6742/6786 6638/6785
f 6638/6785 6742/6786 6752/6785
f 6742/6786 6912/6687 6752/6785
f 6912/6687 7299/6613 6752/6785
f 6683/6785 6752/6785 7080/6613
f 6752/6785 7299/6613 7080/6613
f 7080/7004 7299/7004 7356/6952
f 7299/7004 7361/6958 7356/6952
f 7356/6952 7361/6952 7353/6952
f 7353/6952 7361/6952 7354/6952
f 7354/6952 7361/6952 7616/6765
f 7641/6765 7629/6765 7649/6765
f 7629/6765 7616/6765 7649/6765
f 7616/6765 7361/6952 7649/6765
f 7361/6952 7433/6879 7649/6765
f 7433/6879 7495/6832 7649/6765
f 7495/6832 7630/6779 7649/6765
f 7630/6779 7651/6757 7649/6765
f 7651/6757 7678/6720 7649/6765
f 7633/6765 7649/6765 7674/6720
f 7649/6765 7678/6720 7674/6720
f 7674/6720 7678/6720 7959/6610
f 7959/6610 7678/6720 8011/6610
f 7678/6720 8004/6611 8011/6610
f 8011/6610 8004/6611 7915/6610
f 8004/6611 7981/6612 7906/6611
f 7785/7543 7717/7477 7665/7428
f 7665/6862 7664/6861 7540/6990
f 7664/6861 7529/6989 7540/6990
f 6928/6852 6925/6851 7267/6924
f 7360/7252 7411/7187 7444/7154
f 7411/7187 7480/7099 7444/7154
f 7472/7104 7465/7128 7529/7068
f 7465/7128 7444/7154 7529/7068
f 7444/7154 7480/7099 7529/7068
f 7529/7068 7480/7099 7227/7295
f 7480/7099 7411/7187 7227/7295
f 7411/7187 7360/7252 7227/7295
f 7360/7252 7267/7309 7227/7295
f 7267/6606 6925/6662 7227/6631
f 7227/6631 6925/6662 6918/6674
f 6918/6674 6925/6662 6803/6743
f 6803/6763 6925/6851 6817/6774
f 6925/6851 6928/6852 6817/6774
f 6817/6774 6928/6852 7317/6925
f 6928/6852 7267/6924 7317/6925
f 7267/7132 7360/7199 7317/7105
f 7317/7105 7360/7199 7387/7214
f 7360/7199 7444/7285 7387/7214
f 7444/7285 7465/7299 7387/7214
f 7465/7299 7472/7319 7387/7214
f 7387/7214 7472/7319 7431/7246
f 7431/7246 7472/7319 7516/7333
f 7516/7333 7472/7319 7660/7415
f 7472/7104 7529/7068 7660/7012
f 7529/7065 7664/7017 7660/7012
f 7660/7415 7664/7426 7717/7470
f 7664/7426 7665/7428 7717/7470
f 7790/7521 7717/7477 8002/7571
f 7717/7477 7785/7543 8002/7571
f 8002/7313 7785/7371 7990/7314
f 7785/7371 7665/7488 7990/7314
f 7665/7488 7540/7548 7990/7314
f 7540/6990 7529/6993 7990/6841
f 7990/6841 7529/6993 7927/6841
f 7927/6841 7529/6993 7508/6993
f 7529/7068 7227/7295 7508/7068
f 7508/7068 7227/7295 7040/7295
f 6023/6855 6338/6739 6351/6739
f 6338/6739 6662/6609 6351/6739
f 6357/6739 6351/6739 6762/6609
f 6351/6739 6662/6609 6762/6609
f 6662/6764 7040/6631 6762/6764
f 7040/6631 7227/6631 6762/6764
f 7227/6631 6918/6674 6762/6764
f 6918/6674 6803/6743 6762/6764
f 6803/7300 6749/7286 6762/7288
f 6762/7288 6749/7286 6706/7286
f 6678/7288 6762/7288 6659/7286
f 6762/7288 6706/7286 6659/7286
f 6659/7286 6706/7286 6642/7287
f 6706/7286 6749/7286 6642/7287
f 6642/7287 6749/7286 6757/7287
f 6749/7286 6803/7300 6757/7287
f 6803/7300 6817/7316 6757/7287
f 6653/7287 6757/7287 6797/7316
f 6757/7287 6817/7316 6797/7316
f 6797/6774 6817/6774 7112/6925
f 6817/6774 7317/6925 7112/6925
f 7112/7105 7317/7105 7373/7214
f 7317/7105 7387/7214 7373/7214
f 7373/7214 7387/7214 7414/7246
f 7387/7214 7431/7246 7414/7246
f 7414/7246 7431/7246 7694/7458
f 8017/7564 7969/7564 7719/7458
f 7969/7564 7694/7458 7719/7458
f 7694/7458 7431/7246 7719/7458
f 7431/7246 7516/7333 7719/7458
f 7516/7333 7660/7415 7719/7458
f 7660/7415 7717/7470 7719/7458
f 7717/7470 7790/7521 7719/7458
f 7719/7458 7790/7521 8017/7564
f 7790/7521 8002/7571 8017/7564
f 7870/6608 7981/6607 8017/6608
f 7981/6607 8010/6607 8017/6608
f 8010/6607 7791/6651 8017/6608
f 8017/6608 7791/6651 7719/6699
f 7791/6651 7732/6692 7719/6699
f 7732/6692 7588/6793 7719/6699
f 8017/6608 7719/6699 7969/6608
f 7969/6608 7719/6699 7694/6699
f 7719/6699 7588/6793 7694/6699
f 7694/6699 7588/6793 7545/6793
f 7588/6793 7431/6878 7545/6793
f 7545/6793 7431/6878 7414/6878
f 7431/6878 7387/6920 7414/6878
f 7414/6878 7387/6920 7373/6920
f 7387/6920 7317/7008 7373/6920
f 7373/6920 7317/7008 7112/7008
f 7317/6615 6815/6735 7112/6615
f 7112/6615 6815/6735 6807/6735
f 6815/6735 6757/6780 6807/6735
f 6807/6735 6757/6780 6653/6780
f 6757/7015 6347/7189 6653/7015
f 6653/7015 6347/7189 6335/7189
f 6335/7189 6347/7189 6050/7370
f 6347/7189 6040/7370 6050/7370
f 6050/7278 6040/7278 5776/7227
f 6040/7278 5740/7227 5776/7227
f 5776/7227 5740/7227 5629/7179
f 5740/7227 5608/7179 5629/7179
f 5629/7179 5608/7179 5593/7141
f 5593/7141 5608/7179 5471/7141
f 5608/7175 5628/7184 5471/7141
f 5628/7184 5530/7142 5471/7141
f 5530/7142 5460/7142 5471/7141
f 5460/7142 5534/7141 5471/7141
f 5534/6909 5551/6910 5471/6909
f 5551/6910 5642/6868 5471/6909
f 5642/6868 5741/6853 5471/6909
f 5471/6909 5741/6853 5593/6909
f 5593/6909 5741/6853 5776/6853
f 5741/6790 6040/6840 5776/6790
f 5776/6790 6040/6840 6050/6840
f 6050/6917 6040/6917 6273/7052
f 6040/6917 6272/7052 6273/7052
f 6273/7541 6272/7541 6540/7391
f 6272/7541 6292/7541 6540/7391
f 6292/7541 6585/7393 6540/7391
f 6585/7393 6580/7391 6540/7391
f 6540/7391 6580/7391 6557/7391
f 6557/7391 6580/7391 6548/7391
f 6548/7391 6580/7391 6653/7345
f 6653/7345 6580/7391 6757/7345
f 6580/7391 6525/7407 6757/7345
f 6525/7407 6768/7315 6757/7345
f 6762/7586 6678/7586 6706/7416
f 6678/7586 6659/7416 6706/7416
f 6659/7315 6673/7345 6706/7315
f 6673/7345 6757/7345 6706/7315
f 6757/7345 6768/7315 6706/7315
f 6706/7416 6768/7416 6762/7586
f 6762/7586 6768/7416 6513/7556
f 6513/7377 6768/7315 6383/7483
f 6768/7315 6525/7407 6383/7483
f 6525/7407 6454/7436 6383/7483
f 6454/7436 6439/7445 6383/7483
f 6439/7134 6317/7084 6383/7108
f 6383/7108 6317/7084 6193/7043
f 6193/7043 6317/7084 6173/7034
f 6317/7084 6308/7080 6173/7034
f 6308/7080 6298/7077 6173/7034
f 6173/7034 6298/7077 6178/7029
f 6178/7029 6298/7077 6151/7026
f 6298/7077 6021/6949 6151/7026
f 6151/7026 6021/6949 6045/6975
f 6021/6839 5923/6816 6045/6838
f 5923/6816 5767/6799 6045/6838
f 5767/6799 5835/6799 6045/6838
f 5835/6799 6023/6838 6045/6838
f 6023/6855 6351/6739 6045/6855
f 6351/6739 6357/6739 6045/6855
f 6045/6855 6357/6739 6376/6734
f 6357/6739 6762/6609 6376/6734
f 6762/6609 6513/6656 6376/6734
f 6513/7425 6383/7562 6376/7372
f 6383/7108 6193/7043 6376/7133
f 6376/7133 6193/7043 6065/6985
f 6193/7043 6173/7034 6065/6985
f 6173/7034 6178/7029 6065/6985
f 6178/7029 6151/7026 6065/6985
f 6151/7026 6045/6975 6065/6985
f 6376/6916 6065/7060 6045/7066
f 7648/7451 7953/7587 7637/7442
f 7962/6704 7634/6918 7893/6704
f 7893/6704 7634/6918 7619/6918
f 7634/6918 7393/7039 7619/6918
f 7619/6918 7393/7039 7374/7039
f 6964/6713 7207/6695 7182/6713
f 7182/6713 7207/6695 7345/6695
f 7207/6695 7374/6640 7345/6695
f 7374/6640 7393/6640 7345/6695
f 7114/7155 7054/7155 7059/7165
f 7123/7165 7059/7165 7184/7155
f 7059/7165 7054/7155 7184/7155
f 7184/7156 7054/7156 7095/7157
f 7054/7156 7114/7156 7095/7157
f 7164/7557 7163/7557 7070/7572
f 7153/7572 7070/7572 7087/7557
f 7070/7572 7163/7557 7087/7557
f 7087/6712 7163/6712 7182/6713
f 7163/6712 7164/6712 7182/6713
f 7164/6712 7095/6713 7182/6713
f 7095/7157 7114/7156 7182/7157
f 6964/7157 7182/7157 7207/7190
f 7182/7157 7345/7190 7207/7190
f 7207/7190 7345/7190 7374/7281
f 7345/7190 7393/7281 7374/7281
f 7374/7281 7393/7281 7619/7429
f 7393/7281 7634/7429 7619/7429
f 7619/6727 7634/6727 7893/6907
f 7634/6727 7962/6907 7893/6907
f 7114/6620 7054/6620 7182/6619
f 7087/6996 7163/6996 7153/7000
f 7070/7000 7153/7000 7164/6996
f 7153/7000 7163/6996 7164/6996
f 7164/6768 7163/6768 7095/6758
f 7163/6768 7087/6768 7095/6758
f 7087/6768 7182/6758 7095/6758
f 7095/6619 7182/6619 7184/6620
f 7182/6619 7054/6620 7184/6620
f 7184/6620 7054/6620 7123/6621
f 7054/6620 7114/6620 7123/6621
f 7114/6620 7059/6621 7123/6621
f 6427/6740 6496/6691 6700/6646
f 6700/6646 6496/6691 6723/6617
f 5662/7419 5651/7408 5606/7380
f 5606/7380 5651/7408 5640/7395
f 5651/7549 5672/7545 5640/7552
f 6094/7006 5991/7116 5969/6913
f 5969/6716 5991/6717 5791/6700
f 5991/6717 5640/6661 5791/6700
f 5640/6661 5672/6668 5791/6700
f 5791/6700 5672/6668 5687/6676
f 5672/7545 5651/7549 5687/7542
f 5651/7549 5662/7546 5687/7542
f 5725/7542 5687/7542 5717/7542
f 5717/7542 5687/7542 5697/7542
f 5687/7542 5662/7546 5697/7542
f 5697/7419 5662/7419 5540/7364
f 5540/7364 5662/7419 5304/7364
f 5662/7419 5606/7380 5304/7364
f 5606/7380 5391/7365 5304/7364
f 5391/7365 5267/7365 5304/7364
f 5399/7364 5304/7364 5268/7365
f 5304/7364 5267/7365 5268/7365
f 5268/7365 5267/7365 5370/7366
f 5267/7365 5391/7365 5370/7366
f 7458/7439 7438/7434 7481/7382
f 7491/6976 7661/6897 7486/6997
f 7486/7379 7661/7292 7655/7334
f 7655/7334 7661/7292 7748/7221
f 7748/7215 7661/7292 7731/7210
f 7891/6741 7938/6741 7962/6704
f 7938/6741 7731/6834 7962/6704
f 7730/6825 7684/6791 7635/6724
f 7456/7326 7437/7310 7533/7378
f 7437/7310 7459/7324 7533/7378
f 7459/7324 7635/7418 7533/7378
f 7533/7381 7635/7427 7675/7464
f 7635/6724 7684/6791 7675/6770
f 7675/6770 7684/6791 7770/6844
f 7684/6791 7730/6825 7770/6844
f 7770/6844 7730/6825 7962/6907
f 7899/6906 7962/6907 7946/6906
f 7962/6907 7730/6825 7946/6906
f 7730/6825 7635/6724 7946/6906
f 7946/6906 7635/6724 7736/6824
f 7736/6824 7635/6724 7631/6723
f 7635/7418 7459/7324 7631/7417
f 7627/7417 7631/7417 7357/7225
f 7631/7417 7459/7324 7357/7225
f 7459/7324 7437/7310 7357/7225
f 7437/7310 7456/7326 7357/7225
f 7357/7225 7456/7326 7367/7248
f 7367/7249 7456/7329 7393/7281
f 7393/7281 7456/7329 7634/7429
f 7456/7329 7533/7381 7634/7429
f 7533/7381 7675/7464 7634/7429
f 7675/6770 7770/6844 7634/6727
f 7770/6844 7962/6907 7634/6727
f 7962/6704 7731/6834 7634/6881
f 7731/6834 7661/6897 7634/6881
f 7661/6897 7491/6972 7634/6881
f 7491/6972 7394/7035 7634/6881
f 7634/6918 7394/7035 7393/7039
f 7394/7035 7491/6976 7393/7039
f 7491/6976 7486/6997 7393/7039
f 7486/6997 7481/7001 7393/7039
f 7481/7001 7438/7041 7393/7039
f 7393/6640 7438/6618 7372/6647
f 7438/7434 7458/7439 7372/7471
f 7458/7439 7462/7443 7372/7471
f 7294/7544 7372/7471 7153/7572
f 7372/7471 7462/7443 7153/7572
f 6933/6938 6896/6901 6930/6932
f 6930/6932 6896/6901 6872/6880
f 6896/6901 6877/6887 6872/6880
f 6872/6880 6877/6887 6861/6869
f 6715/6632 6634/6632 6700/6616
f 6700/7131 6655/6902 6723/6902
f 6723/6902 6655/6902 6704/6688
f 6704/6688 6655/6902 6625/6688
f 6625/6688 6655/6902 6601/6902
f 6601/6902 6655/6902 6619/7131
f 6655/6902 6700/7131 6619/7131
f 6700/6616 6634/6632 6619/6616
f 6610/6817 6634/6805 6733/6817
f 6634/6805 6715/6805 6733/6817
f 6715/6805 6809/6843 6733/6817
f 6809/6843 6861/6869 6733/6817
f 6861/6869 6877/6887 6733/6817
f 6647/7353 6708/7354 6737/7353
f 6737/7353 6708/7354 6537/7289
f 6537/7289 6708/7354 6343/7166
f 6708/7354 6370/7185 6343/7166
f 6343/7054 6370/7322 6032/7149
f 5711/7472 5774/7447 5734/7459
f 5734/7459 5774/7447 5985/7422
f 5774/7447 5967/7423 5985/7422
f 5967/7159 6032/7136 5985/7158
f 5985/7158 6032/7136 6071/7115
f 6032/7149 6370/7322 6071/7399
f 6324/7398 6071/7399 6379/7398
f 6071/7399 6370/7322 6379/7398
f 6379/7191 6370/7185 6733/7357
f 6370/7185 6708/7354 6733/7357
f 6733/7357 6708/7354 6610/7357
f 6610/7357 6708/7354 6629/7354
f 6708/7354 6647/7353 6629/7354
f 6629/7354 6647/7353 6614/7353
f 6614/7353 6647/7353 6619/7352
f 6619/6646 6655/6617 6601/6617
f 6601/6806 6655/6806 6625/6818
f 6625/6818 6655/6806 6704/6818
f 6704/6818 6655/6806 6723/6806
f 6723/6617 6655/6617 6700/6646
f 6655/6617 6619/6646 6700/6646
f 6619/7352 6647/7353 6700/7352
f 6647/7353 6737/7353 6700/7352
f 6737/7353 6537/7289 6700/7352
f 6700/7352 6537/7289 6427/7216
f 6537/7289 6343/7166 6427/7216
f 6343/7588 6037/7508 6427/7452
f 6037/7137 6345/6977 6427/6926
f 6427/6926 6345/6977 6700/6807
f 6700/6807 6345/6977 6319/6977
f 6319/6977 6345/6977 5991/7144
f 6345/6977 6037/7137 5991/7144
f 6037/7503 6343/7589 5991/7500
f 6343/7054 6032/7149 5991/6912
f 6032/7136 5967/7159 5991/7160
f 5967/7423 5774/7447 5991/7424
f 5991/7424 5774/7447 5649/7489
f 5774/7447 5711/7472 5649/7489
f 5649/7489 5711/7472 5633/7494
f 5711/7472 5734/7459 5633/7494
f 5216/7526 5358/7526 5338/7536
f 5338/7536 5358/7526 5204/7536
f 5358/7526 5633/7494 5204/7536
f 5633/7494 5734/7459 5204/7536
f 5204/7536 5734/7459 5502/7536
f 5502/7536 5734/7459 5768/7459
f 5734/7459 5985/7422 5768/7459
f 5768/7459 5985/7422 5979/7422
f 5979/7115 5985/7158 6005/7115
f 5985/7158 6071/7115 6005/7115
f 6005/7399 6071/7399 6325/7398
f 6071/7399 6324/7398 6325/7398
f 6325/7191 6324/7191 6631/7357
f 6324/7191 6379/7191 6631/7357
f 6379/7191 6733/7357 6631/7357
f 6631/6817 6733/6817 6855/6887
f 6733/6817 6877/6887 6855/6887
f 6855/6887 6877/6887 6867/6901
f 6877/6887 6896/6901 6867/6901
f 6867/6901 6896/6901 6876/6901
f 6876/6901 6896/6901 6990/7000
f 6896/6901 7153/7000 6990/7000
f 6990/7572 7153/7572 7432/7439
f 7153/7572 7462/7443 7432/7439
f 7462/7443 7458/7439 7432/7439
f 7432/7439 7458/7439 7436/7439
f 7436/7439 7458/7439 7445/7439
f 7445/7439 7458/7439 7581/7348
f 7953/7587 7882/7587 7637/7442
f 7882/7587 7581/7442 7637/7442
f 7581/7348 7458/7439 7637/7348
f 7458/7439 7481/7382 7637/7348
f 7481/7382 7486/7379 7637/7348
f 7486/7379 7655/7334 7637/7348
f 7637/7442 7655/7446 7648/7451
f 7648/7451 7655/7446 7953/7587
f 7655/7446 7748/7478 7953/7587
f 7748/6939 7731/7050 7953/6827
f 7731/7050 7938/7046 7953/6827
f 7938/7046 7891/7046 7953/6827
f 7953/6827 7891/7046 7854/6827
f 7854/6827 7891/7046 7841/7046
f 7841/6741 7891/6741 7826/6704
f 7891/6741 7962/6704 7826/6704
f 7962/6907 7899/6906 7826/6907
f 7826/6907 7899/6906 7847/6906
f 7847/6906 7899/6906 7832/6905
f 7832/6905 7899/6906 7921/6905
f 7899/6906 7946/6906 7921/6905
f 7946/6906 7736/6824 7921/6905
f 7736/6824 7631/6723 7921/6905
f 7631/6723 7627/6723 7921/6905
f 7921/6905 7627/6723 7859/6905
f 7627/7417 7357/7225 7352/7225
f 7357/7225 7059/7165 7352/7225
f 6316/6991 6603/6818 6320/6991
f 6320/6991 6603/6818 6704/6818
f 6603/6688 6966/6669 6704/6688
f 6966/6669 7059/6669 6704/6688
f 7059/6669 6915/6792 6704/6688
f 6490/6888 6704/6818 6723/6806
f 6700/7131 6723/6902 6811/6898
f 6723/6902 6704/6688 6811/6898
f 6704/6688 6915/6792 6811/6898
f 6811/6898 6915/6792 6931/6892
f 6915/6664 7059/6621 6931/6654
f 6929/6658 6931/6654 7022/6635
f 6931/6654 7059/6621 7022/6635
f 7022/6635 7059/6621 7114/6620
f 7059/7165 7357/7225 7114/7155
f 7114/7155 7357/7225 7348/7195
f 7348/7195 7357/7225 7355/7204
f 7357/7225 7367/7248 7355/7204
f 7355/7205 7367/7249 7345/7190
f 7367/7249 7393/7281 7345/7190
f 7393/6640 7372/6647 7345/6695
f 7372/6647 7294/6701 7345/6695
f 7345/6695 7294/6701 7087/6712
f 7294/7544 7153/7572 7087/7557
f 7087/6996 7153/7000 6971/6986
f 7153/7000 6896/6901 6971/6986
f 6896/6901 6933/6938 6971/6986
f 6971/6753 6933/6711 6948/6729
f 6933/6711 6930/6708 6948/6729
f 6930/6708 6872/6675 6948/6726
f 6948/6726 6872/6675 6852/6657
f 6872/6675 6861/6663 6852/6657
f 6861/6663 6809/6645 6852/6657
f 6809/6645 6715/6632 6852/6657
f 6715/6632 6700/6616 6852/6657
f 6700/7131 6811/6898 6852/7124
f 6811/6898 6931/6892 6852/7124
f 6931/6892 6929/7018 6852/7124
f 6852/7124 6929/7018 6948/7117
f 6929/6658 7022/6635 6948/6641
f 7022/6635 7114/6620 6948/6641
f 6409/6740 6427/6740 6598/6646
f 6427/6740 6700/6646 6598/6646
f 6598/7131 6700/7131 6820/7124
f 6700/7131 6852/7124 6820/7124
f 6820/7124 6852/7124 6940/7117
f 6852/7124 6948/7117 6940/7117
f 6940/6641 6948/6641 7002/6619
f 7002/6619 6948/6641 7182/6619
f 6948/6641 7114/6620 7182/6619
f 7114/7156 7348/7196 7182/7157
f 7348/7196 7355/7205 7182/7157
f 7355/7205 7345/7190 7182/7157
f 7345/6695 7087/6712 7182/6713
f 7087/6768 6971/6753 7182/6758
f 6971/6753 6948/6729 7182/6758
f 7182/6758 6948/6729 7002/6758
f 7002/6758 6948/6729 6936/6729
f 6936/6729 6948/6729 6940/6729
f 6940/6729 6948/6729 6939/6729
f 6948/6726 6852/6657 6939/6729
f 6939/6729 6852/6657 6820/6657
f 6852/6657 6700/6616 6820/6657
f 6820/6657 6700/6616 6598/6616
f 6700/6807 6319/6977 6598/6807
f 6598/6807 6319/6977 6310/6977
f 6310/6977 6319/6977 6001/7144
f 6319/6977 5991/7144 6001/7144
f 6001/7424 5991/7424 5679/7489
f 5991/7424 5649/7489 5679/7489
f 5679/7489 5649/7489 5525/7527
f 5525/7527 5649/7489 5247/7527
f 5649/7489 5633/7494 5247/7527
f 5633/7494 5358/7526 5247/7527
f 5358/7526 5216/7526 5247/7527
f 5216/7526 5370/7527 5247/7527
f 5370/7366 5391/7365 5247/7366
f 5391/7365 5606/7380 5247/7366
f 5606/7380 5640/7395 5247/7366
f 5247/7366 5640/7395 5525/7366
f 5525/7366 5640/7395 5668/7395
f 5640/6661 5991/6717 5668/6661
f 5668/6661 5991/6717 6001/6717
f 6001/7116 5991/7116 6388/7042
f 6421/7042 6401/7042 6416/7042
f 6401/7042 6388/7042 6416/7042
f 6388/7042 5991/7116 6416/7042
f 6420/6740 6416/6745 6427/6740
f 6427/6740 6416/6745 6318/6775
f 6318/6775 6416/6745 6309/6781
f 6416/7042 5991/7116 6309/6964
f 5991/7116 6094/7006 6309/6964
f 6309/7069 6094/7201 6195/7095
f 6094/7201 5969/7228 6195/7095
f 6195/7095 5969/7228 6102/7135
f 6102/7085 5969/7147 5996/7148
f 5969/6716 5791/6700 5996/6715
f 5791/6700 5687/6676 5996/6715
f 5687/6676 5725/6676 5996/6715
f 5725/6676 5971/6715 5996/6715
f 5971/7148 6320/6991 5996/7148
f 5996/7148 6320/6991 6330/6991
f 6320/6991 6704/6818 6330/6991
f 6704/6818 6490/6888 6330/6991
f 6330/6991 6490/6888 6336/6980
f 6490/6655 6723/6617 6336/6746
f 6723/6617 6496/6691 6336/6746
f 6496/6691 6427/6740 6336/6746
f 6427/6740 6318/6775 6336/6746
f 6336/6746 6318/6775 6205/6802
f 6318/6775 6309/6781 6205/6802
f 6309/7069 6195/7095 6205/7092
f 6195/7095 6102/7135 6205/7092
f 6205/7092 6102/7135 6156/7096
f 6102/7085 5996/7148 6156/7053
f 5996/7148 6330/6991 6156/7053
f 6330/6991 6336/6980 6156/7053
f 6205/7092 6156/7096 6336/7044
f 2042/6225 2010/6161 1909/6225
f 1909/6225 2010/6161 1984/6161
f 1925/6487 1986/6488 1921/6487
f 1921/6487 1986/6488 2099/6488
f 530/6035 534/6035 539/6036
f 583/6036 539/6036 602/6035
f 539/6036 534/6035 602/6035
f 602/5933 534/5933 596/5938
f 534/5933 530/5933 596/5938
f 530/5933 532/5938 596/5938
f 1500/6406 1458/6403 1399/6400
f 1390/6401 1458/6403 1531/6410
f 1531/6410 1458/6403 1563/6409
f 1458/6403 1500/6406 1563/6409
f 560/5927 586/5927 532/5926
f 532/5926 586/5927 608/5926
f 608/5926 586/5927 631/5927
f 517/6435 500/6435 432/6427
f 432/6427 500/6435 407/6427
f 407/6427 500/6435 342/6428
f 500/6435 475/6433 342/6428
f 1595/6450 2053/6444 1314/6456
f 2053/6444 1592/6451 1314/6456
f 1592/6451 1347/6454 1314/6456
f 1207/6129 1314/6154 1166/6107
f 1314/6154 1347/6164 1166/6107
f 990/6043 1166/6107 878/6014
f 1166/6107 1069/6080 878/6014
f 1922/6444 2052/6444 1948/6443
f 2052/6444 2053/6444 1948/6443
f 780/6011 779/6013 689/6040
f 755/5976 671/5956 907/6021
f 671/6276 779/6310 907/6336
f 779/6313 780/6317 907/6336
f 907/6336 780/6317 900/6339
f 900/6339 780/6317 870/6338
f 780/6011 689/6040 870/5988
f 885/6344 909/6351 1071/6399
f 1276/6140 1247/6137 1117/6095
f 1247/6137 1071/6084 1117/6095
f 1071/6399 909/6351 1117/6417
f 909/6351 1025/6387 1117/6417
f 1025/6017 1112/5978 1117/5983
f 1112/5978 1204/5958 1117/5983
f 1117/5983 1204/5958 1303/5922
f 1303/5922 1204/5958 1307/5923
f 1204/5958 1112/5978 1307/5923
f 1604/5960 1307/5981 1308/5982
f 1307/5923 1112/5978 1308/5924
f 1313/5924 1308/5924 1126/5978
f 1308/5924 1112/5978 1126/5978
f 1126/5925 1112/5925 920/5975
f 920/5975 1112/5925 910/5975
f 1112/5925 1025/5959 910/5975
f 1025/5959 909/5974 910/5975
f 910/5975 909/5974 707/6034
f 909/5974 885/5984 707/6034
f 885/5984 870/5985 707/6034
f 870/5988 689/6040 707/6034
f 707/6034 689/6040 683/6049
f 689/6040 779/6018 683/6049
f 779/5968 671/6012 683/6008
f 671/6012 644/6022 683/6008
f 683/6008 644/6022 554/6033
f 554/5937 644/5953 532/5940
f 644/5953 671/5956 532/5940
f 532/5940 671/5956 655/5955
f 671/5956 755/5976 655/5955
f 883/6019 655/5955 874/6019
f 655/5955 755/5976 874/6019
f 755/5976 907/6021 874/6019
f 874/6019 907/6021 1018/6061
f 907/6021 900/6024 1018/6061
f 1018/6061 900/6024 1019/6062
f 1019/6062 900/6024 1068/6081
f 900/6339 870/6338 1068/6396
f 870/6342 885/6344 1068/6396
f 885/6344 1071/6399 1068/6396
f 1068/6081 1071/6084 1232/6135
f 1071/6084 1247/6137 1232/6135
f 1232/6135 1247/6137 1610/6196
f 1247/6137 1276/6140 1610/6196
f 1610/6196 1276/6140 1311/6152
f 1276/6140 1117/6095 1311/6152
f 1117/6095 1303/6150 1311/6152
f 1311/6152 1303/6150 1588/6188
f 1588/6188 1303/6150 1983/6217
f 1303/5980 1307/5981 1983/5936
f 1307/5981 1604/5960 1983/5936
f 1898/5936 1982/5936 2048/5921
f 1982/5936 1983/5936 2048/5921
f 2048/5921 1983/5936 1913/5921
f 1983/5936 1604/5960 1913/5921
f 1604/5960 1308/5982 1913/5921
f 1308/5982 1313/5982 1913/5921
f 2155/5921 1913/5921 1354/5982
f 1913/5921 1313/5982 1354/5982
f 1354/5924 1313/5924 1133/5978
f 1313/5924 1126/5978 1133/5978
f 1133/5925 1126/5925 936/5975
f 1126/5925 920/5975 936/5975
f 936/5975 920/5975 721/6034
f 920/5975 910/5975 721/6034
f 910/5975 707/6034 721/6034
f 721/6034 707/6034 699/6049
f 707/6034 683/6049 699/6049
f 699/6008 683/6008 582/6036
f 582/6036 683/6008 539/6036
f 683/6008 554/6033 539/6036
f 539/6036 554/6033 530/6035
f 530/5933 554/5937 532/5938
f 527/5938 532/5940 544/5940
f 544/5940 532/5940 565/5940
f 565/5940 532/5940 595/5940
f 532/5940 655/5955 595/5940
f 595/5940 655/5955 661/5955
f 655/5955 883/6019 661/5955
f 661/5955 883/6019 899/6019
f 899/6019 883/6019 1145/6097
f 1145/6097 1309/6155 1384/6155
f 1384/6155 1309/6155 2171/6232
f 2171/6232 1309/6155 1882/6232
f 1882/6232 1309/6155 1310/6155
f 1310/6155 1309/6155 1121/6097
f 1309/6155 1145/6097 1121/6097
f 1145/6097 883/6019 1121/6097
f 883/6019 874/6019 1121/6097
f 874/6019 1018/6061 1121/6097
f 1018/6061 1019/6062 1121/6097
f 1019/6062 1068/6081 1121/6097
f 1068/6081 1232/6135 1121/6097
f 1232/6135 1610/6196 1121/6097
f 1121/6097 1610/6196 1310/6155
f 1310/6155 1610/6196 1882/6232
f 1610/6196 1311/6152 1882/6232
f 1311/6152 1588/6188 1882/6232
f 1588/6188 1983/6217 1882/6232
f 1983/6217 1982/6217 1882/6232
f 1982/6217 1898/6217 1882/6232
f 1898/6217 1948/6232 1882/6232
f 1948/6443 2053/6444 1882/6443
f 2053/6444 1595/6450 1882/6443
f 1882/6231 1595/6266 1310/6284
f 1595/6450 1314/6456 1310/6455
f 1314/6154 1207/6129 1310/6157
f 1310/6157 1207/6129 1121/6096
f 1207/6129 1166/6107 1121/6096
f 1166/6107 990/6043 1121/6096
f 1121/6191 1061/6216 1310/6130
f 1061/5932 1160/5961 1310/6004
f 1310/6284 1160/6326 1882/6231
f 1160/6326 1159/6326 1882/6231
f 2171/6231 1882/6231 1184/6326
f 1882/6231 1159/6326 1184/6326
f 1184/6058 1159/6058 792/6174
f 1159/6058 1160/6058 792/6174
f 661/5949 792/5986 785/5986
f 792/6174 1160/6058 785/6174
f 1160/6058 1061/6091 785/6174
f 1061/6075 1121/6096 785/5986
f 1121/6096 990/6043 785/5986
f 990/6043 878/6014 785/5986
f 878/6014 842/6003 785/5986
f 655/5950 785/5986 747/5971
f 785/5986 842/6003 747/5971
f 747/5971 676/5957 619/5943
f 560/6442 498/6434 532/6441
f 498/6434 475/6433 532/6441
f 475/6433 500/6435 532/6436
f 500/6435 517/6435 532/6441
f 517/6435 595/6441 532/6441
f 532/5926 595/5926 655/5949
f 595/5926 661/5949 655/5949
f 661/5949 785/5986 655/5949
f 747/5971 619/5943 655/5949
f 619/5943 560/5927 655/5949
f 560/5927 532/5926 655/5949
f 353/6223 407/6219 352/6223
f 1446/6466 997/6453 1399/6466
f 1399/6466 997/6453 984/6453
f 997/6497 758/6492 984/6497
f 984/6497 758/6492 748/6492
f 758/6492 460/6489 748/6492
f 967/6495 716/6484 829/6480
f 716/6098 711/6074 829/6056
f 837/6287 872/6280 1031/6252
f 1196/6494 1031/6522 1435/6506
f 1435/6158 1031/6252 1193/6209
f 711/6074 716/6098 264/6134
f 345/6151 264/6134 344/6151
f 344/6151 264/6134 635/6125
f 264/6134 716/6101 635/6125
f 635/6483 716/6485 748/6492
f 984/6497 748/6492 960/6496
f 748/6492 716/6485 960/6496
f 716/6484 967/6495 960/6496
f 960/6496 967/6495 984/6497
f 967/6495 829/6480 984/6497
f 829/6480 837/6481 984/6497
f 837/6481 1031/6486 984/6497
f 1031/6486 1196/6493 984/6497
f 840/6042 941/6070 852/6039
f 852/6416 815/6402 704/6376
f 815/6465 687/6469 704/6468
f 704/6468 687/6469 510/6472
f 510/6472 687/6469 656/6471
f 687/6469 815/6465 656/6471
f 656/6471 815/6465 398/6474
f 398/6474 815/6465 658/6470
f 658/6470 815/6465 807/6463
f 807/6327 815/6341 977/6378
f 815/6341 852/6356 977/6378
f 977/6378 852/6356 1007/6386
f 852/6356 941/6377 1007/6391
f 1007/6501 941/6498 1044/6505
f 1044/6424 941/6394 1000/6408
f 1114/6513 1122/6511 1013/6504
f 1122/6508 1000/6503 1013/6504
f 1013/6088 1000/6086 877/6060
f 877/6060 1000/6086 869/6057
f 869/6057 1000/6086 862/6054
f 1000/6086 941/6070 862/6054
f 941/6070 840/6042 862/6054
f 862/6422 840/6415 732/6385
f 840/6415 852/6416 732/6385
f 852/6416 704/6376 732/6385
f 704/6468 510/6472 732/6467
f 732/6467 510/6472 296/6475
f 510/6472 656/6471 296/6475
f 656/6471 398/6474 296/6475
f 296/6167 129/6195 24/6227
f 158/6126 174/6132 151/6128
f 151/6128 174/6132 226/6138
f 311/6144 226/6138 233/6142
f 233/6142 226/6138 174/6133
f 154/6208 174/6199 148/6211
f 174/6199 158/6210 148/6211
f 148/6211 158/6210 109/6237
f 158/6126 151/6128 109/6102
f 151/6128 112/6106 109/6102
f 109/6102 112/6106 84/6092
f 112/6106 24/6079 84/6092
f 84/6092 24/6079 43/6083
f 43/6083 24/6079 42/6078
f 24/6227 129/6195 42/6226
f 42/6226 129/6195 146/6192
f 129/6195 296/6167 146/6192
f 146/6192 296/6167 145/6190
f 296/6167 398/6171 145/6190
f 145/6510 398/6517 68/6502
f 68/6502 398/6517 343/6516
f 398/6474 658/6470 343/6473
f 658/6470 807/6463 343/6473
f 343/6473 807/6463 819/6463
f 819/6327 807/6327 1147/6423
f 807/6327 977/6378 1147/6423
f 977/6378 1007/6386 1147/6423
f 1147/6509 1007/6501 1164/6512
f 1007/6501 1044/6505 1164/6512
f 1044/6505 1000/6503 1164/6512
f 1000/6503 1122/6508 1164/6512
f 1164/6512 1122/6508 1245/6520
f 1122/6511 1114/6513 1245/6520
f 1114/6513 1136/6514 1245/6520
f 1245/6520 1136/6514 1274/6523
f 1274/6523 1136/6514 1211/6519
f 1211/6519 1136/6514 1167/6515
f 1167/6127 1136/6112 984/6090
f 1136/6112 1114/6109 984/6090
f 1114/6109 1013/6088 984/6090
f 1013/6088 877/6060 984/6090
f 984/6090 877/6060 748/6031
f 877/6060 869/6057 748/6031
f 869/6057 862/6054 748/6031
f 862/6422 732/6385 748/6393
f 1446/6181 1399/6181 997/6090
f 1399/6181 984/6090 997/6090
f 997/6090 984/6090 758/6031
f 984/6090 748/6031 758/6031
f 758/6031 748/6031 759/6031
f 759/6031 748/6031 736/6031
f 748/6393 732/6385 736/6393
f 736/6467 732/6467 460/6475
f 732/6467 296/6475 460/6475
f 460/6167 296/6167 90/6227
f 296/6167 24/6227 90/6227
f 24/6079 112/6106 90/6079
f 90/6079 112/6106 140/6106
f 112/6106 151/6128 140/6106
f 140/6106 151/6128 176/6128
f 151/6128 226/6138 176/6128
f 176/6128 226/6138 374/6138
f 469/6145 374/6138 353/6145
f 374/6138 226/6138 353/6145
f 226/6138 311/6144 353/6145
f 267/6380 333/6380 389/6379
f 289/6145 353/6145 389/6144
f 353/6145 311/6144 389/6144
f 389/6379 311/6379 267/6380
f 311/6379 233/6382 267/6380
f 233/6182 174/6194 267/6183
f 174/6194 154/6208 267/6183
f 154/6208 148/6211 267/6183
f 507/6460 468/6461 462/6462
f 462/6395 310/6389 267/6388
f 267/6388 310/6389 389/6389
f 333/6388 267/6388 263/6389
f 267/6388 389/6389 263/6389
f 263/6389 389/6389 375/6390
f 389/6389 310/6389 375/6390
f 281/6420 367/6413 358/6419
f 367/6413 357/6414 358/6419
f 358/6419 357/6414 407/6418
f 357/6412 375/6411 407/6418
f 375/6390 310/6389 407/6390
f 310/6389 462/6395 407/6390
f 462/6395 468/6397 407/6390
f 407/6390 468/6397 432/6390
f 432/6390 468/6397 501/6397
f 595/6457 501/6461 532/6457
f 501/6461 468/6461 532/6457
f 532/6457 468/6461 554/6458
f 468/6461 507/6460 554/6458
f 554/6458 602/6458 532/6457
f 532/6441 586/6442 560/6442
f 631/6442 586/6442 608/6441
f 586/6442 532/6441 608/6441
f 532/6457 602/6458 608/6457
f 608/6457 602/6458 627/6458
f 627/6458 602/6458 618/6459
f 618/6459 602/6458 539/6459
f 602/6458 554/6458 539/6459
f 554/6458 507/6460 539/6459
f 507/6460 462/6462 539/6459
f 462/6462 267/6464 539/6459
f 582/6459 539/6459 449/6464
f 539/6459 267/6464 449/6464
f 449/6183 267/6183 161/6211
f 267/6183 148/6211 161/6211
f 161/6211 148/6211 76/6255
f 76/6255 148/6211 33/6255
f 148/6211 109/6237 33/6255
f 109/6237 84/6246 33/6255
f 84/6246 43/6257 33/6255
f 43/6257 42/6259 33/6255
f 54/6258 33/6255 32/6258
f 33/6255 42/6259 32/6258
f 42/6499 146/6507 32/6500
f 146/6507 145/6510 32/6500
f 145/6510 68/6502 32/6500
f 68/6502 343/6516 32/6500
f 32/6500 343/6516 77/6500
f 77/6500 343/6516 466/6516
f 343/6473 819/6463 466/6473
f 819/6327 1147/6423 1153/6423
f 1147/6509 1164/6512 1153/6512
f 1153/6512 1164/6512 1171/6512
f 1171/6512 1164/6512 1180/6512
f 1164/6512 1245/6520 1180/6512
f 1180/6512 1245/6520 1259/6520
f 1245/6520 1274/6523 1259/6520
f 1259/6520 1274/6523 1280/6523
f 1280/6523 1274/6523 1293/6523
f 1293/6479 1274/6479 1296/6479
f 1514/6476 1296/6479 1390/6476
f 1296/6479 1274/6479 1390/6476
f 1390/6476 1274/6479 1407/6477
f 1274/6479 1211/6482 1407/6477
f 1211/6354 1167/6421 1407/6303
f 1407/6303 1167/6421 1403/6384
f 1403/6170 1167/6127 1399/6181
f 1167/6127 984/6090 1399/6181
f 984/6453 1196/6452 1399/6466
f 1196/6494 1435/6506 1399/6490
f 1399/6490 1435/6506 1538/6490
f 1538/6490 1435/6506 1554/6506
f 188/6214 164/6201 407/6219
f 407/6219 164/6201 151/6198
f 24/6148 151/6198 107/6176
f 151/6198 164/6201 107/6176
f 341/6224 269/6224 351/6223
f 353/6223 351/6223 270/6224
f 351/6223 269/6224 270/6224
f 188/6214 407/6219 270/6224
f 270/6224 407/6219 353/6223
f 479/6223 353/6223 469/6219
f 353/6223 407/6219 469/6219
f 469/6219 407/6219 432/6219
f 432/6219 407/6219 176/6198
f 407/6219 151/6198 176/6198
f 176/6262 151/6262 90/6286
f 90/6286 151/6262 24/6286
f 107/6176 36/6147 24/6146
f 36/6117 135/6139 24/6118
f 24/6118 135/6139 296/6166
f 135/6139 336/6169 296/6166
f 398/6517 318/6517 343/6516
f 401/6516 343/6516 319/6517
f 343/6516 318/6517 319/6517
f 319/6171 318/6171 372/6167
f 318/6171 398/6171 372/6167
f 398/6171 296/6167 372/6167
f 372/6166 296/6166 268/6169
f 296/6166 336/6169 268/6169
f 317/6134 264/6134 273/6151
f 264/6134 345/6151 273/6151
f 273/6478 345/6478 372/6489
f 345/6478 344/6478 372/6489
f 319/6474 318/6474 401/6473
f 343/6473 401/6473 398/6474
f 401/6473 318/6474 398/6474
f 398/6474 318/6474 296/6475
f 318/6474 319/6474 296/6475
f 319/6474 372/6475 296/6475
f 372/6489 344/6478 296/6489
f 344/6478 635/6483 296/6489
f 635/6483 748/6492 296/6489
f 748/6492 460/6489 296/6489
f 460/6166 90/6118 296/6166
f 90/6118 24/6118 296/6166
f 5217/7217 4892/7161 5416/7217
f 5416/7217 4892/7161 4890/7161
f 5193/7217 5241/7211 5217/7217
f 5241/7211 5282/7211 5217/7217
f 5217/6626 5416/6625 4892/6627
f 5416/6625 4890/6627 4892/6627
f 5188/6703 5154/6940 5131/6940
f 2274/7490 2134/7509 2126/7490
f 2126/7490 2134/7509 1831/7504
f 2134/7509 1725/7509 1831/7504
f 2274/7515 2126/7515 2133/7532
f 2126/7515 1831/7532 2133/7532
f 3467/7410 3441/7386 3381/7358
f 3439/7383 3441/7386 3530/7460
f 3530/7460 3441/7386 3535/7462
f 3441/7386 3467/7410 3535/7462
f 3535/7462 3467/7410 3449/7392
f 3467/7410 3381/7358 3449/7392
f 3381/7358 3291/7317 3449/7392
f 3449/7392 3291/7317 3290/7320
f 3290/7230 3291/7229 3276/7244
f 3805/6777 3949/6776 3695/6973
f 3695/6973 3949/6776 3950/6811
f 4864/7027 4832/7019 4641/6933
f 4641/6933 4514/6845 4179/6759
f 4179/6808 4170/6809 4188/6622
f 4188/6622 4170/6809 4033/6810
f 3950/6639 4033/6694 3973/6653
f 5110/7349 5271/7349 5345/7565
f 5271/7349 5272/7349 5345/7565
f 4841/6680 4712/6754 4707/6721
f 4712/6754 4564/6813 4707/6721
f 4681/6721 4707/6721 4396/6864
f 4707/6721 4564/6813 4396/6864
f 4396/6864 4564/6819 4329/6866
f 3561/7100 3984/7036 3983/7047
f 4155/6965 4075/6998 4303/6870
f 4303/6870 4075/6998 4125/6953
f 4075/6998 4013/7022 4125/6953
f 4013/7022 4023/7025 4125/6953
f 4125/6953 4023/7025 4118/6959
f 4023/7025 3983/7047 4118/6959
f 3983/7047 3984/7036 4118/6959
f 4118/6959 3984/7036 3809/7075
f 3984/7036 3561/7100 3809/7075
f 3561/7062 3496/7088 3809/7063
f 3496/7088 3460/7111 3809/7063
f 3809/7063 3460/7111 3285/7243
f 3139/7272 3285/7311 3243/7293
f 3243/7254 3285/7243 3361/7202
f 3285/7243 3460/7111 3361/7202
f 3460/7111 3496/7088 3361/7202
f 3361/7202 3496/7088 3449/7138
f 3496/7088 3561/7062 3449/7138
f 3449/7138 3561/7062 3595/7061
f 3561/7055 3983/7112 3595/7056
f 3983/7112 4023/7162 3595/7056
f 3595/7056 4023/7162 3981/7109
f 4023/7162 4013/7167 3981/7109
f 4013/7167 4075/7197 3981/7109
f 3981/7109 4075/7197 4043/7176
f 4075/7197 4155/7234 4043/7176
f 4422/7323 4043/7176 4441/7323
f 4043/7176 4155/7234 4441/7323
f 4441/7323 4155/7234 4556/7373
f 4155/6965 4303/6870 4556/6835
f 4303/6870 4329/6866 4556/6835
f 4556/6835 4329/6866 4561/6833
f 4329/6866 4564/6819 4561/6833
f 4561/6833 4564/6819 4699/6761
f 4564/6813 4712/6754 4699/6761
f 4699/7448 4712/7453 4846/7523
f 4846/7523 4712/7453 5095/7579
f 4712/6754 4841/6680 5095/6642
f 5277/6642 5278/6642 5347/6629
f 5278/6642 5095/6642 5347/6629
f 5347/6629 5095/6642 5178/6629
f 5095/6642 4841/6680 5178/6629
f 4841/6680 4707/6721 5178/6629
f 4707/6721 4681/6721 5178/6629
f 5178/6629 4681/6721 4943/6629
f 4943/6629 4681/6721 4658/6721
f 4658/6721 4681/6721 4310/6866
f 4681/6721 4396/6864 4310/6866
f 4396/6864 4329/6866 4310/6866
f 4310/6866 4329/6866 4241/6870
f 4329/6866 4303/6870 4241/6870
f 4241/6870 4303/6870 4218/6870
f 4303/6870 4125/6953 4218/6870
f 4218/6870 4125/6953 4092/6953
f 4092/6953 4125/6953 4073/6953
f 4073/6953 4125/6953 4078/6953
f 4125/6953 4118/6959 4078/6953
f 4118/6959 3809/7075 4078/6953
f 4078/6953 3809/7075 3547/7075
f 3809/7063 3285/7243 3547/7063
f 3547/7063 3285/7243 3264/7243
f 3046/7271 3264/7311 3161/7271
f 3264/7311 3285/7311 3161/7271
f 3285/7311 3139/7272 3161/7271
f 3139/7272 3035/7272 3161/7271
f 3161/7271 3035/7272 3027/7271
f 3027/7271 3035/7272 2983/7272
f 2989/7273 3035/7272 3095/7273
f 3035/7272 3139/7272 3095/7273
f 3139/7272 3243/7293 3095/7273
f 3243/7254 3361/7202 3095/7268
f 3361/7202 3449/7138 3095/7268
f 3045/7268 3095/7268 3432/7138
f 3095/7268 3449/7138 3432/7138
f 3432/7138 3449/7138 3546/7061
f 3449/7138 3595/7061 3546/7061
f 3546/7056 3595/7056 3964/7109
f 3595/7056 3981/7109 3964/7109
f 3964/7109 3981/7109 4019/7176
f 3981/7109 4043/7176 4019/7176
f 4019/7176 4043/7176 4433/7323
f 4043/7176 4422/7323 4433/7323
f 4433/7323 4422/7323 4670/7454
f 4422/7323 4441/7323 4670/7454
f 5174/7580 4942/7580 4718/7454
f 4942/7580 4670/7454 4718/7454
f 4670/7454 4441/7323 4718/7454
f 4441/7323 4556/7373 4718/7454
f 4556/7373 4561/7375 4718/7454
f 4561/7375 4699/7448 4718/7454
f 4699/7448 4846/7523 4718/7454
f 4718/7454 4846/7523 5174/7580
f 4846/7523 5095/7579 5174/7580
f 5095/7579 5278/7579 5174/7580
f 5278/7579 5277/7579 5174/7580
f 5277/7579 5345/7580 5174/7580
f 5345/7565 5272/7349 5174/7565
f 5272/7349 4864/7342 5174/7565
f 5174/7565 4864/7342 4718/7561
f 4864/7342 4641/7330 4718/7561
f 4641/7087 4508/7265 4718/7301
f 4508/7265 4188/7409 4718/7301
f 5174/7565 4718/7561 4942/7565
f 4942/7565 4718/7561 4670/7561
f 4718/7301 4188/7409 4670/7301
f 4670/7301 4188/7409 4173/7409
f 3546/6624 3964/6623 3595/6624
f 3595/6624 3964/6623 3981/6623
f 3964/6623 4173/6622 3981/6623
f 4173/6622 4188/6622 3981/6623
f 4188/6622 4033/6810 3981/6623
f 4033/6810 3950/6811 3981/6623
f 3950/6811 3949/6776 3981/6623
f 3949/6776 3805/6777 3981/6623
f 3981/6623 3805/6777 3595/6624
f 3805/6777 3591/6777 3595/6624
f 3561/7100 3668/7100 3809/7075
f 3734/7075 3809/7075 3667/7100
f 3809/7075 3668/7100 3667/7100
f 3667/7055 3668/7055 3731/7056
f 3668/7055 3561/7055 3731/7056
f 3561/7055 3595/7056 3731/7056
f 3731/6624 3595/6624 3718/6777
f 3595/6624 3591/6777 3718/6777
f 3718/6777 3591/6777 3586/6973
f 3591/6777 3805/6777 3586/6973
f 3805/6777 3695/6973 3586/6973
f 3788/7474 3662/7474 3731/7473
f 3662/7474 3663/7474 3731/7473
f 3667/7062 3668/7062 3734/7063
f 3809/7063 3734/7063 3561/7062
f 3734/7063 3668/7062 3561/7062
f 3561/7062 3668/7062 3595/7061
f 3668/7062 3667/7062 3595/7061
f 3667/7062 3731/7061 3595/7061
f 3731/7473 3663/7474 3595/7473
f 3663/7474 3530/7460 3595/7473
f 3530/7460 3535/7462 3595/7473
f 3595/7473 3535/7462 3551/7473
f 3551/7473 3535/7462 3526/7462
f 3526/7462 3535/7462 3524/7462
f 3524/7462 3535/7462 3514/7462
f 3535/7462 3449/7392 3514/7462
f 3514/7462 3449/7392 3432/7392
f 3449/7392 3290/7320 3432/7392
f 3432/7392 3290/7320 3271/7320
f 3045/7266 3271/7230 3160/7266
f 3271/7230 3290/7230 3160/7266
f 3290/7230 3276/7244 3160/7266
f 3026/7533 3160/7534 2988/7335
f 3160/7534 3090/7336 2988/7335
f 2988/7568 3090/7573 2987/7569
f 3122/7576 2987/7569 3090/7575
f 3090/7337 3160/7534 3109/7296
f 3160/7266 3276/7244 3109/7270
f 1725/7509 1686/7505 1871/7505
f 1916/7496 2151/7491 2126/7490
f 2151/7491 2225/7491 2126/7490
f 1868/7531 2126/7515 2039/7522
f 2039/7522 2126/7515 2150/7514
f 2126/7515 2223/7514 2150/7514
f 2317/7514 2223/7514 2300/7515
f 2223/7514 2126/7515 2300/7515
f 2126/7490 2225/7491 2300/7490
f 2300/7490 2225/7491 2318/7491
f 2318/7491 2225/7491 2301/7492
f 2301/7492 2225/7491 2130/7492
f 2225/7491 2151/7491 2130/7492
f 2151/7491 1916/7496 2130/7492
f 2275/7492 2130/7492 2135/7506
f 2135/7506 2130/7492 1834/7506
f 2130/7492 1916/7496 1834/7506
f 1916/7496 1871/7505 1834/7506
f 1871/7505 1686/7505 1834/7506
f 1834/7506 1686/7505 1728/7506
f 1728/7506 1686/7505 1796/7505
f 1796/7505 1686/7505 1846/7509
f 1686/7505 1725/7509 1846/7509
f 1846/7509 1725/7509 1830/7509
f 1830/7509 1725/7509 1704/7509
f 1893/7504 1704/7509 1831/7504
f 1704/7509 1725/7509 1831/7504
f 1725/7509 1871/7505 1831/7504
f 1871/7505 1916/7496 1831/7504
f 1916/7496 2126/7490 1831/7504
f 2126/7515 1868/7531 1831/7532
f 1868/7531 1685/7531 1831/7532
f 1724/7532 1831/7532 1794/7531
f 1831/7532 1685/7531 1794/7531
f 4188/8907 4508/8933 4178/8936
f 4508/8933 4642/8956 4178/8936
f 2522/6263 2499/6263 2509/6263
f 2509/6263 2499/6263 2514/6263
f 2514/6263 2499/6263 2413/6285
f 2499/6263 2367/6285 2413/6285
f 2413/6285 2367/6285 2368/6291
f 2367/6285 2290/6291 2368/6291
f 2649/6318 2716/6330 2681/6323
f 2716/6330 2854/6365 2681/6323
f 2681/6323 2854/6365 2947/6392
f 2947/6392 2854/6365 2923/6383
f 2923/6149 2854/6168 2777/6184
f 2854/6168 2716/6202 2777/6184
f 2716/6202 2649/6218 2777/6184
f 2777/6184 2649/6218 2624/6221
f 2649/6218 2632/6220 2624/6221
f 2624/6001 2632/6002 2500/6026
f 2311/6222 2243/6222 2290/6229
f 2243/6222 2312/6234 2290/6229
f 2333/6292 2290/6291 2277/6292
f 2907/6009 2739/5967 2753/5969
f 2537/6248 2620/6228 2610/6233
f 2610/6360 2620/6361 2697/6347
f 2620/6361 2753/6331 2697/6347
f 2753/6331 2739/6332 2697/6347
f 3123/6045 3205/6045 3174/6051
f 3174/6051 3205/6045 3267/6051
f 3205/6045 3247/6045 3267/6051
f 3247/6045 2907/6009 3267/6051
f 2907/6009 2753/5969 3267/6051
f 3267/6051 2753/5969 3195/6051
f 3195/6051 2753/5969 2737/5969
f 2737/6331 2753/6331 2622/6361
f 2753/6331 2620/6361 2622/6361
f 2622/6228 2620/6228 2522/6260
f 2522/6260 2620/6228 2499/6260
f 2620/6228 2537/6248 2499/6260
f 2537/6248 2530/6249 2499/6263
f 2530/6249 2485/6268 2499/6263
f 2499/6263 2485/6268 2367/6285
f 2485/6268 2305/6289 2367/6285
f 2305/6289 2277/6292 2367/6285
f 2277/6292 2290/6291 2367/6285
f 2290/6229 2312/6234 2367/6245
f 2312/6234 2375/6244 2367/6245
f 2375/6244 2463/6261 2367/6245
f 2367/6245 2463/6261 2499/6272
f 2463/6261 2455/6264 2499/6272
f 2455/6264 2500/6273 2499/6272
f 2367/6245 2499/6272 2620/6294
f 2499/6272 2500/6273 2620/6294
f 2500/6273 2632/6293 2620/6294
f 2632/6314 2649/6318 2620/6315
f 2649/6318 2681/6323 2620/6315
f 2290/6229 2367/6245 2368/6229
f 2368/6229 2367/6245 2413/6245
f 2367/6245 2620/6294 2413/6245
f 2413/6245 2620/6294 2622/6294
f 2620/6315 2681/6323 2622/6323
f 2622/6323 2681/6323 2657/6323
f 2657/6323 2681/6323 3173/6426
f 3173/6426 2681/6323 3218/6426
f 2681/6323 2947/6392 3218/6426
f 2947/6392 2923/6383 3218/6426
f 2923/6383 3228/6425 3218/6426
f 3228/6425 3183/6425 3218/6426
f 3218/6426 3183/6425 3077/6426
f 3077/6426 3183/6425 3094/6425
f 3094/6124 3183/6124 3110/6121
f 3110/6121 3183/6124 3257/6121
f 3183/6124 3228/6124 3257/6121
f 3228/6124 2923/6149 3257/6121
f 2923/6149 2777/6184 3257/6121
f 3257/6121 2777/6184 3180/6121
f 3180/6121 2777/6184 2750/6184
f 2750/6184 2777/6184 2644/6221
f 2777/6184 2624/6221 2644/6221
f 2644/6001 2624/6001 2453/6063
f 2453/6063 2624/6001 2424/6063
f 2624/6001 2500/6026 2424/6063
f 2500/6026 2455/6044 2424/6063
f 2455/6044 2463/6050 2424/6063
f 2441/6063 2424/6063 2433/6066
f 2424/6063 2463/6050 2433/6066
f 2463/6050 2375/6071 2433/6066
f 2375/6071 2312/6082 2433/6066
f 2453/6066 2433/6066 2448/6066
f 2448/6066 2433/6066 2447/6066
f 2447/6066 2433/6066 2374/6085
f 2374/6085 2433/6066 2266/6085
f 2433/6066 2312/6082 2266/6085
f 2312/6082 2243/6087 2266/6085
f 2243/6087 2311/6087 2266/6085
f 2266/6085 2311/6087 2385/6085
f 2385/6085 2311/6087 2377/6087
f 2377/6222 2311/6222 2399/6229
f 2311/6222 2290/6229 2399/6229
f 2290/6291 2333/6292 2399/6291
f 6067/2271 5709/2256 5681/2256
f 5057/2239 5709/2256 5201/2239
f 5359/2239 5201/2239 5274/2241
f 5201/2239 5101/2241 5274/2241
f 7046/2232 7199/2232 7150/2221
f 7150/2221 7199/2232 7064/2221
f 5400/2212 5407/2212 5201/2186
f 5201/2186 6067/2192 5057/2186
f 5415/2380 5341/2380 5194/2378
f 5373/2378 5194/2378 5340/2380
f 5194/2378 5341/2380 5340/2380
f 5340/2380 5341/2380 5134/2379
f 5341/2380 5415/2380 5134/2379
f 5415/2380 5410/2379 5134/2379
f 5153/2359 5654/2353 5410/2358
f 5410/2358 5654/2353 5945/2339
f 5654/2353 5909/2340 5945/2339
f 5909/2340 5829/2340 5945/2339
f 5822/2339 5945/2339 5780/2340
f 5945/2339 5829/2340 5780/2340
f 5780/2340 5829/2340 5783/2341
f 5829/2340 5909/2340 5783/2341
f 5783/2341 5909/2340 5914/2341
f 5909/2340 5654/2353 5914/2341
f 5016/2360 5805/2341 5194/2360
f 5805/2341 5914/2341 5194/2360
f 5914/2341 5654/2353 5194/2360
f 5654/2353 5153/2359 5194/2360
f 5194/2378 5153/2377 5415/2380
f 5415/2380 5153/2377 5410/2379
f 4947/2376 5410/2376 4946/2376
f 4946/2376 5410/2376 4983/2376
f 4983/2358 5410/2358 5847/2339
f 5410/2358 5945/2339 5847/2339
f 7133/2317 7206/2318 7135/2317
f 7201/2291 7108/2291 7187/2294
f 7187/2294 7108/2291 7076/2294
f 7108/2291 7109/2291 7076/2294
f 7135/2333 6968/2333 7206/2336
f 6795/2279 6728/2279 6788/2279
f 6484/2230 6466/2227 6231/2218
f 6466/2227 6477/2226 6231/2218
f 6231/2218 6477/2226 6228/2217
f 6228/2217 6477/2226 6221/2216
f 6221/2216 6477/2225 6240/2215
f 6240/2215 6477/2225 6530/2223
f 6477/2259 6826/2284 6530/2261
f 6530/2261 6826/2284 7043/2326
f 7043/2326 6826/2284 6834/2289
f 6826/2284 6477/2259 6834/2289
f 6477/2259 6466/2258 6834/2289
f 6834/2289 6466/2258 6837/2288
f 6466/2227 6484/2230 6837/2255
f 6837/2288 6484/2258 6865/2298
f 6484/2258 6553/2264 6865/2298
f 6865/2298 6553/2264 6588/2268
f 6260/2224 6588/2262 6267/2224
f 6267/2224 6588/2262 6276/2222
f 6588/2262 6553/2246 6276/2222
f 6553/2246 6484/2230 6276/2222
f 6484/2230 6231/2218 6276/2222
f 6276/2251 6231/2297 5890/2266
f 6231/2297 6228/2310 5890/2266
f 6228/2310 6221/2320 5890/2266
f 5890/2266 6221/2320 5904/2282
f 6221/2320 6240/2343 5904/2282
f 5904/2282 6240/2343 5917/2344
f 5890/2220 5892/2265 5829/2250
f 5829/2250 5892/2265 5822/2338
f 5892/2265 5917/2273 5822/2338
f 5822/2338 5917/2273 5898/2337
f 5917/2344 6240/2343 5898/2372
f 6240/2343 6530/2371 5898/2372
f 5822/2338 5898/2337 5846/2338
f 5846/2372 5898/2372 6489/2371
f 5898/2372 6530/2371 6489/2371
f 6489/2261 6530/2261 6962/2327
f 7045/2327 6961/2328 7076/2327
f 6961/2328 6962/2327 7076/2328
f 6962/2327 6530/2261 7076/2327
f 6530/2261 7043/2326 7076/2328
f 7043/2326 6834/2289 7076/2327
f 6834/2289 6837/2288 7076/2327
f 6837/2288 6865/2298 7076/2331
f 6865/2298 6906/2312 7076/2331
f 7076/2331 6906/2312 7109/2330
f 7202/2334 7076/2335 7109/2334
f 7067/2331 7076/2335 7175/2335
f 7175/2335 7076/2335 7075/2335
f 7075/2335 7076/2335 7045/2335
f 7045/2335 7076/2335 7050/2334
f 7076/2335 7202/2334 7050/2334
f 7050/2334 7202/2334 7142/2336
f 7202/2334 7109/2334 7142/2336
f 7109/2334 7206/2336 7142/2336
f 7142/2336 7206/2336 7143/2336
f 7143/2336 7206/2336 7144/2336
f 7145/2333 7144/2336 7135/2333
f 7144/2336 7206/2336 7135/2333
f 7206/2336 7109/2330 7135/2333
f 7109/2330 6906/2312 7135/2333
f 6934/2321 7135/2333 6795/2279
f 7135/2333 6906/2312 6795/2279
f 6906/2312 6865/2298 6795/2279
f 6865/2298 6588/2268 6795/2279
f 7135/2333 6934/2321 6968/2333
f 6968/2333 6934/2321 6921/2321
f 6934/2321 6795/2279 6921/2321
f 6921/2321 6795/2279 6728/2279
f 6728/2279 6795/2279 6729/2279
f 6795/2279 6588/2268 6729/2279
f 6729/2279 6588/2268 6581/2268
f 6588/2262 6260/2224 6581/2262
f 5769/2236 6260/2235 5863/2236
f 6260/2235 6267/2235 5863/2236
f 6267/2235 6276/2251 5863/2236
f 6276/2251 5890/2266 5863/2236
f 5890/2220 5829/2250 5863/2188
f 5863/2188 5829/2250 5753/2188
f 5753/2188 5829/2250 5746/2250
f 5746/2250 5829/2250 5759/2338
f 5829/2250 5822/2338 5759/2338
f 5759/2338 5822/2338 5794/2338
f 5794/2338 5822/2338 5841/2338
f 5841/2338 5822/2338 5893/2337
f 5893/2337 5822/2338 5898/2337
f 5939/2245 5906/2296 5903/2228
f 5903/2228 5906/2296 5760/2229
f 5906/2296 5674/2269 5760/2229
f 5760/2229 5674/2269 5661/2242
f 7850/2213 7949/2213 7885/2213
f 7949/2213 8067/2199 7885/2213
f 6450/2357 6467/2357 5846/2375
f 5822/2375 5846/2375 5898/2374
f 5846/2375 6467/2357 5898/2374
f 5811/2247 5822/2323 5868/2247
f 5868/2247 5822/2323 5871/2249
f 6232/2361 5871/2373 6483/2352
f 6483/2352 5871/2373 6225/2362
f 6225/2362 5871/2373 5898/2374
f 5871/2373 5822/2375 5898/2374
f 5898/2374 5822/2375 5879/2375
f 5879/2375 5822/2375 5798/2375
f 5798/2375 5822/2375 5759/2375
f 5822/2323 5811/2247 5759/2323
f 5759/2323 5811/2247 5756/2247
f 7838/2191 7867/2190 7966/2191
f 7867/2190 7956/2190 7966/2191
f 7956/2190 8023/2195 7966/2191
f 7873/2193 7966/2193 7905/2191
f 7572/2349 7206/2318 7543/2349
f 7905/2346 7543/2368 7528/2368
f 7528/2349 7543/2349 6997/2318
f 7543/2349 7206/2318 6997/2318
f 6997/2318 7206/2318 6967/2318
f 6967/2318 7206/2318 6968/2318
f 6968/2318 7206/2318 6955/2317
f 6955/2317 7206/2318 7135/2317
f 7135/2317 7206/2319 7415/2295
f 7415/2295 7206/2319 7612/2350
f 7206/2318 7572/2349 7612/2350
f 7612/2367 7572/2368 8051/2346
f 7572/2368 7543/2368 8051/2346
f 7543/2368 7905/2346 8051/2346
f 7905/2191 7966/2191 8051/2198
f 7966/2193 8023/2195 8051/2198
f 8051/2198 8023/2195 8045/2197
f 8045/2187 7738/2219 7608/2231
f 7608/2231 7738/2219 7593/2233
f 7109/2291 7416/2263 7076/2294
f 7454/2260 7076/2294 7589/2238
f 7076/2294 7416/2263 7589/2238
f 7416/2263 7593/2233 7589/2238
f 7593/2233 7738/2219 7589/2238
f 7023/2294 7076/2294 7446/2260
f 7076/2294 7454/2260 7446/2260
f 7446/2260 7454/2260 7539/2238
f 7454/2260 7589/2238 7539/2238
f 7539/2238 7589/2238 7885/2194
f 7850/2189 7885/2189 7949/2189
f 7949/2189 7885/2189 8067/2196
f 7885/2194 7589/2238 8067/2194
f 7589/2238 7738/2219 8067/2194
f 7738/2219 8045/2187 8067/2194
f 8045/2197 8023/2195 8067/2196
f 8067/2196 8023/2195 7949/2189
f 8023/2195 7956/2190 7949/2189
f 7956/2190 7867/2190 7949/2189
f 7867/2190 7829/2189 7949/2189
f 7829/2213 7861/2214 7949/2213
f 7861/2214 7945/2214 7949/2213
f 7945/2214 8009/2208 7949/2213
f 8067/2199 7949/2213 8062/2200
f 7949/2213 8009/2208 8062/2200
f 7728/2283 7782/2281 7680/2300
f 7782/2281 7734/2290 7680/2300
f 7680/2300 7734/2290 7587/2322
f 7734/2290 7726/2292 7587/2322
f 7726/2292 7727/2293 7587/2322
f 6825/2325 6483/2352 7062/2299
f 7042/2280 7062/2299 6819/2324
f 7062/2299 6483/2352 6819/2332
f 6819/2332 6483/2352 6486/2356
f 6483/2352 6225/2362 6486/2356
f 6225/2362 5898/2374 6486/2356
f 5898/2374 6467/2357 6486/2356
f 6486/2356 6467/2357 7042/2280
f 6467/2384 7043/2383 7042/2382
f 7042/2382 7043/2383 7076/2381
f 7076/2381 7043/2383 6962/2381
f 6962/2381 7043/2383 6953/2383
f 7043/2383 6467/2384 6953/2383
f 6467/2384 6450/2384 6953/2383
f 7607/8951 7740/8934 8046/8918
f 8046/8918 7740/8934 8051/8917
f 8051/8917 7740/8934 7612/8950
f 7740/8934 7607/8951 7612/8950
f 7612/8950 7607/8951 7415/8960
f 7607/8951 7593/8952 7415/8960
f 7593/8952 7417/8962 7415/8960
f 7415/8880 7417/8898 7134/8867
f 7201/8899 7132/8867 7106/8899
f 7132/8867 7134/8867 7106/8899
f 7106/8899 7134/8867 7107/8899
f 7134/8867 7417/8898 7107/8899
f 5810/8979 5867/8979 5822/9000
f 5822/9000 5867/8979 5945/9000
f 5867/8979 5939/8979 5945/9000
f 5395/8983 5708/9001 5618/8980
f 5618/8980 5708/9001 5644/8981
f 5708/9001 5721/9002 5644/8981
f 5644/8981 5721/9002 5660/8982
f 5660/8982 5721/9002 5760/8987
f 5939/8979 5903/8988 5945/9000
f 5903/8988 5760/8987 5945/9000
f 5760/8987 5721/9002 5945/9000
f 5945/9000 5721/9002 5846/9000
f 5846/9000 5721/9002 5684/9002
f 5684/9002 5721/9002 5699/9002
f 5721/9002 5708/9001 5699/9002
f 5699/9002 5708/9001 5664/9001
f 4984/9006 5664/9001 5410/9006
f 5664/9001 5708/9001 5410/9006
f 5708/9001 5395/8983 5410/9006
f 5395/8983 5394/8983 5410/9006
f 5394/8983 5256/8983 5410/9006
f 5256/8983 5308/9006 5410/9006
f 7551/8913 7454/8927 7590/8912
f 7590/8912 7454/8927 7280/8937
f 7454/8927 7422/8931 7280/8937
f 7280/8937 7422/8931 7400/8932
f 7378/8900 7400/8904 7586/8915
f 7400/8904 7422/8905 7586/8915
f 7422/8905 7454/8911 7586/8915
f 7454/8911 7551/8914 7586/8915
f 7586/8970 7551/8972 7679/8967
f 7551/8972 7590/8969 7679/8967
f 7679/8967 7590/8969 7728/8959
f 8061/8945 7728/8959 8066/8946
f 7728/8959 7590/8969 8066/8946
f 8066/8946 7590/8969 7885/8946
f 7885/8946 7590/8969 7566/8969
f 7590/8912 7280/8937 7566/8912
f 7566/8912 7280/8937 7045/8937
f 7045/8937 7280/8937 6961/8938
f 7023/8938 6961/8938 7076/8938
f 6961/8938 7280/8937 7076/8938
f 7280/8937 7400/8932 7076/8938
f 7400/8904 7378/8900 7076/8886
f 7378/8900 7147/8887 7076/8886
f 7147/8887 7146/8887 7076/8886
f 7186/8886 7076/8886 7208/8887
f 7076/8886 7146/8887 7208/8887
f 7208/8887 7146/8887 7125/8888
f 7146/8887 7147/8887 7125/8888
f 7125/8888 7147/8887 7200/8888
f 7147/8887 7378/8900 7200/8888
f 6819/8884 6486/8883 7041/8872
f 7167/8986 7168/8986 7045/8999
f 7045/8999 7168/8986 7076/8999
f 7168/8986 7062/8986 7076/8999
f 7062/8986 7041/8998 7076/8999
f 459/8375 410/8375 418/8376
f 447/8376 418/8376 436/8375
f 418/8376 410/8375 436/8375
f 436/8375 410/8375 419/8374
f 410/8375 459/8375 419/8374
f 459/8375 442/8374 419/8374
f 502/7899 576/7689 588/7916
f 588/7916 576/7689 630/7916
f 647/7916 630/7916 639/7689
f 630/7916 576/7689 639/7689
f 650/7594 623/7595 648/7595
f 648/7595 623/7595 643/7596
f 643/7596 623/7595 580/7596
f 580/7596 623/7595 594/7595
f 594/7595 623/7595 603/7594
f 623/7595 650/7594 603/7594
f 650/7592 639/7689 603/7592
f 639/7689 576/7689 603/7592
f 694/8635 775/8708 947/8799
f 1237/8503 947/8226 1238/8503
f 947/8226 991/8258 1238/8503
f 1238/8503 991/8258 1256/8515
f 991/7597 1113/7771 1256/7831
f 1113/7771 1227/7888 1256/7831
f 1256/7831 1227/7888 1518/7965
f 1558/8015 1518/7965 1235/7902
f 1518/7965 1227/7888 1235/7902
f 1235/7902 1227/7888 1091/7828
f 930/7770 1091/7828 1075/7823
f 1091/7828 1227/7888 1075/7823
f 1075/7823 1227/7888 961/7711
f 1227/7888 1113/7771 961/7711
f 1113/7771 991/7597 961/7711
f 991/8841 947/8799 961/8834
f 961/8834 947/8799 933/8809
f 933/8809 947/8799 882/8775
f 811/8674 882/8641 881/8646
f 882/8775 947/8799 881/8772
f 947/8799 775/8708 881/8772
f 881/8772 775/8708 740/8683
f 775/8708 694/8635 740/8683
f 740/8683 694/8635 708/8650
f 694/8635 641/8576 708/8650
f 708/8650 641/8576 678/8634
f 641/8576 622/8575 678/8634
f 678/8777 622/8820 723/8748
f 723/8748 622/8820 603/8835
f 622/8820 575/8853 603/8835
f 575/8853 607/8853 603/8835
f 603/8244 623/8227 594/8227
f 594/7798 623/7798 580/7789
f 580/7789 623/7798 643/7789
f 643/7789 623/7798 648/7798
f 648/8227 623/8227 650/8244
f 623/8227 603/8244 650/8244
f 603/8835 607/8853 650/8835
f 650/8835 607/8853 638/8853
f 638/8559 607/8559 633/8547
f 633/8547 607/8559 569/8547
f 607/8559 575/8559 569/8547
f 575/8559 622/8575 569/8547
f 622/8575 641/8576 569/8547
f 569/8547 641/8576 628/8547
f 628/8547 641/8576 670/8576
f 641/8576 694/8635 670/8576
f 670/8576 694/8635 710/8635
f 694/8635 947/8799 710/8635
f 710/8635 947/8799 978/8799
f 947/8226 1237/8503 978/8226
f 978/8226 1237/8503 1261/8503
f 1261/8503 1237/8503 2267/8732
f 2267/8732 1237/8503 2157/8732
f 1237/8503 1238/8503 2157/8732
f 1238/8503 1256/8515 2157/8732
f 1256/7831 1518/7965 2157/8040
f 1518/7965 1558/8015 2157/8040
f 1558/8015 2142/8117 2157/8040
f 2142/8117 2141/8117 2157/8040
f 2198/8040 2157/8040 2178/8117
f 2157/8040 2141/8117 2178/8117
f 2178/8117 2141/8117 2159/8182
f 2141/8117 2142/8117 2159/8182
f 1100/8442 1015/8410 1060/8436
f 1528/8120 1228/8007 1223/8006
f 1228/7805 1083/7905 1223/7806
f 1223/7806 1083/7905 925/8032
f 1083/7905 1060/7925 925/8032
f 1060/7925 1015/7964 925/8032
f 914/7598 925/7632 1004/7786
f 1004/7786 925/7632 1080/7926
f 925/7632 1015/7790 1080/7926
f 1015/8410 1100/8442 1080/8437
f 1080/8437 1100/8442 1161/8484
f 1161/8484 1100/8442 1172/8511
f 1100/8442 1060/8436 1172/8511
f 1060/8436 1083/8469 1172/8511
f 1083/7905 1228/7805 1172/7837
f 1172/8691 1228/8741 1290/8784
f 1228/8007 1312/8067 1290/8050
f 1290/8050 1312/8067 1578/8136
f 1578/8136 1312/8067 1532/8121
f 1312/8067 1228/8007 1532/8121
f 1532/8121 1228/8007 2173/8221
f 1228/8007 1528/8120 2173/8221
f 2146/8221 2172/8221 2191/8220
f 2172/8221 2173/8221 2191/8220
f 2191/8220 2173/8221 2153/8220
f 2173/8221 1528/8120 2153/8220
f 1528/8120 1223/8006 2153/8220
f 2260/8220 2153/8220 1257/8006
f 1223/7806 925/8032 965/8032
f 948/8033 914/8033 855/7948
f 825/7940 830/7948 820/7940
f 698/7869 700/7866 820/7940
f 824/7940 820/7940 626/7789
f 679/8176 847/8172 843/8349
f 847/8172 1037/8348 843/8349
f 843/8349 1037/8348 1213/8540
f 1213/8540 1037/8348 1049/8357
f 1049/8109 994/8091 1103/8147
f 1110/8155 1111/8151 993/8095
f 1111/8151 1103/8147 993/8095
f 1103/8147 994/8091 993/8095
f 993/8095 994/8091 873/8047
f 873/8047 994/8091 858/8039
f 858/8039 994/8091 851/8023
f 994/8091 1049/8109 851/8023
f 1049/8109 1037/8102 851/8023
f 1037/8102 847/8020 851/8023
f 851/8023 847/8020 681/7915
f 681/7847 847/8030 438/7898
f 847/8030 679/8072 438/7898
f 438/8400 679/8441 422/8633
f 679/8176 843/8349 422/8177
f 843/8349 863/8358 422/8177
f 422/8177 863/8358 871/8358
f 871/8358 863/8358 1213/8545
f 863/8358 843/8349 1213/8545
f 1049/8357 1103/8395 1213/8544
f 1103/8395 1111/8401 1213/8544
f 1111/8401 1110/8409 1213/8544
f 1213/7745 1110/7797 1226/7736
f 1422/7644 1226/7736 1279/7701
f 1226/7736 1110/7797 1279/7701
f 1110/8155 993/8095 1279/8257
f 1279/8257 993/8095 1170/8200
f 1170/8200 993/8095 1047/8146
f 993/8095 873/8047 1047/8146
f 1047/8146 873/8047 741/7982
f 873/8047 858/8039 741/7982
f 858/8039 851/8023 741/7982
f 851/8023 681/7915 741/7982
f 741/7703 681/7830 406/7741
f 681/7830 438/7997 406/7741
f 406/7848 438/7857 214/7879
f 438/8800 422/8801 214/8783
f 138/8259 67/8186 58/8185
f 67/8690 126/8731 58/8697
f 126/8731 214/8783 58/8697
f 214/8783 422/8801 58/8697
f 49/8697 58/8697 69/8697
f 78/8697 69/8697 85/8697
f 69/8697 58/8697 85/8697
f 58/8697 422/8801 85/8697
f 85/8697 422/8801 484/8801
f 422/8177 871/8358 484/8177
f 484/8177 871/8358 886/8358
f 886/8358 871/8358 1218/8545
f 1533/7662 1241/7736 1494/7662
f 1241/7736 1226/7736 1494/7662
f 1226/7736 1422/7644 1494/7662
f 1422/7644 1506/7590 1494/7662
f 1553/7662 1494/7662 1576/7590
f 1494/7662 1506/7590 1576/7590
f 1576/8127 1506/8127 1566/8128
f 1572/8382 1568/8389 1498/8404
f 1498/8404 1568/8389 1489/8403
f 1489/8403 1568/8389 1474/8402
f 1568/8389 1566/8381 1474/8402
f 1566/8128 1506/8127 1474/8128
f 1506/8127 1422/8140 1474/8128
f 1474/8128 1422/8140 1316/8152
f 1422/8295 1279/8257 1316/8317
f 1279/8257 1170/8200 1316/8317
f 1170/8200 1047/8146 1316/8317
f 1047/8146 1056/8146 1316/8317
f 1551/8128 1474/8128 1379/8152
f 1474/8128 1316/8152 1379/8152
f 1379/8317 1316/8317 1067/8146
f 1316/8317 1056/8146 1067/8146
f 1067/8146 1056/8146 769/7982
f 1056/8146 1047/8146 769/7982
f 1047/8146 741/7982 769/7982
f 769/7703 741/7703 476/7741
f 741/7703 406/7741 476/7741
f 476/7848 406/7848 177/7887
f 71/7942 99/7942 168/7887
f 99/7942 177/7887 168/7887
f 177/7887 406/7848 168/7887
f 406/7848 214/7879 168/7887
f 71/7942 168/7887 169/7901
f 168/7887 214/7879 169/7901
f 214/7879 126/7941 169/7901
f 126/7941 67/7986 169/7901
f 169/7901 67/7986 71/7942
f 67/8186 138/8259 71/8187
f 355/8332 99/8187 194/8332
f 99/8187 71/8187 194/8332
f 71/8187 138/8259 194/8332
f 194/8332 138/8259 144/8274
f 138/8259 58/8185 144/8274
f 144/8274 58/8185 442/8374
f 58/8185 96/8185 442/8374
f 442/7715 482/7715 580/7596
f 482/7715 626/7596 580/7596
f 626/7789 820/7940 580/7789
f 820/7940 700/7866 580/7789
f 499/7681 580/7596 594/7595
f 580/7789 700/7866 594/7798
f 700/7866 698/7869 594/7798
f 594/8227 698/8318 603/8244
f 603/8244 698/8318 684/8306
f 684/8306 698/8318 751/8373
f 698/7869 820/7940 751/7914
f 820/7940 830/7948 751/7914
f 751/7914 830/7948 766/7919
f 766/7919 830/7948 804/7954
f 830/7948 914/8033 804/7954
f 804/7954 914/8033 865/7996
f 914/8033 1004/8090 865/7996
f 1004/8090 1080/8161 865/7996
f 865/8449 1080/8630 939/8524
f 939/8524 1080/8630 1026/8607
f 1080/8630 1161/8698 1026/8607
f 2294/8222 1250/8014 2190/8222
f 2190/8222 1250/8014 1246/8014
f 1250/8767 1043/8607 1246/8767
f 1043/8607 1026/8607 1246/8767
f 1026/8607 1161/8698 1246/8767
f 1161/8698 1172/8691 1246/8767
f 1172/8691 1290/8784 1246/8767
f 1290/8050 1578/8136 1246/8014
f 1246/8014 1578/8136 2190/8222
f 1578/8136 1532/8121 2190/8222
f 1532/8121 2173/8221 2190/8222
f 2173/8221 2172/8221 2190/8222
f 2172/8221 2146/8221 2190/8222
f 2146/8221 2159/8222 2190/8222
f 2159/8182 2142/8117 2190/8182
f 2142/8117 1558/8015 2190/8182
f 2190/8182 1558/8015 1246/7977
f 1558/8015 1235/7902 1246/7977
f 1235/7902 1091/7828 1246/7977
f 1091/7828 930/7770 1246/7977
f 1075/8444 961/8553 930/8606
f 961/8553 933/8567 930/8606
f 933/8567 882/8641 930/8606
f 882/8641 811/8674 930/8606
f 2294/8182 2190/8182 1250/7977
f 2190/8182 1246/7977 1250/7977
f 1250/8642 1246/8642 954/8776
f 1246/8642 930/8776 954/8776
f 954/8606 930/8606 826/8684
f 418/7593 473/7593 603/7592
f 473/7593 634/7592 603/7592
f 603/8835 634/8835 724/8744
f 634/8835 733/8744 724/8744
f 724/8744 733/8744 793/8684
f 733/8744 826/8684 793/8684
f 826/8684 930/8606 793/8684
f 930/8606 811/8674 793/8684
f 811/8674 881/8646 793/8684
f 881/8646 740/8730 793/8684
f 740/8730 708/8762 793/8684
f 793/8684 708/8762 724/8744
f 708/8762 678/8777 724/8744
f 678/8777 723/8748 724/8744
f 723/8748 603/8835 724/8745
f 603/8244 684/8306 724/8350
f 684/8306 751/8373 724/8350
f 751/8373 766/8380 724/8350
f 766/8380 804/8419 724/8350
f 724/8350 804/8419 793/8425
f 804/8419 865/8449 793/8425
f 865/8449 939/8524 793/8425
f 939/8524 1026/8607 793/8425
f 1026/8607 1043/8607 793/8425
f 1043/8607 826/8425 793/8425
f 826/8425 733/8350 793/8425
f 793/8425 733/8350 724/8350
f 733/8350 634/8244 724/8350
f 724/8350 634/8244 603/8244
f 634/7594 473/7721 603/7594
f 603/7594 473/7721 418/7721
f 473/8376 355/8332 418/8376
f 355/8332 194/8332 418/8376
f 194/8336 144/8274 418/8376
f 418/8376 144/8274 459/8375
f 144/8274 442/8374 459/8375
f 442/7715 580/7596 459/7722
f 580/7596 499/7681 459/7722
f 459/7722 499/7681 418/7721
f 499/7681 594/7595 418/7721
f 594/7595 603/7594 418/7721
f 603/7592 576/7689 418/7593
f 576/7689 502/7899 418/7593
f 502/7899 434/7900 418/7593
f 459/7722 410/7722 442/7715
f 419/7715 442/7715 436/7722
f 442/7715 410/7722 436/7722
f 436/7722 410/7722 447/7721
f 410/7722 459/7722 447/7721
f 459/7722 418/7721 447/7721
f 447/7593 418/7593 461/7900
f 418/7593 434/7900 461/7900
f 461/7963 434/7963 421/8108
f 421/8108 434/7963 444/8108
f 434/7963 502/7995 444/8108
f 628/8168 483/8108 581/8168
f 483/8108 444/8108 581/8168
f 444/8108 502/7995 581/8168
f 502/7995 588/8046 581/8168
f 588/8046 630/8046 581/8168
f 581/8168 630/8046 646/8168
f 630/8046 647/8046 646/8168
f 445/8516 444/8525 417/8516
f 908/8657 406/8445 918/8657
f 918/8657 406/8445 908/8651
f 908/8651 915/8551 1316/8842
f 1429/7702 915/7920 929/7870
f 929/8420 719/8548 928/8418
f 787/8510 1082/8305 774/8510
f 1082/8305 1074/8304 774/8510
f 1074/8304 928/8418 774/8510
f 774/8510 928/8418 423/8688
f 928/8418 719/8548 423/8688
f 451/8688 423/8688 425/8687
f 441/8341 440/8341 420/8445
f 412/8400 439/8400 446/8633
f 422/8633 446/8633 438/8400
f 446/8633 439/8400 438/8400
f 438/7997 439/7997 406/7741
f 439/7997 412/7997 406/7741
f 412/7997 420/7741 406/7741
f 406/8445 420/8445 416/8341
f 420/8445 440/8341 416/8341
f 416/8341 440/8341 433/8238
f 440/8341 441/8341 433/8238
f 441/8341 425/8238 433/8238
f 425/8687 423/8688 433/8687
f 423/8688 719/8548 433/8687
f 719/8548 929/8420 433/8687
f 929/8420 915/8424 433/8687
f 433/8238 915/8551 416/8341
f 915/8551 908/8651 416/8341
f 908/8651 406/8445 416/8341
f 416/8710 180/8725 433/8711
f 180/8725 122/8780 433/8711
f 416/8710 440/8710 406/8709
f 438/8800 439/8800 422/8801
f 446/8801 422/8801 412/8800
f 422/8801 439/8800 412/8800
f 412/7857 439/7857 420/7848
f 439/7857 438/7857 420/7848
f 438/7857 406/7848 420/7848
f 420/8709 406/8709 441/8710
f 406/8709 440/8710 441/8710
f 441/8710 440/8710 425/8711
f 440/8710 416/8710 425/8711
f 416/8710 433/8711 425/8711
f 425/8711 433/8711 414/8703
f 433/8711 463/8703 414/8703
f 414/8703 463/8703 451/8704
f 451/8704 463/8703 423/8704
f 423/8704 463/8703 59/8811
f 463/8703 433/8711 59/8811
f 433/8711 122/8780 59/8811
f 122/8780 55/8821 59/8811
f 55/8700 147/8623 59/8699
f 147/8623 444/8525 59/8699
f 59/8699 444/8525 87/8699
f 87/8699 444/8525 483/8525
f 483/8525 444/8525 492/8525
f 492/8525 444/8525 493/8516
f 493/8516 444/8525 417/8516
f 417/8516 444/8525 435/8517
f 444/8525 147/8623 435/8517
f 417/8516 435/8517 453/8516
f 453/8516 435/8517 413/8517
f 413/8517 435/8517 448/8518
f 448/8518 435/8517 464/8518
f 435/8517 147/8623 464/8518
f 488/8518 464/8518 99/8701
f 99/8701 464/8518 71/8701
f 464/8518 147/8623 71/8701
f 147/8623 55/8700 71/8701
f 55/8821 122/8780 71/8810
f 71/8810 122/8780 169/8749
f 122/8780 180/8725 169/8749
f 180/8725 416/8710 169/8749
f 416/8710 406/8709 169/8749
f 71/8810 169/8749 99/8810
f 99/8810 169/8749 173/8749
f 169/8749 406/8709 173/8749
f 173/8749 406/8709 476/8709
f 406/8445 908/8657 476/8445
f 476/8445 908/8657 923/8657
f 923/8657 908/8657 1379/8854
f 1551/7725 1379/7740 1474/7725
f 1474/7725 1379/7740 1316/7740
f 1379/8854 908/8657 1316/8854
f 908/8657 918/8657 1316/8854
f 918/8657 908/8651 1316/8854
f 915/7920 1429/7702 1316/7740
f 1474/7725 1316/7740 1510/7688
f 1316/7740 1429/7702 1510/7688
f 1510/7688 1429/7702 1525/7591
f 1429/7702 929/7870 1525/7591
f 929/7870 928/7838 1525/7591
f 928/7838 1074/7764 1525/7591
f 1074/8393 1082/8394 1525/8198
f 1082/8394 1118/8362 1525/8198
f 1118/8362 1253/8268 1525/8198
f 1525/8198 1253/8268 1498/8199
f 1253/8268 1118/8362 1498/8199
f 1565/8199 1498/8199 1128/8362
f 1498/8199 1118/8362 1128/8362
f 1128/8362 1118/8362 1129/8394
f 1129/8394 1118/8362 1104/8394
f 1118/8362 1082/8394 1104/8394
f 1104/8305 1082/8305 800/8510
f 1082/8305 787/8510 800/8510
f 800/8510 787/8510 485/8688
f 787/8510 774/8510 485/8688
f 774/8510 423/8688 485/8688
f 485/8704 423/8704 87/8811
f 423/8704 59/8811 87/8811
f 79/8811 87/8811 70/8811
f 87/8811 59/8811 70/8811
f 59/8811 50/8811 70/8811
f 3955/8624 4428/8452 4438/8446
f 4438/8446 4428/8452 4819/8214
f 3487/8577 3456/8564 3178/8733
f 3112/8675 3178/8733 3133/8666
f 3133/8666 3178/8733 3411/8560
f 3178/8733 3456/8564 3411/8560
f 3411/8188 3456/8156 3520/8110
f 3456/8156 3487/8124 3520/8110
f 3955/8624 4410/8452 4428/8452
f 4428/8452 4410/8452 4819/8214
f 4820/8216 4541/8363 4428/8451
f 4541/7773 4156/7808 4428/7890
f 4156/7808 4055/7927 4428/7890
f 4428/7890 4055/7927 3968/8063
f 4055/7927 4029/7932 3968/8063
f 3968/8063 4029/7932 3969/8065
f 3969/8065 4029/7932 3988/7880
f 3988/7880 4029/7932 4160/7815
f 4029/7932 4055/7927 4160/7815
f 4055/7927 4156/7808 4160/7815
f 4160/7815 4156/7808 4307/7682
f 4307/7682 4156/7808 4630/7600
f 4156/7808 4541/7773 4630/7600
f 4541/7599 4820/7772 4630/7716
f 4630/7716 4820/7772 4690/7737
f 4722/7751 4690/7742 4836/7807
f 4836/7807 4690/7742 4819/7775
f 4690/7737 4820/7772 4819/7775
f 4819/8214 4820/8216 4438/8446
f 4820/8216 4428/8451 4438/8446
f 4428/7890 3968/8063 4438/7891
f 4438/7891 3968/8063 3955/8068
f 3968/8063 3969/8065 3955/8068
f 3517/8103 3600/8073 3563/8082
f 3600/8512 3955/8463 3563/8526
f 3563/8526 3955/8463 3941/8499
f 3941/8499 3955/8463 3982/8438
f 3955/8463 3969/8450 3982/8438
f 3969/8450 3988/8433 3982/8438
f 3982/8074 3988/8083 4006/8112
f 3988/8083 4160/8189 4006/8112
f 4160/8189 4307/8260 4006/8112
f 4115/7792 4006/7839 4519/7601
f 4006/8112 4307/8260 4519/8337
f 4307/8260 4630/8434 4519/8337
f 4630/8434 4690/8473 4519/8337
f 4519/8337 4690/8473 4605/8414
f 4690/8478 4722/8491 4605/8414
f 4605/8414 4722/8491 4779/8504
f 4779/8504 4722/8491 4888/8578
f 4722/7751 4836/7807 4888/7833
f 4888/7833 4836/7807 4910/7858
f 5146/7908 5302/7908 5082/7889
f 5302/7908 5116/7908 5082/7889
f 5082/7889 5116/7908 5208/7889
f 5116/7908 4910/7858 5208/7889
f 4910/7858 4836/7807 5208/7889
f 5208/7889 4836/7807 4949/7889
f 4949/7889 4836/7807 4830/7807
f 4836/7807 4819/7775 4830/7807
f 4830/7807 4819/7775 4815/7775
f 4815/8214 4819/8214 4799/8214
f 4819/8214 4410/8452 4799/8214
f 4799/8214 4410/8452 4373/8452
f 3955/8463 3600/8512 3952/8463
f 3952/8463 3600/8512 3527/8512
f 3030/8753 3484/8570 3128/8753
f 3128/8753 3484/8570 3504/8570
f 3484/8122 3527/8073 3504/8122
f 3527/8073 3600/8073 3504/8122
f 3600/8073 3517/8103 3504/8122
f 3517/8103 3520/8110 3504/8122
f 3520/8110 3487/8124 3504/8122
f 3504/8570 3487/8577 3478/8587
f 3487/8577 3178/8733 3478/8587
f 3504/8570 3478/8587 3128/8753
f 3478/8587 3178/8733 3128/8753
f 3178/8733 3112/8675 3128/8753
f 3128/8753 3112/8675 3009/8753
f 3009/8753 3112/8675 2996/8675
f 2996/8527 3112/8527 3029/8786
f 3207/7712 3414/7787 3796/7881
f 3796/7881 3414/7787 3680/7859
f 3680/7859 3414/7780 3138/7672
f 3029/7602 3078/7672 3012/7672
f 3012/7672 3078/7672 3041/7707
f 3041/7707 3078/7672 3207/7707
f 3078/7672 3138/7672 3207/7707
f 3138/7672 3414/7780 3207/7707
f 3093/7707 3207/7707 3536/7860
f 4072/8413 4093/8413 4067/8411
f 4096/8411 4074/8411 4110/8411
f 4074/8411 4067/8411 4110/8411
f 4067/8411 4093/8413 4110/8411
f 4667/8665 4648/8665 4292/8844
f 4667/8665 4292/8844 4437/8794
f 4667/8665 4437/8794 4732/8648
f 4732/8052 4437/7875 4728/8051
f 4728/8051 4437/7875 4545/7949
f 4437/8773 4292/8795 4545/8717
f 4545/8717 4292/8795 4527/8734
f 4527/8215 4292/8290 4446/8255
f 4292/8290 4189/8325 4446/8255
f 4446/8255 4189/8325 4210/8296
f 4196/8319 4210/8296 4060/8426
f 4114/8405 4110/8411 4119/8405
f 4110/8411 4060/8426 4119/8405
f 4060/8426 4210/8296 4119/8405
f 4210/8296 4189/8325 4119/8405
f 4189/8325 4292/8290 4119/8405
f 4096/8405 4119/8405 4216/8290
f 4119/8405 4292/8290 4216/8290
f 4216/8844 4292/8844 4647/8665
f 4292/8844 4648/8665 4647/8665
f 4647/8665 4648/8665 4973/8453
f 4648/8665 4667/8665 4973/8453
f 4973/8453 4667/8665 5344/8453
f 4667/8665 4732/8648 5344/8453
f 4732/8052 4728/8051 5344/8208
f 4728/8051 5077/8207 5344/8208
f 5199/8208 5344/8208 5220/8207
f 5344/8208 5077/8207 5220/8207
f 5220/8207 5077/8207 5210/8206
f 5077/8207 5074/8206 5210/8206
f 5210/8206 5074/8206 5364/8205
f 5364/8205 5074/8206 5348/8206
f 5074/8206 5077/8207 5348/8206
f 5348/8206 5077/8207 4933/8194
f 4933/8194 5077/8207 4829/8111
f 5077/8207 4728/8051 4829/8111
f 4728/8051 4545/7949 4829/8111
f 4829/8111 4545/7949 4615/8024
f 4545/8717 4527/8734 4615/8658
f 4527/8734 4446/8769 4615/8658
f 4615/8658 4446/8769 4519/8735
f 4446/8255 4210/8296 4519/8217
f 4210/8296 4196/8319 4519/8217
f 4519/8217 4196/8319 4006/8447
f 4196/8319 4060/8426 4006/8447
f 4006/8447 4060/8426 3985/8485
f 4060/8426 4110/8411 3985/8485
f 4110/8411 4093/8413 3985/8485
f 3985/8485 4093/8413 3986/8490
f 3639/8555 3986/8490 3587/8554
f 3986/8490 4093/8413 3587/8554
f 4093/8413 4072/8413 3587/8554
f 4072/8413 3536/8554 3587/8554
f 3536/7860 3207/7707 3587/7860
f 3207/7712 3796/7989 3587/7860
f 3796/7881 3585/7881 3587/7860
f 3807/7860 3587/7860 3705/7881
f 3587/7860 3585/7881 3705/7881
f 3705/7881 3585/7881 3579/7859
f 3585/7881 3796/7881 3579/7859
f 3796/7881 3680/7859 3579/7859
f 3579/7859 3680/7859 3596/7840
f 3669/8082 3670/8082 3732/8073
f 3600/8073 3732/8073 3563/8082
f 3732/8073 3670/8082 3563/8082
f 3563/8568 3670/8568 3716/8843
f 3670/8568 3669/8568 3716/8843
f 3669/8568 3596/8843 3716/8843
f 3596/7840 3680/7859 3716/7840
f 3716/7840 3680/7859 3158/7602
f 3680/7859 3138/7672 3158/7602
f 3138/7672 3078/7672 3158/7602
f 3078/7672 3029/7602 3158/7602
f 3029/8786 3112/8527 3158/8786
f 3112/8527 3133/8549 3158/8786
f 3133/8549 3411/8569 3158/8786
f 3158/8786 3411/8569 3716/8843
f 3411/8569 3520/8563 3716/8843
f 3520/8563 3517/8562 3716/8843
f 3517/8562 3563/8568 3716/8843
f 3563/7998 3941/8034 3716/8008
f 3941/8034 3982/8074 3716/8008
f 3982/8074 4006/8112 3716/8008
f 4006/7839 4115/7792 3716/7943
f 4115/7792 4097/7792 3716/7943
f 3047/8786 3158/8786 3538/8843
f 3158/8786 3716/8843 3538/8843
f 3538/7943 3716/7943 4079/7792
f 3716/7943 4097/7792 4079/7792
f 4079/7792 4097/7792 4507/7601
f 4097/7792 4115/7792 4507/7601
f 4115/7792 4519/7601 4507/7601
f 4507/8337 4519/8337 4589/8414
f 4519/8337 4605/8414 4589/8414
f 4589/8414 4605/8414 4948/8653
f 4948/8653 4605/8414 5067/8653
f 5067/8653 4605/8414 4916/8617
f 4605/8414 4779/8504 4916/8617
f 4779/8504 4888/8578 4916/8617
f 4888/8578 4910/8614 4916/8617
f 4916/8617 4910/8614 5067/8653
f 4910/8614 5116/8652 5067/8653
f 5116/8652 5302/8652 5067/8653
f 5302/8652 5146/8652 5067/8653
f 5146/8652 5364/8653 5067/8653
f 5364/8205 5348/8206 5067/8205
f 5348/8206 4933/8194 5067/8205
f 5067/8205 4933/8194 4916/8169
f 4933/8194 4829/8111 4916/8169
f 4829/8111 4615/8024 4916/8169
f 5067/8205 4916/8169 4948/8205
f 4948/8205 4916/8169 4905/8169
f 4916/8169 4615/8024 4905/8169
f 4905/8169 4615/8024 4607/8024
f 4615/8658 4519/8735 4607/8658
f 4607/8658 4519/8735 4507/8735
f 4519/8217 4006/8447 4507/8217
f 4507/8217 4006/8447 3996/8447
f 3047/7602 3538/7840 3158/7602
f 3158/7602 3538/7840 3716/7840
f 3538/8556 3996/8447 3716/8556
f 3996/8447 4006/8447 3716/8556
f 4006/8447 3985/8485 3716/8556
f 3985/8485 3986/8490 3716/8556
f 3986/8490 3639/8555 3716/8556
f 3639/8555 3772/8555 3716/8556
f 3563/8526 3670/8526 3600/8512
f 3732/8512 3600/8512 3669/8526
f 3600/8512 3670/8526 3669/8526
f 3669/7998 3670/7998 3596/8008
f 3670/7998 3563/7998 3596/8008
f 3563/7998 3716/8008 3596/8008
f 3596/8556 3716/8556 3665/8555
f 3716/8556 3772/8555 3665/8555
f 3665/8555 3772/8555 3807/8554
f 3772/8555 3639/8555 3807/8554
f 3639/8555 3587/8554 3807/8554
f 1752/8790 1901/8802 1694/8791
f 1901/8802 2169/8813 1694/8791
f 1809/7605 1694/7634 2156/7605
f 2287/8814 2156/8791 2152/8814
f 2156/8791 1694/8791 2152/8814
f 1694/8791 2169/8813 2152/8814
f 2169/8813 2241/8813 2152/8814
f 2152/8814 2241/8813 2319/8814
f 2319/8814 2241/8813 2330/8813
f 2330/8813 2241/8813 2346/8812
f 2346/8857 2215/8856 2308/8856
f 2308/8856 2215/8856 2323/8855
f 2323/8855 2215/8856 2158/8855
f 2215/8856 2143/8856 2158/8855
f 2143/8856 2009/8836 2158/8855
f 2262/8855 2158/8855 1952/8822
f 1952/8822 2158/8855 1707/8822
f 2158/8855 2009/8836 1707/8822
f 2009/8836 1861/8823 1707/8822
f 1861/8823 1678/8823 1707/8822
f 1829/8822 1707/8822 1772/8823
f 1707/8822 1678/8823 1772/8823
f 1772/8823 1678/8823 1703/8824
f 1678/8823 1861/8823 1703/8824
f 1703/8824 1861/8823 1811/8824
f 1861/8823 2009/8836 1811/8824
f 2288/8857 2124/8824 2187/8857
f 2124/8824 1811/8824 2187/8857
f 1811/8824 2009/8836 2187/8857
f 2009/8836 2143/8856 2187/8857
f 2143/8856 2215/8856 2187/8857
f 2215/8856 2346/8857 2187/8857
f 2346/8812 2241/8813 2187/8812
f 2241/8813 2169/8813 2187/8812
f 2169/8813 1901/8802 2187/8812
f 1901/8802 1752/8790 2187/8812
f 2288/8812 2187/8812 2124/8789
f 2124/8789 2187/8812 1810/8789
f 2187/8812 1752/8790 1810/8789
f 1752/7604 1860/7604 1810/7603
f 1828/7603 1810/7603 1768/7604
f 1810/7603 1860/7604 1768/7604
f 1768/7604 1860/7604 1892/7605
f 1860/7604 1752/7604 1892/7605
f 1687/7634 1798/7605 1694/7634
f 1694/7634 1798/7605 1809/7605
f 1798/7605 1693/7605 1809/7605
f 1693/7605 1892/7605 1809/7605
f 1892/7605 1752/7604 1809/7605
f 1752/7633 1694/7634 1809/7605
f 3181/9222 3190/9225 3231/9222
f 2688/9303 2721/9310 2748/9317
f 2721/9310 2725/9311 2748/9317
f 2748/9362 2725/9364 2779/9360
f 2725/9311 2797/9320 2779/9318
f 3190/9225 2779/9287 2925/9262
f 2779/9287 2797/9282 2925/9262
f 2925/9262 2797/9282 2811/9279
f 2797/9320 2725/9311 2811/9321
f 2811/9321 2725/9311 2693/9307
f 2725/9311 2721/9310 2693/9307
f 2721/9310 2688/9303 2693/9307
f 2693/9307 2688/9303 2597/9294
f 2688/9303 2569/9291 2597/9294
f 2138/9346 2411/9337 2322/9344
f 2322/9150 2411/9138 2398/9144
f 2386/9148 2398/9144 2491/9122
f 2398/9144 2411/9138 2491/9122
f 2411/9138 2493/9121 2491/9122
f 2491/9122 2493/9121 2529/9114
f 2493/9121 2597/9105 2529/9114
f 2597/9105 2569/9104 2529/9114
f 2529/9114 2569/9104 2586/9108
f 2569/9291 2688/9303 2586/9292
f 2688/9334 2748/9322 2586/9341
f 2586/9341 2748/9322 2612/9341
f 2612/9341 2748/9322 2726/9322
f 2726/9322 2748/9322 2730/9322
f 2730/9362 2748/9362 2742/9362
f 2742/9362 2748/9362 2759/9360
f 2748/9362 2779/9360 2759/9360
f 2759/9287 2779/9287 3079/9225
f 2779/9287 3190/9225 3079/9225
f 3079/9225 3190/9225 3137/9225
f 3137/9225 3190/9225 3193/9225
f 3221/9222 3193/9225 3231/9222
f 3193/9225 3190/9225 3231/9222
f 3231/9222 3190/9225 3177/9226
f 3190/9225 2925/9262 3177/9226
f 3177/9226 3118/9226 3231/9222
f 3231/9222 3118/9226 3065/9222
f 3065/9222 3118/9226 3038/9226
f 3038/9226 3118/9226 3036/9227
f 2685/9030 2584/9014 2568/9013
f 2584/9198 2495/9180 2568/9197
f 2568/9197 2495/9180 2417/9151
f 2120/9219 2417/9203 2340/9212
f 2340/9212 2417/9203 2406/9202
f 2417/9151 2495/9180 2406/9152
f 2406/9152 2495/9180 2411/9153
f 2411/9153 2495/9180 2597/9199
f 2495/9180 2584/9198 2597/9199
f 2584/9014 2685/9030 2597/9015
f 2597/9015 2685/9030 2745/9042
f 2685/9030 2776/9050 2745/9042
f 2776/9050 2880/9077 2745/9042
f 2745/9042 2880/9077 2950/9085
f 2880/9077 2908/9079 2950/9085
f 2950/9085 2908/9079 2933/9084
f 3036/9100 3060/9099 3023/9099
f 3023/9099 3060/9099 3025/9101
f 3025/9101 3060/9099 3191/9101
f 3060/9099 3159/9099 3191/9101
f 3159/9099 2933/9084 3191/9101
f 2826/9064 3080/9101 2837/9064
f 3080/9101 3191/9101 2837/9064
f 3191/9101 2933/9084 2837/9064
f 2933/9084 2908/9079 2837/9064
f 2908/9079 2880/9077 2837/9064
f 2880/9077 2776/9050 2837/9064
f 2776/9050 2685/9030 2837/9064
f 2685/9030 2568/9013 2837/9064
f 2838/9064 2837/9064 2815/9064
f 2815/9064 2837/9064 2820/9064
f 2820/9064 2837/9064 2588/9013
f 2837/9064 2568/9013 2588/9013
f 2588/9197 2568/9197 2445/9151
f 2568/9197 2417/9151 2445/9151
f 2445/9203 2417/9203 2247/9220
f 2247/9220 2417/9203 2084/9220
f 2417/9203 2120/9219 2084/9220
f 2120/9219 2160/9219 2084/9220
f 2084/9220 2160/9219 2270/9220
f 2270/9220 2160/9219 2285/9219
f 2285/9219 2160/9219 2284/9218
f 2284/9218 2160/9219 2011/9218
f 2160/9219 2120/9219 2011/9218
f 2120/9219 2340/9212 2011/9218
f 2340/9212 2406/9202 2011/9218
f 2406/9202 2411/9201 2011/9218
f 2011/9218 2411/9201 2234/9218
f 2234/9218 2411/9201 2449/9201
f 2411/9153 2597/9199 2449/9153
f 2449/9153 2597/9199 2570/9199
f 2597/9015 2745/9042 2570/9015
f 2570/9015 2745/9042 2722/9042
f 2722/9042 2745/9042 2935/9085
f 2745/9042 2950/9085 2935/9085
f 2935/9085 2950/9085 3062/9100
f 3062/9100 2950/9085 3179/9100
f 2950/9085 2933/9084 3179/9100
f 2933/9084 3159/9099 3179/9100
f 3159/9099 3060/9099 3179/9100
f 3060/9099 3036/9100 3179/9100
f 3036/9227 3118/9226 3179/9227
f 3118/9226 3177/9226 3179/9227
f 3177/9226 2925/9262 3179/9227
f 2925/9262 2811/9279 3179/9227
f 3179/9227 2811/9279 3062/9227
f 3062/9227 2811/9279 2781/9279
f 2811/9321 2693/9307 2781/9321
f 2781/9321 2693/9307 2679/9307
f 2679/9307 2693/9307 2570/9294
f 2693/9307 2597/9294 2570/9294
f 2570/9105 2597/9105 2513/9121
f 2597/9105 2493/9121 2513/9121
f 2513/9121 2493/9121 2449/9138
f 2493/9121 2411/9138 2449/9138
f 2449/9337 2411/9337 2271/9347
f 2271/9347 2411/9337 2185/9347
f 2411/9337 2138/9346 2185/9347
f 2138/9346 2212/9346 2185/9347
f 2185/9347 2212/9346 2342/9347
f 2342/9347 2212/9346 2341/9346
f 2341/9349 2212/9349 2326/9350
f 2326/9350 2212/9349 2161/9350
f 2212/9349 2138/9349 2161/9350
f 2138/9349 2322/9355 2161/9350
f 2322/9355 2398/9359 2161/9350
f 2398/9359 2386/9358 2161/9350
f 2161/9350 2386/9358 2286/9350
f 2286/9350 2386/9358 2430/9358
f 2611/9109 2647/9109 2585/9109
f 2647/9109 2641/9109 2585/9109
f 2641/9109 2430/9148 2585/9109
f 2430/9148 2386/9148 2585/9109
f 2386/9148 2491/9122 2585/9109
f 2491/9122 2529/9114 2585/9109
f 2529/9114 2586/9108 2585/9109
f 350/8391 349/8398 280/8391
f 394/8390 395/8390 279/8391
f 350/8391 279/8391 397/8390
f 279/8391 395/8390 397/8390
f 397/8390 395/8390 290/8396
f 395/8390 394/8390 290/8396
f 394/8390 369/8396 290/8396
f 535/8506 597/8506 561/8505
f 561/8053 577/7782 555/7782
f 555/8209 577/8209 541/8210
f 541/8210 577/8209 613/8210
f 613/8210 577/8209 624/8209
f 624/7782 577/7782 629/8053
f 577/7782 561/8053 629/8053
f 561/8505 597/8506 629/8505
f 617/8507 597/8506 542/8507
f 597/8506 535/8506 542/8507
f 535/8737 597/8737 542/8736
f 542/8736 597/8737 617/8736
f 629/7609 577/7610 624/7610
f 624/7610 577/7610 613/7611
f 613/7611 577/7610 541/7611
f 541/7611 577/7610 555/7610
f 555/7610 577/7610 561/7609
f 577/7610 629/7609 561/7609
f 629/8738 597/8737 561/8738
f 597/8737 535/8737 561/8738
f 261/8041 165/8223 380/8239
f 165/8223 137/8439 380/8239
f 137/8334 347/8333 380/8519
f 347/8333 400/8333 380/8519
f 337/8266 338/8266 304/8267
f 368/8267 304/8267 271/8266
f 304/8267 338/8266 271/8266
f 271/8266 338/8266 301/8265
f 338/8266 337/8266 301/8265
f 337/8266 261/8265 301/8265
f 301/8041 261/8041 305/8239
f 261/8041 380/8239 305/8239
f 305/8519 380/8519 340/8333
f 380/8519 400/8333 340/8333
f 400/8333 347/8333 377/8162
f 377/8162 347/8333 313/8162
f 347/8333 137/8334 313/8162
f 691/8601 756/8655 796/8670
f 1063/7800 1173/7937 1050/8025
f 1050/7799 1173/7791 1275/7650
f 1609/7708 1584/7640 1298/7781
f 1584/7640 1275/7650 1298/7781
f 1275/7650 1173/7791 1298/7781
f 1173/8796 1063/8659 1298/8742
f 1298/8742 1063/8659 1191/8579
f 1191/8579 1063/8659 1078/8422
f 1063/8340 1059/8342 1078/8329
f 895/8270 950/8312 917/8289
f 950/8464 1022/8415 917/8486
f 917/8486 1022/8415 969/8448
f 969/8448 1022/8415 1035/8406
f 1022/8383 1078/8329 1035/8368
f 1078/8329 1059/8342 1035/8368
f 1035/8368 1059/8342 1027/8365
f 1059/8342 1063/8340 1027/8365
f 1063/8340 1050/8346 1027/8365
f 1284/7872 1027/7728 1278/7872
f 1027/7728 1050/7734 1278/7872
f 1278/7635 1050/7793 1271/7606
f 1271/7606 1050/7793 1266/7645
f 1050/7799 1275/7650 1266/7645
f 1266/8712 1275/8715 2026/8557
f 1275/8715 1584/8705 2026/8557
f 1584/8440 1609/8580 2026/8311
f 2026/8311 1609/8580 2057/8592
f 2057/8592 1609/8580 2076/8837
f 2076/8427 1609/8500 1332/8565
f 1609/8500 1298/8608 1332/8565
f 1298/8608 1191/8693 1332/8565
f 1191/8693 1078/8774 1332/8565
f 2207/8427 2076/8427 1402/8565
f 2076/8427 1332/8565 1402/8565
f 1402/8565 1332/8565 1102/8774
f 1332/8565 1078/8774 1102/8774
f 1102/8329 1078/8329 1055/8383
f 1078/8329 1022/8383 1055/8383
f 1055/8415 1022/8415 972/8464
f 1022/8415 950/8464 972/8464
f 972/8312 950/8312 916/8269
f 290/8792 424/8792 561/8738
f 424/8792 604/8738 561/8738
f 561/8505 604/8505 727/8631
f 604/8505 739/8631 727/8631
f 727/8631 739/8631 904/8757
f 739/8631 916/8757 904/8757
f 916/8269 950/8312 904/8269
f 950/8312 895/8270 904/8269
f 895/8763 850/8718 904/8757
f 850/8718 756/8660 904/8757
f 904/8757 756/8660 727/8631
f 756/8655 691/8601 727/8631
f 875/7983 944/7938 772/8064
f 692/7765 772/7756 727/8036
f 727/8036 772/7756 904/8016
f 772/7756 944/7738 904/8016
f 1260/8474 1272/8474 1022/8241
f 987/7852 1022/7990 904/8016
f 938/8541 1036/8479 782/8636
f 768/7999 832/8026 718/7955
f 832/8026 601/7871 718/7955
f 605/8756 718/8676 337/8806
f 718/7955 601/7871 337/7818
f 182/8245 337/8266 304/8267
f 337/7818 601/7871 304/7812
f 601/7871 832/8026 304/7812
f 304/7812 832/8026 949/8075
f 832/8026 768/7999 949/8075
f 768/7999 782/8009 949/8075
f 949/8075 782/8009 971/8088
f 782/8009 1036/8141 971/8088
f 1036/8141 1116/8190 971/8088
f 971/8088 1116/8190 1143/8179
f 1116/8190 1194/8231 1143/8179
f 1194/8231 1205/8240 1143/8179
f 1143/8179 1205/8240 1301/8297
f 1301/8288 1205/8359 1270/8338
f 1205/8359 1194/8364 1270/8338
f 1270/8338 1194/8364 1243/8345
f 1194/8364 1116/8421 1243/8345
f 1243/8345 1116/8421 1095/8456
f 1116/8421 1036/8479 1095/8456
f 1036/8479 938/8541 1095/8456
f 778/8654 1095/8456 770/8654
f 261/8825 770/8654 611/8754
f 770/8654 1095/8456 611/8754
f 1095/8456 938/8541 611/8754
f 938/8541 782/8636 611/8754
f 782/8636 768/8643 611/8754
f 768/8643 718/8676 611/8754
f 718/8676 605/8756 611/8754
f 611/8754 605/8756 261/8825
f 605/8756 337/8806 261/8825
f 337/8266 182/8245 261/8265
f 261/8265 182/8245 160/8224
f 182/8245 127/8191 160/8224
f 127/8191 56/8148 160/8224
f 160/8224 56/8148 44/8132
f 56/8838 38/8846 44/8847
f 38/8233 132/8164 44/8232
f 44/8232 132/8164 290/8076
f 290/8076 132/8164 396/8077
f 396/8077 132/8164 349/8078
f 290/8396 396/8397 397/8390
f 397/8390 396/8397 350/8391
f 396/8397 349/8398 350/8391
f 478/8391 350/8391 477/8398
f 350/8391 349/8398 477/8398
f 477/8398 349/8398 454/8398
f 454/8078 349/8078 88/8234
f 88/8234 349/8078 27/8234
f 349/8078 132/8164 27/8234
f 132/8164 38/8233 27/8234
f 38/8846 56/8838 27/8845
f 73/8845 27/8845 61/8832
f 27/8845 56/8838 61/8832
f 56/8148 127/8191 61/8157
f 127/8191 182/8245 61/8157
f 182/8245 304/8267 61/8157
f 82/8157 61/8157 89/8157
f 89/8157 61/8157 88/8157
f 61/8157 304/8267 88/8157
f 88/8157 304/8267 457/8267
f 304/7812 949/8075 457/7812
f 457/7812 949/8075 976/8088
f 949/8075 971/8088 976/8088
f 976/8088 971/8088 999/8088
f 999/8088 971/8088 998/8088
f 971/8088 1143/8179 998/8088
f 998/8088 1143/8179 1151/8179
f 1480/8298 1151/8179 1410/8298
f 1151/8179 1143/8179 1410/8298
f 1143/8179 1301/8297 1410/8298
f 1301/8297 1436/8339 1410/8298
f 1410/8298 1436/8339 1536/8298
f 1536/8298 1436/8339 1549/8339
f 1549/8261 1436/8261 1527/8280
f 1539/8826 1530/8816 1414/8803
f 1414/8803 1530/8816 1396/8804
f 1396/8804 1530/8816 1387/8805
f 1530/8816 1527/8827 1387/8805
f 1527/8280 1436/8261 1387/8280
f 1436/8261 1301/8288 1387/8280
f 1301/8288 1270/8338 1387/8280
f 1503/8280 1387/8280 1282/8338
f 1387/8280 1270/8338 1282/8338
f 1282/8338 1270/8338 1269/8345
f 1270/8338 1243/8345 1269/8345
f 1269/8345 1243/8345 1254/8345
f 1254/8345 1243/8345 1119/8456
f 1243/8345 1095/8456 1119/8456
f 1119/8456 1095/8456 794/8654
f 1095/8456 778/8654 794/8654
f 794/8654 778/8654 427/8825
f 778/8654 770/8654 427/8825
f 770/8654 261/8825 427/8825
f 427/8265 261/8265 178/8224
f 261/8265 160/8224 178/8224
f 178/8224 160/8224 83/8132
f 160/8224 44/8132 83/8132
f 44/8232 290/8076 83/8232
f 83/8232 290/8076 424/8076
f 290/7723 561/7609 424/7723
f 424/7723 561/7609 604/7609
f 561/8053 727/8036 604/8053
f 604/8053 727/8036 739/8036
f 727/8036 904/8016 739/8036
f 739/8036 904/8016 916/8016
f 904/8016 1022/7990 916/8016
f 916/8016 1022/7990 1055/7990
f 1022/8241 1272/8474 1055/8241
f 1055/8241 1272/8474 1294/8474
f 1294/8474 1272/8474 2207/8669
f 2207/8669 1272/8474 2076/8669
f 1272/8474 1260/8474 2076/8669
f 2076/8669 1260/8474 1332/8531
f 1260/8474 1022/8241 1332/8531
f 1022/8663 1127/8815 1332/8781
f 1606/8566 1600/8561 1315/8528
f 1315/8528 1600/8561 1332/8481
f 1332/8481 1600/8561 2076/8618
f 1600/8561 1606/8566 2076/8618
f 2020/8671 2076/8618 2021/8671
f 2076/8618 1606/8566 2021/8671
f 1606/8566 1315/8528 2021/8671
f 2021/8671 1315/8528 1605/8637
f 1605/8637 1315/8528 1231/8487
f 1231/8487 1315/8528 1217/8480
f 1137/8431 1217/8480 1229/8457
f 1217/8480 1315/8528 1229/8457
f 1315/8528 1332/8481 1229/8457
f 1332/8481 1127/8335 1229/8457
f 1229/8457 1127/8335 1073/8330
f 1127/7834 1022/7990 1073/7727
f 1022/7990 987/7852 1073/7727
f 1073/7727 987/7852 1020/7732
f 987/7852 904/8016 1020/7732
f 904/8016 944/7738 1020/7732
f 1020/7884 944/7938 1041/7867
f 1041/7867 944/7938 1010/7903
f 944/7938 875/7983 1010/7903
f 1010/7903 875/7983 669/8153
f 875/7983 772/8064 669/8153
f 772/8064 692/8125 669/8153
f 692/8125 637/8178 669/8153
f 490/7683 541/7611 555/7610
f 541/8210 669/8153 555/8209
f 669/8153 637/8178 555/8209
f 555/7782 637/7776 561/8053
f 637/7776 692/7765 561/8053
f 692/7765 727/8036 561/8053
f 727/8631 691/8601 561/8505
f 691/8593 535/8506 561/8505
f 561/8738 535/8737 494/8770
f 494/8770 535/8737 542/8736
f 535/8506 691/8593 542/8507
f 456/8797 542/8736 589/8736
f 833/8667 822/8667 795/8667
f 822/8667 827/8667 795/8667
f 827/8667 589/8507 795/8667
f 589/8507 542/8507 795/8667
f 542/8507 691/8593 795/8667
f 691/8601 796/8670 795/8667
f 795/8670 796/8670 814/8677
f 796/8670 756/8660 814/8677
f 756/8660 850/8718 814/8677
f 850/8718 895/8763 814/8677
f 803/8677 814/8677 827/8667
f 827/8677 814/8677 822/8677
f 906/8755 822/8677 898/8755
f 822/8677 814/8677 898/8755
f 814/8677 895/8763 898/8755
f 895/8270 917/8289 898/8271
f 917/8289 969/8320 898/8271
f 969/8787 1035/8858 898/8764
f 1035/8858 1027/8859 898/8764
f 906/8764 898/8764 922/8764
f 922/8764 898/8764 931/8764
f 898/8764 1027/8859 931/8764
f 931/8764 1027/8859 1051/8859
f 1027/7728 1284/7872 1051/7728
f 1051/7728 1284/7872 1300/7872
f 1300/8293 1284/8293 2165/8475
f 2165/8475 1284/8293 1956/8475
f 1284/8293 1278/8293 1956/8475
f 1278/8293 1271/8307 1956/8475
f 1271/8692 1266/8712 1956/8530
f 1266/8712 2026/8557 1956/8530
f 2088/8530 1956/8530 1918/8557
f 1956/8530 2026/8557 1918/8557
f 1918/8311 2026/8311 1931/8592
f 2026/8311 2057/8592 1931/8592
f 1931/8592 2057/8592 1957/8837
f 2057/8592 2076/8837 1957/8837
f 1957/8618 2076/8618 1915/8671
f 2076/8618 2020/8671 1915/8671
f 1915/8671 2020/8671 2081/8726
f 2020/8671 2021/8671 2081/8726
f 2081/8726 2021/8671 1941/8726
f 2021/8671 1605/8644 1941/8726
f 1605/8644 1231/8487 1941/8726
f 2164/8726 1941/8726 1163/8435
f 1146/8435 1162/8435 1142/8435
f 1162/8435 1163/8435 1142/8435
f 1163/8435 1941/8726 1142/8435
f 1941/8726 1231/8487 1142/8435
f 1231/8487 1217/8480 1142/8435
f 1217/8480 1137/8431 1142/8435
f 1142/8435 1137/8431 1141/8431
f 1137/8431 1229/8457 1141/8428
f 1229/8457 1073/8330 1141/8428
f 1073/7841 1020/7884 1141/7811
f 1020/7884 1041/7867 1141/7811
f 1041/7867 1010/7903 1141/7811
f 1176/7811 1141/7811 1163/7811
f 1163/7811 1141/7811 1162/7811
f 1162/7811 1141/7811 1017/7903
f 1141/7811 1010/7903 1017/7903
f 1017/7903 1010/7903 685/8153
f 1010/7903 669/8153 685/8153
f 685/8153 669/8153 585/8210
f 669/8153 541/8210 585/8210
f 585/7611 541/7611 454/7717
f 454/7717 541/7611 349/7717
f 349/7717 541/7611 396/7724
f 541/7611 490/7683 396/7724
f 396/7724 490/7683 290/7723
f 490/7683 555/7610 290/7723
f 555/7610 561/7609 290/7723
f 561/8738 494/8770 290/8792
f 494/8770 329/8798 290/8792
f 396/7724 266/7724 349/7717
f 291/7717 349/7717 332/7724
f 349/7717 266/7724 332/7724
f 332/7724 266/7724 369/7723
f 266/7724 396/7724 369/7723
f 396/7724 290/7723 369/7723
f 369/8792 290/8792 399/8798
f 290/8792 329/8798 399/8798
f 399/8798 329/8798 303/8797
f 303/8797 329/8798 364/8797
f 329/8798 494/8770 364/8797
f 494/8770 542/8736 364/8797
f 542/8736 456/8797 364/8797
f 456/7636 91/7801 364/7636
f 139/7726 330/7607 364/7636
f 330/7607 329/7607 364/7636
f 303/7636 364/7636 399/7607
f 364/7636 329/7607 399/7607
f 399/7607 329/7607 370/7608
f 329/7607 330/7607 370/7608
f 370/7608 330/7607 405/7608
f 330/7607 139/7726 405/7608
f 467/7608 405/7608 83/7803
f 1306/7667 1243/7757 1224/7709
f 1224/7709 1140/7746 1215/7612
f 275/8092 845/7835 854/7876
f 845/7835 1215/7612 854/7876
f 1215/7612 1140/7746 854/7876
f 854/7876 1140/7746 765/7987
f 1076/7849 765/7987 1092/7845
f 765/7987 1140/7746 1092/7845
f 1140/7746 1224/7709 1092/7845
f 1224/7709 1243/7757 1092/7845
f 651/8066 1092/7845 1101/7845
f 1092/7845 1243/7757 1101/7845
f 1101/7845 1243/7757 1254/7757
f 1503/8720 1254/8661 1387/8720
f 1254/8661 1243/8661 1387/8720
f 1387/8720 1243/8661 1406/8719
f 1243/8661 1306/8689 1406/8719
f 1406/8104 1306/8105 1445/7861
f 1306/8105 1224/8069 1445/7861
f 1224/8069 1215/7810 1445/7861
f 1445/7861 1215/7810 1414/7809
f 1526/7809 1414/7809 1220/7810
f 1414/7809 1215/7810 1220/7810
f 1220/7612 1215/7612 857/7835
f 1215/7612 845/7835 857/7835
f 857/7835 845/7835 458/8054
f 91/8163 458/8162 313/8162
f 458/8054 845/7835 313/8054
f 845/7835 275/8092 313/8054
f 275/8092 339/8092 313/8054
f 377/8054 313/8054 339/8092
f 339/8092 275/8092 305/8133
f 271/7818 338/7818 368/7812
f 304/7812 368/7812 337/7818
f 368/7812 338/7818 337/7818
f 337/8806 338/8806 261/8825
f 338/8806 271/8806 261/8825
f 271/8806 301/8825 261/8825
f 261/8327 301/8327 380/8328
f 301/8327 305/8328 380/8328
f 305/8133 275/8092 380/8133
f 275/8092 854/7876 380/8133
f 854/7876 765/7987 380/8133
f 261/8327 380/8328 611/8242
f 380/8133 765/7987 611/8113
f 765/8059 1076/7849 611/8066
f 1076/7849 1092/7845 611/8066
f 1092/7845 651/8066 611/8066
f 651/8242 427/8327 611/8242
f 611/8242 427/8327 261/8327
f 427/8041 83/8084 261/8041
f 261/8041 83/8084 44/8084
f 83/7803 405/7608 44/7803
f 405/7608 139/7726 44/7803
f 44/7803 139/7726 25/7802
f 25/7802 139/7726 30/7801
f 139/7726 364/7636 30/7801
f 364/7636 91/7801 30/7801
f 91/8163 313/8162 30/8163
f 313/8162 137/8334 30/8163
f 30/8163 137/8334 128/8454
f 137/8439 165/8223 128/8326
f 165/8223 261/8041 128/8326
f 261/8041 44/8084 128/8326
f 44/8084 25/8351 128/8326
f 30/8163 128/8454 25/8455
f 2265/7693 2129/7671 2122/7693
f 2129/7671 1827/7671 2122/7693
f 4818/8166 4810/8166 4813/8166
f 3477/7886 3357/8142 3407/8129
f 3498/7950 3407/7951 3455/7696
f 3455/7696 3407/7951 3165/7697
f 3407/8129 3357/8142 3165/8430
f 3357/8142 3154/8170 3165/8430
f 3165/8430 3154/8170 3125/8180
f 3043/8180 3125/8180 3171/7960
f 3125/8180 3154/8170 3171/7960
f 3154/8170 3357/8142 3171/7960
f 3357/8142 3477/7886 3171/7960
f 3477/7956 3363/8043 3171/8118
f 3061/8106 3171/8118 3200/8106
f 3171/8118 3363/8043 3200/8106
f 3200/8106 3363/8043 3356/8042
f 3363/8043 3477/7956 3356/8042
f 3356/8042 3477/7956 3459/7966
f 3459/7966 3477/7956 3715/7893
f 3477/7886 3407/8129 3715/7862
f 3407/8129 3498/8107 3715/7862
f 3498/8793 3564/8860 3715/8861
f 3564/8860 3672/8860 3715/8861
f 3641/7885 3640/7885 3798/7846
f 3714/7846 3798/7846 3771/7885
f 3798/7846 3640/7885 3771/7885
f 3771/7892 3640/7892 3598/7893
f 3640/7892 3641/7892 3598/7893
f 3641/7892 3715/7893 3598/7893
f 3598/8861 3715/8861 3671/8860
f 3715/8861 3672/8860 3671/8860
f 3671/7957 3672/7957 3811/7713
f 3672/7957 3564/7957 3811/7713
f 3811/7713 3564/7957 3602/7713
f 3564/7957 3498/7950 3602/7713
f 3498/7950 3455/7696 3602/7713
f 4824/8300 4637/8378 4826/8294
f 4860/8256 4840/8275 4701/8352
f 4840/8275 4826/8291 4701/8352
f 4826/8758 4637/8679 4701/8702
f 4701/8246 4637/8262 4557/8299
f 4557/8299 4637/8262 4549/8308
f 4549/8313 4637/8262 4515/8377
f 4146/8649 4024/8685 4489/8501
f 4489/8309 4024/8550 4250/8379
f 4250/8379 4024/8550 4031/8532
f 4031/8532 4024/8550 3638/8678
f 3638/8788 4024/8685 3574/8808
f 4024/8685 4146/8649 3574/8808
f 3574/8808 4146/8649 4142/8662
f 4142/8662 4146/8649 4592/8470
f 4146/8649 4489/8501 4592/8470
f 4489/8501 4515/8495 4592/8470
f 4515/8495 4637/8378 4592/8470
f 4637/8378 4824/8300 4592/8470
f 4592/8470 4824/8300 4912/8235
f 4824/8300 4826/8294 4912/8235
f 4826/8291 4840/8275 4912/8235
f 4592/7758 4912/7952 4961/7979
f 4912/8235 4840/8275 4961/8201
f 4840/8275 4860/8256 4961/8201
f 4961/8201 4860/8256 4859/8251
f 4859/8158 4860/8165 4727/8173
f 4860/8165 4701/8246 4727/8173
f 4701/8246 4557/8299 4727/8173
f 4727/8173 4557/8299 4381/8366
f 4557/8299 4549/8308 4381/8366
f 4381/8360 4549/8285 4317/8367
f 4549/8285 4515/8301 4317/8367
f 4515/8301 4489/8309 4317/8367
f 4489/8309 4250/8379 4317/8367
f 4317/8367 4250/8379 3602/8645
f 4250/8379 4031/8532 3602/8645
f 4031/8532 3638/8678 3602/8645
f 3638/8678 3637/8678 3602/8645
f 3811/8645 3602/8645 3770/8678
f 3602/8645 3637/8678 3770/8678
f 3770/8788 3637/8788 3689/8808
f 3637/8788 3638/8788 3689/8808
f 3638/8788 3574/8808 3689/8808
f 3689/8808 3574/8808 3598/8849
f 3771/7618 3640/7618 3714/7706
f 3798/7706 3714/7706 3641/7618
f 3714/7706 3640/7618 3641/7618
f 3641/7906 3640/7906 3715/7842
f 3640/7906 3771/7906 3715/7842
f 3771/7906 3598/7842 3715/7842
f 3598/8849 3574/8808 3715/8849
f 3574/8808 4142/8662 3715/8849
f 4142/8662 4132/8662 3715/8849
f 3052/7960 3171/7960 3465/7886
f 3171/7960 3477/7886 3465/7886
f 3465/7886 3477/7886 3539/7862
f 3477/7886 3715/7862 3539/7862
f 3539/8849 3715/8849 4131/8662
f 3715/8849 4132/8662 4131/8662
f 4131/8662 4132/8662 4577/8470
f 4132/8662 4142/8662 4577/8470
f 4142/8662 4592/8470 4577/8470
f 4577/7758 4592/7758 4926/7979
f 4592/7758 4961/7979 4926/7979
f 4926/8192 4961/8201 4966/8192
f 4966/8192 4961/8201 5332/8192
f 4961/8201 4859/8251 5332/8192
f 4859/8251 5103/8171 5332/8192
f 5103/8171 5102/8171 5332/8192
f 4020/7743 4172/7698 4177/7705
f 4575/8055 4472/7992 4610/8080
f 4610/8080 4472/7992 4487/8000
f 4472/8488 4177/8429 4487/8492
f 4177/8429 4172/8432 4487/8492
f 4487/8492 4172/8432 4592/8638
f 4172/8432 4020/8370 4592/8638
f 4592/8638 4020/8370 4028/8369
f 4020/7743 4177/7705 4028/7747
f 4177/7705 4137/7729 4028/7747
f 4028/7747 4137/7729 4041/7778
f 4041/7778 4137/7729 4231/7710
f 4137/7729 4177/7705 4231/7710
f 4177/8429 4472/8488 4231/8423
f 4472/7922 4575/8055 4231/7863
f 4021/7784 4231/7863 4222/7917
f 4231/7863 4575/8021 4222/7917
f 4222/7917 4575/8021 4798/8159
f 4575/8055 4610/8080 4798/8159
f 4798/8159 4610/8080 4613/8085
f 4610/8080 4487/8000 4613/8085
f 4613/8085 4487/8000 4674/8119
f 4487/8492 4592/8638 4674/8619
f 5196/8778 4899/8721 5232/8848
f 4899/8721 4674/8619 5232/8848
f 4674/8619 4592/8638 5232/8848
f 4592/8638 4912/8807 5232/8848
f 5232/8100 4912/8060 5332/8099
f 5332/8099 4912/8060 4966/8099
f 4966/8099 4912/8060 4903/8060
f 4912/8807 4592/8638 4903/8807
f 4903/8807 4592/8638 4577/8638
f 4592/8638 4028/8369 4577/8638
f 4577/8638 4028/8369 4009/8369
f 3052/8118 3465/7956 3171/8118
f 3171/8118 3465/7956 3477/7956
f 3465/7956 3539/7893 3477/7956
f 3477/7956 3539/7893 3715/7893
f 3539/7842 4009/7747 3715/7842
f 4009/7747 4028/7747 3715/7842
f 4028/7747 4041/7778 3715/7842
f 3715/7842 4041/7778 3641/7906
f 4041/7778 4231/7710 3641/7906
f 4231/7863 4021/7784 3641/7618
f 3192/7614 3266/7651 3798/7846
f 3266/7651 3428/7777 3798/7846
f 3428/7777 3641/7885 3798/7846
f 3641/7618 4021/7784 3798/7706
f 4021/7784 4222/7917 3798/7706
f 3798/7795 4222/7974 4259/7978
f 4259/7978 4222/7974 4813/8167
f 4222/7917 4798/8159 4813/8166
f 4798/8159 4613/8085 4813/8166
f 4613/8085 4674/8119 4813/8166
f 4674/8119 4899/8218 4813/8166
f 4899/8218 5196/8281 4813/8166
f 4259/7978 4213/7978 3798/7795
f 3073/7614 3192/7614 3545/7846
f 3192/7614 3798/7846 3545/7846
f 3545/7795 3798/7795 4212/7978
f 3798/7795 4213/7978 4212/7978
f 4212/7978 4213/7978 4808/8167
f 4213/7978 4259/7978 4808/8167
f 4259/7978 4813/8167 4808/8167
f 4808/8166 4813/8166 4810/8166
f 4810/8166 4813/8166 4959/8282
f 4959/8282 4813/8166 5049/8282
f 4813/8166 5196/8281 5049/8282
f 5196/8281 5195/8281 5049/8282
f 5328/8282 5049/8282 5352/8281
f 5049/8282 5195/8281 5352/8281
f 5352/8778 5195/8778 5386/8848
f 5195/8778 5196/8778 5386/8848
f 5196/8778 5232/8848 5386/8848
f 5386/8100 5232/8100 5181/8099
f 5232/8100 5332/8099 5181/8099
f 5181/8192 5332/8192 5281/8171
f 5332/8192 5102/8171 5281/8171
f 5281/8079 5102/8079 5069/8027
f 5102/8079 5103/8079 5069/8027
f 5069/8027 5103/8079 5184/8027
f 5103/8079 4859/8158 5184/8027
f 4859/8158 4727/8173 5184/8027
f 5184/8027 4727/8173 4945/8027
f 4945/8027 4727/8173 4689/8173
f 4727/8173 4381/8366 4689/8173
f 4689/8173 4381/8366 4285/8366
f 4381/8360 4317/8367 4285/8367
f 4285/8367 4317/8367 4228/8367
f 4317/8367 3602/8645 4228/8367
f 4228/8367 3602/8645 3528/8645
f 3602/7713 3455/7696 3528/7713
f 3528/7713 3455/7696 3444/7696
f 3040/7668 3444/7696 3141/7668
f 3444/7696 3455/7696 3141/7668
f 3455/7696 3165/7697 3141/7668
f 3165/7697 3125/7921 3141/7668
f 3125/7921 3043/7921 3141/7668
f 3141/7668 3043/7921 3015/7668
f 3015/7668 3043/7921 3007/7921
f 3007/8180 3043/8180 3034/7960
f 3043/8180 3171/7960 3034/7960
f 3171/8118 3061/8106 3034/8118
f 3034/8118 3061/8106 3024/8106
f 3024/7613 3061/7613 3050/7614
f 3050/7614 3061/7613 3192/7614
f 3061/7613 3200/7613 3192/7614
f 3200/7613 3356/7714 3192/7614
f 3192/7614 3356/7714 3406/7735
f 3356/8042 3459/7966 3406/8017
f 3459/7966 3715/7893 3406/8017
f 3406/8017 3715/7893 3430/7991
f 3715/7893 3641/7892 3430/7991
f 3641/7885 3428/7777 3430/7794
f 3428/7777 3266/7651 3430/7794
f 3430/7794 3266/7651 3326/7704
f 3266/7651 3192/7614 3326/7704
f 3192/7614 3406/7735 3326/7704
f 2265/7617 2122/7617 2129/7653
f 2122/7617 1827/7653 2129/7653
f 2218/7616 2175/7616 2122/7617
f 2175/7616 1910/7646 2122/7617
f 1910/7646 1767/7652 2122/7617
f 2244/7692 2122/7693 2183/7692
f 1791/7670 1866/7684 1827/7671
f 1866/7684 2183/7692 1827/7671
f 2183/7692 2122/7693 1827/7671
f 2122/7617 1767/7652 1827/7653
f 1827/7653 1767/7652 1864/7652
f 1864/7652 1767/7652 1826/7664
f 1767/7652 1910/7646 1826/7664
f 1910/7646 2175/7616 1826/7663
f 2289/7615 2162/7664 2154/7615
f 2162/7664 1826/7664 2154/7615
f 1826/7663 2175/7616 2154/7615
f 2175/7616 2218/7616 2154/7615
f 2154/7615 2218/7616 2321/7615
f 2321/7615 2218/7616 2334/7616
f 2334/7616 2218/7616 2325/7617
f 2218/7616 2122/7617 2325/7617
f 2122/7693 2244/7692 2325/7693
f 2325/7693 2244/7692 2339/7692
f 2339/7692 2244/7692 2353/7691
f 2353/7691 2244/7692 2204/7691
f 2244/7692 2183/7692 2204/7691
f 2183/7692 1866/7684 2204/7691
f 1866/7684 1791/7670 2204/7691
f 2296/7691 2204/7691 2093/7669
f 2093/7669 2204/7691 1844/7669
f 2204/7691 1791/7670 1844/7669
f 1747/7669 1844/7669 1877/7670
f 1844/7669 1791/7670 1877/7670
f 1877/7670 1791/7670 1839/7671
f 1791/7670 1827/7671 1839/7671
f 1827/7653 1864/7652 1839/7653
f 1839/7653 1864/7652 1680/7652
f 1680/7652 1864/7652 1722/7664
f 1864/7652 1826/7664 1722/7664
f 3430/7794 3326/7704 3406/7783
f 2293/6251 2412/6267 2348/6254
f 2412/6267 2479/6277 2348/6254
f 2348/6254 2479/6277 2503/6283
f 2812/6037 2862/6067 2860/6064
f 2862/6025 2941/6015 2860/6028
f 2860/6028 2941/6015 2977/6007
f 2977/6007 2941/6015 2965/6010
f 2965/6010 2941/6015 2896/6023
f 2941/6015 2862/6025 2896/6023
f 2862/6067 2812/6037 2896/6072
f 2896/6072 2812/6037 2761/6029
f 2761/6076 2812/6069 2731/6089
f 2812/6319 2860/6328 2731/6304
f 2860/6328 2714/6299 2731/6304
f 2731/6089 2714/6094 2670/6104
f 2670/6104 2714/6094 2656/6105
f 2714/6094 2556/6119 2656/6105
f 2656/6105 2556/6119 2547/6120
f 2547/6296 2556/6297 2496/6282
f 2556/6297 2503/6283 2496/6282
f 2503/6283 2479/6277 2496/6282
f 2458/6364 2496/6381 2451/6363
f 2496/6381 2479/6375 2451/6363
f 2479/6375 2412/6346 2451/6363
f 2412/6346 2293/6334 2451/6363
f 2451/6363 2293/6334 2235/6333
f 2235/6333 2293/6334 2167/6329
f 2293/6251 2348/6254 2167/6247
f 2125/6238 1888/6238 1778/6239
f 1888/6238 2167/6247 1778/6239
f 2167/6247 2348/6254 1778/6239
f 1778/6239 2348/6254 2131/6239
f 2131/6239 2348/6254 2404/6254
f 2348/6254 2503/6283 2404/6254
f 2404/6254 2503/6283 2519/6283
f 2503/6283 2556/6297 2519/6283
f 2519/6283 2556/6297 2581/6297
f 2556/6119 2714/6094 2581/6119
f 2581/6119 2714/6094 2701/6094
f 2701/6299 2714/6299 2843/6328
f 2714/6299 2860/6328 2843/6328
f 2843/6028 2860/6028 2961/6007
f 2860/6028 2977/6007 2961/6007
f 2961/6007 2977/6007 3006/5994
f 3006/5994 2977/6007 3087/5994
f 2977/6005 2965/6010 3087/5994
f 2965/6010 3070/5995 3087/5994
f 3070/5995 3004/5995 3087/5994
f 3087/5994 3004/5995 2986/5994
f 2986/5994 3004/5995 2980/5995
f 2980/5995 3004/5995 2981/5996
f 2981/5996 3004/5995 3105/5996
f 3004/5995 3070/5995 3105/5996
f 3070/5995 2965/6010 3105/5996
f 2965/6010 2896/6023 3105/5996
f 3105/5996 2896/6023 3018/5996
f 3018/5996 2896/6023 2863/6023
f 2896/6072 2761/6029 2863/6072
f 2863/6072 2761/6029 2744/6029
f 2540/6113 2744/6076 2566/6113
f 2744/6076 2761/6076 2566/6113
f 2761/6076 2731/6089 2566/6113
f 2731/6089 2670/6104 2566/6113
f 2670/6104 2656/6105 2566/6113
f 2557/6116 2566/6113 2545/6116
f 2566/6113 2656/6105 2545/6116
f 2656/6105 2547/6120 2545/6116
f 2547/6405 2496/6381 2545/6407
f 2496/6381 2458/6364 2545/6407
f 2552/6407 2545/6407 2481/6363
f 2545/6407 2458/6364 2481/6363
f 2458/6364 2451/6363 2481/6363
f 2481/6363 2451/6363 2475/6363
f 2475/6363 2451/6363 2470/6363
f 2470/6363 2451/6363 2358/6333
f 2451/6363 2235/6333 2358/6333
f 2358/6333 2235/6333 2197/6324
f 2197/6324 2235/6333 1965/6324
f 2235/6333 2167/6329 1965/6324
f 2167/6329 1888/6321 1965/6324
f 1888/6321 2125/6321 1965/6324
f 1965/6324 2125/6321 2170/6324
f 2170/6324 2125/6321 2194/6321
f 2194/6238 2125/6238 2193/6239
f 2125/6238 1778/6239 2193/6239
f 3145/6236 3042/6236 3166/6213
f 3166/6213 3042/6236 3008/6213
f 3008/6213 3042/6236 3005/6236
f 3005/6240 3042/6240 3016/6241
f 3016/6241 3042/6240 3127/6241
f 3042/6240 3145/6240 3127/6241
f 3166/6213 3088/6213 3104/6212
f 2710/6141 2794/6165 2823/6172
f 2823/6172 2794/6165 2818/6173
f 2794/6165 2841/6177 2818/6173
f 2841/6177 2848/6179 2818/6173
f 2848/6179 2831/6175 2818/6173
f 2818/6173 2831/6175 3104/6212
f 3084/6235 3104/6212 2938/6200
f 3104/6212 2831/6175 2938/6200
f 2831/6175 2848/6179 2938/6200
f 2938/6256 2848/6274 2855/6271
f 2848/6274 2841/6275 2855/6271
f 2841/6275 2794/6278 2855/6271
f 2855/6271 2794/6278 2790/6279
f 2794/6278 2710/6298 2790/6279
f 2790/6279 2710/6298 2556/6316
f 2710/6298 2546/6320 2556/6316
f 2419/5964 2314/5970 2437/5963
f 2437/5963 2314/5970 2188/5979
f 2188/5979 2314/5970 2236/5973
f 2236/5973 2314/5970 2372/5966
f 2314/5970 2419/5964 2372/5966
f 2372/5966 2419/5964 2497/5952
f 2419/5964 2437/5963 2497/5952
f 2437/5963 2503/5948 2497/5952
f 2497/5952 2503/5948 2524/5941
f 2503/5948 2556/5918 2524/5941
f 2556/5918 2546/5917 2524/5941
f 2524/5941 2546/5917 2549/5919
f 2546/6122 2710/6141 2549/6123
f 2710/6141 2823/6172 2549/6123
f 2549/6123 2823/6172 2561/6123
f 2561/6123 2823/6172 2785/6173
f 2823/6172 2818/6173 2785/6173
f 2785/6173 2818/6173 2784/6173
f 2784/6173 2818/6173 2802/6173
f 2802/6173 2818/6173 3017/6212
f 2818/6173 3104/6212 3017/6212
f 3017/6212 3104/6212 3055/6212
f 3055/6212 3104/6212 3108/6212
f 3149/6213 3108/6212 3166/6213
f 3108/6212 3104/6212 3166/6213
f 3166/6213 3104/6212 3145/6236
f 3104/6212 3084/6235 3145/6236
f 3145/6240 3084/6243 3127/6241
f 3084/6243 2938/6256 3127/6241
f 2938/6256 2855/6271 3127/6241
f 3127/6241 2855/6271 3031/6241
f 3031/6241 2855/6271 2842/6271
f 2855/6271 2790/6279 2842/6271
f 2842/6271 2790/6279 2762/6279
f 2762/6279 2790/6279 2581/6316
f 2790/6279 2556/6316 2581/6316
f 2581/5918 2556/5918 2519/5948
f 2556/5918 2503/5948 2519/5948
f 2519/5948 2503/5948 2465/5963
f 2503/5948 2437/5963 2465/5963
f 2465/5963 2437/5963 2299/5979
f 2437/5963 2188/5979 2299/5979
f 2299/5979 2188/5979 2174/5991
f 2174/5991 2188/5979 2056/5991
f 2188/5979 2236/5973 2056/5991
f 2236/5973 1911/5990 2056/5991
f 1911/5990 2112/5990 2056/5991
f 2056/5991 2112/5990 2259/5991
f 2259/5991 2112/5990 2256/5990
f 2256/5990 2112/5990 2239/5992
f 2239/5992 2112/5990 1962/5992
f 2112/5990 1911/5990 1962/5992
f 1911/5990 2236/5973 1962/5992
f 2236/5973 2372/5966 1962/5992
f 1962/5992 2372/5966 2195/5992
f 2195/5992 2372/5966 2432/5966
f 2631/5920 2593/5920 2602/5920
f 2564/5920 2602/5920 2548/5920
f 2602/5920 2593/5920 2548/5920
f 2593/5920 2432/5966 2548/5920
f 2432/5966 2372/5966 2548/5920
f 2372/5966 2497/5952 2548/5920
f 2497/5952 2524/5941 2548/5920
f 2524/5941 2549/5919 2548/5920
f 5500/8850 5511/8850 5474/8862
f 5425/8862 5474/8862 5510/8850
f 5474/8862 5511/8850 5510/8850
f 5510/8850 5511/8850 5552/8851
f 5511/8850 5500/8850 5552/8851
f 5500/8850 5465/8851 5552/8851
f 5538/8851 5465/8851 5464/8864
f 7102/8536 7329/8536 7217/8534
f 5988/8713 5744/8746 5908/8713
f 5908/8713 5744/8746 5706/8746
f 5706/8746 5744/8746 5726/8746
f 5081/8818 5726/8746 5464/8818
f 5726/8746 5744/8746 5464/8818
f 7329/7637 7102/7637 7217/7619
f 6216/8094 5960/8037 6161/8094
f 5960/8037 5883/8037 6161/8094
f 7336/7619 7217/7619 7224/7619
f 7224/7619 7217/7619 7225/7619
f 7225/7619 7217/7619 7329/7637
f 7329/7637 7217/7619 7287/7654
f 7217/7619 7285/7654 7287/7654
f 7287/8321 7285/8321 7212/8331
f 7212/8331 7285/8321 7255/8331
f 6197/8097 6216/8094 6180/8094
f 6349/8681 6517/8594 6801/8508
f 6402/7933 6567/7873 6546/7877
f 6546/8581 6587/8552 6457/8625
f 6457/8625 6587/8552 6801/8508
f 6801/8508 6587/8552 6810/8496
f 6587/8552 6546/8581 6810/8496
f 6546/8581 6567/8571 6810/8496
f 6810/8496 6926/8416 7212/8331
f 7473/8707 7488/8694 7613/8656
f 7488/8520 7671/8443 7613/8493
f 7584/8639 7212/8840 7599/8639
f 7212/8840 7418/8739 7599/8639
f 7418/8739 7613/8629 7599/8639
f 7599/8535 7613/8493 7742/8412
f 7742/8407 7613/8493 7759/8399
f 7613/8493 7671/8443 7759/8399
f 7759/8399 7671/8443 7774/8371
f 7774/8371 7671/8443 8072/8247
f 8072/8247 7671/8443 7775/8322
f 7775/8322 7671/8443 7673/8408
f 7671/8443 7488/8520 7673/8408
f 7650/8632 7673/8632 7375/8750
f 7673/8632 7488/8694 7375/8750
f 7488/8694 7473/8707 7375/8750
f 7375/8750 7473/8707 7425/8723
f 7473/8707 7613/8656 7425/8723
f 7425/8727 7613/8629 7287/8828
f 7613/8629 7418/8739 7287/8828
f 7418/8739 7212/8840 7287/8828
f 7212/8331 6926/8416 7287/8321
f 7287/8321 6926/8416 6927/8417
f 6926/8416 6810/8496 6927/8417
f 6810/8496 6567/8571 6927/8417
f 6927/7733 6567/7873 6804/7796
f 6567/7873 6402/7933 6804/7796
f 6769/7821 6804/7821 6402/7939
f 6546/7877 6457/7910 6402/7939
f 6402/7939 6457/7910 6348/7967
f 6348/7967 6457/7910 6448/7918
f 6457/8625 6801/8508 6448/8628
f 6801/8508 6517/8594 6448/8628
f 6448/8628 6517/8594 6346/8672
f 6517/8594 6349/8681 6346/8672
f 6349/8681 6153/8759 6346/8672
f 6138/8533 6346/8706 5933/8620
f 6346/8672 6153/8759 5933/8833
f 5933/8833 6153/8759 5957/8839
f 6153/8759 6349/8681 5957/8839
f 6349/8681 6328/8681 5957/8839
f 5977/7622 5934/7622 5988/7621
f 5637/8022 5840/8070 5583/7984
f 5583/7984 5840/8070 5957/8096
f 5957/8096 5840/8070 5933/8093
f 5840/8722 5988/8713 5933/8716
f 5957/8071 5933/8093 5854/8071
f 5854/8071 5933/8093 5823/8093
f 5823/8716 5933/8716 5858/8713
f 5933/8716 5988/8713 5858/8713
f 5988/7621 5934/7622 5858/7621
f 5858/7621 5934/7622 5872/7622
f 5872/7622 5934/7622 5864/7623
f 5864/7623 5934/7622 5993/7623
f 5934/7622 5977/7622 5993/7623
f 5977/7622 5842/7655 5993/7623
f 5842/7655 5634/7718 5993/7623
f 5088/7750 5930/7623 5474/7750
f 5930/7623 5993/7623 5474/7750
f 5993/7623 5634/7718 5474/7750
f 5634/7718 5435/7749 5474/7750
f 5474/8862 5435/8863 5500/8850
f 5500/8850 5435/8863 5465/8851
f 5029/8851 5465/8851 5028/8864
f 5988/7621 5908/7621 5744/7674
f 5908/7621 5706/7674 5744/7674
f 5706/7674 5726/7674 5744/7674
f 5744/7674 5726/7674 5464/7744
f 5726/7674 5081/7744 5464/7744
f 5081/8864 5028/8864 5464/8864
f 5028/8864 5465/8851 5464/8864
f 5465/8851 5435/8863 5464/8864
f 5435/7749 5634/7718 5464/7744
f 5464/7744 5634/7718 5744/7674
f 5634/7718 5842/7655 5744/7674
f 5842/7655 5977/7622 5744/7674
f 5977/7622 5988/7621 5744/7674
f 5988/8713 5840/8722 5744/8746
f 5840/8722 5637/8779 5744/8746
f 5637/8779 5429/8817 5744/8746
f 5744/8746 5429/8817 5464/8818
f 5473/8818 5464/8818 5499/8817
f 5464/8818 5429/8817 5499/8817
f 5499/7972 5429/7972 5462/7980
f 5462/7980 5429/7972 5528/7980
f 5429/7972 5637/8022 5528/7980
f 5637/8022 5583/7984 5528/7980
f 5583/7984 5957/8071 5528/7980
f 5198/7980 5528/7980 5882/8071
f 5528/7980 5957/8071 5882/8071
f 5882/8839 5957/8839 6313/8681
f 5957/8839 6328/8681 6313/8681
f 6313/8681 6328/8681 6790/8508
f 6328/8681 6349/8681 6790/8508
f 6349/8681 6801/8508 6790/8508
f 6790/8508 6801/8508 6789/8508
f 6801/8508 6810/8496 6789/8508
f 6789/8508 6810/8496 7085/8331
f 6810/8496 7212/8331 7085/8331
f 7085/8840 7212/8840 7583/8639
f 7212/8840 7584/8639 7583/8639
f 7583/8535 7584/8535 8014/8303
f 7584/8535 7599/8535 8014/8303
f 8014/8303 7599/8535 8040/8303
f 7599/8535 7742/8412 8040/8303
f 7742/8407 7759/8399 8040/8303
f 8033/8292 8040/8303 8086/8292
f 8040/8303 7759/8399 8086/8292
f 7759/8399 7774/8371 8086/8292
f 7774/8371 8072/8247 8086/8292
f 8072/8583 8047/8602 8086/8584
f 8047/8602 7992/8627 8086/8584
f 7932/8621 7980/8621 8016/8621
f 7980/8621 8086/8584 8016/8621
f 8086/8584 7992/8627 8016/8621
f 8016/8621 7992/8627 7909/8621
f 7909/8621 7992/8627 7869/8627
f 7869/8627 7992/8627 7911/8626
f 7577/8143 8081/7931 7611/8143
f 8081/7931 8063/7946 7611/8143
f 7611/8143 8063/7946 7623/8149
f 7623/7766 8063/7641 7606/7935
f 7603/8384 7335/8252 7625/8314
f 7335/8225 7606/7935 7625/8160
f 7625/8160 7606/7935 8070/7853
f 7606/7935 8063/7641 8070/7853
f 8063/7641 8081/7624 8070/7853
f 8070/7759 8081/7754 8073/7753
f 8073/8573 8081/8574 8048/8558
f 7874/8543 7926/8543 7888/8546
f 7926/8543 7993/8543 7888/8546
f 7888/8546 7993/8543 8026/8546
f 7993/8543 8048/8558 8026/8546
f 8048/8558 8081/8574 8026/8546
f 7889/8574 8026/8546 7965/8574
f 8026/8546 8081/8574 7965/8574
f 8081/7931 7577/8143 7965/7931
f 6836/8181 6831/8175 6549/8114
f 6831/8175 6493/8101 6549/8114
f 6542/8031 6543/8028 6305/7959
f 6543/8028 6296/7953 6305/7959
f 6305/7816 6296/7819 6076/7928
f 6076/7928 6296/7819 6285/7824
f 6296/7953 6543/8028 6285/7945
f 6543/8028 6549/8002 6285/7945
f 6285/7945 6549/8002 6289/7934
f 6549/8002 6493/7985 6289/7934
f 6289/7934 6493/7985 6270/7930
f 6270/7930 6493/7985 6201/7851
f 6085/7685 6157/7755 6164/7864
f 6164/7929 6157/7958 6402/8001
f 6157/7958 6201/7968 6402/8001
f 6201/7968 6493/8101 6402/8001
f 6493/8101 6831/8175 6402/8001
f 6402/8001 6831/8175 6958/8263
f 6831/8175 6836/8181 6958/8263
f 6958/8263 6836/8181 6850/8195
f 6836/8181 6549/8114 6850/8195
f 6549/8114 6543/8123 6850/8195
f 6850/8195 6543/8123 6856/8196
f 6856/8196 6543/8123 6854/8204
f 6543/8135 6542/8137 6854/8203
f 6854/8204 6542/8126 6860/8212
f 6860/8212 6542/8126 6828/8211
f 6828/8115 6542/8031 6445/8061
f 6542/8031 6305/7959 6445/8061
f 6305/7816 6076/7928 6445/7761
f 6445/7761 6076/7928 6060/7944
f 6076/7928 6285/7824 6060/7944
f 6285/7945 6289/7934 6060/7874
f 6289/7934 6270/7930 6060/7874
f 6270/7930 6201/7851 6060/7874
f 6201/7851 6157/7843 6060/7874
f 7119/8315 6445/8061 6430/8061
f 6445/7761 6060/7944 6430/7761
f 6430/7761 6060/7944 5994/7944
f 5994/7874 6060/7874 5910/7850
f 6060/7874 6157/7843 5910/7850
f 6157/7843 6085/7825 5910/7850
f 5934/8386 5910/8680 5946/8353
f 5910/8680 6085/8458 5946/8353
f 6085/7685 6164/7864 5946/7730
f 5946/8086 6164/8134 5960/8286
f 6164/8134 6402/8174 5960/8286
f 5883/8286 5960/8286 6373/8174
f 5960/8286 6402/8174 6373/8174
f 6373/8001 6402/8001 6947/8263
f 6402/8001 6958/8263 6947/8263
f 6947/8263 6958/8263 7032/8287
f 7032/8287 6958/8263 7329/8287
f 6958/8263 6850/8195 7329/8287
f 6850/8195 6856/8196 7329/8287
f 6856/8196 6854/8204 7329/8287
f 7329/8536 7217/8534 7214/8536
f 7214/8536 7217/8534 7257/8534
f 7328/8534 7217/8534 7336/8534
f 7336/8534 7217/8534 7243/8538
f 7217/8534 7303/8538 7243/8538
f 7243/7656 7303/7665 7277/7657
f 7339/7676 7277/7657 7237/7675
f 7277/7657 7303/7665 7237/7675
f 7303/8538 7217/8534 7237/8538
f 7237/8538 7217/8534 7262/8537
f 7217/8534 7329/8536 7262/8537
f 7329/8287 6854/8204 7262/8302
f 6854/8204 6860/8212 7262/8302
f 6860/8212 6828/8211 7262/8302
f 7262/8302 6828/8211 7219/8354
f 7219/8228 6828/8115 7339/8315
f 6828/8115 6445/8061 7339/8315
f 6445/8061 7119/8315 7339/8315
f 7119/7878 7577/7762 7339/7878
f 7577/7762 7611/7762 7339/7878
f 7611/7762 7623/7766 7339/7878
f 7339/7878 7623/7766 7219/8062
f 7623/7766 7606/7935 7219/8062
f 7606/7935 7335/8225 7219/8062
f 7219/8062 7270/8062 7339/7878
f 7277/7878 7339/7878 7343/8062
f 7339/7878 7270/8062 7343/8062
f 7343/8062 7270/8062 7274/8225
f 7270/8062 7219/8062 7274/8225
f 7219/8062 7335/8225 7274/8225
f 7274/8252 7335/8252 7266/8385
f 7234/8828 7286/8828 7255/8840
f 7212/8840 7255/8840 7287/8828
f 7255/8840 7286/8828 7287/8828
f 7287/8828 7286/8828 7329/8819
f 7286/8828 7234/8828 7329/8819
f 7234/8828 7266/8819 7329/8819
f 7266/8385 7335/8252 7329/8385
f 7335/8252 7603/8384 7329/8385
f 7603/8384 7574/8384 7329/8385
f 7102/8385 7329/8385 7550/8384
f 7329/8385 7574/8384 7550/8384
f 7574/7894 7603/7894 7982/7752
f 7935/8542 7982/8542 8022/8542
f 8022/8542 7982/8542 8080/8572
f 7982/7752 7603/7894 8080/7752
f 7603/7894 7625/7895 8080/7752
f 7625/7895 8070/7759 8080/7752
f 8070/7759 8073/7753 8080/7752
f 8073/8573 8048/8558 8080/8572
f 8080/8572 8048/8558 8022/8542
f 8048/8558 7993/8543 8022/8542
f 7993/8543 7926/8543 8022/8542
f 7926/8543 7874/8543 8022/8542
f 7874/8543 7911/8542 8022/8542
f 7911/8626 7992/8627 8022/8626
f 7992/8627 8047/8602 8022/8626
f 8047/8602 8072/8583 8022/8626
f 8022/8626 8072/8583 8080/8582
f 8072/8247 7775/8322 8080/8202
f 7775/8322 7673/8408 8080/8202
f 7673/8408 7650/8408 8080/8202
f 7935/8626 8022/8626 7982/8626
f 8022/8626 8080/8582 7982/8626
f 8080/8202 7650/8408 7982/8202
f 7982/8202 7650/8408 7646/8408
f 7646/8632 7650/8632 7364/8750
f 7650/8632 7375/8750 7364/8750
f 7102/8819 7364/8750 7329/8819
f 7364/8750 7375/8750 7329/8819
f 7375/8760 7425/8723 7329/8819
f 7425/8727 7287/8828 7329/8819
f 7287/7654 6927/7733 7329/7637
f 6927/7733 6804/7796 7329/7637
f 6804/7821 6769/7821 7329/7637
f 7329/7637 6769/7821 6995/7637
f 6995/7637 6769/7821 6743/7821
f 6743/7821 6769/7821 6373/7939
f 6769/7821 6402/7939 6373/7939
f 6162/7620 6161/7620 6197/7620
f 6161/7620 6187/7620 6197/7620
f 6187/7620 6373/7673 6197/7620
f 6373/7673 6402/7673 6197/7620
f 6402/7673 6348/7788 6197/7620
f 6348/7788 6448/7923 6197/7620
f 6448/7923 6346/7904 6197/7620
f 6346/7904 6138/7748 6197/7620
f 6216/8094 6197/8097 5960/8037
f 6197/8097 6138/8183 5960/8037
f 6138/8533 5933/8620 5960/8355
f 5960/7648 5872/7638 5934/7647
f 5934/8386 5872/8386 5910/8680
f 5910/8680 5872/8386 5793/8680
f 5872/7638 5960/7648 5858/7625
f 5960/8355 5933/8620 5858/8355
f 5858/8355 5933/8620 5823/8620
f 5823/8833 5933/8833 5854/8839
f 5854/8839 5933/8833 5957/8839
f 5426/8283 5686/8310 5520/8145
f 5520/8145 5686/8310 5932/8343
f 5956/8184 5932/8343 5852/8184
f 5852/8184 5932/8343 5820/8343
f 5820/8460 5932/8460 5834/8459
f 5834/8459 5932/8460 5943/8459
f 5932/8460 5686/8392 5943/8459
f 5686/8392 5426/8324 5943/8459
f 5426/8324 5455/8323 5943/8459
f 5943/8459 5455/8323 5856/8459
f 5856/8459 5455/8323 5071/8323
f 5071/8323 5455/8323 5024/8323
f 5024/8323 5455/8323 5025/8323
f 5455/8323 5426/8324 5563/8316
f 5426/8283 5520/8145 5563/8276
f 5563/8276 5520/8145 5441/8138
f 5059/8138 5441/8138 5881/8184
f 5881/8184 5441/8138 5956/8184
f 5441/8138 5520/8145 5956/8184
f 5520/8145 5932/8461 5956/8184
f 7265/7720 7330/7720 7241/7686
f 7330/7720 7304/7686 7241/7686
f 7241/7868 7304/7868 7278/8087
f 7340/8087 7278/8087 7235/7868
f 7278/8087 7304/7868 7235/7868
f 7304/7686 7330/7720 7235/7686
f 5956/8595 5938/8603 5983/8603
f 5950/8852 5929/8865 5845/8852
f 5845/8852 5929/8865 5861/8865
f 5861/8596 5929/8596 5877/8603
f 5877/8603 5929/8596 5983/8603
f 8019/7643 7983/7649 8042/7661
f 7983/7649 7958/7660 8042/7661
f 7350/8462 7624/8229 7632/8229
f 7632/8229 7624/8229 8082/8044
f 7890/8004 8027/8004 7984/8004
f 8027/8004 8082/7969 7984/8004
f 8082/8044 7624/8229 7984/8044
f 7984/8044 7624/8229 7596/8229
f 7596/8229 7624/8229 7337/8462
f 7624/8229 7350/8462 7337/8462
f 7100/8483 7337/8462 7330/8483
f 7337/8462 7350/8462 7330/8483
f 7601/8771 7571/8771 7210/8615
f 7081/8615 7210/8615 7547/8771
f 7210/8615 7571/8771 7547/8771
f 7571/8254 7601/8254 7958/8477
f 7958/8477 7601/8254 8059/8477
f 6269/8003 6288/7993 6492/7909
f 6835/7820 6829/7822 6510/7896
f 6829/8831 6492/8747 6510/8752
f 6492/8747 6288/8664 6510/8752
f 6510/8752 6288/8664 6300/8668
f 6300/7988 6288/7993 6072/8081
f 6288/7993 6269/8003 6072/8081
f 6072/8081 6269/8003 6261/8010
f 6269/8003 6492/7909 6261/8010
f 6261/8010 6492/7909 6004/8144
f 6004/8144 6492/7909 6248/8057
f 6248/8616 6492/8747 6470/8696
f 6492/8747 6829/8831 6470/8696
f 6470/7962 6829/7822 6957/7739
f 6829/7822 6835/7820 6957/7739
f 6835/7820 6845/7817 6957/7739
f 6957/7739 6845/7817 6858/7813
f 6858/7813 6845/7817 6547/7897
f 6845/7817 6835/7820 6547/7897
f 6835/7820 6510/7896 6547/7883
f 6510/8752 6300/8668 6547/8766
f 6014/8472 6534/8284 6554/8277
f 6534/8284 7340/8056 6554/8277
f 7340/8056 6868/8150 6554/8277
f 6868/7769 6547/7897 6554/7856
f 6547/8766 6300/8668 6554/8785
f 6300/7988 6072/8081 6554/7854
f 6554/7627 6072/7844 6014/7855
f 6072/7844 6261/7768 6014/7855
f 6261/8010 6004/8144 6014/8089
f 6014/8472 6516/8284 6534/8284
f 6534/8284 6516/8284 7340/8056
f 7571/8237 7570/8230 7999/8049
f 7999/8049 7570/8230 7600/8219
f 8076/8497 8082/8494 8071/8502
f 8082/8494 7752/8588 8071/8502
f 8065/8509 8071/8502 7754/8597
f 7754/8597 8071/8502 7626/8686
f 8071/8502 7752/8588 7626/8686
f 7449/8768 7626/8686 7632/8673
f 7626/8686 7752/8588 7632/8673
f 7752/8588 8082/8494 7632/8673
f 8082/8044 7769/8139 7632/8229
f 7769/8139 7639/8236 7632/8229
f 7632/8229 7639/8236 7447/8344
f 7443/8347 7447/8344 7614/8253
f 7447/8344 7639/8236 7614/8253
f 7424/7947 7614/7836 7600/7865
f 7600/7865 7614/7836 7744/7774
f 7744/7767 7614/7836 7762/7763
f 7614/7836 7639/7826 7762/7763
f 7762/7763 7639/7826 7766/7760
f 7766/7760 7639/7826 8074/7626
f 7639/7826 7769/7719 8074/7626
f 7769/8139 8082/8044 8074/8048
f 8074/7970 8082/7969 8049/7981
f 7994/8005 8049/7981 8027/8004
f 8049/7981 8082/7969 8027/8004
f 7997/7630 8027/7629 8052/7659
f 8027/7629 8082/7678 8052/7659
f 8082/7678 8076/7679 8052/7659
f 8052/7659 8076/7679 8084/7680
f 8076/8497 8071/8502 8084/8498
f 8071/8502 8065/8509 8084/8498
f 8084/8498 8065/8509 7597/8714
f 8065/8509 7754/8640 7597/8714
f 7754/8640 7626/8761 7597/8714
f 7626/8761 7428/8830 7597/8714
f 8084/8498 7597/8714 7578/8714
f 7578/8098 7597/8098 7340/8213
f 7597/8098 7428/8264 7340/8213
f 7340/7911 7428/8029 7346/7924
f 7428/8465 7626/8521 7346/8647
f 7626/8521 7449/8695 7346/8647
f 7346/7924 7449/8045 7350/7936
f 7449/8682 7632/8866 7350/8740
f 7632/8229 7447/8344 7350/8462
f 7447/8344 7443/8347 7350/8462
f 7350/8462 7443/8347 7426/8356
f 7443/8347 7614/8253 7426/8356
f 7426/8361 7614/8253 7283/8482
f 7614/8253 7424/8372 7283/8482
f 7283/8482 7424/8372 7323/8489
f 7424/7694 7600/7658 7323/7785
f 7600/7666 7570/7677 7323/7785
f 7570/7677 7571/7731 7323/7785
f 7323/7785 7571/7731 7210/7882
f 7210/8615 7571/8765 7601/8771
f 7601/8254 7571/8243 8059/8477
f 7571/8243 7999/8468 8059/8477
f 7999/8049 7600/8219 8059/8038
f 8020/7804 8059/7804 8042/7814
f 8059/7804 7600/7690 8042/7814
f 7600/7865 7744/7774 8042/7699
f 7744/7767 7762/7763 8042/7699
f 8036/7687 8042/7695 8087/7687
f 8042/7695 7762/7779 8087/7687
f 7762/7763 7766/7760 8087/7700
f 7766/8035 8074/8193 8087/7976
f 8074/7970 8049/7981 8087/7971
f 7936/7994 7983/7994 8024/7994
f 7983/7994 8087/7971 8024/7994
f 8087/7971 8049/7981 8024/7994
f 8049/7981 7994/8005 8024/7994
f 7994/8005 7951/8005 8024/7994
f 7913/7994 8024/7994 7875/8005
f 8024/7994 7951/8005 7875/8005
f 7875/8005 7951/8005 7918/8004
f 7951/8005 7994/8005 7918/8004
f 7994/8005 8027/8004 7918/8004
f 8027/7629 7997/7630 7918/7629
f 7918/7629 7997/7630 7878/7630
f 7878/7630 7997/7630 7895/7631
f 7895/7631 7997/7630 8006/7631
f 7997/7630 8052/7659 8006/7631
f 8052/7659 8084/7680 8006/7639
f 7948/7639 8006/7639 7973/7631
f 8006/7631 8084/7680 7973/7631
f 8084/8498 7578/8714 7973/8498
f 7973/8498 7578/8714 7555/8714
f 7555/8098 7578/8098 7116/8213
f 7578/8098 7340/8213 7116/8213
f 7340/8056 6516/8284 7116/8056
f 7116/8056 6516/8284 6499/8284
f 6499/8284 6516/8284 5992/8472
f 6516/8284 6014/8472 5992/8472
f 5807/8116 5992/8089 5902/8116
f 5992/8089 6014/8089 5902/8116
f 5897/8611 5866/8612 5932/8612
f 5932/8612 5866/8612 5902/8613
f 5902/8613 5866/8612 5786/8613
f 5786/8613 5866/8612 5820/8612
f 5820/8612 5866/8612 5785/8611
f 5866/8612 5897/8611 5785/8611
f 5785/8611 5897/8611 5803/8611
f 5803/8611 5897/8611 5922/8611
f 5922/8611 5897/8611 5951/8604
f 5951/8604 5897/8611 5956/8604
f 5956/8604 5897/8611 5932/8605
f 5902/8116 6014/8089 5932/8154
f 6014/8089 6004/8144 5932/8154
f 5932/8609 6004/8622 5956/8610
f 6004/8622 6248/8724 5956/8610
f 6248/8724 6470/8829 5956/8610
f 6470/8829 6461/8829 5956/8610
f 5897/8611 5956/8604 5941/8611
f 5941/8610 5956/8610 6460/8829
f 5956/8610 6461/8829 6460/8829
f 6460/7962 6461/7962 6946/7739
f 6461/7962 6470/7962 6946/7739
f 6470/7962 6957/7739 6946/7739
f 6946/7739 6957/7739 7100/7720
f 7596/8673 7624/8673 7984/8494
f 7942/7629 7984/7629 8027/7629
f 8027/7629 7984/7629 8082/7678
f 8082/8494 7984/8494 7632/8673
f 7984/8494 7624/8673 7632/8673
f 7632/8866 7624/8866 7350/8740
f 7624/8866 7596/8866 7350/8740
f 7596/8866 7337/8740 7350/8740
f 7350/7936 7337/7936 7330/7913
f 7337/7936 7100/7913 7330/7913
f 7100/7720 6957/7739 7330/7720
f 6957/7739 6858/7813 7330/7720
f 7330/7720 6858/7813 7235/7686
f 6858/7813 6547/7897 7235/7686
f 6547/7897 6868/7769 7235/7686
f 6868/7907 7340/8087 7235/7868
f 7340/7911 7346/7924 7235/7912
f 7235/7912 7346/7924 7330/7913
f 7346/7924 7350/7936 7330/7913
f 7350/8462 7426/8356 7330/8483
f 7426/8361 7283/8482 7330/8483
f 7283/8482 7282/8482 7330/8483
f 7235/7912 7304/7912 7340/7911
f 7278/7911 7340/7911 7241/7912
f 7340/7911 7304/7912 7241/7912
f 7241/7912 7304/7912 7265/7913
f 7304/7912 7235/7912 7265/7913
f 7235/7912 7330/7913 7265/7913
f 7265/8483 7330/8483 7231/8482
f 7330/8483 7282/8482 7231/8482
f 7231/8482 7282/8482 7259/8489
f 7282/8482 7283/8482 7259/8489
f 7283/8482 7323/8489 7259/8489
f 7259/7785 7323/7785 7325/7882
f 7323/7785 7210/7882 7325/7882
f 7100/8585 7215/8586 7330/8585
f 7082/8012 7210/8012 7254/8013
f 5897/8589 5929/8590 5886/8590
f 5886/8590 5929/8590 5921/8591
f 5950/8600 5921/8591 5929/8599
f 5059/8466 5665/8539 5441/8466
f 5441/8466 5665/8539 5701/8539
f 5665/8539 5881/8595 5701/8539
f 5701/8539 5881/8595 5956/8595
f 5881/8595 5941/8595 5956/8595
f 5941/8595 5965/8603 5956/8595
f 5965/8603 5983/8603 5956/8595
f 5983/8603 5929/8596 5956/8595
f 5929/8590 5897/8589 5956/8598
f 5959/8598 5956/8598 5900/8589
f 5956/8598 5897/8589 5900/8589
f 5900/8589 5897/8589 5832/8589
f 5832/8589 5897/8589 5785/8589
f 5897/8589 5886/8590 5785/8589
f 5785/8589 5886/8590 5813/8590
f 5813/8590 5886/8590 5802/8591
f 5886/8590 5921/8591 5802/8591
f 5802/8591 5921/8591 5826/8591
f 5826/8591 5921/8591 5916/8591
f 5916/8591 5921/8591 5947/8600
f 5921/8591 5950/8600 5947/8600
f 5610/8751 5574/8743 5683/8782
f 5574/8476 5440/8471 5683/8529
f 6844/8387 6507/8249 6528/8248
f 6528/8248 6507/8249 6247/8130
f 6247/8130 6507/8249 5929/8019
f 5929/8019 6507/8249 6259/8131
f 6259/8131 6507/8249 6524/8250
f 6507/8249 6846/8388 6524/8250
f 6568/8272 6572/8273 6092/8058
f 6572/8273 6561/8273 6092/8058
f 6081/8058 6092/8058 6552/8273
f 6092/8058 6561/8273 6552/8273
f 6552/8273 6561/8273 7031/8514
f 6561/8273 6572/8273 7031/8514
f 7031/8514 6572/8273 7210/8514
f 6572/8273 6568/8272 7210/8514
f 7289/8279 7288/8279 7254/8013
f 7210/8012 7254/8013 7247/8012
f 7247/8012 7254/8013 7246/8013
f 7246/8013 7254/8013 7209/8013
f 7209/8013 7254/8013 7325/8013
f 7325/8013 7254/8013 7232/8279
f 7254/8013 7288/8279 7232/8279
f 7232/8279 7288/8279 7337/8586
f 7288/8279 7289/8279 7337/8586
f 7289/8279 7215/8586 7337/8586
f 7222/8586 7215/8586 7223/8586
f 7223/8586 7215/8586 7330/8585
f 7330/8585 7215/8586 7290/8278
f 7215/8586 7289/8279 7290/8278
f 7289/8279 7254/8013 7290/8278
f 7290/8278 7254/8013 7244/8197
f 7254/8013 7210/8012 7244/8197
f 7210/8514 6568/8272 7244/8513
f 6568/8272 6524/8250 7244/8513
f 6524/8250 6846/8388 7244/8513
f 7244/8513 6846/8388 7228/8523
f 6846/8388 6507/8249 7228/8523
f 6507/8249 6844/8387 7228/8523
f 7228/8523 6844/8387 7330/8522
f 6844/8387 6528/8248 7330/8522
f 6528/8248 6487/8248 7330/8522
f 7330/8522 6487/8248 6993/8522
f 6993/8522 6487/8248 6472/8248
f 6472/8248 6487/8248 5941/8018
f 5897/8589 5941/8589 5956/8598
f 5941/8018 6487/8248 5956/8018
f 6487/8248 6528/8248 5956/8018
f 6528/8248 6247/8130 5956/8018
f 6247/8130 5929/8019 5956/8018
f 5929/8596 5683/8529 5956/8595
f 5683/8529 5440/8471 5956/8595
f 5956/8595 5440/8471 5701/8539
f 5701/8539 5440/8471 5441/8466
f 5441/8466 5440/8471 5544/8467
f 5440/8471 5574/8476 5544/8467
f 5441/7642 5487/7829 5488/7832
f 5488/7832 5487/7829 5455/7973
f 5455/7975 5487/7829 5522/7961
f 5522/7961 5487/7829 5562/7827
f 5562/7827 5487/7829 5519/7628
f 5487/7829 5441/7642 5519/7628
f 5519/8466 5441/8466 5484/8467
f 5441/8466 5544/8467 5484/8467
f 5484/8728 5544/8728 5571/8729
f 5571/8729 5544/8728 5432/8729
f 5544/8728 5574/8743 5432/8729
f 5574/8743 5610/8751 5432/8729
f 5051/8729 5432/8729 5438/8751
f 5432/8729 5610/8751 5438/8751
f 5438/8751 5610/8751 5579/8751
f 5579/8751 5610/8751 5874/8852
f 5874/8852 5610/8751 5950/8852
f 5610/8751 5683/8782 5950/8852
f 5683/8782 5929/8865 5950/8852
f 5929/8019 6259/8131 5950/8011
f 6259/8131 6524/8250 5950/8011
f 6524/8250 6568/8272 5950/8011
f 6568/8272 6092/8058 5950/8011
f 6092/8058 6081/8058 5950/8011
f 6081/8058 5895/8011 5950/8011
f 5950/8600 5895/8591 5921/8591
f 1369/9132 1404/9132 1417/9228
f 1417/9228 1404/9132 1501/9228
f 1501/9228 1404/9132 1519/9132
f 1519/9276 1404/9281 1487/9280
f 1487/9280 1404/9281 1364/9284
f 1404/9281 1369/9283 1364/9284
f 1397/9160 1580/9161 1416/9097
f 1580/9161 1626/9133 1416/9097
f 1416/9097 1626/9133 1627/9037
f 1627/9037 1626/9133 1667/9134
f 1667/9134 1626/9133 1638/9232
f 1626/9133 1580/9161 1638/9232
f 1580/9161 1397/9160 1638/9232
f 1638/9232 1397/9160 1417/9228
f 1417/9228 1397/9160 1369/9132
f 1369/9132 1397/9160 1366/9098
f 1397/9160 1416/9097 1366/9098
f 1366/9098 1416/9097 1364/9035
f 1416/9097 1627/9037 1364/9035
f 1364/9035 1627/9037 1413/9035
f 1413/9035 1627/9037 1639/9037
f 2181/9033 1639/9017 1963/9033
f 1639/9017 1627/9017 1963/9033
f 1627/9017 1667/9028 1963/9033
f 1667/9028 2018/9032 1963/9033
f 2018/9032 2073/9032 1963/9033
f 1545/9241 1652/9266 1590/9253
f 1590/9253 1652/9266 1927/9274
f 1927/9274 1652/9266 1963/9273
f 1652/9266 1545/9241 1963/9273
f 2181/9273 1963/9273 1460/9239
f 1460/9239 1963/9273 1444/9239
f 1963/9273 1545/9241 1444/9239
f 1545/9241 1377/9235 1444/9239
f 1377/9235 1427/9235 1444/9239
f 1444/9239 1427/9235 1512/9239
f 1512/9239 1427/9235 1504/9235
f 1504/9235 1427/9235 1469/9236
f 1469/9236 1427/9235 1371/9236
f 1427/9235 1377/9235 1371/9236
f 1377/9235 1545/9241 1371/9236
f 1545/9241 1590/9253 1371/9236
f 1371/9236 1590/9253 1437/9236
f 1437/9236 1590/9253 1622/9253
f 2200/9275 1622/9253 2040/9275
f 1622/9253 1590/9253 2040/9275
f 1590/9253 1927/9274 2040/9275
f 1927/9274 1992/9274 2040/9275
f 2033/9275 2040/9275 1923/9274
f 2040/9275 1992/9274 1923/9274
f 1923/9274 1992/9274 1954/9273
f 1992/9274 1927/9274 1954/9273
f 1927/9274 1963/9273 1954/9273
f 1954/9033 1963/9033 2002/9032
f 1963/9033 2073/9032 2002/9032
f 2002/9032 2073/9032 2049/9031
f 2073/9032 2018/9032 2049/9031
f 2049/9031 2018/9032 2059/9031
f 2018/9032 1667/9028 2059/9031
f 1667/9134 1638/9232 2059/9233
f 2209/9233 2059/9233 1659/9232
f 2059/9233 1638/9232 1659/9232
f 1659/9232 1638/9232 1470/9228
f 1638/9232 1417/9228 1470/9228
f 4306/5107 4400/5109 4284/5108
f 4405/5111 4284/5108 4418/5110
f 4284/5108 4400/5109 4418/5110
f 4418/5076 4400/5076 4409/5017
f 4400/5076 4306/5076 4409/5017
f 4409/5017 4306/5076 4341/5017
f 4341/5017 4306/5076 4313/5056
f 3083/5001 3152/5001 3151/5003
f 3115/5003 3206/5003 3151/5003
f 3206/5003 3251/5003 3151/5003
f 3151/5003 3251/5003 3876/5047
f 3251/5003 3939/5047 3876/5047
f 3939/4918 3944/4918 3876/4918
f 3837/5112 3838/5115 3817/5113
f 3852/5117 3817/5113 3839/5116
f 3817/5113 3838/5115 3839/5116
f 3839/4869 3838/4869 3877/4919
f 3838/4869 3837/4869 3877/4919
f 3837/4869 3876/4919 3877/4919
f 3115/4972 3083/4972 2810/5002
f 3083/4972 2795/5002 2810/5002
f 2810/5002 2795/5002 2220/5049
f 2795/5002 1980/5049 2220/5049
f 4368/5034 4341/5036 4291/5034
f 3855/5039 3906/5039 3876/5100
f 3821/5100 3876/5100 3816/5039
f 3876/5100 3906/5039 3816/5039
f 3816/5053 3906/5055 3894/5091
f 3906/5055 3855/5059 3894/5091
f 3894/5091 3855/5059 3892/5098
f 2226/5105 2036/5105 1903/5103
f 3083/5006 3151/5007 2795/4981
f 1980/4862 2795/4867 2220/4862
f 2220/4862 2795/4867 2810/4867
f 2795/4981 3151/5007 2810/4981
f 2810/4981 3151/5007 3251/5007
f 3944/5101 3939/5101 3876/5101
f 3939/4961 3251/4905 3876/4961
f 3251/4905 3151/4905 3876/4961
f 5582/5114 5508/5114 4730/5071
f 5508/5114 4713/5071 4730/5071
f 4730/5071 4713/5071 4389/5036
f 4713/5071 4341/5036 4389/5036
f 4389/5036 4341/5036 4364/5036
f 4318/5034 4364/5036 4291/5034
f 4364/5036 4341/5036 4291/5034
f 4341/4900 4713/4922 4291/4896
f 4291/4896 4713/4922 4389/4896
f 4389/4896 4713/4922 4730/4922
f 4730/4890 4713/4890 5582/4863
f 5582/4863 4713/4890 5508/4863
f 2123/5104 1903/5103 1930/5104
f 4181/5093 4003/5078 4056/5038
f 3948/5081 4056/5099 3926/5075
f 4056/5038 4003/5078 3926/5023
f 3926/5023 4003/5078 3998/5079
f 3246/5018 3048/5011 2856/4995
f 3048/5011 2836/4992 2856/4995
f 2856/5032 2836/5031 2664/5009
f 2664/5009 2836/5031 2801/5025
f 2836/4992 3048/5011 2801/4990
f 2747/4984 2801/4990 2905/5004
f 2801/4990 3048/5011 2905/5004
f 2834/4991 2894/4987 2999/4978
f 2999/4978 2894/4987 2943/4980
f 3412/5015 3311/5008 3083/5001
f 2905/4994 2858/4988 2703/4973
f 2439/4884 2528/4909 2690/4885
f 2528/4909 2703/4912 2690/4885
f 2690/4885 2703/4912 2795/4867
f 2703/4912 2858/4886 2795/4867
f 2858/4967 3083/5006 2795/4981
f 3083/4972 3311/4956 2795/5002
f 3311/4956 2943/4980 2795/5002
f 2943/4980 2894/4987 2795/5002
f 2894/4987 2834/4991 2795/5002
f 2834/4991 2650/5012 2795/5002
f 2795/5002 2650/5012 2420/5037
f 2650/5012 2598/5014 2420/5037
f 2420/5037 2598/5014 2515/5026
f 2515/5026 2598/5014 2789/5000
f 2598/5014 2650/5012 2789/5000
f 2650/5012 2834/4991 2789/5000
f 2789/5020 2834/5029 3028/5045
f 3028/5045 2834/5029 3099/5050
f 2834/5029 2999/5044 3099/5050
f 3099/5050 2999/5044 3304/5058
f 3304/5058 2999/5044 3310/5060
f 2999/4978 2943/4980 3310/4955
f 2943/4980 3311/4956 3310/4955
f 3310/4878 3311/4861 3452/4904
f 3452/4904 3311/4861 3450/4895
f 3450/5061 3311/5046 3863/5082
f 3311/5046 3412/5063 3863/5082
f 3998/5079 3863/5089 3842/5051
f 3842/5086 3863/5082 3423/5064
f 3863/5082 3412/5063 3423/5064
f 3423/5016 3412/5015 3151/5003
f 3412/5015 3083/5001 3151/5003
f 3083/5006 2858/4988 3151/5007
f 2858/4988 2905/4994 3151/5007
f 3151/5007 2905/4994 3364/5027
f 2905/4994 3048/5010 3364/5027
f 3364/5077 3048/5057 3417/5084
f 3048/5057 3246/5066 3417/5084
f 3417/4936 3246/4916 3427/4937
f 3427/4937 3246/4916 3473/4951
f 3893/4965 3884/4966 3358/4927
f 3884/4966 3473/4951 3358/4927
f 3473/4951 3246/4916 3358/4927
f 3246/4916 2856/4893 3358/4927
f 2856/5032 2664/5009 3358/5069
f 2871/5035 3358/5069 2861/5035
f 3358/5069 2664/5009 2861/5035
f 2861/5035 2664/5009 2541/4996
f 2664/5009 2801/5025 2541/4996
f 2801/5025 2747/5013 2541/4996
f 2541/4996 2747/5013 2613/5005
f 2747/4984 2905/5004 2613/4971
f 2905/5004 2703/4979 2613/4971
f 2613/4971 2703/4979 2487/4952
f 2703/4979 2528/4962 2487/4952
f 2487/4952 2528/4962 2436/4950
f 2436/4950 2528/4962 1930/4934
f 2528/4909 2439/4884 1930/4908
f 1930/4908 2439/4884 1980/4862
f 2439/4884 2690/4885 1980/4862
f 2690/4885 2795/4867 1980/4862
f 2795/5002 2420/5037 1980/5049
f 2420/5037 2515/5026 1980/5049
f 2027/5048 1980/5049 1914/5048
f 1980/5049 2515/5026 1914/5048
f 2515/5026 2789/5000 1914/5048
f 1914/4969 2789/5020 2532/4993
f 2532/4993 2789/5020 2793/5021
f 2789/5020 3028/5045 2793/5021
f 2806/5021 2793/5021 3409/5072
f 2793/5021 3028/5045 3409/5072
f 3028/5045 3099/5050 3409/5072
f 3099/5050 3304/5058 3409/5072
f 3304/5058 3310/5060 3409/5072
f 3310/5060 3452/5080 3409/5072
f 3409/4939 3452/4904 3817/4938
f 3452/4904 3450/4895 3817/4938
f 3450/4895 3863/4888 3817/4938
f 3817/5068 3863/5070 4124/5094
f 4124/5094 3863/5070 4133/5102
f 3863/5070 3998/5087 4133/5102
f 3998/5087 4003/5088 4133/5102
f 4003/5088 4181/5118 4133/5102
f 4284/4860 4688/4889 4710/4889
f 4710/4889 4688/4889 5065/4925
f 4688/4889 4692/4894 5065/4925
f 5065/4925 4692/4894 4704/4898
f 4867/5083 4719/5062 4713/5071
f 4719/5062 4570/5043 4713/5071
f 4850/4873 4713/4890 4697/4891
f 4697/4926 4686/4928 4855/4910
f 4855/4910 4686/4928 4847/4913
f 4847/4913 4686/4928 4833/4915
f 4833/4915 4686/4928 4672/4931
f 4686/4928 4539/4948 4672/4931
f 4638/4932 4672/4931 4328/4959
f 4672/4931 4539/4948 4328/4959
f 4348/4958 4328/4959 4298/4958
f 4328/4959 4539/4948 4298/4958
f 4539/4948 4686/4928 4298/4958
f 4298/4958 4686/4928 4532/4946
f 4686/4928 4697/4926 4532/4946
f 4532/4946 4697/4926 4553/4945
f 4553/4945 4697/4926 4566/4944
f 4697/4926 4713/4921 4566/4944
f 4566/4944 4713/4921 4341/4954
f 4713/5071 4570/5043 4341/5036
f 4341/5036 4570/5043 4555/5042
f 4570/5043 4719/5062 4555/5042
f 4551/5041 4555/5042 4704/5054
f 4555/5042 4719/5062 4704/5054
f 4704/5054 4719/5062 4848/5073
f 4848/5073 4719/5062 4871/5074
f 4871/5074 4719/5062 5457/5095
f 4719/5062 4867/5083 5457/5095
f 5457/5095 4867/5083 5508/5114
f 4867/5083 4713/5071 5508/5114
f 4713/4890 4850/4873 5508/4863
f 5481/4864 5508/4863 5480/4864
f 5508/4863 4850/4873 5480/4864
f 4850/4873 4697/4891 5480/4864
f 4697/4891 4855/4874 5480/4864
f 5480/4864 4855/4874 5316/4866
f 4855/4874 4847/4875 5316/4866
f 4847/4897 4833/4901 5316/4876
f 5316/4876 4833/4901 4951/4879
f 4833/4901 4672/4917 4951/4879
f 4672/4931 4638/4932 4951/4892
f 4951/4892 4638/4932 4927/4899
f 4661/4933 4927/4899 4644/4933
f 4927/4899 4638/4932 4644/4933
f 4644/4933 4638/4932 4301/4975
f 4638/4932 4328/4959 4301/4960
f 4301/4975 4328/4959 4416/4975
f 4416/4975 4328/4959 4423/4959
f 4328/4959 4348/4958 4423/4959
f 4423/4959 4348/4958 4413/4958
f 4413/4958 4348/4958 4409/4957
f 4409/4957 4348/4958 4291/4957
f 4348/4958 4298/4958 4291/4957
f 4298/4958 4532/4946 4291/4957
f 4532/4946 4553/4945 4291/4957
f 4553/4945 4566/4944 4291/4957
f 4566/4944 4341/4954 4291/4957
f 4341/5036 4555/5042 4291/5034
f 4555/5042 4551/5041 4291/5034
f 4427/5028 4374/5019 4415/5019
f 4415/4871 4374/4871 4405/4860
f 4405/4860 4374/4871 4284/4860
f 4284/4860 4374/4871 4300/4871
f 4300/5019 4374/5019 4333/5028
f 4374/5019 4427/5028 4333/5028
f 4427/5028 4395/5034 4333/5028
f 4395/5034 4291/5034 4333/5028
f 4291/5034 4551/5041 4333/5028
f 4551/5041 4704/5054 4333/5028
f 4704/5054 4692/5052 4333/5028
f 4333/5028 4692/5052 4300/5019
f 4692/4894 4688/4889 4300/4871
f 4688/4889 4284/4860 4300/4871
f 4284/5097 4133/5085 4300/5096
f 4133/5085 4181/5090 4300/5096
f 4300/5092 4181/5093 4333/5065
f 4181/5093 4056/5038 4333/5065
f 4056/5038 3948/5022 4333/5065
f 4313/5056 4333/5065 4341/5017
f 4333/5065 3948/5022 4341/5017
f 4389/5017 4341/5017 3953/5022
f 4341/5017 3948/5022 3953/5022
f 3953/5081 3948/5081 3939/5075
f 3948/5081 3926/5075 3939/5075
f 3939/5023 3926/5023 3876/5024
f 3926/5023 3998/5079 3876/5024
f 3998/5079 3842/5051 3876/5024
f 3842/5040 3423/5016 3876/5047
f 3423/5016 3151/5003 3876/5047
f 3151/4905 3364/4923 3876/4961
f 3364/4923 3417/4936 3876/4961
f 3417/4936 3427/4937 3876/4961
f 3427/4937 3473/4951 3876/4961
f 3876/4961 3473/4951 3898/4963
f 3473/4951 3884/4966 3898/4963
f 4279/4949 4360/4920 4319/4906
f 4065/4974 4162/4953 4319/4942
f 4319/4942 4162/4953 4322/4943
f 4230/4947 4322/4943 4061/4977
f 4061/4977 4322/4943 3824/4998
f 4322/4943 4162/4953 3824/4998
f 4162/4953 4065/4974 3824/4998
f 4065/4974 4054/4976 3824/4998
f 3844/4997 3824/4998 3898/4997
f 3824/4998 4054/4976 3898/4997
f 3898/4929 4054/4903 3876/4935
f 3948/4924 3876/4935 4200/4887
f 4200/4887 3876/4935 4262/4883
f 3876/4935 4054/4903 4262/4883
f 4054/4903 4065/4902 4262/4883
f 3876/4935 3948/4924 3939/4935
f 3939/4935 3948/4924 3953/4924
f 3948/4924 4200/4887 3953/4924
f 3953/4924 4200/4887 4206/4887
f 4200/4887 4262/4883 4206/4887
f 4206/4887 4262/4883 4318/4883
f 4390/4881 4318/4883 4341/4881
f 4318/4883 4262/4883 4341/4881
f 4262/4883 4065/4902 4341/4881
f 4065/4902 4319/4877 4341/4881
f 4319/4906 4360/4920 4341/4872
f 4341/4872 4360/4920 4440/4872
f 4440/4872 4360/4920 4435/4920
f 4435/4920 4360/4920 4443/4983
f 4443/4983 4360/4920 4375/4983
f 4360/4920 4279/4949 4375/4983
f 4279/4949 4322/4964 4375/4983
f 4322/4943 4230/4947 4375/4941
f 4397/4947 4375/4941 4325/4947
f 4375/4941 4230/4947 4325/4947
f 4325/4947 4230/4947 3940/4999
f 3940/4999 4230/4947 3893/4999
f 4230/4947 4061/4977 3893/4999
f 4061/4977 3824/4998 3893/4999
f 3921/4999 3893/4999 3868/4998
f 3893/4999 3824/4998 3868/4998
f 3868/4998 3824/4998 3845/4997
f 3824/4998 3844/4997 3845/4997
f 3845/4929 3844/4929 3866/4935
f 3844/4929 3898/4929 3866/4935
f 3898/4929 3876/4935 3866/4935
f 3866/5024 3876/5024 3891/5051
f 3817/5068 3852/5068 3863/5070
f 3852/5068 3820/5070 3863/5070
f 3863/5089 3820/5089 3842/5051
f 3820/5089 3891/5051 3842/5051
f 3891/5051 3876/5024 3842/5051
f 3837/4869 3842/4882 3876/4919
f 3876/5100 3898/5067 3855/5039
f 3855/5039 3898/5067 3867/5030
f 3898/5067 3884/5033 3867/5030
f 3867/5030 3884/5033 3892/4985
f 3884/5033 3893/4986 3892/4985
f 3945/4985 3892/4985 3946/4986
f 3892/4985 3893/4986 3946/4986
f 3946/4986 3893/4986 3940/4986
f 3940/4965 3893/4965 3383/4927
f 3893/4965 3358/4927 3383/4927
f 3383/5069 3358/5069 2895/5035
f 3358/5069 2871/5035 2895/5035
f 2895/5035 2871/5035 2555/4996
f 2871/5035 2861/5035 2555/4996
f 2861/5035 2541/4996 2555/4996
f 2555/4996 2541/4996 2227/4968
f 2227/4968 2541/4996 2036/4968
f 2541/4996 2613/5005 2036/4968
f 2613/5005 2487/4989 2036/4968
f 2487/4989 2436/4982 2036/4968
f 2436/4880 1930/4907 2036/4868
f 1930/5104 1903/5103 2036/5105
f 2036/5105 1903/5103 2005/5105
f 2005/5105 1903/5103 2006/5103
f 2006/5103 1903/5103 2007/5103
f 2007/5103 1903/5103 2008/5103
f 2008/5103 1903/5103 2062/5104
f 1903/5103 2123/5104 2062/5104
f 2062/5104 2123/5104 2094/5106
f 2123/5104 1930/5104 2094/5106
f 1930/5104 1980/5106 2094/5106
f 2094/5049 1980/5049 2028/5048
f 1980/5049 2027/5048 2028/5048
f 2028/4969 2027/4969 2072/4970
f 2027/4969 1914/4969 2072/4970
f 2072/4970 1914/4969 1942/4970
f 1914/4969 2532/4993 1942/4970
f 2532/4993 2793/5021 1942/4970
f 2793/5021 2806/5021 1942/4970
f 1942/4970 2806/5021 2211/4970
f 2211/4970 2806/5021 2807/5021
f 2807/5021 2806/5021 3415/5072
f 2806/5021 3409/5072 3415/5072
f 3409/4939 3817/4938 3415/4939
f 3415/4939 3817/4938 3929/4938
f 3817/5068 4124/5094 3929/5068
f 3929/5068 4124/5094 4127/5094
f 4124/5094 4133/5102 4127/5094
f 4127/5094 4133/5102 4139/5102
f 4139/5102 4133/5102 4158/5102
f 4133/5085 4284/5097 4158/5085
f 4158/5085 4284/5097 4384/5097
f 4284/4860 4710/4889 4384/4860
f 4384/4860 4710/4889 4696/4889
f 4710/4889 5065/4925 5361/4925
f 5603/4930 5361/4925 5492/4930
f 5361/4925 5065/4925 5492/4930
f 5065/4925 4704/4898 5492/4930
f 4704/4898 4848/4911 5492/4930
f 4848/4911 4871/4914 5492/4930
f 4871/4914 5457/4940 5492/4930
f 5457/4940 5411/4940 5492/4930
f 5565/4930 5492/4930 5412/4940
f 5492/4930 5411/4940 5412/4940
f 5412/5095 5411/5095 5430/5114
f 5411/5095 5457/5095 5430/5114
f 5457/5095 5508/5114 5430/5114
f 5430/4863 5508/4863 5418/4864
f 5508/4863 5481/4864 5418/4864
f 5418/4864 5481/4864 5446/4865
f 5481/4864 5480/4864 5446/4865
f 5446/4865 5480/4864 5532/4865
f 5480/4864 5316/4866 5532/4865
f 5316/4866 4951/4870 5532/4865
f 5584/4865 5532/4865 5041/4870
f 5532/4865 4951/4870 5041/4870
f 5041/4892 4951/4892 4986/4899
f 4951/4892 4927/4899 4986/4899
f 4986/4899 4927/4899 4934/4899
f 4934/4899 4927/4899 4691/4933
f 4927/4899 4661/4933 4691/4933
f 4691/4933 4661/4933 4397/4975
f 4661/4933 4644/4933 4397/4975
f 4644/4933 4301/4975 4397/4975
f 1656/9080 1630/9074 1646/9078
f 1646/9078 1630/9074 1591/9065
f 1630/9074 1621/9068 1591/9065
f 1621/9068 1521/9063 1591/9065
f 1521/9063 1370/9054 1591/9065
f 1591/9065 1370/9054 1418/9056
f 1370/9054 1405/9054 1418/9056
f 1418/9056 1405/9054 1502/9056
f 1502/9056 1405/9054 1520/9054
f 1520/9054 1405/9054 1488/9055
f 1488/9055 1405/9054 1365/9055
f 1405/9054 1370/9054 1365/9055
f 1370/9054 1521/9063 1365/9055
f 1521/9063 1621/9068 1365/9055
f 1365/9102 1621/9092 1628/9091
f 1621/9068 1630/9074 1628/9076
f 1630/9074 1656/9080 1628/9075
f 1365/9102 1628/9091 1440/9102
f 1440/9102 1628/9091 1649/9091
f 1649/9076 1628/9076 1648/9075
f 1648/9075 1628/9075 1658/9076
f 1628/9076 1656/9080 1658/9076
f 1658/9076 1656/9080 1673/9080
f 2182/9088 1673/9080 1964/9088
f 1673/9080 1656/9080 1964/9088
f 1656/9080 1646/9078 1964/9088
f 1646/9078 2019/9087 1964/9088
f 2019/9087 2074/9087 1964/9088
f 1594/9034 1644/9041 1664/9044
f 1664/9044 1644/9041 1666/9043
f 1928/9052 1666/9043 1964/9051
f 2182/9051 1964/9051 1648/9039
f 1365/9018 1440/9018 1628/9039
f 1440/9018 1649/9039 1628/9039
f 1649/9039 1648/9039 1628/9039
f 1648/9039 1964/9051 1628/9039
f 1964/9051 1666/9043 1628/9039
f 1666/9043 1644/9041 1628/9039
f 1644/9041 1594/9034 1628/9039
f 1628/9039 1594/9034 1365/9018
f 1594/9034 1378/9019 1365/9018
f 1378/9019 1428/9019 1365/9018
f 1365/9018 1428/9019 1513/9018
f 1513/9018 1428/9019 1505/9019
f 1505/9019 1428/9019 1495/9021
f 1495/9021 1428/9019 1372/9021
f 1428/9019 1378/9019 1372/9021
f 1378/9019 1594/9034 1372/9021
f 1594/9034 1664/9044 1372/9021
f 1372/9021 1664/9044 1438/9021
f 1438/9021 1664/9044 1677/9045
f 1677/9045 1664/9045 1840/9044
f 2201/9053 1840/9044 2041/9053
f 1840/9044 1664/9044 2041/9053
f 1664/9045 1666/9043 2041/9053
f 1666/9043 1928/9052 2041/9053
f 1928/9052 1993/9052 2041/9053
f 2034/9053 2041/9053 1924/9052
f 2041/9053 1993/9052 1924/9052
f 1924/9052 1993/9052 1955/9051
f 1993/9052 1928/9052 1955/9051
f 1928/9052 1964/9051 1955/9051
f 1955/9088 1964/9088 2003/9087
f 1964/9088 2074/9087 2003/9087
f 2074/9087 2019/9087 2050/9086
f 2050/9086 2019/9087 2060/9086
f 2019/9087 1646/9078 2060/9086
f 1646/9078 1591/9065 2060/9086
f 2210/9086 2060/9086 1624/9065
f 2060/9086 1591/9065 1624/9065
f 1624/9065 1591/9065 1471/9056
f 1591/9065 1418/9056 1471/9056
f 3862/2133 3861/2132 3818/2132
f 3861/2132 3889/2069 3907/2079
f 3890/2135 3841/2138 3912/2092
f 3875/2095 3912/2092 3840/2139
f 3912/2092 3841/2138 3840/2139
f 3840/2070 3841/2070 3861/2132
f 3841/2070 3890/2070 3861/2132
f 3890/2070 3812/2132 3861/2132
f 2627/2083 2915/2074 2654/2109
f 2654/2094 2665/2114 2184/2127
f 2184/1965 2665/1975 2676/2000
f 2676/1993 2665/1966 2932/1976
f 2665/1966 2654/1946 2932/1976
f 2654/1946 2915/1940 2932/1976
f 3366/1994 2932/1976 3372/1968
f 2932/1976 2915/1940 3372/1968
f 3372/1968 2915/1940 3354/1948
f 3354/2137 2915/2107 3438/2130
f 2915/2107 2991/2104 3438/2130
f 3438/2130 2991/2104 3280/2096
f 2728/2067 3280/2037 2727/2067
f 3280/2037 2991/2057 2727/2067
f 2991/2057 2915/2074 2727/2067
f 2915/2074 2627/2083 2727/2067
f 2727/2047 2627/2068 1936/2076
f 2627/2068 2654/2094 1936/2076
f 2654/2094 2184/2127 1936/2076
f 2184/2044 1987/2049 1936/2050
f 1987/2049 2098/2049 1936/2050
f 2063/2050 1936/2050 2098/2049
f 2098/2049 1987/2049 2119/2048
f 2119/2048 1987/2049 2051/2048
f 1987/2049 2184/2044 2051/2048
f 2912/2119 2636/2086 2302/2058
f 2636/2086 2051/2053 2302/2058
f 2051/2048 2184/2044 2302/2042
f 2184/1965 2676/2000 2302/2006
f 2648/2086 2609/2086 2900/2119
f 3371/2153 2900/2115 2912/2115
f 2912/2119 2900/2119 2636/2086
f 2900/2119 2609/2086 2636/2086
f 2636/2086 2609/2086 2051/2053
f 2609/2086 2648/2086 2051/2053
f 2051/2053 2648/2086 2231/2053
f 2231/2053 2648/2086 2660/2086
f 2648/2086 2900/2119 2917/2119
f 2917/2115 2900/2115 3375/2153
f 2900/2115 3371/2153 3375/2153
f 3375/2062 3371/2062 3937/2020
f 3889/2069 3861/2132 3862/2133
f 3861/2132 3942/2132 3862/2133
f 3942/2132 3943/2133 3862/2133
f 3943/2133 3936/2133 3862/2133
f 3936/2020 3937/2020 3862/2020
f 3937/2020 3371/2062 3862/2020
f 3862/2020 3371/2062 3350/2062
f 3371/2153 2912/2115 3350/2153
f 3350/2153 2912/2115 2928/2124
f 2912/2115 2302/2052 2928/2124
f 2302/2158 2676/2126 2928/2090
f 2676/2126 2932/2091 2928/2090
f 2932/2091 3366/2061 2928/2090
f 3350/2062 2928/2090 3862/2020
f 2928/2090 3366/2061 3862/2020
f 3366/2113 3372/2082 3862/2133
f 3862/2133 3372/2082 3889/2069
f 3372/2082 3354/2055 3889/2069
f 3354/2055 3438/2040 3889/2069
f 3889/2069 3438/2040 3857/2024
f 3438/2130 3280/2096 3857/2140
f 3280/2096 3474/2110 3857/2140
f 3861/2132 3907/2079 3840/2070
f 3840/2141 3907/2152 3843/2111
f 3907/2152 3857/2100 3843/2111
f 3843/2106 3857/2112 3875/2134
f 3857/2112 3474/2131 3875/2134
f 3938/2134 3875/2134 3482/2131
f 3875/2134 3474/2131 3482/2131
f 3482/2110 3474/2110 3300/2096
f 3474/2110 3280/2096 3300/2096
f 3300/2037 3280/2037 2743/2067
f 3280/2037 2728/2067 2743/2067
f 2743/2047 2728/2047 2205/2076
f 2728/2047 2727/2047 2205/2076
f 2727/2047 1936/2076 2205/2076
f 2240/1933 1937/1920 1936/1933
f 3856/2025 3902/2025 3822/2026
f 3865/2026 3822/2026 3903/2025
f 3822/2026 3902/2025 3903/2025
f 3903/2022 3902/2022 3886/2021
f 3902/2022 3856/2022 3886/2021
f 3856/2022 3833/2021 3886/2021
f 4845/1969 4677/1958 4979/1985
f 4677/2009 4837/2001 4979/1990
f 4979/1990 4837/2001 4939/1991
f 4698/2011 4939/1991 4671/2011
f 4939/1991 4837/2001 4671/2011
f 4837/2001 4677/2009 4671/2011
f 4671/2011 4677/2009 4554/2027
f 4554/2027 4677/2009 4523/2035
f 4523/1945 4677/1958 4624/1953
f 4677/1958 4845/1969 4624/1953
f 4624/1953 4845/1969 5145/1988
f 4845/1969 4979/1985 5145/1988
f 5145/1935 4979/1929 5086/1934
f 4979/1929 4939/1917 5086/1934
f 5427/1938 5086/1934 5475/1937
f 5086/1934 4939/1917 5475/1937
f 5601/1937 5475/1937 5165/1917
f 5475/1937 4939/1917 5165/1917
f 5165/1991 4939/1991 4698/2011
f 4698/2011 4671/2011 4388/2046
f 4388/2046 4671/2011 4290/2046
f 4671/2011 4554/2027 4290/2046
f 4554/2027 4523/2035 4290/2046
f 4523/2035 4305/2045 4290/2046
f 4305/2045 4351/2045 4290/2046
f 4290/2046 4351/2045 4408/2046
f 4408/2046 4351/2045 4417/2045
f 4417/1915 4351/1915 4404/1916
f 4404/2123 4346/2122 4412/2122
f 4412/2122 4346/2122 4420/2121
f 4052/2116 3979/2156 4112/2117
f 4112/2117 3979/2156 4283/2157
f 4625/2088 4525/2108 4673/2081
f 4525/2108 4623/2085 4673/2081
f 4623/1963 4800/1952 4673/1959
f 4673/2072 4800/2066 4874/2064
f 4874/2064 4800/2066 4901/2056
f 4901/2056 4800/2066 4835/2059
f 4835/1949 4800/1952 4624/1964
f 4800/1952 4623/1963 4624/1964
f 4623/2085 4525/2108 4624/2089
f 4624/2089 4525/2108 4283/2123
f 4283/2123 4525/2108 4591/2102
f 4525/2108 4625/2088 4591/2102
f 4591/2087 4806/2073 4593/2097
f 4420/2121 4272/2120 4398/2120
f 4402/1996 4398/1995 4278/1996
f 4398/1995 4272/1995 4278/1996
f 4272/1995 4781/2012 4278/1992
f 4816/2013 4377/1996 4796/2013
f 4377/1996 4278/1996 4796/2013
f 4278/1996 4781/2012 4796/2013
f 4781/2012 4272/1995 4796/2013
f 4812/2014 4796/2013 4807/2014
f 4796/2013 4272/1995 4807/2014
f 4272/1995 4579/2007 4807/2014
f 4579/2007 4588/2008 4807/2014
f 4588/2099 4593/2097 4807/2075
f 4593/2097 4806/2073 4807/2075
f 4807/2030 4806/2032 4817/2033
f 4806/2073 4591/2087 4817/2071
f 4591/2087 4625/2078 4817/2071
f 4625/2078 4673/2072 4817/2071
f 4673/2072 4874/2064 4817/2071
f 4807/2028 4817/2033 4822/2033
f 4822/2033 4817/2033 4825/2033
f 4817/2071 4874/2064 4825/2071
f 4825/2071 4874/2064 4900/2064
f 5594/2041 4900/2064 5434/2041
f 4900/2064 4874/2064 5434/2041
f 4874/2064 4901/2056 5434/2041
f 4901/2056 4835/2059 5434/2041
f 4835/2059 5491/2034 5434/2041
f 5491/2034 5419/2034 5434/2041
f 5503/2041 5434/2041 5472/2034
f 5434/2041 5419/2034 5472/2034
f 5472/1913 5419/1913 5527/1914
f 5419/1913 5491/1913 5527/1914
f 5527/1914 5491/1913 5453/1914
f 5491/1913 4835/1949 5453/1914
f 4835/1949 4624/1964 5453/1914
f 5598/1914 5453/1914 4629/1964
f 5453/1914 4624/1964 4629/1964
f 4629/2089 4624/2089 4383/2123
f 4624/2089 4283/2123 4383/2123
f 4383/2157 4283/2157 3989/2156
f 4283/2157 3979/2156 3989/2156
f 3989/2156 3979/2156 3932/2155
f 3932/2155 3979/2156 3822/2155
f 3979/2156 4052/2116 3822/2155
f 3856/2018 3902/2018 3833/2017
f 3886/2017 3833/2017 3903/2018
f 3833/2017 3902/2018 3903/2018
f 3903/2018 3902/2018 3865/2019
f 3902/2018 3856/2018 3865/2019
f 3856/2018 3822/2019 3865/2019
f 3865/2155 3822/2155 3828/2098
f 3862/2029 3905/2029 3889/2098
f 3905/2029 3828/2098 3889/2098
f 3828/2098 3822/2155 3889/2098
f 3822/2155 4052/2116 3889/2098
f 3889/2098 4064/2063 3862/2029
f 4377/2031 3937/2029 4356/2031
f 3937/2029 3862/2029 4356/2031
f 3862/2029 4064/2063 4356/2031
f 4356/2031 4393/2093 4402/2031
f 4402/2031 4393/2093 4411/2093
f 4411/2147 4393/2149 4404/2148
f 4417/1977 4399/1977 4408/1941
f 4340/1941 4408/1941 4305/1977
f 4408/1941 4399/1977 4305/1977
f 4305/2146 4399/2144 4283/2145
f 4399/2144 4417/2143 4283/2145
f 4417/2143 4404/2142 4283/2145
f 4404/2148 4393/2149 4283/2151
f 4283/2151 4393/2149 4294/2150
f 4393/2093 4356/2031 4294/2093
f 4294/2093 4356/2031 4312/2080
f 4356/2031 4064/2063 4312/2080
f 4064/2063 3889/2098 4312/2080
f 3889/2098 4052/2116 4312/2080
f 4052/2116 4112/2117 4312/2080
f 4312/2080 4112/2117 4295/2118
f 4112/2117 4283/2157 4295/2118
f 4283/2123 4591/2102 4295/2122
f 4591/2102 4593/2101 4295/2122
f 4295/2122 4593/2101 4312/2121
f 4593/2101 4588/2103 4312/2121
f 4588/2103 4579/2105 4312/2121
f 4579/2105 4272/2120 4312/2121
f 4272/2120 4420/2121 4312/2121
f 4420/2121 4346/2122 4312/2121
f 4312/2121 4346/2122 4295/2122
f 4295/2122 4346/2122 4283/2123
f 4346/2122 4404/2123 4283/2123
f 4404/1916 4351/1915 4283/1916
f 4351/1915 4305/1915 4283/1916
f 4305/1915 4523/1945 4283/1916
f 4523/1945 4624/1953 4283/1916
f 1908/1919 1907/1919 1937/1920
f 1937/1920 1907/1919 2037/1932
f 2930/2060 2945/2060 3833/2125
f 2698/1960 2711/1962 2867/1973
f 2867/1973 2711/1962 2927/1981
f 2971/1987 2927/1981 2749/1967
f 2927/1981 2711/1962 2749/1967
f 2749/1967 2711/1962 2489/1947
f 2711/1962 2698/1960 2489/1947
f 2489/1947 2698/1960 2659/1955
f 2698/1960 2867/1973 2659/1955
f 2606/1954 2659/1955 2840/1970
f 2659/1955 2867/1973 2840/1970
f 2840/1971 2867/1974 3274/1997
f 3274/1997 2867/1974 3288/1998
f 2867/1974 2927/1982 3288/1998
f 3288/1998 2927/1982 3306/1999
f 2927/1982 2971/1989 3306/1999
f 3306/1999 2971/1989 3332/2002
f 3332/2002 2971/1989 3395/2005
f 3395/2005 2971/1989 3856/2025
f 2971/1987 3400/2004 3856/2022
f 3856/2018 3991/2038 3995/2039
f 3991/1957 4106/1943 3995/1980
f 3961/2016 4018/1978 4099/2003
f 4099/2003 4018/1978 4171/1956
f 4171/1956 4018/1978 4120/1942
f 4018/1979 3995/1980 4120/1942
f 3995/1980 4106/1943 4120/1942
f 4120/2051 4106/2054 3833/2077
f 4106/2054 3991/2084 3833/2077
f 3991/2038 3856/2018 3833/2017
f 3856/2022 3400/2004 3833/2021
f 2715/2023 2930/2060 2974/2065
f 2930/2060 3833/2125 2974/2065
f 3833/2021 3400/2004 2974/1986
f 3400/2004 2971/1987 2974/1986
f 2971/1987 2749/1967 2974/1986
f 2749/1967 2489/1947 2974/1986
f 2974/1986 2489/1947 2715/1961
f 2930/1984 2715/1961 2418/1944
f 2715/1961 2489/1947 2418/1944
f 2489/1947 2659/1955 2418/1944
f 2659/1955 2606/1954 2418/1944
f 2418/1944 2606/1954 2538/1950
f 2606/1954 2840/1970 2538/1950
f 2538/1950 2840/1970 2037/1931
f 2037/1932 2840/1971 2542/1951
f 2542/1951 2840/1971 2833/1972
f 2840/1971 3274/1997 2833/1972
f 2845/1972 2833/1972 3471/2010
f 2833/1972 3274/1997 3471/2010
f 3274/1997 3288/1998 3471/2010
f 3288/1998 3306/1999 3471/2010
f 3306/1999 3332/2002 3471/2010
f 3332/2002 3395/2005 3471/2010
f 3471/2010 3395/2005 3822/2026
f 3395/2005 3856/2025 3822/2026
f 3856/2018 3995/2039 3822/2019
f 3995/2039 4018/2043 3822/2019
f 3822/2019 4018/2043 3975/2036
f 4018/2136 3961/2129 3975/2128
f 3975/2128 3961/2129 4283/2154
f 3961/2016 4099/2003 4283/2015
f 4283/2015 4099/2003 4311/1983
f 4099/2003 4171/1956 4311/1983
f 4305/1977 4311/1983 4340/1941
f 4311/1983 4171/1956 4340/1941
f 4171/1956 4120/1942 4340/1941
f 4388/1941 4340/1941 4135/1942
f 4340/1941 4120/1942 4135/1942
f 4135/2051 4120/2051 3934/2077
f 4120/2051 3833/2077 3934/2077
f 3934/2125 3833/2125 2958/2060
f 3833/2125 2945/2060 2958/2060
f 2958/1984 2945/1984 2428/1944
f 2945/1984 2930/1984 2428/1944
f 2930/1984 2418/1944 2428/1944
f 2428/1944 2418/1944 2217/1930
f 2217/1930 2418/1944 1968/1930
f 2418/1944 2538/1950 1968/1930
f 2538/1950 2037/1931 1968/1930
f 2037/1931 1907/1918 1968/1930
f 1907/1918 1908/1918 1968/1930
f 1968/1930 1908/1918 2087/1930
f 2087/1930 1908/1918 2115/1918
f 2115/1919 1908/1919 2064/1920
f 1908/1919 1937/1920 2064/1920
f 2064/1920 1937/1920 1938/1920
f 1938/1920 1937/1920 1951/1920
f 1950/1933 1951/1920 1936/1933
f 1951/1920 1937/1920 1936/1933
f 1937/1920 2037/1932 1936/1933
f 2037/1932 2542/1951 1936/1933
f 2542/1951 2833/1972 1936/1933
f 2833/1972 2845/1972 1936/1933
f 1936/1933 2845/1972 2240/1933
f 2240/1933 2845/1972 2853/1972
f 2853/1972 2845/1972 3476/2010
f 2845/1972 3471/2010 3476/2010
f 3471/2010 3822/2026 3476/2010
f 3476/2010 3822/2026 3932/2026
f 3822/2019 3975/2036 3932/2019
f 3932/2019 3975/2036 3980/2036
f 3975/2128 4283/2154 3980/2128
f 3980/2128 4283/2154 4383/2154
f 4283/1916 4624/1953 4383/1916
f 4383/1916 4624/1953 4629/1953
f 4624/1953 5145/1988 4629/1953
f 4629/1953 5145/1988 5527/1988
f 5527/1939 5145/1935 5453/1939
f 5145/1936 5086/1934 5453/1939
f 5086/1934 5427/1938 5453/1939
f 5427/1938 5428/1938 5453/1939
f 5527/1939 5453/1939 5497/1938
f 5453/1939 5428/1938 5497/1938
f 5497/1938 5428/1938 5550/1937
f 5428/1938 5427/1938 5550/1937
f 5427/1938 5475/1937 5550/1937
f 6780/5330 6738/5330 6751/5335
f 7316/5307 7475/5345 7505/5359
f 6356/5446 6350/5446 6761/5400
f 6751/5335 6685/5336 6741/5336
f 7434/5165 7430/5168 7349/5207
f 7349/5207 7430/5168 7420/5169
f 7383/5256 7388/5258 7479/5277
f 7479/5277 7388/5258 7489/5281
f 7388/5258 7420/5270 7489/5281
f 7489/5281 7420/5270 7595/5302
f 7420/5270 7430/5272 7595/5302
f 7430/5272 7434/5273 7595/5302
f 7595/5302 7434/5273 7620/5305
f 7620/5493 7636/5456 7700/5490
f 7784/5451 7700/5490 7696/5412
f 7700/5490 7636/5456 7696/5412
f 7688/5412 7696/5412 7496/5419
f 7696/5412 7636/5456 7496/5419
f 7636/5456 7620/5493 7496/5419
f 7620/5129 7434/5152 7496/5202
f 7434/5165 7349/5207 7496/5149
f 7496/5149 7349/5207 7316/5213
f 7349/5207 7420/5169 7316/5213
f 7420/5169 7388/5177 7316/5213
f 7388/5177 7383/5180 7316/5213
f 7316/5418 6909/5377 6808/5417
f 6741/5336 6808/5324 6793/5326
f 6808/5324 6909/5301 6793/5326
f 6793/5326 6909/5301 6911/5300
f 6909/5377 7316/5418 6911/5315
f 6914/5472 6911/5471 7249/5495
f 6911/5315 7316/5418 7249/5316
f 7249/5467 7316/5468 7362/5450
f 7316/5468 7383/5432 7362/5450
f 7383/5256 7479/5277 7362/5239
f 7362/5374 7479/5411 7402/5385
f 7402/5385 7479/5411 7644/5439
f 7479/5411 7489/5414 7644/5439
f 7644/5439 7489/5414 7653/5441
f 7653/5441 7489/5414 7670/5447
f 7489/5478 7595/5489 7670/5508
f 7595/5426 7677/5452 7670/5447
f 7670/5447 7677/5452 7772/5475
f 7772/5475 7677/5452 7725/5466
f 7677/5452 7595/5426 7725/5466
f 7595/5426 7620/5428 7725/5466
f 7725/5466 7620/5428 7735/5469
f 7620/5428 7700/5457 7735/5469
f 7735/5469 7700/5457 7779/5479
f 7779/5479 7700/5457 8000/5498
f 7700/5490 7784/5451 8000/5486
f 7968/5486 8000/5486 8018/5407
f 8000/5486 7784/5451 8018/5407
f 7784/5451 7696/5412 8018/5407
f 7696/5412 7688/5412 8018/5407
f 8018/5407 7688/5412 7970/5407
f 7970/5407 7688/5412 7681/5412
f 7681/5412 7688/5412 7482/5419
f 7688/5412 7496/5419 7482/5419
f 7496/5149 7316/5213 7482/5149
f 7482/5149 7316/5213 7111/5213
f 7316/5418 6808/5417 7111/5418
f 7111/5418 6808/5417 6754/5417
f 6652/5331 6754/5324 6756/5331
f 6754/5324 6808/5324 6756/5331
f 6808/5324 6741/5336 6756/5331
f 6741/5336 6685/5336 6756/5331
f 6748/5362 6794/5368 6756/5364
f 6794/5368 6798/5373 6756/5364
f 6652/5373 6756/5364 6720/5373
f 6756/5364 6798/5373 6720/5373
f 6720/5373 6798/5373 6863/5404
f 6798/5373 6892/5404 6863/5404
f 6863/5404 6892/5404 7111/5431
f 7979/5147 8018/5144 8003/5147
f 8003/5147 8018/5144 7978/5151
f 7404/5252 7423/5251 7580/5306
f 7423/5261 7553/5227 7580/5224
f 7580/5224 7553/5227 7718/5189
f 7718/5189 7553/5227 7931/5155
f 7931/5250 7553/5206 7535/5205
f 7535/5205 7553/5206 7269/5132
f 7553/5206 7423/5174 7269/5132
f 7423/5174 7404/5172 7269/5132
f 7318/5363 7269/5284 7263/5363
f 7263/5363 7269/5284 7389/5349
f 7269/5284 7404/5311 7389/5349
f 7404/5252 7580/5306 7389/5276
f 7389/5276 7580/5306 7496/5355
f 7496/5235 7580/5224 7716/5185
f 7716/5185 7580/5224 7720/5183
f 7720/5183 7580/5224 7989/5153
f 7580/5224 7718/5189 7989/5153
f 7718/5189 7931/5155 7989/5153
f 7978/5151 7989/5153 7907/5154
f 7989/5153 7931/5155 7907/5154
f 7907/5154 7931/5155 7820/5158
f 7931/5250 7535/5205 7820/5245
f 7535/5205 7536/5204 7820/5245
f 7820/5245 7536/5204 7523/5204
f 7523/5204 7536/5204 7226/5157
f 7536/5204 7535/5205 7226/5157
f 7535/5205 7269/5132 7226/5128
f 7272/5157 7226/5157 7324/5132
f 7226/5157 7269/5132 7324/5132
f 7324/5284 7269/5284 7319/5363
f 7269/5284 7318/5363 7319/5363
f 7319/5254 7318/5254 7253/5307
f 7318/5254 7263/5254 7253/5307
f 7311/5341 7310/5341 7239/5337
f 7300/5337 7239/5337 7249/5341
f 7239/5337 7310/5341 7249/5341
f 7249/5467 7310/5467 7316/5468
f 7310/5467 7311/5467 7316/5468
f 7311/5467 7253/5468 7316/5468
f 7253/5307 7263/5254 7316/5307
f 7263/5254 7389/5276 7316/5307
f 7389/5276 7496/5355 7316/5307
f 7316/5307 7496/5355 7475/5345
f 7475/5345 7496/5358 7505/5359
f 7505/5257 7496/5262 7986/5193
f 7496/5235 7716/5185 7986/5150
f 7716/5185 7720/5183 7986/5150
f 7505/5257 7986/5193 8001/5191
f 7986/5150 7720/5183 8001/5146
f 7720/5183 7989/5153 8001/5146
f 7989/5153 7978/5151 8001/5146
f 7978/5151 8018/5144 8001/5146
f 8018/5144 7970/5144 8001/5146
f 7970/5144 7920/5146 8001/5146
f 8001/5191 7920/5191 7505/5257
f 7920/5191 7482/5257 7505/5257
f 7505/5359 7482/5359 7316/5307
f 7482/5359 7111/5307 7316/5307
f 7111/5431 6892/5404 7316/5431
f 7268/5430 7221/5430 7316/5431
f 7310/5297 7301/5298 7250/5297
f 7316/5293 7250/5297 7249/5294
f 7249/5294 7250/5297 7300/5295
f 7250/5297 7301/5298 7300/5295
f 7300/5295 7301/5298 7313/5295
f 7313/5295 7301/5298 7245/5298
f 7245/5298 7301/5298 7302/5298
f 7302/5298 7301/5298 7284/5298
f 7284/5298 7301/5298 7311/5297
f 7301/5298 7310/5297 7311/5297
f 7311/5297 7310/5297 7253/5293
f 7310/5297 7250/5297 7253/5293
f 7250/5297 7316/5293 7253/5293
f 7253/5431 7316/5431 7321/5430
f 7316/5431 7221/5430 7321/5430
f 7321/5125 7221/5125 7272/5126
f 7221/5125 7268/5125 7272/5126
f 7272/5126 7268/5125 7226/5126
f 7226/5126 7268/5125 6942/5140
f 7268/5430 7316/5431 6942/5415
f 7316/5431 6892/5404 6942/5415
f 6942/5415 6892/5404 6902/5403
f 6892/5404 6798/5373 6902/5403
f 6902/5403 6798/5373 6842/5383
f 6842/5383 6798/5373 6841/5382
f 6798/5373 6794/5368 6841/5382
f 6841/5176 6794/5188 6886/5164
f 6886/5164 6794/5188 6761/5194
f 6794/5188 6748/5192 6761/5194
f 6748/5192 6705/5192 6761/5194
f 6677/5194 6761/5194 6658/5192
f 6761/5194 6705/5192 6658/5192
f 6658/5362 6705/5362 6641/5364
f 6705/5362 6748/5362 6641/5364
f 6748/5362 6756/5364 6641/5364
f 6756/5331 6685/5336 6641/5331
f 6649/5336 6685/5336 6637/5335
f 6685/5336 6751/5335 6637/5335
f 6637/5335 6751/5335 6648/5335
f 6648/5335 6751/5335 6753/5335
f 6753/5330 6751/5335 6780/5330
f 6751/5335 6741/5336 6780/5330
f 6741/5336 6793/5326 6780/5330
f 6793/5326 6911/5300 6780/5330
f 6911/5300 6914/5299 6780/5330
f 6712/5433 6780/5433 7033/5496
f 7301/5298 7033/5298 7300/5295
f 7033/5496 6780/5433 7300/5496
f 6780/5433 6914/5472 7300/5496
f 6914/5472 7249/5495 7300/5496
f 7249/5341 7362/5374 7300/5337
f 7362/5374 7402/5385 7300/5337
f 7079/5337 7300/5337 7386/5385
f 7300/5337 7402/5385 7386/5385
f 7386/5385 7402/5385 7710/5470
f 8012/5497 7960/5497 7739/5470
f 7960/5497 7710/5470 7739/5470
f 7710/5470 7402/5385 7739/5470
f 7402/5385 7644/5439 7739/5470
f 7644/5439 7653/5441 7739/5470
f 7653/5441 7670/5447 7739/5470
f 7670/5447 7772/5475 7739/5470
f 7739/5470 7772/5475 8012/5497
f 7772/5475 7725/5466 8012/5497
f 7725/5466 7735/5469 8012/5497
f 7735/5469 7779/5479 8012/5497
f 7779/5479 8000/5498 8012/5497
f 8000/5498 7968/5498 8012/5497
f 8012/5497 7968/5498 7916/5497
f 7916/5497 7968/5498 7897/5498
f 7897/5486 7968/5486 7871/5407
f 7968/5486 8018/5407 7871/5407
f 8018/5144 7979/5147 7871/5144
f 7871/5144 7979/5147 7904/5147
f 7904/5147 7979/5147 7880/5145
f 7880/5145 7979/5147 7991/5145
f 7979/5147 8003/5147 7991/5145
f 8003/5147 7978/5151 7991/5145
f 7978/5151 7907/5154 7991/5145
f 7991/5145 7907/5154 7928/5145
f 7928/5145 7907/5154 7852/5154
f 7852/5154 7907/5154 7835/5154
f 7907/5154 7820/5158 7835/5154
f 7835/5154 7820/5158 7798/5158
f 7820/5245 7523/5204 7798/5245
f 7798/5245 7523/5204 7519/5204
f 7519/5204 7523/5204 7039/5157
f 7523/5204 7226/5157 7039/5157
f 6885/5161 7039/5126 6908/5161
f 7039/5126 7226/5126 6908/5161
f 7226/5126 6942/5140 6908/5161
f 6903/5161 6908/5161 6894/5163
f 6908/5161 6942/5140 6894/5163
f 6942/5140 6902/5162 6894/5163
f 6902/5162 6842/5175 6894/5163
f 6842/5175 6841/5176 6894/5163
f 6841/5176 6886/5164 6894/5163
f 6886/5164 6761/5194 6894/5163
f 6904/5163 6894/5163 6885/5161
f 6885/5163 6894/5163 6875/5163
f 6894/5163 6761/5194 6875/5163
f 6875/5163 6761/5194 6661/5194
f 6761/5400 6350/5446 6661/5400
f 6661/5400 6350/5446 6323/5446
f 6323/5199 6350/5199 6022/5237
f 6022/5237 6350/5199 6059/5237
f 6350/5199 6356/5199 6059/5237
f 6155/5167 6039/5127 6020/5138
f 6020/5291 6039/5292 5754/5278
f 6039/5292 5622/5264 5754/5278
f 5622/5264 5631/5266 5754/5278
f 5754/5278 5631/5266 5653/5269
f 5631/5133 5612/5137 5653/5130
f 5653/5130 5612/5137 5549/5142
f 5549/5142 5612/5137 5470/5141
f 5612/5137 5631/5133 5470/5141
f 5631/5133 5622/5134 5470/5141
f 5470/5141 5622/5134 5592/5141
f 5592/5141 5622/5134 5641/5134
f 5622/5264 6039/5292 5641/5264
f 5641/5264 6039/5292 6049/5292
f 6049/5127 6039/5127 6265/5179
f 6756/5242 6652/5242 6607/5231
f 6652/5242 6578/5231 6607/5231
f 6607/5231 6578/5231 6280/5179
f 6578/5231 6265/5179 6280/5179
f 6265/5179 6039/5127 6280/5179
f 6039/5127 6155/5167 6280/5179
f 6155/5167 6331/5197 6280/5179
f 6331/5197 6453/5215 6280/5179
f 6280/5179 6453/5215 6607/5231
f 6607/5322 6512/5286 6280/5260
f 6158/5473 6132/5477 6064/5484
f 6064/5484 6132/5477 6039/5487
f 5638/5380 5685/5378 5723/5375
f 5723/5375 5685/5378 5848/5360
f 5685/5378 6039/5340 5848/5360
f 5848/5360 6039/5340 6010/5339
f 6039/5214 6132/5226 6010/5203
f 6137/5376 6010/5387 6287/5321
f 6010/5203 6132/5226 6287/5240
f 6132/5226 6158/5228 6287/5240
f 6287/5240 6158/5228 6280/5260
f 6158/5228 6064/5217 6280/5260
f 6064/5484 6039/5487 6280/5461
f 6756/5329 6607/5322 6652/5329
f 6652/5329 6607/5322 6578/5322
f 6607/5322 6280/5260 6578/5322
f 6578/5322 6280/5260 6265/5260
f 6280/5461 6039/5487 6265/5461
f 6265/5461 6039/5487 6049/5487
f 6049/5340 6039/5340 5714/5378
f 6039/5340 5685/5378 5714/5378
f 5714/5378 5685/5378 5592/5392
f 5592/5392 5685/5378 5470/5392
f 5685/5378 5638/5380 5470/5392
f 5459/5391 5470/5392 5529/5391
f 5529/5391 5470/5392 5591/5388
f 5470/5392 5638/5380 5591/5388
f 5591/5388 5638/5380 5604/5386
f 5604/5386 5638/5380 5735/5372
f 5638/5380 5723/5375 5735/5372
f 5723/5375 5848/5360 5735/5372
f 5735/5372 5848/5360 6034/5338
f 5848/5360 6010/5339 6034/5338
f 6010/5387 6137/5376 6034/5406
f 6263/5346 6034/5406 6278/5346
f 6034/5406 6137/5376 6278/5346
f 6137/5376 6287/5321 6278/5346
f 6278/5346 6287/5321 6417/5309
f 6417/5309 6287/5321 6436/5308
f 6436/5308 6287/5321 6428/5296
f 6287/5240 6280/5260 6428/5265
f 6280/5260 6512/5286 6428/5265
f 6428/5265 6512/5286 6584/5289
f 6512/5286 6607/5322 6584/5289
f 6685/5312 6766/5312 6756/5329
f 6766/5312 6623/5303 6756/5329
f 6623/5303 6584/5289 6756/5329
f 6584/5289 6607/5322 6756/5329
f 6705/5249 6756/5242 6767/5249
f 6756/5242 6607/5231 6767/5249
f 6767/5249 6607/5231 6676/5243
f 6607/5231 6453/5215 6676/5243
f 6453/5215 6331/5200 6676/5243
f 6676/5243 6331/5200 6505/5229
f 6505/5399 6331/5394 6368/5444
f 6368/5444 6331/5394 6172/5442
f 6331/5398 6155/5420 6172/5443
f 6172/5434 6155/5476 6059/5393
f 6062/5236 6059/5237 6044/5236
f 6059/5448 6155/5460 6044/5445
f 6155/5480 6020/5499 6044/5500
f 6020/5291 5754/5278 6044/5290
f 5754/5278 5653/5269 6044/5290
f 6057/5290 6044/5290 5663/5269
f 6044/5290 5653/5269 5663/5269
f 5663/5130 5653/5130 5596/5143
f 5596/5143 5653/5130 5494/5143
f 5653/5130 5549/5142 5494/5143
f 5549/5142 5476/5142 5494/5143
f 5553/5143 5494/5143 5477/5142
f 5494/5143 5476/5142 5477/5142
f 5477/5142 5476/5142 5533/5141
f 5476/5142 5549/5142 5533/5141
f 5549/5142 5470/5141 5533/5141
f 5533/5392 5470/5392 5459/5391
f 5459/5391 5529/5391 5512/5390
f 5512/5390 5529/5391 5451/5390
f 5529/5391 5591/5388 5451/5390
f 5591/5388 5604/5386 5451/5390
f 5451/5390 5604/5386 5586/5390
f 5586/5390 5604/5386 5621/5386
f 5604/5386 5735/5372 5621/5386
f 5735/5372 6034/5338 5772/5372
f 5772/5372 6034/5338 6027/5338
f 6034/5406 6263/5346 6027/5406
f 6027/5406 6263/5346 6523/5287
f 6263/5346 6278/5346 6523/5287
f 6556/5287 6539/5285 6545/5287
f 6539/5287 6523/5287 6545/5287
f 6523/5287 6278/5346 6545/5287
f 6278/5346 6417/5309 6545/5287
f 6417/5309 6436/5308 6545/5287
f 6538/5285 6545/5287 6563/5285
f 6545/5287 6436/5308 6563/5285
f 6436/5308 6428/5296 6563/5285
f 6428/5296 6584/5268 6563/5285
f 6584/5268 6623/5259 6563/5285
f 6623/5259 6766/5244 6563/5285
f 6539/5285 6563/5285 6682/5271
f 6682/5271 6563/5285 6780/5271
f 6563/5285 6766/5244 6780/5271
f 6766/5244 6685/5244 6780/5271
f 6780/5271 6685/5244 6668/5271
f 6685/5312 6756/5329 6672/5329
f 6756/5242 6705/5249 6672/5242
f 6672/5242 6705/5249 6658/5249
f 6658/5453 6705/5453 6677/5454
f 6677/5454 6705/5453 6761/5454
f 6705/5453 6767/5453 6761/5454
f 6767/5453 6676/5458 6761/5454
f 6676/5458 6505/5482 6761/5454
f 6505/5399 6368/5444 6761/5400
f 6761/5400 6368/5444 6356/5446
f 6356/5199 6368/5196 6059/5237
f 6059/5237 6368/5196 6062/5236
f 6368/5196 6172/5195 6062/5236
f 6172/5198 6059/5237 6062/5236
f 7554/3836 7530/3836 7154/3860
f 6989/3860 7154/3860 7514/3836
f 7154/3860 7530/3836 7514/3836
f 7514/3836 7530/3836 7883/3822
f 7530/3836 7554/3836 7883/3822
f 7554/3836 7954/3822 7883/3822
f 7093/3885 7160/3919 7049/3883
f 7160/3919 7093/3885 7088/3901
f 7088/3936 7165/3939 7155/3937
f 7154/3946 7155/3945 7170/3946
f 7170/3946 7155/3945 7077/3945
f 7077/3945 7155/3945 7156/3945
f 7156/3945 7155/3945 7138/3945
f 7138/3941 7155/3937 7166/3940
f 7155/3937 7165/3939 7166/3940
f 7166/3855 7165/3855 7094/3897
f 7165/3855 7088/3855 7094/3897
f 7094/3897 7088/3855 7179/3897
f 7088/3855 7093/3862 7179/3897
f 7558/3805 7532/3805 7179/3762
f 7001/3762 7179/3762 7515/3805
f 7179/3762 7532/3805 7515/3805
f 7515/3890 7532/3890 7894/3846
f 7532/3890 7558/3890 7894/3846
f 7894/3846 7558/3890 7963/3846
f 7963/3846 7558/3890 7667/3879
f 7558/3890 7395/3917 7667/3879
f 7827/3914 7900/3951 7848/3951
f 7848/3817 7900/3817 7833/3825
f 7833/3825 7900/3817 7922/3825
f 7541/3929 7408/3922 7564/3930
f 7408/3922 7409/3926 7564/3930
f 7471/3931 7565/3932 7399/3928
f 7565/3932 7564/3930 7399/3928
f 7564/3930 7409/3926 7399/3928
f 7399/3834 7409/3843 7179/3821
f 7409/3843 7408/3857 7179/3821
f 7179/3821 7408/3857 7151/3837
f 7148/3891 7151/3910 7072/3891
f 7151/3910 7408/3922 7072/3891
f 7408/3922 7541/3929 7072/3891
f 7072/3891 7541/3929 7401/3911
f 7401/3911 7541/3929 7554/3923
f 7554/3923 7541/3929 7708/3944
f 7541/3929 7564/3930 7708/3944
f 7564/3930 7565/3932 7708/3944
f 7708/3944 7565/3932 7712/3953
f 7749/3808 7712/3812 7662/3818
f 7712/3953 7565/3932 7662/3952
f 7662/3952 7565/3932 7492/3938
f 7565/3932 7471/3931 7492/3938
f 7492/3861 7471/3867 7395/3884
f 7471/3867 7399/3882 7395/3884
f 7399/3882 7179/3907 7395/3884
f 7448/3785 7395/3782 7192/3761
f 7395/3782 7179/3762 7192/3761
f 7512/3859 7862/3826 7527/3859
f 7862/3826 7701/3844 7527/3859
f 7701/3815 7526/3800 7527/3799
f 7527/3799 7526/3800 7398/3780
f 7398/3780 7526/3800 7194/3760
f 7526/3800 7392/3781 7194/3760
f 7194/3760 7392/3781 7192/3761
f 7192/3761 7392/3781 7403/3784
f 7403/3784 7392/3781 7562/3803
f 7392/3781 7526/3800 7562/3803
f 7562/3863 7526/3866 7704/3841
f 7526/3866 7701/3844 7704/3841
f 7704/3841 7701/3844 7922/3825
f 7701/3844 7862/3826 7922/3825
f 7922/3825 7862/3826 7860/3825
f 7860/3825 7862/3826 7800/3826
f 7862/3826 7512/3859 7800/3826
f 6965/3759 7512/3799 7058/3759
f 7512/3799 7527/3799 7058/3759
f 7527/3799 7398/3780 7058/3759
f 7398/3780 7194/3760 7058/3759
f 7194/3760 7120/3760 7058/3759
f 7124/3759 7058/3759 7121/3760
f 7058/3759 7120/3760 7121/3760
f 7121/3760 7120/3760 7053/3761
f 7120/3760 7194/3760 7053/3761
f 7194/3760 7192/3761 7053/3761
f 7053/3761 7192/3761 7094/3762
f 7192/3761 7179/3762 7094/3762
f 7094/3821 7179/3821 7204/3837
f 7179/3821 7151/3837 7204/3837
f 7204/3910 7151/3910 7149/3891
f 7151/3910 7148/3891 7149/3891
f 7149/3891 7148/3891 7069/3878
f 7148/3891 7072/3891 7069/3878
f 7069/3878 7072/3891 7154/3878
f 7072/3891 7401/3911 7154/3878
f 7401/3911 7554/3923 7154/3878
f 7554/3838 7708/3839 7954/3822
f 7708/3839 7712/3845 7954/3822
f 7712/3845 7749/3842 7954/3822
f 7827/3793 7842/3790 7892/3790
f 7842/3790 7855/3792 7892/3790
f 7855/3792 7954/3792 7892/3790
f 7892/3790 7954/3792 7939/3790
f 7954/3792 7749/3808 7939/3790
f 7749/3808 7662/3818 7939/3790
f 7939/3790 7662/3818 7741/3809
f 7741/3809 7662/3818 7667/3819
f 7662/3870 7492/3904 7667/3916
f 7492/3861 7395/3884 7667/3849
f 7395/3782 7448/3785 7667/3811
f 7667/3811 7448/3785 7567/3804
f 7448/3785 7192/3761 7567/3804
f 7192/3761 7403/3784 7567/3804
f 7403/3784 7562/3803 7567/3804
f 7567/3804 7562/3803 7711/3816
f 7711/3835 7562/3863 7947/3817
f 7562/3863 7704/3841 7947/3817
f 7704/3841 7922/3820 7947/3817
f 7922/3825 7900/3817 7947/3817
f 7947/3951 7900/3951 7963/3914
f 7900/3951 7827/3914 7963/3914
f 7827/3793 7892/3790 7963/3793
f 7892/3790 7939/3790 7963/3793
f 7939/3790 7741/3809 7963/3793
f 7741/3809 7667/3819 7963/3793
f 7667/3927 7567/3943 7963/3914
f 7567/3943 7711/3947 7963/3914
f 7185/3765 7180/3764 7115/3765
f 6983/3908 6891/3924 6949/3913
f 6949/3913 6891/3924 6703/3935
f 5639/3886 5616/3880 5705/3889
f 5705/3889 5616/3880 5595/3877
f 5616/3880 5537/3876 5595/3877
f 5595/3877 5537/3876 5390/3873
f 5390/3873 5537/3876 5246/3874
f 5537/3876 5616/3880 5246/3874
f 5616/3880 5639/3886 5246/3874
f 5246/3874 5639/3886 5524/3874
f 5524/3874 5639/3886 5667/3886
f 7180/3764 6963/3764 7179/3767
f 7179/3905 6963/3905 6699/3933
f 6963/3905 6597/3933 6699/3933
f 6699/3853 6597/3853 6500/3830
f 6597/3853 6452/3830 6500/3830
f 6500/3830 6452/3830 6410/3827
f 6452/3830 6387/3827 6410/3827
f 6410/3827 6387/3827 6110/3810
f 6387/3827 6095/3810 6110/3810
f 6110/3798 6095/3798 5990/3787
f 6095/3798 6000/3787 5990/3787
f 6000/3898 5667/3886 5990/3898
f 5667/3886 5639/3886 5990/3898
f 5639/3886 5705/3889 5990/3898
f 5705/3889 5968/3900 5990/3898
f 6514/3832 6410/3827 6459/3829
f 6459/3829 6410/3827 6458/3828
f 6410/3827 6301/3823 6458/3828
f 6386/3824 6458/3828 6194/3813
f 6458/3828 6301/3823 6194/3813
f 6194/3813 6301/3823 6110/3810
f 6301/3823 6410/3827 6110/3810
f 6410/3893 6293/3909 6110/3925
f 7558/3805 7179/3762 7395/3782
f 7395/3884 7645/3849 7667/3849
f 7667/3819 7645/3819 7963/3793
f 7963/3793 7645/3819 7894/3793
f 7894/3793 7645/3819 7640/3819
f 7640/3849 7645/3849 7371/3884
f 7645/3849 7395/3884 7371/3884
f 7395/3884 7179/3907 7371/3884
f 7371/3884 7179/3907 7001/3907
f 7179/3856 6699/3854 7001/3856
f 7001/3856 6699/3854 6597/3854
f 6699/3864 6500/3887 6597/3864
f 6597/3864 6500/3887 6452/3887
f 6500/3887 6410/3893 6452/3887
f 6452/3887 6410/3893 6387/3893
f 6410/3893 6110/3925 6387/3893
f 6387/3893 6110/3925 6095/3925
f 6110/3775 5990/3783 6095/3775
f 6095/3775 5990/3783 6000/3783
f 6000/3852 5990/3852 5589/3865
f 5990/3852 5463/3865 5589/3865
f 5589/3954 5463/3954 5576/3954
f 5576/3954 5463/3954 5449/3948
f 5449/3948 5463/3954 5246/3948
f 5215/3949 5246/3948 5357/3949
f 5246/3948 5463/3954 5357/3949
f 5357/3868 5463/3865 5710/3858
f 5463/3865 5990/3852 5710/3858
f 5990/3852 5966/3851 5710/3858
f 5710/3858 5966/3851 5984/3850
f 5984/3789 5966/3786 6117/3777
f 5966/3786 5990/3783 6117/3777
f 5990/3783 6110/3775 6117/3777
f 6117/3777 6110/3775 6182/3772
f 6110/3925 6293/3909 6182/3921
f 6182/3921 6293/3909 6334/3903
f 6293/3909 6410/3893 6334/3903
f 6290/3906 6404/3894 6434/3892
f 6434/3892 6404/3894 6576/3881
f 6576/3881 6404/3894 6500/3888
f 6404/3894 6395/3895 6500/3887
f 6395/3895 6334/3903 6500/3887
f 6334/3903 6410/3893 6500/3887
f 6410/3827 6514/3832 6500/3830
f 6500/3830 6514/3832 6579/3840
f 6579/3840 6514/3832 6703/3847
f 6703/3847 6514/3832 6566/3833
f 6514/3832 6459/3829 6566/3833
f 6459/3829 6458/3828 6566/3833
f 6566/3833 6458/3828 6551/3831
f 6458/3828 6386/3824 6551/3831
f 6266/3814 6551/3831 6282/3814
f 6551/3831 6386/3824 6282/3814
f 6386/3824 6194/3813 6282/3814
f 6282/3814 6194/3813 6101/3807
f 6101/3807 6194/3813 6083/3801
f 6194/3813 6110/3810 6083/3801
f 6083/3795 6110/3798 6074/3794
f 6110/3798 5990/3787 6074/3794
f 5990/3787 5968/3788 6074/3794
f 6074/3776 5968/3778 5995/3779
f 5968/3900 5705/3889 5995/3899
f 5705/3889 5595/3877 5995/3899
f 6002/3899 5995/3899 5607/3877
f 5995/3899 5595/3877 5607/3877
f 5607/3877 5595/3877 5539/3872
f 5539/3872 5595/3877 5303/3872
f 5595/3877 5390/3873 5303/3872
f 5390/3873 5265/3873 5303/3872
f 5398/3872 5303/3872 5266/3873
f 5303/3872 5265/3873 5266/3873
f 5266/3873 5265/3873 5369/3874
f 5265/3873 5390/3873 5369/3874
f 5390/3873 5246/3874 5369/3874
f 5369/3948 5246/3948 5215/3949
f 5215/3949 5357/3949 5337/3950
f 5337/3950 5357/3949 5203/3950
f 5357/3868 5710/3858 5203/3869
f 5710/3858 5984/3850 5203/3869
f 5203/3869 5984/3850 5501/3869
f 5501/3869 5984/3850 5978/3850
f 5978/3789 5984/3789 6212/3770
f 6237/3770 6224/3770 6230/3770
f 6224/3770 6212/3770 6230/3770
f 6212/3770 5984/3789 6230/3770
f 5984/3789 6117/3777 6230/3770
f 6236/3769 6230/3770 6256/3769
f 6230/3770 6117/3777 6256/3769
f 6117/3777 6182/3772 6256/3769
f 6182/3915 6334/3902 6256/3912
f 6334/3902 6395/3895 6256/3912
f 6395/3895 6404/3894 6256/3912
f 6404/3894 6290/3906 6256/3912
f 6237/3912 6256/3912 6254/3906
f 6256/3912 6290/3906 6254/3906
f 6254/3906 6290/3906 6630/3875
f 6630/3875 6290/3906 6732/3875
f 6290/3906 6434/3892 6732/3875
f 6434/3892 6576/3881 6732/3875
f 6576/3763 6714/3773 6732/3774
f 6714/3773 6633/3773 6732/3774
f 6732/3774 6633/3773 6609/3774
f 6618/3853 6654/3848 6600/3848
f 6600/3848 6654/3848 6624/3847
f 6624/3847 6654/3848 6703/3847
f 6703/3847 6654/3848 6722/3848
f 6722/3848 6654/3848 6699/3853
f 6654/3848 6618/3853 6699/3853
f 6618/3864 6633/3871 6699/3864
f 6633/3871 6714/3871 6699/3864
f 6714/3871 6576/3881 6699/3864
f 6576/3881 6500/3887 6699/3864
f 6699/3853 6500/3830 6722/3848
f 6500/3830 6579/3840 6722/3848
f 6579/3840 6703/3847 6722/3848
f 6703/3935 6891/3924 6722/3934
f 6722/3934 6891/3924 6699/3933
f 6684/3896 6633/3896 6699/3854
f 6699/3933 6654/3934 6722/3934
f 6722/3934 6654/3934 6703/3935
f 6703/3935 6654/3934 6624/3935
f 6624/3935 6654/3934 6600/3934
f 6600/3934 6654/3934 6618/3933
f 6654/3934 6699/3933 6618/3933
f 6618/3854 6699/3854 6596/3896
f 6699/3854 6633/3896 6596/3896
f 6633/3896 6684/3896 6594/3942
f 6594/3942 6684/3896 6693/3942
f 6684/3896 6897/3918 6693/3942
f 6897/3918 7159/3920 6693/3942
f 6630/3942 6693/3942 6960/3945
f 7155/3945 6960/3945 7154/3946
f 6960/3945 6693/3942 7154/3946
f 6693/3942 7159/3920 7154/3946
f 7155/3945 7154/3946 7160/3919
f 7154/3946 7159/3920 7160/3919
f 7160/3919 7159/3920 7049/3883
f 7159/3920 6897/3918 7049/3883
f 6897/3918 6684/3896 7049/3883
f 6684/3896 6699/3854 7049/3883
f 7049/3883 6699/3854 7179/3856
f 6699/3933 6891/3924 7179/3905
f 6891/3924 6983/3908 7179/3905
f 6983/3768 7115/3765 7179/3767
f 7115/3765 7180/3764 7179/3767
f 7179/3767 7180/3764 7188/3767
f 7188/3767 7180/3764 7189/3764
f 7189/3764 7180/3764 7181/3764
f 7181/3764 7180/3764 7171/3764
f 7171/3764 7180/3764 7103/3765
f 7180/3764 7185/3765 7103/3765
f 7185/3765 7115/3765 7056/3766
f 7056/3766 7115/3765 7196/3766
f 7115/3765 6983/3768 7196/3766
f 6983/3768 6949/3771 7196/3766
f 7196/3766 6949/3771 7016/3766
f 7016/3766 6949/3771 6937/3771
f 6949/3913 6703/3935 6937/3913
f 6703/3847 6566/3833 6602/3847
f 6566/3833 6551/3831 6533/3833
f 6533/3833 6551/3831 6515/3831
f 6551/3831 6266/3814 6515/3831
f 6515/3831 6266/3814 6258/3814
f 6258/3814 6266/3814 5970/3791
f 5970/3791 6266/3814 6003/3791
f 6266/3814 6282/3814 6003/3791
f 6282/3814 6101/3807 6003/3791
f 6101/3807 6083/3801 6003/3791
f 6083/3796 6074/3797 6003/3802
f 6074/3797 5995/3806 6003/3802
f 6003/3802 5995/3806 6016/3806
f 7947/3951 7963/3914 7711/3947
f 1583/9240 1598/9237 1654/9217
f 1654/9217 1598/9230 1631/9221
f 1631/9221 1598/9237 1475/9245
f 1598/9237 1583/9240 1475/9245
f 1475/9187 1583/9193 1362/9184
f 1583/9193 1361/9185 1362/9184
f 1361/9185 1426/9185 1362/9184
f 1476/9184 1362/9184 1496/9185
f 1362/9184 1426/9185 1496/9185
f 1496/9185 1426/9185 1507/9186
f 1426/9185 1361/9185 1507/9186
f 1507/9186 1361/9185 1419/9186
f 1361/9185 1583/9193 1419/9186
f 1583/9193 1654/9204 1419/9186
f 1419/9186 1654/9204 1467/9186
f 1467/9186 1654/9204 1665/9204
f 2176/9214 1665/9217 1989/9214
f 1665/9217 1654/9217 1989/9214
f 1654/9217 1631/9221 1989/9214
f 1631/9221 2001/9210 1989/9214
f 2001/9210 2065/9210 1989/9214
f 1468/9248 1415/9248 1441/9249
f 1415/9248 1619/9270 1441/9249
f 1958/9335 1615/9336 2061/9333
f 1615/9297 1617/9296 2061/9313
f 2061/9313 1617/9296 1945/9312
f 1945/9324 1617/9331 2047/9315
f 1617/9331 1441/9332 2047/9315
f 1441/9249 1619/9270 2047/9290
f 2054/9289 2047/9290 1981/9289
f 2047/9290 1619/9270 1981/9289
f 1981/9289 1619/9270 1989/9288
f 2176/9288 1989/9288 1467/9247
f 1467/9247 1989/9288 1419/9247
f 1989/9288 1619/9270 1419/9247
f 1619/9270 1415/9248 1419/9247
f 1415/9248 1468/9248 1419/9247
f 1419/9247 1468/9248 1541/9247
f 1541/9247 1468/9248 1540/9248
f 1540/9248 1468/9248 1537/9249
f 1468/9248 1441/9249 1537/9249
f 1537/9331 1441/9332 1579/9331
f 1441/9332 1617/9331 1579/9331
f 1617/9296 1615/9297 1579/9296
f 1579/9296 1615/9297 1573/9297
f 1573/9336 1615/9336 1596/9336
f 1596/9336 1615/9336 1618/9336
f 1618/9336 1615/9336 2022/9335
f 1615/9336 1958/9335 2022/9335
f 1958/9335 2061/9333 2022/9335
f 2022/9335 2061/9333 1920/9333
f 1920/9333 2061/9333 1979/9333
f 1979/9333 2061/9333 1934/9333
f 1934/9313 2061/9313 1939/9312
f 2061/9313 1945/9312 1939/9312
f 1939/9324 1945/9324 2014/9315
f 1945/9324 2047/9315 2014/9315
f 2014/9290 2047/9290 1960/9289
f 2047/9290 2054/9289 1960/9289
f 1960/9289 2054/9289 1978/9288
f 2054/9289 1981/9289 1978/9288
f 1981/9289 1989/9288 1978/9288
f 1978/9214 1989/9214 1988/9210
f 1989/9214 2065/9210 1988/9210
f 2065/9210 2001/9210 1999/9211
f 1999/9211 2001/9210 2012/9211
f 2001/9210 1631/9221 2012/9211
f 1631/9221 1475/9245 2012/9205
f 2180/9211 2012/9211 1534/9245
f 2012/9211 1475/9245 1534/9245
f 1534/9245 1475/9245 1535/9245
f 1535/9245 1475/9245 1508/9245
f 1508/9187 1475/9187 1423/9184
f 1475/9187 1362/9184 1423/9184
f 4940/3503 4963/3513 5312/3503
f 5312/3503 4963/3513 5179/3513
f 4963/3513 4952/3532 5179/3513
f 5179/3513 4952/3532 5109/3532
f 4324/3657 4269/3651 4270/3657
f 4197/3656 4269/3656 4274/3651
f 4274/3651 4269/3651 4372/3651
f 4372/3651 4269/3651 4391/3651
f 4269/3651 4324/3657 4391/3651
f 4391/3651 4324/3657 4392/3657
f 4392/3657 4324/3657 4370/3658
f 4370/3658 4324/3657 4256/3658
f 4324/3657 4270/3657 4256/3658
f 5326/3521 4914/3522 5380/3545
f 5309/3519 5380/3518 4908/3543
f 5380/3518 4914/3535 4908/3543
f 5078/3486 4908/3484 5055/3514
f 4908/3484 4914/3504 5055/3514
f 5054/3721 5055/3729 5173/3721
f 5055/3729 4914/3704 5173/3721
f 4914/3653 5326/3652 5173/3661
f 5173/3661 5326/3652 5152/3661
f 5152/3661 5326/3652 5311/3652
f 5311/3652 5326/3652 5310/3652
f 5310/3521 5326/3521 5197/3545
f 5326/3521 5380/3545 5197/3545
f 5197/3518 5380/3518 5122/3519
f 5380/3518 5309/3519 5122/3519
f 5122/3644 5309/3644 5287/3644
f 5287/3644 5309/3644 5121/3644
f 5120/3640 5121/3644 5151/3640
f 5121/3644 5309/3644 5151/3640
f 5309/3644 4908/3660 5151/3640
f 5151/3640 4908/3660 4702/3681
f 4908/3660 5078/3676 4702/3681
f 4702/3681 5078/3676 5179/3755
f 5334/3755 5179/3755 5158/3755
f 5158/3755 5179/3755 5157/3755
f 5179/3755 5078/3676 5157/3755
f 5157/3755 5078/3676 5200/3676
f 5200/3676 5078/3676 5363/3676
f 5363/3676 5078/3676 5383/3676
f 5383/3486 5078/3486 5326/3514
f 5326/3514 5078/3486 5327/3514
f 5078/3486 5055/3514 5327/3514
f 4619/3385 4654/3380 4598/3391
f 4654/3380 4628/3384 4598/3391
f 4598/3743 4628/3727 4620/3733
f 4628/3498 4654/3505 4620/3489
f 4654/3505 4619/3500 4620/3489
f 4620/3709 4619/3710 4598/3702
f 3699/3359 3793/3359 3578/3369
f 3632/3730 3633/3732 3797/3731
f 3797/3372 3682/3423 3580/3426
f 3795/3551 3580/3556 3699/3602
f 3580/3556 3682/3556 3699/3602
f 3699/3602 3682/3556 3678/3602
f 3682/3423 3797/3372 3690/3360
f 3690/3739 3797/3731 3754/3735
f 3797/3731 3633/3732 3754/3735
f 3754/3440 3633/3440 3708/3549
f 3633/3440 3632/3440 3708/3549
f 3632/3440 3706/3549 3708/3549
f 3706/3549 3583/3548 3707/3549
f 4598/3642 4619/3636 4620/3635
f 4700/3501 5312/3503 4702/3509
f 5312/3503 5179/3513 4702/3509
f 5151/3700 4702/3705 4711/3749
f 4702/3509 5179/3513 4711/3533
f 2677/3712 2827/3696 2678/3715
f 2467/3430 2678/3419 2675/3476
f 2678/3419 2827/3460 2675/3476
f 2675/3476 2827/3460 2998/3516
f 2998/3516 2827/3460 2835/3461
f 2827/3696 2677/3712 2835/3690
f 2835/3690 2677/3712 2942/3671
f 2677/3712 2886/3666 2942/3671
f 2886/3490 3213/3441 2942/3429
f 2942/3429 3213/3441 3396/3405
f 3396/3405 3213/3441 3341/3470
f 3213/3441 2886/3490 3341/3470
f 2886/3490 2884/3546 3341/3470
f 3341/3470 2884/3546 3333/3491
f 2884/3546 3344/3547 3333/3491
f 3333/3491 3344/3547 3458/3492
f 3458/3492 3344/3547 3583/3548
f 3352/3547 3583/3548 3344/3547
f 2604/3699 2884/3654 2617/3699
f 2617/3699 2884/3654 2590/3699
f 2884/3654 2886/3666 2590/3699
f 2590/3699 2886/3666 2599/3701
f 2886/3666 2677/3712 2599/3701
f 2599/3701 2677/3712 2477/3738
f 2677/3712 2678/3715 2477/3738
f 2477/3436 2678/3459 2469/3435
f 2469/3363 2678/3419 1878/3386
f 2678/3419 2467/3430 1878/3386
f 1878/3386 2467/3430 1843/3439
f 2467/3430 2675/3476 1843/3439
f 2893/3428 2892/3397 2595/3413
f 2595/3413 2892/3397 2589/3396
f 2589/3393 2892/3373 2870/3379
f 3340/3756 2881/3706 2870/3714
f 2870/3604 2881/3615 2583/3639
f 2583/3639 2881/3615 2563/3641
f 2881/3608 2873/3594 2563/3607
f 2563/3607 2873/3594 2596/3599
f 2596/3599 2873/3594 2587/3585
f 2873/3594 2889/3577 2587/3585
f 2587/3585 2889/3577 2578/3576
f 2578/3698 2889/3672 2879/3673
f 2879/3580 2889/3572 3337/3560
f 3337/3560 2889/3572 3346/3554
f 2889/3446 2873/3431 3346/3445
f 3346/3445 2873/3431 3349/3438
f 3349/3438 2873/3431 3335/3425
f 2873/3431 2881/3418 3335/3425
f 2881/3418 3340/3417 3335/3425
f 3335/3425 3340/3417 3566/3416
f 3340/3659 2870/3683 3566/3622
f 3566/3622 2870/3683 3343/3645
f 2870/3683 2892/3679 3343/3645
f 3343/3645 2892/3679 3342/3643
f 2892/3415 2893/3387 3342/3414
f 3342/3414 2893/3387 3334/3398
f 3334/3398 2893/3387 3336/3356
f 3336/3392 2893/3433 3393/3357
f 3393/3357 2893/3433 2951/3407
f 2951/3474 2893/3428 2680/3455
f 2893/3428 2595/3413 2680/3455
f 1739/3741 1835/3748 1843/3742
f 1835/3748 1739/3741 1833/3747
f 1833/3747 1739/3741 1726/3740
f 1739/3454 2680/3455 1726/3395
f 2680/3455 2595/3413 1726/3395
f 2595/3413 2589/3396 1726/3395
f 2589/3630 2870/3604 1726/3668
f 2870/3604 2583/3639 1726/3668
f 1726/3668 2583/3639 1816/3678
f 2583/3639 2563/3641 1816/3678
f 2563/3607 2596/3599 1816/3606
f 2596/3599 2587/3585 1816/3606
f 1816/3606 2587/3585 1880/3575
f 2587/3585 2578/3576 1880/3575
f 2578/3698 2879/3673 1880/3736
f 2879/3673 2571/3703 1880/3736
f 1880/3736 2571/3703 1771/3753
f 2885/3752 1771/3753 2875/3752
f 1771/3753 2571/3703 2875/3752
f 2571/3703 2879/3673 2875/3752
f 2879/3580 3345/3600 2875/3633
f 2875/3633 3345/3600 3711/3632
f 4430/3495 4264/3507 4586/3562
f 4662/3737 4904/3757 4703/3723
f 4703/3478 4668/3477 4512/3531
f 4512/3508 4668/3517 4486/3515
f 4668/3725 4646/3720 4486/3724
f 4486/3724 4646/3720 4663/3717
f 4663/3717 4646/3720 4893/3718
f 4646/3720 4668/3725 4893/3718
f 4893/3718 4668/3725 4882/3726
f 4668/3719 4703/3723 4882/3734
f 4703/3723 4904/3757 4882/3734
f 4882/3680 4904/3688 4997/3691
f 4997/3388 4904/3378 4743/3383
f 4904/3378 4662/3375 4743/3383
f 4743/3383 4662/3375 4484/3362
f 4662/3481 4703/3478 4484/3539
f 4703/3478 4512/3531 4484/3539
f 4512/3531 4486/3538 4484/3539
f 4486/3724 4663/3717 4484/3716
f 4663/3571 4586/3562 4484/3573
f 4586/3562 4264/3507 4484/3573
f 4098/3510 4484/3573 4113/3488
f 4484/3573 4264/3507 4113/3488
f 4264/3631 4049/3669 4113/3624
f 4113/3399 4049/3434 3711/3482
f 3711/3482 4049/3434 4164/3473
f 4049/3669 4264/3631 4164/3708
f 4264/3631 4430/3662 4164/3708
f 4616/3728 4164/3708 4618/3728
f 4940/3754 4618/3728 4643/3670
f 4618/3728 4164/3708 4643/3670
f 4164/3708 4430/3662 4643/3670
f 4430/3495 4586/3562 4643/3528
f 4586/3562 4663/3571 4643/3528
f 4663/3571 4893/3569 4643/3528
f 4643/3682 4893/3686 4635/3648
f 4893/3686 4882/3680 4635/3648
f 4635/3648 4882/3680 5015/3684
f 4882/3680 4997/3691 5015/3684
f 4620/3733 5015/3677 4598/3743
f 5015/3382 4997/3358 4598/3394
f 4598/3394 4997/3358 4619/3389
f 4997/3388 4743/3383 4619/3390
f 4743/3383 4484/3362 4619/3390
f 4842/3617 4619/3582 4654/3578
f 4619/3437 4484/3447 4654/3427
f 4484/3447 4174/3462 4654/3427
f 4654/3427 4174/3462 4478/3432
f 3756/3609 3781/3610 3634/3605
f 3781/3610 4090/3570 3634/3605
f 4090/3570 4478/3524 3634/3605
f 4478/3564 4174/3534 3634/3471
f 4174/3534 4484/3563 3634/3471
f 4484/3563 4098/3506 3634/3471
f 3634/3361 4098/3381 3606/3424
f 4098/3381 4113/3399 3606/3424
f 4113/3399 3711/3482 3606/3424
f 3711/3632 3345/3600 3606/3579
f 3345/3600 2879/3580 3606/3579
f 2879/3580 3337/3560 3606/3579
f 3606/3579 3337/3560 3634/3511
f 3337/3560 3346/3554 3634/3511
f 3346/3445 3349/3438 3634/3444
f 3349/3438 3335/3425 3634/3444
f 3335/3425 3566/3416 3634/3444
f 3634/3511 3719/3579 3606/3579
f 3606/3579 3719/3579 3711/3632
f 3711/3632 3719/3579 3691/3632
f 3719/3579 3634/3511 3622/3511
f 3622/3511 3634/3511 3755/3511
f 3755/3444 3634/3444 3769/3444
f 3769/3444 3634/3444 3780/3416
f 3634/3444 3566/3416 3780/3416
f 3677/3616 3780/3616 3578/3616
f 3780/3616 3566/3622 3578/3616
f 3566/3622 3343/3645 3578/3616
f 3343/3645 3342/3643 3578/3616
f 3342/3408 3334/3409 3578/3369
f 3334/3409 3336/3410 3578/3369
f 3699/3359 3578/3369 3795/3370
f 3578/3369 3336/3410 3795/3370
f 3336/3410 3393/3402 3795/3370
f 3795/3370 3393/3402 3797/3371
f 3393/3685 3037/3627 3797/3692
f 3797/3692 3037/3627 2997/3625
f 3037/3627 3393/3665 2997/3625
f 3393/3665 2951/3611 2997/3625
f 2951/3474 2680/3455 2997/3542
f 2997/3542 2680/3455 2682/3541
f 2680/3455 1739/3454 2682/3541
f 1739/3454 1843/3540 2682/3541
f 1843/3439 2675/3476 2682/3480
f 2682/3480 2675/3476 2997/3520
f 2675/3476 2998/3516 2997/3520
f 2998/3366 2835/3403 2997/3367
f 2835/3403 2942/3429 2997/3367
f 2942/3429 3396/3405 2997/3367
f 2997/3520 2691/3480 2682/3480
f 2682/3480 2691/3480 1843/3439
f 1843/3439 2691/3480 1972/3439
f 1972/3439 2691/3480 2704/3480
f 2704/3480 2691/3480 3082/3520
f 2691/3480 2997/3520 3082/3520
f 4344/3557 4082/3553 4299/3557
f 3974/3619 4034/3650 4045/3596
f 4045/3596 4034/3650 4247/3597
f 4247/3597 4034/3650 4263/3655
f 4263/3559 4261/3574 4247/3598
f 4247/3597 4261/3620 4299/3557
f 4261/3620 4314/3620 4299/3557
f 4299/3557 4314/3620 4407/3557
f 4407/3557 4314/3620 4382/3620
f 4382/3574 4314/3574 4394/3479
f 4394/3479 4314/3574 4273/3479
f 4314/3574 4261/3574 4273/3479
f 4261/3574 4263/3559 4273/3479
f 4263/3655 4034/3650 4273/3713
f 4297/3713 4273/3713 3882/3707
f 3882/3707 4273/3713 3583/3707
f 4273/3713 4034/3650 3583/3707
f 4034/3650 3974/3619 3583/3707
f 3974/3619 3632/3618 3583/3707
f 3632/3618 3753/3618 3583/3707
f 3687/3707 3583/3707 3621/3618
f 3583/3707 3753/3618 3621/3618
f 3621/3618 3753/3618 3690/3552
f 3753/3618 3632/3618 3690/3552
f 3683/3745 3580/3745 3780/3744
f 3605/3424 3719/3424 3691/3482
f 3711/3482 3691/3482 3606/3424
f 3691/3482 3719/3424 3606/3424
f 3606/3424 3719/3424 3634/3361
f 3719/3424 3605/3424 3634/3361
f 3605/3424 3769/3361 3634/3361
f 3769/3605 3659/3605 3634/3605
f 3634/3605 3659/3605 3756/3609
f 3756/3609 3659/3605 3781/3610
f 3659/3605 3655/3610 3781/3610
f 3655/3613 3780/3621 3781/3613
f 3781/3613 3780/3621 3578/3621
f 3780/3744 3580/3745 3578/3744
f 3578/3744 3580/3745 4039/3693
f 4039/3693 3580/3745 4025/3694
f 4752/3583 4479/3544 4741/3586
f 4741/3450 4479/3493 4731/3451
f 4731/3451 4479/3493 4455/3497
f 4455/3536 4479/3544 4463/3537
f 4463/3537 4479/3544 4746/3584
f 4479/3544 4752/3583 4746/3584
f 4746/3628 4752/3629 5091/3589
f 4752/3629 4741/3626 5091/3589
f 5273/3587 5091/3589 5133/3588
f 5091/3589 4741/3626 5133/3588
f 4741/3449 4731/3453 5133/3487
f 5133/3487 4731/3453 5156/3496
f 4731/3453 4679/3452 5156/3496
f 5167/3637 5156/3638 5166/3637
f 5156/3638 4679/3591 5166/3637
f 4679/3591 4680/3590 5166/3637
f 5166/3411 4680/3467 5172/3412
f 4680/3467 4666/3468 5172/3412
f 4666/3468 4693/3468 5172/3412
f 5526/3412 5172/3412 4715/3468
f 5172/3412 4693/3468 4715/3468
f 4715/3468 4693/3468 4344/3527
f 4693/3468 4666/3468 4344/3527
f 4666/3468 4256/3527 4344/3527
f 4344/3658 4256/3658 4082/3687
f 2704/3541 2691/3541 1972/3540
f 1843/3540 1972/3540 2682/3541
f 1972/3540 2691/3541 2682/3541
f 2682/3541 2691/3541 2997/3542
f 2691/3541 2704/3541 2997/3542
f 2704/3541 3082/3542 2997/3542
f 2997/3625 3082/3625 3797/3692
f 3082/3625 3883/3692 3797/3692
f 3797/3746 3883/3746 4062/3687
f 3883/3746 4082/3687 4062/3687
f 4082/3687 4256/3658 4062/3687
f 4256/3658 4025/3694 4062/3687
f 4025/3694 3580/3745 4062/3687
f 4062/3687 3580/3745 3797/3746
f 3580/3745 3683/3745 3797/3746
f 3683/3745 3690/3746 3797/3746
f 3690/3552 3632/3618 3797/3552
f 3632/3618 3974/3619 3797/3552
f 3797/3552 3974/3619 4062/3553
f 3974/3619 4045/3596 4062/3553
f 4045/3596 4247/3597 4062/3553
f 4247/3597 4299/3557 4062/3553
f 4299/3557 4082/3553 4062/3553
f 4082/3553 3883/3552 4062/3553
f 4062/3553 3883/3552 3797/3552
f 3883/3368 3082/3367 3797/3368
f 3082/3367 2997/3367 3797/3368
f 2997/3367 3396/3405 3797/3368
f 3797/3368 3396/3405 3620/3442
f 3396/3405 3341/3470 3620/3442
f 3341/3470 3333/3491 3620/3442
f 3333/3491 3458/3492 3620/3442
f 3458/3492 3583/3548 3620/3442
f 3632/3440 3620/3442 3706/3549
f 3620/3442 3583/3548 3706/3549
f 3927/3549 3706/3549 3918/3548
f 3706/3549 3583/3548 3918/3548
f 3918/3548 3583/3548 3933/3548
f 3933/3548 3583/3548 3882/3548
f 3882/3548 3583/3548 3369/3547
f 3583/3548 3352/3547 3369/3547
f 3369/3547 3352/3547 2899/3546
f 3352/3547 3344/3547 2899/3546
f 3344/3547 2884/3546 2899/3546
f 2899/3654 2884/3654 2639/3699
f 2884/3654 2604/3699 2639/3699
f 2639/3464 2604/3464 2097/3421
f 2604/3464 2617/3464 2097/3421
f 2617/3464 2590/3464 2097/3421
f 2097/3421 2590/3464 1743/3421
f 2590/3464 2599/3458 1743/3421
f 2599/3458 2477/3436 1743/3421
f 2477/3436 2469/3435 1743/3421
f 2469/3435 1878/3406 1743/3421
f 1878/3406 1784/3406 1743/3421
f 1717/3421 1743/3421 1785/3406
f 1743/3421 1784/3406 1785/3406
f 1785/3386 1784/3386 1723/3439
f 1784/3386 1878/3386 1723/3439
f 1878/3386 1843/3439 1723/3439
f 1843/3742 1835/3748 1723/3742
f 1723/3742 1835/3748 1836/3748
f 1836/3748 1835/3748 1708/3747
f 1835/3748 1833/3747 1708/3747
f 1708/3747 1833/3747 1727/3747
f 1727/3747 1833/3747 1848/3747
f 1833/3747 1726/3740 1848/3747
f 1848/3747 1726/3740 1847/3740
f 1847/3668 1726/3668 1815/3678
f 1726/3668 1816/3678 1815/3678
f 1815/3606 1816/3606 1805/3575
f 1816/3606 1880/3575 1805/3575
f 1805/3575 1880/3575 1792/3575
f 1792/3736 1880/3736 1867/3736
f 1880/3736 1771/3753 1867/3736
f 1867/3736 1771/3753 1862/3753
f 1862/3753 1771/3753 2885/3752
f 2885/3633 2875/3633 3691/3632
f 2875/3633 3711/3632 3691/3632
f 3691/3482 3711/3482 4163/3473
f 3711/3482 4164/3473 4163/3473
f 4163/3708 4164/3708 4616/3728
f 4616/3728 4618/3728 4937/3754
f 4618/3728 4940/3754 4937/3754
f 4937/3503 4940/3503 5135/3503
f 5135/3503 4940/3503 5436/3503
f 5436/3503 4940/3503 5312/3503
f 5260/3465 5179/3494 4999/3465
f 5179/3494 5312/3494 4999/3465
f 5312/3494 4940/3494 4999/3465
f 4940/3494 4643/3499 4999/3465
f 4643/3499 4635/3466 4999/3465
f 4999/3422 4635/3463 5109/3420
f 4635/3463 4711/3456 5109/3420
f 4711/3533 5179/3513 5109/3532
f 5261/3532 5109/3532 5334/3513
f 5109/3532 5179/3513 5334/3513
f 5334/3513 5179/3513 5136/3503
f 5179/3513 5312/3503 5136/3503
f 5136/3503 5312/3503 5295/3503
f 5295/3503 5312/3503 5294/3503
f 5312/3377 5291/3374 5294/3365
f 5294/3612 5291/3663 5254/3711
f 5118/3695 5285/3695 5119/3695
f 5119/3695 5285/3695 5286/3695
f 5285/3695 5254/3695 5286/3695
f 5254/3758 5291/3751 5286/3750
f 5291/3443 5312/3502 5286/3404
f 5312/3567 4700/3568 5286/3614
f 4700/3697 4702/3705 5286/3695
f 4702/3705 5151/3700 5286/3695
f 5119/3695 5286/3695 5085/3722
f 5085/3722 5286/3695 5243/3722
f 5286/3695 5151/3700 5243/3722
f 5151/3700 4711/3749 5243/3722
f 5242/3364 5243/3376 5396/3364
f 5243/3376 4711/3400 5396/3364
f 4711/3400 4635/3401 5396/3364
f 4635/3648 5015/3684 5396/3667
f 5379/3667 5396/3667 5286/3689
f 5286/3689 5396/3667 5119/3689
f 5396/3667 5015/3684 5119/3689
f 5015/3565 4620/3635 5119/3566
f 4620/3635 4619/3636 5119/3566
f 4619/3582 4842/3617 5119/3664
f 5106/3695 5286/3695 5105/3695
f 5286/3695 5119/3695 5105/3695
f 5105/3695 5119/3695 5104/3695
f 5075/3603 5104/3664 5376/3603
f 5104/3664 5119/3664 5376/3603
f 5119/3664 4842/3617 5376/3603
f 4842/3617 4654/3578 5376/3603
f 5075/3603 5376/3603 4652/3578
f 5376/3603 4654/3578 4652/3578
f 4652/3427 4654/3427 4470/3432
f 4654/3427 4478/3432 4470/3432
f 4470/3432 4478/3432 4453/3432
f 4453/3524 4478/3524 4425/3524
f 4197/3472 4444/3475 4479/3485
f 4444/3525 4425/3524 4479/3525
f 4425/3524 4478/3524 4479/3525
f 4478/3524 4090/3570 4479/3525
f 4090/3570 3781/3610 4479/3525
f 4479/3675 3781/3613 4269/3674
f 3781/3613 3578/3621 4269/3674
f 3578/3744 4039/3693 4269/3656
f 4269/3656 4039/3693 4270/3657
f 4039/3693 4025/3694 4270/3657
f 4025/3694 4256/3658 4270/3657
f 4256/3527 4666/3468 4270/3526
f 4666/3468 4680/3467 4270/3526
f 4270/3529 4680/3590 4269/3530
f 4680/3590 4679/3591 4269/3530
f 4679/3457 4731/3451 4269/3512
f 4731/3451 4455/3497 4269/3512
f 4633/3593 4627/3592 4918/3634
f 4918/3634 4627/3592 4684/3595
f 4263/3558 4572/3581 4247/3555
f 4572/3581 4684/3595 4247/3555
f 4684/3595 4627/3592 4247/3555
f 4627/3592 4633/3593 4247/3555
f 4247/3555 4633/3593 4256/3550
f 4256/3550 4633/3593 4344/3550
f 4344/3550 4633/3593 4645/3593
f 4645/3593 4633/3593 4928/3634
f 4633/3593 4918/3634 4928/3634
f 5526/3647 4928/3634 5172/3647
f 4928/3634 4918/3634 5172/3647
f 4918/3634 4684/3595 5172/3647
f 5387/3646 5172/3647 5263/3646
f 5263/3646 5172/3647 4868/3623
f 5172/3647 4684/3595 4868/3623
f 4684/3595 4572/3581 4868/3623
f 4868/3623 4572/3581 4751/3601
f 4572/3581 4263/3558 4751/3601
f 4751/3601 4263/3558 4255/3561
f 4255/3561 4263/3558 4369/3561
f 4369/3561 4263/3558 4385/3558
f 4385/3558 4263/3558 4357/3555
f 4263/3558 4247/3555 4357/3555
f 4247/3555 4256/3550 4357/3555
f 4357/3555 4256/3550 4370/3550
f 4256/3527 4270/3526 4370/3527
f 4370/3527 4270/3526 4367/3526
f 4367/3529 4270/3529 4387/3530
f 4270/3529 4269/3530 4387/3530
f 4387/3497 4269/3512 4426/3497
f 4269/3512 4455/3497 4426/3497
f 4455/3536 4463/3537 4426/3536
f 4426/3536 4463/3537 4425/3537
f 4425/3537 4463/3537 4434/3537
f 4434/3448 4463/3448 4458/3448
f 4458/3448 4463/3448 5075/3523
f 5075/3523 4463/3448 5376/3523
f 4463/3448 4746/3469 5376/3523
f 4746/3469 5091/3483 5376/3523
f 5376/3523 5091/3483 5075/3523
f 5075/3523 5091/3483 5235/3483
f 5091/3589 5273/3587 5235/3589
f 5235/3587 5273/3587 5090/3587
f 5090/3587 5273/3587 5111/3587
f 5111/3587 5273/3587 5132/3588
f 5273/3587 5133/3588 5132/3588
f 5133/3487 5156/3496 5132/3496
f 5132/3638 5156/3638 5143/3637
f 5156/3638 5167/3637 5143/3637
f 5143/3411 5167/3411 5325/3412
f 5167/3411 5166/3411 5325/3412
f 5166/3411 5172/3412 5325/3412
f 5325/3647 5172/3647 5231/3646
f 5172/3647 5387/3646 5231/3646
f 5231/3646 5387/3646 5323/3649
f 5387/3646 5263/3646 5323/3649
f 5323/3649 5263/3646 5170/3649
f 5263/3646 4868/3623 5170/3649
f 4868/3623 4751/3601 5170/3649
f 5523/3649 5170/3649 4786/3601
f 5170/3649 4751/3601 4786/3601
f 4786/3601 4751/3601 4297/3561
f 4751/3601 4255/3561 4297/3561
f 7557/1405 7531/1405 7933/1459
f 7933/1459 7531/1405 7856/1459
f 7856/1459 7531/1405 7517/1405
f 7517/1471 7531/1471 6974/1544
f 6974/1544 7531/1471 7096/1544
f 7531/1471 7557/1471 7096/1544
f 5108/1226 5365/1230 5226/1232
f 5313/1568 5163/1568 5409/1568
f 6640/1429 6671/1429 6608/1430
f 6608/1430 6671/1429 6726/1430
f 6726/1430 6671/1429 6698/1429
f 6698/1359 6671/1359 6709/1355
f 6709/1355 6671/1359 6635/1355
f 6671/1359 6640/1359 6635/1355
f 7068/1351 7063/1351 7122/1272
f 7122/1272 7063/1351 7110/1272
f 7195/1362 7127/1362 7091/1348
f 7127/1362 7105/1348 7091/1348
f 7105/1348 7090/1348 7091/1348
f 7090/1213 7073/1213 7091/1213
f 7073/1213 7063/1188 7091/1213
f 7063/1188 7068/1188 7091/1213
f 5113/1436 5275/1431 5296/1436
f 5275/1431 5388/1436 5296/1436
f 4958/1232 5365/1232 4972/1228
f 5365/1232 5417/1231 4972/1228
f 4935/1228 4972/1228 5368/1228
f 4972/1228 5417/1231 5368/1228
f 4935/1326 6219/1325 6217/1333
f 6217/1371 6219/1371 6234/1371
f 6234/1371 6219/1371 6251/1371
f 6219/1371 6211/1412 6251/1371
f 6251/1371 6211/1412 6264/1412
f 6974/1166 7096/1166 7517/1248
f 7096/1166 7531/1248 7517/1248
f 7517/1280 7531/1280 7856/1407
f 7933/1407 7856/1407 7557/1280
f 7856/1407 7531/1280 7557/1280
f 7531/1248 7096/1166 7557/1248
f 7705/1560 7944/1499 7559/1570
f 7944/1499 7709/1508 7559/1570
f 7709/1186 7569/1242 7559/1194
f 7569/1242 7410/1252 7559/1194
f 7407/1482 7559/1470 7128/1543
f 7559/1470 7410/1529 7128/1543
f 7128/1543 7410/1529 7071/1588
f 7410/1455 7569/1463 7071/1406
f 7569/1290 7500/1291 7071/1209
f 7071/1209 7500/1291 7497/1304
f 6179/1177 6171/1160 6478/1159
f 6442/1479 6667/1531 6511/1516
f 6389/1309 6511/1287 6478/1198
f 6478/1198 6511/1287 6839/1185
f 6511/1287 6667/1273 6839/1185
f 6839/1185 6667/1273 6879/1215
f 6879/1171 6667/1173 7068/1188
f 7068/1188 6667/1173 6884/1191
f 6884/1534 6667/1531 6656/1486
f 6667/1531 6442/1479 6656/1486
f 6565/1453 6656/1486 6253/1426
f 6656/1486 6442/1479 6253/1426
f 6442/1479 6511/1516 6253/1426
f 6511/1516 6389/1500 6253/1426
f 6253/1426 6389/1500 6087/1481
f 6389/1309 6478/1198 6087/1322
f 6478/1198 6171/1264 6087/1322
f 6087/1481 6171/1520 5825/1454
f 5825/1454 6171/1520 5704/1457
f 6171/1160 6179/1177 5704/1161
f 5704/1161 6179/1177 5712/1184
f 6179/1177 6177/1183 5712/1184
f 6177/1237 6135/1238 5712/1192
f 6135/1238 6152/1241 5712/1192
f 5712/1192 6152/1241 5694/1193
f 6152/1583 6139/1573 5694/1582
f 5694/1582 6139/1573 5698/1563
f 5698/1338 6148/1332 5695/1323
f 6307/1299 6229/1319 6447/1267
f 6229/1562 6444/1548 6447/1559
f 6444/1324 6148/1332 6447/1340
f 6447/1340 6148/1332 6149/1339
f 6148/1332 5698/1338 6149/1339
f 5698/1563 6139/1573 6149/1564
f 6149/1564 6139/1573 6447/1565
f 6307/1373 6447/1354 6440/1353
f 6447/1565 6139/1573 6440/1584
f 6139/1573 6152/1583 6440/1584
f 6152/1241 6135/1238 6440/1301
f 6135/1238 6177/1237 6440/1301
f 6440/1477 6177/1507 6476/1472
f 6177/1183 6179/1177 6476/1182
f 6179/1177 6478/1159 6476/1182
f 6250/1418 6476/1419 6251/1393
f 6476/1419 6478/1390 6251/1393
f 6251/1521 6478/1487 6617/1483
f 6478/1487 6839/1462 6617/1483
f 6839/1518 6840/1517 6617/1538
f 6617/1538 6840/1517 6620/1537
f 6620/1385 6840/1396 6890/1410
f 6890/1509 6840/1526 6900/1510
f 6840/1526 6839/1527 6900/1510
f 6900/1297 6839/1320 7122/1272
f 6839/1320 6879/1352 7122/1272
f 6879/1352 7068/1351 7122/1272
f 7068/1434 7511/1399 7122/1433
f 7122/1433 7511/1399 7794/1335
f 7511/1199 7502/1227 7794/1200
f 7794/1200 7502/1227 7797/1254
f 7502/1227 7497/1253 7797/1254
f 7497/1304 7500/1291 7797/1378
f 7500/1291 7569/1290 7797/1378
f 7797/1357 7569/1409 7976/1350
f 7569/1242 7709/1186 7976/1179
f 7709/1508 7944/1499 7976/1456
f 7976/1456 7944/1499 7898/1499
f 7898/1523 7944/1523 7933/1571
f 7944/1523 7705/1511 7933/1571
f 7933/1459 7705/1451 7557/1405
f 7705/1451 7559/1442 7557/1405
f 7559/1442 7407/1388 7557/1405
f 7557/1471 7407/1530 7096/1544
f 7407/1530 7128/1589 7096/1544
f 7128/1589 7118/1589 7096/1544
f 7538/1277 7886/1404 7537/1278
f 7096/1166 7537/1243 7557/1248
f 7557/1280 7537/1278 7933/1407
f 7537/1278 7886/1404 7933/1407
f 7390/1478 7542/1444 7546/1447
f 7396/1476 7546/1447 7568/1443
f 7910/1394 7933/1401 7952/1394
f 7933/1401 7706/1421 7952/1394
f 7706/1421 7568/1443 7952/1394
f 7952/1394 7568/1443 7703/1417
f 7568/1443 7546/1447 7703/1417
f 7703/1417 7546/1447 7699/1420
f 7546/1447 7542/1444 7699/1420
f 7699/1420 7542/1444 7912/1395
f 7912/1395 7542/1444 7525/1444
f 7525/1444 7542/1444 7176/1502
f 7542/1444 7390/1478 7176/1502
f 6874/1203 6893/1203 6974/1178
f 6974/1178 6893/1203 7097/1178
f 7173/1167 7174/1167 7097/1178
f 6277/1376 6279/1356 5989/1383
f 6012/1547 5987/1546 6078/1549
f 6385/1216 6413/1216 6114/1174
f 6413/1216 6078/1162 6114/1174
f 6078/1549 5987/1546 6114/1567
f 6114/1567 5987/1546 5976/1545
f 5976/1540 5987/1539 5680/1561
f 5987/1539 6012/1536 5680/1561
f 5371/1580 5680/1561 5301/1579
f 5680/1561 6012/1536 5301/1579
f 5301/1485 6012/1449 5253/1492
f 6012/1449 5989/1460 5253/1492
f 5253/1551 5989/1553 5190/1506
f 5190/1506 5989/1553 5975/1504
f 5989/1383 6279/1356 5975/1327
f 6279/1356 6281/1328 5975/1327
f 5975/1468 6281/1466 6129/1428
f 6129/1428 6281/1466 6569/1469
f 6281/1328 6279/1356 6569/1329
f 6569/1329 6279/1356 6571/1377
f 6279/1356 6277/1376 6571/1377
f 6571/1261 6277/1207 6340/1206
f 6277/1207 5989/1172 6340/1206
f 5989/1172 6012/1158 6340/1206
f 6340/1206 6012/1158 6342/1197
f 6342/1212 6012/1163 6332/1211
f 6012/1163 6078/1170 6332/1211
f 6078/1162 6413/1216 6332/1202
f 6332/1202 6413/1216 6709/1274
f 6413/1216 6385/1216 6709/1274
f 6709/1355 6888/1314 6893/1315
f 6893/1315 6888/1314 6823/1343
f 6823/1343 6888/1314 6824/1337
f 6888/1314 6943/1276 6824/1337
f 6824/1337 6943/1276 6862/1321
f 6862/1321 6943/1276 6988/1265
f 7118/1258 7057/1258 7097/1262
f 7057/1258 6988/1265 7097/1262
f 6988/1265 6943/1276 7097/1262
f 7097/1262 6943/1276 6956/1262
f 6956/1262 6943/1276 6938/1276
f 6943/1276 6888/1314 6938/1276
f 6938/1276 6888/1314 6874/1314
f 6888/1314 6709/1355 6874/1314
f 6874/1314 6709/1355 6615/1355
f 6709/1274 6385/1216 6615/1274
f 6385/1216 6114/1174 6088/1174
f 6114/1567 5976/1545 6088/1567
f 6088/1567 5976/1545 5973/1545
f 5973/1540 5976/1540 5545/1581
f 5545/1581 5976/1540 5329/1581
f 5976/1540 5680/1561 5329/1581
f 5680/1561 5371/1580 5329/1581
f 5371/1580 5213/1580 5329/1581
f 6114/1488 6218/1505 6403/1542
f 6403/1316 6531/1271 6713/1245
f 6639/1245 6713/1245 6701/1246
f 6713/1245 6531/1271 6701/1246
f 6701/1246 6531/1271 6456/1292
f 6456/1292 6531/1271 6327/1341
f 6531/1569 6403/1542 6327/1525
f 6403/1542 6218/1505 6327/1525
f 6327/1525 6218/1505 6184/1497
f 6218/1505 6114/1488 6184/1497
f 6184/1497 6114/1488 6189/1494
f 6255/1484 6189/1491 6160/1495
f 6160/1495 6189/1491 6079/1519
f 6189/1494 6114/1488 6079/1473
f 6114/1488 5976/1464 6079/1473
f 6079/1473 5976/1464 5964/1461
f 5964/1346 5976/1345 5750/1358
f 5750/1358 5976/1345 5688/1361
f 5976/1345 5707/1360 5688/1361
f 5688/1361 5707/1360 5627/1369
f 5290/1382 5627/1369 5360/1381
f 5627/1369 5707/1360 5360/1381
f 5360/1381 5707/1360 5329/1380
f 5329/1380 5707/1360 5545/1380
f 5545/1380 5707/1360 5738/1360
f 5707/1360 5976/1345 5738/1360
f 5738/1360 5976/1345 5973/1345
f 5973/1464 5976/1464 6088/1488
f 5976/1464 6114/1488 6088/1488
f 6088/1488 6114/1488 6377/1542
f 6114/1488 6403/1542 6377/1542
f 6377/1316 6403/1316 6615/1244
f 6883/1397 6874/1397 6881/1397
f 6874/1397 6866/1397 6881/1397
f 6651/1235 6724/1223 6739/1235
f 6739/1235 6724/1223 6816/1217
f 6724/1223 6822/1214 6816/1217
f 6816/1217 6822/1214 6881/1205
f 6882/1203 6881/1205 6893/1203
f 6881/1205 6822/1214 6893/1203
f 6893/1203 6822/1214 6901/1195
f 6822/1214 6724/1223 6901/1195
f 6901/1195 6724/1223 6895/1190
f 7176/1165 6895/1190 6710/1219
f 6895/1190 6724/1223 6710/1219
f 6710/1219 6724/1223 6636/1219
f 6636/1219 6724/1223 6644/1223
f 6724/1223 6651/1235 6644/1223
f 6644/1223 6651/1235 6621/1235
f 6621/1235 6651/1235 6635/1240
f 6635/1240 6651/1235 6709/1240
f 6651/1235 6739/1235 6709/1240
f 6739/1235 6816/1217 6709/1240
f 6816/1411 6881/1397 6709/1422
f 6881/1397 6866/1397 6709/1422
f 6866/1397 6615/1422 6709/1422
f 6615/1244 6403/1316 6709/1244
f 6403/1316 6713/1245 6709/1244
f 6713/1245 6639/1245 6709/1244
f 6709/1244 6639/1245 6635/1244
f 6639/1245 6701/1246 6627/1246
f 6636/1247 6627/1246 6710/1247
f 6627/1246 6701/1246 6710/1247
f 6701/1246 6456/1292 6710/1247
f 6710/1208 6456/1268 6245/1270
f 6456/1440 6327/1465 6245/1480
f 6327/1465 6184/1489 6245/1480
f 6184/1489 6189/1491 6245/1480
f 6189/1491 6255/1484 6245/1480
f 6245/1480 6255/1484 5999/1522
f 6255/1484 6160/1495 5999/1533
f 6160/1495 6079/1519 5999/1533
f 6079/1519 5964/1532 5999/1533
f 5964/1346 5750/1358 5999/1347
f 5999/1347 5750/1358 5635/1370
f 5750/1358 5688/1361 5635/1370
f 5635/1331 5688/1349 5331/1310
f 5688/1361 5627/1369 5331/1374
f 5627/1369 5290/1382 5331/1374
f 5290/1382 5129/1382 5331/1374
f 5182/1374 5331/1374 5130/1382
f 5331/1374 5129/1382 5130/1382
f 5130/1382 5129/1382 5223/1381
f 5129/1382 5290/1382 5223/1381
f 5290/1382 5360/1381 5223/1381
f 5223/1381 5360/1381 5408/1380
f 5360/1381 5329/1380 5408/1380
f 5408/1581 5329/1581 5214/1580
f 5329/1581 5213/1580 5214/1580
f 5214/1580 5213/1580 5251/1579
f 5213/1580 5371/1580 5251/1579
f 5371/1580 5301/1579 5251/1579
f 5301/1485 5253/1492 5251/1485
f 5251/1485 5253/1492 5252/1492
f 5252/1551 5253/1551 5339/1506
f 5253/1551 5190/1506 5339/1506
f 5339/1506 5190/1506 5322/1506
f 5322/1424 5190/1424 5171/1424
f 5112/1389 5171/1424 5137/1389
f 5171/1424 5190/1424 5137/1389
f 5190/1424 5975/1468 5137/1389
f 5975/1468 6129/1428 5137/1389
f 6129/1428 6133/1428 5137/1389
f 5112/1389 5137/1389 6127/1428
f 5137/1389 6133/1428 6127/1428
f 6127/1428 6133/1428 6577/1469
f 6133/1428 6129/1428 6577/1469
f 6129/1428 6569/1469 6577/1469
f 6577/1329 6569/1329 6589/1329
f 6589/1329 6569/1329 6595/1329
f 6569/1329 6571/1377 6595/1329
f 6595/1329 6571/1377 6593/1377
f 6593/1261 6571/1261 6608/1260
f 6635/1274 6640/1275 6709/1274
f 6709/1274 6640/1275 6698/1275
f 6698/1288 6640/1288 6726/1289
f 6640/1288 6608/1289 6726/1289
f 6608/1260 6571/1261 6726/1260
f 6571/1261 6340/1206 6726/1260
f 6340/1206 6342/1197 6726/1260
f 6726/1289 6342/1212 6698/1288
f 6342/1212 6332/1211 6698/1288
f 6332/1202 6709/1274 6698/1275
f 6709/1363 6893/1315 6698/1359
f 6893/1315 6823/1343 6698/1359
f 6698/1429 6823/1445 6726/1430
f 6823/1445 6824/1448 6726/1430
f 6824/1448 6862/1458 6726/1430
f 6862/1458 6988/1493 6726/1430
f 6726/1430 6988/1493 7071/1501
f 6988/1493 7057/1498 7071/1501
f 7057/1498 7118/1498 7071/1501
f 7071/1501 7118/1498 7136/1501
f 7136/1501 7118/1498 7183/1498
f 7183/1258 7118/1258 7084/1262
f 7118/1258 7097/1262 7084/1262
f 7084/1178 7097/1178 7092/1167
f 7097/1178 7174/1167 7092/1167
f 7092/1167 7174/1167 7051/1165
f 7174/1167 7173/1167 7051/1165
f 7051/1165 7173/1167 7176/1165
f 7176/1165 7173/1167 7061/1168
f 7061/1168 7173/1167 7086/1175
f 7173/1167 7097/1178 7086/1175
f 7097/1178 6893/1203 7086/1175
f 6893/1203 6901/1195 7086/1175
f 7086/1175 6901/1195 7061/1168
f 6901/1195 6895/1190 7061/1168
f 6895/1190 7176/1165 7061/1168
f 7176/1467 7390/1528 7061/1524
f 7390/1528 7546/1587 7061/1524
f 7546/1587 7396/1575 7061/1524
f 7061/1496 7396/1476 7086/1535
f 7086/1535 7396/1476 7412/1474
f 7396/1476 7568/1443 7412/1475
f 7412/1475 7568/1443 7561/1450
f 7568/1443 7706/1421 7561/1450
f 7706/1421 7933/1401 7561/1450
f 7933/1401 7886/1402 7561/1450
f 7886/1402 7538/1452 7561/1450
f 7561/1450 7538/1452 7086/1535
f 7538/1239 7537/1243 7086/1164
f 7537/1243 7096/1166 7086/1164
f 7061/1524 7129/1524 7176/1467
f 7051/1467 7176/1467 7130/1524
f 7176/1467 7129/1524 7130/1524
f 7130/1496 7129/1496 7157/1535
f 7129/1496 7061/1496 7157/1535
f 7061/1496 7086/1535 7157/1535
f 7157/1164 7086/1164 7169/1166
f 7086/1164 7096/1166 7169/1166
f 7169/1544 7096/1544 7055/1589
f 7096/1544 7118/1589 7055/1589
f 7055/1543 7118/1543 7136/1588
f 7118/1543 7128/1543 7136/1588
f 7128/1543 7071/1588 7136/1588
f 7127/1513 7172/1515 7104/1515
f 7089/1515 7172/1515 7158/1515
f 7110/1433 7063/1434 7122/1433
f 7122/1433 7063/1434 7068/1434
f 7068/1434 7063/1434 7091/1435
f 7063/1434 7073/1435 7091/1435
f 7073/1512 7158/1515 7091/1512
f 7158/1515 7172/1515 7091/1512
f 7091/1512 7172/1515 7195/1513
f 7172/1515 7127/1513 7195/1513
f 7127/1209 7136/1209 7195/1222
f 7136/1209 7071/1209 7195/1222
f 7071/1209 7497/1304 7195/1222
f 7497/1439 7502/1438 7195/1513
f 7195/1513 7502/1438 7091/1512
f 7502/1438 7511/1437 7091/1512
f 7511/1399 7068/1434 7091/1435
f 7068/1188 6884/1191 7091/1213
f 6884/1534 6656/1486 7091/1541
f 6656/1486 6565/1453 7091/1541
f 6565/1427 6853/1408 7091/1348
f 7091/1348 6853/1408 7195/1362
f 7195/1362 6853/1408 6571/1446
f 6853/1408 6565/1427 6571/1446
f 6571/1446 6565/1427 6593/1446
f 6593/1446 6565/1427 6590/1427
f 6590/1453 6565/1453 6583/1453
f 6583/1453 6565/1453 6564/1453
f 6564/1453 6565/1453 6252/1426
f 6565/1453 6253/1426 6252/1426
f 6252/1426 6253/1426 5112/1387
f 5112/1387 6253/1426 5137/1387
f 6253/1426 6087/1481 5137/1387
f 6087/1481 5825/1454 5137/1387
f 5825/1454 5704/1457 5137/1387
f 5378/1554 5245/1554 5280/1554
f 5280/1554 5245/1554 5392/1554
f 5245/1554 5377/1554 5392/1554
f 5377/1441 5112/1386 5392/1441
f 5112/1386 5137/1386 5392/1441
f 5137/1386 5704/1416 5392/1441
f 5280/1220 5392/1220 5238/1218
f 5113/1436 5238/1431 5275/1431
f 5238/1218 5392/1220 5275/1218
f 5392/1220 5704/1251 5275/1218
f 5704/1251 5712/1249 5275/1218
f 5275/1431 5712/1414 5113/1436
f 5712/1414 5694/1415 5113/1436
f 5694/1586 5698/1566 5113/1585
f 5698/1566 5313/1568 5113/1585
f 5275/1585 5113/1585 5409/1568
f 5113/1585 5313/1568 5409/1568
f 5409/1568 5313/1568 5392/1554
f 5392/1554 5313/1568 5280/1554
f 5313/1568 5698/1566 5280/1554
f 5698/1566 5695/1552 5280/1554
f 5279/1554 5392/1554 5117/1554
f 5392/1554 5280/1554 5117/1554
f 5117/1554 5280/1554 5245/1554
f 5108/1226 5209/1226 5305/1225
f 5209/1226 5284/1225 5305/1225
f 5305/1225 5284/1225 5257/1224
f 5284/1225 5230/1224 5257/1224
f 5230/1224 5089/1224 5257/1224
f 5089/1403 5229/1403 5257/1403
f 5229/1403 5245/1266 5257/1403
f 5245/1266 5280/1266 5257/1403
f 5280/1266 5615/1330 5257/1403
f 5615/1425 6147/1432 5257/1367
f 6147/1432 6444/1398 5257/1367
f 5257/1224 5150/1229 5305/1225
f 5305/1225 5150/1229 5108/1226
f 5108/1226 5150/1229 5365/1230
f 5365/1232 5150/1229 5417/1231
f 5417/1231 5150/1229 5368/1228
f 5150/1229 5257/1224 5368/1228
f 5368/1365 5257/1367 6219/1366
f 5257/1367 6444/1398 6219/1366
f 6444/1548 6229/1562 6219/1550
f 6219/1371 6229/1392 6211/1412
f 6211/1412 6229/1392 6315/1413
f 6229/1392 6307/1391 6315/1413
f 6307/1373 6440/1353 6315/1372
f 6440/1263 6476/1259 6315/1279
f 6476/1259 6250/1293 6315/1279
f 6315/1279 6250/1293 6211/1300
f 5998/1298 5588/1307 6055/1302
f 6055/1282 5588/1283 6036/1269
f 6058/1256 6036/1269 5580/1257
f 6036/1269 5588/1283 5580/1257
f 5239/1306 5580/1317 5113/1313
f 5580/1317 5588/1318 5113/1313
f 5588/1307 5998/1298 5113/1294
f 5998/1298 6017/1295 5113/1294
f 6017/1189 5887/1181 5113/1155
f 5113/1155 5887/1181 5828/1180
f 5828/1180 5887/1181 6165/1204
f 6165/1204 5887/1181 6211/1210
f 5887/1181 6017/1189 6211/1210
f 6211/1210 6017/1189 6315/1221
f 6017/1295 5998/1298 6315/1296
f 6315/1296 5998/1298 6297/1303
f 5998/1298 6055/1302 6297/1303
f 6055/1282 6036/1269 6297/1281
f 6297/1281 6036/1269 6307/1255
f 6036/1269 6058/1256 6307/1255
f 6058/1558 6090/1572 6307/1555
f 6447/1574 6307/1555 6149/1576
f 6307/1555 6090/1572 6149/1576
f 6149/1157 6090/1169 5698/1187
f 6090/1169 6058/1176 5698/1187
f 6058/1176 5580/1196 5698/1187
f 5698/1187 5580/1196 5313/1201
f 5580/1317 5239/1306 5313/1312
f 5239/1306 5299/1305 5313/1312
f 5401/1312 5313/1312 5298/1312
f 5313/1312 5299/1305 5298/1312
f 5144/1305 5299/1305 5356/1306
f 5299/1305 5239/1306 5356/1306
f 5356/1306 5239/1306 5375/1306
f 5375/1306 5239/1306 5276/1306
f 5239/1306 5113/1313 5276/1306
f 5276/1306 5113/1313 5388/1313
f 5388/1155 5113/1155 5402/1156
f 5403/1156 5300/1156 5180/1156
f 5300/1156 5402/1156 5180/1156
f 5402/1156 5113/1155 5180/1156
f 5113/1155 5828/1180 5180/1156
f 5828/1180 6165/1204 5180/1156
f 5314/1379 5180/1400 5330/1379
f 5330/1514 5346/1490 5402/1503
f 5402/1336 5346/1334 5224/1342
f 5224/1375 5346/1375 5205/1375
f 5205/1375 5346/1375 5335/1375
f 5284/1225 5382/1225 5305/1225
f 5382/1286 5283/1286 5305/1286
f 5283/1286 5335/1375 5305/1286
f 5335/1375 5346/1375 5305/1286
f 5346/1375 6130/1285 5305/1286
f 5305/1286 6130/1285 5150/1284
f 5125/1284 5150/1284 6128/1285
f 5150/1284 6130/1285 6128/1285
f 6128/1285 6130/1285 6167/1285
f 6167/1285 6130/1285 6169/1285
f 6165/1578 6169/1557 6109/1578
f 6169/1557 6130/1557 6109/1578
f 6130/1557 5346/1556 6109/1578
f 5346/1556 5330/1577 6109/1578
f 5330/1379 5180/1400 6109/1344
f 6141/1368 6109/1368 6166/1364
f 6109/1368 5180/1423 6166/1364
f 5180/1234 6165/1233 6166/1236
f 6166/1236 6165/1233 6108/1233
f 6108/1233 6165/1233 6115/1233
f 6115/1204 6165/1204 6124/1204
f 6124/1204 6165/1204 6163/1204
f 6163/1204 6165/1204 6208/1210
f 6165/1204 6211/1210 6208/1210
f 6211/1300 6250/1293 6208/1300
f 6250/1418 6251/1393 6208/1418
f 6208/1418 6251/1393 6219/1393
f 6219/1371 6251/1371 6222/1371
f 6222/1521 6251/1521 6249/1521
f 6249/1521 6251/1521 6613/1483
f 6251/1521 6617/1483 6613/1483
f 6613/1483 6617/1483 6679/1483
f 6679/1483 6617/1483 6711/1483
f 6617/1538 6620/1537 6711/1538
f 6711/1538 6620/1537 6731/1537
f 6731/1385 6620/1385 6871/1410
f 6620/1385 6890/1410 6871/1410
f 6890/1509 6900/1510 6871/1509
f 6871/1509 6900/1510 6864/1510
f 6864/1297 6900/1297 6878/1297
f 6878/1297 6900/1297 6898/1297
f 6898/1297 6900/1297 7110/1272
f 6900/1297 7122/1272 7110/1272
f 7110/1433 7122/1433 7793/1335
f 7122/1433 7794/1335 7793/1335
f 7793/1335 7794/1335 7817/1335
f 7817/1200 7794/1200 7846/1200
f 7794/1200 7797/1254 7846/1200
f 7846/1200 7797/1254 7819/1254
f 7797/1357 7976/1350 7819/1350
f 7976/1456 7898/1499 7819/1456
f 7819/1456 7898/1499 7849/1499
f 7849/1523 7898/1523 7843/1571
f 7898/1523 7933/1571 7843/1571
f 7933/1401 7910/1394 7843/1401
f 7843/1401 7910/1394 7825/1394
f 7825/1394 7910/1394 7844/1384
f 7844/1384 7910/1394 7955/1384
f 7910/1394 7952/1394 7955/1384
f 7952/1394 7703/1417 7955/1384
f 7703/1417 7699/1420 7955/1384
f 7699/1250 7912/1308 7955/1311
f 7955/1311 7912/1308 7865/1311
f 7865/1311 7912/1308 7815/1311
f 7912/1395 7525/1444 7815/1395
f 7815/1395 7525/1444 7510/1444
f 7510/1444 7525/1444 7008/1502
f 7525/1444 7176/1502 7008/1502
f 7176/1165 6710/1219 7008/1165
f 7008/1165 6710/1219 6616/1219
f 6710/1208 6245/1270 6616/1208
f 6616/1208 6245/1270 6226/1270
f 6245/1480 5999/1522 6226/1480
f 6226/1480 5999/1522 5997/1522
f 5997/1347 5999/1347 5645/1370
f 5999/1347 5635/1370 5645/1370
f 5645/1331 5635/1331 5546/1310
f 5635/1331 5331/1310 5546/1310
f 6608/9345 6726/9345 6593/9342
f 6593/9342 6726/9345 6571/9342
f 7127/9371 7195/9372 7136/9371
f 7136/9371 7195/9372 7071/9371
f 7195/9372 6571/9342 7071/9371
f 6571/9342 6726/9345 7071/9371
f 7086/9352 7413/9379 7560/9378
f 523/4110 537/4114 518/4111
f 518/4111 537/4114 571/4120
f 571/4120 537/4114 578/4119
f 578/3972 537/3972 545/4055
f 545/4055 537/3972 505/4055
f 537/3972 523/3972 505/4055
f 203/3987 528/3968 314/3987
f 528/3968 563/3968 314/3987
f 237/4344 236/4341 199/4344
f 243/4413 259/4413 248/4418
f 259/4413 217/4418 248/4418
f 248/4326 217/4329 198/4412
f 237/4419 198/4412 250/4334
f 198/4412 217/4329 250/4334
f 217/4418 259/4413 250/4418
f 408/4413 175/4408 259/4413
f 715/4059 566/4100 659/4086
f 659/4370 753/4332 838/4315
f 893/4024 1072/3990 935/4012
f 935/4012 1072/3990 1192/3977
f 1192/3977 1072/3990 1198/3974
f 1072/3990 1183/3978 1198/3974
f 1198/3974 1183/3978 1212/3964
f 1212/4174 1183/4193 1244/4217
f 1244/4227 1183/4257 1158/4247
f 1183/4257 1072/4271 1158/4247
f 1158/4247 1072/4271 958/4283
f 1072/4271 893/4307 958/4283
f 893/4307 838/4315 958/4283
f 958/4283 838/4315 884/4301
f 838/4315 753/4332 884/4301
f 884/4301 753/4332 415/4409
f 753/4332 659/4370 415/4409
f 659/4370 566/4382 415/4409
f 415/4409 566/4382 599/4387
f 566/4100 715/4059 599/4104
f 715/4059 212/4136 599/4104
f 599/4104 212/4136 231/4144
f 212/4385 118/4357 231/4384
f 231/4384 118/4357 117/4356
f 123/4323 117/4322 15/4351
f 155/4406 104/4371 101/4374
f 221/4342 133/4306 236/4341
f 236/4341 133/4306 16/4279
f 16/4279 133/4306 120/4304
f 101/4374 120/4394 143/4401
f 143/4401 120/4394 207/4414
f 120/4394 133/4398 207/4414
f 133/4398 221/4422 207/4414
f 259/4413 207/4414 250/4418
f 250/4123 207/4139 221/4057
f 221/4342 236/4341 237/4344
f 429/4344 237/4344 428/4341
f 237/4344 236/4341 428/4341
f 428/4341 236/4341 378/4341
f 378/4045 236/4045 62/4109
f 62/4109 236/4045 9/4109
f 236/4045 16/4101 9/4109
f 16/4279 120/4304 9/4277
f 120/4354 101/4362 9/4397
f 101/4362 104/4365 9/4397
f 104/4365 15/4402 9/4397
f 15/4351 117/4322 9/4350
f 117/4322 118/4321 9/4350
f 118/4180 212/4155 9/4197
f 1/4197 9/4197 16/4197
f 31/4197 16/4197 45/4197
f 16/4197 9/4197 45/4197
f 9/4197 212/4155 45/4197
f 45/4197 212/4155 386/4155
f 212/4136 715/4059 386/4136
f 386/4136 715/4059 729/4059
f 839/4033 834/4033 805/4033
f 834/4033 816/4033 805/4033
f 816/4033 729/4059 805/4033
f 729/4059 715/4059 805/4033
f 715/4059 659/4086 805/4033
f 659/4086 838/4029 805/4033
f 823/4032 805/4033 789/4032
f 805/4033 838/4029 789/4032
f 838/4029 893/4024 789/4032
f 893/4024 935/4012 789/4032
f 935/4012 1192/3977 789/4032
f 789/4032 1192/3977 839/4032
f 839/4032 1192/3977 1203/3977
f 1203/3977 1192/3977 1216/3974
f 1192/3977 1198/3974 1216/3974
f 1216/3974 1198/3974 1210/3974
f 1459/4395 1210/4423 1345/4395
f 1210/4423 1198/4423 1345/4395
f 1345/4395 1198/4423 1363/4396
f 1198/4423 1212/4415 1363/4396
f 1212/4174 1244/4217 1363/4175
f 1363/4175 1244/4217 1368/4220
f 1368/4215 1244/4227 1329/4209
f 1244/4227 1158/4247 1329/4209
f 1420/4209 1329/4209 1185/4247
f 1329/4209 1158/4247 1185/4247
f 1185/4247 1158/4247 988/4283
f 1158/4247 958/4283 988/4283
f 988/4283 958/4283 891/4301
f 958/4283 884/4301 891/4301
f 891/4301 884/4301 437/4409
f 884/4301 415/4409 437/4409
f 437/4409 415/4409 325/4411
f 325/4411 415/4409 186/4411
f 415/4409 599/4387 186/4411
f 599/4387 231/4416 186/4411
f 231/4384 117/4356 186/4378
f 117/4356 123/4355 186/4378
f 208/4405 186/4405 66/4340
f 66/4340 186/4405 21/4340
f 186/4405 123/4364 21/4340
f 123/4323 15/4351 21/4352
f 15/4348 104/4371 21/4343
f 104/4371 155/4406 21/4343
f 21/4349 155/4406 152/4408
f 155/4406 101/4374 152/4408
f 101/4374 143/4401 152/4408
f 143/4401 207/4414 152/4408
f 207/4414 259/4413 152/4408
f 259/4413 175/4408 152/4408
f 175/4408 66/4349 152/4408
f 66/4349 21/4349 152/4408
f 512/4122 558/4122 528/4117
f 528/4117 558/4122 592/4117
f 592/4117 558/4122 567/4122
f 567/4224 558/4224 573/4254
f 573/4254 558/4224 520/4254
f 558/4224 512/4224 520/4254
f 210/3991 238/3991 254/3992
f 238/3991 222/3992 254/3992
f 254/3992 222/3992 242/3993
f 222/3992 203/3993 242/3993
f 1009/3984 1040/3982 911/4005
f 675/4211 743/4187 750/4199
f 750/4199 743/4187 866/4165
f 743/4187 773/4181 866/4165
f 866/4165 773/4181 868/4161
f 911/4145 890/4158 786/4177
f 890/4158 868/4161 786/4177
f 868/4161 773/4181 786/4177
f 786/4028 773/4031 695/4058
f 773/4031 743/4039 695/4058
f 695/4058 743/4039 688/4068
f 688/4068 743/4039 673/4076
f 673/4076 743/4039 512/4122
f 743/4187 675/4211 512/4224
f 95/4019 167/3999 115/4015
f 115/4015 167/3999 238/3991
f 167/3999 222/3992 238/3991
f 222/4421 480/4410 238/4420
f 480/4410 512/4389 238/4420
f 238/4420 512/4389 520/4388
f 512/4224 675/4211 520/4254
f 675/4211 750/4199 520/4254
f 520/4254 750/4199 761/4199
f 761/4199 750/4199 980/4150
f 750/4199 866/4165 980/4150
f 866/4165 868/4161 980/4150
f 868/4161 890/4158 980/4150
f 980/4150 890/4158 981/4147
f 890/4158 911/4145 981/4147
f 911/4145 1040/4097 981/4147
f 1040/4097 1084/4074 981/4147
f 981/4147 1084/4074 1106/4090
f 1084/4074 1148/4052 1106/4090
f 1148/4052 1182/4047 1106/4090
f 1106/4090 1182/4047 1304/4021
f 1182/4047 1479/3998 1304/4021
f 1304/4021 1479/3998 1675/3981
f 1674/3971 1675/3981 1845/3971
f 1845/3971 1675/3981 1497/3997
f 1675/3981 1479/3998 1497/3997
f 1497/4185 1479/4189 1239/4205
f 1239/4205 1479/4189 1225/4208
f 1479/4189 1182/4226 1225/4208
f 1182/4226 1148/4240 1225/4208
f 1225/4208 1148/4240 1195/4218
f 1148/4240 1084/4261 1195/4218
f 1195/4218 1084/4261 1070/4259
f 1084/4261 1040/4274 1070/4259
f 1040/4274 1009/4278 1070/4259
f 1070/3963 1009/3984 844/4014
f 1009/3984 911/4005 844/4014
f 911/4005 786/4028 844/4014
f 786/4028 695/4058 844/4014
f 844/4014 695/4058 616/4093
f 695/4058 688/4068 616/4093
f 688/4068 673/4076 616/4093
f 616/4093 673/4076 528/4117
f 673/4076 512/4122 528/4117
f 512/4389 480/4410 528/4390
f 480/4410 222/4421 528/4390
f 528/4390 222/4421 203/4417
f 222/3992 167/3999 203/3993
f 203/3993 167/3999 152/4004
f 167/3999 95/4019 152/4004
f 152/4004 95/4019 97/4020
f 97/4020 95/4019 13/4041
f 187/4096 125/4078 111/4081
f 131/4084 111/4081 11/4069
f 111/4252 125/4255 11/4265
f 125/4078 5/4054 11/4069
f 5/4249 13/4245 11/4248
f 13/4041 95/4019 11/4037
f 95/4019 115/4015 11/4037
f 115/4015 238/3991 11/4037
f 11/4037 238/3991 47/4037
f 47/4037 238/3991 384/3991
f 238/4420 520/4388 384/4420
f 384/4420 520/4388 552/4388
f 520/4254 761/4199 552/4254
f 552/4254 761/4199 776/4199
f 776/4199 761/4199 1002/4147
f 761/4199 980/4150 1002/4147
f 980/4150 981/4147 1002/4147
f 1002/4147 981/4147 1003/4147
f 981/4147 1106/4090 1003/4147
f 1003/4147 1106/4090 1134/4090
f 1990/4317 1134/4318 1737/4317
f 1134/4318 1106/4318 1737/4317
f 1106/4318 1304/4297 1737/4317
f 1304/4297 1675/4276 1737/4317
f 1853/4317 1737/4317 1751/4276
f 1737/4317 1675/4276 1751/4276
f 1751/3981 1675/3981 1746/3971
f 1675/3981 1674/3971 1746/3971
f 1746/4153 1674/4153 1740/4156
f 1674/4153 1845/4153 1740/4156
f 937/4337 957/4337 1169/4270
f 912/4305 801/4327 902/4303
f 1042/4266 902/4303 951/4284
f 902/4303 801/4327 951/4284
f 951/4284 801/4327 728/4353
f 728/4353 801/4327 788/4330
f 788/4330 801/4327 897/4310
f 801/4327 912/4305 897/4310
f 897/4239 912/4238 995/4316
f 912/4238 902/4237 995/4316
f 1079/4345 995/4316 996/4320
f 995/4290 902/4303 996/4289
f 996/4289 902/4303 1124/4253
f 902/4303 1042/4266 1124/4253
f 1305/4191 1281/4183 1561/4206
f 1561/4206 1281/4183 1337/4198
f 1281/4183 1236/4176 1337/4198
f 1337/4198 1236/4176 1262/4178
f 1236/4176 1200/4160 1262/4178
f 1262/4178 1200/4160 1169/4154
f 1200/4160 1124/4141 1169/4154
f 1124/4141 1042/4116 1169/4154
f 1042/4300 951/4335 1169/4270
f 1169/4270 951/4335 937/4337
f 937/4337 951/4335 712/4399
f 951/4262 728/4313 712/4314
f 728/4313 788/4296 712/4314
f 660/4288 712/4267 777/4251
f 712/4358 788/4330 777/4346
f 788/4330 897/4310 777/4346
f 777/4214 897/4239 844/4292
f 897/4239 995/4287 844/4292
f 995/4287 1079/4345 844/4292
f 844/4292 1079/4345 1070/4347
f 1079/4345 996/4320 1070/4347
f 996/4289 1124/4253 1070/4269
f 1124/4141 1200/4160 1070/4130
f 1070/4130 1200/4160 1219/4170
f 1200/4160 1236/4176 1219/4170
f 1236/4176 1281/4183 1219/4170
f 1281/4183 1305/4191 1219/4170
f 1219/4170 1305/4191 1612/4216
f 1305/4191 1561/4206 1612/4216
f 1612/4216 1561/4206 1607/4213
f 1561/4206 1337/4198 1607/4213
f 1691/4229 1780/4229 1841/4228
f 1780/4229 1781/4229 1841/4228
f 1841/4228 1781/4229 1718/4228
f 1781/4229 1607/4213 1718/4228
f 1607/4213 1337/4198 1718/4228
f 1973/4228 1718/4228 1477/4198
f 1718/4228 1337/4198 1477/4198
f 1477/4198 1337/4198 1285/4178
f 1337/4198 1262/4178 1285/4178
f 1285/4178 1262/4178 1187/4154
f 1262/4178 1169/4154 1187/4154
f 1187/4270 1169/4270 973/4337
f 1169/4270 957/4337 973/4337
f 957/4337 937/4337 725/4399
f 937/4337 712/4399 725/4399
f 725/4267 712/4267 547/4309
f 249/3988 190/3988 236/3986
f 205/3986 236/3986 224/3988
f 236/3986 190/3988 224/3988
f 224/3988 190/3988 242/3987
f 190/3988 249/3988 242/3987
f 254/4421 222/4421 210/4420
f 238/4420 210/4420 222/4421
f 222/4421 254/4421 203/4417
f 254/4421 242/4417 203/4417
f 242/3987 249/3988 203/3987
f 249/3988 470/3980 203/3987
f 470/3980 523/3969 203/3987
f 203/3987 523/3969 528/3968
f 523/3969 537/3969 528/3968
f 528/4390 558/4389 512/4389
f 512/4389 558/4389 520/4388
f 520/4388 558/4389 573/4388
f 573/4388 558/4389 567/4389
f 567/4389 558/4389 592/4390
f 558/4389 528/4390 592/4390
f 528/3968 537/3969 592/3968
f 592/3968 537/3969 578/3969
f 578/3969 537/3969 571/3970
f 571/3970 537/3969 518/3970
f 537/3969 523/3969 518/3970
f 523/3969 470/3980 518/3970
f 470/3980 249/3988 518/3970
f 249/3988 236/3986 518/3970
f 236/3986 378/3986 518/3970
f 378/3986 547/3970 518/3970
f 547/4309 712/4267 518/4309
f 518/4309 712/4267 526/4308
f 712/4267 660/4288 526/4308
f 526/4173 660/4186 525/4212
f 660/4186 777/4214 525/4212
f 777/4214 844/4292 525/4212
f 523/3972 511/4000 505/4055
f 511/4000 525/4025 505/4055
f 525/4212 844/4292 505/4223
f 505/4223 844/4292 563/4223
f 563/4223 844/4292 880/4292
f 844/4292 1070/4347 880/4292
f 880/4292 1070/4347 1099/4347
f 1070/4130 1219/4170 1099/4130
f 1099/4130 1219/4170 1242/4170
f 1219/4170 1612/4216 1242/4170
f 1242/4170 1612/4216 1640/4216
f 2100/4230 1640/4216 1837/4230
f 1640/4216 1612/4216 1837/4230
f 1612/4216 1607/4213 1837/4230
f 1607/4213 1781/4229 1837/4230
f 1781/4229 1780/4229 1837/4230
f 1780/4229 1691/4229 1837/4230
f 1691/4229 1740/4230 1837/4230
f 1740/4156 1845/4153 1837/4156
f 1845/4153 1497/4185 1837/4143
f 1497/4185 1239/4205 1837/4143
f 1239/4205 1225/4208 1837/4156
f 2100/4156 1837/4156 1267/4208
f 1837/4156 1225/4208 1267/4208
f 1267/4208 1225/4208 1206/4218
f 1225/4208 1195/4218 1206/4218
f 1206/4218 1195/4218 1099/4259
f 1195/4218 1070/4259 1099/4259
f 1099/3963 1070/3963 880/4014
f 1070/3963 844/4014 880/4014
f 880/4014 844/4014 654/4093
f 844/4014 616/4093 654/4093
f 654/4093 616/4093 563/4117
f 616/4093 528/4117 563/4117
f 563/4390 528/4390 314/4417
f 528/4390 203/4417 314/4417
f 314/3993 203/3993 175/4004
f 203/3993 152/4004 175/4004
f 175/4004 152/4004 65/4042
f 65/4042 152/4004 7/4042
f 152/4004 97/4020 7/4042
f 97/4020 13/4041 7/4042
f 13/4245 5/4249 7/4246
f 22/4250 7/4246 21/4250
f 7/4246 5/4249 21/4250
f 5/4054 125/4078 21/4046
f 125/4078 187/4096 21/4056
f 21/4046 187/4096 186/4102
f 187/4096 111/4081 186/4102
f 111/4081 131/4084 186/4102
f 131/4084 195/4106 186/4102
f 195/4106 256/4106 186/4102
f 231/4384 232/4384 212/4385
f 240/4385 212/4385 192/4384
f 212/4385 232/4384 192/4384
f 192/4384 232/4384 208/4383
f 232/4384 231/4384 208/4383
f 231/4384 186/4383 208/4383
f 208/4102 186/4102 227/4106
f 186/4102 256/4106 227/4106
f 227/4106 256/4106 246/4105
f 256/4106 195/4106 246/4105
f 246/4105 195/4106 215/4105
f 195/4106 131/4084 215/4105
f 131/4084 11/4069 215/4105
f 887/4044 677/4003 705/4009
f 703/4008 705/4006 191/3966
f 191/3967 705/4009 258/3975
f 705/4009 677/4003 258/3975
f 258/3975 677/4003 836/4030
f 677/4003 887/4044 836/4030
f 1214/4140 1233/4149 1186/4133
f 1233/4149 1158/4128 1186/4133
f 1186/4133 1158/4128 1125/4118
f 1158/4128 958/4066 1125/4118
f 1125/4118 958/4066 1045/4085
f 1045/4085 958/4066 964/4064
f 958/4066 836/4030 964/4064
f 836/4030 887/4044 964/4064
f 964/4061 887/4040 952/4060
f 887/4040 705/4006 952/4060
f 705/4006 703/4008 952/4060
f 952/4060 703/4008 215/3965
f 703/4008 191/3966 215/3965
f 191/3966 219/3966 215/3965
f 246/3965 215/3965 220/3966
f 215/3965 219/3966 220/3966
f 220/3967 219/3967 197/3975
f 219/3967 191/3967 197/3975
f 191/3967 258/3975 197/3975
f 197/3975 258/3975 208/3976
f 212/4136 240/4136 231/4144
f 240/4136 232/4144 231/4144
f 231/4416 232/4416 186/4411
f 232/4416 192/4416 186/4411
f 192/4416 208/4411 186/4411
f 208/3976 258/3975 186/3976
f 258/3975 836/4030 186/3976
f 21/4046 186/4102 53/4046
f 53/4046 186/4102 324/4102
f 186/3976 836/4030 324/3976
f 324/3976 836/4030 846/4030
f 836/4030 958/4066 846/4030
f 846/4030 958/4066 988/4066
f 958/4066 1158/4128 988/4066
f 988/4066 1158/4128 1174/4128
f 1158/4128 1233/4149 1174/4128
f 1174/4128 1233/4149 1258/4149
f 1420/4169 1258/4149 1329/4169
f 1258/4149 1233/4149 1329/4169
f 1233/4149 1214/4140 1329/4169
f 1214/4140 1333/4168 1329/4169
f 1333/4168 1382/4168 1329/4169
f 1329/4234 1450/4241 1359/4235
f 1359/4235 1450/4241 1345/4236
f 1345/4236 1450/4241 1483/4244
f 1483/4244 1450/4241 1492/4243
f 1492/4243 1450/4241 1461/4242
f 1450/4241 1329/4234 1461/4242
f 1329/4169 1382/4168 1461/4169
f 1461/4169 1382/4168 1472/4168
f 1472/4164 1382/4164 1485/4167
f 1485/4167 1382/4164 1348/4167
f 1382/4164 1333/4164 1348/4167
f 1333/4164 1214/4138 1348/4167
f 1391/4167 1348/4167 1138/4113
f 1138/4113 1348/4167 1107/4113
f 1348/4167 1214/4138 1107/4113
f 1214/4138 1186/4132 1107/4113
f 1186/4132 1125/4115 1107/4113
f 1125/4115 1045/4083 1107/4108
f 1045/4083 964/4061 1107/4108
f 964/4061 952/4060 1107/4108
f 1138/4108 1107/4108 1139/4108
f 1139/4108 1107/4108 1132/4108
f 1132/4108 1107/4108 982/4060
f 1107/4108 952/4060 982/4060
f 982/4060 952/4060 392/3965
f 952/4060 215/3965 392/3965
f 392/4105 215/4105 47/4069
f 215/4105 11/4069 47/4069
f 35/4069 47/4069 18/4069
f 47/4069 11/4069 18/4069
f 18/4069 11/4069 3/4069
f 3849/4361 3848/4361 3880/4366
f 3829/4366 3880/4366 3900/4361
f 3880/4366 3848/4361 3900/4361
f 3900/4222 3848/4222 3878/4312
f 3848/4222 3849/4222 3878/4312
f 3849/4222 3909/4312 3878/4312
f 3849/4280 3848/4280 3909/4273
f 3878/4273 3909/4273 3900/4280
f 3909/4273 3848/4280 3900/4280
f 3900/4281 3848/4281 3829/4282
f 3848/4281 3849/4281 3829/4282
f 3829/4282 3849/4281 3880/4282
f 4249/4103 4659/4018 4682/4018
f 4694/4027 4614/4016 4794/4007
f 4823/4001 4794/4007 4675/4010
f 4794/4007 4614/4016 4675/4010
f 4675/4011 4535/4070 4548/4067
f 4548/4067 4535/4070 4248/4099
f 4248/4099 4535/4070 4542/4072
f 4535/4070 4675/4011 4542/4072
f 4675/4011 4614/4022 4542/4072
f 4542/4072 4614/4049 4520/4075
f 4520/4075 4614/4049 4540/4071
f 4614/4016 4694/4027 4540/4035
f 4694/4027 4578/4043 4540/4035
f 4540/4051 4578/4048 4462/4073
f 4528/4065 4406/4082 4538/4062
f 4538/4062 4406/4082 4462/4073
f 4462/4089 4406/4094 4185/4121
f 4185/4121 4406/4094 4175/4127
f 4175/4127 4406/4094 4339/4098
f 4406/4082 4528/4065 4339/4087
f 4167/4131 4339/4107 4184/4129
f 3896/4190 3976/4172 3904/4194
f 3904/4194 3976/4172 4117/4151
f 3976/4172 4184/4112 4117/4151
f 4117/4151 4184/4112 4481/4079
f 4184/4112 4339/4087 4481/4079
f 4339/4087 4528/4065 4481/4079
f 4481/4079 4528/4065 4611/4038
f 4528/4065 4538/4062 4611/4038
f 4538/4062 4462/4073 4611/4038
f 4462/4073 4578/4048 4611/4038
f 4578/4077 4694/4124 4611/4091
f 4611/4091 4694/4124 4898/4171
f 4694/4124 4794/4142 4898/4171
f 4794/4142 4823/4152 4898/4171
f 4898/4171 4823/4152 4857/4159
f 4823/4001 4675/4010 4857/3994
f 4857/3994 4675/4010 4856/3989
f 4856/3989 4675/4010 5422/3956
f 5422/3959 4675/4011 4854/3985
f 4854/3985 4675/4011 4682/4018
f 4675/4011 4548/4050 4682/4018
f 4548/4050 4248/4099 4682/4018
f 4682/4018 4248/4099 4249/4103
f 4248/4099 4542/4072 4249/4103
f 4542/4072 4520/4075 4249/4103
f 4520/4075 4540/4071 4249/4103
f 4540/4071 4462/4089 4249/4103
f 4462/4089 4185/4121 4249/4103
f 4249/4103 4185/4121 4077/4137
f 4185/4121 4175/4127 4077/4137
f 4175/4127 4339/4107 4077/4137
f 4339/4107 4167/4131 4077/4137
f 4077/4137 4167/4131 4053/4146
f 4167/4131 4184/4129 4053/4146
f 4184/4129 3976/4166 4053/4146
f 3976/4166 3896/4182 4053/4146
f 4053/4146 3896/4182 3831/4179
f 3919/4179 3831/4179 3847/4182
f 3831/4179 3896/4182 3847/4182
f 3847/4190 3896/4190 3860/4194
f 3896/4190 3904/4194 3860/4194
f 3860/4194 3904/4194 3829/4200
f 3829/4200 3904/4194 3880/4200
f 3904/4194 4117/4151 3880/4200
f 4117/4151 4481/4079 3880/4200
f 3422/4268 3512/4264 3880/4184
f 3512/4264 3819/4260 3880/4184
f 3819/4260 3859/4260 3880/4184
f 3829/4184 3880/4184 3858/4260
f 3880/4184 3859/4260 3858/4260
f 3858/3957 3859/3957 3919/3958
f 3859/3957 3819/3957 3919/3958
f 3919/3958 3819/3957 3831/3958
f 3819/3957 3512/3973 3831/3958
f 3831/3958 3512/3973 3454/3983
f 3512/4264 3422/4268 3454/4359
f 3454/4359 3422/4268 3230/4386
f 3422/4268 3225/4286 3230/4386
f 3230/4386 3225/4286 3202/4291
f 3121/4291 3202/4291 3234/4210
f 3202/4291 3225/4286 3234/4210
f 3225/4286 3422/4268 3234/4210
f 3422/4268 3880/4184 3234/4210
f 3135/4210 3234/4210 3588/4184
f 3234/4210 3880/4184 3588/4184
f 3588/4200 3880/4200 4450/4079
f 3880/4200 4481/4079 4450/4079
f 4450/4079 4481/4079 4595/4038
f 4481/4079 4611/4038 4595/4038
f 4595/4091 4611/4091 4891/4171
f 4611/4091 4898/4171 4891/4171
f 4891/4171 4898/4171 5159/4192
f 5159/4192 4898/4171 5506/4192
f 4898/4171 4857/4159 5506/4192
f 4857/4159 4856/4162 5506/4192
f 4856/3989 5422/3956 5506/3979
f 5422/3956 5421/3956 5506/3979
f 4447/4285 4288/4294 4169/4302
f 4169/4302 4288/4294 4141/4311
f 4141/4311 4288/4294 4076/4319
f 4048/4328 3849/4361 4202/4298
f 3849/4361 4038/4331 4202/4298
f 4038/4331 4057/4325 4202/4298
f 4057/4324 4076/4319 4202/4298
f 4076/4319 4288/4294 4202/4298
f 4202/4163 4288/4157 4552/4135
f 4552/4135 4288/4157 4573/4134
f 4288/4157 4447/4148 4573/4134
f 4573/4134 4447/4148 4582/4126
f 4582/4126 4447/4148 4585/4125
f 4585/4125 4447/4148 4596/4095
f 4909/4207 4831/4219 4729/4233
f 4831/4219 4757/4232 4729/4233
f 4729/4233 4757/4232 4611/4258
f 4757/4232 4640/4256 4611/4258
f 4611/4258 4640/4256 4481/4275
f 4640/4256 4596/4263 4481/4275
f 4596/4263 4447/4285 4481/4275
f 4447/4285 4169/4302 4481/4275
f 4481/4275 4169/4302 4027/4336
f 4169/4302 4141/4311 4027/4336
f 4141/4311 4076/4319 4027/4336
f 4011/3996 4027/3995 3951/4013
f 4027/4336 4076/4319 3951/4363
f 4076/4319 4057/4324 3951/4363
f 4057/4324 4038/4331 3951/4363
f 4011/3996 3951/4013 3880/4023
f 3951/4360 4038/4331 3880/4366
f 4038/4331 3849/4361 3880/4366
f 3849/4281 3529/4293 3880/4282
f 3880/4282 3529/4293 3508/4299
f 3258/4375 3390/4339 3386/4338
f 3390/4339 3508/4299 3386/4338
f 3386/4338 3508/4299 3399/4333
f 3508/4299 3529/4293 3399/4333
f 3529/4272 3420/4231 3399/4225
f 3399/4225 3420/4231 3289/4203
f 3289/4203 3420/4231 3909/4273
f 3420/4231 3529/4272 3909/4273
f 3529/4272 3849/4280 3909/4273
f 3849/4222 4048/4295 3909/4312
f 4190/4367 3909/4312 4199/4367
f 3909/4312 4048/4295 4199/4367
f 4048/4204 4202/4163 4199/4188
f 4202/4163 4552/4135 4199/4188
f 4199/4188 4552/4135 4742/4092
f 4552/4135 4573/4134 4742/4092
f 4573/4134 4582/4126 4742/4092
f 4582/4126 4585/4125 4742/4092
f 4742/4092 4585/4125 4761/4088
f 4585/4125 4596/4095 4761/4088
f 4596/4095 4640/4080 4761/4088
f 4761/4088 4640/4080 4853/4053
f 4640/4080 4757/4063 4853/4053
f 4757/4063 4831/4036 4853/4053
f 4853/4053 4831/4036 4907/4026
f 4907/4026 4831/4036 5467/4002
f 4831/4219 4909/4207 5467/4196
f 5467/4196 4909/4207 5506/4195
f 4909/4207 4729/4233 5506/4195
f 4729/4233 4611/4258 5506/4195
f 5506/4195 4611/4258 5159/4195
f 5159/4195 4611/4258 4595/4258
f 4611/4258 4481/4275 4595/4258
f 4595/4258 4481/4275 4450/4275
f 4481/4275 4027/4336 4450/4275
f 4450/4275 4027/4336 4008/4336
f 4027/3995 4011/3996 4008/3996
f 4008/3996 4011/3996 4002/3996
f 4011/3996 3880/4023 4002/3996
f 4002/3996 3880/4023 3588/4023
f 3880/4282 3508/4299 3588/4282
f 3588/4282 3508/4299 3492/4299
f 3135/4376 3492/4299 3234/4376
f 3492/4299 3508/4299 3234/4376
f 3508/4299 3390/4339 3234/4376
f 3390/4339 3258/4375 3234/4376
f 3234/4376 3258/4375 3147/4375
f 3085/4201 3147/4201 3130/4202
f 3130/4202 3147/4201 3254/4202
f 3147/4201 3258/4201 3254/4202
f 3258/4201 3386/4221 3254/4202
f 3386/4221 3399/4225 3254/4202
f 3399/4225 3289/4203 3254/4202
f 3289/4203 3909/4273 3254/4202
f 3164/4202 3254/4202 3697/4273
f 3254/4202 3909/4273 3697/4273
f 3697/4312 3909/4312 4182/4367
f 3909/4312 4190/4367 4182/4367
f 4182/4188 4190/4188 4706/4092
f 4190/4188 4199/4188 4706/4092
f 4199/4188 4742/4092 4706/4092
f 4706/4092 4742/4092 4705/4088
f 4742/4092 4761/4088 4705/4088
f 4705/4088 4761/4088 4726/4088
f 4726/4088 4761/4088 4834/4053
f 4761/4088 4853/4053 4834/4053
f 4834/4053 4853/4053 5127/4017
f 5127/4017 4853/4053 5405/4017
f 4853/4053 4907/4026 5405/4017
f 4907/4026 5467/4002 5405/4017
f 5467/4002 5466/4002 5405/4017
f 5504/4017 5405/4017 5547/4002
f 5405/4017 5466/4002 5547/4002
f 5547/4196 5466/4196 5442/4195
f 5466/4196 5467/4196 5442/4195
f 5467/4196 5506/4195 5442/4195
f 5442/3979 5506/3979 5489/3956
f 5506/3979 5421/3956 5489/3956
f 5489/3959 5421/3959 5413/3962
f 5421/3959 5422/3959 5413/3962
f 5413/3962 5422/3959 5444/3962
f 5422/3959 4854/3985 5444/3962
f 4854/3985 4682/4018 5444/3962
f 4682/4018 4659/4018 5444/3962
f 5444/3962 4659/4018 5061/3962
f 4639/4018 4659/4018 4201/4103
f 4659/4018 4249/4103 4201/4103
f 4249/4103 4077/4137 4201/4103
f 4201/4103 4077/4137 4071/4137
f 4077/4137 4053/4146 4071/4137
f 4071/4137 4053/4146 4044/4146
f 4053/4146 3831/4179 4044/4146
f 4044/4146 3831/4179 3549/4179
f 3831/3958 3454/3983 3549/3958
f 3549/3958 3454/3983 3443/3983
f 3107/3955 3443/3960 3217/3955
f 3443/3960 3454/3960 3217/3955
f 3454/3960 3230/3961 3217/3955
f 3230/3961 3202/4034 3217/3955
f 3202/4034 3121/4034 3217/3955
f 3217/3955 3121/4034 3075/3955
f 3075/3955 3121/4034 3064/4034
f 3064/4291 3121/4291 3101/4210
f 3121/4291 3234/4210 3101/4210
f 3234/4376 3147/4375 3101/4376
f 3147/4375 3085/4375 3101/4376
f 2137/4400 2273/4392 2250/4391
f 2273/4392 2304/4392 2250/4391
f 2250/4391 2304/4392 2380/4391
f 2380/4391 2304/4392 2388/4392
f 2388/4392 2304/4392 2384/4393
f 2384/4381 2336/4380 2394/4380
f 2394/4380 2336/4380 2401/4379
f 2336/4380 2279/4380 2292/4379
f 2279/4380 2113/4377 2292/4379
f 2370/4379 2292/4379 2203/4372
f 2203/4372 2292/4379 2083/4372
f 2292/4379 2113/4377 2083/4372
f 2113/4377 2032/4373 2083/4372
f 2032/4373 2031/4373 2083/4372
f 2083/4372 2031/4373 1967/4372
f 1967/4372 2031/4373 2117/4373
f 2117/4373 2031/4373 2079/4368
f 2079/4368 2031/4373 1947/4368
f 2031/4373 2032/4373 1947/4368
f 2032/4373 2113/4377 1947/4368
f 2350/4381 2264/4368 2229/4381
f 2264/4368 1947/4368 2229/4381
f 1947/4369 2113/4377 2229/4381
f 2113/4377 2279/4380 2229/4381
f 2279/4380 2336/4380 2229/4381
f 2336/4380 2384/4381 2229/4381
f 2384/4393 2304/4392 2229/4393
f 2304/4392 2273/4392 2229/4393
f 2273/4392 2137/4400 2229/4393
f 2350/4393 2229/4393 2233/4404
f 2233/4404 2229/4393 2069/4404
f 2229/4393 2137/4400 2069/4404
f 2137/4400 1996/4403 2069/4404
f 1996/4403 2111/4403 2069/4404
f 2069/4404 2111/4403 2080/4404
f 2080/4404 2111/4403 1906/4403
f 1906/4403 2111/4403 1944/4407
f 1944/4407 2111/4403 2067/4407
f 2111/4403 1996/4403 2067/4407
f 1996/4403 2137/4400 2067/4407
f 2137/4400 2250/4391 2067/4407
f 2067/4407 2250/4391 2258/4407
f 2258/4407 2250/4391 2366/4391
f 3185/9260 3229/9259 3176/9259
f 2592/9250 2573/9251 2751/9208
f 2751/9319 2939/9278 2921/9286
f 2939/9278 2972/9272 2921/9286
f 2579/9338 2921/9286 2891/9286
f 2891/9286 2921/9286 3072/9260
f 2921/9286 3185/9260 3072/9260
f 3072/9260 3185/9260 3131/9260
f 3131/9260 3185/9260 3188/9260
f 3219/9259 3188/9260 3229/9259
f 3188/9260 3185/9260 3229/9259
f 3229/9259 3185/9260 3172/9261
f 3185/9260 2921/9286 3172/9261
f 2921/9286 2972/9272 3172/9261
f 3172/9261 3114/9261 3229/9259
f 3229/9259 3114/9261 3076/9259
f 3076/9259 3114/9261 3033/9261
f 3033/9156 3114/9156 3032/9157
f 2523/9069 2505/9081 2490/9090
f 2505/9081 2482/9089 2490/9090
f 2482/9008 2438/9036 2490/9009
f 2490/9009 2438/9036 2344/9047
f 2438/9036 2389/9040 2344/9047
f 2344/9047 2389/9040 2328/9046
f 2328/9046 2389/9040 2431/9038
f 2389/9040 2438/9036 2431/9038
f 2431/9038 2438/9036 2483/9020
f 2438/9036 2482/9008 2483/9020
f 2482/9089 2505/9081 2483/9094
f 2483/9093 2505/9081 2536/9066
f 2505/9081 2523/9069 2536/9066
f 2536/9067 2523/9069 2573/9060
f 2523/9069 2574/9061 2573/9060
f 2574/9343 2696/9348 2573/9340
f 2573/9340 2696/9348 2754/9357
f 2696/9348 2700/9351 2754/9357
f 2754/9357 2700/9351 2782/9361
f 3032/9380 3129/9382 3020/9382
f 3020/9244 3129/9244 3071/9255
f 3071/9255 3129/9244 3215/9255
f 3129/9244 3184/9244 3215/9255
f 3184/9244 2924/9216 3215/9255
f 2805/9196 3113/9255 2813/9196
f 3113/9255 3215/9255 2813/9196
f 3215/9255 2924/9216 2813/9196
f 2924/9216 2883/9209 2813/9196
f 2883/9209 2869/9207 2813/9196
f 2809/9196 2813/9196 2804/9194
f 2813/9196 2869/9207 2804/9194
f 2869/9207 2782/9190 2804/9194
f 2805/9194 2804/9194 2792/9194
f 2792/9194 2804/9194 2786/9194
f 2551/9162 2560/9162 2601/9162
f 2560/9162 2786/9194 2601/9162
f 2786/9194 2804/9194 2601/9162
f 2804/9194 2782/9190 2601/9162
f 2782/9190 2700/9174 2601/9162
f 2700/9174 2696/9171 2601/9162
f 2577/9159 2601/9162 2591/9159
f 2601/9162 2696/9171 2591/9159
f 2696/9171 2574/9158 2591/9159
f 2574/9061 2523/9069 2591/9062
f 2523/9069 2490/9090 2591/9062
f 2582/9062 2591/9062 2517/9090
f 2591/9062 2490/9090 2517/9090
f 2517/9009 2490/9009 2402/9047
f 2490/9009 2344/9047 2402/9047
f 2402/9047 2344/9047 2282/9057
f 2282/9057 2344/9047 2166/9057
f 2344/9048 2328/9046 2166/9057
f 2328/9046 2103/9059 2166/9057
f 2103/9059 2219/9059 2166/9057
f 2166/9057 2219/9059 2295/9057
f 2295/9057 2219/9059 2253/9059
f 2253/9059 2219/9059 2280/9058
f 2280/9058 2219/9059 2102/9058
f 2219/9059 2103/9059 2102/9058
f 2103/9059 2328/9046 2102/9058
f 2328/9046 2431/9038 2102/9058
f 2102/9058 2431/9038 2221/9058
f 2221/9058 2431/9038 2443/9038
f 2431/9038 2483/9020 2443/9038
f 2443/9038 2483/9020 2501/9020
f 2483/9094 2536/9066 2501/9094
f 2501/9094 2536/9066 2562/9066
f 2536/9066 2573/9060 2562/9066
f 2562/9066 2573/9060 2594/9066
f 2573/9340 2754/9357 2594/9340
f 2594/9340 2754/9357 2740/9357
f 2740/9357 2754/9357 2931/9374
f 3175/9380 3092/9380 2957/9374
f 3092/9380 2931/9374 2957/9374
f 2931/9374 2754/9357 2957/9374
f 2754/9357 2782/9361 2957/9374
f 2782/9361 2869/9368 2957/9374
f 2869/9368 2883/9369 2957/9374
f 2883/9369 2924/9373 2957/9374
f 2957/9374 2924/9373 3175/9380
f 2924/9373 3184/9382 3175/9380
f 3184/9382 3129/9382 3175/9380
f 3129/9382 3032/9380 3175/9380
f 3032/9157 3114/9156 3175/9157
f 3114/9156 3172/9156 3175/9157
f 3172/9156 2972/9170 3175/9157
f 2972/9170 2939/9179 3175/9157
f 3175/9157 2939/9179 2957/9173
f 2939/9179 2751/9208 2957/9173
f 2751/9208 2573/9251 2957/9173
f 3175/9157 2957/9173 3092/9157
f 3092/9157 2957/9173 2931/9173
f 2931/9173 2957/9173 2594/9251
f 2957/9173 2573/9251 2594/9251
f 2594/9254 2573/9254 2501/9277
f 2573/9254 2483/9277 2501/9277
f 2501/9277 2483/9277 2443/9305
f 2483/9277 2431/9305 2443/9305
f 2443/9305 2431/9305 2410/9316
f 2431/9305 2373/9316 2410/9316
f 2410/9316 2373/9316 2254/9323
f 2254/9323 2373/9316 2168/9323
f 2189/9325 2237/9325 2168/9323
f 2168/9323 2237/9325 2332/9323
f 2332/9323 2237/9325 2331/9325
f 2331/9095 2237/9095 2316/9096
f 2316/9096 2237/9095 2149/9096
f 2237/9095 2189/9095 2149/9096
f 2149/9096 2189/9095 2391/9103
f 2189/9325 2168/9323 2391/9314
f 2168/9323 2373/9316 2391/9314
f 2391/9314 2373/9316 2427/9304
f 2373/9316 2431/9305 2427/9304
f 2427/9304 2431/9305 2446/9300
f 2431/9305 2483/9277 2446/9300
f 2446/9300 2483/9277 2466/9285
f 2466/9285 2483/9277 2516/9269
f 2483/9277 2573/9254 2516/9269
f 2573/9254 2592/9252 2516/9269
f 2575/9146 2516/9140 2576/9147
f 2516/9140 2592/9154 2576/9147
f 2592/9339 2751/9319 2576/9338
f 2751/9319 2921/9286 2576/9338
f 2921/9286 2579/9338 2576/9338
f 2579/9147 2476/9126 2576/9147
f 2576/9147 2476/9126 2459/9126
f 2476/9126 2297/9096 2459/9126
f 2297/9096 2149/9096 2459/9126
f 2149/9096 2391/9103 2459/9126
f 2391/9103 2427/9112 2459/9126
f 2427/9112 2446/9115 2459/9126
f 2446/9115 2466/9123 2459/9126
f 2466/9123 2516/9140 2459/9126
f 2516/9140 2575/9146 2459/9126
f 2575/9146 2576/9147 2459/9126
f 524/4668 538/4672 519/4669
f 519/4669 538/4672 572/4675
f 572/4675 538/4672 579/4674
f 579/4456 538/4456 546/4506
f 546/4506 538/4456 506/4506
f 538/4456 524/4456 506/4506
f 204/4557 529/4578 315/4557
f 529/4578 564/4578 315/4557
f 235/4645 234/4644 201/4645
f 513/4533 559/4533 529/4529
f 529/4529 559/4533 593/4529
f 568/4533 559/4533 574/4522
f 574/4522 559/4533 521/4522
f 559/4533 513/4533 521/4522
f 196/4552 257/4552 216/4548
f 247/4548 216/4548 228/4552
f 216/4548 257/4552 228/4552
f 228/4550 257/4550 209/4547
f 257/4550 196/4550 209/4547
f 213/4429 241/4429 229/4428
f 241/4429 230/4428 229/4428
f 229/4454 230/4454 185/4465
f 230/4454 193/4454 185/4465
f 193/4454 209/4465 185/4465
f 209/4547 196/4550 185/4547
f 211/4597 239/4597 255/4596
f 239/4597 223/4596 255/4596
f 255/4598 223/4598 244/4599
f 204/4599 244/4599 223/4598
f 196/4581 257/4581 185/4580
f 229/4658 230/4658 213/4655
f 241/4655 213/4655 193/4658
f 213/4655 230/4658 193/4658
f 230/4623 229/4623 209/4625
f 229/4623 185/4625 209/4625
f 209/4580 185/4580 228/4581
f 185/4580 257/4581 228/4581
f 257/4581 196/4581 247/4582
f 196/4581 216/4582 247/4582
f 849/4564 1014/4584 1154/4601
f 1052/4588 1154/4601 1038/4587
f 1154/4601 1014/4584 1038/4587
f 1038/4587 1014/4584 924/4569
f 812/4546 924/4569 861/4555
f 924/4569 1014/4584 861/4555
f 1014/4584 849/4564 861/4555
f 849/4564 714/4543 861/4555
f 709/4542 861/4555 513/4533
f 861/4555 714/4543 513/4533
f 513/4663 202/4657 481/4660
f 166/4591 114/4583 94/4574
f 94/4574 114/4583 17/4567
f 17/4567 114/4590 239/4597
f 114/4590 166/4591 239/4597
f 166/4591 223/4596 239/4597
f 223/4649 481/4660 239/4656
f 481/4660 202/4657 239/4656
f 239/4656 202/4657 521/4662
f 202/4657 513/4663 521/4662
f 513/4533 714/4541 521/4522
f 714/4543 849/4564 521/4536
f 849/4564 864/4566 521/4522
f 521/4522 864/4566 879/4566
f 879/4566 864/4566 1155/4602
f 864/4566 849/4564 1155/4602
f 849/4564 1154/4601 1155/4602
f 1154/4601 1052/4588 1155/4602
f 1155/4602 1199/4603 1297/4619
f 1663/4434 1542/4448 1636/4440
f 1542/4448 1351/4451 1636/4440
f 1636/4440 1351/4451 1367/4452
f 1351/4613 1331/4610 1367/4612
f 1331/4624 1297/4619 1367/4620
f 1367/4620 1297/4619 1251/4608
f 1297/4619 1199/4603 1251/4608
f 1251/4608 1199/4603 1150/4595
f 1150/4595 1199/4603 1048/4586
f 1199/4603 1155/4602 1048/4586
f 1155/4602 1052/4588 1048/4586
f 1048/4586 1052/4588 934/4571
f 1052/4588 1038/4587 934/4571
f 1038/4587 924/4569 934/4571
f 934/4571 924/4569 813/4549
f 924/4569 812/4546 813/4549
f 813/4549 812/4546 706/4540
f 812/4546 861/4555 706/4540
f 861/4555 709/4542 706/4540
f 706/4540 709/4542 529/4529
f 709/4542 513/4533 529/4529
f 513/4653 481/4661 529/4654
f 481/4661 223/4670 529/4654
f 529/4654 223/4670 204/4664
f 223/4598 166/4604 204/4599
f 204/4599 166/4604 149/4618
f 166/4604 94/4627 149/4618
f 94/4627 102/4629 149/4618
f 149/4618 102/4629 12/4635
f 945/4502 1081/4484 1012/4495
f 888/4614 738/4592 713/4589
f 682/4535 649/4539 486/4545
f 81/4600 130/4593 121/4594
f 121/4594 130/4593 185/4580
f 130/4593 196/4581 185/4580
f 196/4550 486/4560 185/4547
f 185/4547 486/4560 562/4570
f 486/4560 649/4575 562/4570
f 649/4575 662/4579 562/4570
f 662/4579 674/4585 562/4570
f 562/4570 674/4585 620/4572
f 674/4585 713/4589 620/4572
f 713/4589 738/4592 620/4572
f 620/4572 738/4592 959/4622
f 738/4592 888/4614 959/4622
f 888/4614 1012/4631 959/4622
f 959/4622 1012/4631 1181/4648
f 1012/4631 1081/4639 1181/4648
f 1181/4648 1081/4639 1197/4659
f 1197/4659 1081/4639 1334/4676
f 1334/4457 1081/4484 1202/4473
f 1202/4473 1081/4484 1086/4485
f 1081/4484 945/4502 1086/4485
f 945/4502 828/4513 1086/4485
f 1086/4485 828/4513 808/4516
f 828/4513 945/4502 808/4515
f 945/4502 1012/4495 808/4515
f 1012/4495 888/4509 808/4515
f 808/4515 888/4509 790/4519
f 888/4509 713/4531 790/4519
f 713/4531 674/4537 790/4519
f 790/4519 674/4537 717/4532
f 674/4537 662/4538 717/4532
f 662/4538 649/4539 717/4532
f 649/4539 682/4535 717/4532
f 717/4532 682/4535 216/4548
f 682/4535 486/4545 216/4548
f 486/4545 196/4552 216/4548
f 196/4581 130/4593 216/4582
f 216/4582 130/4593 10/4607
f 130/4593 81/4600 10/4607
f 81/4600 4/4606 10/4607
f 4/4559 12/4561 10/4562
f 12/4561 102/4573 10/4562
f 102/4573 94/4574 10/4562
f 94/4574 17/4567 10/4562
f 17/4567 239/4597 10/4562
f 10/4562 239/4597 46/4562
f 46/4562 239/4597 385/4597
f 239/4656 521/4662 385/4656
f 385/4656 521/4662 553/4662
f 521/4522 879/4566 553/4522
f 879/4566 1155/4602 1177/4602
f 1482/4640 1411/4640 1338/4640
f 1411/4640 1457/4640 1338/4640
f 1457/4640 1177/4665 1338/4640
f 1177/4665 1155/4665 1338/4640
f 1155/4665 1297/4643 1338/4640
f 1297/4619 1331/4624 1338/4621
f 1331/4610 1351/4613 1338/4609
f 1412/4611 1338/4609 1339/4611
f 1338/4609 1351/4613 1339/4611
f 1351/4451 1542/4448 1339/4450
f 1542/4448 1663/4434 1339/4450
f 1991/4430 1482/4450 1738/4430
f 1482/4450 1339/4450 1738/4430
f 1339/4450 1663/4434 1738/4430
f 1663/4434 1689/4431 1738/4430
f 1689/4431 1688/4431 1738/4430
f 1854/4430 1738/4430 1804/4431
f 1738/4430 1688/4431 1804/4431
f 1804/4431 1688/4431 1741/4432
f 1688/4431 1689/4431 1741/4432
f 1023/4558 1032/4558 1451/4534
f 975/4480 831/4493 985/4479
f 1175/4530 985/4525 1033/4556
f 985/4461 831/4483 1033/4463
f 1033/4463 831/4483 690/4510
f 690/4510 831/4493 821/4496
f 831/4493 975/4480 821/4496
f 821/4496 975/4480 783/4497
f 783/4497 975/4480 921/4486
f 921/4486 975/4480 1123/4468
f 975/4480 985/4479 1123/4468
f 1123/4468 985/4479 1115/4467
f 1115/4471 985/4500 1302/4474
f 985/4500 1175/4503 1302/4474
f 1562/4442 1373/4443 1611/4436
f 1611/4436 1373/4443 1401/4444
f 1401/4671 1373/4667 1451/4666
f 1373/4443 1302/4449 1451/4445
f 1302/4449 1175/4462 1451/4445
f 1175/4530 1033/4556 1451/4534
f 1451/4534 1033/4556 1023/4558
f 1023/4464 1033/4463 680/4511
f 1033/4463 690/4510 680/4511
f 690/4510 821/4496 680/4511
f 821/4496 783/4497 680/4511
f 680/4511 783/4497 636/4514
f 636/4514 783/4497 726/4507
f 783/4497 921/4486 726/4507
f 726/4507 921/4486 905/4488
f 905/4427 921/4433 1251/4472
f 921/4486 1123/4468 1251/4453
f 1123/4468 1115/4467 1251/4453
f 1115/4467 1302/4449 1251/4453
f 1302/4449 1373/4443 1251/4453
f 1251/4453 1373/4443 1367/4447
f 1373/4443 1562/4442 1367/4447
f 1562/4442 1608/4438 1367/4447
f 1367/4447 1608/4438 1593/4439
f 1593/4439 1608/4438 1783/4425
f 1692/4425 1782/4425 1842/4426
f 1782/4425 1783/4425 1842/4426
f 1842/4426 1783/4425 1719/4426
f 1783/4425 1608/4438 1719/4426
f 1608/4438 1562/4442 1719/4426
f 1562/4442 1611/4436 1719/4426
f 1974/4426 1719/4426 1647/4436
f 1719/4426 1611/4436 1647/4436
f 1647/4436 1611/4436 1557/4444
f 1611/4436 1401/4444 1557/4444
f 1401/4671 1451/4666 1557/4666
f 1557/4666 1451/4666 1556/4666
f 1556/4534 1451/4534 1522/4534
f 1522/4534 1451/4534 1057/4558
f 1451/4534 1032/4558 1057/4558
f 1057/4464 1032/4464 697/4511
f 1032/4464 1023/4464 697/4511
f 1023/4464 680/4511 697/4511
f 697/4511 680/4511 548/4520
f 471/4568 252/4554 234/4553
f 252/4554 189/4554 234/4553
f 206/4553 234/4553 225/4554
f 234/4553 189/4554 225/4554
f 225/4554 189/4554 244/4557
f 189/4554 252/4554 244/4557
f 255/4649 223/4649 211/4656
f 239/4656 211/4656 223/4649
f 223/4670 255/4670 204/4664
f 255/4670 244/4664 204/4664
f 244/4557 252/4554 204/4557
f 252/4554 471/4568 204/4557
f 204/4557 471/4568 529/4578
f 471/4568 524/4577 529/4578
f 524/4577 538/4577 529/4578
f 529/4654 559/4653 513/4653
f 513/4663 559/4663 521/4662
f 521/4662 559/4663 574/4662
f 574/4662 559/4663 568/4663
f 559/4653 529/4654 593/4654
f 529/4578 538/4577 593/4578
f 593/4578 538/4577 579/4577
f 579/4577 538/4577 572/4576
f 572/4576 538/4577 519/4576
f 538/4577 524/4577 519/4576
f 524/4577 471/4568 519/4576
f 471/4568 234/4553 519/4576
f 234/4553 379/4553 519/4576
f 379/4553 548/4576 519/4576
f 548/4520 680/4511 519/4520
f 519/4520 680/4511 509/4521
f 680/4511 636/4514 509/4521
f 509/4521 636/4514 514/4523
f 636/4514 726/4507 514/4523
f 524/4456 515/4475 506/4506
f 515/4475 514/4476 506/4506
f 514/4523 726/4507 506/4524
f 726/4507 905/4488 506/4524
f 506/4524 905/4488 564/4524
f 564/4524 905/4488 932/4488
f 905/4427 1251/4472 932/4427
f 932/4427 1251/4472 1273/4472
f 1251/4453 1367/4447 1273/4453
f 1273/4453 1367/4447 1499/4447
f 2101/4424 1499/4447 1838/4424
f 1499/4447 1367/4447 1838/4424
f 1367/4447 1593/4439 1838/4424
f 1593/4439 1783/4425 1838/4424
f 1783/4425 1782/4425 1838/4424
f 1782/4425 1692/4425 1838/4424
f 1692/4425 1741/4424 1838/4424
f 1741/4432 1689/4431 1838/4432
f 1689/4431 1663/4434 1838/4432
f 1663/4434 1636/4440 1838/4432
f 2101/4432 1838/4432 1655/4440
f 1838/4432 1636/4440 1655/4440
f 1655/4440 1636/4440 1499/4452
f 1636/4440 1367/4452 1499/4452
f 1499/4620 1367/4620 1273/4608
f 1367/4620 1251/4608 1273/4608
f 1273/4608 1251/4608 940/4565
f 927/4565 932/4565 921/4565
f 932/4565 940/4565 921/4565
f 940/4565 1251/4608 921/4565
f 1251/4608 1150/4595 921/4565
f 1150/4595 1048/4586 921/4565
f 1048/4586 934/4571 921/4563
f 934/4571 813/4549 921/4563
f 813/4549 706/4540 921/4563
f 706/4481 529/4505 921/4455
f 927/4455 921/4455 564/4505
f 921/4455 529/4505 564/4505
f 564/4654 529/4654 315/4664
f 529/4654 204/4664 315/4664
f 315/4599 204/4599 156/4618
f 204/4599 149/4618 156/4618
f 156/4618 149/4618 63/4636
f 63/4636 149/4618 6/4636
f 149/4618 12/4635 6/4636
f 12/4635 4/4637 6/4636
f 20/4638 6/4636 19/4638
f 6/4636 4/4637 19/4638
f 4/4606 81/4600 19/4605
f 81/4600 121/4594 19/4605
f 19/4605 121/4594 52/4605
f 52/4605 121/4594 134/4594
f 121/4594 185/4580 134/4594
f 134/4594 185/4580 326/4580
f 185/4547 562/4570 326/4547
f 326/4547 562/4570 587/4570
f 562/4570 620/4572 587/4570
f 587/4570 620/4572 653/4572
f 653/4572 620/4572 652/4572
f 620/4572 959/4622 652/4572
f 652/4572 959/4622 989/4622
f 959/4622 1181/4648 989/4622
f 989/4622 1181/4648 1190/4648
f 1421/4673 1190/4648 1330/4673
f 1190/4648 1181/4648 1330/4673
f 1181/4648 1197/4659 1330/4673
f 1197/4659 1334/4676 1330/4673
f 1334/4676 1383/4676 1330/4673
f 754/4491 894/4498 767/4490
f 767/4490 894/4498 600/4470
f 600/4446 894/4478 693/4459
f 693/4459 894/4478 806/4469
f 806/4469 894/4478 1001/4487
f 1001/4487 894/4478 1006/4489
f 1006/4489 894/4478 1046/4492
f 1062/4518 1046/4512 966/4517
f 1046/4512 894/4498 966/4517
f 894/4498 754/4491 966/4517
f 966/4517 754/4491 672/4482
f 754/4491 767/4490 672/4482
f 767/4490 600/4470 672/4482
f 600/4470 503/4466 672/4482
f 672/4482 503/4466 562/4477
f 503/4466 489/4460 562/4477
f 489/4460 229/4454 562/4477
f 562/4477 229/4454 185/4465
f 229/4623 116/4634 185/4625
f 185/4625 116/4634 19/4651
f 116/4634 14/4650 19/4651
f 14/4616 103/4628 19/4617
f 19/4617 103/4628 149/4633
f 149/4633 103/4628 162/4642
f 162/4642 103/4628 234/4644
f 234/4644 103/4628 8/4615
f 103/4628 14/4616 8/4615
f 14/4630 116/4641 8/4626
f 116/4641 179/4652 8/4626
f 8/4632 179/4652 213/4655
f 179/4652 116/4641 213/4655
f 116/4641 229/4658 213/4655
f 229/4428 489/4437 213/4429
f 489/4437 503/4441 213/4429
f 213/4429 503/4441 487/4435
f 503/4441 600/4446 487/4435
f 600/4446 693/4459 487/4435
f 693/4459 806/4469 487/4435
f 487/4435 806/4469 797/4469
f 797/4469 806/4469 1097/4499
f 806/4469 1001/4487 1097/4499
f 1001/4487 1006/4489 1097/4499
f 1097/4499 1006/4489 1105/4501
f 1006/4489 1046/4492 1105/4501
f 1046/4492 1062/4494 1105/4501
f 1105/4501 1062/4494 1165/4508
f 1165/4508 1062/4494 1149/4504
f 1062/4518 966/4517 1149/4528
f 1360/4544 1149/4528 1330/4551
f 1149/4528 966/4517 1330/4551
f 1421/4551 1330/4551 992/4517
f 1330/4551 966/4517 992/4517
f 992/4517 966/4517 686/4482
f 966/4517 672/4482 686/4482
f 686/4482 672/4482 587/4477
f 672/4482 562/4477 587/4477
f 587/4477 562/4477 326/4465
f 562/4477 185/4465 326/4465
f 326/4625 185/4625 64/4651
f 185/4625 19/4651 64/4651
f 19/4617 149/4633 64/4617
f 64/4617 149/4633 156/4633
f 409/4647 156/4633 260/4647
f 156/4633 149/4633 260/4647
f 245/4647 260/4647 251/4646
f 260/4647 218/4646 251/4646
f 251/4646 218/4646 200/4645
f 235/4645 200/4645 253/4646
f 200/4645 218/4646 253/4646
f 218/4646 260/4647 253/4646
f 260/4647 149/4633 253/4646
f 149/4633 162/4642 253/4646
f 162/4642 234/4644 253/4646
f 253/4646 234/4644 235/4645
f 431/4645 235/4645 430/4644
f 235/4645 234/4644 430/4644
f 430/4644 234/4644 379/4644
f 379/4644 234/4644 72/4615
f 234/4644 8/4615 72/4615
f 8/4632 213/4655 72/4632
f 72/4632 213/4655 387/4655
f 213/4429 487/4435 387/4429
f 387/4429 487/4435 495/4435
f 487/4435 797/4469 495/4435
f 495/4435 797/4469 817/4469
f 817/4469 797/4469 1120/4499
f 797/4469 1097/4499 1120/4499
f 1120/4499 1097/4499 1131/4501
f 1097/4499 1105/4501 1131/4501
f 1131/4501 1105/4501 1130/4501
f 1105/4501 1165/4508 1130/4501
f 1130/4501 1165/4508 1189/4508
f 1189/4508 1165/4508 1179/4508
f 1389/4527 1179/4508 1346/4527
f 1179/4508 1165/4508 1346/4527
f 1165/4508 1149/4504 1346/4527
f 1149/4504 1360/4526 1346/4527
f 1346/4527 1360/4526 1484/4527
f 1484/4527 1360/4526 1493/4526
f 1493/4544 1360/4544 1462/4551
f 1360/4544 1330/4551 1462/4551
f 1330/4673 1383/4676 1462/4673
f 1462/4673 1383/4676 1473/4676
f 1473/4457 1383/4457 1486/4458
f 1486/4458 1383/4457 1349/4458
f 1383/4457 1334/4457 1349/4458
f 1334/4457 1202/4473 1349/4458
f 1202/4473 1086/4485 1349/4458
f 1392/4458 1349/4458 1096/4485
f 1349/4458 1086/4485 1096/4485
f 1096/4485 1086/4485 835/4515
f 1086/4485 808/4515 835/4515
f 835/4515 808/4515 818/4516
f 808/4515 790/4519 818/4515
f 818/4515 790/4519 731/4532
f 790/4519 717/4532 731/4532
f 731/4532 717/4532 393/4548
f 717/4532 216/4548 393/4548
f 393/4582 216/4582 46/4607
f 216/4582 10/4607 46/4607
f 34/4607 46/4607 17/4607
f 46/4607 10/4607 17/4607
f 17/4607 10/4607 2/4607
f 3851/5402 3442/5449 3445/5408
f 3325/5455 3445/5408 3253/5492
f 3445/5408 3442/5449 3253/5492
f 3270/5317 3253/5313 3910/5275
f 3253/5313 3442/5255 3910/5275
f 3442/5255 3851/5209 3910/5275
f 3851/5209 3850/5209 3910/5275
f 3879/5275 3910/5275 3901/5209
f 3910/5275 3850/5209 3901/5209
f 3901/5402 3850/5402 3830/5304
f 3850/5402 3851/5402 3830/5304
f 3830/5304 3851/5402 3881/5304
f 3851/5402 3445/5408 3881/5304
f 4584/5397 4744/5384 4518/5421
f 4784/5435 4522/5465 4509/5463
f 4518/5459 4509/5463 4126/5481
f 4126/5481 4509/5463 4121/5483
f 4121/5483 4509/5463 4123/5488
f 4509/5463 4522/5465 4123/5488
f 3836/5223 3895/5156 3885/5223
f 3885/5223 3895/5156 3987/5222
f 3895/5156 4123/5190 3987/5222
f 4123/5502 4522/5503 3987/5464
f 4522/5310 4205/5280 3987/5232
f 3987/5232 4205/5280 4081/5253
f 4594/5327 4081/5253 4604/5327
f 4081/5253 4205/5280 4604/5327
f 4205/5280 4522/5310 4604/5327
f 4522/5425 4784/5405 4604/5436
f 4604/5436 4784/5405 5498/5371
f 4509/5425 4518/5421 4784/5401
f 4784/5401 4518/5421 4777/5396
f 4518/5421 4744/5384 4777/5396
f 4777/5396 4744/5384 4869/5379
f 4869/5504 4744/5462 5469/5485
f 5469/5485 4744/5462 4872/5438
f 4872/5438 4744/5462 4734/5389
f 4744/5462 4584/5409 4734/5389
f 4733/5389 4734/5389 4414/5352
f 4734/5389 4584/5409 4414/5352
f 4584/5429 4518/5459 4414/5437
f 4518/5459 4126/5481 4414/5437
f 4414/5119 4126/5173 3881/5120
f 4126/5173 4121/5178 3881/5120
f 4121/5178 4123/5190 3881/5120
f 4123/5190 3895/5156 3881/5120
f 3830/5120 3881/5120 3846/5156
f 3881/5120 3895/5156 3846/5156
f 3846/5156 3895/5156 3835/5223
f 3895/5156 3836/5223 3835/5223
f 3835/5218 3836/5218 3879/5219
f 3836/5218 3885/5218 3879/5219
f 3879/5219 3885/5218 3910/5219
f 3885/5218 3987/5232 3910/5219
f 3987/5232 4081/5253 3910/5219
f 3186/5318 3270/5317 3209/5318
f 3209/5318 3270/5317 3698/5275
f 3270/5317 3910/5275 3698/5275
f 3698/5219 3910/5219 4063/5253
f 3910/5219 4081/5253 4063/5253
f 4063/5253 4081/5253 4590/5327
f 4081/5253 4594/5327 4590/5327
f 4590/5436 4594/5436 5128/5369
f 4594/5436 4604/5436 5128/5369
f 5128/5369 4604/5436 5406/5369
f 4604/5436 5498/5371 5406/5370
f 5498/5371 4784/5401 5406/5369
f 4784/5401 4777/5396 5406/5369
f 4777/5396 4869/5379 5406/5369
f 4869/5208 5469/5248 5406/5186
f 5469/5248 5468/5248 5406/5186
f 5505/5186 5406/5186 5548/5248
f 5406/5186 5468/5248 5548/5248
f 5548/5485 5468/5485 5443/5416
f 5468/5485 5469/5485 5443/5416
f 3897/5211 3457/5234 3872/5212
f 3872/5246 3457/5279 3316/5274
f 3457/5424 3447/5422 3316/5319
f 3447/5422 3351/5381 3316/5319
f 3316/5319 3351/5381 3248/5325
f 3201/5413 3248/5325 3222/5423
f 3222/5423 3248/5325 3403/5427
f 3248/5325 3351/5381 3403/5427
f 3351/5381 3447/5422 3403/5427
f 3403/5427 3447/5422 3522/5501
f 3447/5422 3457/5424 3522/5501
f 3522/5220 3457/5234 3881/5210
f 3457/5234 3897/5211 3881/5210
f 3897/5211 3854/5211 3881/5210
f 3830/5210 3881/5210 3853/5211
f 3881/5210 3854/5211 3853/5211
f 3853/5211 3854/5211 3827/5212
f 3854/5211 3897/5211 3827/5212
f 3897/5211 3872/5212 3827/5212
f 3827/5246 3872/5246 3920/5225
f 3920/5225 3872/5246 3832/5225
f 3872/5246 3316/5274 3832/5225
f 4461/5323 4122/5263 3823/5230
f 3873/5506 3823/5507 3874/5506
f 3874/5506 3823/5507 4026/5474
f 3823/5230 4122/5263 4026/5233
f 4429/5267 4026/5233 4516/5282
f 4026/5233 4122/5263 4516/5282
f 4785/5320 4516/5282 4521/5283
f 4516/5282 4122/5263 4521/5283
f 4122/5263 4461/5323 4521/5283
f 4521/5122 4461/5160 4736/5187
f 4736/5187 4461/5160 4919/5241
f 4461/5160 4474/5171 4919/5241
f 4919/5241 4474/5171 4457/5171
f 4457/5328 4474/5328 3832/5247
f 4474/5328 4461/5323 3832/5247
f 4461/5323 3823/5230 3832/5247
f 3920/5247 3832/5247 3869/5230
f 3832/5247 3823/5230 3869/5230
f 3869/5507 3823/5507 3913/5506
f 3823/5507 3873/5506 3913/5506
f 3913/5506 3873/5506 3830/5505
f 3873/5506 3874/5506 3830/5505
f 3830/5505 3874/5506 3881/5505
f 3874/5506 4026/5474 3881/5505
f 3881/5505 4026/5474 4208/5440
f 4026/5233 4429/5267 4208/5238
f 4649/5288 4208/5238 4655/5288
f 4208/5238 4429/5267 4655/5288
f 4429/5267 4516/5282 4655/5288
f 4516/5282 4785/5320 4655/5288
f 4655/5148 4785/5131 5433/5181
f 4785/5159 4521/5122 5032/5216
f 4521/5122 4736/5187 5032/5216
f 4736/5187 4919/5241 5032/5216
f 5490/5123 5423/5123 5414/5124
f 5423/5123 5424/5123 5414/5124
f 5414/5124 5424/5123 5445/5124
f 5424/5123 5032/5136 5445/5124
f 5032/5136 4919/5139 5445/5124
f 5445/5124 4919/5139 5062/5124
f 5062/5124 4919/5139 4913/5139
f 4919/5241 4457/5171 4913/5241
f 4913/5241 4457/5171 4445/5171
f 4445/5328 4457/5328 3550/5247
f 4457/5328 3832/5247 3550/5247
f 3832/5225 3316/5274 3550/5225
f 3550/5225 3316/5274 3298/5274
f 3106/5314 3298/5319 3216/5314
f 3298/5319 3316/5319 3216/5314
f 3316/5319 3248/5325 3216/5314
f 3248/5325 3201/5413 3216/5314
f 3201/5413 3120/5413 3216/5314
f 3216/5314 3120/5413 3074/5314
f 3074/5314 3120/5413 3063/5413
f 3063/5413 3120/5413 3100/5491
f 3049/5351 3056/5350 3146/5350
f 3146/5135 3056/5135 3233/5121
f 3056/5135 3100/5121 3233/5121
f 3100/5491 3120/5413 3233/5491
f 3120/5413 3201/5413 3233/5491
f 3201/5413 3222/5423 3233/5491
f 3222/5423 3403/5427 3233/5491
f 3403/5427 3522/5501 3233/5491
f 3134/5491 3233/5491 3510/5501
f 3233/5491 3522/5501 3510/5501
f 3510/5220 3522/5220 3589/5210
f 3522/5220 3881/5210 3589/5210
f 3589/5505 3881/5505 4191/5440
f 3881/5505 4208/5440 4191/5440
f 4191/5238 4208/5238 4634/5288
f 4208/5238 4649/5288 4634/5288
f 4634/5148 4649/5148 5160/5182
f 4649/5148 4655/5148 5160/5182
f 5160/5182 4655/5148 5507/5182
f 4655/5148 5433/5181 5507/5182
f 5433/5181 4785/5159 5507/5182
f 4785/5159 5032/5216 5507/5182
f 5032/5216 5424/5221 5507/5182
f 5424/5221 5423/5221 5507/5182
f 5423/5221 5490/5221 5507/5182
f 5490/5221 5443/5182 5507/5182
f 5443/5416 5469/5485 5507/5416
f 5469/5485 4872/5438 5507/5416
f 4872/5438 4734/5389 5507/5416
f 4734/5389 4733/5389 5507/5416
f 5507/5416 4733/5389 5160/5416
f 5160/5416 4733/5389 4717/5389
f 4717/5389 4733/5389 4378/5352
f 4733/5389 4414/5352 4378/5352
f 4414/5119 3881/5120 4378/5119
f 4378/5119 3881/5120 3589/5120
f 3881/5201 3519/5184 3589/5201
f 3589/5201 3519/5184 3510/5184
f 3510/5184 3519/5184 3507/5184
f 3134/5121 3507/5184 3233/5121
f 3507/5184 3519/5184 3233/5121
f 3519/5184 3881/5201 3233/5121
f 3233/5121 3881/5201 3424/5166
f 3424/5166 3881/5201 3421/5170
f 3881/5304 3445/5408 3421/5410
f 3445/5408 3325/5455 3421/5410
f 3421/5410 3325/5455 3186/5494
f 3325/5455 3253/5492 3186/5494
f 3253/5313 3270/5317 3186/5318
f 3270/5317 3250/5317 3186/5318
f 3250/5317 3208/5318 3186/5318
f 3208/5318 3069/5318 3186/5318
f 3069/5318 3049/5318 3186/5318
f 3186/5351 3049/5351 3198/5350
f 3049/5351 3146/5350 3198/5350
f 3146/5135 3233/5121 3198/5135
f 3233/5121 3424/5166 3198/5135
f 3424/5166 3421/5170 3198/5135
f 2110/5357 1995/5357 2066/5353
f 1995/5357 2136/5361 2066/5353
f 2365/5367 2257/5353 2249/5367
f 2257/5353 2066/5353 2249/5367
f 2066/5354 2136/5361 2249/5367
f 2136/5361 2272/5366 2249/5367
f 2272/5366 2303/5366 2249/5367
f 2249/5367 2303/5366 2379/5367
f 2379/5367 2303/5366 2387/5366
f 2387/5366 2303/5366 2383/5365
f 2383/5332 2335/5333 2393/5333
f 2393/5333 2335/5333 2400/5334
f 2400/5334 2335/5333 2291/5334
f 2335/5333 2278/5333 2291/5334
f 2278/5333 2147/5342 2291/5334
f 2147/5342 2030/5343 2291/5334
f 2369/5334 2291/5334 2202/5344
f 2202/5344 2291/5334 2082/5344
f 2291/5334 2030/5343 2082/5344
f 2030/5343 2029/5343 2082/5344
f 2082/5344 2029/5343 1966/5344
f 1966/5344 2029/5343 2116/5343
f 2116/5343 2029/5343 2077/5348
f 2077/5348 2029/5343 1946/5348
f 2029/5343 2030/5343 1946/5348
f 2030/5343 2147/5342 1946/5348
f 2147/5342 2278/5333 1946/5347
f 2349/5332 2263/5348 2228/5332
f 2263/5348 1946/5348 2228/5332
f 1946/5347 2278/5333 2228/5332
f 2278/5333 2335/5333 2228/5332
f 2335/5333 2383/5332 2228/5332
f 2383/5365 2303/5366 2228/5365
f 2303/5366 2272/5366 2228/5365
f 2272/5366 2136/5361 2228/5365
f 2349/5365 2228/5365 2232/5356
f 2232/5356 2228/5365 2068/5356
f 2228/5365 2136/5361 2068/5356
f 2136/5361 1995/5357 2068/5356
f 1995/5357 2110/5357 2068/5356
f 2068/5356 2110/5357 2078/5356
f 2078/5356 2110/5357 1905/5357
f 1905/5357 2110/5357 1943/5353
f 2110/5357 2066/5353 1943/5353
f 3186/5351 3198/5350 3421/5395
f 3259/6559 3255/6559 3240/6560
f 2444/6528 2382/6529 2460/6527
f 2628/6569 2615/6570 2763/6568
f 2615/6570 2800/6567 2763/6568
f 2763/6568 2800/6567 2852/6565
f 2852/6565 2800/6567 2926/6563
f 2800/6567 2816/6566 2926/6563
f 3259/6559 3240/6560 3226/6561
f 3240/6560 2926/6563 3226/6561
f 3259/6559 3211/6561 3169/6559
f 3086/6562 3211/6561 3252/6562
f 3226/6561 2926/6563 3252/6562
f 2926/6563 2816/6566 3252/6562
f 3252/6562 2816/6566 3167/6562
f 3167/6562 2816/6566 2803/6567
f 2816/6566 2800/6567 2803/6567
f 2803/6567 2800/6567 2783/6567
f 2783/6567 2800/6567 2778/6567
f 2778/6567 2800/6567 2635/6570
f 2800/6567 2615/6570 2635/6570
f 2635/6549 2615/6547 2603/6549
f 2615/6547 2553/6549 2603/6549
f 2603/6535 2553/6535 2434/6541
f 2553/6535 2403/6541 2434/6541
f 2434/6541 2403/6541 2337/6544
f 2337/6544 2403/6541 2192/6544
f 2222/6543 2320/6543 2192/6544
f 2352/6544 2192/6544 2362/6543
f 2192/6544 2320/6543 2362/6543
f 2320/6543 2222/6543 2361/6542
f 2361/6542 2222/6543 2283/6542
f 2283/6542 2222/6543 2409/6540
f 2222/6543 2192/6544 2409/6540
f 2192/6544 2403/6541 2409/6540
f 2409/6540 2403/6541 2440/6539
f 2440/6539 2403/6541 2474/6537
f 2403/6541 2553/6535 2474/6537
f 2474/6537 2553/6535 2543/6534
f 2543/6550 2553/6549 2565/6548
f 2553/6549 2615/6547 2565/6548
f 2615/6547 2628/6546 2565/6548
f 2565/6548 2628/6546 2643/6545
f 2628/6569 2763/6568 2643/6571
f 2643/6571 2763/6568 2916/6564
f 2763/6568 2852/6565 2916/6564
f 2852/6565 2926/6563 2916/6564
f 2926/6563 3240/6560 2916/6564
f 3240/6560 3148/6560 2916/6564
f 3148/6560 2882/6564 2916/6564
f 2882/6564 2619/6571 2916/6564
f 2916/6564 2619/6571 2643/6571
f 2619/6582 2558/6585 2643/6582
f 2643/6582 2558/6585 2535/6585
f 2558/6536 2478/6538 2535/6536
f 2535/6536 2478/6538 2468/6538
f 2478/6538 2354/6542 2468/6538
f 2354/6542 2283/6542 2468/6538
f 2283/6542 2409/6540 2468/6538
f 2409/6540 2440/6539 2468/6538
f 2440/6539 2474/6537 2468/6538
f 2468/6538 2474/6537 2535/6536
f 2474/6537 2543/6534 2535/6536
f 2543/6550 2565/6548 2535/6551
f 2565/6583 2643/6582 2535/6585
f 2643/6554 2550/6555 2535/6556
f 2550/6555 2525/6557 2535/6556
f 2525/6521 2480/6525 2535/6518
f 2535/6518 2480/6525 2468/6526
f 2480/6525 2460/6527 2468/6526
f 2460/6527 2382/6529 2468/6526
f 2865/6576 2916/6576 2619/6573
f 2916/6576 2643/6573 2619/6573
f 2619/6554 2643/6554 2558/6556
f 2643/6554 2535/6556 2558/6556
f 2558/6518 2535/6518 2478/6526
f 2535/6518 2468/6526 2478/6526
f 2478/6526 2468/6526 2429/6529
f 2468/6526 2382/6529 2429/6529
f 2429/6529 2382/6529 2354/6533
f 2354/6533 2382/6529 2283/6533
f 2382/6530 2444/6528 2283/6533
f 2444/6528 2238/6532 2283/6533
f 2283/6533 2298/6532 2396/6533
f 2238/6532 2444/6528 2255/6531
f 2511/6524 2363/6531 2506/6524
f 2363/6531 2255/6531 2506/6524
f 2255/6531 2444/6528 2506/6524
f 2444/6528 2460/6527 2506/6524
f 2460/6527 2480/6525 2506/6524
f 2480/6525 2525/6521 2506/6524
f 2525/6557 2550/6555 2506/6558
f 2507/6558 2506/6558 2526/6558
f 2526/6558 2506/6558 2533/6558
f 2959/6590 3142/6593 3051/6592
f 3142/6593 3238/6594 3051/6592
f 2634/6584 3051/6592 2985/6592
f 2985/6592 3051/6592 2984/6592
f 2984/6592 3051/6592 3212/6595
f 3212/6595 3051/6592 3269/6595
f 3051/6592 3238/6594 3269/6595
f 3238/6594 3210/6594 3269/6595
f 3144/6595 3269/6595 3126/6594
f 3269/6595 3210/6594 3126/6594
f 3103/6581 3238/6580 3240/6581
f 3238/6580 3142/6579 3240/6581
f 3142/6579 2959/6578 3240/6581
f 2865/6577 2882/6577 2910/6577
f 2882/6577 2877/6577 2910/6577
f 2877/6577 3148/6581 2910/6577
f 3148/6581 3240/6581 2910/6577
f 3240/6581 2959/6578 2910/6577
f 2874/6576 2910/6577 2916/6576
f 2910/6577 2959/6578 2916/6576
f 2643/6573 2916/6576 2821/6575
f 2916/6576 2959/6578 2821/6575
f 2959/6590 3051/6592 2821/6589
f 2821/6589 3051/6592 3013/6591
f 3013/6591 3051/6592 2630/6584
f 3051/6592 2634/6584 2630/6584
f 2634/6552 2533/6558 2630/6552
f 2533/6558 2506/6558 2630/6552
f 2506/6558 2550/6555 2630/6552
f 2630/6552 2550/6555 2616/6553
f 2550/6555 2643/6554 2616/6553
f 2616/6572 2643/6573 2817/6574
f 2643/6573 2821/6575 2817/6574
f 2821/6589 3013/6591 2817/6588
f 3013/6591 2630/6587 2817/6588
f 2616/6586 2817/6588 2630/6584
f 6773/5523 6758/5518 6721/5522
f 6758/5518 6666/5515 6721/5522
f 7216/5649 7101/5638 7331/5638
f 7305/5648 7216/5649 7236/5648
f 7236/5648 7216/5649 7331/5644
f 7331/5638 7216/5649 7213/5638
f 7213/5638 7216/5649 7256/5649
f 7338/5649 7216/5649 7242/5648
f 7216/5649 7305/5648 7242/5648
f 7242/5648 7305/5648 7279/5647
f 7305/5648 7236/5648 7279/5647
f 7236/5648 7341/5647 7279/5647
f 5689/5556 5775/5553 5682/5555
f 5682/5639 5609/5635 5599/5634
f 5543/5683 5599/5690 5431/5684
f 5599/5690 5609/5691 5431/5684
f 5050/5684 5431/5684 5578/5691
f 5431/5684 5609/5691 5578/5691
f 5578/5635 5609/5635 5873/5646
f 5873/5646 5609/5635 5949/5646
f 5609/5635 5682/5639 5949/5646
f 5682/5639 5775/5640 5949/5646
f 5775/5640 5928/5645 5949/5646
f 5949/5646 5928/5645 5844/5646
f 5844/5646 5928/5645 5812/5645
f 5812/5550 5928/5550 5896/5549
f 5896/5549 5928/5550 5982/5549
f 5928/5550 5775/5553 5982/5549
f 5775/5553 5689/5556 5982/5549
f 5982/5549 5689/5556 5924/5549
f 5924/5549 5689/5556 5652/5556
f 5450/5561 5652/5556 5581/5561
f 5652/5556 5689/5556 5581/5561
f 5689/5556 5682/5555 5581/5561
f 5682/5555 5599/5560 5581/5561
f 5518/5687 5581/5687 5439/5685
f 5581/5687 5599/5690 5439/5685
f 5599/5690 5543/5683 5439/5685
f 5543/5683 5420/5683 5439/5685
f 5439/5511 5560/5516 5486/5516
f 5486/5516 5560/5516 5454/5517
f 5454/5517 5560/5516 5521/5517
f 5521/5517 5560/5516 5559/5516
f 5559/5516 5560/5516 5450/5511
f 5560/5516 5439/5511 5450/5511
f 5450/5685 5439/5685 5483/5683
f 5439/5685 5420/5683 5483/5683
f 5483/5683 5420/5683 5570/5684
f 5420/5683 5543/5683 5570/5684
f 5543/5683 5431/5684 5570/5684
f 7292/5545 7291/5545 7331/5546
f 7236/5698 7306/5698 7341/5641
f 7279/5641 7341/5641 7242/5698
f 7341/5641 7306/5698 7242/5698
f 7242/5551 7306/5551 7264/5514
f 7306/5551 7236/5551 7264/5514
f 7236/5551 7331/5514 7264/5514
f 7264/5546 7331/5546 7233/5545
f 7331/5546 7291/5545 7233/5545
f 7233/5545 7291/5545 7326/5544
f 7291/5545 7292/5545 7326/5544
f 7292/5545 7211/5544 7326/5544
f 7326/5547 7211/5547 7233/5548
f 7211/5547 7291/5548 7233/5548
f 7233/5607 7291/5607 7264/5608
f 7331/5608 7264/5608 7292/5607
f 7264/5608 7291/5607 7292/5607
f 7291/5548 7211/5547 7292/5548
f 5937/5677 6009/5677 5981/5677
f 5981/5677 6009/5677 5953/5677
f 5953/5677 6009/5677 6503/5732
f 6009/5677 6527/5732 6503/5732
f 6503/5552 6527/5552 7083/5510
f 7691/5584 7692/5585 7592/5595
f 7592/5595 7692/5585 7643/5592
f 7643/5714 7615/5719 7470/5733
f 7615/5520 7453/5530 7470/5528
f 7470/5528 7453/5530 7358/5538
f 7358/5538 7453/5530 7427/5534
f 7453/5530 7615/5520 7427/5534
f 7427/5534 7615/5520 7292/5545
f 7292/5545 7615/5520 7419/5533
f 7419/5533 7615/5520 7602/5519
f 7602/5601 7615/5596 7745/5582
f 7615/5596 7643/5592 7745/5582
f 7745/5582 7643/5592 7767/5579
f 7643/5592 7692/5585 7767/5579
f 7767/5579 7692/5585 7787/5577
f 7692/5585 7691/5584 7787/5577
f 7787/5577 7691/5583 7795/5576
f 7795/5576 7691/5583 8075/5567
f 8075/5567 7691/5583 7792/5575
f 7792/5575 7691/5583 7618/5593
f 7691/5584 7592/5595 7618/5593
f 7618/5717 7592/5718 7469/5724
f 7469/5724 7592/5718 7460/5726
f 7592/5721 7643/5714 7460/5735
f 7643/5714 7470/5733 7460/5735
f 7470/5528 7358/5538 7460/5529
f 7460/5529 7358/5538 7331/5546
f 7358/5538 7427/5534 7331/5546
f 7427/5534 7292/5545 7331/5546
f 6560/5643 6451/5656 6818/5636
f 6818/5636 6451/5656 6361/5668
f 6024/5722 6168/5703 6181/5699
f 6168/5703 6371/5689 6181/5699
f 6371/5689 6361/5686 6181/5699
f 6181/5699 6361/5686 6188/5696
f 6361/5686 6451/5667 6188/5696
f 6451/5656 6560/5643 6188/5688
f 6560/5643 6392/5666 6188/5688
f 6188/5605 6392/5588 6186/5603
f 6257/5599 6186/5603 6508/5578
f 6186/5603 6392/5588 6508/5578
f 6392/5666 6560/5643 6508/5653
f 6560/5643 6818/5636 6508/5653
f 6508/5653 6818/5636 6922/5622
f 6818/5636 7331/5608 6922/5622
f 7331/5608 7292/5607 6922/5622
f 6922/5557 7292/5548 7211/5547
f 7292/5545 7419/5533 7211/5544
f 7419/5533 7602/5519 7211/5544
f 7602/5519 7585/5519 7211/5544
f 7083/5544 7211/5544 7563/5519
f 7211/5544 7585/5519 7563/5519
f 7563/5601 7585/5601 8037/5572
f 7585/5601 7602/5601 8037/5572
f 8037/5572 7602/5601 8069/5572
f 7602/5601 7745/5582 8069/5572
f 7745/5582 7767/5579 8069/5572
f 7767/5579 7787/5577 8069/5572
f 8055/5570 8069/5572 8088/5570
f 8069/5572 7787/5577 8088/5570
f 7787/5577 7795/5576 8088/5570
f 7795/5576 8075/5567 8088/5570
f 8075/5674 8050/5678 8088/5675
f 7937/5682 8021/5675 8025/5682
f 8021/5675 8088/5675 8025/5682
f 8088/5676 8050/5678 8025/5682
f 8050/5678 7995/5681 8025/5682
f 8025/5682 7995/5681 7914/5682
f 7914/5682 7995/5681 7876/5681
f 7876/5681 7995/5681 7919/5680
f 6353/5541 6291/5543 6509/5532
f 6291/5543 6424/5536 6509/5532
f 6509/5604 6424/5594 6550/5606
f 6526/5602 6550/5606 6384/5591
f 6550/5606 6424/5594 6384/5591
f 6424/5536 6291/5543 6384/5537
f 6337/5587 6384/5591 6080/5573
f 6080/5559 6384/5537 6140/5554
f 6384/5537 6291/5543 6140/5554
f 6291/5543 6353/5541 6140/5554
f 6140/5554 6353/5541 6371/5539
f 6353/5541 6509/5532 6371/5539
f 6371/5539 6509/5532 6535/5531
f 6535/5713 6509/5712 6802/5730
f 7429/5574 7598/5597 7617/5564
f 7617/5564 7598/5597 7755/5589
f 7755/5589 7598/5597 8085/5625
f 8085/5625 7598/5597 7579/5597
f 7579/5629 7598/5629 7341/5641
f 7598/5629 7429/5654 7341/5641
f 6917/5637 7341/5647 7236/5648
f 7341/5641 7429/5654 7236/5698
f 7429/5574 7617/5564 7236/5551
f 7236/5551 7617/5564 7435/5540
f 7435/5540 7617/5564 7609/5535
f 7609/5535 7617/5564 7757/5558
f 7757/5558 7617/5564 8077/5580
f 7617/5564 7755/5589 8077/5580
f 7755/5589 8085/5625 8077/5580
f 8077/5671 8085/5672 8053/5669
f 7879/5663 7930/5663 7896/5664
f 7930/5663 7998/5663 7896/5664
f 7896/5664 7998/5663 8007/5664
f 7998/5663 8053/5669 8007/5664
f 8053/5669 8085/5672 8007/5665
f 7866/5672 8007/5664 7974/5672
f 8007/5664 8085/5672 7974/5672
f 8085/5625 7579/5597 7974/5625
f 7974/5625 7579/5597 7556/5597
f 7556/5629 7579/5629 7117/5641
f 7579/5629 7341/5641 7117/5641
f 6746/5624 7117/5647 6791/5624
f 7117/5647 7341/5647 6791/5624
f 7341/5647 6917/5637 6791/5624
f 6917/5637 6802/5626 6791/5624
f 6774/5729 6791/5729 6758/5727
f 6791/5729 6802/5730 6758/5727
f 6802/5730 6509/5712 6758/5727
f 6697/5725 6758/5727 6792/5725
f 6758/5727 6509/5712 6792/5725
f 6509/5712 6550/5716 6792/5725
f 6550/5716 6526/5711 6792/5725
f 6792/5725 6526/5711 6573/5720
f 6526/5602 6384/5591 6573/5609
f 6384/5591 6337/5587 6573/5609
f 6322/5525 6321/5526 6792/5521
f 6792/5521 6321/5526 6666/5524
f 6666/5524 6321/5526 6304/5527
f 6304/5586 6321/5586 5855/5565
f 5855/5565 6321/5586 5942/5565
f 6321/5586 6322/5586 5942/5565
f 6322/5586 6573/5609 5942/5565
f 6573/5609 6337/5587 5942/5565
f 6337/5587 6080/5573 5942/5565
f 5942/5565 5931/5568 5833/5565
f 5833/5565 5931/5568 5819/5568
f 5819/5563 5931/5563 5851/5562
f 5851/5562 5931/5563 5955/5562
f 5942/5565 6080/5573 5931/5568
f 5931/5563 6080/5559 5955/5562
f 6080/5559 6140/5554 5955/5562
f 5838/5660 5815/5659 5733/5655
f 5815/5659 5670/5651 5733/5657
f 5733/5710 5670/5702 5454/5692
f 5561/5693 5454/5692 5617/5697
f 5454/5692 5670/5702 5617/5697
f 5617/5697 5670/5702 5689/5704
f 5689/5652 5670/5651 5876/5661
f 5670/5651 5815/5659 5876/5661
f 5815/5659 5838/5660 5876/5661
f 5876/5619 5838/5620 5955/5615
f 5955/5615 5838/5620 5931/5616
f 5955/5615 5931/5616 5851/5615
f 5851/5615 5931/5616 5819/5616
f 5819/5616 5931/5616 5901/5613
f 5901/5613 5931/5616 5986/5613
f 5931/5616 5838/5620 5986/5613
f 5838/5620 5733/5623 5986/5613
f 5986/5613 5733/5623 5926/5613
f 5926/5613 5733/5623 5718/5623
f 5718/5623 5733/5623 5696/5623
f 5733/5710 5454/5692 5696/5710
f 5696/5710 5454/5692 5070/5692
f 5070/5513 5454/5513 5022/5513
f 5022/5513 5454/5513 5023/5513
f 5454/5513 5561/5512 5486/5516
f 5486/5516 5561/5512 5439/5511
f 5561/5693 5617/5697 5439/5694
f 5617/5697 5689/5704 5439/5694
f 5058/5694 5439/5694 5652/5704
f 5439/5694 5689/5704 5652/5704
f 5652/5652 5689/5652 5784/5661
f 5689/5652 5876/5661 5784/5661
f 5784/5615 5876/5619 5880/5615
f 5876/5619 5955/5615 5880/5615
f 5880/5562 5955/5562 6112/5554
f 5955/5562 6140/5554 6112/5554
f 6112/5554 6140/5554 6329/5539
f 6140/5554 6371/5539 6329/5539
f 6329/5539 6371/5539 6806/5509
f 7331/5638 6994/5638 6818/5628
f 6994/5638 6806/5628 6818/5628
f 6806/5509 6371/5539 6818/5509
f 6371/5539 6535/5531 6818/5509
f 6535/5713 6802/5730 6818/5734
f 6802/5626 6917/5637 6818/5630
f 6818/5630 6917/5637 7331/5644
f 6917/5637 7236/5648 7331/5644
f 7236/5551 7435/5540 7331/5514
f 7435/5540 7609/5535 7331/5514
f 7609/5535 7576/5535 7331/5514
f 7101/5514 7331/5514 7552/5535
f 7331/5514 7576/5535 7552/5535
f 7552/5566 7576/5566 7985/5581
f 7576/5566 7609/5566 7985/5581
f 7943/5662 7985/5662 8028/5662
f 8028/5662 7985/5662 8083/5670
f 7985/5581 7609/5566 8083/5581
f 7609/5566 7757/5590 8083/5581
f 7757/5590 8077/5627 8083/5581
f 8077/5671 8053/5669 8083/5670
f 8083/5670 8053/5669 8028/5662
f 8053/5669 7998/5663 8028/5662
f 7998/5663 7930/5663 8028/5662
f 7930/5663 7879/5663 8028/5662
f 7879/5663 7919/5662 8028/5662
f 7919/5680 7995/5681 8028/5680
f 7995/5681 8050/5678 8028/5680
f 8028/5680 8050/5678 8083/5673
f 8050/5678 8075/5674 8083/5673
f 8075/5600 7792/5621 8083/5642
f 7792/5679 7618/5717 8083/5658
f 7618/5717 7469/5724 8083/5658
f 7469/5705 7460/5706 8083/5650
f 7943/5680 8028/5680 7985/5680
f 8028/5680 8083/5673 7985/5680
f 8083/5650 7460/5706 7985/5650
f 7985/5650 7460/5706 7451/5706
f 7460/5529 7331/5546 7451/5529
f 7451/5529 7331/5546 7101/5546
f 7331/5608 6818/5636 7101/5608
f 7101/5608 6818/5636 6805/5636
f 6818/5636 6361/5668 6805/5636
f 6805/5636 6361/5668 6339/5668
f 5896/5707 5940/5707 5955/5709
f 5940/5715 6339/5686 5955/5715
f 6339/5686 6361/5686 5955/5715
f 6361/5686 6371/5689 5955/5715
f 6371/5689 6168/5703 5955/5728
f 6168/5703 6024/5722 5955/5728
f 6024/5722 5928/5723 5955/5728
f 5955/5709 5928/5708 5896/5707
f 5928/5708 5885/5708 5896/5707
f 5958/5709 5955/5709 5899/5707
f 5955/5709 5896/5707 5899/5707
f 5899/5707 5896/5707 5831/5707
f 5831/5707 5896/5707 5784/5707
f 5896/5707 5885/5708 5784/5707
f 5784/5707 5885/5708 5812/5708
f 5812/5610 5885/5610 5801/5611
f 5801/5611 5885/5610 5920/5611
f 5885/5610 5928/5610 5920/5611
f 5928/5612 6024/5614 5920/5611
f 5894/5611 5920/5611 5954/5617
f 5954/5617 5920/5611 6047/5617
f 5920/5611 6024/5614 6047/5617
f 6024/5614 6181/5631 6047/5617
f 6047/5617 6181/5631 6009/5618
f 6181/5631 6188/5632 6009/5618
f 6188/5632 6186/5633 6009/5618
f 6186/5695 6257/5700 6009/5677
f 6009/5677 6257/5700 6268/5701
f 6257/5599 6508/5578 6268/5598
f 6268/5598 6508/5578 6736/5571
f 6508/5578 6922/5557 6736/5571
f 6922/5557 7211/5547 6736/5571
f 6736/5542 7211/5510 6532/5552
f 7211/5510 7083/5510 6532/5552
f 7083/5510 6527/5552 6532/5552
f 6527/5732 6009/5677 6532/5732
f 6009/5677 6268/5701 6532/5732
f 6736/5542 6532/5552 6268/5569
f 5944/4776 5837/4776 5720/4777
f 5837/4776 5677/4777 5720/4777
f 5677/4777 5700/4777 5720/4777
f 5720/4777 5700/4777 5222/4779
f 5700/4777 4950/4779 5222/4779
f 7864/4757 7964/4757 7971/4757
f 7971/4757 7964/4757 8060/4762
f 8060/4731 7964/4731 7687/4713
f 7964/4731 7682/4713 7687/4713
f 7687/4713 7682/4713 7376/4677
f 7682/4713 7365/4677 7376/4677
f 7376/4737 7365/4737 7191/4727
f 7365/4737 6998/4727 7191/4727
f 7052/4733 6998/4732 7191/4732
f 7161/4740 7052/4733 7066/4740
f 7066/4740 7052/4733 7191/4732
f 7191/4732 7052/4733 7048/4732
f 7048/4732 7052/4733 7099/4733
f 7099/4733 7052/4733 7190/4733
f 7190/4733 7052/4733 7197/4733
f 7052/4733 7161/4740 7074/4740
f 7074/4740 7161/4740 7131/4746
f 7161/4740 7066/4740 7131/4746
f 7066/4740 7198/4746 7131/4746
f 4950/4769 5700/4745 5222/4769
f 5222/4769 5700/4745 5720/4745
f 5700/4745 5677/4745 5720/4745
f 5677/4745 5837/4738 5720/4745
f 5720/4745 5837/4738 5944/4738
f 7834/4755 7971/4749 7881/4755
f 7971/4749 8060/4755 7881/4755
f 8060/4857 7687/4842 7881/4857
f 7881/4857 7687/4842 7682/4842
f 6998/4822 7365/4827 7191/4822
f 7191/4822 7365/4827 7376/4827
f 7365/4812 7682/4792 7376/4812
f 7682/4792 7687/4792 7376/4812
f 6604/4810 6718/4810 6628/4808
f 6628/4810 6718/4810 6646/4810
f 6646/4810 6718/4810 6991/4829
f 6969/4698 6887/4703 6838/4710
f 6787/4716 6833/4711 6521/4725
f 6312/4789 6465/4793 6645/4808
f 6521/4797 6645/4808 6522/4796
f 6645/4808 6465/4793 6522/4796
f 6522/4796 6465/4793 6299/4785
f 6465/4793 6312/4789 6299/4785
f 6312/4789 6107/4778 6299/4785
f 5907/4684 5804/4682 5875/4683
f 6116/4766 6056/4780 5878/4781
f 5878/4781 6056/4780 5913/4800
f 5907/4836 5913/4800 6174/4820
f 5913/4800 6056/4780 6174/4820
f 6174/4820 6056/4780 6262/4794
f 6056/4780 6116/4766 6262/4794
f 6827/4721 6485/4700 6575/4714
f 6575/4714 6485/4700 6314/4693
f 6262/4685 6295/4691 6468/4699
f 6295/4691 6314/4693 6468/4699
f 6314/4693 6485/4700 6468/4699
f 6468/4699 6485/4700 6702/4712
f 6702/4712 6485/4700 6935/4730
f 6485/4700 6827/4721 6935/4730
f 6935/4730 6827/4721 7198/4746
f 6827/4721 6575/4714 7198/4746
f 6575/4714 6570/4714 7198/4746
f 7765/4847 7668/4839 7789/4850
f 8056/4858 7789/4850 8060/4857
f 7683/4717 7693/4719 7788/4722
f 8060/4731 7788/4722 8057/4736
f 7788/4722 7693/4719 8057/4736
f 8057/4736 7693/4719 7780/4729
f 7780/4729 7693/4719 7605/4708
f 7693/4719 7683/4717 7605/4708
f 7605/4708 7683/4717 7628/4707
f 7628/4707 7683/4717 7594/4706
f 7594/4706 7683/4717 7591/4705
f 7464/4697 7591/4705 7687/4713
f 7591/4705 7683/4717 7687/4713
f 7683/4717 7788/4722 7687/4713
f 7788/4722 8060/4731 7687/4713
f 8060/4857 7789/4850 7687/4842
f 7789/4850 7668/4839 7687/4842
f 7687/4792 7668/4773 7483/4790
f 7483/4832 7668/4839 7659/4838
f 7659/4838 7668/4839 7761/4844
f 7668/4839 7765/4845 7761/4844
f 7761/4844 7765/4845 8041/4856
f 8041/4856 7765/4847 8068/4859
f 7765/4847 7789/4850 8068/4859
f 7789/4850 8056/4858 8068/4859
f 8068/4753 8056/4754 8008/4752
f 8056/4754 8060/4755 8008/4752
f 7872/4748 7925/4748 7971/4749
f 7925/4748 8008/4752 7971/4749
f 8008/4752 8060/4755 7971/4749
f 7858/4758 7971/4757 7929/4758
f 7929/4758 7971/4757 8013/4760
f 7971/4757 8060/4762 8013/4760
f 8060/4762 8057/4763 8013/4760
f 8013/4760 8057/4763 8064/4764
f 8057/4775 7780/4782 8064/4801
f 7780/4828 7605/4846 8064/4819
f 8064/4819 7605/4846 7478/4855
f 7605/4846 7628/4848 7478/4855
f 7628/4848 7594/4849 7478/4855
f 7478/4718 7594/4723 7461/4715
f 7594/4723 7591/4724 7461/4715
f 7198/4694 7461/4715 7366/4701
f 7366/4701 7461/4715 7369/4702
f 7369/4702 7461/4715 7421/4709
f 7461/4715 7591/4724 7421/4709
f 7591/4705 7464/4697 7421/4688
f 7421/4688 7464/4697 7376/4677
f 7464/4697 7687/4713 7376/4677
f 7687/4792 7483/4790 7376/4812
f 7376/4827 7483/4832 7351/4818
f 7483/4832 7659/4838 7351/4818
f 7351/4818 7659/4838 7440/4823
f 7440/4823 7659/4838 7573/4825
f 7659/4838 7761/4843 7573/4825
f 7761/4805 8041/4826 7573/4815
f 8041/4856 8068/4859 7573/4825
f 7534/4825 7549/4825 7908/4859
f 7549/4825 7573/4825 7908/4859
f 7573/4825 8068/4859 7908/4859
f 7830/4747 7908/4753 7961/4747
f 7908/4753 8068/4753 7961/4747
f 8068/4753 8008/4752 7961/4747
f 8008/4752 7925/4748 7961/4747
f 7925/4748 7872/4748 7961/4747
f 7961/4747 7872/4748 7851/4747
f 7851/4747 7872/4748 7823/4748
f 7823/4748 7872/4748 7853/4749
f 7872/4748 7971/4749 7853/4749
f 7853/4757 7971/4757 7828/4758
f 7971/4757 7858/4758 7828/4758
f 7828/4758 7858/4758 7836/4759
f 7858/4758 7929/4758 7836/4759
f 7836/4759 7929/4758 7977/4759
f 7929/4758 8013/4760 7977/4759
f 8013/4760 8064/4764 7977/4759
f 7837/4764 7977/4759 7887/4764
f 7977/4759 8064/4764 7887/4764
f 8064/4819 7478/4855 7887/4819
f 7887/4819 7478/4855 7463/4855
f 7478/4718 7461/4715 7463/4715
f 7463/4715 7461/4715 7455/4715
f 7455/4715 7461/4715 7452/4715
f 7461/4715 7198/4694 7452/4715
f 7452/4715 7198/4694 7003/4694
f 7198/4746 6570/4714 7003/4746
f 7003/4746 6570/4714 6559/4714
f 6559/4714 6570/4714 6118/4679
f 6118/4679 6570/4714 6123/4679
f 6570/4714 6575/4714 6123/4679
f 6575/4714 6314/4693 6123/4679
f 6314/4693 6295/4691 6123/4679
f 6295/4692 6262/4686 6123/4678
f 6262/4794 6116/4766 6123/4765
f 6118/4765 6123/4765 6104/4765
f 6104/4765 6123/4765 6099/4765
f 6123/4765 6116/4766 6099/4765
f 6099/4765 6116/4766 6086/4766
f 5763/4767 6086/4766 5839/4767
f 6086/4766 6116/4766 5839/4767
f 6116/4766 5878/4781 5839/4767
f 5878/4781 5875/4791 5839/4767
f 5875/4791 5804/4791 5839/4767
f 5839/4767 5804/4791 5752/4767
f 5752/4767 5804/4791 5770/4791
f 5770/4680 5804/4682 5792/4681
f 5804/4682 5907/4684 5792/4681
f 5907/4774 5870/4771 5792/4774
f 5792/4774 5870/4771 5766/4771
f 5766/4770 5870/4770 5788/4772
f 5788/4772 5870/4770 5905/4772
f 5907/4774 6121/4761 5870/4771
f 6121/4761 6299/4742 5870/4771
f 6299/4785 6107/4778 5870/4770
f 5870/4770 6107/4778 5905/4772
f 6107/4778 6312/4789 5905/4772
f 6312/4789 6283/4789 5905/4772
f 5317/4806 5225/4840 5626/4803
f 5626/4803 5782/4799 5720/4777
f 5782/4799 5875/4798 5720/4777
f 5875/4798 5944/4776 5720/4777
f 5944/4738 5779/4741 5720/4745
f 5142/4768 5720/4745 5625/4756
f 5720/4745 5779/4741 5625/4756
f 5625/4841 5779/4851 5461/4837
f 5461/4837 5779/4851 5905/4854
f 5905/4854 5779/4851 5870/4853
f 5779/4741 5944/4738 5870/4739
f 5905/4852 5870/4853 5788/4852
f 5788/4852 5870/4853 5766/4853
f 5766/4739 5870/4739 5792/4738
f 5870/4739 5944/4738 5792/4738
f 5792/4776 5944/4776 5770/4798
f 5944/4776 5875/4798 5770/4798
f 5770/4788 5875/4788 5777/4750
f 5777/4750 5875/4788 5912/4750
f 5875/4788 5782/4786 5912/4750
f 5782/4786 5626/4787 5912/4750
f 5626/4787 5225/4751 5912/4750
f 4953/4744 5821/4750 5255/4744
f 5821/4750 5912/4750 5255/4744
f 5912/4750 5225/4751 5255/4744
f 5255/4744 5225/4751 5318/4783
f 5225/4840 5317/4806 5318/4807
f 5318/4807 5317/4806 5222/4779
f 5317/4806 5626/4803 5222/4779
f 5626/4803 5720/4777 5222/4779
f 5720/4745 5142/4768 5222/4769
f 5222/4779 5169/4807 5318/4807
f 5318/4783 5169/4783 5255/4744
f 5255/4744 5169/4783 5397/4744
f 5397/4744 5169/4783 5336/4783
f 5336/4807 5169/4807 5250/4779
f 5169/4807 5222/4779 5250/4779
f 5250/4769 5222/4769 5315/4768
f 5222/4769 5142/4768 5315/4768
f 5315/4834 5142/4834 5221/4835
f 5221/4835 5142/4834 5355/4835
f 5142/4834 5625/4841 5355/4835
f 5625/4841 5461/4837 5355/4835
f 5461/4837 5905/4852 5355/4835
f 4982/4835 5355/4835 5808/4852
f 5355/4835 5905/4852 5808/4852
f 5808/4772 5905/4772 6271/4789
f 5905/4772 6283/4789 6271/4789
f 6283/4789 6312/4789 6592/4808
f 6312/4789 6645/4808 6592/4808
f 6592/4808 6645/4808 6628/4808
f 6628/4808 6645/4808 6695/4809
f 6645/4808 6521/4797 6695/4809
f 6521/4797 6833/4816 6695/4809
f 6833/4816 6838/4817 6695/4809
f 6664/4809 6695/4809 6718/4810
f 6695/4809 6838/4817 6718/4810
f 6838/4817 6887/4821 6718/4810
f 6718/4810 6887/4821 6755/4814
f 6755/4814 6887/4821 6899/4824
f 6899/4824 6887/4821 7060/4830
f 6887/4703 6969/4698 7060/4690
f 7141/4831 7139/4831 7047/4829
f 7047/4829 7139/4831 7098/4829
f 7065/4689 7139/4689 7197/4696
f 7197/4696 7139/4689 7052/4696
f 7139/4689 7141/4689 7052/4696
f 7141/4689 7060/4690 7052/4696
f 7060/4690 6969/4698 7052/4696
f 7052/4696 6969/4698 6959/4696
f 6959/4696 6969/4698 6952/4698
f 5814/4774 6382/4735 5907/4774
f 5907/4774 6382/4735 6408/4735
f 6382/4735 6873/4704 6408/4735
f 6408/4735 6873/4704 6889/4704
f 6873/4704 6952/4698 6889/4704
f 6952/4698 6969/4698 6889/4704
f 6969/4698 6838/4710 6889/4704
f 6838/4710 6833/4711 6889/4704
f 6833/4711 6787/4716 6889/4704
f 6889/4704 6787/4716 6408/4735
f 6787/4716 6521/4725 6408/4735
f 6521/4725 6522/4728 6408/4735
f 6522/4728 6299/4742 6408/4735
f 6299/4742 6121/4761 6408/4735
f 6121/4761 5907/4774 6408/4735
f 5907/4784 6174/4795 6408/4811
f 6174/4795 6262/4804 6408/4811
f 6262/4685 6468/4699 6408/4687
f 6468/4699 6702/4712 6408/4687
f 6408/4687 6702/4712 6889/4720
f 6702/4712 6935/4730 6889/4720
f 5814/4784 5907/4784 6382/4811
f 5907/4784 6408/4811 6382/4811
f 6382/4687 6408/4687 6873/4720
f 6408/4687 6889/4720 6873/4720
f 6873/4720 6889/4720 6952/4732
f 6952/4732 6889/4720 7191/4732
f 7191/4732 6889/4720 7066/4740
f 6889/4720 6935/4730 7066/4740
f 6935/4730 7198/4746 7066/4740
f 7198/4694 7366/4701 7066/4695
f 7366/4701 7369/4702 7066/4695
f 7066/4726 7369/4734 7191/4727
f 7369/4734 7421/4743 7191/4727
f 7421/4743 7376/4737 7191/4727
f 7066/4695 7162/4695 7198/4694
f 7131/4694 7198/4694 7074/4695
f 7198/4694 7162/4695 7074/4695
f 7074/4726 7162/4726 7113/4727
f 7162/4726 7066/4726 7113/4727
f 7066/4726 7191/4727 7113/4727
f 7113/4822 7191/4822 7065/4813
f 7191/4822 7140/4813 7065/4813
f 7065/4813 7140/4813 7098/4802
f 7047/4802 7098/4802 7141/4813
f 7098/4802 7140/4813 7141/4813
f 7140/4813 7191/4822 7141/4813
f 7191/4822 7376/4827 7141/4813
f 7376/4827 7351/4818 7141/4813
f 7141/4813 7351/4818 7047/4802
f 7351/4818 7440/4823 7047/4802
f 7440/4823 7573/4825 7047/4802
f 7573/4825 7549/4825 7047/4802
f 7549/4825 7534/4825 7047/4802
f 7534/4825 6991/4802 7047/4802
f 6991/4829 6718/4810 7047/4829
f 6718/4810 6755/4814 7047/4829
f 6755/4814 6899/4824 7047/4833
f 6899/4824 7060/4830 7047/4833
f 7060/4830 7141/4831 7047/4833
f 1087/1849 1094/1849 1912/1817
f 1902/1817 1912/1817 1085/1849
f 1912/1817 1094/1849 1085/1849
f 1085/1685 1094/1685 665/1719
f 1094/1685 1087/1685 665/1719
f 1087/1685 666/1719 665/1719
f 1912/1595 1902/1595 1087/1594
f 1902/1595 1094/1594 1087/1594
f 1087/1594 1094/1594 666/1593
f 1094/1594 1085/1594 666/1593
f 1085/1594 665/1593 666/1593
f 665/1593 625/1593 666/1593
f 292/1907 550/1884 452/1907
f 550/1884 590/1884 452/1907
f 550/1707 598/1753 615/1707
f 610/1663 598/1624 543/1663
f 543/1663 598/1624 556/1624
f 598/1753 550/1707 556/1753
f 543/1861 598/1862 610/1861
f 300/1908 295/1905 491/1897
f 295/1905 551/1886 491/1897
f 491/1897 551/1886 533/1885
f 533/1885 551/1886 606/1885
f 606/1885 551/1886 612/1886
f 612/1791 551/1791 645/1783
f 645/1783 551/1791 667/1783
f 551/1791 295/1807 667/1783
f 667/1783 295/1807 320/1808
f 320/1808 295/1807 373/1808
f 373/1808 295/1807 294/1808
f 294/1905 295/1905 299/1908
f 295/1905 300/1908 299/1908
f 299/1908 300/1908 365/1907
f 331/1879 390/1879 348/1878
f 278/1878 348/1878 391/1879
f 348/1878 390/1879 391/1879
f 391/1879 390/1879 292/1877
f 390/1879 331/1879 292/1877
f 331/1879 365/1877 292/1877
f 365/1907 300/1908 292/1907
f 300/1908 491/1897 292/1907
f 292/1907 491/1897 550/1884
f 491/1897 533/1885 550/1884
f 533/1885 606/1885 550/1884
f 606/1885 615/1884 550/1884
f 615/1863 598/1862 550/1863
f 550/1863 598/1862 556/1862
f 598/1862 543/1861 556/1862
f 276/1706 334/1706 302/1718
f 361/1718 302/1718 335/1706
f 302/1718 334/1706 335/1706
f 334/1706 276/1706 376/1698
f 276/1706 316/1698 376/1698
f 376/1768 316/1768 262/1717
f 316/1768 312/1717 262/1717
f 371/1601 306/1601 308/1601
f 308/1601 306/1601 388/1600
f 388/1659 306/1659 323/1717
f 306/1659 312/1717 323/1717
f 312/1717 316/1768 323/1717
f 302/1830 361/1830 276/1829
f 361/1830 334/1829 276/1829
f 276/1829 334/1829 316/1831
f 334/1829 335/1829 316/1831
f 335/1829 376/1831 316/1831
f 316/1865 376/1865 323/1866
f 376/1865 383/1866 323/1866
f 323/1866 383/1866 388/1867
f 308/1790 388/1785 306/1785
f 306/1867 388/1867 262/1866
f 388/1867 383/1866 262/1866
f 391/1823 390/1823 278/1824
f 348/1824 278/1824 331/1823
f 278/1824 390/1823 331/1823
f 331/1870 390/1870 365/1871
f 390/1870 391/1870 365/1871
f 365/1871 391/1870 292/1871
f 1168/1658 1054/1677 1201/1651
f 1054/1677 1066/1675 1201/1651
f 1201/1651 1066/1675 1208/1650
f 1208/1650 1066/1675 1209/1648
f 1209/1648 1066/1675 1603/1616
f 1066/1675 1255/1634 1603/1616
f 1651/1898 1603/1906 1637/1899
f 1603/1616 1255/1634 1637/1602
f 1108/1652 1637/1602 1109/1652
f 1637/1602 1255/1634 1109/1652
f 1255/1634 1066/1675 1109/1652
f 1109/1652 1066/1675 896/1696
f 1066/1675 1054/1677 896/1696
f 762/1758 853/1771 970/1826
f 853/1771 896/1779 970/1826
f 896/1696 1054/1677 970/1689
f 1054/1677 1168/1658 970/1689
f 760/1730 970/1782 979/1736
f 970/1689 1168/1658 979/1704
f 986/1704 979/1704 1409/1633
f 979/1704 1168/1658 1409/1633
f 1168/1658 1201/1651 1409/1633
f 1201/1651 1208/1650 1409/1633
f 1208/1650 1209/1648 1409/1633
f 1409/1684 1209/1713 1517/1681
f 1209/1648 1603/1616 1517/1631
f 1517/1631 1603/1615 1671/1607
f 1603/1903 1651/1898 1671/1890
f 1919/1887 1671/1890 1961/1888
f 1671/1890 1651/1898 1961/1888
f 2208/1888 1961/1888 1758/1898
f 1961/1888 1651/1898 1758/1898
f 1758/1898 1651/1898 1669/1899
f 1651/1898 1637/1899 1669/1899
f 1669/1602 1637/1602 1668/1602
f 1668/1602 1637/1602 1144/1652
f 1637/1602 1108/1652 1144/1652
f 1144/1797 1108/1797 764/1853
f 1108/1797 1109/1797 764/1853
f 764/1853 1109/1797 742/1853
f 1109/1797 896/1794 742/1853
f 896/1779 853/1771 742/1737
f 853/1771 762/1758 742/1737
f 764/1737 742/1737 734/1735
f 764/1735 734/1735 763/1735
f 763/1735 734/1735 749/1735
f 749/1735 734/1735 590/1707
f 57/1925 40/1911 39/1925
f 702/1752 903/1731 323/1717
f 903/1731 696/1691 323/1717
f 171/1855 100/1842 142/1847
f 100/1842 41/1836 142/1847
f 142/1847 41/1836 39/1838
f 41/1896 124/1876 39/1895
f 39/1895 124/1876 157/1864
f 124/1876 184/1856 157/1864
f 157/1864 184/1856 360/1846
f 300/1846 360/1846 295/1848
f 360/1846 184/1856 295/1848
f 184/1856 124/1876 295/1848
f 321/1727 295/1729 26/1695
f 295/1848 124/1876 26/1892
f 124/1876 41/1896 26/1892
f 41/1836 100/1842 26/1835
f 100/1842 171/1855 26/1835
f 26/1835 171/1855 388/1867
f 171/1855 323/1866 388/1867
f 323/1717 696/1691 388/1659
f 388/1659 696/1691 913/1676
f 696/1691 903/1731 913/1676
f 913/1669 903/1623 1135/1636
f 1135/1636 903/1623 1188/1614
f 903/1623 968/1591 1188/1614
f 1188/1590 968/1613 1024/1635
f 1024/1781 889/1763 901/1764
f 901/1764 889/1763 771/1756
f 889/1763 752/1755 771/1756
f 771/1756 752/1755 668/1740
f 668/1740 752/1755 663/1739
f 663/1739 752/1755 472/1716
f 752/1755 640/1728 472/1716
f 159/1839 276/1829 119/1844
f 39/1858 119/1844 75/1858
f 75/1858 119/1844 141/1844
f 746/1743 745/1743 1034/1781
f 1466/1620 1034/1598 1398/1620
f 1398/1620 1034/1598 1024/1598
f 1034/1781 745/1743 1024/1781
f 1024/1781 745/1743 737/1743
f 737/1743 745/1743 316/1698
f 745/1743 455/1698 316/1698
f 455/1831 141/1844 316/1831
f 141/1844 119/1844 316/1831
f 119/1844 276/1829 316/1831
f 276/1706 472/1716 316/1698
f 472/1716 640/1728 316/1698
f 316/1698 640/1728 737/1743
f 640/1728 752/1755 737/1743
f 752/1755 889/1763 737/1743
f 889/1763 1024/1781 737/1743
f 1024/1788 968/1760 737/1778
f 968/1760 903/1731 737/1778
f 903/1731 702/1752 737/1778
f 737/1778 702/1752 316/1768
f 702/1752 323/1717 316/1768
f 323/1866 171/1855 316/1865
f 171/1855 142/1847 316/1865
f 737/1778 745/1778 1024/1788
f 1466/1646 1398/1646 1034/1635
f 1398/1646 1024/1635 1034/1635
f 1034/1788 1024/1788 746/1778
f 1024/1788 745/1778 746/1778
f 745/1778 737/1778 455/1768
f 737/1778 316/1768 455/1768
f 455/1865 316/1865 150/1847
f 316/1865 142/1847 150/1847
f 150/1847 142/1847 93/1838
f 142/1847 39/1838 93/1838
f 39/1895 157/1864 93/1895
f 93/1895 157/1864 181/1864
f 474/1845 181/1864 293/1845
f 181/1864 157/1864 293/1845
f 157/1864 360/1846 293/1845
f 360/1846 300/1846 293/1845
f 293/1845 300/1846 366/1845
f 366/1845 300/1846 359/1846
f 359/1846 300/1846 294/1848
f 300/1846 295/1848 294/1848
f 294/1727 295/1729 373/1727
f 295/1729 321/1727 373/1727
f 373/1603 321/1603 288/1592
f 321/1603 298/1592 288/1592
f 288/1592 298/1592 403/1592
f 403/1883 298/1883 286/1883
f 282/1912 346/1912 283/1912
f 346/1912 286/1883 283/1912
f 286/1883 298/1883 283/1912
f 283/1912 298/1883 108/1889
f 108/1621 298/1592 105/1622
f 298/1592 321/1603 105/1622
f 321/1727 26/1695 105/1705
f 26/1809 388/1785 105/1816
f 105/1816 388/1785 308/1790
f 308/1798 283/1799 309/1795
f 309/1795 283/1799 285/1796
f 1249/1632 1008/1609 1016/1673
f 1008/1609 730/1641 1016/1673
f 1016/1673 730/1641 285/1645
f 309/1795 285/1796 307/1795
f 307/1795 285/1796 354/1796
f 354/1796 285/1796 402/1796
f 402/1645 285/1645 277/1645
f 356/1619 287/1619 297/1619
f 287/1619 286/1619 297/1619
f 286/1619 277/1645 297/1619
f 277/1645 285/1645 297/1619
f 285/1645 730/1641 297/1619
f 730/1641 1008/1609 297/1619
f 1008/1609 1087/1594 297/1619
f 297/1619 1087/1594 666/1593
f 666/1719 1087/1685 856/1678
f 856/1900 1087/1849 1089/1922
f 1087/1849 1295/1868 1089/1922
f 1295/1926 1935/1872 1089/1901
f 1089/1901 1935/1872 1287/1851
f 1021/1834 1028/1800 1234/1833
f 1234/1833 1028/1800 1230/1818
f 1230/1818 1028/1800 1252/1776
f 1264/1751 1252/1776 1058/1741
f 1252/1776 1028/1800 1058/1741
f 841/1628 1065/1606 810/1627
f 1065/1606 1064/1599 810/1627
f 810/1627 1064/1599 798/1626
f 1064/1841 1058/1787 798/1840
f 798/1840 1058/1787 802/1819
f 802/1819 1058/1787 799/1767
f 1058/1787 1028/1733 799/1767
f 799/1767 1028/1733 791/1742
f 1028/1733 1021/1715 791/1742
f 791/1742 1021/1715 781/1732
f 781/1732 1021/1715 784/1714
f 809/1714 784/1714 1030/1715
f 784/1714 1021/1715 1030/1715
f 1263/1833 1030/1834 1240/1833
f 1030/1834 1021/1834 1240/1833
f 1021/1834 1234/1833 1240/1833
f 1240/1833 1234/1833 1637/1832
f 1234/1833 1230/1818 1637/1832
f 1230/1818 1252/1776 1637/1832
f 1637/1832 1252/1776 1662/1759
f 1252/1776 1264/1751 1662/1759
f 1662/1759 1264/1751 1286/1723
f 1264/1751 1058/1741 1286/1723
f 1058/1741 1064/1703 1286/1723
f 1286/1723 1064/1703 1283/1702
f 1064/1617 1065/1611 1283/1644
f 1283/1644 1065/1611 1288/1643
f 1288/1643 1065/1611 1291/1637
f 1065/1725 1077/1722 1291/1692
f 1291/1690 1077/1722 1093/1720
f 1093/1720 1077/1722 859/1747
f 1077/1722 1065/1725 859/1747
f 1065/1606 841/1628 859/1629
f 667/1780 859/1813 657/1777
f 859/1813 841/1806 657/1777
f 841/1806 810/1803 657/1777
f 612/1928 570/1909 614/1927
f 614/1640 570/1640 591/1694
f 591/1694 570/1640 522/1694
f 522/1694 570/1640 533/1640
f 533/1655 570/1657 551/1618
f 570/1869 612/1904 551/1923
f 612/1770 657/1777 551/1770
f 657/1777 810/1803 551/1770
f 810/1803 798/1804 551/1770
f 798/1596 802/1612 551/1597
f 802/1612 799/1639 551/1597
f 551/1597 799/1639 536/1654
f 799/1639 791/1668 536/1654
f 791/1668 781/1679 536/1654
f 781/1679 784/1693 536/1654
f 533/1640 536/1654 522/1694
f 536/1654 784/1693 522/1694
f 784/1693 809/1693 522/1694
f 522/1694 809/1693 590/1694
f 809/1714 1030/1715 1053/1715
f 1053/1834 1030/1834 1263/1833
f 1240/1833 1637/1832 1668/1832
f 2208/1820 1668/1837 1961/1820
f 1668/1837 1637/1837 1961/1820
f 1897/1821 1961/1820 1977/1821
f 1961/1820 1637/1837 1977/1821
f 1637/1837 1662/1828 1977/1821
f 1977/1821 1662/1828 2092/1822
f 1662/1759 1286/1723 2092/1701
f 1286/1723 1283/1702 2092/1701
f 1283/1774 1288/1773 2092/1815
f 1288/1773 1291/1772 2092/1815
f 2092/1815 1291/1772 2015/1814
f 1291/1709 1299/1710 2015/1664
f 1299/1710 1292/1711 2015/1664
f 2016/1662 2015/1664 1971/1665
f 2015/1664 1292/1711 1971/1665
f 1292/1711 1287/1712 1971/1665
f 1287/1851 1935/1872 1971/1801
f 1971/1801 1935/1872 2055/1872
f 2055/1843 1935/1843 1912/1902
f 1935/1843 1295/1854 1912/1902
f 1295/1868 1087/1849 1912/1817
f 1087/1594 1008/1609 1912/1595
f 1008/1609 1249/1632 1912/1595
f 1975/1656 1912/1595 1997/1656
f 1912/1595 1249/1632 1997/1656
f 1249/1632 1016/1673 1997/1656
f 1997/1656 1016/1673 1248/1700
f 1248/1700 1016/1673 1011/1687
f 1016/1673 285/1645 1011/1687
f 1221/1769 1011/1738 956/1734
f 1011/1687 285/1645 956/1686
f 285/1645 283/1647 956/1686
f 956/1882 283/1799 953/1881
f 283/1799 308/1798 953/1881
f 953/1881 308/1798 946/1880
f 946/1642 308/1601 919/1638
f 308/1601 388/1600 919/1638
f 388/1699 913/1660 919/1666
f 919/1666 913/1660 1449/1625
f 913/1669 1135/1636 1449/1649
f 1135/1636 1188/1614 1449/1649
f 1188/1614 1400/1608 1449/1649
f 1449/1649 1400/1608 1491/1608
f 1491/1605 1400/1605 1398/1646
f 1400/1605 1188/1590 1398/1646
f 1188/1590 1024/1635 1398/1646
f 1024/1598 1152/1630 1398/1620
f 1456/1674 1398/1620 1388/1674
f 1398/1620 1152/1630 1388/1674
f 1388/1850 1152/1792 955/1802
f 1152/1811 1024/1781 955/1775
f 1024/1781 901/1764 955/1775
f 901/1764 771/1756 955/1775
f 955/1775 771/1756 735/1754
f 771/1756 668/1740 735/1754
f 735/1754 668/1740 504/1726
f 668/1740 663/1739 504/1726
f 504/1726 663/1739 497/1724
f 663/1739 472/1716 497/1724
f 472/1716 276/1706 497/1724
f 497/1724 276/1706 302/1718
f 276/1829 159/1839 302/1830
f 302/1830 159/1839 80/1852
f 159/1839 119/1844 80/1852
f 119/1844 39/1858 80/1852
f 80/1852 39/1858 29/1859
f 39/1925 40/1911 29/1924
f 29/1924 40/1911 23/1910
f 40/1911 110/1894 23/1910
f 23/1910 110/1894 106/1893
f 106/1893 110/1894 157/1875
f 110/1894 40/1911 157/1875
f 40/1911 74/1911 157/1875
f 74/1911 181/1875 157/1875
f 157/1875 181/1875 292/1871
f 181/1875 452/1871 292/1871
f 292/1877 452/1877 550/1863
f 452/1877 590/1863 550/1863
f 590/1707 734/1735 550/1707
f 734/1735 742/1737 550/1707
f 742/1737 762/1758 550/1707
f 292/1877 550/1863 391/1879
f 391/1879 550/1863 496/1874
f 496/1874 550/1863 556/1862
f 550/1707 762/1758 556/1753
f 762/1758 970/1826 556/1753
f 970/1826 760/1805 556/1753
f 556/1624 760/1667 543/1663
f 760/1667 979/1721 543/1663
f 979/1721 986/1721 543/1663
f 443/1878 543/1861 584/1861
f 543/1663 986/1721 584/1663
f 584/1663 986/1721 1005/1721
f 1005/1704 986/1704 1552/1633
f 986/1704 1409/1633 1552/1633
f 1409/1684 1517/1681 1552/1684
f 1552/1684 1517/1681 1564/1681
f 2196/1610 1564/1631 2075/1610
f 1564/1631 1517/1631 2075/1610
f 1517/1631 1671/1607 2075/1610
f 1671/1607 1919/1604 2075/1610
f 1959/1610 2075/1610 2043/1604
f 2075/1610 1919/1604 2043/1604
f 2043/1887 1919/1887 1985/1888
f 1919/1887 1961/1888 1985/1888
f 1985/1820 1961/1820 1976/1821
f 1961/1820 1897/1821 1976/1821
f 1976/1821 1897/1821 1970/1822
f 1897/1821 1977/1821 1970/1822
f 1977/1821 2092/1822 1970/1822
f 2092/1815 2015/1814 1970/1815
f 1970/1815 2015/1814 1917/1814
f 1917/1664 2015/1664 2038/1662
f 2015/1664 2016/1662 2038/1662
f 2038/1662 2016/1662 2017/1662
f 2017/1662 2016/1662 2109/1662
f 2109/1662 2016/1662 1896/1665
f 2016/1662 1971/1665 1896/1665
f 1896/1665 1971/1665 1953/1665
f 1953/1665 1971/1665 2085/1665
f 1971/1801 2055/1872 2085/1801
f 2055/1843 1912/1902 1902/1902
f 1912/1595 1975/1656 1902/1595
f 1574/1683 1949/1680 1969/1682
f 1949/1708 1975/1653 1969/1708
f 1975/1653 1997/1653 1969/1708
f 1997/1653 1248/1661 1969/1708
f 1248/1766 1011/1738 1969/1827
f 1011/1738 1221/1769 1969/1827
f 1969/1827 1221/1769 1614/1812
f 1221/1769 956/1734 1614/1812
f 956/1744 953/1745 1614/1671
f 1625/1670 1614/1671 1616/1672
f 1614/1671 953/1745 1616/1672
f 953/1745 946/1746 1616/1672
f 946/1642 919/1638 1616/1697
f 919/1638 1449/1688 1616/1697
f 1574/1671 1614/1671 1585/1671
f 1614/1671 1625/1670 1585/1671
f 1625/1670 1616/1672 1585/1671
f 1585/1671 1616/1672 1577/1672
f 1577/1688 1616/1697 1544/1688
f 1616/1697 1449/1688 1544/1688
f 1449/1649 1491/1608 1544/1649
f 1544/1649 1491/1608 1546/1608
f 1546/1605 1491/1605 1547/1646
f 1491/1605 1398/1646 1547/1646
f 1398/1620 1456/1674 1547/1620
f 1547/1620 1456/1674 1555/1674
f 1555/1850 1456/1850 1543/1921
f 1543/1921 1456/1850 1439/1921
f 1456/1850 1388/1850 1439/1921
f 1439/1921 1388/1850 1156/1857
f 1388/1850 955/1802 1156/1857
f 1156/1825 955/1775 943/1786
f 955/1775 735/1754 943/1786
f 735/1754 504/1726 943/1786
f 962/1786 943/1786 531/1726
f 943/1786 504/1726 531/1726
f 531/1726 504/1726 516/1726
f 516/1726 504/1726 508/1726
f 504/1726 497/1724 508/1726
f 508/1726 497/1724 450/1718
f 497/1724 302/1718 450/1718
f 450/1830 302/1830 92/1860
f 92/1860 302/1830 37/1860
f 302/1830 80/1852 37/1860
f 80/1852 29/1859 37/1860
f 29/1748 23/1749 37/1750
f 23/1749 106/1761 37/1750
f 37/1750 106/1761 113/1762
f 106/1893 157/1875 113/1891
f 113/1891 157/1875 183/1873
f 157/1875 292/1871 183/1873
f 292/1871 391/1870 183/1873
f 183/1810 391/1823 278/1824
f 391/1879 496/1874 278/1878
f 496/1874 556/1862 278/1878
f 556/1862 543/1861 278/1878
f 543/1861 443/1878 278/1878
f 443/1789 92/1750 278/1789
f 92/1750 37/1750 278/1789
f 278/1789 37/1750 48/1757
f 37/1750 113/1762 48/1757
f 48/1757 113/1762 136/1765
f 113/1762 183/1784 136/1765
f 183/1793 278/1789 136/1765
f 665/9125 666/9125 625/9125
f 625/9125 666/9125 642/9125
f 642/9125 666/9125 612/9128
f 612/9128 666/9125 657/9128
f 666/9125 667/9124 657/9128
f 625/9330 642/9330 666/9330
f 642/9330 645/9329 666/9330
f 666/9330 645/9329 667/9329
f 356/9354 297/9354 373/9353
f 373/9353 297/9354 320/9353
f 860/9163 1088/9145 867/9137
f 667/9124 867/9071 859/9070
f 859/9129 867/9137 1093/9130
f 867/9137 1088/9145 1093/9130
f 1093/9224 1088/9200 1291/9223
f 1291/9223 1088/9200 1299/9213
f 1299/9213 1088/9200 1292/9188
f 1287/9177 1292/9188 1090/9178
f 1292/9188 1088/9200 1090/9178
f 1090/9176 1088/9145 856/9175
f 1088/9145 860/9163 856/9175
f 856/9073 860/9072 666/9125
f 860/9072 867/9071 666/9125
f 867/9071 667/9124 666/9125
f 667/9329 320/9353 666/9330
f 320/9353 297/9354 666/9330
f 282/9301 284/9301 404/9301
f 404/9301 284/9301 306/9299
f 306/9299 284/9301 308/9299
f 284/9301 108/9328 308/9299
f 308/9299 108/9328 105/9327
f 1464/9029 1439/9029 974/9083
f 974/9083 1439/9029 963/9083
f 963/9083 1439/9029 942/9083
f 1439/9029 1157/9016 942/9083
f 48/9298 136/9268 278/9229
f 3646/512 3776/507 3631/511
f 4068/634 4083/640 4569/811
f 4046/287 3870/175 4016/280
f 3776/507 3646/512 3631/511
f 3646/1117 3763/1118 3631/1117
f 3763/1118 3593/1118 3631/1117
f 3593/1118 3908/1112 3631/1117
f 3908/1112 3864/1111 3631/1117
f 3864/1111 3911/1110 3631/1117
f 3911/1110 3870/1114 3631/1117
f 2252/1075 2148/1091 2139/1075
f 2148/1091 1812/1091 2139/1075
f 3317/624 3303/627 3676/509
f 3220/401 3398/470 3814/554
f 3196/639 3279/601 3272/605
f 2909/383 2934/392 2866/364
f 2866/364 2934/392 2864/357
f 2934/392 2949/396 2864/357
f 2949/396 2976/404 2864/357
f 2864/357 2976/404 2868/352
f 2868/352 2976/404 2901/358
f 2976/404 3014/408 2901/358
f 2901/358 3014/408 2913/359
f 3014/408 3089/416 2913/359
f 2913/359 3089/416 2929/362
f 3089/416 3220/419 2929/362
f 2929/362 3220/419 2953/373
f 2953/373 3220/419 2979/380
f 3220/419 3224/409 2979/380
f 2979/380 3224/409 3000/389
f 3224/409 3223/405 3000/389
f 3000/432 3223/400 3196/415
f 2953/436 3303/361 3284/371
f 4739/456 4789/456 4747/456
f 4747/456 4789/456 4795/456
f 4795/456 4789/456 5212/455
f 5212/455 4789/456 5236/455
f 4789/456 5155/391 5236/455
f 5236/455 5155/391 5212/455
f 5212/455 5155/391 5126/391
f 5155/391 5324/391 5126/391
f 5100/402 5115/376 5227/402
f 5115/376 5114/376 5227/402
f 5114/376 4906/335 5227/402
f 5227/402 4906/335 5228/406
f 4906/335 4897/334 5228/406
f 4897/334 4896/333 5228/406
f 5228/406 4896/333 4964/397
f 4896/333 4887/332 4964/397
f 4964/397 4887/332 4921/390
f 4887/332 4878/344 4921/390
f 4921/390 4878/344 4915/381
f 4878/344 4902/365 4915/381
f 5354/767 4790/860 4778/864
f 4790/860 4499/956 4778/864
f 4583/258 4603/271 5073/468
f 4550/489 4738/399 4709/407
f 4571/936 4403/882 4547/931
f 4308/802 4492/720 4459/735
f 4308/1108 4214/1115 4403/1089
f 4403/1089 4214/1115 4419/1081
f 4214/1115 4194/1123 4419/1081
f 4309/1081 4419/1081 4161/1151
f 4161/1151 4419/1081 4134/1151
f 4419/1081 4194/1123 4134/1151
f 4194/1123 4187/1132 4134/1151
f 4015/944 3592/930 3612/943
f 3612/444 3592/444 2888/253
f 2888/253 3592/444 2876/253
f 2724/746 2713/747 2770/696
f 2770/1013 2713/988 2764/1008
f 2713/988 2724/987 2764/1008
f 2724/746 2770/696 2764/699
f 2764/471 2770/478 2669/428
f 2770/478 2658/423 2669/428
f 2774/957 2850/911 2757/963
f 2757/1097 2850/1127 2859/1136
f 2850/911 2774/957 2859/912
f 2252/1070 2139/1070 2148/1055
f 2139/1070 1812/1055 2148/1055
f 2888/160 2876/160 3612/159
f 4083/176 4091/196 4569/351
f 3593/761 3616/753 3908/743
f 4143/599 4138/600 3908/496
f 3908/938 4138/1028 3593/923
f 3593/923 4138/1028 4136/998
f 4136/718 4138/774 4569/850
f 4138/774 4143/781 4569/850
f 4569/850 4143/781 4068/766
f 4143/599 3908/496 4068/578
f 4068/578 3908/496 4046/574
f 3908/496 3864/504 4046/574
f 3864/673 3911/680 4046/724
f 4046/724 3911/680 3870/687
f 4007/195 3993/194 4069/229
f 4069/229 3993/194 3958/167
f 3993/220 3971/239 3958/252
f 3971/239 3963/251 3958/252
f 3963/251 3962/264 3958/252
f 3958/252 3962/264 3972/277
f 3978/283 3972/272 3870/188
f 3972/272 3962/259 3870/188
f 3962/259 3963/244 3870/188
f 3963/893 3971/895 3870/872
f 3971/895 3993/913 3870/872
f 3993/913 4007/922 3870/872
f 3870/872 4007/922 4016/935
f 4007/234 4069/212 4016/224
f 4016/224 4069/212 4046/218
f 4069/212 4068/211 4046/218
f 3971/1005 3993/1032 3963/1001
f 3993/1032 4007/1043 3963/1001
f 3963/1001 4007/1043 3962/993
f 4007/1043 4016/1046 3962/993
f 3962/993 4016/1046 3972/992
f 4016/1046 4046/1047 3972/992
f 3972/992 4046/1047 3978/991
f 3978/991 4046/1047 3990/986
f 4046/1047 4068/1048 3990/986
f 4037/994 3990/986 4116/1020
f 4116/1020 3990/986 4111/1033
f 4111/1033 3990/986 4091/1044
f 4091/1044 3990/986 4083/1049
f 3990/986 4068/1048 4083/1049
f 4068/211 4069/212 4083/197
f 4083/197 4069/212 4091/179
f 4091/241 4069/229 4111/249
f 4111/249 4069/229 4116/255
f 4198/320 4116/255 4037/248
f 4116/255 4069/229 4037/248
f 4037/248 4069/229 3990/228
f 4069/229 3958/167 3990/228
f 3958/252 3972/277 3990/305
f 3972/272 3978/283 3990/302
f 3612/1152 3997/1153 3808/1095
f 3808/1063 3997/1149 3700/1064
f 3997/1149 3999/1150 3700/1064
f 3999/683 3990/715 3700/783
f 3990/715 3978/739 3700/783
f 4745/214 4828/154 4695/262
f 4695/262 4828/154 4709/268
f 4709/268 4828/154 4738/267
f 4828/154 4851/191 4738/267
f 4921/967 4915/961 4902/954
f 4902/443 4895/457 4883/477
f 4895/457 4878/463 4883/477
f 4906/499 4883/477 4897/492
f 4843/1067 4827/1068 4896/1009
f 4827/1068 4897/1003 4896/1009
f 4897/492 4883/477 4896/486
f 4843/243 4896/183 4887/203
f 4896/486 4883/477 4887/476
f 4883/477 4878/463 4887/476
f 4887/744 4878/757 4843/794
f 4878/757 4895/765 4843/794
f 4895/765 4902/784 4843/794
f 4902/954 4915/961 4843/918
f 4915/961 4921/967 4843/918
f 4843/918 4921/967 4964/971
f 4921/967 4902/954 4964/971
f 4964/306 4902/327 5264/289
f 4902/979 4883/1006 5264/977
f 5264/977 4883/1006 5043/1014
f 5043/877 4883/878 5114/862
f 4883/842 4906/826 5114/789
f 5114/789 4906/826 5354/762
f 4499/349 4790/173 4524/341
f 4490/378 4469/395 4464/413
f 4469/395 4460/403 4464/413
f 4529/867 4464/841 4524/857
f 4524/932 4464/899 4499/915
f 4550/721 4529/726 4606/773
f 4606/773 4529/726 4612/782
f 4529/726 4524/725 4612/782
f 4612/782 4524/725 4603/792
f 4524/725 4499/732 4603/792
f 4603/792 4499/732 4583/801
f 4583/801 4499/732 4571/803
f 4490/378 4533/354 4469/395
f 4469/772 4533/807 4460/764
f 4533/807 4547/808 4460/764
f 4460/764 4547/808 4459/751
f 4547/808 4571/803 4459/751
f 4459/751 4571/803 4492/742
f 4571/803 4499/732 4492/742
f 4499/433 4464/413 4492/427
f 4492/427 4464/413 4459/412
f 4464/413 4460/403 4459/412
f 4459/370 4460/379 4308/414
f 4460/379 4469/387 4308/414
f 4469/1074 4490/1096 4308/1079
f 4308/729 4490/754 4533/780
f 4547/663 4533/666 4571/656
f 4533/666 4490/679 4571/656
f 4490/679 4464/686 4571/656
f 4571/656 4612/643 4603/648
f 4603/182 4612/198 5073/388
f 5073/388 4612/198 4606/213
f 4612/643 4571/656 4606/644
f 4571/656 4464/686 4606/644
f 4865/876 4851/886 4862/883
f 4851/886 4828/897 4862/883
f 4828/889 4745/870 4862/894
f 4862/894 4745/870 4748/844
f 4745/870 4695/838 4748/844
f 4738/716 4748/717 4709/705
f 4748/717 4695/694 4709/705
f 4709/178 4695/202 4550/290
f 4695/202 4745/235 4550/290
f 4745/749 4828/797 4550/675
f 4828/582 4606/644 4550/657
f 4606/644 4464/686 4550/657
f 4464/745 4529/787 4550/798
f 4550/879 4529/867 4738/945
f 4529/867 4524/857 4738/945
f 4524/341 4790/173 4738/210
f 4790/887 5354/762 4738/896
f 4738/896 5354/762 4772/891
f 5354/762 4906/826 4772/891
f 4772/891 4906/826 4821/885
f 4906/999 4897/1003 4821/1069
f 4897/1003 4827/1068 4821/1069
f 4827/880 4748/844 4821/869
f 4821/748 4748/717 4772/731
f 4748/717 4738/716 4772/731
f 4738/267 4851/191 4772/266
f 4772/266 4851/191 4821/261
f 4851/191 4865/207 4821/261
f 4843/231 4827/245 4861/222
f 4861/222 4827/245 4852/217
f 4827/245 4821/261 4852/217
f 4821/261 4865/207 4852/217
f 4865/876 4862/883 4852/866
f 4852/866 4862/883 4861/856
f 4862/894 4748/844 4861/888
f 4748/844 4827/880 4861/888
f 4827/901 4843/918 4861/924
f 4843/918 4964/971 4861/924
f 4861/924 4964/971 4852/925
f 4865/926 4852/925 5228/972
f 4852/925 4964/971 5228/972
f 4964/306 5264/289 5228/297
f 4865/645 5228/664 5227/665
f 5228/297 5264/289 5227/288
f 4865/225 5227/307 4851/216
f 4828/189 4851/216 5073/298
f 4851/216 5227/307 5073/298
f 5073/460 4767/339 4583/250
f 4767/339 4482/169 4583/250
f 4482/536 4456/532 4583/577
f 4583/577 4456/532 4571/573
f 4403/522 4571/573 4419/523
f 4571/573 4456/532 4419/523
f 3954/386 4495/559 4560/435
f 4601/270 4636/233 4080/488
f 4419/295 4421/296 4403/286
f 4547/698 4403/730 4308/755
f 4403/286 4421/296 4308/256
f 4194/692 4492/728 4214/703
f 4492/728 4308/713 4214/703
f 4214/703 4308/713 4187/682
f 4308/713 4421/752 4187/682
f 4421/236 4130/157 4187/232
f 4130/177 4134/200 4187/201
f 4134/475 4080/488 4187/440
f 4080/488 4636/233 4187/440
f 4194/434 4187/440 4499/355
f 4499/355 4187/440 4778/172
f 4187/440 4636/233 4778/172
f 4778/881 4636/908 5354/734
f 4636/908 4601/941 5354/734
f 4601/941 4567/960 5354/734
f 4567/617 4563/654 5354/618
f 5354/618 4563/654 5060/689
f 4563/654 4560/688 5060/689
f 4560/435 4495/559 5060/596
f 4495/559 4498/602 5060/596
f 5060/596 4498/602 5047/681
f 4498/602 4511/606 5047/681
f 4476/674 4978/790 4468/674
f 4978/790 5259/775 4468/674
f 4468/674 5259/775 4496/670
f 4496/670 5259/775 4503/633
f 5259/775 5047/681 4503/633
f 5047/681 4511/606 4503/633
f 4503/226 4511/192 3935/318
f 4511/192 4498/156 3935/318
f 3935/921 4498/1027 3643/905
f 4498/1027 4495/989 3643/905
f 4495/989 3954/817 3643/905
f 3954/817 3627/791 3643/905
f 3643/905 3627/791 3757/791
f 3757/1099 3627/1099 3612/1100
f 3627/1099 3954/1124 3612/1100
f 3612/181 3954/386 3997/221
f 3954/386 4560/435 3997/221
f 4560/1034 4563/1035 3997/859
f 3997/859 4563/1035 3994/854
f 4563/1035 4567/1036 3994/854
f 4567/960 4601/941 3994/1139
f 4601/941 4080/1103 3994/1139
f 4015/859 3997/859 4004/853
f 3997/853 3994/854 4004/853
f 4004/853 3994/854 4014/854
f 4014/1139 3994/1139 4085/1103
f 3994/1139 4080/1103 4085/1103
f 4085/488 4080/488 4128/475
f 4080/488 4134/475 4128/475
f 4128/475 4134/475 4152/475
f 4152/475 4134/475 4154/475
f 4134/200 4130/177 4154/200
f 4154/157 4130/157 4302/236
f 4130/157 4421/236 4302/236
f 4421/296 4419/295 4302/295
f 4302/523 4419/523 4376/523
f 4376/523 4419/523 4424/532
f 4424/532 4419/523 4465/532
f 4419/523 4456/532 4465/532
f 4465/532 4456/532 4485/536
f 4456/532 4482/536 4485/536
f 4485/695 4482/695 4737/832
f 4737/832 4482/695 4775/832
f 4775/832 4482/695 5319/917
f 4482/695 4767/828 5319/917
f 4767/828 5073/920 5319/917
f 5319/917 5073/920 5123/917
f 5123/917 5073/920 5202/920
f 5073/298 5227/307 5202/298
f 5202/298 5227/307 5381/307
f 5381/307 5227/307 5072/307
f 5072/288 5227/288 5084/288
f 5227/288 5264/289 5084/288
f 5084/977 5264/977 5297/1014
f 5264/977 5043/1014 5297/1014
f 5043/877 5114/862 5297/862
f 5297/789 5114/789 5099/789
f 5099/789 5114/789 5098/789
f 5098/789 5114/789 5149/762
f 5114/789 5354/762 5149/762
f 5149/618 5354/618 5177/689
f 5354/618 5060/689 5177/689
f 5177/689 5060/689 5176/689
f 5176/596 5060/596 5175/596
f 5060/596 5047/681 5175/596
f 5175/596 5047/681 5148/681
f 5047/681 5259/775 5148/681
f 5148/681 5259/775 5083/775
f 5083/1120 5259/1120 5258/1120
f 5258/1120 5259/1120 5093/1120
f 5093/1120 5259/1120 5374/1121
f 5259/1120 5066/1121 5374/1121
f 5066/947 5393/946 5374/946
f 5374/946 5393/946 4941/933
f 5393/946 5066/947 4941/933
f 5066/1121 5259/1120 4941/1143
f 5259/1120 4978/1142 4941/1143
f 4941/1143 4978/1142 5374/1143
f 5374/1143 4978/1142 5437/1142
f 5437/1142 4978/1142 5092/1142
f 5092/790 4978/790 5030/790
f 5030/790 4978/790 4475/674
f 4978/790 4476/674 4475/674
f 4475/309 4476/309 3623/437
f 4476/309 4468/309 3623/437
f 3302/557 3204/537 2770/442
f 2770/442 3204/537 2658/385
f 3204/722 3324/733 2658/580
f 2658/580 3324/733 2859/587
f 2859/587 3324/733 3758/823
f 3607/823 3758/823 3768/890
f 3758/823 3324/733 3768/890
f 3324/733 3204/722 3768/890
f 3204/722 3302/760 3768/890
f 3787/900 3768/890 3486/873
f 3768/890 3302/760 3486/873
f 3302/557 2770/442 3486/638
f 3503/1018 3542/1025 3497/1018
f 3542/906 3505/907 3497/907
f 3497/1085 3505/1107 3494/1085
f 3479/1085 3494/1085 3469/1085
f 3494/1085 3505/1107 3469/1085
f 3505/1107 3486/1119 3469/1085
f 3480/1080 3469/1085 3468/1080
f 3469/1085 3486/1119 3468/1080
f 3506/438 3488/453 3503/438
f 3488/453 3468/453 3503/438
f 3509/421 3503/438 3433/464
f 3503/438 3468/453 3433/464
f 3468/1080 3486/1119 3433/1065
f 3486/638 2770/442 3433/637
f 3433/637 2770/442 3296/593
f 3260/592 2796/485 2973/564
f 1879/1060 1793/1061 1797/1060
f 1793/1061 2684/970 1797/1060
f 1797/1060 2684/970 2692/969
f 2973/564 2755/515 3301/623
f 3301/824 2755/937 3066/846
f 2755/937 2692/969 3066/846
f 2692/969 2684/970 3066/846
f 2684/970 1793/1061 3066/846
f 1793/461 2686/340 3066/170
f 3066/170 2686/340 3058/171
f 3058/171 2686/340 1873/462
f 2686/340 1793/461 1873/462
f 1793/1061 1879/1060 1873/1061
f 1777/1059 1879/1060 1799/1059
f 1879/1060 1797/1060 1799/1059
f 1797/1060 2692/969 1799/1059
f 2692/969 2755/937 1799/1059
f 1799/304 2755/515 2471/360
f 2755/515 2973/564 2471/360
f 2973/564 2796/485 2471/360
f 2471/360 2796/485 2713/441
f 2796/485 3260/592 2713/441
f 3260/592 3296/593 2713/441
f 3296/593 2770/442 2713/441
f 2770/442 2658/385 2713/441
f 2713/441 2658/385 2486/350
f 2486/430 2658/465 2774/531
f 2658/580 2859/587 2774/561
f 2888/253 2774/246 3612/444
f 2774/246 2859/299 3612/444
f 2859/299 3758/528 3612/444
f 3758/528 3607/528 3612/444
f 3466/186 3453/206 3394/265
f 3453/254 3483/238 3394/209
f 3278/776 3263/768 3309/793
f 3329/292 3380/313 3394/317
f 3394/1137 3380/1154 3466/1129
f 3380/347 3329/356 3466/273
f 3466/273 3329/356 3472/260
f 3453/254 3472/279 3495/300
f 3646/942 3495/929 3631/928
f 3631/314 3495/300 3676/346
f 3495/300 3472/279 3676/346
f 3676/190 3472/260 3317/372
f 3472/260 3329/356 3317/372
f 3329/292 3394/317 3317/284
f 3317/284 3394/317 3284/274
f 3394/317 3419/348 3284/274
f 3419/348 3309/308 3284/274
f 3284/274 3309/308 3272/275
f 3309/308 3263/278 3272/275
f 3272/892 3263/903 3196/948
f 3263/768 3278/776 3196/809
f 3278/776 3309/793 3196/809
f 2953/697 3284/642 2979/691
f 2979/691 3284/642 3000/685
f 3284/642 3279/649 3000/685
f 3279/649 3196/690 3000/685
f 3000/816 3196/805 2929/831
f 1940/1083 2132/1076 2139/1075
f 2139/1075 2132/1076 2245/1076
f 2245/1076 2132/1076 2206/1077
f 2132/1076 1940/1083 2206/1077
f 1701/439 2498/331 2421/498
f 2421/498 2498/331 2736/458
f 2498/331 3282/330 2736/458
f 3282/330 3281/363 2736/458
f 3281/1042 3283/1082 2736/1037
f 3283/1082 3277/1134 2736/1037
f 2736/1037 3277/1134 2733/1135
f 3277/369 3353/323 2733/520
f 3353/323 2913/451 2733/520
f 2864/636 2866/632 2733/608
f 2976/247 3014/263 3001/163
f 2736/501 3003/616 2674/594
f 2674/812 3003/758 2946/661
f 3003/219 3367/310 2946/158
f 2946/684 3374/839 2948/750
f 2948/750 3374/839 3721/966
f 3721/966 3374/839 3810/904
f 3374/839 2946/684 3810/904
f 2946/158 3367/310 3810/410
f 3810/410 3367/310 3791/417
f 3367/310 3003/219 3791/417
f 3791/1131 3003/1138 3657/1039
f 3003/1138 3001/1040 3657/1039
f 3657/422 3001/163 3388/336
f 3388/336 3001/163 3089/276
f 3001/163 3014/263 3089/276
f 3089/830 3014/837 2949/848
f 3014/837 2976/843 2949/848
f 2976/247 3001/163 2949/240
f 2949/1088 3001/1141 2934/1078
f 3001/1141 2733/1002 2934/1078
f 2934/324 2733/230 2909/316
f 2733/230 2866/301 2909/316
f 2866/868 2864/858 2909/863
f 2909/863 2864/858 2949/848
f 2949/848 2864/858 2929/831
f 2929/831 2864/858 2868/852
f 2864/636 2733/608 2868/641
f 2868/641 2733/608 2901/650
f 2733/608 2913/655 2901/650
f 2901/650 2913/655 2929/660
f 2953/978 2929/980 3303/953
f 3303/953 2929/980 3676/835
f 2929/445 2913/451 3676/174
f 2913/451 3353/323 3676/174
f 3676/502 3353/553 3700/481
f 3353/553 3277/560 3700/481
f 3277/1134 3283/1082 3700/1133
f 3283/1082 3281/1042 3700/1133
f 3700/1133 3281/1042 3808/1041
f 3281/363 3282/330 3808/237
f 3808/237 3282/330 3612/159
f 3612/159 3282/330 2888/160
f 3282/330 2498/331 2888/160
f 2888/160 2498/331 1870/161
f 2498/331 1701/439 1870/161
f 1870/161 1701/439 1821/439
f 1821/411 1701/411 1874/576
f 1701/411 2421/479 1874/576
f 2421/479 2736/501 1874/576
f 2736/501 2674/594 1874/576
f 2674/812 2946/661 1874/849
f 2946/661 2407/800 1874/849
f 2407/1105 2408/1106 1874/1053
f 1874/1053 2408/1106 1884/1054
f 2408/1073 2206/1087 1884/1125
f 1884/1125 2206/1087 1766/1104
f 2206/1077 1940/1083 1766/1093
f 1890/1092 1766/1093 1891/1092
f 1766/1093 1940/1083 1891/1092
f 1891/1092 1940/1083 1812/1091
f 1940/1083 2139/1075 1812/1090
f 1887/1056 1812/1055 1786/1056
f 1812/1055 2139/1070 1786/1056
f 1786/1056 2139/1070 1872/1062
f 1872/1062 2139/1070 2213/1071
f 2199/1072 2213/1071 2360/1072
f 2360/1072 2213/1071 2315/1071
f 2315/1071 2213/1071 2324/1070
f 2213/1071 2139/1070 2324/1070
f 2139/1075 2245/1076 2324/1075
f 2324/1075 2245/1076 2343/1076
f 2343/1076 2245/1076 2306/1077
f 2245/1076 2206/1077 2306/1077
f 2206/1087 2408/1073 2306/1073
f 2408/1106 2407/1105 2306/1106
f 2306/1106 2407/1105 2307/1105
f 2307/1105 2407/1105 2378/1105
f 2378/1105 2407/1105 2405/1105
f 2405/800 2407/800 2944/661
f 2407/800 2946/661 2944/661
f 2944/661 2946/661 2967/661
f 2967/684 2946/684 2968/684
f 2968/684 2946/684 2975/750
f 2946/684 2948/750 2975/750
f 2975/676 2948/723 3010/676
f 3010/676 2948/723 3155/676
f 3155/676 2948/723 3704/571
f 2948/723 3721/572 3704/571
f 3572/571 3704/571 3703/572
f 3704/571 3721/572 3703/572
f 3703/966 3721/966 3577/904
f 3721/966 3810/904 3577/904
f 3577/904 3810/904 3804/904
f 3804/410 3810/410 3575/410
f 3810/410 3791/417 3575/410
f 3575/410 3791/417 3557/417
f 3557/417 3791/417 3660/417
f 3660/417 3791/417 3681/417
f 3681/1131 3791/1131 3656/1039
f 3791/1131 3657/1039 3656/1039
f 3717/575 3584/568 3593/575
f 3413/510 3593/575 3398/500
f 3398/500 3593/575 3814/568
f 3593/575 3584/568 3814/568
f 3584/466 3656/422 3814/466
f 3656/422 3657/422 3814/466
f 3657/422 3388/336 3814/466
f 3388/336 3089/276 3814/466
f 3814/466 3089/276 3220/294
f 3089/830 2949/848 3220/822
f 2949/848 2929/831 3220/822
f 2929/831 3196/805 3220/822
f 3398/1015 3220/973 3384/1007
f 3384/1007 3220/973 3224/975
f 3220/836 3196/809 3224/825
f 3196/809 3223/818 3224/825
f 3224/825 3223/818 3365/804
f 3223/818 3196/809 3365/804
f 3196/809 3309/793 3365/804
f 3309/308 3419/348 3365/329
f 3224/613 3365/653 3384/658
f 3365/612 3419/590 3384/609
f 3384/609 3419/590 3398/604
f 3278/737 3309/759 3263/727
f 3309/759 3365/777 3263/727
f 3263/727 3365/777 3272/712
f 3272/712 3365/777 3279/710
f 3279/710 3365/777 3284/701
f 3365/777 3384/778 3284/701
f 3284/701 3384/778 3303/702
f 3384/778 3398/779 3303/702
f 3284/1122 3303/1130 3317/1145
f 3303/1130 3398/1116 3317/1145
f 3394/934 3380/949 3416/916
f 3416/503 3380/519 3426/491
f 3380/519 3329/529 3426/491
f 3426/491 3329/529 3435/482
f 3435/482 3329/529 3413/474
f 3329/529 3317/530 3413/474
f 3317/1145 3398/1116 3413/1144
f 3398/604 3419/590 3413/589
f 3413/589 3419/590 3435/586
f 3419/590 3426/579 3435/586
f 3413/184 3435/199 3593/291
f 3593/291 3435/199 3532/282
f 3435/199 3426/205 3532/282
f 3532/282 3426/205 3416/204
f 3426/342 3419/348 3416/328
f 3419/348 3394/317 3416/328
f 3416/215 3394/223 3515/165
f 3394/524 3483/487 3515/469
f 3416/180 3515/242 3532/257
f 3483/367 3515/366 3453/418
f 3515/366 3532/374 3453/418
f 3453/418 3532/374 3466/426
f 3466/426 3532/374 3472/429
f 3532/374 3593/377 3472/429
f 3763/997 3777/997 3737/1012
f 3777/997 3631/997 3737/1012
f 3631/997 3495/1011 3737/1012
f 3495/1011 3472/1031 3737/1012
f 3472/429 3593/382 3737/384
f 3614/447 3737/446 3615/447
f 3737/446 3593/449 3615/447
f 3593/452 3532/459 3615/447
f 3532/459 3515/469 3615/447
f 3515/469 3483/487 3615/447
f 3483/238 3453/254 3615/285
f 3453/254 3495/300 3615/285
f 3495/300 3646/314 3615/285
f 3615/285 3646/314 3762/314
f 3646/942 3631/928 3762/928
f 3762/314 3631/314 3613/314
f 3613/314 3631/314 3760/314
f 3631/314 3676/346 3760/314
f 3760/314 3676/346 3645/346
f 3645/481 3676/502 3559/481
f 3676/502 3700/481 3559/481
f 3559/1133 3700/1133 3702/1041
f 3700/1133 3808/1041 3702/1041
f 3702/1041 3808/1041 3569/1041
f 3569/237 3808/237 3568/237
f 3808/237 3612/159 3568/237
f 3568/237 3612/159 3592/159
f 3612/444 3607/528 3592/444
f 3607/823 3768/890 3752/890
f 3768/890 3787/900 3752/890
f 3752/890 3787/900 3766/900
f 3766/900 3787/900 3642/900
f 3642/1086 3787/1086 3786/1086
f 3724/1017 3786/1086 3750/1017
f 3750/1017 3786/1086 3601/1017
f 3786/1086 3787/1086 3601/1017
f 3787/1086 3486/1094 3601/1017
f 3486/1094 3505/907 3601/1017
f 3505/907 3542/906 3601/1017
f 3750/1017 3601/1017 3664/990
f 3601/1017 3542/906 3664/990
f 3751/914 3664/959 3624/914
f 3664/959 3542/1025 3624/914
f 3542/1025 3503/1018 3624/914
f 3601/1017 3751/1017 3786/1086
f 3751/914 3624/914 3786/855
f 3623/631 3784/562 3635/631
f 3635/631 3784/562 3794/562
f 3784/855 3785/855 3794/855
f 3785/855 3786/855 3794/855
f 3786/855 3624/914 3794/855
f 3624/914 3503/1018 3794/855
f 3503/1018 3509/847 3794/855
f 3794/562 3509/588 3635/631
f 3509/672 3433/637 3635/763
f 3433/637 3296/593 3635/763
f 3296/593 3260/592 3635/763
f 3260/592 2973/564 3635/763
f 2973/564 3301/623 3635/763
f 3301/711 3066/815 3635/741
f 3066/815 3058/815 3635/741
f 3058/815 3623/741 3635/741
f 3623/437 4468/309 3635/437
f 4468/309 4496/293 3635/437
f 4496/293 4503/226 3635/437
f 4503/226 3935/318 3635/437
f 3635/437 3935/318 3794/343
f 3635/437 3794/343 3623/437
f 3623/437 3794/343 3784/343
f 3784/343 3794/343 3785/343
f 3785/343 3794/343 3786/343
f 3786/1019 3794/1038 3751/1051
f 3751/706 3794/799 3709/651
f 3794/1109 3935/1128 3709/1098
f 3709/595 3935/493 3625/558
f 3935/493 3643/497 3625/558
f 3765/558 3625/558 3786/497
f 3625/558 3643/497 3786/497
f 3786/497 3643/497 3553/497
f 3553/905 3643/905 3767/905
f 3643/905 3757/791 3767/905
f 3757/1099 3612/1100 3592/1100
f 3612/1152 3808/1095 3592/1152
f 3592/1152 3808/1095 3568/1095
f 3568/1095 3808/1095 3569/1095
f 3569/1063 3808/1063 3702/1063
f 3702/1063 3808/1063 3559/1064
f 3808/1063 3700/1064 3559/1064
f 3631/511 3761/507 3776/507
f 3761/507 3613/507 3776/507
f 3613/518 3760/518 3776/518
f 3760/518 3559/567 3776/518
f 3559/567 3700/567 3776/518
f 3700/567 3978/569 3776/518
f 3776/518 3978/569 3631/513
f 3978/283 3870/188 3631/187
f 3631/511 3870/516 3646/512
f 3870/516 3911/525 3646/512
f 3911/704 3864/714 3646/693
f 3864/714 3908/743 3646/693
f 3908/743 3616/753 3646/693
f 3631/511 3646/512 3552/512
f 3646/693 3616/753 3552/693
f 3552/693 3616/753 3736/761
f 3616/753 3593/761 3736/761
f 3736/761 3593/761 3813/761
f 3813/923 3593/923 3717/923
f 3778/874 3717/923 3657/874
f 3717/923 3593/923 3657/874
f 3593/923 4136/998 3657/874
f 3658/541 3657/547 3661/542
f 4466/909 4600/861 4477/927
f 4600/861 4754/820 4477/927
f 4477/927 4754/820 4497/951
f 4497/671 4714/806 4467/662
f 4084/995 4088/1026 4473/965
f 4088/1026 4467/996 4473/965
f 4467/662 4714/806 4473/659
f 4473/166 4714/319 4924/448
f 4714/338 4497/450 4924/168
f 4924/168 4497/450 4769/321
f 4497/951 4754/820 4769/833
f 4769/833 4754/820 4885/756
f 4885/985 4754/1052 5385/955
f 4754/1052 4866/981 5385/955
f 5385/955 4866/981 5094/952
f 5094/952 4866/981 4759/1045
f 4866/981 4754/1052 4759/1045
f 4754/155 4600/269 4759/420
f 4600/796 4466/902 4759/821
f 4466/909 4735/821 4759/821
f 4759/1045 4735/1045 5094/952
f 5094/952 4735/1045 4980/952
f 4735/821 4466/909 4439/909
f 4466/736 4022/840 4439/736
f 4439/736 4022/840 4012/840
f 3533/983 4012/910 3759/983
f 4012/910 4022/910 3759/983
f 4254/769 4183/738 4587/875
f 4089/581 4501/467 4148/563
f 4501/467 4587/431 4148/563
f 4587/431 4183/540 4148/563
f 4148/495 4183/480 3967/585
f 4183/480 4254/454 3967/585
f 3967/585 4254/454 4022/552
f 4254/769 4449/813 4022/652
f 4022/652 4449/813 4466/819
f 4466/819 4449/813 4755/939
f 4449/813 4254/769 4755/939
f 4254/769 4587/875 4755/939
f 4755/353 4587/431 4814/315
f 4587/431 4501/467 4814/315
f 4814/315 4501/467 4749/345
f 4749/700 4501/635 4494/647
f 4494/484 4501/494 4102/550
f 4501/494 4089/555 4102/550
f 4102/550 4089/555 3704/615
f 4089/508 4148/495 3704/611
f 4148/495 3967/585 3704/611
f 3603/621 3704/611 3727/621
f 3704/611 3967/585 3727/621
f 3727/621 3967/585 3759/629
f 3967/585 4022/556 3759/629
f 3533/629 3759/629 4005/556
f 3759/629 4022/556 4005/556
f 4005/556 4022/556 4017/556
f 4017/652 4022/652 4439/819
f 4022/652 4466/819 4439/819
f 4439/819 4466/819 4720/940
f 4466/819 4735/940 4720/940
f 5094/1030 4980/1030 4759/940
f 4980/1030 4735/940 4759/940
f 4735/940 4466/819 4759/940
f 4466/819 4755/939 4759/940
f 5218/1029 5094/1030 5080/1029
f 5094/1030 4759/940 5080/1029
f 4759/940 4755/939 5080/1029
f 5080/193 4755/353 5362/164
f 4755/353 4814/315 5362/164
f 4814/315 4749/345 5362/164
f 4749/565 4494/614 5362/505
f 4494/614 4773/549 5362/505
f 5362/505 4773/549 5384/483
f 4773/549 4753/543 5384/483
f 4753/1147 4764/1113 5384/1146
f 4764/1113 4758/1058 5384/1146
f 5384/1146 4758/1058 5367/1021
f 4758/1058 4750/1022 5367/1021
f 4750/1010 4506/1126 5367/919
f 5367/919 4506/1126 4768/1000
f 4768/1000 4506/1126 4488/1102
f 4488/424 4506/472 3661/534
f 4506/472 4103/544 3661/534
f 3658/541 3661/542 3555/541
f 3555/541 3661/542 3681/542
f 3681/542 3661/542 3660/542
f 3660/534 3661/534 3779/534
f 3803/610 3779/534 3710/610
f 3779/534 3661/534 3710/610
f 3661/534 4103/544 3710/610
f 3710/610 4103/544 4105/551
f 4105/551 4103/544 4502/490
f 4103/544 4506/472 4502/490
f 4506/1126 4750/1010 4502/1140
f 4750/1022 4758/1058 4502/1023
f 4502/1023 4758/1058 4491/1084
f 4758/1058 4764/1113 4491/1084
f 4764/1113 4753/1147 4491/1084
f 4491/1084 4753/1147 4504/1148
f 4753/543 4773/549 4504/607
f 4773/549 4494/614 4504/607
f 4494/668 4109/622 4504/678
f 4504/678 4109/622 4108/625
f 4108/829 4109/827 3721/740
f 4109/538 4494/484 3721/597
f 4494/484 4102/550 3721/597
f 4102/550 3704/615 3721/597
f 3721/597 3704/615 3572/615
f 3572/611 3704/611 3725/621
f 3704/611 3603/621 3725/621
f 3725/621 3603/621 3629/629
f 3603/621 3727/621 3629/629
f 3727/621 3759/629 3629/629
f 3629/983 3759/983 3570/982
f 3570/982 3759/983 3799/982
f 3799/982 3759/983 3679/982
f 3759/983 4022/910 3679/982
f 3679/982 4022/910 3966/968
f 3966/871 4022/834 3965/865
f 4022/834 4466/736 3965/865
f 3965/865 4466/736 4086/788
f 4466/736 4477/630 4086/788
f 4086/788 4477/630 4195/646
f 4477/667 4497/671 4195/628
f 4195/628 4497/671 4101/584
f 4497/671 4467/662 4101/584
f 4467/506 4088/393 4101/398
f 4101/398 4088/393 3597/185
f 4088/393 4084/394 3597/185
f 3749/1066 3597/1066 3806/964
f 3806/964 3597/1066 3696/964
f 3597/1066 4084/995 3696/964
f 4084/995 4473/965 3696/964
f 4473/965 4454/965 3696/964
f 3792/603 3490/548 3554/473
f 3379/368 3554/473 3187/521
f 3554/473 3490/548 3187/521
f 3187/521 3490/548 3402/626
f 3490/548 3792/603 3402/626
f 3402/626 3792/603 3696/770
f 3792/603 3562/603 3696/770
f 3806/770 3696/770 3684/603
f 3696/770 3562/603 3684/603
f 3562/603 3792/603 3790/473
f 3792/603 3554/473 3790/473
f 3790/677 3554/677 3629/619
f 3629/619 3554/677 3759/619
f 3554/677 3379/620 3759/619
f 3759/619 3379/620 3533/619
f 3533/619 3379/620 3368/620
f 3044/325 3368/368 3170/325
f 3368/368 3379/368 3170/325
f 3379/368 3187/521 3170/325
f 3187/521 3124/514 3170/325
f 3124/514 3057/514 3170/325
f 3170/325 3057/514 3021/325
f 2995/514 3057/514 2990/669
f 2990/669 3057/514 3116/669
f 3057/514 3124/514 3116/669
f 3124/514 3187/521 3116/669
f 3187/521 3402/626 3116/669
f 3402/626 3696/770 3116/669
f 3011/669 3116/669 3548/770
f 3116/669 3696/770 3548/770
f 3548/964 3696/964 4442/965
f 3696/964 4454/965 4442/965
f 4454/166 4473/166 4911/448
f 4473/166 4924/448 4911/448
f 4911/974 4924/974 4936/962
f 4936/962 4924/974 5168/962
f 4924/974 4769/1050 5168/962
f 4769/1050 4885/985 5168/962
f 4885/985 5385/955 5168/962
f 5385/955 5076/955 5168/962
f 5056/962 5168/962 5234/955
f 5168/962 5076/955 5234/955
f 5234/955 5076/955 5293/952
f 5076/955 5385/955 5293/952
f 5385/955 5094/952 5293/952
f 5293/1030 5094/1030 5079/1029
f 5094/1030 5218/1029 5079/1029
f 5079/193 5218/193 5183/164
f 5218/193 5080/193 5183/164
f 5080/193 5362/164 5183/164
f 5362/505 5384/483 5183/483
f 5183/1146 5384/1146 5186/1021
f 5384/1146 5367/1021 5186/1021
f 5212/898 5052/919 5236/898
f 5052/919 5367/919 5236/898
f 5367/919 4768/1000 5236/898
f 4768/1000 4488/1102 5236/898
f 4488/1102 4650/1004 5236/898
f 5212/1016 5236/1016 4809/984
f 4763/984 4776/984 4803/984
f 4776/984 4809/984 4803/984
f 4809/984 5236/1016 4803/984
f 5236/1016 4650/950 4803/984
f 4803/845 4650/884 4217/976
f 4650/884 4488/958 4217/976
f 4488/424 3661/534 4217/425
f 3661/542 3657/547 4217/709
f 4217/709 3657/547 4211/708
f 4211/708 3657/547 4215/707
f 3657/874 4136/998 4215/1024
f 4215/719 4136/718 4802/851
f 4136/718 4569/850 4802/851
f 4760/851 4802/851 4568/850
f 4802/851 4569/850 4568/850
f 4568/351 4569/351 4401/322
f 4302/322 4267/322 4379/322
f 4267/322 4401/322 4379/322
f 4401/322 4569/351 4379/322
f 4379/322 4569/351 4265/281
f 4569/351 4091/196 4265/281
f 4265/337 4091/241 4209/326
f 4091/241 4111/249 4209/326
f 4111/249 4116/255 4209/326
f 4116/255 4198/320 4209/326
f 4159/517 4198/535 4134/526
f 4198/535 4209/539 4134/526
f 4161/526 4134/526 4309/566
f 4309/566 4134/526 4379/566
f 4134/526 4209/539 4379/566
f 4209/539 4265/545 4379/566
f 4302/810 4379/810 4421/795
f 4379/810 4265/814 4421/795
f 4134/771 4130/785 4159/786
f 4130/311 4421/375 4159/303
f 4421/375 4265/337 4159/303
f 4265/337 4209/326 4159/303
f 4209/527 4198/533 4159/546
f 4198/533 4037/583 4159/546
f 4159/227 4037/208 4134/162
f 4037/248 3990/228 4134/312
f 3990/570 3999/591 4134/598
f 4302/375 4421/375 4154/311
f 4421/375 4130/311 4154/311
f 4130/785 4134/771 4154/771
f 4154/771 4134/771 4152/771
f 4152/598 4134/598 4128/598
f 4128/598 4134/598 4014/591
f 4134/598 3999/591 4014/591
f 3999/1150 3997/1149 4014/1150
f 4014/1150 3997/1149 4015/1149
f 4015/1153 3997/1153 4010/1153
f 4010/1153 3997/1153 4000/1153
f 4000/1153 3997/1153 3592/1152
f 3997/1153 3612/1152 3592/1152
f 3592/159 3612/159 2887/160
f 3612/159 2876/160 2887/160
f 2876/160 2888/160 1863/161
f 2888/160 1870/161 1863/161
f 1870/161 1821/439 1863/161
f 1821/411 1874/576 1769/576
f 1769/1053 1874/1053 1676/1053
f 1676/1053 1874/1053 1770/1053
f 1770/1053 1874/1053 1764/1054
f 1874/1053 1884/1054 1764/1054
f 1884/1125 1766/1104 1764/1125
f 1764/1125 1766/1104 1765/1125
f 1765/1093 1766/1093 1889/1092
f 1766/1093 1890/1092 1889/1092
f 1889/1092 1890/1092 1697/1091
f 1890/1092 1891/1092 1697/1091
f 1891/1092 1812/1091 1697/1091
f 1697/1055 1812/1055 1886/1056
f 1812/1055 1887/1056 1886/1056
f 1886/1056 1887/1056 1865/1057
f 1887/1056 1786/1056 1865/1057
f 1865/1057 1786/1056 1753/1057
f 1786/1056 1872/1062 1753/1057
f 1872/1062 2213/1071 1753/1057
f 2213/1071 2199/1072 1753/1057
f 1753/1057 2199/1072 2058/1057
f 2058/1057 2199/1072 2309/1072
f 2757/1097 2859/1136 2774/1101
f 4760/8940 4763/8930 4801/8940
f 4763/8930 4804/8930 4801/8940
f 4801/8940 4804/8930 4215/8939
f 4215/8939 4804/8930 4211/8935
f 4804/8930 4217/8929 4211/8935
f 4104/8926 4094/8925 3710/8944
f 4094/8925 4100/8924 3710/8944
f 3803/8944 3710/8944 3685/8944
f 3685/8944 3710/8944 3576/8944
f 3576/8944 3710/8944 3572/8943
f 3572/8943 3710/8944 3720/8943
f 3710/8944 4100/8924 3720/8942
f 3720/8942 4100/8924 4107/8923
f 4107/8947 4100/8953 4505/8948
f 4505/8948 4100/8953 4491/8957
f 4100/8953 4094/8958 4491/8957
f 4094/8958 4104/8963 4491/8957
f 4491/8957 4104/8963 4502/8964
f 2733/8989 3002/8990 2735/8977
f 3002/8990 3003/8978 2735/8977
f 3727/8893 3379/8875 3475/8882
f 3039/8869 3163/8869 3170/8870
f 3163/8869 3297/8873 3170/8870
f 3098/8870 3170/8870 3347/8874
f 3759/8885 3533/8885 3360/8874
f 3533/8885 3347/8874 3360/8874
f 3347/8874 3170/8870 3360/8874
f 3170/8870 3297/8873 3360/8874
f 3297/8873 3462/8881 3360/8874
f 3462/8881 3475/8882 3360/8874
f 3475/8882 3379/8875 3360/8874
f 3360/8874 3379/8875 3759/8885
f 3379/8875 3727/8893 3759/8885
f 3727/8893 3726/8893 3759/8885
f 3629/8885 3759/8885 3725/8893
f 3759/8885 3726/8893 3725/8893
f 3726/8974 3727/8974 3572/8973
f 3572/8973 3727/8974 3704/8973
f 3727/8974 3475/8984 3704/8973
f 3475/8984 3462/8985 3704/8973
f 3462/8985 3297/8991 3704/8973
f 3704/8973 3297/8991 3156/8992
f 3297/8991 3163/8993 3156/8992
f 3163/8993 3039/8993 3156/8992
f 3156/8992 3039/8993 3010/8992
f 3039/8869 3170/8870 3022/8870
f 5324/8879 5155/8879 5343/8879
f 5343/8879 5155/8879 5123/8890
f 5123/8890 5155/8879 5319/8890
f 5319/8890 5155/8879 4775/8889
f 5155/8879 4789/8878 4775/8889
f 4775/8889 4789/8878 4737/8889
f 4737/8889 4789/8878 4739/8878
f 2669/8901 2658/8902 2764/8897
f 2658/8902 2771/8894 2764/8897
f 2850/8919 2859/8920 2658/8902
f 2658/8871 2859/8868 2669/8877
f 2859/8868 2850/8876 2669/8877
f 2850/8919 2658/8902 2669/8901
f 2756/8994 2473/9005 2484/9003
f 2473/9005 2724/8997 2484/9003
f 2484/8922 2724/8909 2713/8910
f 2713/8906 2724/8908 2471/8891
f 2724/8908 2473/8892 2471/8891
f 2473/8996 2756/8995 2471/9007
f 2471/8903 1869/8896 1799/8895
f 1799/8895 1869/8896 1777/8895
f 1777/8895 1869/8896 1863/8896
f 1863/8896 1869/8896 2887/8928
f 2887/8928 1869/8896 2876/8928
f 2876/8928 1869/8896 2888/8928
f 2888/8928 1869/8896 2773/8916
f 1869/8896 2471/8903 2773/8916
f 2471/9007 2756/8995 2773/9004
f 2756/8966 2484/8965 2773/8976
f 2773/8976 2484/8965 2486/8975
f 2484/8922 2713/8910 2486/8921
f 4195/8971 4101/8968 4087/8961
f 3571/8941 3800/8941 3748/8949
f 3800/8941 3679/8941 3748/8949
f 3748/8949 3679/8941 3597/8949
f 3679/8941 3966/8954 3597/8949
f 3966/8954 3965/8955 3597/8949
f 3965/8955 4087/8961 3597/8949
f 4087/8961 4101/8968 3597/8949
f 2224/5898 2310/5898 2242/5882
f 2462/5908 2242/5905 2345/5907
f 2242/5882 2310/5898 2345/5882
f 2345/5882 2310/5898 2355/5898
f 2355/5898 2310/5898 2351/5910
f 2351/5910 2310/5898 2214/5910
f 2310/5898 2224/5898 2214/5910
f 3157/5871 3241/5871 3244/5872
f 3241/5871 2846/5874 3244/5872
f 2422/5902 2960/5894 2651/5896
f 2651/5895 2960/5897 2653/5903
f 2960/5897 2964/5901 2653/5903
f 2653/5900 2964/5912 2618/5899
f 2964/5912 3244/5914 2618/5899
f 3244/5872 2846/5874 2618/5881
f 2618/5891 2472/5887 2246/5885
f 2246/5885 2472/5887 2251/5886
f 2251/5886 2472/5887 2544/5889
f 2472/5887 2618/5891 2544/5889
f 2544/5889 2618/5891 2640/5892
f 2640/5880 2618/5881 2720/5878
f 2618/5881 2846/5874 2720/5878
f 2720/5878 2846/5874 2830/5877
f 2621/5879 2830/5877 2814/5877
f 2814/5877 2830/5877 3150/5870
f 3150/5870 2830/5877 3232/5870
f 2830/5877 2846/5874 3232/5870
f 2846/5874 3241/5871 3232/5870
f 3241/5871 3157/5871 3232/5870
f 3232/5870 3157/5871 3111/5870
f 3111/5870 3157/5871 3117/5871
f 3117/5871 3157/5871 3102/5872
f 3157/5871 3244/5872 3102/5872
f 3102/5912 3244/5914 2992/5912
f 3244/5914 2964/5912 2992/5912
f 2964/5901 2960/5897 2992/5901
f 2992/5901 2960/5897 2993/5897
f 2993/5897 2960/5897 2978/5897
f 2978/5894 2960/5894 2962/5894
f 2962/5894 2960/5894 2414/5902
f 2960/5894 2422/5902 2414/5902
f 2414/5902 2422/5902 2397/5902
f 2397/5876 2422/5876 2347/5876
f 2422/5876 2416/5875 2347/5876
f 2347/5876 2416/5875 2356/5875
f 2356/5875 2416/5875 2392/5875
f 2392/5875 2416/5875 2426/5875
f 2462/5873 2426/5875 2435/5873
f 2426/5875 2416/5875 2435/5873
f 2416/5875 2422/5876 2435/5873
f 2422/5876 2651/5867 2435/5873
f 2651/5867 2653/5866 2435/5873
f 2435/5909 2653/5913 2242/5904
f 2653/5913 2618/5911 2242/5904
f 2618/5891 2246/5885 2242/5884
f 2242/5882 2246/5890 2224/5898
f 2224/5898 2246/5890 2214/5910
f 2246/5890 2251/5906 2214/5910
f 2520/5888 2338/5883 2508/5888
f 2338/5883 2214/5883 2508/5888
f 2214/5883 2251/5886 2508/5888
f 2251/5886 2544/5889 2508/5888
f 2544/5889 2640/5892 2508/5888
f 2508/5888 2640/5892 2642/5893
f 2640/5880 2720/5878 2642/5879
f 2720/5878 2830/5877 2642/5879
f 2830/5877 2621/5879 2642/5879
f 2621/5893 2520/5888 2642/5893
f 2520/5888 2508/5888 2642/5893
f 3136/5844 3203/5845 3140/5845
f 3140/5845 3203/5845 3182/5846
f 3182/5846 3203/5845 3261/5846
f 3261/5846 3203/5845 3265/5845
f 3265/5845 3203/5845 3268/5844
f 3203/5845 3136/5844 3268/5844
f 3232/5849 3245/5846 3261/5846
f 3249/5844 3236/5847 3268/5844
f 2567/5832 2554/5833 2527/5834
f 2554/5858 2381/5854 2527/5857
f 2527/5857 2381/5854 2464/5855
f 2464/5855 2381/5854 2327/5853
f 2327/5853 2281/5851 2268/5850
f 2281/5851 2329/5851 2268/5850
f 2268/5850 2329/5851 2390/5850
f 2395/5852 2329/5851 2248/5852
f 2329/5851 2281/5851 2248/5852
f 2281/5851 2327/5853 2248/5852
f 2327/5853 2381/5854 2248/5852
f 2248/5852 2381/5854 2364/5852
f 2364/5852 2381/5854 2425/5854
f 2381/5854 2554/5858 2425/5854
f 2425/5854 2554/5858 2600/5858
f 3232/5861 3242/5860 2954/5862
f 2954/5862 3242/5860 3236/5859
f 3153/5847 3236/5847 3197/5847
f 3197/5847 3236/5847 3237/5847
f 3237/5847 3236/5847 3268/5844
f 3268/5844 3236/5847 3265/5845
f 3236/5847 3242/5848 3265/5845
f 3265/5845 3242/5848 3261/5846
f 3242/5848 3232/5849 3261/5846
f 3261/5846 3232/5849 3262/5846
f 3262/5846 3232/5849 3235/5849
f 3235/5849 3232/5849 3194/5849
f 3194/5849 3232/5849 3150/5849
f 2832/5864 3150/5861 2851/5864
f 3150/5861 3232/5861 2851/5864
f 3232/5861 2954/5862 2851/5864
f 2851/5864 2954/5862 2849/5863
f 2954/5862 3236/5859 2849/5863
f 2849/5863 3236/5859 2717/5865
f 3236/5859 3153/5859 2717/5865
f 3153/5859 2705/5865 2717/5865
f 2705/5843 2623/5838 2717/5843
f 2717/5843 2623/5838 2637/5838
f 2623/5833 2600/5833 2637/5829
f 2600/5833 2554/5833 2637/5829
f 2637/5829 2554/5833 2625/5830
f 2554/5833 2567/5832 2625/5830
f 2625/5830 2567/5832 2642/5831
f 2567/5832 2527/5834 2642/5831
f 2642/5831 2527/5834 2508/5835
f 2527/5857 2464/5855 2508/5856
f 2464/5855 2327/5853 2508/5856
f 2327/5853 2268/5850 2508/5856
f 2268/5850 2359/5850 2508/5856
f 2359/5850 2520/5856 2508/5856
f 2508/5835 2520/5835 2642/5831
f 2520/5835 2638/5831 2642/5831
f 2642/5836 2638/5839 2673/5839
f 2638/5839 2652/5840 2673/5840
f 2652/5869 2832/5864 2673/5869
f 2832/5864 2851/5864 2673/5869
f 2851/5864 2849/5863 2673/5869
f 2673/5869 2849/5863 2706/5868
f 2849/5863 2717/5865 2706/5868
f 2706/5842 2717/5843 2687/5841
f 2717/5843 2637/5838 2687/5841
f 2637/5838 2625/5837 2687/5841
f 2625/5837 2642/5836 2687/5841
f 2642/5836 2673/5840 2687/5841
f 2706/5842 2687/5841 2673/5839
f 3502/9377 3500/9381 3540/9376
f 3500/9381 3499/9381 3540/9376
f 3502/9377 3540/9376 3464/9383
f 3464/9383 3540/9376 3499/9381
f 3499/9381 3501/9377 3464/9383
f 3501/9377 3502/9377 3464/9383
f 6494/3006 6574/3033 6586/3025
f 6586/3025 6574/3033 6582/3039
f 6574/3033 6494/3006 6582/3039
f 5925/2717 5799/2732 5980/2705
f 5980/2705 5799/2732 5963/2700
f 5963/2700 5799/2732 5974/2695
f 5799/2732 5719/2735 5974/2695
f 5974/2695 5719/2735 5962/2683
f 5719/2735 5647/2738 5962/2683
f 5962/2683 5647/2738 5948/2675
f 5948/2675 5647/2738 5853/2676
f 5647/2738 5630/2736 5853/2676
f 5853/2676 5630/2736 5787/2677
f 5630/2736 5620/2733 5787/2677
f 5787/2677 5620/2733 5747/2678
f 5620/2733 5624/2703 5747/2678
f 5004/2997 5042/2997 4962/3022
f 5002/3062 5031/3062 5053/3022
f 5031/3062 4962/3022 5053/3022
f 4962/3022 5042/2997 5053/3022
f 5671/2602 5659/2597 5650/2597
f 6105/2696 6096/2697 6111/2692
f 6951/2759 7036/2759 6972/2751
f 6586/3212 6740/3245 6574/3208
f 6574/3208 6740/3245 6582/3199
f 6740/3245 6786/3248 6582/3199
f 6586/3196 6582/3211 6494/3179
f 6582/2622 6786/2617 6494/2579
f 6241/3286 5925/3195 6213/3274
f 5799/2520 6125/2404 6103/2428
f 5719/2965 5647/2947 6239/3100
f 6239/3100 5647/2947 6220/3091
f 6154/2846 6145/2829 5044/2748
f 5044/2748 6145/2829 5019/2708
f 6145/2773 6136/2774 5019/2599
f 4968/2595 4965/2594 4967/2600
f 4965/2594 5019/2599 4967/2600
f 5019/2599 6136/2774 4967/2600
f 6136/2774 6146/2775 4967/2600
f 6146/2877 6144/2873 4967/2780
f 4967/3173 6144/3276 5012/3152
f 6144/2873 6220/2897 5012/2749
f 6220/2897 5647/2785 5012/2749
f 5012/3217 5647/3273 5630/3264
f 5630/3264 5647/3273 5620/3262
f 5620/3262 5647/3273 5624/3227
f 5624/3270 5647/3284 5952/3349
f 5952/2544 5963/2516 5974/2527
f 6474/3157 5974/3266 6498/3154
f 5974/3066 5963/3071 6498/3225
f 6498/3225 5963/3071 6497/3224
f 6274/3153 6622/3268 6241/3144
f 6622/3268 6497/3224 6241/3144
f 6497/3224 5963/3071 6241/3144
f 5963/3145 5980/3135 6241/3106
f 6241/3106 5980/3135 5925/3130
f 5980/3135 5963/3145 5925/3130
f 5963/2610 5952/2632 5925/2591
f 5952/3349 5647/3284 5925/3348
f 5647/3284 5719/3310 5925/3348
f 6103/2427 5925/2401 5799/2437
f 5925/3348 5719/3310 5799/3325
f 5799/2492 5719/2504 6125/2394
f 5719/2983 6239/3100 6125/3077
f 6494/2565 6463/2572 6544/2554
f 6544/2910 6463/2934 6555/2902
f 6463/2934 6446/2941 6555/2902
f 6555/2902 6446/2941 6541/2898
f 6446/2941 6432/2946 6541/2898
f 6541/2898 6432/2946 6479/2911
f 6432/2946 6412/2949 6479/2911
f 6412/2949 6397/2954 6479/2911
f 6397/2954 6364/2958 6479/2911
f 6479/2911 6364/2958 6441/2915
f 6364/2958 6333/2959 6441/2915
f 6333/2959 6341/2955 6441/2915
f 6441/2915 6341/2955 6429/2923
f 6429/2923 6341/2955 6411/2929
f 6341/2933 6362/2918 6411/2896
f 6411/2896 6362/2918 6429/2884
f 6210/2426 6246/2436 6286/2456
f 6246/2881 6333/2903 6286/2904
f 6429/2943 6286/2904 6411/2936
f 6411/2936 6286/2904 6362/2926
f 6362/2926 6286/2904 6341/2912
f 6286/2904 6333/2903 6341/2912
f 6362/2918 6341/2933 6399/2952
f 6341/2657 6333/2662 6399/2674
f 6463/2513 6399/2546 6446/2517
f 6446/2473 6399/2439 6432/2458
f 6432/2458 6399/2439 6412/2450
f 6412/2450 6399/2439 6397/2438
f 6397/2438 6399/2439 6364/2419
f 6399/2439 6333/2403 6364/2419
f 6333/2454 6246/2436 6364/2453
f 6246/2436 6210/2426 6364/2449
f 6364/2453 6210/2426 6196/2416
f 6210/2426 6286/2456 6196/2416
f 6196/2416 6286/2456 6170/2400
f 6286/2800 6275/2825 6170/2793
f 6125/2720 6170/2730 6103/2712
f 6170/2730 6097/2690 6103/2707
f 6103/2707 6097/2690 5925/2631
f 6097/2690 6191/2684 5925/2631
f 5925/2682 6191/2739 6213/2741
f 6191/2835 6097/2812 6213/2834
f 6097/2812 6170/2793 6213/2834
f 6170/2793 6275/2825 6213/2834
f 6213/2721 6275/2710 6241/2714
f 6191/2446 6213/2442 6097/2487
f 6097/2487 6213/2442 6103/2501
f 6213/2442 6241/2434 6103/2501
f 6286/2471 6246/2486 6303/2445
f 6246/2486 6210/2490 6303/2445
f 6303/2445 6210/2490 6311/2441
f 6210/2490 6196/2493 6311/2441
f 6311/2441 6196/2493 6302/2433
f 6196/2493 6170/2495 6302/2433
f 6302/2433 6170/2495 6284/2430
f 6170/2495 6125/2499 6284/2430
f 6284/2430 6125/2499 6274/2431
f 6125/2499 6103/2500 6274/2431
f 6103/2500 6241/2434 6274/2431
f 6241/2714 6275/2710 6274/2709
f 6274/2709 6275/2710 6284/2704
f 6284/2704 6275/2710 6302/2698
f 6302/2698 6275/2710 6311/2691
f 6311/2807 6275/2825 6303/2805
f 6275/2825 6286/2800 6303/2805
f 6303/2916 6286/2904 6441/2950
f 6286/2904 6429/2943 6441/2950
f 6429/2943 6362/2926 6441/2950
f 6303/3188 6441/3243 6479/3253
f 6441/2950 6362/2926 6479/2960
f 6362/2926 6399/2935 6479/2960
f 6479/2960 6399/2935 6541/2987
f 6544/2985 6555/2986 6494/2977
f 6555/2986 6541/2987 6494/2977
f 6541/2987 6399/2935 6494/2977
f 6399/2935 6463/2966 6494/2977
f 6463/3247 6591/3319 6494/3257
f 6591/3319 6675/3342 6494/3257
f 6675/3342 6586/3292 6494/3257
f 6494/3006 6586/3025 6740/3007
f 6740/3007 6586/3025 6786/3008
f 6586/3025 6675/3059 6786/3008
f 6675/3059 6821/3012 6786/3008
f 6786/3320 6821/3306 6812/3312
f 6786/2944 6812/2957 6494/2893
f 6494/2893 6812/2957 6591/2938
f 6814/2984 6779/2970 6857/2995
f 6857/2995 6779/2970 6859/2991
f 6779/2970 6730/2962 6859/2991
f 6859/2991 6730/2962 6849/2979
f 6730/2962 6675/2951 6849/2979
f 6849/2979 6675/2951 6843/2969
f 6843/2969 6675/2951 6830/2961
f 6675/2951 6591/2938 6830/2961
f 6591/2938 6812/2957 6830/2961
f 6812/3312 6821/3306 6830/3305
f 6830/3305 6821/3306 6843/3293
f 6843/3293 6821/3306 6849/3277
f 6849/3277 6821/3306 6859/3269
f 6859/3038 6821/3012 6857/3042
f 6857/3042 6821/3012 6814/3060
f 6821/3012 6675/3059 6814/3060
f 6675/3186 6730/3198 6814/3216
f 6730/3198 6779/3206 6814/3216
f 6870/3147 6981/3070 6880/3146
f 6981/3070 6986/3069 6880/3146
f 6986/2658 6814/2706 6880/2729
f 6814/3216 6779/3206 6880/3246
f 6880/3246 6779/3206 6606/3175
f 6779/3206 6730/3198 6606/3175
f 6730/3198 6675/3186 6606/3175
f 6675/3186 6591/3171 6606/3175
f 6591/2451 6463/2513 6606/2412
f 6463/2513 6446/2517 6606/2412
f 6446/2517 6432/2521 6606/2412
f 6432/2521 6412/2533 6606/2412
f 6412/2533 6397/2541 6606/2412
f 6397/2541 6364/2555 6606/2412
f 6364/2555 6196/2615 6606/2412
f 6196/2615 6170/2619 6606/2412
f 6170/3081 6125/3077 6606/3233
f 6125/3077 6239/3100 6606/3233
f 6239/3100 6220/3091 6606/3233
f 6220/2897 6144/2873 6606/3051
f 6144/2873 6146/2877 6606/3051
f 6146/2857 6136/2856 6606/3031
f 6643/3036 6606/3031 6605/3030
f 6606/3031 6136/2856 6605/3030
f 6136/2856 6145/2855 6605/3030
f 6145/2829 6154/2846 6605/2990
f 6605/2990 6154/2846 5715/2792
f 6154/2846 5044/2748 5715/2792
f 5044/3165 5004/3116 5715/3104
f 6243/3255 5715/3353 5703/3256
f 5715/2593 5004/2598 5703/2672
f 6143/2603 5713/2505 5727/2497
f 5042/2997 5724/2992 5053/3022
f 5053/3022 5724/2992 5727/3017
f 6143/2444 5727/2553 6200/2411
f 6200/3334 5727/3326 6199/3308
f 5727/3326 5724/3300 6199/3308
f 5724/3092 5042/3185 6199/3093
f 6235/3308 6199/3308 6227/3308
f 6227/3308 6199/3308 6198/3308
f 6198/3093 6199/3093 5038/3185
f 6199/3093 5042/3185 5038/3185
f 5038/2997 5042/2997 4932/2997
f 4932/2997 5042/2997 4925/2997
f 5042/2997 5053/3022 4925/2997
f 4925/2997 5053/3022 4922/3022
f 4923/3062 4922/3022 5002/3062
f 4922/3022 5053/3022 5002/3062
f 5053/3022 5727/3017 5002/3062
f 5727/3017 5713/3061 5002/3062
f 4990/3251 5002/3251 4991/3237
f 5002/3251 5713/3166 4991/3237
f 5713/2491 5703/2496 4991/2390
f 5703/2672 5004/2598 4991/2671
f 4991/2671 5004/2598 4989/2671
f 4989/2671 5004/2598 5042/2598
f 5004/3116 5044/3165 4992/3116
f 4992/3116 5044/3165 5039/3165
f 5044/2748 5019/2708 5039/2748
f 5014/2594 4965/2594 5017/2595
f 4965/2594 4968/2595 5017/2595
f 5017/2595 4968/2595 4969/2595
f 4969/2595 4968/2595 4975/2595
f 4968/2595 4967/2600 4975/2595
f 4975/2595 4967/2600 4974/2600
f 4974/3173 4967/3173 5005/3152
f 4967/3173 5012/3152 5005/3152
f 4994/3207 4993/3207 5006/3207
f 4993/3207 5005/3217 5006/3207
f 5005/3217 5012/3217 5006/3207
f 5012/3226 5630/3264 5006/3207
f 5630/3264 5620/3262 5006/3207
f 5006/3207 5620/3262 5573/3194
f 5620/3262 5624/3227 5573/3194
f 5787/3254 5573/3180 5747/3244
f 5573/2551 5624/2558 5747/2582
f 5624/3270 5952/3349 5747/3317
f 5747/2563 5952/2544 5787/2560
f 5787/2560 5952/2544 5853/2552
f 5853/2552 5952/2544 5948/2543
f 5948/2543 5952/2544 5962/2535
f 5952/2544 5974/2527 5962/2535
f 5974/3333 6474/3157 5962/3339
f 6474/3157 6488/3162 5962/3339
f 5962/3339 6488/3162 5948/3354
f 5787/2409 5853/2421 6449/2609
f 7012/2767 6449/2861 6464/2860
f 6449/2861 5853/3018 6464/2860
f 5853/2408 5948/2420 6464/2606
f 5948/3354 6488/3162 6464/3164
f 6464/3164 6488/3162 7012/3056
f 6488/3162 6474/3157 7012/3056
f 6474/3157 6498/3154 7012/3056
f 6498/2407 6497/2406 7012/2590
f 6497/2406 6622/2474 7012/2590
f 6622/2564 6274/2460 7012/2686
f 6274/2460 6284/2467 7012/2686
f 6284/2467 6302/2478 7012/2686
f 6302/2478 6311/2484 7012/2686
f 6311/2484 6303/2489 7012/2686
f 6303/2489 6479/2540 7012/2686
f 6479/2540 6541/2570 7012/2686
f 6541/2570 6555/2571 7012/2686
f 6555/2571 6544/2578 7012/2686
f 6544/2429 6494/2405 7012/2576
f 6494/2405 6740/2481 7012/2576
f 6740/2618 6786/2623 7012/2722
f 6786/2623 6812/2643 7012/2722
f 6812/2643 6830/2652 7012/2722
f 6830/2652 6843/2656 7012/2722
f 6843/2656 6849/2659 7012/2722
f 6849/2659 6859/2661 7012/2722
f 6859/2668 6857/2681 7012/2630
f 6857/2681 6814/2706 7012/2630
f 6814/2706 6986/2658 7012/2630
f 7037/2658 7012/2630 7011/2658
f 7012/2630 6986/2658 7011/2658
f 7011/3069 6986/3069 7014/3070
f 6986/3069 6981/3070 7014/3070
f 7014/3070 6981/3070 6977/3070
f 6977/3035 6981/3035 6975/3035
f 6996/3034 6975/3035 6999/3034
f 6975/3035 6981/3035 6999/3034
f 6981/3035 6870/2967 6999/3034
f 6996/3034 6999/3034 6869/2967
f 6999/3034 6870/2967 6869/2967
f 6869/2967 6870/2967 6851/2967
f 6851/3147 6870/3147 6848/3147
f 6870/3147 6880/3146 6848/3147
f 6848/3147 6880/3146 6847/3146
f 6847/3246 6880/3246 6691/3175
f 6880/3246 6606/3175 6691/3175
f 6691/3031 6606/3031 6750/3036
f 6606/3031 6643/3036 6750/3036
f 6750/3036 6643/3036 6707/3036
f 6707/3036 6643/3036 6657/3036
f 6657/3036 6643/3036 6599/3030
f 6643/3036 6605/3030 6599/3030
f 6599/2990 6605/2990 6244/2887
f 6199/3308 6207/3308 6235/3308
f 6207/2887 6244/2887 6235/2887
f 6244/2887 6605/2990 6235/2887
f 6605/2990 5715/2792 6235/2887
f 5715/3353 6243/3255 6235/3340
f 6235/3340 6243/3255 6199/3340
f 6199/3340 6243/3255 6202/3255
f 6113/2975 6100/3013 6119/2975
f 6119/2975 6100/3013 6134/3013
f 6134/3013 6100/3013 6126/3013
f 6126/2974 6100/2974 6098/2974
f 6098/2974 6100/2974 5046/2899
f 4922/2899 4929/2899 5053/2899
f 4929/2899 5046/2899 5053/2899
f 5046/2899 6100/2974 5053/2899
f 5727/3003 5053/2899 6143/2998
f 5053/2899 6100/2974 6143/2998
f 6143/3028 6100/3013 6131/2999
f 6100/3013 6113/2975 6131/2999
f 6113/3327 6122/3344 6131/3345
f 6131/2417 6122/2410 6206/2443
f 6122/2410 6119/2410 6206/2443
f 6119/2410 6202/2443 6206/2443
f 6202/2443 6243/2459 6206/2443
f 6206/2443 6243/2459 6131/2417
f 6243/3341 5703/3178 6131/3299
f 5703/2496 5713/2491 6131/2414
f 5713/2505 6143/2603 6131/2608
f 6131/2608 6143/2603 6206/2629
f 6143/2603 6200/2620 6206/2629
f 6206/2629 6200/2620 6242/2629
f 6242/2629 6200/2620 6238/2620
f 6200/3334 6199/3308 6238/3334
f 6238/3334 6199/3308 6235/3308
f 5884/3079 5781/3079 5843/3304
f 5843/3304 5781/3079 5757/3304
f 5757/3304 5781/3079 5755/3079
f 5755/2641 5781/2641 5762/2814
f 5001/3202 5657/3141 5048/3201
f 5657/3141 5671/3140 5048/3201
f 5048/2888 5671/2937 5865/2976
f 5636/2483 5865/2397 5836/2396
f 5836/2396 5865/2397 5797/2396
f 5762/2395 5797/2396 5764/2396
f 5764/2396 5797/2396 5765/2397
f 5797/2396 5865/2397 5765/2397
f 5765/2937 5865/2976 5716/2937
f 5865/2976 5671/2937 5716/2937
f 5671/3140 5657/3141 5716/3140
f 5716/3140 5657/3141 5702/3141
f 5702/2719 5657/2719 5691/2719
f 5691/2719 5657/2719 5655/2719
f 5655/2719 5657/2719 5009/2718
f 5009/2718 5657/2719 4960/2718
f 5657/2719 5001/2685 4960/2718
f 4988/3202 5001/3202 4956/3201
f 5001/3202 5048/3201 4956/3201
f 5000/2889 4956/2889 5008/2889
f 4956/2889 5048/2888 5008/2889
f 5048/2888 5865/2976 5008/2889
f 5865/2397 5636/2483 5008/2526
f 5636/2483 5003/2525 5008/2526
f 5008/3289 5003/3288 4955/3294
f 4955/3294 5003/3288 5034/3287
f 5003/2525 5636/2483 5034/2524
f 4931/2524 5034/2524 5778/2395
f 5778/2395 5034/2524 5857/2395
f 5034/2524 5636/2483 5857/2395
f 5636/2483 5836/2396 5857/2395
f 5836/2396 5797/2396 5857/2395
f 5797/2396 5762/2395 5857/2395
f 5762/2814 5781/2641 5857/2814
f 5781/2641 5884/2641 5857/2814
f 5666/3156 5648/3076 5773/3044
f 5773/2679 5648/2649 5729/2818
f 4957/2653 5690/2817 5613/2647
f 5613/2647 5690/2817 5632/2648
f 5690/2817 5729/2818 5632/2648
f 5729/2818 5648/2649 5632/2648
f 5632/2826 5648/2831 5605/2808
f 5648/2831 5666/2841 5605/2808
f 5605/2808 5666/2841 5824/2863
f 5666/3156 5773/3044 5824/3215
f 5773/3044 5849/3043 5824/3215
f 5824/3215 5849/3043 5884/3079
f 5884/2641 5849/2680 5857/2814
f 5849/2680 5773/2679 5857/2814
f 5773/2679 5729/2818 5857/2814
f 5857/2814 5729/2818 5795/2814
f 5795/2814 5729/2818 5692/2818
f 5692/2818 5729/2818 5693/2818
f 5693/2818 5729/2818 5675/2818
f 5729/2818 5690/2817 5675/2818
f 5675/2818 5690/2817 5656/2817
f 4931/2823 5656/2817 5034/2823
f 5656/2817 5690/2817 5034/2823
f 5690/2817 4957/2653 5034/2823
f 4957/2653 5011/2653 5034/2823
f 5034/3287 5037/3294 4955/3294
f 4955/3294 5037/3294 5008/3295
f 5008/3295 5037/3294 5007/3295
f 5007/3295 5037/3294 4954/3294
f 4954/3294 5037/3294 4996/3287
f 5037/3294 5034/3287 4996/3287
f 4996/2823 5034/2823 5010/2653
f 5034/2823 5011/2653 5010/2653
f 5010/2798 5011/2798 4970/2799
f 5011/2798 4957/2798 4970/2799
f 4970/2799 4957/2798 5018/2799
f 4957/2798 5613/2813 5018/2799
f 5613/2813 5632/2826 5018/2799
f 5632/2826 5605/2808 5018/2799
f 4930/2799 5018/2799 5575/2808
f 5018/2799 5605/2808 5575/2808
f 5575/2808 5605/2808 5771/2866
f 5771/2866 5605/2808 5843/2866
f 5605/2808 5824/2863 5843/2866
f 5824/3215 5884/3079 5843/3304
f 6394/2849 6536/2804 7036/2669
f 6491/2879 6015/3082 6504/2879
f 6504/2879 6015/3082 6502/2885
f 6209/3011 6469/2908 6471/2901
f 6471/2901 6469/2908 6813/2820
f 6813/2820 6469/2908 6520/2880
f 6520/2880 6469/2908 6069/3073
f 6069/3073 6469/2908 6204/3014
f 6204/3014 6469/2908 5818/3097
f 6469/2908 6209/3011 5818/3097
f 5745/3101 5755/3097 5843/3101
f 5755/3097 5818/3097 5843/3101
f 5818/3097 6209/3011 5843/3101
f 6209/3011 6471/2901 5843/3101
f 6471/2901 6502/2885 5843/3101
f 6502/2885 6015/3082 5843/3101
f 5771/3101 5843/3101 5961/3082
f 5843/3101 6015/3082 5961/3082
f 5961/3082 6015/3082 6475/2879
f 6475/2879 6491/2879 6944/2750
f 6491/2879 6504/2879 6944/2750
f 6944/2750 6504/2879 7030/2750
f 6504/2879 6502/2885 7030/2750
f 6992/2413 7030/2413 7027/2660
f 7030/2413 7028/2660 7027/2660
f 7027/3301 7028/3309 7009/3302
f 7036/3316 7009/3302 6984/3315
f 7009/3302 7028/3309 6984/3315
f 7028/2660 7030/2413 6984/2660
f 6984/2660 7030/2413 7021/2566
f 7030/2750 6502/2885 7021/2768
f 6502/2885 6471/2901 7021/2768
f 6471/2901 6813/2820 7021/2768
f 6813/2820 6520/2880 7021/2768
f 6520/2880 6796/2838 7021/2768
f 7021/2768 6796/2838 6979/2769
f 6979/2769 6796/2838 7036/2772
f 7036/2772 6796/2838 6394/2942
f 6796/2838 6520/2880 6394/2942
f 6520/2880 6069/3073 6394/2942
f 6394/2849 6069/2963 6536/2804
f 6069/2963 6519/2804 6536/2804
f 6536/2804 6519/2804 7036/2669
f 7513/2701 7810/2758 7518/2746
f 7518/3142 7810/3058 7503/3155
f 7714/3133 7548/3332 8039/3338
f 7548/2989 7503/2973 8039/3078
f 7503/2973 7810/3053 8039/3078
f 7877/3177 8039/3161 7778/3203
f 8039/3161 7810/3176 7778/3203
f 7778/3249 7810/3228 7783/3221
f 7783/3221 7810/3228 7805/3204
f 7810/2758 7513/2701 7805/2642
f 7513/2701 7509/2650 7805/2642
f 7509/2689 7344/2614 7805/2801
f 7805/2801 7344/2614 7504/2725
f 7504/3139 7344/3169 7024/3197
f 7024/2766 7344/2778 6985/2781
f 6985/2781 7344/2778 7012/2795
f 7012/2795 7344/2778 7005/2784
f 6980/2752 6972/2751 7019/2752
f 5764/3072 5800/2891 5797/3072
f 5797/3072 5800/2891 5827/3040
f 6150/2550 5827/2628 6462/2392
f 6462/2392 5827/2628 6473/2393
f 5827/2628 5800/2639 6473/2393
f 5800/2639 6455/2415 6473/2393
f 6473/2837 6455/2883 7026/2876
f 6455/3080 6418/3065 7026/3230
f 7026/3230 6418/3065 6419/3064
f 4977/3107 4985/3118 5514/3108
f 6360/2530 6366/2574 6008/2531
f 6008/2531 6366/2574 6026/2557
f 6366/2569 6355/2519 6026/2585
f 6026/2585 6355/2519 6018/2568
f 6018/2568 6355/2519 6031/2518
f 6031/3094 6355/3037 6367/3063
f 6367/3128 6355/3127 6716/3223
f 6716/3223 6355/3127 6745/3222
f 6355/3337 6366/3272 6745/3336
f 6745/3336 6366/3272 6727/3311
f 6366/2871 6360/2843 6727/2894
f 6727/2894 6360/2843 6735/2870
f 6735/2870 6360/2843 6725/2842
f 6725/2824 6360/2782 6374/2802
f 6391/3122 6398/3115 5590/2939
f 5590/2994 6398/3143 5514/2982
f 6398/3115 6374/3103 5514/2907
f 5514/2931 6374/3114 4977/2906
f 6374/3114 6360/3089 4977/2906
f 6360/3089 6008/2968 4977/2906
f 4977/2906 6008/2968 4998/2850
f 6008/2531 6026/2557 4998/2532
f 6026/2557 6018/2575 4998/2532
f 6018/3283 6031/3346 4998/3235
f 4998/3235 6031/3346 4987/3347
f 6031/3094 6367/3063 4987/3167
f 4987/3167 6367/3063 6019/3150
f 6423/2827 6120/2895 6426/2828
f 6120/2895 6106/2900 6426/2828
f 6106/2900 6070/2927 6426/2828
f 6070/2927 6019/2932 6426/2828
f 6019/2932 6367/2844 6426/2828
f 6426/3148 6367/3128 6799/3240
f 6367/3128 6716/3223 6799/3240
f 6799/3240 6716/3223 7005/3351
f 6716/3223 6745/3222 7005/3351
f 6745/3336 6727/3311 7005/3335
f 6727/3311 6735/3271 7005/3335
f 6735/2477 6725/2514 7005/2389
f 7005/2389 6725/2514 7012/2515
f 6725/3285 6374/3331 7012/3200
f 6374/3103 6398/3115 7012/3343
f 6398/3115 6391/3122 7012/3343
f 7012/3343 6391/3122 6449/3151
f 6449/3151 6391/3122 5787/3004
f 6391/3122 5590/2939 5787/3004
f 5573/3321 5787/3355 5577/3314
f 5787/3355 5590/3307 5577/3314
f 5033/2399 4977/2399 5045/2480
f 5045/2480 4977/2399 5006/2480
f 4977/2399 5514/2418 5006/2480
f 5514/2418 5590/2425 5006/2480
f 5590/2425 5577/2435 5006/2480
f 5577/2435 5573/2448 5006/2480
f 5040/3219 5006/3219 5013/3213
f 5006/3219 5573/3242 5013/3213
f 5573/3242 5577/3252 5013/3213
f 5577/2447 5590/2455 5013/2398
f 5590/2455 5514/2472 5013/2398
f 5514/2472 4985/2488 5013/2398
f 5013/2398 4985/2488 4995/2398
f 4995/2398 4985/2488 5027/2488
f 4985/3118 4977/3107 5027/3107
f 5027/3107 4977/3107 5021/3107
f 4977/2906 4998/2850 4971/2906
f 5035/3235 4998/3235 5036/3347
f 4998/3235 4987/3347 5036/3347
f 4981/3232 4987/3232 4960/3231
f 4987/3232 6019/3129 4960/3231
f 6019/3129 6070/3123 4960/3231
f 6070/3123 6106/3099 4960/3231
f 5009/3231 4960/3231 5643/3183
f 5676/2597 5702/2596 5650/2597
f 5650/2597 5702/2596 5646/2596
f 5702/2596 5678/2596 5646/2596
f 5678/3183 5643/3183 5646/3183
f 5643/3183 4960/3231 5646/3183
f 4960/3231 6106/3099 5646/3183
f 6106/3099 6120/3095 5646/3183
f 5650/2597 5646/2596 5671/2602
f 5671/2602 5646/2596 5657/2601
f 5646/3183 6120/3095 5657/3174
f 6120/3019 6423/3096 5657/2892
f 6423/2789 6422/2790 5657/2601
f 5657/2601 6422/2790 5671/2602
f 6422/2790 6419/2791 5671/2602
f 6419/3064 6418/3065 5671/2890
f 6418/3065 6455/3080 5671/2890
f 6455/3080 5800/2924 5671/2890
f 5669/2890 5671/2890 5742/2924
f 5671/2890 5800/2924 5742/2924
f 5800/2891 5764/3072 5742/2891
f 5809/2627 5806/2627 5790/2638
f 5806/2638 5748/2638 5790/2638
f 5748/3236 5722/3236 5790/3236
f 5722/3236 5764/3072 5790/3236
f 5764/3072 5797/3072 5790/3236
f 5797/3072 5827/3040 5790/3236
f 5790/2638 5827/2628 5809/2627
f 5827/2628 6150/2550 5809/2627
f 5790/2638 5809/2627 5795/2638
f 5795/2638 5809/2627 6359/2466
f 7036/2588 6945/2588 6394/2604
f 6945/2588 6359/2604 6394/2604
f 6359/2466 5809/2627 6394/2466
f 5809/2627 6150/2550 6394/2466
f 6150/2550 6462/2392 6394/2466
f 6394/2604 6462/2713 7036/2588
f 7036/2588 6462/2713 7020/2771
f 6462/2713 6473/2837 7020/2771
f 6473/2837 7026/2876 7020/2771
f 7026/2753 7019/2752 7020/2760
f 7020/2760 7019/2752 7036/2759
f 7019/2752 6972/2751 7036/2759
f 7036/2759 6972/2751 7034/2759
f 7034/2759 6972/2751 6970/2751
f 6970/2751 6972/2751 7035/2751
f 7035/2751 6972/2751 7009/2751
f 7009/2751 6972/2751 7017/2752
f 6972/2751 6980/2752 7017/2752
f 6980/2752 7019/2752 7025/2753
f 7019/2752 7026/2753 7025/2753
f 7012/2515 6973/2515 7005/2389
f 6973/2515 6978/2389 7005/2389
f 6978/3351 7004/3351 7005/3351
f 7004/3351 7000/3351 7005/3351
f 7000/3351 7006/3352 7005/3351
f 7005/3351 7006/3352 7015/3352
f 7006/3352 7007/3352 7015/3352
f 7007/3137 7038/3137 7015/3137
f 7015/3137 7038/3137 6987/3047
f 7038/3137 7025/3047 6987/3047
f 7025/3182 7026/3210 6987/3182
f 7026/3210 6419/3350 6987/3182
f 6419/3046 6422/3088 6987/3047
f 6987/3047 6422/3088 7015/3137
f 6422/3088 6423/3136 7015/3137
f 6423/3149 6426/3148 7015/3352
f 6426/3148 6799/3240 7015/3352
f 6799/3240 7005/3351 7015/3352
f 7005/2587 7344/2614 7015/2529
f 7344/2614 7509/2689 7015/2529
f 7509/2650 7513/2701 7015/2651
f 7015/2651 7513/2701 6987/2747
f 7513/2701 7518/2746 6987/2747
f 7518/3142 7503/3155 6987/3241
f 6987/2875 7503/2973 7026/2882
f 7503/2973 7548/2989 7026/2882
f 7026/2494 7548/2663 7381/2542
f 7548/2663 7714/2715 7381/2542
f 7381/2542 7714/2715 7520/2589
f 7520/2589 7714/2715 7713/2702
f 7713/3055 7714/3133 8043/3134
f 7714/3133 8039/3338 8043/3134
f 8043/3279 8039/3280 7988/3267
f 8039/3280 7877/3263 7988/3267
f 7988/3267 7877/3263 7857/3259
f 7808/3259 7824/3259 7809/3263
f 7824/3259 7857/3259 7809/3263
f 7857/3259 7877/3263 7809/3263
f 7809/3177 7877/3177 7796/3203
f 7877/3177 7778/3203 7796/3203
f 7796/3249 7778/3249 7814/3221
f 7778/3249 7783/3221 7814/3221
f 7814/3221 7783/3221 7801/3221
f 7801/3221 7783/3221 7781/3221
f 7781/2956 7783/2956 6996/2836
f 6996/2836 7783/2956 6999/2836
f 7783/2956 7805/2978 6999/2836
f 7805/2978 7504/2930 6999/2836
f 7504/3139 7024/3197 6999/3260
f 6999/3260 7024/3197 6996/3260
f 6996/3260 7024/3197 7013/3197
f 7013/3197 7024/3197 6976/3197
f 6976/2766 7024/2766 7014/2766
f 7014/2766 7024/2766 7010/2781
f 7024/2766 6985/2781 7010/2781
f 6985/2781 7012/2795 7010/2781
f 7010/2781 7012/2795 6973/2781
f 6973/2781 7012/2795 6978/2784
f 7012/2795 7005/2784 6978/2784
f 6978/2587 7005/2587 7004/2587
f 7004/2587 7005/2587 7000/2587
f 7005/2587 7015/2529 7000/2587
f 7000/2587 7015/2529 7006/2529
f 7006/2529 7015/2529 7007/2529
f 7007/2651 7015/2651 7038/2651
f 7038/2651 7015/2651 7025/2747
f 7015/2651 6987/2747 7025/2747
f 6987/2875 7026/2882 7025/2875
f 7025/2875 7026/2882 6982/2882
f 6982/2494 7026/2494 7018/2457
f 7026/2494 7019/2457 7018/2457
f 7018/2457 7019/2457 7009/2402
f 7582/3218 7657/3250 7450/3158
f 7450/2819 7657/2886 8031/3032
f 8031/3032 7657/2886 7776/2988
f 7657/2886 7582/2872 7776/2988
f 7776/2796 7582/2868 7695/2815
f 7695/2815 7582/2868 7622/2859
f 7622/2859 7582/2868 7485/2917
f 7582/3218 7450/3158 7485/3170
f 7485/3170 7450/3158 7474/3168
f 7450/3158 7370/3105 7474/3168
f 7474/3168 7370/3105 7382/3117
f 7377/2512 7382/2511 6984/2586
f 7027/3052 7029/3052 6992/3265
f 7029/3052 6984/3052 6992/3265
f 6992/3265 6984/3052 7030/3265
f 6984/3052 7382/3048 7030/3265
f 7382/3048 7370/3138 7030/3265
f 7370/3138 7450/3261 7030/3265
f 7030/3265 7450/3261 7442/3261
f 7450/2819 8031/3032 7831/3032
f 7818/2726 7831/2726 7863/2726
f 7831/2726 8031/2742 7863/2726
f 7804/2726 7863/2726 7803/2727
f 7863/2726 7816/2727 7803/2727
f 7803/2727 7816/2727 7807/2731
f 7807/2731 7816/2727 7902/2727
f 7816/2727 7863/2726 7902/2727
f 7902/2727 7863/2726 7975/2737
f 7863/2726 8031/2742 7975/2737
f 7975/2737 8031/2742 8038/2743
f 8038/3041 8031/3032 7786/2993
f 8031/3032 7776/2988 7786/2993
f 7786/2794 7776/2796 7702/2809
f 7776/2796 7695/2815 7702/2809
f 7702/2809 7695/2815 7520/2864
f 7695/2815 7622/2905 7520/2864
f 7622/2779 7485/2832 7520/2673
f 7485/3170 7474/3168 7520/3187
f 7474/3168 7382/3117 7520/3187
f 7382/3117 7377/3112 7520/3187
f 7520/2391 7377/2512 7036/2581
f 7377/2512 6984/2586 7036/2581
f 6984/2586 7029/2586 7036/2581
f 7029/2586 7027/2586 7036/2581
f 7027/2586 7009/2581 7036/2581
f 7036/2402 7009/2402 7020/2457
f 7009/2402 7019/2457 7020/2457
f 7019/2457 7026/2494 7020/2457
f 7026/2494 7381/2539 7020/2457
f 7020/2457 7381/2539 7036/2402
f 6954/2402 7036/2402 7498/2583
f 7822/3258 7839/3258 7868/3258
f 7868/3258 7839/3258 8035/3278
f 8035/2711 7839/2711 7524/2583
f 7839/2711 7498/2583 7524/2583
f 7498/2583 7036/2402 7524/2583
f 7036/2402 7381/2539 7524/2583
f 7381/2542 7520/2589 7524/2583
f 7524/2583 7520/2589 8035/2711
f 7520/2589 7713/2723 8035/2711
f 7713/3055 8043/3134 8035/2971
f 8043/3279 7988/3267 8035/3278
f 8035/3278 7988/3267 7868/3258
f 7988/3267 7857/3259 7868/3258
f 7857/3259 7824/3259 7868/3258
f 7824/3259 7808/3259 7868/3258
f 7808/3259 7807/3258 7868/3258
f 7807/2731 7902/2727 7868/2731
f 7902/2727 7975/2737 7868/2731
f 7868/2731 7975/2737 8035/2744
f 7975/2737 8038/2743 8035/2744
f 8038/2770 7786/2794 8035/2762
f 7786/2794 7702/2809 8035/2762
f 7802/2744 7868/2731 7840/2744
f 7868/2731 8035/2744 7840/2744
f 8035/2762 7702/2809 7840/2762
f 7840/2762 7702/2809 7686/2809
f 7702/2809 7520/2864 7686/2809
f 7686/2809 7520/2864 7494/2864
f 7520/2391 7036/2581 7494/2391
f 7494/2391 7036/2581 6954/2581
f 7036/2669 6519/2804 6954/2669
f 6519/2804 6069/2963 6033/2963
f 5790/3318 5795/3318 5809/3322
f 5795/3102 6033/3073 5809/3102
f 6033/3073 6069/3073 5809/3102
f 6069/3073 6204/3014 5809/3102
f 6204/3014 5818/3097 5809/3102
f 5809/3322 5818/3323 5790/3318
f 5818/3323 5755/3323 5790/3318
f 5816/3322 5809/3322 5796/3318
f 5809/3322 5790/3318 5796/3318
f 5796/3318 5790/3318 5739/3318
f 5739/3318 5790/3318 5722/3318
f 5790/3318 5755/3323 5722/3318
f 4193/56 4558/63 4166/51
f 4193/56 4166/51 4165/52
f 4193/56 4165/52 4168/54
f 4193/56 4168/54 4192/56
f 7293/2613 7230/2470 7307/2613
f 7342/2475 7307/2613 7230/2470
f 7750/2816 8078/2852 8079/2853
f 7750/2816 8079/2853 7733/2816
f 2010/6161 1268/6162 1265/6163
f 2010/6161 1265/6163 1984/6161
f 1597/6491 1925/6487 1921/6487
f 1657/2180 1582/2176 1623/2178
f 1657/2180 1623/2178 1635/2179
f 1582/2176 1481/2174 1613/2177
f 1582/2176 1613/2177 1623/2178
f 1613/2177 1481/2174 1408/2173
f 1481/2174 1385/2169 1395/2172
f 1481/2174 1395/2172 1408/2173
f 1395/2172 1385/2169 1509/2171
f 1509/2171 1385/2169 1523/2169
f 1929/2184 2070/2184 2013/2182
f 2013/2182 2070/2184 2104/2183
f 2070/2184 1657/2180 1926/2181
f 2070/2184 1926/2181 2104/2183
f 1657/2180 1635/2179 1926/2181
f 5342/17 5185/17 5107/42
f 5107/42 5185/17 5124/43
f 3651/29 3650/29 3730/2
f 3650/29 3649/29 3729/3
f 3650/29 3729/3 3730/2
f 3649/29 3723/5 3729/3
f 3565/24 3489/30 3544/7
f 3565/24 3544/7 3590/6
f 3489/30 3485/31 3541/8
f 3489/30 3541/8 3544/7
f 3485/31 3437/32 3523/9
f 3485/31 3523/9 3541/8
f 3437/32 3429/33 3521/10
f 3437/32 3521/10 3523/9
f 3521/10 3429/33 3513/11
f 3429/33 3273/23 3448/12
f 3429/33 3448/12 3513/11
f 3448/12 3273/23 2956/14
f 3273/23 2718/34 2844/15
f 3273/23 2844/15 2956/14
f 2718/34 2492/25 2732/16
f 2718/34 2732/16 2844/15
f 2732/16 2492/25 2357/18
f 2492/25 1801/35 1754/19
f 2492/25 1754/19 2357/18
f 1801/35 1683/36 1729/21
f 1801/35 1729/21 1754/19
f 1683/36 1684/36 1734/20
f 1683/36 1734/20 1729/21
f 1734/20 1684/36 1817/22
f 1817/22 1684/36 1876/36
f 3649/29 3565/24 3686/4
f 3649/29 3686/4 3723/5
f 3565/24 3590/6 3686/4
f 4792/127 4844/132 4721/122
f 4792/127 4721/122 4716/121
f 5306/148 5139/148 5350/146
f 5139/148 5138/148 5349/147
f 5139/148 5349/147 5350/146
f 5349/147 5138/148 5233/145
f 5138/148 4844/132 4920/142
f 5138/148 4920/142 5233/145
f 4844/132 4792/127 4920/142
f 4253/5798 4331/5796 4243/5796
f 4253/5798 4243/5796 4234/5799
f 4361/5796 4331/5796 4349/5797
f 4331/5796 4253/5798 4349/5797
f 4243/5790 4280/5790 4242/5792
f 4243/5790 4242/5792 4234/5793
f 4242/5792 4280/5790 4338/5791
f 4338/5791 4280/5790 4361/5790
f 4095/5806 3992/5814 3735/5818
f 4095/5806 3735/5818 4066/5807
f 4574/5777 4530/5780 4451/5782
f 4574/5777 4451/5782 4471/5781
f 4530/5780 4565/5776 4436/5783
f 4530/5780 4436/5783 4451/5782
f 4565/5776 4544/5778 4432/5784
f 4565/5776 4432/5784 4436/5783
f 4432/5784 4544/5778 4337/5788
f 4544/5778 4386/5787 4258/5789
f 4544/5778 4258/5789 4337/5788
f 4386/5787 4243/5790 4234/5793
f 4386/5787 4234/5793 4258/5789
f 4243/5796 4140/5803 4204/5800
f 4243/5796 4204/5800 4234/5799
f 4140/5803 4042/5810 4186/5801
f 4140/5803 4186/5801 4204/5800
f 4042/5810 3992/5814 4176/5802
f 4042/5810 4176/5802 4186/5801
f 3992/5814 4095/5806 4176/5802
f 4066/5807 3735/5818 3630/5819
f 3735/5818 3594/5818 3599/5821
f 3735/5818 3599/5821 3630/5819
f 3599/5821 3594/5818 3701/5820
f 4721/5765 4574/5777 4626/5771
f 4721/5765 4626/5771 4716/5768
f 4574/5777 4471/5781 4626/5771
f 6905/2549 6771/2670 6783/2507
f 6905/2549 6783/2507 6832/2498
f 6771/2670 6747/2694 6778/2506
f 6771/2670 6778/2506 6783/2507
f 6778/2506 6747/2694 6719/2694
f 6778/2506 6719/2694 6772/2510
f 6760/2509 6626/2694 6680/2508
f 6772/2510 6719/2694 6626/2694
f 6772/2510 6626/2694 6760/2509
f 7297/2646 7295/2646 7332/2464
f 7295/2646 7238/2646 7315/2462
f 7295/2646 7315/2462 7332/2464
f 7315/2462 7238/2646 7261/2461
f 7238/2646 6910/2655 7044/2468
f 7238/2646 7044/2468 7261/2461
f 6910/2655 6905/2549 6950/2476
f 6910/2655 6950/2476 7044/2468
f 6905/2549 6832/2498 6950/2476
f 7676/3084 7666/3068 7697/3090
f 7676/3084 7697/3090 7715/3098
f 7690/3184 7656/3229 7669/3220
f 7697/3181 7666/3214 7656/3229
f 7697/3181 7656/3229 7690/3184
f 6529/2528 6390/2625 6380/2580
f 6529/2528 6380/2580 6425/2561
f 6380/2580 6390/2625 6190/2687
f 6380/2580 6190/2687 6294/2616
f 5972/3313 5859/3330 5889/3328
f 5972/3313 5889/3328 5918/3324
f 5889/3290 5859/3281 5673/3238
f 5889/3290 5673/3238 5830/3275
f 6694/2423 6719/2482 6772/2424
f 6719/2482 6776/2482 6785/2422
f 6719/2482 6785/2422 6772/2424
f 6776/2482 6529/2528 6632/2465
f 6776/2482 6632/2465 6785/2422
f 6529/2528 6425/2561 6632/2465
f 6294/2611 6190/2534 6093/2469
f 6190/2534 6175/2522 6091/2463
f 6190/2534 6091/2463 6093/2469
f 6091/3026 6175/3057 6082/3020
f 6175/2522 6046/2432 6025/2440
f 6175/2522 6025/2440 6082/2479
f 6046/3297 5972/3313 6007/3303
f 6046/3297 6007/3303 6025/3298
f 5972/3313 5918/3324 6007/3303
f 5830/3275 5673/3238 5600/3205
f 5673/3238 5531/3192 5566/3191
f 5673/3238 5566/3191 5600/3205
f 5531/3192 5447/3192 5542/3190
f 5531/3192 5542/3190 5566/3191
f 5542/3190 5447/3192 5485/3189
f 7917/2636 7972/2636 7934/2635
f 7934/2635 7972/2636 8029/2634
f 7972/2636 8030/2636 8034/2633
f 7972/2636 8034/2633 8029/2634
f 8030/2636 7799/2584 7996/2624
f 8030/2636 7996/2624 8034/2633
f 7996/2624 7799/2584 7763/2559
f 7799/2584 7756/2548 7751/2547
f 7799/2584 7751/2547 7763/2559
f 7751/2547 7756/2548 7743/2545
f 7756/3124 7689/3086 7729/3111
f 7756/3124 7729/3111 7743/3119
f 7689/3086 7676/3084 7723/3110
f 7689/3086 7723/3110 7729/3111
f 7676/3084 7715/3098 7723/3110
f 7363/6290 7238/6295 7261/6204
f 7363/6290 7261/6204 7347/6203
f 7238/6295 7296/6295 7276/6207
f 7238/6295 7276/6207 7261/6204
f 7275/6205 7298/6295 7333/6206
f 7276/6207 7296/6295 7298/6295
f 7276/6207 7298/6295 7275/6205
f 7656/6230 7506/6281 7658/6187
f 7656/6230 7658/6187 7669/6186
f 7658/6187 7506/6281 7466/6193
f 7506/6281 7363/6290 7439/6197
f 7506/6281 7439/6197 7466/6193
f 7363/6290 7347/6203 7439/6197
f 2000/6215 2035/6215 2086/6265
f 2086/6265 2035/6215 2106/6270
f 631/5927 586/5927 609/5928
f 631/5927 609/5928 621/5929
f 609/5928 586/5927 549/5930
f 586/5927 560/5927 540/5931
f 586/5927 540/5931 549/5930
f 342/6428 475/6433 411/6430
f 342/6428 411/6430 381/6429
f 475/6433 498/6434 426/6431
f 475/6433 426/6431 411/6430
f 632/5947 676/5957 744/5972
f 1347/6164 1277/6143 1222/6131
f 1347/6164 1222/6131 1166/6107
f 1178/6110 1069/6080 1166/6107
f 1178/6110 1166/6107 1222/6131
f 842/6003 878/6014 892/6020
f 842/6003 892/6020 876/6016
f 892/6020 878/6014 926/6027
f 878/6014 1069/6080 1029/6068
f 878/6014 1029/6068 926/6027
f 1069/6080 1178/6110 1029/6068
f 1277/6156 1347/6136 1645/6108
f 1347/6136 1592/6115 1670/6103
f 1347/6136 1670/6103 1645/6108
f 1592/6451 2053/6444 2107/6448
f 1592/6451 2107/6448 1670/6449
f 2053/6444 2052/6444 2105/6446
f 2053/6444 2105/6446 2107/6448
f 2091/6447 1922/6444 1994/6445
f 2105/6446 2052/6444 1922/6444
f 2105/6446 1922/6444 2091/6447
f 842/6003 876/6016 848/6006
f 842/6003 848/6006 747/5971
f 744/5972 676/5957 747/5971
f 744/5972 747/5971 848/6006
f 676/5957 632/5947 557/5935
f 676/5957 557/5935 619/5943
f 619/5943 557/5935 540/5931
f 619/5943 540/5931 560/5927
f 465/6432 560/6442 540/6437
f 426/6431 498/6434 560/6442
f 426/6431 560/6442 465/6432
f 1193/6209 1031/6252 1039/6253
f 1193/6209 1039/6253 1098/6242
f 1031/6252 872/6280 983/6269
f 1031/6252 983/6269 1039/6253
f 983/6269 872/6280 757/6302
f 872/6280 837/6287 722/6306
f 872/6280 722/6306 757/6302
f 837/6287 829/6288 720/6307
f 837/6287 720/6307 722/6306
f 829/6288 711/6311 701/6312
f 829/6288 701/6312 720/6309
f 701/6312 711/6311 264/6371
f 701/6312 264/6371 664/6325
f 560/6442 586/6442 549/6438
f 560/6442 549/6438 540/6437
f 549/6438 586/6442 609/6440
f 609/6440 586/6442 631/6442
f 609/6440 631/6442 621/6439
f 1554/6158 1435/6158 1516/6159
f 1516/6159 1435/6158 1393/6160
f 1435/6158 1193/6209 1289/6180
f 1435/6158 1289/6180 1393/6160
f 1193/6209 1098/6242 1289/6180
f 163/6345 164/6343 188/6357
f 163/6345 188/6357 170/6348
f 164/6343 163/6345 153/6340
f 164/6343 153/6340 107/6322
f 98/6059 336/6093 86/6055
f 336/6093 135/6065 60/6052
f 336/6093 60/6052 86/6055
f 135/6065 36/6030 28/6038
f 135/6065 28/6038 60/6052
f 36/6300 107/6322 51/6305
f 36/6300 51/6305 28/6301
f 107/6322 153/6340 51/6305
f 382/6368 341/6366 328/6369
f 362/6367 269/6366 341/6366
f 362/6367 341/6366 382/6368
f 269/6366 362/6367 363/6370
f 269/6366 363/6370 270/6366
f 172/6352 270/6366 363/6370
f 170/6348 188/6357 270/6366
f 170/6348 270/6366 172/6352
f 268/6093 336/6093 327/6099
f 327/6099 336/6093 274/6100
f 336/6093 98/6059 274/6100
f 664/6325 264/6371 265/6374
f 272/6373 317/6371 322/6372
f 265/6374 264/6371 317/6371
f 265/6374 317/6371 272/6373
f 3291/7317 3381/7358 3320/7327
f 3291/7317 3320/7327 3305/7321
f 3381/7358 3441/7386 3338/7338
f 3381/7358 3338/7338 3320/7327
f 3441/7386 3439/7383 3378/7359
f 3441/7386 3378/7359 3338/7338
f 3378/7359 3439/7383 3481/7420
f 3663/7474 3537/7455 3525/7449
f 3663/7474 3525/7449 3530/7460
f 3481/7420 3439/7383 3530/7460
f 3481/7420 3530/7460 3525/7449
f 3291/7229 3305/7222 3295/7226
f 3291/7229 3295/7226 3276/7244
f 3276/7244 3295/7226 3168/7259
f 4304/6795 4514/6845 4599/6889
f 4832/7019 4725/6954 4632/6922
f 4832/7019 4632/6922 4641/6933
f 4599/6889 4514/6845 4641/6933
f 4599/6889 4641/6933 4632/6922
f 4514/6845 4304/6795 4180/6760
f 4514/6845 4180/6760 4179/6759
f 3973/6653 4033/6694 4129/6722
f 3973/6653 4129/6722 4058/6696
f 4033/6694 4170/6750 4150/6730
f 4033/6694 4150/6730 4129/6722
f 4170/6750 4179/6759 4157/6736
f 4170/6750 4157/6736 4150/6730
f 4179/6759 4180/6760 4157/6736
f 4725/6846 4832/6787 4917/6747
f 4832/7218 4864/7342 4938/7118
f 4832/7218 4938/7118 4917/7113
f 4864/7342 5272/7349 5187/7119
f 4864/7342 5187/7119 4938/7118
f 5272/7349 5271/7349 5189/7122
f 5272/7349 5189/7122 5187/7119
f 5164/7120 5110/7349 5068/7121
f 5189/7122 5271/7349 5110/7349
f 5189/7122 5110/7349 5164/7120
f 3695/6628 3950/6639 3834/6633
f 3950/6639 3973/6653 3947/6638
f 3950/6639 3947/6638 3834/6633
f 3973/6653 4058/6696 3947/6638
f 3537/7455 3663/7474 3610/7466
f 3663/7474 3662/7474 3611/7468
f 3663/7474 3611/7468 3610/7466
f 3636/7467 3788/7474 3747/7465
f 3611/7468 3662/7474 3788/7474
f 3611/7468 3788/7474 3636/7467
f 3276/7244 3168/7260 3097/7269
f 3276/7244 3097/7269 3109/7270
f 2150/7514 2223/7514 2177/7512
f 2150/7514 2177/7512 2163/7511
f 2177/7512 2223/7514 2313/7513
f 2313/7513 2223/7514 2317/7514
f 1794/7531 1685/7531 1808/7530
f 1685/7531 1868/7531 1851/7529
f 1685/7531 1851/7529 1808/7530
f 1851/7529 1868/7531 1894/7528
f 1868/7531 2039/7522 1904/7525
f 1868/7531 1904/7525 1894/7528
f 2039/7522 2150/7514 1933/7524
f 2039/7522 1933/7524 1904/7525
f 2150/7514 2163/7511 1933/7524
f 2697/6347 2739/6332 2734/6335
f 2697/6347 2734/6335 2723/6337
f 2739/5967 2907/6009 2772/5977
f 2739/5967 2772/5977 2734/5965
f 2772/5977 2907/6009 3068/6032
f 2907/6009 3247/6045 3239/6046
f 2907/6009 3239/6046 3068/6032
f 3247/6045 3205/6045 3227/6047
f 3247/6045 3227/6047 3239/6046
f 3227/6047 3205/6045 3132/6048
f 3132/6048 3205/6045 3123/6045
f 2376/5998 2333/5993 2276/5999
f 2333/5993 2277/5993 2261/6000
f 2333/5993 2261/6000 2276/5999
f 2277/5993 2305/5989 2269/5997
f 2277/5993 2269/5997 2261/6000
f 2305/5989 2485/5962 2371/5987
f 2305/5989 2371/5987 2269/5997
f 2371/5987 2485/5962 2580/5946
f 2485/5962 2530/5954 2608/5945
f 2485/5962 2608/5945 2580/5946
f 2530/5954 2537/5951 2614/5944
f 2530/5954 2614/5944 2608/5945
f 2614/5944 2537/5951 2605/5942
f 2537/5951 2610/5934 2633/5939
f 2537/5951 2633/5939 2605/5942
f 2610/6360 2697/6347 2655/6358
f 2610/6360 2655/6358 2633/6359
f 2697/6347 2723/6337 2655/6358
f 7721/2254 7722/2254 7476/2252
f 7721/2254 7476/2252 7685/2253
f 5057/2186 6067/2192 6051/2192
f 5811/2245 5817/2314 5868/2245
f 5927/2315 5868/2245 5817/2314
f 5935/2316 5939/2245 5868/2245
f 5935/2316 5868/2245 5927/2315
f 5674/2269 5906/2296 5730/2311
f 5674/2269 5730/2311 5623/2309
f 5730/2311 5906/2296 5919/2313
f 5919/2313 5906/2296 5939/2245
f 5919/2313 5939/2245 5935/2316
f 5674/2269 5623/2309 5614/2307
f 5674/2269 5614/2307 5661/2242
f 5661/2242 5614/2307 5611/2308
f 5661/2242 5611/2308 5644/2243
f 5515/2304 5644/2243 5611/2308
f 5644/2243 5515/2304 5458/2302
f 5644/2243 5458/2302 5619/2244
f 5619/2244 5458/2302 5372/2303
f 5619/2244 5372/2303 5395/2240
f 5256/2240 5394/2240 5240/2305
f 5394/2240 5395/2240 5237/2306
f 5394/2240 5237/2306 5240/2305
f 5395/2240 5372/2303 5237/2306
f 5871/2373 6232/2361 6006/2366
f 5871/2373 6006/2366 5888/2369
f 6006/2366 6232/2361 6435/2351
f 6825/2325 6558/2342 6482/2347
f 6825/2325 6482/2347 6483/2352
f 6435/2351 6232/2361 6483/2352
f 6435/2351 6483/2352 6482/2347
f 5756/2247 5811/2247 5761/2205
f 5761/2205 5811/2247 5850/2204
f 5811/2247 5868/2247 5860/2207
f 5811/2247 5860/2207 5850/2204
f 5868/2247 5871/2249 5862/2206
f 5868/2247 5862/2206 5860/2207
f 5871/2373 5888/2369 5862/2370
f 7734/2290 7813/2275 7806/2277
f 7734/2290 7806/2277 7726/2292
f 7726/2292 7806/2277 7811/2278
f 7726/2292 7811/2278 7727/2293
f 7727/2293 7811/2278 7610/2329
f 7813/2237 7734/2248 7821/2234
f 7734/2290 7782/2281 7901/2274
f 7734/2290 7901/2274 7821/2276
f 8009/2208 7945/2214 8044/2203
f 8009/2208 8044/2203 8054/2202
f 8044/2203 7945/2214 7957/2209
f 7945/2214 7861/2214 7940/2210
f 7945/2214 7940/2210 7957/2209
f 7940/2210 7861/2214 7845/2211
f 8009/2208 8054/2202 8058/2201
f 8009/2208 8058/2201 8062/2200
f 8062/2257 8058/2267 7967/2270
f 8062/2257 7967/2270 7728/2283
f 7941/2272 7728/2283 7967/2270
f 7901/2274 7782/2281 7728/2283
f 7901/2274 7728/2283 7941/2272
f 7727/2293 7610/2329 7490/2345
f 7727/2293 7490/2345 7587/2322
f 7587/2322 7490/2345 7468/2348
f 7587/2322 7468/2348 7379/2355
f 7379/2355 7468/2348 7441/2354
f 7379/2355 7441/2354 7200/2363
f 7126/2363 7200/2363 7152/2365
f 7152/2365 7200/2363 7205/2364
f 7200/2363 7441/2354 7205/2364
f 6558/2342 6825/2325 6941/2301
f 7167/2299 7137/2285 7168/2299
f 7203/2286 7168/2299 7137/2285
f 7168/2299 7203/2286 7193/2287
f 7168/2299 7193/2287 7062/2299
f 6941/2301 6825/2325 7062/2299
f 6941/2301 7062/2299 7193/2287
