# LA_B202 - extracted from LA_Downtown_large_ctr_packed (original mesh frame, metres, Y up)
# faces 10675 vertices 7089
mtllib LA_B202.mtl
o LA_B202
v 75.602201 54.549251 263.806722
v 75.759569 55.762021 263.598746
v 75.794276 55.693710 263.552878
v 75.798444 54.136345 263.957678
v 75.807251 54.345596 263.964453
v 75.833265 55.616935 263.501350
v 75.839861 53.861406 263.989538
v 75.840249 55.126539 263.989836
v 75.840249 55.126539 263.989836
v 75.849813 51.974444 263.997193
v 75.858884 55.638755 263.467493
v 75.893323 55.645966 263.421978
v 75.895132 55.261441 264.032054
v 75.900515 55.315629 264.036194
v 75.900836 55.309938 264.036441
v 75.948906 55.291656 263.979797
v 75.948906 55.614098 263.499451
v 75.961639 55.649536 264.220032
v 75.961639 55.757019 264.059906
v 75.968986 55.732047 264.543611
v 76.039477 54.648902 263.228824
v 76.040207 55.755138 263.594116
v 76.048485 55.655014 263.724609
v 76.056487 55.766778 264.609722
v 76.061890 55.805511 264.314789
v 76.090916 55.814190 264.635736
v 76.090916 55.814191 264.635736
v 76.105991 55.834953 264.647126
v 76.117473 53.853643 264.655800
v 76.118774 55.645775 263.288452
v 76.131508 55.681213 264.009033
v 76.149002 62.739790 264.679623
v 76.151641 62.322133 264.681616
v 76.158647 55.849322 264.686910
v 76.167372 52.172571 264.579355
v 76.168378 52.123898 264.237607
v 76.193100 55.757365 264.712941
v 76.193642 64.893219 264.300354
v 76.209891 55.394452 263.003607
v 76.222801 55.714771 264.263824
v 76.225541 55.763734 264.737453
v 76.234637 54.824964 262.970903
v 76.236160 62.742008 264.568451
v 76.236160 62.855190 264.399841
v 76.271339 52.160635 264.254924
v 76.278282 83.148445 264.325043
v 76.284729 128.706360 263.922394
v 76.290428 119.637451 264.098877
v 76.296471 92.306404 264.140686
v 76.303736 62.740328 264.796532
v 76.304327 52.186453 264.371646
v 76.304328 52.186453 264.371646
v 76.314102 55.855808 264.358490
v 76.314102 55.855812 264.358490
v 76.325401 73.980919 264.285919
v 76.326915 52.186180 264.311563
v 76.336906 55.761024 264.529510
v 76.336906 55.874207 264.360901
v 76.364151 128.735550 264.144073
v 76.364487 110.473404 264.009399
v 76.370193 101.404503 264.185883
v 76.392670 55.746449 264.052826
v 76.410034 92.236153 264.310608
v 76.437206 55.738849 264.897377
v 76.447681 55.715981 264.905291
v 76.471237 55.637085 263.747131
v 76.483971 55.672523 264.467743
v 76.483971 55.780006 264.307617
v 76.490532 173.576385 264.140472
v 76.500349 52.186584 263.888824
v 76.511932 128.669601 264.099792
v 76.511932 128.763107 263.960480
v 76.540436 156.137482 264.161377
v 76.546478 128.806351 264.203186
v 76.573144 55.754877 262.523537
v 76.575272 55.706081 264.722534
v 76.575272 55.813560 264.562408
v 76.591362 128.698792 264.321442
v 76.610945 55.616272 262.473580
v 76.612907 164.765015 264.196655
v 76.614159 165.235611 264.206543
v 76.614494 146.973404 264.071899
v 76.620201 137.904480 264.248383
v 76.634132 65.297501 262.859619
v 76.653839 55.811684 264.096619
v 76.694664 55.714558 264.253754
v 76.703365 52.258052 264.602586
v 76.716363 62.750764 265.108295
v 76.739143 128.726349 264.137878
v 76.745132 55.845238 264.351410
v 76.763599 52.258466 264.580483
v 76.778054 55.765674 262.252730
v 76.807495 128.631210 263.871948
v 76.823700 55.735878 264.045715
v 76.863930 92.338203 264.134521
v 76.887260 110.398262 263.958984
v 76.897772 52.115814 262.426524
v 76.909149 65.592560 262.568512
v 76.914154 173.105545 264.213837
v 76.922736 52.116200 262.370915
v 76.924165 52.313003 264.606499
v 76.944089 52.119976 262.344374
v 76.958176 73.889969 264.224854
v 76.967018 92.258820 263.906677
v 76.969681 55.783253 264.299866
v 77.025235 52.137032 262.259969
v 77.039611 55.789333 261.907060
v 77.115251 55.706600 261.807096
v 77.121742 55.855164 262.391418
v 77.136258 55.709842 261.779333
v 77.136932 165.253967 264.016815
v 77.137268 146.898254 264.021454
v 77.137978 55.728363 262.182556
v 77.143951 62.946114 264.216278
v 77.146255 59.324768 264.231262
v 77.178348 55.636218 261.723708
v 77.189606 164.770905 264.070831
v 77.196879 52.159875 261.999483
v 77.196879 52.159875 261.999483
v 77.199478 83.163506 265.068909
v 77.217026 128.758759 263.969177
v 77.219625 52.162734 261.971187
v 77.219625 52.162734 261.971187
v 77.222069 156.120728 264.554260
v 77.242252 52.165502 261.943032
v 77.278297 55.735823 261.591616
v 77.300621 55.775337 262.337860
v 77.301926 52.167614 261.862949
v 77.307846 55.760040 261.971558
v 77.320480 52.162416 261.818124
v 77.349640 65.317749 262.139465
v 77.372551 55.753065 261.467051
v 77.397934 52.272011 265.054789
v 77.398792 55.757865 261.432372
v 77.402091 52.155437 261.710067
v 77.414606 52.230054 265.180535
v 77.437287 55.764907 261.381498
v 77.477715 55.791718 261.760529
v 77.479500 55.808693 262.115662
v 77.503612 55.777039 261.293843
v 77.505905 119.669891 264.928925
v 77.508027 55.725047 261.288008
v 77.515114 64.974243 261.664307
v 77.520792 55.852702 261.271139
v 77.584207 56.996593 261.187330
v 77.612420 55.741418 265.785316
v 77.613152 83.040428 262.785034
v 77.615860 57.993263 261.625366
v 77.646868 55.706464 261.104518
v 77.653679 119.603943 264.884644
v 77.665092 101.466133 265.237579
v 77.685535 55.750870 261.053416
v 77.697318 55.670368 261.037844
v 77.697323 55.670370 261.037838
v 77.706598 52.266485 265.491623
v 77.707397 64.818550 262.538116
v 77.742182 55.726421 260.978552
v 77.746352 55.769339 260.973041
v 77.757164 119.601692 262.054199
v 77.775507 55.712100 260.934511
v 77.783079 55.767455 260.924503
v 77.799896 106.044266 262.046631
v 77.810708 55.745558 260.887989
v 77.817444 55.747589 261.498657
v 77.823845 55.724911 261.081055
v 77.829636 165.174530 265.175903
v 77.829636 165.268036 265.036591
v 77.877486 52.170022 260.973138
v 77.883837 55.731918 260.791343
v 77.896011 55.638229 261.192963
v 77.904945 119.629250 261.870636
v 77.914913 55.770746 260.750274
v 77.915100 137.966095 265.300079
v 77.933601 164.812592 265.267029
v 77.939896 64.887993 265.519775
v 77.953377 96.909416 262.178833
v 77.954710 52.174790 260.872373
v 77.973873 55.742906 260.672353
v 77.975845 151.614822 262.337891
v 77.977404 52.169713 260.821498
v 77.986629 55.819652 260.655494
v 77.987312 55.779266 261.287659
v 77.999954 55.753158 260.637884
v 78.002724 55.645088 261.027496
v 78.038338 64.584274 260.913361
v 78.049576 160.806458 262.243774
v 78.056170 52.162813 260.717536
v 78.065880 55.669907 260.981964
v 78.065880 55.777390 260.821869
v 78.098862 55.793606 261.127167
v 78.124723 55.775978 260.472992
v 78.125198 165.229645 264.808746
v 78.159939 55.762962 260.426451
v 78.181602 55.791626 260.636688
v 78.204628 165.258850 265.030426
v 78.206711 52.248269 261.484567
v 78.210327 156.096405 265.346191
v 78.218391 164.805634 265.002747
v 78.226976 55.738192 260.337856
v 78.235222 57.978172 260.636902
v 78.235748 55.701584 260.770966
v 78.248474 55.737022 261.491547
v 78.273229 52.378421 266.023551
v 78.277740 55.826965 260.904999
v 78.286545 64.012421 260.284912
v 78.327042 55.735138 261.025757
v 78.346672 73.931206 265.720062
v 78.352409 165.286407 264.846863
v 78.364273 92.226227 261.613495
v 78.376457 165.254959 261.794739
v 78.411392 83.171875 261.405731
v 78.414657 55.705992 266.391451
v 78.416161 55.768227 266.390106
v 78.418343 55.768700 261.280548
v 78.433360 55.706201 260.065101
v 78.443214 55.709824 260.092590
v 78.456619 55.633957 261.020020
v 78.458276 52.262489 261.400229
v 78.496910 55.659336 260.974884
v 78.496910 55.659340 260.974884
v 78.504586 61.491413 266.459397
v 78.506357 52.364450 266.460736
v 78.515877 62.354467 266.467928
v 78.524239 165.282516 261.611176
v 78.525543 73.964561 265.497864
v 78.525697 55.676340 259.943070
v 78.533617 59.776378 266.481332
v 78.536356 59.378147 266.483401
v 78.539055 59.403547 266.485440
v 78.539352 55.745159 260.360901
v 78.548157 59.403324 266.485291
v 78.550461 59.290634 261.273315
v 78.558513 55.781785 266.500142
v 78.561367 55.736961 266.502298
v 78.564415 119.644341 260.870422
v 78.567374 52.121154 260.042936
v 78.574570 83.054245 265.973938
v 78.586029 55.692425 266.339233
v 78.589364 62.739499 266.523452
v 78.591026 146.924774 265.655792
v 78.606789 62.759113 266.536617
v 78.633194 55.440456 266.515625
v 78.637398 73.924522 261.313019
v 78.639290 92.068550 261.996826
v 78.654045 55.655579 260.043304
v 78.654053 55.655579 260.043274
v 78.655705 55.727171 266.573576
v 78.664749 156.022903 265.700989
v 78.679382 55.726367 266.591466
v 78.683098 165.247406 262.193787
v 78.700548 52.346780 266.408218
v 78.732477 52.341261 266.457396
v 78.733023 52.341210 266.457387
v 78.733536 74.073044 261.412720
v 78.755890 55.509140 266.448456
v 78.760431 52.089438 259.748787
v 78.763259 52.286927 260.773823
v 78.771851 57.965065 260.138916
v 78.775037 55.858093 266.663738
v 78.777851 52.086775 259.722253
v 78.787408 52.099007 259.772826
v 78.796864 55.854417 266.680230
v 78.797038 55.758858 266.680361
v 78.811936 52.090579 259.731164
v 78.816269 73.844696 261.259430
v 78.816269 73.957878 261.090820
v 78.829681 73.995193 261.849640
v 78.832059 55.738721 266.706821
v 78.847191 55.757660 266.383026
v 78.852000 52.080867 259.644411
v 78.857162 142.493408 261.064667
v 78.861314 52.092533 259.675230
v 78.861315 52.092532 259.675227
v 78.862869 133.424469 261.241119
v 78.863396 64.903534 260.883057
v 78.871396 55.658140 259.486199
v 78.874855 110.473961 266.030457
v 78.878578 52.329776 266.366449
v 78.878581 52.329776 266.366449
v 78.886589 146.979889 265.288666
v 78.887293 55.674952 266.748554
v 78.903610 62.751835 266.531738
v 78.904740 52.088155 259.620904
v 78.919319 64.261017 259.718018
v 78.935674 55.686017 266.785108
v 78.935849 52.321489 266.404750
v 78.948578 119.572060 266.075653
v 78.966138 52.322027 266.307604
v 78.972932 52.320221 266.338244
v 78.993782 55.718933 259.621277
v 78.999756 63.013535 266.462799
v 79.004356 55.770851 266.492798
v 79.006516 55.754372 260.341858
v 79.008553 73.915375 261.796051
v 79.008553 74.028557 261.627441
v 79.010857 67.124924 266.532166
v 79.011913 55.818204 266.842711
v 79.017059 55.681854 266.332123
v 79.022636 110.501526 265.846893
v 79.028008 119.601257 266.297302
v 79.028952 55.815335 266.855585
v 79.029793 56.147217 266.412231
v 79.031284 52.298957 260.767128
v 79.034042 92.270203 266.339142
v 79.041870 83.193611 266.556641
v 79.042267 64.936890 260.660889
v 79.055679 61.465557 266.646637
v 79.062588 52.308181 266.382894
v 79.063469 99.655380 266.244843
v 79.075989 55.732048 259.862915
v 79.077484 92.132797 266.442505
v 79.087090 55.316143 266.676758
v 79.088989 74.026085 266.517517
v 79.089394 55.769363 260.621735
v 79.089510 52.305521 266.357969
v 79.092888 106.947052 266.289856
v 79.098603 52.304436 266.359511
v 79.101730 128.792862 266.203186
v 79.102066 110.437210 266.207855
v 79.107765 101.461807 266.245026
v 79.108353 55.715416 266.586914
v 79.125008 60.633987 266.577606
v 79.136108 64.858551 266.478363
v 79.155869 101.398926 260.140808
v 79.160527 52.296573 266.399776
v 79.183235 55.804207 266.270599
v 79.187431 74.061913 261.405243
v 79.220741 83.113785 266.503082
v 79.229599 110.497025 260.186005
v 79.249847 110.558273 265.884979
v 79.255547 101.395866 266.200745
v 79.267868 73.946259 266.463928
v 79.268265 55.802723 260.399536
v 79.278023 156.101288 266.359802
v 79.284058 128.770157 266.401642
v 79.285873 67.306801 266.409668
v 79.307334 55.767692 258.910069
v 79.307541 172.946548 266.313751
v 79.321770 173.526749 266.313812
v 79.329269 110.493965 266.245941
v 79.329605 92.325325 265.972015
v 79.346405 62.930244 260.047668
v 79.349220 164.757736 266.398438
v 79.351746 165.292908 266.265686
v 79.352081 146.937210 266.270355
v 79.356789 55.637726 266.070251
v 79.357788 137.961777 266.307526
v 79.358566 173.085434 266.277161
v 79.358978 55.745674 260.800568
v 79.362106 55.498016 266.554260
v 79.362106 55.724384 266.217041
v 79.363449 165.337952 266.398499
v 79.375511 55.761700 266.975830
v 79.377380 110.431076 260.141724
v 79.386776 52.267521 266.438804
v 79.397293 128.754471 265.975372
v 79.397629 110.492325 265.840729
v 79.399620 83.033966 266.449493
v 79.403000 119.592056 266.291138
v 79.405556 156.067596 260.477234
v 79.411125 64.927246 266.524475
v 79.413435 55.755118 258.769849
v 79.418346 52.264361 266.413610
v 79.425804 156.035339 266.315552
v 79.431511 147.059906 266.352722
v 79.435234 92.199509 265.998138
v 79.437546 55.743797 260.334778
v 79.446747 73.979614 266.241730
v 79.447144 55.722900 260.345947
v 79.449886 52.250933 260.227874
v 79.453491 172.983002 266.338226
v 79.456802 110.460274 260.363403
v 79.457138 92.291634 260.089447
v 79.458252 55.759720 266.485352
v 79.467720 173.563202 266.338287
v 79.476723 128.783661 266.197021
v 79.482758 101.452614 266.238861
v 79.486118 52.255761 266.455928
v 79.488060 164.774399 266.020203
v 79.495171 164.794205 266.422913
v 79.495758 83.182480 266.549164
v 79.497398 172.801758 266.346344
v 79.499527 165.226959 266.221436
v 79.502289 169.198822 260.293365
v 79.504517 173.121887 266.301636
v 79.508179 171.380753 260.330200
v 79.511627 173.381958 266.346405
v 79.525276 62.850422 259.994080
v 79.526043 52.210933 260.033448
v 79.528847 55.669872 260.749695
v 79.531372 92.121666 266.435059
v 79.536385 62.547699 266.639282
v 79.539391 55.704842 266.579834
v 79.539391 55.812325 266.419708
v 79.542885 74.014954 266.510040
v 79.550774 119.526108 266.246857
v 79.556480 110.550713 266.284027
v 79.556816 92.195061 266.288696
v 79.567390 83.030495 260.087921
v 79.579620 128.825272 266.034485
v 79.590004 64.847427 266.470886
v 79.590103 164.751831 266.394470
v 79.593178 128.719147 259.687561
v 79.603111 171.398453 260.212280
v 79.635910 110.486404 266.645020
v 79.636452 164.751312 260.423187
v 79.639427 55.793571 260.882568
v 79.647018 171.337341 260.041443
v 79.647308 165.254532 266.037872
v 79.647644 146.992325 265.903229
v 79.653015 156.092087 266.353638
v 79.657585 173.418411 266.370880
v 79.674637 83.102654 266.495605
v 79.686150 64.995941 266.570587
v 79.698715 55.701553 260.538696
v 79.721756 73.935127 266.456451
v 79.722160 55.678410 260.560669
v 79.726738 165.283722 266.259521
v 79.728943 164.768494 266.016235
v 79.732773 137.952591 266.301361
v 79.740959 128.653198 259.643311
v 79.745399 173.115982 266.297668
v 79.747841 173.597031 259.870850
v 79.782188 172.614594 266.350525
v 79.783691 110.513962 266.461426
v 79.800797 156.026138 266.309357
v 79.806496 147.050720 266.346527
v 79.806831 128.695007 266.351196
v 79.854553 173.593750 266.358795
v 79.874519 165.217773 266.215271
v 79.874847 147.049072 265.941315
v 79.891632 137.917465 266.883972
v 79.909458 55.015627 258.114311
v 79.909843 59.369934 266.462860
v 79.921684 55.767960 258.260590
v 79.928146 172.651047 266.375000
v 79.945735 52.023831 258.146141
v 79.949486 173.551392 266.330353
v 79.954277 146.984772 266.302277
v 79.959102 52.292999 267.049174
v 79.968163 128.709946 259.681396
v 79.976936 164.782379 266.414978
v 79.979172 62.839291 259.986603
v 79.986282 173.110077 266.293701
v 79.992577 58.915222 266.646820
v 80.003685 63.139793 266.547546
v 80.028000 156.082886 266.347473
v 80.037361 55.687239 257.945276
v 80.047592 128.645630 260.042358
v 80.047592 128.739136 259.903076
v 80.076538 173.228622 259.883148
v 80.120445 173.047379 259.891296
v 80.125871 55.478692 257.828302
v 80.127563 173.367508 259.846588
v 80.171455 58.835400 266.593231
v 80.182062 55.693624 257.754042
v 80.182556 63.059971 266.493988
v 80.184860 59.438625 266.508972
v 80.187510 55.694621 257.746841
v 80.195374 128.766693 259.719482
v 80.198265 64.795517 259.343048
v 80.212814 156.110245 259.293457
v 80.254196 62.907986 260.032715
v 80.256493 59.286644 260.047699
v 80.258354 119.665329 258.863831
v 80.266403 173.083832 259.915771
v 80.283302 60.266731 260.216431
v 80.292885 55.758920 257.607579
v 80.314720 55.701874 257.885986
v 80.323524 61.963234 260.132294
v 80.343012 55.723061 257.541333
v 80.414070 156.104523 266.968201
v 80.426615 55.315720 257.430843
v 80.431290 55.755508 257.787689
v 80.464679 55.697900 257.380539
v 80.483442 52.288317 267.421632
v 80.496976 55.223442 257.337856
v 80.522583 55.789066 258.042480
v 80.588425 55.429306 257.336456
v 80.619125 160.681442 258.926788
v 80.646980 146.998840 267.322052
v 80.647114 52.263495 267.549399
v 80.692451 55.713264 257.991608
v 80.693184 151.610886 258.698029
v 80.696036 52.254508 267.702241
v 80.739059 96.810333 258.273071
v 80.757103 67.119698 267.751587
v 80.766907 160.709015 258.743225
v 80.770515 73.947952 258.393707
v 80.771019 55.711384 257.525818
v 80.806526 60.442673 258.622437
v 80.830635 87.714935 258.096069
v 80.844109 110.488823 257.957764
v 80.849808 101.419914 258.134216
v 80.857948 55.744003 267.999725
v 80.863113 146.931259 266.872559
v 80.974774 55.786945 268.325762
v 80.997589 101.353966 258.089966
v 81.003392 55.680179 268.347384
v 81.019847 51.938586 257.972785
v 81.056832 55.816177 268.387761
v 81.071312 110.545570 257.995850
v 81.087752 55.796357 268.411123
v 81.090324 146.988007 266.910645
v 81.090633 54.011582 256.553287
v 81.103208 55.682240 268.422801
v 81.128265 73.901482 258.117920
v 81.141670 73.938797 258.876740
v 81.150742 110.481262 258.356812
v 81.152313 119.673683 267.558319
v 81.155295 52.261526 268.018464
v 81.173889 128.662308 258.246552
v 81.206398 74.124886 268.051361
v 81.220207 59.300957 257.856049
v 81.222511 55.679611 257.871033
v 81.231735 119.609375 267.919281
v 81.247612 137.853943 258.152435
v 81.288979 55.733437 267.992615
v 81.289131 74.009727 267.729462
v 81.293350 55.734367 257.773499
v 81.298523 110.415314 258.312531
v 81.320549 74.085342 258.485931
v 81.328606 147.075592 267.575653
v 81.362663 87.814018 268.190643
v 81.367546 55.731552 267.526825
v 81.379517 119.543427 267.875031
v 81.401100 128.719055 258.284637
v 81.401382 55.826149 257.480225
v 81.408035 147.011276 267.936615
v 81.409782 78.646492 268.151489
v 81.458847 55.765114 267.781616
v 81.476387 147.103149 267.392090
v 81.482368 51.865604 257.418847
v 81.505928 78.681831 268.419800
v 81.509285 101.435013 257.134033
v 81.521637 83.020569 257.390808
v 81.541786 55.656685 257.256836
v 81.550148 55.691185 268.196533
v 81.555817 146.945328 267.892334
v 81.564949 51.861669 255.926437
v 81.580261 55.746326 257.426636
v 81.608618 53.613002 255.868725
v 81.624168 146.943695 267.487122
v 81.628304 128.775818 258.322723
v 81.628716 55.689308 267.730743
v 81.633087 55.690247 257.511627
v 81.641449 55.724743 268.451324
v 81.657066 101.369064 257.089752
v 81.677979 133.417053 268.106445
v 81.687966 51.866526 257.080600
v 81.727722 59.212719 261.221008
v 81.811310 55.863899 268.080200
v 81.817871 53.715675 255.953903
v 81.817871 53.715675 255.953918
v 81.855286 55.701836 257.641357
v 81.872864 119.563622 256.774902
v 81.894249 55.755478 257.555420
v 81.912795 52.180208 268.596039
v 81.936516 137.773697 268.201935
v 81.951019 78.634369 256.892365
v 81.964358 52.778636 255.398584
v 82.015938 137.896393 268.284302
v 82.095039 92.164993 256.367218
v 82.128593 146.994720 257.013855
v 82.148338 169.433395 268.368805
v 82.152512 64.785583 256.645935
v 82.205788 160.797379 268.501770
v 82.242813 92.192551 256.183655
v 82.272758 92.206360 256.219269
v 82.322243 92.221741 256.405334
v 82.322578 137.888840 268.683380
v 82.345874 53.134831 254.894378
v 82.345880 53.134824 254.894369
v 82.355804 146.957962 257.191254
v 82.364710 55.825384 269.375935
v 82.379875 169.208725 256.405945
v 82.402611 73.982269 269.178558
v 82.463020 164.742462 256.393372
v 82.469360 51.888035 254.731181
v 82.480258 51.887543 254.726759
v 82.552780 63.040638 255.963791
v 82.570705 51.856982 256.030771
v 82.592995 55.795731 269.199951
v 82.628883 92.307693 256.665070
v 82.643913 92.197212 256.702301
v 82.648926 59.340958 261.796265
v 82.697235 92.212547 256.399139
v 82.703903 164.736542 256.389404
v 82.759598 169.219482 256.023743
v 82.760368 74.048988 268.734161
v 82.771873 55.829090 268.977753
v 82.776665 92.335251 256.481506
v 82.782364 156.078751 255.837173
v 82.809387 92.193253 255.721298
v 82.849861 164.712936 256.503357
v 82.874519 67.218498 269.285431
v 82.930145 156.106308 255.653595
v 82.967178 142.454117 269.120972
v 82.975349 128.666397 269.149323
v 83.005157 173.557617 255.690704
v 83.006676 63.029510 255.956314
v 83.009575 156.135498 255.875259
v 83.024055 173.075897 263.415131
v 83.053924 51.959237 269.438444
v 83.054779 128.789093 269.231689
v 83.120331 151.674942 269.248535
v 83.123795 101.333298 255.045074
v 83.127266 104.167694 269.273773
v 83.151108 173.594070 255.715179
v 83.156036 78.641266 269.370911
v 83.157692 128.737198 269.208466
v 83.237122 128.766388 269.430115
v 83.268112 151.608994 269.204285
v 83.269580 51.909036 269.606822
v 83.270912 128.721512 268.782166
v 83.282829 173.050323 255.739594
v 83.294029 62.704792 270.059162
v 83.330404 62.703297 270.105571
v 83.340965 173.449280 255.747787
v 83.342499 133.439880 255.189453
v 83.347534 151.638184 269.425934
v 83.350342 128.750702 269.003845
v 83.355629 55.703041 254.951721
v 83.393135 83.125801 255.015564
v 83.451767 55.738377 255.220032
v 83.460571 63.018375 255.948837
v 83.488892 55.680817 254.950363
v 83.493416 92.224373 254.588486
v 83.498123 128.778275 268.820282
v 83.503090 61.093533 255.879700
v 83.514191 55.810787 269.943817
v 83.523712 173.044418 255.735626
v 83.530561 62.695072 270.360943
v 83.542618 173.103302 262.654694
v 83.567139 101.322472 254.633682
v 83.567459 55.678936 254.484573
v 83.572014 83.159157 254.793365
v 83.572845 92.253571 254.810150
v 83.598129 124.165001 254.407822
v 83.631355 115.187363 269.800568
v 83.641754 59.317207 255.910263
v 83.650670 51.853069 254.573106
v 83.663345 165.219528 254.698578
v 83.680466 128.662048 269.158020
v 83.683464 92.321251 269.993225
v 83.689299 62.700557 270.376736
v 83.691536 128.786392 269.645630
v 83.726784 55.693886 255.434753
v 83.730583 83.153725 269.954071
v 83.742775 165.248718 254.920242
v 83.744392 61.538849 269.875458
v 83.777565 99.664055 269.887878
v 83.789215 55.766296 270.158539
v 83.795715 67.233551 270.029297
v 83.811127 165.153580 254.654312
v 83.817169 137.915955 254.556839
v 83.841354 55.779602 255.248947
v 83.845139 64.857460 254.492889
v 83.846429 51.785145 269.997408
v 83.862335 92.241425 269.939636
v 83.871948 55.764320 269.668060
v 83.879478 92.339508 255.069901
v 83.895920 92.306442 269.798584
v 83.905663 55.614063 255.381165
v 83.905663 55.727245 255.212555
v 83.909462 83.073898 269.900513
v 83.954220 62.702971 270.901474
v 83.965790 59.194633 270.258575
v 83.969986 165.211960 255.097641
v 83.984515 60.640363 271.123077
v 83.993026 61.050379 271.101801
v 84.003084 55.713995 271.076656
v 84.014537 55.735008 271.048023
v 84.027340 62.703940 271.016015
v 84.027340 62.703940 271.016015
v 84.032968 62.703469 271.001946
v 84.041214 92.274780 269.717438
v 84.043701 92.240494 269.754333
v 84.064232 55.721809 270.373260
v 84.065857 165.301590 269.908752
v 84.069610 62.703700 271.048696
v 84.073942 62.700035 270.899510
v 84.077232 78.656319 270.114777
v 84.078835 101.310005 253.817032
v 84.084206 110.503242 254.128159
v 84.139519 51.840978 253.934696
v 84.174538 55.734077 270.315704
v 84.191483 92.268051 269.570770
v 84.213638 165.235641 269.864471
v 84.238503 73.976540 253.765762
v 84.243103 55.755169 270.151062
v 84.253105 55.732193 269.849915
v 84.254840 51.840532 253.945806
v 84.295701 51.733247 270.591839
v 84.300339 110.529167 253.539368
v 84.311409 110.372986 254.444855
v 84.334648 62.693642 270.895233
v 84.334648 62.806824 270.726593
v 84.336945 59.185482 270.741608
v 84.344406 55.443306 270.585083
v 84.351700 51.843545 253.620680
v 84.352654 55.714638 271.346802
v 84.361420 165.263199 269.680908
v 84.423737 119.593178 270.333221
v 84.424941 51.841505 270.472458
v 84.430786 63.068527 270.657684
v 84.434654 51.837100 253.487819
v 84.439674 173.081116 264.457031
v 84.687675 169.430984 270.314209
v 84.692345 173.534760 270.343048
v 84.695683 51.834259 253.169373
v 84.712729 51.838068 253.375865
v 84.722801 51.839494 253.313670
v 84.737976 119.587242 252.951477
v 84.743675 110.518333 253.127960
v 84.754753 110.455658 253.894150
v 84.761573 51.838765 253.083506
v 84.788544 74.000748 254.026596
v 84.790715 51.838013 252.910811
v 84.809269 51.831892 252.842631
v 84.810745 83.015800 252.985031
v 84.824066 173.111145 270.188507
v 84.831062 61.210400 270.144165
v 84.831184 173.431274 270.143799
v 84.838295 173.571213 270.367523
v 84.847855 172.690552 266.401520
v 84.854965 173.010681 266.356812
v 84.882202 173.570160 270.107239
v 84.884682 63.057396 270.650208
v 84.885757 119.614799 252.767914
v 84.902695 59.134315 266.549286
v 84.905991 173.149567 266.320221
v 84.926796 83.237473 270.744049
v 84.934105 59.323112 257.137146
v 84.946977 51.685681 270.969340
v 84.967415 63.055416 270.159729
v 84.969719 59.320892 270.343323
v 84.980736 137.916946 270.520844
v 85.000923 173.107208 266.291779
v 85.037712 172.605820 266.344635
v 85.044830 172.925964 266.299927
v 85.118668 110.415634 253.261078
v 85.161400 97.512756 252.278427
v 85.172813 151.532791 252.785645
v 85.176620 133.486801 270.780151
v 85.205283 51.679922 271.160596
v 85.207611 156.142395 270.832886
v 85.207947 137.880203 270.698242
v 85.208446 51.826886 252.351437
v 85.213420 51.827451 252.372997
v 85.252243 151.561981 253.007309
v 85.262749 64.860641 252.293747
v 85.287369 138.002899 270.780609
v 85.346504 166.934280 252.542755
v 85.374969 124.244385 271.030609
v 85.479134 92.203575 252.304016
v 85.536369 166.909622 252.396393
v 85.540587 51.815779 251.974868
v 85.572975 83.183830 271.441803
v 85.618950 128.634491 251.952209
v 85.645012 69.528786 252.003082
v 85.653519 128.677719 252.194870
v 85.658012 92.236931 252.081818
v 85.662964 55.804916 271.524597
v 85.684502 51.666209 271.429630
v 85.690216 142.451401 252.145477
v 85.741531 55.480591 271.539154
v 85.754150 92.159088 252.518738
v 85.770134 166.943970 251.900253
v 85.792686 110.490761 271.295471
v 85.821159 166.902664 252.132126
v 85.832825 55.836594 271.313599
v 85.841896 63.035870 251.558029
v 85.859505 78.501328 251.666748
v 85.871010 60.394615 251.741745
v 85.872116 110.519951 271.517120
v 85.906013 160.646011 251.830627
v 85.925591 128.720428 252.211960
v 85.960159 128.670166 252.593918
v 85.965889 169.161301 251.701218
v 86.002693 55.760788 271.262726
v 86.018421 51.684174 271.639565
v 86.020767 62.956043 251.504440
v 86.029175 92.227776 252.564850
v 86.038376 64.952805 271.677948
v 86.051376 87.774132 271.588074
v 86.083199 59.180256 271.961029
v 86.088249 110.452370 271.067627
v 86.102737 55.688736 251.239410
v 86.130646 128.622025 251.135559
v 86.134521 64.988144 271.946259
v 86.135414 164.770966 271.469604
v 86.147522 87.809471 271.856384
v 86.167679 110.575066 271.149994
v 86.204254 55.633537 251.480865
v 86.262466 173.578262 251.421082
v 86.269928 146.954010 271.535370
v 86.274254 164.787628 271.091370
v 86.323395 93.744705 250.961487
v 86.349358 146.983200 271.757050
v 86.437286 128.707962 251.395325
v 86.474670 62.944912 251.496979
v 86.534500 137.818497 251.056274
v 86.540146 173.070969 251.469971
v 86.541290 74.031357 272.146545
v 86.543999 62.000160 251.596558
v 86.547256 173.391098 251.425262
v 86.565491 147.009125 271.168243
v 86.570808 63.093430 251.596664
v 86.598282 173.529984 251.388687
v 86.624031 74.029381 271.656036
v 86.644745 55.585091 250.714584
v 86.644920 147.038315 271.389923
v 86.648048 119.634155 250.356110
v 86.655846 59.130566 251.626999
v 86.682663 60.223839 251.627106
v 86.687988 128.777130 251.049179
v 86.690903 55.674408 250.300720
v 86.697556 87.720490 272.285828
v 86.720169 74.064713 271.924347
v 86.781029 173.065063 251.466003
v 86.782204 55.815445 250.395401
v 86.823763 51.687769 272.341869
v 86.875961 173.022705 251.437561
v 86.894859 173.081589 258.356628
v 86.908813 102.830338 250.190048
v 86.915199 128.740372 251.226578
v 86.943604 119.595764 250.128265
v 86.957260 137.961823 271.965454
v 86.959572 64.854675 272.590424
v 86.968788 55.701160 272.384033
v 86.972580 87.676003 272.500549
v 86.999329 160.835251 272.366486
v 87.011955 119.594131 249.723038
v 87.015900 55.689117 251.028992
v 87.030991 146.966446 272.149933
v 87.043365 55.665714 250.759430
v 87.046196 137.712524 250.378937
v 87.067680 160.740112 272.100555
v 87.122742 83.072586 249.843536
v 87.147110 160.769302 272.322205
v 87.161644 101.388344 272.257721
v 87.241066 101.417534 272.479370
v 87.270637 51.687801 272.670747
v 87.308525 55.764515 271.962006
v 87.326553 147.021561 271.782806
v 87.341759 137.767654 250.011810
v 87.398163 59.338623 252.255829
v 87.415482 146.959274 249.917694
v 87.429970 51.684412 272.478028
v 87.444885 73.973747 249.850494
v 87.462891 59.298347 261.767670
v 87.494911 146.988480 250.139359
v 87.595535 51.891182 247.993454
v 87.615723 119.670486 272.607849
v 87.623611 169.220947 249.794220
v 87.629979 55.718556 247.910979
v 87.638557 156.113754 272.632263
v 87.646341 51.687672 272.639914
v 87.665878 78.568024 272.990540
v 87.719902 73.816078 250.233841
v 87.750862 119.544907 249.083801
v 87.762255 53.391163 247.736165
v 87.768359 51.693374 273.050735
v 87.785985 61.520452 274.000987
v 87.785985 61.520452 274.000987
v 87.787302 51.696382 249.234058
v 87.830881 58.939868 247.645471
v 87.837891 55.735920 247.636206
v 87.838485 55.955324 247.635421
v 87.854618 56.156074 247.614100
v 87.868341 52.141320 247.595964
v 87.869904 146.979279 250.133179
v 87.870071 55.743958 247.641602
v 87.872153 55.668475 247.590925
v 87.872879 53.817055 247.589966
v 87.873584 54.077141 247.589034
v 87.874316 54.348145 247.588066
v 87.876442 52.125381 247.585257
v 87.891215 52.517230 247.565733
v 87.896331 55.066101 247.558972
v 87.897730 54.544851 247.557123
v 87.898024 57.107867 247.556734
v 87.904350 110.503563 249.076706
v 87.905443 52.533751 247.546930
v 87.924597 52.810789 247.521616
v 87.927177 146.946808 249.101059
v 87.927438 53.858508 247.517861
v 87.938933 55.320760 247.502670
v 87.947271 55.853833 247.491650
v 87.972702 110.501930 248.671478
v 87.974791 55.799654 247.455281
v 87.979675 51.982262 247.448825
v 87.986421 55.863222 247.439911
v 87.987791 54.424095 247.438101
v 88.000841 60.434365 247.420854
v 88.001937 55.794040 247.419404
v 88.002685 60.402261 247.418417
v 88.003798 60.475615 247.416945
v 88.011738 51.683112 248.961972
v 88.040634 55.287239 247.681229
v 88.042611 55.785628 247.365651
v 88.048264 54.632950 247.616257
v 88.048950 55.664139 247.588013
v 88.056553 53.232568 247.347225
v 88.058998 54.136098 247.343994
v 88.071903 55.790986 247.326939
v 88.073456 60.491932 247.404526
v 88.074142 55.797218 247.453644
v 88.076363 52.193279 247.630844
v 88.086037 147.005203 249.544388
v 88.089294 52.775414 247.549530
v 88.102722 169.286911 272.943359
v 88.105133 51.986214 247.360443
v 88.108568 55.285613 247.278484
v 88.131561 110.373306 249.393402
v 88.154388 146.910065 249.278458
v 88.154388 147.003571 249.139160
v 88.166916 55.831318 247.712570
v 88.166922 55.825893 247.201363
v 88.180650 55.810876 247.183220
v 88.197139 55.301814 247.161429
v 88.211898 55.816591 247.141923
v 88.218201 164.702194 248.707993
v 88.233818 146.939255 249.500122
v 88.237551 51.700217 273.271479
v 88.246765 55.720184 247.401947
v 88.246765 55.829407 247.239227
v 88.248985 52.116245 247.579132
v 88.264402 54.740549 247.072535
v 88.286727 55.801117 247.043031
v 88.290245 64.824493 248.600693
v 88.296463 156.100052 248.779114
v 88.305861 54.472692 247.017744
v 88.313667 54.699238 247.660751
v 88.320183 156.097000 273.025177
v 88.348988 55.841668 246.960748
v 88.364815 156.004913 248.513184
v 88.368622 133.377106 273.333374
v 88.372177 92.168175 273.559265
v 88.378069 51.675323 248.515159
v 88.381599 146.873306 249.455841
v 88.382812 92.258362 273.403534
v 88.383682 74.061470 273.634277
v 88.406448 55.061012 247.431534
v 88.435821 53.076330 246.845990
v 88.442345 142.568741 273.239288
v 88.512161 55.786476 247.446442
v 88.568848 55.405998 247.476318
v 88.574074 55.761749 273.824280
v 88.587479 55.912247 274.414490
v 88.604942 55.820572 247.705368
v 88.610023 92.221611 273.580933
v 88.647194 92.236877 273.605377
v 88.660378 156.060028 248.146042
v 88.670212 55.797081 274.092590
v 88.707085 164.770248 249.013275
v 88.729935 92.234894 273.114868
v 88.740143 137.827026 248.233063
v 88.741440 74.014999 273.358490
v 88.763176 101.442406 273.708466
v 88.764027 51.710251 273.786598
v 88.766350 55.832420 274.360901
v 88.777565 55.852768 247.490936
v 88.826073 92.270233 273.383179
v 88.905586 92.276726 273.213776
v 88.926439 52.693427 246.197596
v 88.945229 55.865776 274.138702
v 88.952133 62.884560 247.543076
v 88.955138 52.076026 246.159667
v 88.959708 55.770713 246.153628
v 88.977646 164.723694 247.943604
v 88.984680 110.474564 273.709412
v 89.004951 92.190407 273.329620
v 89.007179 165.273514 273.729187
v 89.017090 55.737816 246.233612
v 89.028671 164.742447 248.085999
v 89.029663 165.213272 247.824097
v 89.039024 173.088623 262.644836
v 89.060501 62.549309 247.432587
v 89.064110 110.597260 273.791748
v 89.065033 178.092743 262.629028
v 89.067459 110.062836 247.253860
v 89.077591 119.096260 247.122330
v 89.091873 137.424133 246.879211
v 89.097061 55.393044 247.467621
v 89.107300 64.523575 247.334656
v 89.117546 73.522392 247.397934
v 89.127792 82.652924 247.264969
v 89.142448 91.863396 247.146332
v 89.143532 128.673203 247.128586
v 89.151916 51.679445 247.238263
v 89.152580 100.896820 247.014801
v 89.154930 128.325821 247.014145
v 89.161621 83.208710 274.148956
v 89.178154 110.103523 247.562775
v 89.198418 128.300690 247.105576
v 89.209167 155.693375 246.912872
v 89.211665 55.766410 245.820646
v 89.213341 84.794495 247.330582
v 89.217590 101.462410 273.923981
v 89.220245 73.930466 247.375580
v 89.221725 95.076393 247.207855
v 89.222145 146.576645 246.908051
v 89.223297 110.440247 247.215591
v 89.223312 165.205933 273.279663
v 89.231758 55.710571 247.619186
v 89.249916 91.824577 247.444260
v 89.257032 51.682633 247.351457
v 89.262222 102.866425 247.183258
v 89.280243 110.436172 273.481567
v 89.285614 119.629410 273.792694
v 89.289360 164.768524 246.889786
v 89.297020 119.631851 247.121490
v 89.302742 165.235123 273.501343
v 89.302742 165.328629 273.362030
v 89.303055 92.207298 247.302612
v 89.304878 92.185699 247.400284
v 89.315468 64.430679 247.272308
v 89.317474 55.717762 247.310364
v 89.320572 164.755280 248.224426
v 89.336304 165.205719 248.223160
v 89.344246 165.323181 247.241516
v 89.347565 174.132568 247.195633
v 89.348244 128.321045 247.265732
v 89.354309 79.396828 247.376129
v 89.359665 110.558868 273.563934
v 89.363510 64.911453 247.436127
v 89.367006 51.685859 247.444902
v 89.370956 55.621689 274.532318
v 89.371384 137.417313 246.619843
v 89.371881 51.686476 247.371031
v 89.378365 137.495697 246.927246
v 89.384102 110.011612 247.501083
v 89.385544 55.785400 275.174347
v 89.388214 55.764992 247.432022
v 89.393578 165.173248 247.191025
v 89.394234 119.175354 247.175415
v 89.399620 137.842117 247.232849
v 89.408333 59.252087 247.550598
v 89.417107 55.341270 247.717499
v 89.437592 73.470619 247.647812
v 89.438766 128.756699 274.059540
v 89.444801 119.565903 247.077225
v 89.445580 155.687576 246.908981
v 89.447838 82.732864 247.318634
v 89.459091 91.812172 247.393555
v 89.461639 173.079819 247.322220
v 89.469223 100.975914 247.067886
v 89.473343 146.940247 247.278046
v 89.479362 110.009338 246.936340
v 89.486610 51.689517 247.465059
v 89.488762 62.531902 247.550934
v 89.489433 102.923172 247.221359
v 89.489494 119.173073 246.610672
v 89.496208 164.691025 247.272659
v 89.501152 173.669266 247.201614
v 89.505554 172.898575 247.330368
v 89.506775 55.666084 247.833908
v 89.507118 128.755066 273.654297
v 89.508675 55.927299 275.158356
v 89.515068 128.249466 247.352798
v 89.519775 173.538849 247.240936
v 89.523628 64.469498 247.013733
v 89.529930 110.526192 247.475357
v 89.530266 92.170540 247.480011
v 89.531769 155.685516 246.398026
v 89.532753 164.841110 247.193298
v 89.534584 128.355804 247.034271
v 89.544121 82.598846 246.944046
v 89.547066 156.131882 247.183929
v 89.549461 172.717331 247.338501
v 89.549477 73.643456 247.763824
v 89.553101 128.707245 247.365051
v 89.555067 51.724799 274.304698
v 89.558708 146.548706 247.271484
v 89.564484 100.843323 246.697281
v 89.565544 55.288609 274.840851
v 89.565544 55.657974 274.290588
v 89.569962 91.772804 247.694138
v 89.570694 128.276382 246.471390
v 89.575055 51.722734 274.901249
v 89.575216 51.723084 274.811714
v 89.578644 55.568031 247.674393
v 89.579903 92.141205 247.615005
v 89.580124 55.698566 275.116058
v 89.580124 55.821690 274.932617
v 89.590050 109.919708 247.439392
v 89.590050 110.050018 247.245270
v 89.591408 55.698956 275.005066
v 89.591408 73.921310 247.858612
v 89.592247 119.715355 274.052460
v 89.597214 52.292267 275.224121
v 89.597954 128.599686 247.483368
v 89.600189 119.083450 247.113724
v 89.600579 51.724639 274.431899
v 89.601061 51.724933 274.352835
v 89.605471 55.299647 245.300197
v 89.613223 51.694453 247.366846
v 89.614777 137.489899 246.923355
v 89.625267 55.380089 247.458923
v 89.626831 137.898880 247.270950
v 89.630928 58.884003 247.518707
v 89.634735 173.827316 247.212616
v 89.635513 64.510628 247.325974
v 89.637215 102.857231 247.177094
v 89.643585 165.330475 247.531693
v 89.645343 54.193354 245.247503
v 89.645760 73.509438 247.389236
v 89.659552 51.724430 274.596708
v 89.665039 91.850586 247.137726
v 89.667236 84.783363 247.323105
v 89.669014 164.798492 246.909912
v 89.670135 55.696419 274.582458
v 89.672005 119.622658 247.115311
v 89.674141 73.919334 247.368103
v 89.676147 95.189896 247.284042
v 89.678047 92.198097 247.296448
v 89.681992 155.681778 246.905090
v 89.684715 55.737007 275.407928
v 89.684715 56.229500 274.674255
v 89.684998 62.138908 247.441727
v 89.685646 55.699440 247.611710
v 89.687218 52.290115 274.690552
v 89.688443 51.696964 247.344108
v 89.689437 51.723705 274.837200
v 89.694847 156.065933 247.139664
v 89.694969 146.565048 246.900269
v 89.705948 55.729507 245.416412
v 89.709641 173.394043 247.273544
v 89.713058 58.544983 247.533936
v 89.715519 55.290319 245.154760
v 89.721016 128.287872 247.096970
v 89.724083 62.626221 247.602783
v 89.727339 51.697083 247.460979
v 89.731796 64.376602 246.951370
v 89.734673 58.790455 257.024200
v 89.744057 137.486801 246.156921
v 89.744507 62.573929 247.623871
v 89.745735 128.720749 247.160507
v 89.746063 110.365105 247.165161
v 89.746391 55.756157 247.898163
v 89.748512 55.707191 247.303268
v 89.748557 51.704031 247.060875
v 89.752274 62.598137 274.499908
v 89.752274 62.711319 274.331299
v 89.752281 82.769379 246.489258
v 89.754578 59.316341 274.009064
v 89.754937 55.262118 245.102665
v 89.758774 92.174568 247.392807
v 89.760300 91.717987 246.767120
v 89.760666 173.532928 247.236969
v 89.761429 59.322208 247.549255
v 89.763046 55.668243 274.452332
v 89.763779 62.940144 247.091217
v 89.767982 59.014107 275.273712
v 89.770279 55.845497 274.614258
v 89.770432 100.881729 246.441452
v 89.770432 101.012039 246.247314
v 89.778130 91.811630 247.435562
v 89.779976 147.026199 247.537796
v 89.780312 128.670486 247.542450
v 89.780555 59.367590 275.510980
v 89.780571 110.045464 246.115784
v 89.781273 62.136608 246.870911
v 89.781273 62.531750 246.282257
v 89.783996 55.602356 245.064261
v 89.784628 59.386457 275.514063
v 89.788315 155.657532 246.391968
v 89.791656 165.321991 247.240707
v 89.794479 146.046356 246.281464
v 89.794975 174.131378 247.194824
v 89.795273 173.662048 247.196777
v 89.797455 173.031555 247.289825
v 89.799172 55.597569 245.044204
v 89.799499 55.588034 245.043772
v 89.801393 60.206722 275.526756
v 89.802231 55.463776 245.238037
v 89.802231 55.595490 245.041809
v 89.802238 55.595490 245.041809
v 89.802238 55.596602 245.040152
v 89.804138 172.604980 263.283386
v 89.804138 173.648987 261.728088
v 89.805156 51.699659 247.437608
v 89.805550 52.086720 245.088104
v 89.806137 119.252167 246.663757
v 89.806473 146.585632 246.206146
v 89.808197 79.385696 247.368668
v 89.809822 101.522346 246.806168
v 89.811272 155.678680 246.138657
v 89.811508 173.353653 247.211655
v 89.811691 119.735268 246.981537
v 89.812805 59.353405 266.451782
v 89.813751 128.841019 273.914062
v 89.814087 110.485359 273.918732
v 89.814087 128.290024 246.862717
v 89.814438 173.068665 263.218628
v 89.814438 173.590668 262.440979
v 89.816269 128.285583 246.532227
v 89.817406 64.900322 247.428665
v 89.817833 55.243774 246.513519
v 89.817833 56.034058 245.336212
v 89.817833 56.246621 245.019542
v 89.818481 52.122734 245.820389
v 89.819458 119.585098 274.369141
v 89.819458 119.678604 274.229828
v 89.819786 101.416458 274.095184
v 89.819786 101.509964 273.955902
v 89.821099 51.703069 247.192922
v 89.823532 51.711029 246.740438
v 89.824623 137.412552 246.171051
v 89.824745 173.967346 262.505829
v 89.825165 110.516190 274.545624
v 89.825165 110.609695 274.406311
v 89.825493 92.254044 274.410950
v 89.826233 55.754250 247.424805
v 89.828079 64.374306 246.380569
v 89.828111 58.965420 275.546983
v 89.830811 59.052158 256.955261
v 89.831230 146.581390 246.529068
v 89.833282 178.171661 261.003845
v 89.833418 51.725337 274.647865
v 89.833668 51.725061 274.719673
v 89.834251 172.590240 247.253189
v 89.836815 172.604416 261.026917
v 89.837227 137.445236 246.129013
v 89.837227 137.504181 246.041199
v 89.837311 58.974815 274.024414
v 89.837673 51.725249 274.678141
v 89.839134 164.662552 247.642960
v 89.841385 164.794373 245.888000
v 89.841614 55.236443 274.627014
v 89.841812 172.631958 274.017853
v 89.842140 55.798775 247.107773
v 89.843414 92.320618 274.395355
v 89.844116 164.828842 245.988556
v 89.844208 137.464661 246.524246
v 89.844917 110.553680 246.361404
v 89.846786 128.766602 246.536789
v 89.847122 172.807098 261.350983
v 89.848000 165.099747 247.545822
v 89.848373 164.754852 246.371048
v 89.848419 62.407108 275.105438
v 89.848419 62.746655 274.599609
v 89.848419 63.086201 274.093750
v 89.848816 58.750912 247.458771
v 89.848816 58.977276 247.121552
v 89.850204 128.328506 246.124191
v 89.850571 58.954247 247.565765
v 89.852119 172.834641 274.341919
v 89.852119 173.095642 273.953094
v 89.853889 177.707031 262.948059
v 89.853889 177.794022 262.818451
v 89.853920 73.679970 246.934433
v 89.854141 55.822305 244.971559
v 89.854340 55.701801 274.707123
v 89.854340 55.809280 274.546997
v 89.854362 155.618698 245.970993
v 89.854767 128.374023 246.663589
v 89.854919 74.100723 274.638977
v 89.855560 91.715714 246.202377
v 89.856255 92.377533 246.933731
v 89.857178 128.347931 246.519424
v 89.857300 53.869175 245.576477
v 89.857300 53.978401 245.413757
v 89.857430 164.831787 273.858063
v 89.857430 173.096786 261.545441
v 89.858124 110.590454 247.109100
v 89.859924 62.862297 247.528137
v 89.860962 172.575546 254.051285
v 89.861824 62.670788 275.527008
v 89.861824 63.123516 274.852570
v 89.862221 59.240955 247.543137
v 89.864120 59.275810 275.204803
v 89.864166 82.678795 246.997711
v 89.864716 55.732704 274.340759
v 89.865967 173.212082 266.134979
v 89.866361 51.707882 247.016769
v 89.866425 55.880833 274.882568
v 89.866425 55.994019 274.713959
v 89.866425 56.220379 274.376740
v 89.867073 56.274643 274.627106
v 89.868223 51.725526 274.656275
v 89.868432 51.725883 274.565853
v 89.871269 172.952225 254.116135
v 89.871269 173.039215 253.986526
v 89.872726 173.675018 274.342010
v 89.874260 155.689117 246.631836
v 89.874413 91.809319 246.864746
v 89.875035 51.725732 274.615888
v 89.875430 51.726191 274.500976
v 89.878036 173.067154 262.841583
v 89.878036 173.589142 262.063934
v 89.878036 173.937149 261.545502
v 89.881126 100.922417 246.750366
v 89.882955 51.725966 274.568938
v 89.885117 172.546661 247.075668
v 89.886465 51.724727 274.899128
v 89.887504 51.709944 246.920337
v 89.887810 119.583466 273.963898
v 89.888344 174.052826 261.999176
v 89.890533 83.153091 274.356232
v 89.890967 51.724050 275.087253
v 89.891266 109.955841 246.618835
v 89.891350 101.408875 246.488983
v 89.892418 146.516037 246.596741
v 89.893158 62.046017 247.379364
v 89.893181 128.776703 274.275024
v 89.893219 119.621788 246.664352
v 89.893219 119.733315 246.498215
v 89.893509 110.514557 274.140381
v 89.893845 92.252411 274.005737
v 89.895416 173.010345 247.010910
v 89.895538 58.898697 266.635712
v 89.896111 55.834068 245.007111
v 89.896873 177.648132 261.404480
v 89.898331 52.120823 245.347031
v 89.898514 55.198044 245.059662
v 89.899216 101.352142 274.456146
v 89.901318 51.712480 246.809686
v 89.901398 119.119576 246.293152
v 89.901398 119.249886 246.099030
v 89.902039 64.933197 274.599823
v 89.902039 65.046379 274.431213
v 89.904163 51.710079 246.940480
v 89.908760 62.616295 247.477539
v 89.908975 53.442525 244.899090
v 89.909042 55.760857 245.902130
v 89.910576 137.342957 246.561646
v 89.910576 137.444138 246.410919
v 89.911423 155.715485 246.418152
v 89.911530 128.153000 246.161621
v 89.912287 54.132439 244.894713
v 89.914116 55.504898 245.550262
v 89.915718 172.746124 274.094482
v 89.917412 146.579330 246.018097
v 89.917488 178.227509 261.793365
v 89.919250 172.572876 266.081940
v 89.919848 53.308670 244.884721
v 89.921021 173.095261 261.168396
v 89.921982 55.687637 246.797134
v 89.922058 156.122681 247.177765
v 89.924202 53.394344 245.021698
v 89.926025 173.035812 274.288940
v 89.926025 173.122803 274.159332
v 89.926956 59.200676 257.054962
v 89.927795 178.169189 262.506256
v 89.928093 128.698044 247.358887
v 89.928734 128.372253 246.225082
v 89.928938 51.724837 274.941324
v 89.929718 55.284897 246.825760
v 89.930069 164.658066 246.529907
v 89.931152 62.291946 274.783539
v 89.931152 62.405128 274.614929
v 89.931328 164.684952 274.323547
v 89.932907 55.162514 275.041931
v 89.933456 59.010151 274.292725
v 89.934174 54.404915 245.338882
v 89.937141 53.648808 245.428558
v 89.937653 74.098747 274.148468
v 89.937782 92.375580 246.450409
v 89.938095 178.110870 263.219147
v 89.939552 92.242775 274.832275
v 89.939651 110.476982 246.791931
v 89.939651 110.588501 246.625793
v 89.939713 54.136252 244.858467
v 89.939957 64.415428 246.692795
v 89.940477 51.725883 274.680908
v 89.941521 128.689896 246.967300
v 89.941635 172.804626 262.853363
v 89.941821 54.351700 244.855682
v 89.942161 51.713047 246.852585
v 89.944557 62.781990 274.867920
v 89.944962 59.238976 247.052628
v 89.946854 59.387016 274.545685
v 89.948227 155.687347 246.193329
v 89.950081 54.340187 245.184525
v 89.950203 73.545959 246.559845
v 89.952284 51.708845 247.102485
v 89.954399 146.076172 246.082825
v 89.960449 82.676491 246.426895
v 89.962242 173.731995 262.723846
v 89.962563 55.802986 275.319489
v 89.966385 146.210724 246.610458
v 89.966385 146.514267 246.158234
v 89.969299 55.771141 274.632629
v 89.970688 91.807022 246.293945
v 89.970779 177.762299 261.481110
v 89.972549 174.021683 262.918304
v 89.977974 164.679199 247.264725
v 89.978371 146.547638 246.836609
v 89.980356 55.825949 244.804755
v 89.985916 55.750427 246.478104
v 89.986671 83.188431 274.624512
v 89.988892 55.758942 245.428772
v 89.995781 165.220810 247.222946
v 89.996109 146.865112 247.227600
v 90.001816 137.889679 247.264771
v 90.010391 55.502594 244.979462
v 90.013969 62.727028 275.659515
v 90.013969 62.970913 275.296204
v 90.014015 54.075333 245.353683
v 90.014015 54.403008 244.865540
v 90.019027 61.718583 275.691516
v 90.023697 64.453781 246.644409
v 90.027821 62.732119 275.698173
v 90.029117 54.295826 244.740313
v 90.036864 54.402461 244.730074
v 90.037048 128.739319 273.955231
v 90.040810 63.013771 247.128555
v 90.040898 51.724441 246.468029
v 90.041176 79.805832 246.752350
v 90.043289 58.746300 247.689697
v 90.043289 58.868244 247.508041
v 90.046463 164.894958 274.538300
v 90.050499 128.284225 246.858826
v 90.051132 177.708313 261.592194
v 90.052826 55.712509 245.272491
v 90.052826 55.821735 245.109772
v 90.053574 172.663284 263.397736
v 90.053574 173.564285 262.055511
v 90.054649 119.651108 274.213470
v 90.055046 51.999352 245.612396
v 90.056230 57.559117 244.704480
v 90.057167 55.765846 245.182816
v 90.057167 56.087764 244.703242
v 90.057243 173.084534 254.204926
v 90.057732 59.274277 247.780594
v 90.058250 177.728119 261.994873
v 90.060211 139.288864 274.171387
v 90.063129 56.336213 244.695362
v 90.063797 165.341064 273.976593
v 90.063942 59.359526 275.725519
v 90.063990 53.885140 244.694224
v 90.064133 146.985367 273.981232
v 90.064735 58.825119 266.715881
v 90.065910 62.543053 246.575775
v 90.067787 81.003441 246.585083
v 90.069504 156.085129 274.431671
v 90.069504 156.272141 274.153076
v 90.069839 137.916428 274.157715
v 90.069839 138.009933 274.018402
v 90.069885 60.082603 275.730018
v 90.070473 55.353477 246.605560
v 90.070473 55.915237 245.768677
v 90.070473 56.027596 245.601303
v 90.070473 56.642237 244.685657
v 90.072250 110.562889 274.471680
v 90.072357 73.589157 246.949615
v 90.072479 178.488525 261.726501
v 90.073883 55.686462 275.107910
v 90.073883 55.809586 274.924500
v 90.074921 174.044159 262.637238
v 90.075134 172.584320 247.249222
v 90.075211 147.016190 274.608124
v 90.075211 147.109695 274.468842
v 90.075546 128.753998 274.473480
v 90.076141 173.143417 261.123993
v 90.078232 101.344246 274.218445
v 90.078232 101.442329 274.072327
v 90.078697 55.784531 246.737030
v 90.079178 59.353092 266.806793
v 90.081223 74.023781 274.810028
v 90.081497 58.872955 247.511292
v 90.081703 53.718566 244.670815
v 90.081989 51.723091 246.582041
v 90.082031 174.003891 263.129425
v 90.082573 91.848145 246.606171
v 90.083252 173.103165 261.616180
v 90.084816 165.306839 246.577774
v 90.085175 156.212280 274.472839
v 90.085487 172.641388 274.156677
v 90.086700 178.047607 263.247742
v 90.088669 62.318863 274.858490
v 90.088669 62.562748 274.495178
v 90.088669 62.684692 274.313507
v 90.089363 173.104462 247.338776
v 90.090370 164.773773 274.456940
v 90.091141 58.904995 274.148010
v 90.091179 147.061371 274.072144
v 90.091438 173.659729 246.592957
v 90.093185 78.941170 274.158112
v 90.093819 178.247604 263.382019
v 90.093819 178.668060 262.755615
v 90.093857 53.854973 245.205765
v 90.093857 54.182648 244.717621
v 90.094017 165.332443 247.098373
v 90.094032 172.643219 254.168289
v 90.094090 60.306012 244.654445
v 90.097481 165.214035 274.233276
v 90.098473 173.199753 247.009705
v 90.098473 173.355057 246.778351
v 90.099310 55.737607 244.647546
v 90.099716 173.161530 274.246216
v 90.100653 60.029543 244.645771
v 90.100907 59.232445 244.645436
v 90.101151 172.903290 254.213058
v 90.101189 131.317810 274.137360
v 90.101860 173.674088 247.204849
v 90.102013 165.329086 246.770004
v 90.102158 178.147537 261.108185
v 90.103104 62.724895 275.131042
v 90.103104 62.846840 274.949402
v 90.103378 172.681778 266.395630
v 90.104599 173.102509 262.913757
v 90.104599 174.003494 261.571533
v 90.105331 174.123810 246.745972
v 90.105591 59.432968 274.238892
v 90.105629 173.654480 246.747925
v 90.105789 165.309479 246.313065
v 90.106796 54.218658 245.449890
v 90.106796 54.437107 245.124466
v 90.106827 173.301453 274.469940
v 90.106827 173.421585 274.290985
v 90.106970 54.771231 244.637422
v 90.107368 173.835342 246.584045
v 90.107635 79.103317 274.793976
v 90.107674 173.691254 246.836212
v 90.107674 173.768906 246.720535
v 90.107712 82.575142 246.668930
v 90.109268 178.167343 261.510895
v 90.110733 146.574554 246.269684
v 90.111710 173.062241 263.405945
v 90.111710 173.542770 262.690094
v 90.111710 174.023300 261.974213
v 90.112846 131.448669 274.650513
v 90.112877 173.365860 246.902863
v 90.112938 172.642044 261.176849
v 90.113029 59.312618 257.029449
v 90.113937 173.561523 274.514709
v 90.114845 128.299957 274.663544
v 90.114845 128.398361 274.516937
v 90.114845 128.496780 274.370331
v 90.116867 173.716858 247.356812
v 90.118431 92.389313 274.441467
v 90.118828 173.682709 262.913818
v 90.119133 64.376511 247.078125
v 90.120026 59.351231 275.238098
v 90.120049 172.781967 261.400574
v 90.120720 110.571304 274.178467
v 90.121017 82.724541 247.254807
v 90.121056 92.215660 274.183136
v 90.121567 174.138123 246.280106
v 90.122284 55.280289 245.684128
v 90.122513 55.815422 274.709259
v 90.122513 55.815422 274.709290
v 90.123282 58.980879 275.770442
v 90.123497 177.786484 262.942657
v 90.124711 59.003643 275.771524
v 90.126503 128.726044 274.736908
v 90.126503 128.824448 274.590302
v 90.128036 55.799026 274.338501
v 90.129082 92.351959 274.200623
v 90.130615 178.166687 262.808472
v 90.132385 164.813965 246.414734
v 90.132668 55.710598 244.799133
v 90.132919 128.364685 246.585312
v 90.134181 51.721493 246.726855
v 90.134286 55.622973 244.601323
v 90.134888 51.997440 245.139038
v 90.134888 52.106667 244.976318
v 90.137041 54.563594 244.597681
v 90.137962 119.681732 274.445984
v 90.138864 60.004771 244.595273
v 90.138998 51.722009 246.724764
v 90.139297 55.426826 245.198029
v 90.139297 55.763882 244.695908
v 90.139297 55.831820 244.594700
v 90.139458 165.230621 273.933868
v 90.141396 164.792526 274.599335
v 90.143227 165.276749 274.337555
v 90.143623 172.800079 274.522797
v 90.143623 173.160477 273.985901
v 90.143806 139.221176 274.551270
v 90.143890 128.752350 274.068268
v 90.143951 110.561172 274.046600
v 90.144394 62.929897 247.599289
v 90.144844 178.566681 263.076996
v 90.145599 55.746613 245.531418
v 90.146439 64.918533 274.495422
v 90.146439 65.040482 274.313751
v 90.146873 58.906315 247.797119
v 90.146873 59.272144 247.252121
v 90.148506 172.801117 263.100861
v 90.148506 173.702118 261.758636
v 90.148933 156.301331 274.374725
v 90.149261 137.852112 274.518677
v 90.150322 59.957474 244.597397
v 90.150734 173.120209 274.478088
v 90.150734 173.300415 274.209625
v 90.151108 165.361481 274.447052
v 90.154488 73.474846 246.630081
v 90.154544 55.366664 244.574550
v 90.154640 147.512924 274.133301
v 90.156372 91.935226 246.639374
v 90.157112 156.112152 274.192963
v 90.157112 156.210571 274.046356
v 90.157852 173.620544 274.164917
v 90.158539 55.345722 246.914551
v 90.158539 55.564171 246.589111
v 90.161514 173.140793 266.314331
v 90.161545 101.374870 274.450958
v 90.162926 85.604630 274.414734
v 90.162926 85.726570 274.233063
v 90.163628 58.533932 247.526505
v 90.163628 58.870991 247.024384
v 90.163628 60.331570 244.848511
v 90.164436 173.146347 247.309448
v 90.164436 173.689896 246.499695
v 90.165909 55.276207 247.039276
v 90.167404 178.205902 262.056000
v 90.167534 92.254311 274.051575
v 90.167801 73.624237 247.215942
v 90.170364 74.021652 274.281555
v 90.173630 173.715500 247.020294
v 90.173630 174.103760 246.441895
v 90.174599 128.332474 246.417053
v 90.174652 62.615173 247.595367
v 90.174774 146.993698 274.452026
v 90.175934 164.820663 246.420380
v 90.177178 51.719366 246.899065
v 90.177948 164.766434 246.251419
v 90.179153 92.384735 274.563049
v 90.180410 62.654289 275.813691
v 90.182831 174.129364 246.962494
v 90.186638 54.107521 245.139252
v 90.188744 128.831818 273.907898
v 90.192245 62.600819 274.784241
v 90.192245 62.600822 274.784241
v 90.192245 62.722763 274.602570
v 90.192245 63.088593 274.057587
v 90.194077 55.765152 274.285126
v 90.194725 58.943066 274.437073
v 90.198341 164.838211 246.598816
v 90.198441 128.822739 274.163818
v 90.199570 54.471207 245.383392
v 90.199570 54.798882 244.895233
v 90.200859 86.429710 246.585632
v 90.201263 64.374542 246.591217
v 90.202164 58.822716 257.227631
v 90.202164 58.944656 257.045959
v 90.203148 82.722572 246.767899
v 90.203682 128.800568 274.420258
v 90.206322 164.736221 273.981934
v 90.206688 62.641022 275.601776
v 90.206688 63.128796 274.875153
v 90.207542 165.019119 246.888062
v 90.207542 165.329727 246.425339
v 90.207901 110.165237 246.477783
v 90.208771 92.331749 246.661987
v 90.209167 58.861328 275.436279
v 90.209167 58.983269 275.254639
v 90.209167 59.349098 274.709625
v 90.209663 119.680016 274.020905
v 90.210640 110.544662 246.837372
v 90.210640 110.656189 246.671219
v 90.211647 55.691345 274.362457
v 90.212669 74.054260 274.363190
v 90.214729 52.104752 244.502975
v 90.215744 139.219452 274.124786
v 90.221130 63.067079 275.844518
v 90.221130 63.290943 275.511017
v 90.221428 55.312508 244.878510
v 90.223618 59.389301 275.527191
v 90.224182 55.834366 274.606781
v 90.226089 55.853493 274.998352
v 90.226097 55.853493 274.998352
v 90.232666 92.268089 274.671356
v 90.234734 55.349548 245.631744
v 90.234734 55.798958 244.962250
v 90.243469 62.126755 247.024719
v 90.248039 55.835999 245.715500
v 90.249763 55.364838 246.879410
v 90.250015 64.956604 274.784485
v 90.250458 59.310215 247.541199
v 90.251808 91.857956 247.073090
v 90.266510 85.642700 274.703796
v 90.270248 73.494186 246.809723
v 90.279930 128.317932 246.371887
v 90.280174 55.788033 247.100571
v 90.280823 128.830399 245.615585
v 90.282890 91.835487 246.564392
v 90.285378 55.691231 274.700012
v 90.285378 55.798714 274.539917
v 90.285378 55.906193 274.379791
v 90.298195 146.607269 246.439331
v 90.301516 60.280952 244.380314
v 90.318222 55.778801 245.316986
v 90.320320 55.869701 274.875092
v 90.327255 119.685577 245.743149
v 90.337112 62.843895 247.541565
v 90.344101 55.741600 246.944244
v 90.347076 55.859337 245.732193
v 90.365623 128.785767 274.777008
v 90.370773 147.071304 274.240997
v 90.371101 128.715607 274.245667
v 90.373688 110.540764 245.870728
v 90.375160 164.766815 274.192688
v 90.382278 110.522621 274.232697
v 90.388771 128.901978 246.627655
v 90.403053 55.754539 274.553223
v 90.413857 110.073334 246.416092
v 90.417587 165.336029 246.616165
v 90.425385 92.304024 274.431976
v 90.429375 91.778717 247.019897
v 90.438789 165.331879 273.970428
v 90.438911 55.456749 246.917679
v 90.457085 128.863266 245.396637
v 90.458115 146.637100 246.240692
v 90.462173 165.321075 274.207245
v 90.463058 55.635910 274.807922
v 90.466667 73.973717 274.512909
v 90.466675 73.973717 274.512909
v 90.477646 55.799629 275.449951
v 90.485840 146.953293 274.212250
v 90.489182 92.344467 274.324066
v 90.507957 55.765358 274.412140
v 90.513710 128.760300 274.181274
v 90.516724 55.773788 246.729828
v 90.521156 128.814774 274.583801
v 90.522400 55.805557 275.229675
v 90.522926 73.578110 246.942200
v 90.528229 164.823074 274.619843
v 90.546326 64.908676 275.015839
v 90.572136 164.761948 274.449036
v 90.572136 164.822021 274.359528
v 90.576553 55.378731 244.437378
v 90.584900 165.346329 246.604294
v 90.586609 55.853607 244.312119
v 90.597977 146.941040 274.557709
v 90.597977 147.034561 274.418396
v 90.597977 147.128067 274.279083
v 90.610629 55.844150 243.971794
v 90.650935 54.235217 243.918526
v 90.672143 55.711161 243.890499
v 90.677902 101.315346 245.462189
v 90.679771 119.751320 245.305267
v 90.685303 55.338501 245.624329
v 90.689346 55.805981 246.515396
v 90.705951 55.686976 243.845819
v 90.707328 55.681677 243.843998
v 90.727107 60.242968 243.817859
v 90.728073 128.819427 245.608215
v 90.736009 55.724531 243.806094
v 90.749303 55.776868 243.788524
v 90.759239 55.885803 244.097687
v 90.777420 73.965988 275.561768
v 90.786750 55.703149 243.739035
v 90.815689 86.414742 245.604416
v 90.818703 55.757629 275.461029
v 90.818703 55.879570 275.279358
v 90.822807 128.854248 245.872589
v 90.839081 55.665440 243.949768
v 90.839081 55.774666 243.787048
v 90.841309 52.170647 243.964233
v 90.854156 101.459740 245.077103
v 90.857283 51.727178 275.567644
v 90.866821 55.749077 275.149963
v 90.871525 55.775337 243.626997
v 90.915665 110.564621 246.127747
v 90.922287 55.917641 275.568451
v 90.931862 55.808769 244.045975
v 90.944218 55.708973 243.530927
v 90.944778 139.234268 275.198059
v 90.956017 60.237354 243.814087
v 90.985832 54.533333 243.897949
v 90.999069 128.887115 245.653656
v 91.011711 55.697632 243.735336
v 91.011711 55.806854 243.572617
v 91.013817 55.218292 243.844086
v 91.024643 55.733643 244.467621
v 91.073723 74.040001 275.611450
v 91.078720 110.560715 245.161102
v 91.108323 55.729439 243.314048
v 91.115013 55.831642 275.510712
v 91.124443 73.526093 245.207718
v 91.158371 92.345848 244.502411
v 91.162865 73.915932 275.264648
v 91.173454 110.595535 245.425476
v 91.175543 55.071244 243.225212
v 91.195999 51.784161 245.013834
v 91.197273 55.875061 244.090469
v 91.206673 101.413956 244.805359
v 91.233983 55.240375 243.147979
v 91.249451 160.241943 244.440155
v 91.277115 55.763924 243.779831
v 91.307732 55.867577 275.271332
v 91.314592 54.443496 243.041447
v 91.340895 51.734450 275.991085
v 91.357315 164.791916 244.214508
v 91.369896 55.798027 244.038757
v 91.382057 147.127960 275.605499
v 91.382256 55.321556 244.156204
v 91.382256 55.433910 243.988831
v 91.411316 55.783707 275.742065
v 91.459167 73.989937 275.314331
v 91.473610 74.152084 275.950226
v 91.492882 73.629356 245.519836
v 91.517227 164.821732 244.015869
v 91.532126 55.704240 242.753957
v 91.547779 55.693040 242.733270
v 91.547800 51.797508 244.565807
v 91.555313 85.610985 275.736603
v 91.555313 85.610992 275.736603
v 91.559822 55.354671 243.935638
v 91.587334 55.700957 242.680995
v 91.595045 55.306419 242.670804
v 91.609428 55.683067 242.781403
v 91.639993 60.284149 242.611402
v 91.666733 124.336243 244.044861
v 91.699947 59.341660 276.964060
v 91.700356 92.258179 244.925568
v 91.701831 55.694151 242.529678
v 91.715408 169.744263 244.354553
v 91.741150 91.746796 244.570541
v 91.745484 55.685088 242.471986
v 91.755470 73.942009 275.545685
v 91.763092 164.680786 244.358566
v 91.776711 147.019867 275.745605
v 91.836390 55.263053 242.351846
v 91.842995 124.369110 243.825928
v 91.849054 55.414899 242.335109
v 91.873375 146.434036 243.699142
v 91.882869 55.272027 242.290420
v 91.883667 169.218216 275.862488
v 91.883667 169.305206 275.732880
v 91.907204 110.550423 275.947021
v 91.925972 60.288605 242.391739
v 91.932022 91.816948 245.103226
v 91.960854 169.790024 244.049667
v 91.962639 74.018150 276.123840
v 91.963608 64.331573 244.134460
v 91.983772 55.269539 242.421738
v 92.006103 55.295819 242.127556
v 92.007530 59.857931 277.196915
v 92.046967 96.980736 275.952484
v 92.047462 51.792303 243.834651
v 92.051781 74.016022 275.595367
v 92.066223 74.056221 276.412903
v 92.081772 156.130371 275.906494
v 92.087776 146.979477 275.505798
v 92.109589 91.850060 244.882660
v 92.161339 55.302650 242.201172
v 92.175049 155.767944 243.186203
v 92.191719 91.735748 244.563126
v 92.225189 82.598404 243.771027
v 92.245255 142.074707 243.178131
v 92.263412 132.901627 243.143036
v 92.320963 55.261341 241.711441
v 92.348083 73.968086 275.826691
v 92.359720 51.816329 243.679729
v 92.496307 64.430908 243.472763
v 92.568840 155.724625 242.501160
v 92.643616 156.182144 276.366577
v 92.673866 64.351669 243.419571
v 92.686920 119.628059 242.330475
v 92.691172 51.823595 243.103213
v 92.722205 60.718779 277.737962
v 92.727211 156.212875 276.599884
v 92.738373 115.171936 276.505768
v 92.781013 55.783981 277.301910
v 92.804092 124.290779 276.480042
v 92.826367 51.828958 242.929743
v 92.860492 55.802103 240.998407
v 92.878136 101.504158 276.657349
v 92.882736 156.143463 276.553284
v 92.897659 55.797276 240.969757
v 92.953728 55.208435 241.166748
v 92.957909 119.695747 242.375916
v 92.959778 87.298546 243.041367
v 92.972262 55.795459 240.850693
v 92.982224 73.518196 243.017288
v 93.011742 165.338989 242.572083
v 93.016312 55.794174 242.855988
v 93.050751 92.346764 276.869110
v 93.087250 135.311325 276.818024
v 93.089699 55.740334 240.695491
v 93.106575 92.156731 276.968292
v 93.111969 60.415638 277.006653
v 93.118797 142.120865 241.897171
v 93.121209 55.292149 240.653847
v 93.142736 55.768637 240.625397
v 93.150397 54.334971 240.615272
v 93.155624 58.910416 242.437790
v 93.157906 55.315632 242.452667
v 93.177432 55.277899 240.579543
v 93.190521 51.846493 242.529183
v 93.227516 65.005264 277.188812
v 93.242783 135.241928 276.771454
v 93.242912 55.752434 240.703613
v 93.255226 73.474037 243.230438
v 93.268784 55.715225 242.330917
v 93.283943 52.802582 242.264084
v 93.288696 64.449043 242.270966
v 93.288967 51.837340 242.241935
v 93.299294 92.192673 276.728882
v 93.308556 101.437042 241.928802
v 93.331100 65.043335 277.477875
v 93.332710 105.971092 242.080276
v 93.360028 60.311661 240.338227
v 93.360779 92.306496 276.630127
v 93.361565 55.749329 242.589844
v 93.361565 55.858559 242.427124
v 93.389107 165.277939 242.866714
v 93.393054 55.770442 240.294580
v 93.430908 55.271469 242.665817
v 93.468447 54.487857 240.194943
v 93.479500 172.211578 241.815704
v 93.508469 62.571430 241.981766
v 93.525490 174.125549 241.758057
v 93.528328 155.701187 241.610794
v 93.530281 55.795542 240.113223
v 93.535782 69.508896 277.313232
v 93.544588 54.459817 240.094315
v 93.544951 55.236131 240.093836
v 93.550674 60.660702 241.913132
v 93.552475 178.282898 266.154694
v 93.556015 172.715652 266.177765
v 93.566322 173.179337 266.113007
v 93.567497 131.986847 277.351074
v 93.574860 173.120636 270.961761
v 93.574888 54.229682 240.054271
v 93.579369 55.309786 240.048350
v 93.588165 55.816814 240.274750
v 93.619306 54.983304 239.995569
v 93.626976 55.815620 242.634338
v 93.639366 69.546967 277.602295
v 93.639830 55.815579 239.968445
v 93.648209 173.604889 242.415359
v 93.648209 173.682541 242.299683
v 93.657410 174.096390 242.241882
v 93.657410 174.174042 242.126205
v 93.662750 132.640472 277.364502
v 93.663986 55.340889 240.284485
v 93.679672 177.757843 266.178284
v 93.682114 165.219101 241.820404
v 93.683212 164.795609 277.217926
v 93.689980 178.221527 266.113525
v 93.693642 55.808739 278.473390
v 93.697716 134.115570 277.291351
v 93.707062 55.808418 278.393829
v 93.714165 173.629120 242.599442
v 93.714165 173.862076 242.252396
v 93.714165 174.172684 241.789688
v 93.721977 54.321018 239.978790
v 93.726967 54.608757 239.853286
v 93.749641 165.305740 277.174286
v 93.751178 55.824633 278.516948
v 93.753571 177.959015 266.125305
v 93.757111 164.822769 277.424164
v 93.758453 142.138962 241.253342
v 93.768158 61.591408 242.780670
v 93.775017 115.146431 277.336487
v 93.781471 62.639622 242.027542
v 93.794777 62.676662 242.780777
v 93.795761 79.866043 277.677643
v 93.806625 132.046570 277.391174
v 93.813771 53.319907 239.738566
v 93.820122 64.909401 277.651489
v 93.831459 101.448029 277.255524
v 93.832689 55.744304 239.713565
v 93.840637 55.737869 239.749680
v 93.868164 55.335732 241.737793
v 93.870071 160.279221 240.747986
v 93.870759 55.290580 239.663252
v 93.876907 62.562347 242.461258
v 93.879189 58.855206 242.643524
v 93.894641 55.782111 239.631690
v 93.901375 178.274338 266.148956
v 93.904915 172.707092 266.172028
v 93.905800 59.828110 242.811005
v 93.915222 173.170776 266.107269
v 93.971182 51.746659 277.972102
v 93.974174 151.137726 240.952759
v 93.974480 59.338364 271.540222
v 93.977112 165.234619 276.701202
v 93.988770 165.267059 277.360962
v 94.002777 143.226074 277.452271
v 94.009727 174.125305 266.183960
v 94.028564 177.749298 266.172516
v 94.032104 164.874054 277.082550
v 94.045731 55.256493 241.684601
v 94.045731 55.368843 241.517227
v 94.048887 54.001624 239.427841
v 94.052719 173.109421 266.066071
v 94.061080 55.278031 239.411727
v 94.069964 51.747477 277.955395
v 94.072830 115.133911 240.759750
v 94.082970 82.702866 241.413223
v 94.092460 55.255584 239.370255
v 94.095321 54.539289 239.366475
v 94.096664 115.236580 277.608948
v 94.101250 55.292793 239.523834
v 94.106041 55.804161 239.794174
v 94.111908 59.335960 262.051971
v 94.116310 172.759903 266.207458
v 94.131912 55.766960 241.421478
v 94.145752 59.295486 252.274628
v 94.148293 173.566727 242.557556
v 94.152191 58.923397 242.689301
v 94.185883 55.802254 239.320816
v 94.210823 173.801422 266.154572
v 94.223297 55.289604 241.464035
v 94.246530 51.750058 278.093345
v 94.288458 51.883761 240.903882
v 94.299835 165.226654 277.121185
v 94.322463 55.777140 239.066287
v 94.348320 173.740067 266.113373
v 94.358627 174.116745 266.178223
v 94.359489 78.592285 278.140198
v 94.359489 78.714233 277.958527
v 94.371452 55.870461 239.838684
v 94.374252 55.248634 239.736984
v 94.377464 177.740738 266.166779
v 94.381454 55.826691 278.394867
v 94.397324 55.724030 241.628693
v 94.400864 55.435070 241.076096
v 94.401611 173.100861 266.060333
v 94.420029 146.574265 240.294724
v 94.423988 178.030609 255.833008
v 94.438187 137.401184 240.259644
v 94.449301 52.163504 238.898660
v 94.455702 55.795681 238.890200
v 94.456337 128.228104 240.224548
v 94.456337 128.329285 240.073807
v 94.457672 164.817474 240.077148
v 94.468750 174.144104 255.856232
v 94.484047 173.156326 270.985718
v 94.485817 173.591705 266.201813
v 94.496124 174.055389 266.137054
v 94.506467 55.857571 238.823109
v 94.531136 55.866638 238.891953
v 94.544075 55.793423 239.786972
v 94.562417 51.752072 278.431802
v 94.583034 51.912829 240.827852
v 94.583217 55.243613 238.721678
v 94.598099 137.431000 240.061005
v 94.599167 178.257217 266.137482
v 94.606247 174.169739 255.685440
v 94.664944 55.824798 238.613669
v 94.665894 146.534500 240.486694
v 94.688683 173.964203 260.999664
v 94.695488 110.579918 277.874481
v 94.698982 177.994888 255.621017
v 94.703537 164.777710 240.269104
v 94.722420 55.276992 238.537710
v 94.728433 51.753485 278.574204
v 94.736664 178.195862 266.096283
v 94.764080 55.788160 238.482653
v 94.767189 110.480118 277.595520
v 94.784716 53.987778 238.455380
v 94.785828 52.183674 238.544083
v 94.789490 164.809296 240.508972
v 94.817905 55.786847 238.411518
v 94.834717 173.583145 266.196075
v 94.845016 174.046829 266.131287
v 94.850502 110.510742 277.828033
v 94.862122 128.218155 240.217865
v 94.863457 164.706345 240.221207
v 94.891774 52.841708 238.313893
v 94.928101 92.216705 239.836639
v 94.929962 151.566895 278.159851
v 94.948067 128.350922 240.306992
v 94.956636 55.263067 238.228173
v 94.971515 55.816506 238.208509
v 94.993240 69.088081 240.286316
v 95.013359 128.640594 239.704056
v 95.071198 55.231689 238.268845
v 95.081239 55.242390 238.063499
v 95.108093 128.786942 239.802292
v 95.108841 60.285831 238.505188
v 95.141800 55.778862 238.833038
v 95.146477 64.441154 240.080536
v 95.183716 91.775177 239.976532
v 95.187752 110.460548 239.309738
v 95.189751 101.414597 278.504852
v 95.199089 92.284393 239.882065
v 95.202759 172.909164 247.130997
v 95.202827 128.821762 240.066681
v 95.228607 64.326836 239.761002
v 95.240440 175.546143 253.977280
v 95.250130 51.759722 278.987581
v 95.252510 173.139206 254.053650
v 95.266357 172.646652 247.142792
v 95.267990 165.301193 278.234558
v 95.276657 173.110336 247.078018
v 95.278969 55.804626 278.912170
v 95.293564 146.519241 239.164490
v 95.293564 146.620422 239.013763
v 95.293823 92.319214 240.146439
v 95.301598 78.254608 239.884048
v 95.313027 57.452944 237.757171
v 95.324043 64.474266 239.859970
v 95.376167 178.181412 254.054169
v 95.383560 55.843071 279.204041
v 95.389442 167.765427 239.502380
v 95.405235 64.951706 278.733948
v 95.422627 55.287347 237.612326
v 95.439636 55.334961 238.580963
v 95.449743 60.326721 237.576490
v 95.456711 91.843369 240.022308
v 95.476677 173.688934 247.338074
v 95.492066 56.815409 237.520556
v 95.508820 64.989777 279.023041
v 95.513664 178.120056 254.012970
v 95.533440 173.454620 247.348587
v 95.539429 146.479462 239.356461
v 95.541916 128.701935 278.381287
v 95.541916 128.800018 278.235168
v 95.544258 106.015121 278.837524
v 95.553474 110.563049 239.619553
v 95.559517 119.613724 278.639526
v 95.559517 119.711807 278.493408
v 95.578140 55.756233 279.145752
v 95.590202 173.220322 247.359116
v 95.603897 55.331032 237.607147
v 95.625381 146.511047 239.596329
v 95.631546 137.405792 238.732117
v 95.634277 91.764130 239.969116
v 95.661469 178.174377 254.425461
v 95.677612 55.800652 279.179169
v 95.682724 55.794678 279.437622
v 95.685726 55.731820 237.264618
v 95.696930 128.730850 278.188751
v 95.718025 85.589867 278.884613
v 95.720684 51.970371 239.074343
v 95.762110 55.729851 237.163669
v 95.772879 57.169129 237.149437
v 95.800194 96.986435 279.135712
v 95.815445 110.585037 278.937683
v 95.821381 57.160553 237.135696
v 95.821609 85.749878 278.992035
v 95.829048 74.044960 279.040527
v 95.849943 52.278010 237.047591
v 95.876900 55.286865 237.820297
v 95.880894 57.661177 237.006686
v 95.881165 151.158676 238.342926
v 95.888682 55.724327 236.996394
v 95.946770 173.991348 261.017883
v 95.970467 110.613945 278.745148
v 95.973915 55.874664 279.228851
v 95.988068 101.525726 279.003357
v 96.008591 179.470444 256.611511
v 96.021774 74.080894 278.801117
v 96.035988 160.788895 278.820923
v 96.042110 51.971888 238.669744
v 96.044342 128.777267 279.024597
v 96.046761 124.303757 238.238937
v 96.051779 55.320132 236.780847
v 96.061394 165.316360 238.529633
v 96.086037 174.104355 256.581573
v 96.095955 56.362228 236.722465
v 96.119583 160.819626 279.054199
v 96.125351 73.997025 279.271851
v 96.142582 55.707592 236.660844
v 96.145248 139.303131 279.072235
v 96.156127 51.971519 238.673014
v 96.159448 56.526871 236.638553
v 96.166641 55.910606 278.989441
v 96.176216 146.977234 279.119598
v 96.187464 55.321111 236.601528
v 96.199875 128.806274 278.831390
v 96.218719 55.316055 236.625931
v 96.228935 74.035095 279.560944
v 96.244461 55.715637 236.666245
v 96.248154 146.975510 278.693115
v 96.250076 165.285843 238.676941
v 96.257401 55.751648 237.398529
v 96.258036 51.786844 279.702893
v 96.270218 55.704792 279.641846
v 96.318077 73.911026 279.214142
v 96.318077 74.032967 279.032471
v 96.331741 147.006241 278.926422
v 96.340775 55.312862 238.566132
v 96.356880 59.238472 279.642212
v 96.356880 59.360413 279.460541
v 96.357826 119.626770 279.284149
v 96.358704 160.780945 279.240906
v 96.360571 55.300584 236.372752
v 96.366028 173.052185 270.915833
v 96.382828 155.564148 237.582947
v 96.382828 155.665344 237.432205
v 96.385765 60.416363 279.642334
v 96.385773 60.416363 279.642334
v 96.402344 87.326920 238.447357
v 96.417345 51.787881 279.814058
v 96.424789 73.546577 238.423279
v 96.424789 73.658928 238.255905
v 96.442963 55.710625 238.079117
v 96.448588 51.784216 279.871510
v 96.462346 51.985521 237.993641
v 96.504715 165.357208 238.892654
v 96.546509 174.149948 267.516571
v 96.558258 57.142387 238.094666
v 96.573853 55.269928 236.352173
v 96.574207 51.786454 279.969317
v 96.577423 173.104996 270.951263
v 96.587158 55.419319 236.938049
v 96.624794 59.799347 238.178635
v 96.631104 132.930023 237.039673
v 96.650711 62.726349 280.402374
v 96.652748 83.128357 279.867493
v 96.670113 55.816872 279.980621
v 96.685822 59.301536 280.738625
v 96.697784 73.502419 238.636429
v 96.705475 173.607529 242.584946
v 96.708366 55.776917 238.123611
v 96.710960 61.058556 280.600433
v 96.713150 178.002258 267.658386
v 96.754288 62.764423 280.691467
v 96.802361 59.832458 237.958069
v 96.802361 59.944813 237.790695
v 96.862831 55.852814 279.741211
v 96.875351 73.423180 238.583237
v 96.875351 73.535530 238.415863
v 96.876968 132.991440 237.080887
v 96.893646 51.782233 280.367782
v 96.902023 101.498077 237.149673
v 96.910580 51.988654 237.673848
v 96.935036 51.799440 280.236918
v 96.949059 83.202362 279.917175
v 96.951027 62.487457 237.555130
v 96.963230 59.303052 280.948637
v 96.963936 59.304752 280.740784
v 96.966415 55.890884 280.030304
v 96.973778 55.733986 238.330826
v 96.977180 146.990326 279.766388
v 97.006989 173.325531 279.747589
v 97.036888 132.920074 237.032990
v 97.040009 170.390778 237.405212
v 97.066025 174.039169 237.337189
v 97.076080 160.763306 279.654419
v 97.080642 51.799858 280.354133
v 97.080887 173.526688 279.694641
v 97.081963 60.358570 280.394104
v 97.081963 60.358574 280.394104
v 97.130875 58.813431 237.516830
v 97.132713 147.019318 279.573212
v 97.139732 63.080185 279.849335
v 97.182843 51.787342 280.738667
v 97.198997 136.653320 279.845520
v 97.208084 173.175644 279.458984
v 97.218391 173.465332 279.653442
v 97.218712 137.367096 236.519562
v 97.232262 115.131165 236.901825
v 97.243317 62.996315 280.320068
v 97.247627 135.307373 280.005341
v 97.269287 92.135605 280.116302
v 97.269287 92.257545 279.934662
v 97.269287 92.257553 279.934662
v 97.283173 55.837383 280.530579
v 97.283752 173.116180 275.658936
v 97.288246 147.048325 279.380005
v 97.311462 173.696686 237.610703
v 97.319466 62.478374 238.034607
v 97.320663 174.032898 237.668579
v 97.321747 58.883587 238.049500
v 97.337936 119.663261 236.569992
v 97.350891 173.724426 266.102875
v 97.351684 51.803662 280.519393
v 97.377426 173.720932 237.794785
v 97.377426 174.031540 237.332062
v 97.378265 60.432583 280.443787
v 97.380035 177.725098 266.156281
v 97.390335 178.188782 266.091522
v 97.401596 62.476410 237.547714
v 97.412071 110.611130 280.226959
v 97.436043 62.788368 280.444000
v 97.437352 51.774106 280.890412
v 97.443382 173.978134 237.631821
v 97.457108 60.715073 238.064941
v 97.462013 92.293488 279.695251
v 97.486748 135.367096 280.045441
v 97.488388 173.576065 266.191315
v 97.498688 174.039749 266.126556
v 97.516632 133.009537 236.437057
v 97.525528 82.731239 236.819214
v 97.542099 59.168686 280.385925
v 97.558037 164.843033 235.939789
v 97.562286 173.777222 266.138336
v 97.591431 177.777893 266.191742
v 97.591431 177.864899 266.062134
v 97.601738 178.241577 266.126984
v 97.602356 57.500893 280.583984
v 97.625885 173.514709 266.150116
v 97.628761 63.068192 279.841309
v 97.628761 63.068195 279.841309
v 97.645683 59.206757 280.674988
v 97.645683 59.328701 280.493347
v 97.662605 55.833096 280.782043
v 97.677055 59.409637 276.331390
v 97.681664 51.809576 280.785859
v 97.699783 173.715866 266.097137
v 97.703323 177.979630 251.474625
v 97.722107 110.570854 279.987976
v 97.725540 68.984009 236.574570
v 97.728928 177.716537 266.150543
v 97.734825 59.326569 279.964874
v 97.778152 61.154381 279.874207
v 97.802826 177.917694 266.097565
v 97.803902 164.702072 236.282486
v 97.803902 164.803253 236.131760
v 97.837280 173.567505 266.185547
v 97.840820 178.005264 251.303833
v 97.847588 174.031189 266.120789
v 97.863197 175.975006 251.445053
v 97.885574 174.031754 251.456665
v 97.898659 57.574902 280.633667
v 97.911179 173.768677 266.132599
v 97.940331 177.769348 266.185974
v 97.950630 178.233032 266.121216
v 98.021378 51.812927 281.113542
v 98.048050 55.661087 280.666595
v 98.058983 174.084000 266.156250
v 98.074890 58.996399 247.594070
v 98.083206 156.212326 280.427490
v 98.096268 58.414291 247.446198
v 98.096344 59.075214 266.620239
v 98.098389 69.599854 280.800018
v 98.109573 58.900742 247.529938
v 98.122955 173.650894 237.747772
v 98.135740 55.748851 281.836288
v 98.141065 51.790378 281.458374
v 98.144630 59.440773 257.115479
v 98.166077 55.739365 281.773193
v 98.178474 59.278358 247.519806
v 98.185478 58.707256 266.636780
v 98.191704 58.561722 247.545166
v 98.199921 59.235229 266.727661
v 98.222885 58.861488 238.034668
v 98.225639 124.222771 280.673584
v 98.267616 58.788452 247.718002
v 98.276100 119.743011 280.845886
v 98.322334 156.075226 280.760773
v 98.384434 51.818327 281.366817
v 98.393921 146.544785 235.027145
v 98.479858 55.766922 281.281464
v 98.479874 146.576385 235.267014
v 98.483238 55.765548 282.099362
v 98.512695 173.057648 269.791443
v 98.521568 92.166222 235.223648
v 98.547287 124.214844 281.092194
v 98.574524 175.578751 269.791718
v 98.584442 55.805367 281.573334
v 98.625786 78.731178 281.395630
v 98.636353 178.099854 269.791962
v 98.651390 101.343903 234.877136
v 98.710632 92.338287 281.102631
v 98.725739 146.536606 235.458969
v 98.752762 119.763992 281.071930
v 98.776352 101.457130 281.076904
v 98.779030 55.718529 281.515045
v 98.781219 110.521584 234.530624
v 98.787720 146.501480 234.342087
v 98.801276 51.806864 281.871338
v 98.803841 91.724312 235.329330
v 98.846786 55.688393 234.995682
v 98.855727 51.987886 234.799453
v 98.865654 92.269112 281.056183
v 98.865654 92.367195 280.910065
v 98.884178 156.126999 281.220856
v 98.887291 92.268730 235.533463
v 98.921722 78.203751 235.236832
v 98.925385 110.606598 281.283722
v 98.932266 174.006088 251.439438
v 98.939568 55.831718 235.091888
v 98.949951 165.944626 235.091888
v 98.957474 110.442932 234.477814
v 98.962656 51.815517 281.890884
v 98.970688 110.591225 235.059372
v 98.981529 151.184235 234.205566
v 98.985245 178.091293 269.786224
v 98.988785 164.868057 281.214691
v 99.000586 51.989400 234.955406
v 99.017929 168.955719 281.138489
v 99.019417 55.611359 234.943970
v 99.033585 146.562897 234.383316
v 99.047714 143.265930 281.519653
v 99.049599 87.824432 281.702209
v 99.052208 110.477745 234.742203
v 99.052383 164.779541 280.967255
v 99.054283 165.295105 234.823700
v 99.069901 128.317917 234.162399
v 99.076843 91.680153 235.542480
v 99.087303 119.620613 234.131302
v 99.102135 173.187576 275.706848
v 99.115974 179.394012 258.816284
v 99.121735 64.456520 234.992203
v 99.126282 164.893692 281.043884
v 99.129822 174.203445 258.904175
v 99.144135 55.715378 281.757111
v 99.146942 110.512566 235.006577
v 99.189240 165.237518 281.381775
v 99.196571 115.176506 281.383881
v 99.203247 143.196518 281.473053
v 99.203857 64.342201 234.672668
v 99.204979 55.788788 235.299103
v 99.229813 128.246552 234.114487
v 99.229813 128.347733 233.963760
v 99.235413 110.566330 281.044739
v 99.250641 55.129547 234.801193
v 99.279449 146.523117 234.575272
v 99.311859 128.833115 234.049164
v 99.323196 110.545433 234.787628
v 99.336853 55.751320 281.517700
v 99.344772 165.266510 281.188568
v 99.345901 87.898445 281.751892
v 99.346077 55.276978 234.900146
v 99.370361 174.167923 265.084534
v 99.385384 173.593567 242.575562
v 99.399506 178.255600 265.008331
v 99.406593 128.756409 234.479691
v 99.406593 128.867935 234.313553
v 99.467758 119.648331 281.630188
v 99.483185 155.589706 233.445587
v 99.488121 128.754456 233.996368
v 99.554367 165.256943 234.965881
v 99.561623 128.339554 234.395584
v 99.568939 132.068787 281.872070
v 99.619072 55.232819 235.113297
v 99.671532 64.968651 282.171082
v 99.684784 96.895538 233.578156
v 99.702187 176.625763 251.881882
v 99.708939 101.429596 233.729630
v 99.709867 51.819349 282.497839
v 99.721542 128.369370 234.196930
v 99.730118 141.871613 281.859680
v 99.751083 165.289276 281.841858
v 99.759109 128.710617 234.207947
v 99.764015 179.233856 251.752533
v 99.777855 174.043304 251.840439
v 99.781128 55.734909 282.324249
v 99.795509 128.165237 234.059906
v 99.799927 173.170456 275.695374
v 99.803467 174.041214 266.127533
v 99.804924 52.825569 233.546051
v 99.882545 55.881546 233.709091
v 99.906509 178.243057 266.127960
v 99.927025 87.240982 233.533813
v 99.930656 173.516174 266.151093
v 99.935364 128.743484 233.989014
v 99.962387 55.661179 233.561172
v 99.966721 101.348984 233.193512
v 100.027740 119.699928 282.088745
v 100.043030 55.260036 233.432022
v 100.044006 178.181686 266.086761
v 100.055168 55.804508 233.657379
v 100.070793 160.229156 232.624008
v 100.127037 73.493752 233.289169
v 100.144852 119.706299 232.983795
v 100.212942 55.848660 283.408838
v 100.213205 51.986178 233.216430
v 100.214027 151.666473 282.267334
v 100.215958 173.770142 266.133575
v 100.216553 52.974857 282.866150
v 100.222473 73.528831 233.555496
v 100.230562 51.985646 233.195419
v 100.316025 55.328224 233.477798
v 100.320580 55.761574 233.864609
v 100.342294 55.859463 283.506764
v 100.343796 55.807743 283.136688
v 100.363762 174.085464 266.157227
v 100.370201 61.253101 282.575653
v 100.374062 174.549149 266.092468
v 100.382599 177.709457 266.145782
v 100.391655 74.013977 282.708954
v 100.391869 170.412567 232.721359
v 100.393585 62.515835 232.961105
v 100.395874 58.921047 232.975998
v 100.400040 73.449593 233.502319
v 100.447380 55.845814 283.425751
v 100.453148 151.627792 282.454010
v 100.453148 151.726212 282.307404
v 100.468597 168.443832 232.742233
v 100.483841 174.162872 232.721741
v 100.533516 57.157753 233.006332
v 100.560448 64.946800 282.683441
v 100.570160 178.199722 247.110214
v 100.573700 172.632477 247.133270
v 100.584000 173.096161 247.068512
v 100.584373 74.171860 282.287903
v 100.588638 55.714996 283.375153
v 100.597534 174.196014 263.223328
v 100.606560 174.108093 232.684982
v 100.626678 178.196686 263.276733
v 100.658394 164.666229 232.103912
v 100.658394 164.767410 231.953171
v 100.673042 73.517784 233.548080
v 100.678513 174.050690 247.145233
v 100.688622 138.568176 282.619537
v 100.707657 178.138367 247.069031
v 100.761337 173.145264 247.308731
v 100.775871 151.718246 282.727417
v 100.776573 178.786652 247.403900
v 100.777100 73.963913 282.411835
v 100.783226 55.751282 283.133453
v 100.783875 139.221802 282.632965
v 100.785095 172.772278 247.039108
v 100.796860 174.219757 266.811401
v 100.798820 137.380936 231.937027
v 100.798820 137.482117 231.786285
v 100.808456 128.703110 282.621277
v 100.826057 119.712975 282.733368
v 100.834854 177.613312 247.092606
v 100.836487 173.661011 247.319321
v 100.844154 62.504787 232.953690
v 100.861645 51.817451 283.340358
v 100.867510 51.959459 232.270683
v 100.879608 173.726807 247.115829
v 100.890091 178.395676 247.309265
v 100.890312 51.789687 283.383957
v 100.891769 128.831818 282.707672
v 100.904259 164.727631 232.145126
v 100.908768 173.608963 232.853333
v 100.917961 173.945160 232.911209
v 100.917961 174.100464 232.679855
v 100.920845 174.590622 247.272125
v 100.932899 173.087601 247.062775
v 100.974724 173.633209 233.037399
v 100.974724 173.710846 232.921722
v 100.977837 110.467964 232.084579
v 100.983925 174.124710 232.863922
v 100.990211 164.860413 232.234253
v 100.992645 173.111740 280.356110
v 101.008415 61.602039 233.318893
v 101.012058 51.936316 232.272580
v 101.015976 173.371933 247.293091
v 101.022102 179.261002 251.770752
v 101.046249 177.666122 247.128036
v 101.050621 59.691311 233.250259
v 101.056557 178.129807 247.063278
v 101.078773 178.442810 247.340897
v 101.100327 174.223892 247.361557
v 101.105789 101.321198 231.728836
v 101.109086 51.809997 283.372935
v 101.111771 83.181244 283.065216
v 101.117157 62.460625 233.166840
v 101.117157 62.572979 232.999466
v 101.118484 128.760925 282.236176
v 101.119446 58.865837 233.181732
v 101.147896 173.653381 247.314194
v 101.154602 173.517090 247.163055
v 101.164909 173.980774 247.098297
v 101.176376 96.933495 231.675598
v 101.194054 177.981445 247.151703
v 101.198868 63.020992 282.708313
v 101.201500 178.388046 247.304138
v 101.201797 128.791550 282.468689
v 101.209351 178.037674 260.725922
v 101.215355 83.219315 283.354279
v 101.239281 92.200485 283.322083
v 101.254112 174.151169 260.749146
v 101.267952 178.182602 247.098724
v 101.283257 177.977844 261.061768
v 101.286125 173.625565 233.032272
v 101.328011 174.091324 261.084991
v 101.342865 92.360497 283.429504
v 101.343559 110.570473 232.394394
v 101.345772 174.114365 247.288040
v 101.392441 58.934029 233.227509
v 101.399376 178.771378 247.393646
v 101.404579 132.847290 231.080353
v 101.405350 82.486824 231.799286
v 101.411873 110.420227 231.329514
v 101.420929 174.630112 247.298630
v 101.427521 168.983414 283.225128
v 101.432007 92.236427 283.082672
v 101.440769 51.801656 283.629203
v 101.481428 51.800113 283.815278
v 101.494286 146.469162 231.040527
v 101.512444 137.397263 230.854691
v 101.523232 68.966263 231.706787
v 101.523232 69.078613 231.539413
v 101.525795 106.096802 283.343506
v 101.570007 59.978313 231.500565
v 101.572350 59.394913 281.064819
v 101.590744 55.854492 284.000916
v 101.597702 173.184479 274.576752
v 101.612702 51.919002 231.459304
v 101.615097 96.908783 283.322784
v 101.639168 92.312569 283.660828
v 101.644226 174.170349 263.206116
v 101.656525 65.001091 283.773956
v 101.679143 55.735347 284.518828
v 101.706055 178.083450 261.132660
v 101.714706 160.681992 283.215118
v 101.750809 174.196930 261.155884
v 101.777596 110.522736 231.639328
v 101.779381 119.656845 283.331573
v 101.785324 55.767658 283.942627
v 101.806656 128.799484 283.505463
v 101.826096 146.562164 231.321609
v 101.836838 124.311180 231.013763
v 101.845093 128.775696 283.305878
v 101.901840 173.147430 280.380066
v 101.902496 59.306507 271.518829
v 101.907265 58.882996 242.662170
v 101.908936 173.610291 233.022034
v 101.935471 92.264641 283.892181
v 101.962189 128.926910 283.165680
v 101.963239 55.725473 284.733904
v 101.976761 73.934334 283.973083
v 101.981049 174.567734 266.104950
v 101.989586 177.728027 266.158264
v 101.994499 55.721413 284.709808
v 101.995354 55.723794 284.758216
v 102.000114 128.804596 283.113312
v 102.010193 178.220398 266.676758
v 102.011230 106.019600 230.785599
v 102.017984 55.730046 284.775348
v 102.020576 58.843739 233.166901
v 102.022118 147.128586 283.687164
v 102.024612 92.262505 283.363708
v 102.035789 55.760894 284.788828
v 102.039925 59.304104 262.030579
v 102.070473 119.584991 230.492325
v 102.073776 59.263630 252.253250
v 102.094055 147.028458 283.407288
v 102.094055 147.126862 283.260681
v 102.108238 174.042679 266.128510
v 102.131248 173.681503 242.634598
v 102.169479 73.970268 283.733704
v 102.171837 173.780167 266.140289
v 102.177650 147.059174 283.640594
v 102.192444 174.620529 266.140381
v 102.200981 177.780838 266.193695
v 102.245735 173.981323 266.087341
v 102.249588 147.057465 283.214111
v 102.289787 51.905611 230.431726
v 102.309334 173.718811 266.099121
v 102.320923 92.214569 283.595062
v 102.324638 173.253036 280.450958
v 102.335251 174.038300 254.469177
v 102.395155 51.903340 230.376031
v 102.395309 179.343033 254.457901
v 102.397079 176.559402 254.469421
v 102.400574 83.149529 284.097992
v 102.417931 55.716106 284.392761
v 102.417931 55.838051 284.211121
v 102.419876 141.995163 229.786575
v 102.422989 119.650734 230.054443
v 102.423630 155.585449 229.506882
v 102.438293 179.284134 252.914322
v 102.445267 105.971863 230.030533
v 102.446831 173.570450 266.187531
v 102.457138 174.034134 266.122772
v 102.475685 151.065292 229.533890
v 102.488716 147.018784 283.400787
v 102.527740 146.443954 229.711655
v 102.559616 118.123466 229.752258
v 102.560181 178.235962 266.123199
v 102.577202 87.251228 230.141586
v 102.610550 124.278358 283.890289
v 102.623978 78.150925 230.102722
v 102.643410 128.788742 283.950500
v 102.658234 173.623245 266.222992
v 102.668533 174.086929 266.158203
v 102.673531 173.244476 280.445221
v 102.697678 178.174606 266.082001
v 102.730362 178.174026 263.825562
v 102.739494 147.012543 284.247284
v 102.798424 128.817642 283.757935
v 102.803375 55.787987 283.913971
v 102.831947 179.304077 247.099503
v 102.859550 146.536957 229.992737
v 102.895027 147.139954 283.907471
v 102.912613 174.226166 263.807587
v 102.974442 174.137268 267.696045
v 103.003586 178.224930 267.619843
v 103.003586 178.224945 267.619843
v 103.070724 174.222168 264.932953
v 103.071866 59.193492 285.573191
v 103.079657 59.019665 285.579090
v 103.095357 59.219973 285.590976
v 103.099869 178.222839 264.986359
v 103.130119 58.865376 285.617292
v 103.163491 59.229145 285.642556
v 103.165466 135.260193 284.439636
v 103.197543 64.028100 285.668336
v 103.203712 128.217072 228.846909
v 103.205275 63.906238 285.674189
v 103.227196 63.905701 285.673828
v 103.229395 52.032508 285.692450
v 103.247978 173.465759 247.128601
v 103.257843 128.848358 228.998306
v 103.258286 173.929443 247.063843
v 103.289490 83.127678 284.610352
v 103.292845 52.329501 285.740485
v 103.293846 58.902678 285.741242
v 103.318344 179.234161 247.052567
v 103.360046 173.677734 237.765778
v 103.393677 176.108994 243.760666
v 103.401970 55.832096 229.191162
v 103.402550 179.725006 247.194046
v 103.407176 59.423081 285.827039
v 103.409410 59.425601 285.828730
v 103.410958 59.421425 285.829902
v 103.434921 178.097855 272.798737
v 103.443703 62.608471 285.486420
v 103.455841 179.172806 247.011383
v 103.460678 59.224197 285.593811
v 103.478027 174.631424 247.299515
v 103.479675 174.211334 272.821960
v 103.481445 174.211716 268.686066
v 103.494614 62.801819 285.723389
v 103.497093 58.900177 285.739563
v 103.510590 178.212387 268.739471
v 103.511536 59.428150 285.830444
v 103.511536 59.428154 285.830444
v 103.528839 128.804535 229.209885
v 103.533279 173.719727 247.111069
v 103.535522 128.310089 229.127991
v 103.550095 58.855076 285.610382
v 103.591553 174.162796 247.320557
v 103.594940 55.764122 285.802734
v 103.606400 156.174820 284.868256
v 103.606789 179.881836 247.300049
v 103.606873 173.164291 273.623169
v 103.634180 51.855957 228.678397
v 103.640479 63.797607 286.003661
v 103.654442 55.753151 228.666092
v 103.656624 178.092331 273.547058
v 103.656662 52.258358 228.680557
v 103.665298 137.378433 228.436813
v 103.667381 55.679939 229.561096
v 103.667472 65.585091 286.024096
v 103.670592 51.855876 228.626250
v 103.690010 110.476181 228.234009
v 103.691879 128.800629 228.243240
v 103.695473 53.895573 228.599365
v 103.698685 118.207207 228.121445
v 103.707671 51.855364 228.656331
v 103.721107 146.448563 228.184143
v 103.721107 146.549759 228.033401
v 103.723961 65.700012 285.975555
v 103.725596 65.704563 286.068099
v 103.732953 51.855253 228.634031
v 103.736443 101.331367 228.361588
v 103.738312 119.767342 228.204681
v 103.739265 137.376663 227.998306
v 103.752723 51.855542 228.516724
v 103.757416 128.203583 227.963211
v 103.758759 164.691772 227.966553
v 103.776909 155.518692 227.931458
v 103.778523 51.670027 285.575839
v 103.782875 92.298080 228.323013
v 103.786969 65.747897 286.114562
v 103.789528 55.800411 285.561035
v 103.793396 59.096130 285.607574
v 103.802094 126.084579 228.107101
v 103.807053 146.480164 228.423996
v 103.815041 179.540924 247.070480
v 103.818581 173.973694 247.093536
v 103.830780 123.482002 228.288132
v 103.836151 62.544212 228.367096
v 103.837086 51.670612 285.585721
v 103.842415 173.536224 266.164551
v 103.846191 174.311829 247.420578
v 103.847336 59.051651 285.477966
v 103.849121 51.670866 285.538001
v 103.852722 173.999908 266.099792
v 103.862862 155.651474 228.020584
v 103.868141 128.721970 228.190445
v 103.869034 146.040298 227.910080
v 103.878639 179.278412 247.082275
v 103.881020 146.478394 227.985489
v 103.893425 146.875351 285.319153
v 103.894112 55.838852 285.852905
v 103.908165 137.826477 285.303345
v 103.912704 101.252716 228.308792
v 103.914574 119.688683 228.151871
v 103.914711 165.185516 285.134796
v 103.916562 51.671276 285.679512
v 103.919853 55.710220 228.873306
v 103.920998 174.023651 285.075989
v 103.922905 128.703827 285.397430
v 103.924728 73.476006 228.421387
v 103.936150 55.502071 228.495834
v 103.947357 146.947845 284.889526
v 103.949219 173.560745 228.290283
v 103.951241 59.212166 285.585724
v 103.955765 178.201736 266.100220
v 103.959137 92.219421 228.270218
v 103.962875 128.756790 228.454819
v 103.966972 146.509979 228.225357
v 103.969193 62.261848 285.624451
v 103.971504 64.375702 228.382538
v 103.977066 55.663322 285.708649
v 103.979256 52.212242 285.722931
v 103.984116 55.713577 285.502747
v 103.985130 137.438080 228.039536
v 103.985573 128.874420 285.352509
v 103.985620 51.671942 285.610760
v 103.988580 51.671936 285.611259
v 104.000565 59.416161 285.822388
v 104.003754 173.037399 285.194397
v 104.004902 51.672367 285.729445
v 104.005981 173.326431 228.300797
v 104.007131 51.672105 285.691302
v 104.008743 91.709724 228.278534
v 104.009317 51.672152 285.669680
v 104.012634 55.853546 228.969513
v 104.018280 55.163048 228.511063
v 104.018761 147.142746 285.339203
v 104.022774 155.580109 227.972687
v 104.023682 62.227322 285.494904
v 104.024376 174.076492 228.300873
v 104.029114 166.623032 228.331741
v 104.031715 179.405579 247.315964
v 104.039505 128.651794 285.362518
v 104.040215 173.531509 285.098083
v 104.053864 92.254242 228.534592
v 104.055519 82.497070 228.407059
v 104.055740 110.578690 228.543823
v 104.057953 156.042786 285.255096
v 104.058281 165.302460 228.284317
v 104.061469 51.851970 228.622245
v 104.062523 119.467751 285.203522
v 104.062572 51.851953 228.628517
v 104.062693 51.672977 285.739201
v 104.063957 146.895813 284.854584
v 104.066940 64.523132 228.481506
v 104.072693 146.920135 285.349213
v 104.082962 164.800705 285.305603
v 104.088699 55.875137 285.611176
v 104.089233 128.195404 228.395035
v 104.090569 164.784790 228.247650
v 104.090828 119.610031 228.099075
v 104.091202 51.935753 285.627502
v 104.092476 55.742409 228.658875
v 104.094696 52.247616 228.673355
v 104.095840 62.013603 228.496506
v 104.098663 128.767960 284.745544
v 104.105644 73.966919 284.916138
v 104.105789 52.468838 285.719269
v 104.105881 165.188461 285.335907
v 104.106628 55.918419 285.582642
v 104.109146 62.612404 228.412872
v 104.111435 58.905266 228.595139
v 104.113716 55.310478 228.610016
v 104.127594 62.387840 285.602661
v 104.127594 62.510170 285.420410
v 104.128700 173.271667 228.264038
v 104.133057 137.333359 227.313263
v 104.133507 53.884830 228.592148
v 104.137087 51.673266 285.636293
v 104.137260 110.465218 228.226654
v 104.139130 128.789658 228.235886
v 104.142082 63.039803 285.511597
v 104.142082 63.039806 285.511597
v 104.143141 51.673632 285.714586
v 104.145042 137.366714 227.991623
v 104.147530 55.587250 285.657593
v 104.150101 137.968079 285.398376
v 104.150955 82.644501 228.506027
v 104.161415 115.556892 227.547409
v 104.164536 164.681824 227.959885
v 104.181000 165.247681 228.247559
v 104.183289 156.236404 285.385071
v 104.183693 101.320404 228.354218
v 104.185547 64.873367 285.420654
v 104.185562 119.756371 228.197311
v 104.191010 173.256027 285.124634
v 104.196213 128.688965 285.188873
v 104.200851 146.234482 228.040421
v 104.202599 173.744949 285.100372
v 104.203857 173.787415 228.274628
v 104.207893 110.431076 285.093872
v 104.209152 55.570259 228.541611
v 104.209549 73.882782 285.388367
v 104.212830 146.571396 228.266586
v 104.215500 92.300903 285.528687
v 104.216774 92.371086 285.544739
v 104.224022 165.210587 284.799194
v 104.225456 173.553894 285.165070
v 104.230125 92.287109 228.315659
v 104.231499 62.670685 285.528168
v 104.233864 128.824478 228.500259
v 104.234138 65.059608 285.657867
v 104.234177 165.277374 285.449158
v 104.240036 128.716736 285.385895
v 104.243225 146.940582 284.884644
v 104.244507 64.443893 228.428314
v 104.245266 51.850122 228.619209
v 104.249146 128.326416 228.045654
v 104.251427 173.139252 228.342957
v 104.258064 74.040779 285.625671
v 104.260620 173.553101 228.285156
v 104.265099 55.665375 228.607162
v 104.265213 173.728836 266.105835
v 104.268639 155.641525 228.013916
v 104.272476 68.295830 285.603271
v 104.275520 174.192520 266.041077
v 104.276413 165.135147 284.981262
v 104.278748 172.827682 285.241608
v 104.280167 128.686966 284.691162
v 104.281219 101.419746 285.502960
v 104.286797 146.468445 227.978821
v 104.293167 73.579269 228.733505
v 104.294357 177.729507 266.159241
v 104.299347 55.710472 285.706573
v 104.304588 55.830044 228.473206
v 104.305450 110.581779 285.195038
v 104.312920 165.296173 228.615707
v 104.313461 74.043297 285.496124
v 104.317123 92.209038 285.271118
v 104.318001 55.619041 285.445831
v 104.318001 55.726898 285.285156
v 104.323776 156.157181 285.281769
v 104.329369 138.012848 285.428436
v 104.335571 51.859523 227.814883
v 104.337463 83.052719 285.463806
v 104.339943 64.591324 228.527283
v 104.341431 147.137131 285.394226
v 104.341583 119.537453 285.250305
v 104.346931 110.538589 285.477264
v 104.352646 173.028839 285.188660
v 104.353264 101.279556 285.155334
v 104.354874 55.655346 285.577271
v 104.357956 164.851990 284.964020
v 104.361465 92.062134 285.431519
v 104.368561 146.912872 285.344330
v 104.368752 141.790298 285.420410
v 104.368843 62.081791 228.542282
v 104.369087 62.617817 285.599884
v 104.371800 51.677382 285.965085
v 104.375298 73.464958 228.413971
v 104.377182 91.700638 228.758026
v 104.377724 128.607971 285.134491
v 104.381096 173.544891 285.107056
v 104.383530 63.145794 285.690765
v 104.385574 83.181969 285.700867
v 104.386406 165.195694 285.141632
v 104.386719 55.266319 228.823166
v 104.388489 55.342514 285.723083
v 104.389397 110.464928 284.868408
v 104.400940 174.189087 269.422913
v 104.402878 73.918839 285.148224
v 104.402878 74.041161 284.965973
v 104.406776 129.134567 285.367706
v 104.410339 62.054779 285.379089
v 104.412651 119.657433 285.451569
v 104.413017 174.044159 266.129486
v 104.422073 64.364655 228.375122
v 104.422485 146.911591 285.024597
v 104.423317 174.507843 266.064728
v 104.424828 62.584412 285.470276
v 104.426857 64.973602 285.600128
v 104.431030 137.918533 285.373444
v 104.435646 165.241409 228.578949
v 104.439964 147.402893 285.354401
v 104.440102 173.186371 228.374588
v 104.441368 83.335564 285.389313
v 104.441475 101.462845 227.485825
v 104.447692 51.864069 227.675688
v 104.448692 128.898483 285.485901
v 104.449303 173.600235 228.316788
v 104.458496 174.014084 228.258987
v 104.459312 91.698669 228.271118
v 104.460473 51.677114 285.920814
v 104.461670 128.605972 284.636780
v 104.465805 68.209557 285.545349
v 104.468849 55.152000 228.503647
v 104.472664 62.777832 285.707306
v 104.479156 156.229141 285.380219
v 104.489594 59.404167 285.814362
v 104.492065 55.746414 285.467194
v 104.492409 165.240051 228.242432
v 104.496964 147.067719 285.347626
v 104.500313 173.085388 285.080566
v 104.506088 82.486015 228.399643
v 104.506790 73.957024 285.438202
v 104.511909 173.541687 285.104889
v 104.513519 68.507286 285.600494
v 104.518349 165.129181 285.296112
v 104.523087 119.456451 285.195953
v 104.523499 174.030609 285.080658
v 104.525536 92.358719 285.143555
v 104.528282 135.325043 285.546509
v 104.545235 165.335373 285.062775
v 104.546410 62.002552 228.489090
v 104.548203 55.813725 285.154907
v 104.550064 128.774551 285.000793
v 104.553116 51.678636 285.950659
v 104.553741 172.704971 285.159241
v 104.554367 74.114792 285.675323
v 104.554794 92.220512 285.009125
v 104.559227 128.641815 284.909027
v 104.559715 62.601357 228.405457
v 104.562897 156.216919 285.321838
v 104.566559 152.194626 226.574768
v 104.567665 119.588257 285.405121
v 104.569351 164.730789 285.258667
v 104.570900 110.383926 284.814056
v 104.578293 83.095963 285.643127
v 104.592865 55.720062 286.212921
v 104.595650 55.784485 285.756256
v 104.602219 92.321022 285.247620
v 104.608803 173.110138 279.415009
v 104.612801 137.422821 226.717331
v 104.614861 134.286560 226.580002
v 104.632317 101.349258 285.202118
v 104.632812 120.637604 226.860809
v 104.634697 83.249290 285.331421
v 104.637947 173.195816 285.300720
v 104.643181 128.180435 285.095673
v 104.643509 73.990715 285.328522
v 104.650452 155.564850 226.650497
v 104.652496 147.096725 285.154449
v 104.656967 110.596405 285.092163
v 104.658699 92.136383 285.481354
v 104.665390 62.691830 285.649567
v 104.668457 110.419785 285.086304
v 104.668610 146.391769 226.615402
v 104.674568 101.410103 285.496490
v 104.680130 92.161888 284.991302
v 104.682312 59.318165 285.756622
v 104.684792 55.416527 285.772766
v 104.699257 101.382240 226.949707
v 104.700111 73.993080 285.198059
v 104.704590 119.375458 285.141571
v 104.705803 92.359100 285.536682
v 104.714607 74.400383 285.471466
v 104.716698 128.835800 285.465820
v 104.722069 62.658657 285.520111
v 104.736084 147.127457 285.387726
v 104.737282 62.522118 228.352264
v 104.739571 58.814976 228.534531
v 104.740280 110.528946 285.470795
v 104.741531 55.727451 285.096985
v 104.747086 74.028786 285.617615
v 104.747086 74.150726 285.435944
v 104.759750 128.858078 285.246124
v 104.763046 68.283798 285.595184
v 104.763329 55.643993 286.161865
v 104.763870 92.222084 285.475769
v 104.765137 172.757767 285.194702
v 104.766014 110.570480 285.187469
v 104.769107 51.678210 286.198289
v 104.777519 173.643463 233.044296
v 104.777687 92.197746 285.263550
v 104.784363 165.198288 285.396088
v 104.802025 156.276642 285.361938
v 104.806000 119.647789 285.445099
v 104.808029 147.027328 285.107849
v 104.809822 68.581299 285.650177
v 104.813828 101.268265 285.147736
v 104.825684 137.908859 285.366943
v 104.828461 59.027592 285.461823
v 104.847908 82.627556 227.037888
v 104.861618 61.058834 227.127228
v 104.872551 63.133801 285.682739
v 104.874603 83.169975 285.692810
v 104.891617 147.058044 285.341156
v 104.909279 138.037994 285.453613
v 104.961693 62.765839 285.699249
v 104.978615 59.392174 285.806305
v 104.981094 55.490536 285.822449
v 104.981994 51.880979 226.993415
v 104.998878 128.819397 285.432831
v 105.002548 68.495293 285.592438
v 105.005341 110.369743 226.716537
v 105.016953 156.068375 285.910004
v 105.039185 60.979595 227.074036
v 105.043396 74.102798 285.667297
v 105.072743 66.936160 287.087959
v 105.072812 66.264608 287.088012
v 105.084679 55.772491 285.748199
v 105.103898 51.888562 226.802943
v 105.121109 174.490723 266.053253
v 105.140316 66.614302 287.139116
v 105.143948 67.018326 287.141866
v 105.149704 67.010315 287.119476
v 105.160339 146.413406 226.848587
v 105.178757 119.631714 285.561768
v 105.181168 64.889633 286.224640
v 105.203552 177.765198 266.183197
v 105.206215 152.212723 225.930954
v 105.213852 178.228882 266.118439
v 105.215118 58.732716 285.528229
v 105.229172 83.030800 285.977783
v 105.229607 59.262352 285.619415
v 105.287994 101.294830 285.910126
v 105.301131 51.906407 226.530921
v 105.316544 62.929470 285.437531
v 105.322205 174.079849 266.153473
v 105.332476 51.685932 286.530112
v 105.332512 174.543533 266.088684
v 105.333690 51.917343 226.307467
v 105.341049 177.703827 266.142029
v 105.344451 51.683920 286.427388
v 105.361580 63.121811 285.674683
v 105.371063 110.472252 227.026352
v 105.426643 52.355362 276.064697
v 105.467644 59.380184 285.798248
v 105.470749 55.626553 287.082489
v 105.484978 52.271484 279.733337
v 105.498743 59.284848 287.410464
v 105.516647 51.983841 276.081360
v 105.523300 173.755966 266.124054
v 105.534111 110.579872 225.893570
v 105.562370 55.768089 287.177490
v 105.562752 178.220322 266.112701
v 105.565407 52.229813 266.668060
v 105.572472 51.899429 285.603119
v 105.572479 51.899429 285.603119
v 105.587059 52.432514 285.694885
v 105.641212 55.658340 286.870758
v 105.644196 140.331512 225.827271
v 105.652260 177.668304 255.401794
v 105.657875 157.799713 225.308105
v 105.662071 101.321587 225.703964
v 105.665749 164.712723 225.356720
v 105.665794 173.113159 279.981049
v 105.667564 174.070541 274.419495
v 105.668472 112.620926 225.576614
v 105.669334 174.070908 270.283600
v 105.669334 178.159912 264.192078
v 105.669861 158.339005 225.232788
v 105.671104 174.071289 266.147705
v 105.674637 179.292053 250.099533
v 105.678177 173.985809 249.733765
v 105.679470 51.943896 225.910947
v 105.679634 172.620590 273.070190
v 105.683907 155.539642 225.321609
v 105.683907 155.640823 225.170883
v 105.684631 173.170151 285.283508
v 105.686714 173.579117 255.100967
v 105.688171 174.475906 275.067627
v 105.688171 174.562897 274.938019
v 105.688171 177.781906 270.142548
v 105.689941 172.823273 273.394257
v 105.689941 173.171280 272.875824
v 105.693116 51.947440 225.860873
v 105.693415 51.940905 225.955981
v 105.693481 173.694031 263.826416
v 105.693626 51.936254 226.023283
v 105.694832 146.978577 286.663879
v 105.694893 113.586662 225.742859
v 105.695432 51.688111 286.860811
v 105.695892 155.977737 225.397034
v 105.697021 174.042786 255.036194
v 105.700249 173.112961 273.588715
v 105.700249 177.810959 266.589935
v 105.700745 110.356071 286.284424
v 105.702065 146.467743 225.135788
v 105.702332 135.544861 286.163208
v 105.703568 121.206161 225.796432
v 105.707870 156.112289 225.924667
v 105.708069 140.659103 286.088745
v 105.708504 92.288300 225.665390
v 105.708778 178.187271 270.790680
v 105.708778 178.274261 270.661072
v 105.708786 178.187271 270.790680
v 105.708786 178.274261 270.661072
v 105.709572 137.855927 286.757965
v 105.710373 110.501221 225.840775
v 105.710373 110.612740 225.674622
v 105.710548 172.619644 274.949615
v 105.710548 172.880646 274.560791
v 105.710548 178.187653 266.654785
v 105.712242 128.714142 226.016144
v 105.712242 128.825668 225.850006
v 105.712318 172.620026 270.813721
v 105.712318 172.707031 270.684113
v 105.712318 172.881027 270.424927
v 105.712318 173.055023 270.165710
v 105.712318 174.099030 268.610413
v 105.713020 55.666534 226.011505
v 105.713020 55.775764 225.848785
v 105.714050 146.501099 225.814163
v 105.714050 146.602295 225.663422
v 105.716812 140.683426 286.583374
v 105.718163 140.228561 225.539505
v 105.718163 140.329742 225.388763
v 105.719086 173.256958 278.761536
v 105.720062 55.440735 286.724670
v 105.720764 173.109711 286.013245
v 105.720856 173.083328 274.884857
v 105.720856 174.040329 273.459198
v 105.720856 174.127335 273.329590
v 105.721719 51.688264 286.888124
v 105.722626 173.083710 270.748962
v 105.722626 173.170700 270.619354
v 105.722626 173.170715 270.619354
v 105.722626 173.692703 269.841736
v 105.722626 174.127701 269.193695
v 105.722626 174.475708 268.675262
v 105.722626 177.781708 263.750214
v 105.725952 55.811775 226.581085
v 105.726166 178.130463 254.959991
v 105.727928 178.826843 249.787262
v 105.728172 52.426208 226.432831
v 105.731163 173.634018 274.690491
v 105.731163 177.723007 268.598969
v 105.732201 137.429214 225.628326
v 105.732361 173.566025 286.037598
v 105.732834 55.692017 287.126434
v 105.732933 174.069397 269.906586
v 105.734024 156.099930 286.250061
v 105.734261 134.090561 225.792480
v 105.736221 173.739868 286.013306
v 105.736336 167.108398 286.355072
v 105.737663 165.216812 286.072174
v 105.738014 147.478485 225.814255
v 105.739164 51.688882 286.948165
v 105.739708 164.205032 225.671890
v 105.741463 174.097702 274.625732
v 105.741531 165.194946 286.339447
v 105.741776 173.462280 250.134369
v 105.741776 173.549286 250.004761
v 105.741776 173.636292 249.875153
v 105.741776 173.723282 249.745560
v 105.743884 51.933654 226.069035
v 105.743950 174.022324 286.061920
v 105.745003 174.098450 266.353943
v 105.745392 165.238327 286.509521
v 105.745468 119.532555 225.396011
v 105.746805 51.690570 287.075259
v 105.746975 51.689592 287.003936
v 105.747810 174.000458 286.329193
v 105.748764 146.829727 286.563965
v 105.750313 178.710587 247.077118
v 105.750359 128.357300 225.442490
v 105.751678 174.043823 286.499298
v 105.751694 164.643127 225.747314
v 105.751770 178.215378 269.117493
v 105.752083 173.925964 250.069611
v 105.753540 173.169754 272.498779
v 105.754448 51.685443 286.706514
v 105.756203 173.271881 286.333557
v 105.756805 101.244881 226.134491
v 105.756805 101.356407 225.968338
v 105.756805 101.467926 225.802200
v 105.756866 173.076309 285.074463
v 105.758675 119.680847 225.977570
v 105.759109 51.684927 286.666281
v 105.759926 152.098053 225.197998
v 105.760063 173.543579 286.163513
v 105.760612 173.693268 255.177597
v 105.760612 179.174271 247.012360
v 105.761505 165.216248 285.930817
v 105.761902 51.688111 286.905242
v 105.762077 177.809067 270.348785
v 105.762077 178.157059 269.830353
v 105.762077 178.244064 269.700745
v 105.762835 51.685484 286.711784
v 105.763504 137.854630 286.438232
v 105.763840 173.198441 273.082062
v 105.763931 173.586960 286.333588
v 105.763931 173.684814 286.187805
v 105.764595 173.260910 285.268860
v 105.767380 173.634201 264.162262
v 105.767380 173.982193 263.643829
v 105.767792 173.858658 286.163544
v 105.768456 173.532608 285.098816
v 105.769501 128.633881 286.147644
v 105.769852 155.470047 225.712219
v 105.770008 51.689616 287.022045
v 105.770737 140.682129 286.263641
v 105.770920 173.982956 255.372040
v 105.771881 120.609818 225.396133
v 105.773216 165.147507 285.946136
v 105.774147 178.273117 266.148132
v 105.774147 178.273132 266.148132
v 105.775917 172.705505 270.307098
v 105.775917 173.575500 269.011017
v 105.775917 173.749512 268.751801
v 105.776482 145.870148 286.079254
v 105.777687 174.010880 264.227112
v 105.778236 128.658203 286.642242
v 105.779697 51.923251 226.231220
v 105.781837 156.110519 225.486160
v 105.781952 165.171829 286.440765
v 105.782684 172.994431 278.773315
v 105.784454 173.081802 274.507812
v 105.785095 121.092690 225.479248
v 105.785217 145.894470 286.573883
v 105.785683 51.688368 286.942339
v 105.786224 173.169189 270.242340
v 105.786224 173.517181 269.723907
v 105.786224 173.952179 269.075867
v 105.787956 156.024872 286.040222
v 105.788010 146.499344 225.375656
v 105.789627 113.621483 226.007233
v 105.791113 51.685655 286.742249
v 105.791527 178.738327 249.539825
v 105.791893 110.387741 225.523590
v 105.792862 55.227715 226.189026
v 105.792992 172.588120 280.004639
v 105.792992 173.197113 279.097382
v 105.793762 128.712189 225.532822
v 105.794754 173.110489 275.091095
v 105.794754 174.502487 273.017395
v 105.794754 174.589493 272.887787
v 105.796014 59.286461 287.635513
v 105.796524 173.719864 270.047974
v 105.796524 173.980865 269.659149
v 105.796524 174.589874 268.751892
v 105.796692 156.049194 286.534851
v 105.797791 59.291779 276.252258
v 105.798294 173.546249 266.171295
v 105.798302 121.240982 226.060806
v 105.798904 55.007401 286.899963
v 105.802696 146.902222 286.134338
v 105.803238 92.211594 226.095917
v 105.803291 173.051788 279.939880
v 105.803291 173.051804 279.939880
v 105.805061 177.750168 268.805206
v 105.805107 110.536034 226.105148
v 105.806168 137.326248 225.340561
v 105.806831 174.096558 270.112823
v 105.808022 52.424297 225.959473
v 105.808228 134.088806 225.353973
v 105.808601 173.748932 266.495361
v 105.808601 174.009933 266.106537
v 105.810020 51.931164 226.113389
v 105.811432 147.000320 286.519043
v 105.811684 55.582268 286.819672
v 105.811684 55.690132 286.658997
v 105.811829 172.732101 285.177460
v 105.811981 147.476715 225.375748
v 105.812134 179.230682 250.058334
v 105.814151 51.686964 286.855809
v 105.815674 174.011444 249.562973
v 105.815970 51.687307 286.885791
v 105.817139 172.646240 272.899414
v 105.818153 137.460800 225.868195
v 105.818901 174.038620 266.689789
v 105.824211 173.604752 254.930161
v 105.825661 164.641357 225.308807
v 105.825661 164.742554 225.158066
v 105.825981 174.040131 250.146240
v 105.827438 172.848923 273.223450
v 105.827667 135.517151 286.622925
v 105.829208 174.502304 266.625031
v 105.834435 119.577293 286.269775
v 105.834511 173.720428 255.383835
v 105.834518 173.720428 255.383835
v 105.834518 173.981430 254.995010
v 105.836311 128.287720 225.833099
v 105.837746 173.138596 273.417908
v 105.838326 101.354454 225.485016
v 105.840195 119.567375 225.660400
v 105.844818 174.010117 255.578293
v 105.874100 147.023346 286.693939
v 105.886932 59.045761 276.087128
v 105.894722 57.482227 287.710240
v 105.895429 55.757390 287.710775
v 105.900391 58.374619 228.481720
v 105.903549 73.963402 286.764221
v 105.907059 51.954064 225.758095
v 105.907524 92.169884 286.733917
v 105.907524 92.399574 286.391754
v 105.911018 62.221672 286.812836
v 105.911018 62.466328 286.448364
v 105.911415 64.365845 225.705200
v 105.912766 174.082214 225.619873
v 105.913300 82.601524 226.049255
v 105.913498 59.164047 285.553406
v 105.913773 59.332500 247.556152
v 105.914366 61.481828 287.725112
v 105.916155 61.610269 287.726466
v 105.918808 173.641235 234.217422
v 105.920105 179.333649 244.750641
v 105.920776 58.761398 266.673126
v 105.920776 58.761402 266.673126
v 105.924721 64.627594 226.123688
v 105.924843 174.132065 241.426819
v 105.925507 62.873634 286.721802
v 105.925507 62.873638 286.721802
v 105.927551 83.095154 286.549683
v 105.927994 59.326706 286.191315
v 105.934044 174.545914 241.369019
v 105.935219 59.289375 266.764008
v 105.935226 59.289375 266.764008
v 105.942230 58.840218 285.699310
v 105.942482 59.367035 287.011414
v 105.943665 101.355255 286.447021
v 105.943665 101.470093 286.275940
v 105.943665 101.584946 286.104858
v 105.944969 55.697777 286.663147
v 105.946671 165.230530 225.718979
v 105.946770 58.521320 247.518036
v 105.951553 92.349220 286.152924
v 105.951996 68.213799 286.341248
v 105.953629 62.005711 226.306061
v 105.953629 62.118061 226.138687
v 105.955872 165.333771 226.123901
v 105.956673 59.368191 285.790192
v 105.958191 55.265549 225.666351
v 105.960052 178.737869 240.491241
v 105.960052 178.815521 240.375565
v 105.960075 73.388870 226.177765
v 105.960075 73.613579 225.843018
v 105.960335 173.123444 226.150909
v 105.960335 173.278748 225.919556
v 105.960335 173.356400 225.803879
v 105.961960 91.736908 226.354446
v 105.963211 173.691254 240.627502
v 105.964645 58.334633 237.923813
v 105.964645 66.424004 225.872803
v 105.966095 179.461655 247.353607
v 105.966484 68.498779 286.796875
v 105.968124 128.683670 286.426208
v 105.969070 59.126957 257.168335
v 105.969070 59.126961 257.168335
v 105.969254 178.530518 241.358871
v 105.969528 173.614944 225.977432
v 105.970833 174.104767 244.261139
v 105.970833 174.182419 244.145462
v 105.971504 55.302586 226.419586
v 105.975288 179.875504 247.295807
v 105.977951 67.135162 225.621796
v 105.977959 58.821087 238.007553
v 105.978424 55.623604 226.218735
v 105.978447 178.789078 241.532425
v 105.979797 110.425774 286.331207
v 105.979797 110.540619 286.160126
v 105.980026 174.285675 244.550369
v 105.980026 174.363312 244.434692
v 105.980026 174.596268 244.087662
v 105.981361 110.457382 226.052353
v 105.981361 110.568909 225.886200
v 105.982147 55.614059 286.607941
v 105.982147 55.721920 286.447235
v 105.986069 179.823807 244.240631
v 105.986069 179.901443 244.124954
v 105.987923 174.132050 226.324539
v 105.989227 174.544220 244.723938
v 105.989227 174.621872 244.608246
v 105.990517 59.205772 276.194519
v 105.990807 174.544556 241.032501
v 105.990807 174.622208 240.916809
v 105.991478 92.282722 286.065125
v 105.992973 73.838943 286.416321
v 105.992973 73.961266 286.234100
v 105.996223 128.216354 225.785202
v 105.997116 173.148193 228.348969
v 105.997559 164.805725 225.637802
v 106.000000 174.570160 241.553085
v 106.002914 58.842598 247.754349
v 106.002922 58.794930 285.570007
v 106.005081 92.779968 286.150726
v 106.006317 173.562057 228.291153
v 106.006851 64.400925 225.971542
v 106.006851 64.513275 225.804169
v 106.006894 55.763603 287.795160
v 106.008736 82.636604 226.315582
v 106.009140 60.918491 225.819046
v 106.009140 61.030842 225.651672
v 106.010780 173.120728 240.580139
v 106.010780 173.198380 240.464462
v 106.011436 128.701691 286.352570
v 106.014923 62.259865 287.102844
v 106.014923 62.382191 286.920593
v 106.014923 62.504517 286.738373
v 106.014923 62.626842 286.556122
v 106.014923 62.626846 286.556122
v 106.014923 62.749172 286.373901
v 106.014923 62.993824 286.009430
v 106.015152 165.215317 286.151093
v 106.015938 119.496292 286.215393
v 106.015938 119.611137 286.044312
v 106.016815 178.270615 240.848801
v 106.016975 82.970688 286.201782
v 106.017410 58.835258 286.390106
v 106.017410 59.202236 285.843414
v 106.017704 55.290054 287.803344
v 106.019974 173.301636 240.869385
v 106.019974 173.379288 240.753708
v 106.019974 173.612244 240.406662
v 106.021046 55.781795 287.805874
v 106.025494 58.770426 287.809241
v 106.026016 178.296219 241.369385
v 106.026291 173.147690 226.334991
v 106.026291 173.535934 225.756592
v 106.026291 173.613586 225.640915
v 106.027618 101.238396 286.120422
v 106.027618 101.353241 285.949310
v 106.029175 173.560196 241.042938
v 106.029175 173.637848 240.927261
v 106.029411 62.667175 287.376251
v 106.029411 63.034149 286.829529
v 106.029411 63.034153 286.829529
v 106.029411 63.156479 286.647308
v 106.031718 58.753226 287.813953
v 106.031898 58.753265 287.392456
v 106.031898 58.875591 287.210205
v 106.031898 58.997917 287.027985
v 106.031898 59.120243 286.845764
v 106.031898 59.242569 286.663513
v 106.032333 173.172607 234.238449
v 106.033875 146.459564 225.567612
v 106.035210 178.710068 241.311584
v 106.035484 173.561539 226.277191
v 106.035484 173.639191 226.161499
v 106.035484 173.794495 225.930145
v 106.035484 173.949799 225.698792
v 106.035484 174.105103 225.467438
v 106.037332 59.370697 287.818203
v 106.038585 51.966487 225.396647
v 106.040303 59.266693 287.820452
v 106.041527 173.508820 234.296326
v 106.042206 58.781105 247.449631
v 106.042206 73.386909 225.690872
v 106.042831 179.356537 244.598190
v 106.044090 91.734940 225.867538
v 106.044624 146.970032 286.339264
v 106.044685 174.053040 226.103699
v 106.045990 174.620514 244.271729
v 106.046170 59.394504 287.824894
v 106.046241 59.282867 287.824948
v 106.046387 59.282898 287.483643
v 106.046387 59.405228 287.301392
v 106.047569 174.077301 241.390045
v 106.047569 174.232605 241.158691
v 106.047569 174.310242 241.043015
v 106.048874 55.246666 287.682068
v 106.048874 55.735970 286.953125
v 106.048874 55.858295 286.770905
v 106.048874 55.980621 286.588684
v 106.049065 62.602551 225.735535
v 106.050835 165.187393 286.052429
v 106.051346 58.783058 226.085175
v 106.052071 128.681656 285.928497
v 106.052073 57.144785 287.829363
v 106.053627 55.300621 225.932678
v 106.053627 55.412979 225.765305
v 106.054695 165.230774 286.222504
v 106.055466 92.265083 286.625122
v 106.055511 73.536301 226.276733
v 106.055901 68.251984 286.631226
v 106.055901 68.496643 286.266754
v 106.056872 55.471510 287.832996
v 106.058205 58.758995 257.184875
v 106.058212 58.758995 257.184875
v 106.060081 58.482063 238.022766
v 106.062370 62.414886 226.823532
v 106.062370 62.527237 226.656143
v 106.063362 55.732895 287.837909
v 106.063362 55.776299 287.773254
v 106.063751 110.423767 285.833496
v 106.064651 58.820099 226.838409
v 106.064758 128.668350 225.744400
v 106.066940 55.674721 226.183807
v 106.071205 55.766930 226.314941
v 106.072655 59.408913 257.094086
v 106.072876 64.867714 286.738617
v 106.072876 64.990044 286.556366
v 106.074226 92.390808 225.975204
v 106.076096 110.492203 226.316727
v 106.077354 110.461632 286.603455
v 106.079659 58.837814 276.211060
v 106.082779 178.294861 241.032883
v 106.084880 59.400143 287.854199
v 106.089027 92.203735 286.508484
v 106.090866 82.634644 225.828690
v 106.091270 58.781830 228.512283
v 106.096878 73.877129 286.706299
v 106.102287 64.436005 226.237885
v 106.113495 119.532150 286.487640
v 106.116727 55.766364 287.878310
v 106.118835 62.787361 286.663879
v 106.119827 146.592346 225.656738
v 106.120880 83.131203 286.309540
v 106.138298 55.856155 286.240784
v 106.144409 110.453484 225.085709
v 106.151054 55.655792 226.004303
v 106.151054 55.765022 225.841583
v 106.157478 164.734360 225.589905
v 106.157623 110.490250 225.833405
v 106.157623 110.601776 225.667267
v 106.159492 128.814697 225.842636
v 106.161308 110.574463 285.934662
v 106.165390 55.681412 287.119324
v 106.167801 174.204056 266.424835
v 106.194893 65.615124 287.937485
v 106.207253 174.492416 272.634613
v 106.222549 183.683640 272.600098
v 106.223892 147.014801 286.369324
v 106.231438 164.631409 225.302124
v 106.231438 164.732590 225.151398
v 106.233078 73.457062 226.223541
v 106.243835 55.689896 226.263229
v 106.244240 55.571663 286.812561
v 106.244240 55.679527 286.651886
v 106.258858 110.495476 286.377991
v 106.270538 92.237579 286.283020
v 106.275841 183.044434 272.547058
v 106.290207 73.913185 286.466156
v 106.304658 51.687438 287.347065
v 106.317093 91.690781 226.080688
v 106.324036 165.169479 226.013611
v 106.326630 55.256462 226.145828
v 106.331131 128.636520 286.146393
v 106.331627 55.647556 286.365112
v 106.342812 110.378624 286.051392
v 106.368088 92.158592 286.726349
v 106.370117 64.819633 286.970673
v 106.408760 55.254498 225.658936
v 106.410645 73.490181 226.002975
v 106.435532 55.685745 286.655090
v 106.442123 92.214867 286.327087
v 106.445824 137.344360 224.696732
v 106.452042 92.156586 286.228638
v 106.495461 156.126846 224.403839
v 106.505486 61.636204 288.005920
v 106.510132 110.555984 225.395523
v 106.528122 82.586548 225.068024
v 106.539444 55.723938 286.945068
v 106.549591 92.192436 286.500885
v 106.567947 141.228027 287.108368
v 106.599335 101.415672 286.983948
v 106.607666 174.540283 275.674835
v 106.635475 110.486191 286.868134
v 106.668457 55.285645 224.951462
v 106.674805 174.191513 267.544464
v 106.703949 178.192184 267.597870
v 106.714249 173.174866 275.698334
v 106.747089 65.532743 288.355526
v 106.762238 183.061523 272.370514
v 106.828621 55.748550 224.414291
v 106.878395 101.370522 287.201813
v 106.884596 65.557967 288.459626
v 106.889259 155.982346 223.869522
v 106.899170 73.979675 287.568176
v 106.926483 141.243805 287.278381
v 106.926587 55.635757 288.491415
v 106.930031 73.440125 224.755417
v 106.955078 55.632057 288.469452
v 106.981377 146.402771 223.998871
v 106.989151 141.266846 287.453278
v 106.996056 61.379520 288.362305
v 106.998482 110.439041 286.588287
v 107.020018 55.643560 288.562148
v 107.032659 51.929304 224.064369
v 107.036888 55.388916 225.263565
v 107.135335 55.664257 288.649449
v 107.172548 57.981129 288.677621
v 107.178947 164.776978 223.431915
v 107.180479 51.927405 223.868890
v 107.186806 55.739716 224.880432
v 107.187346 51.987181 224.127417
v 107.220413 83.063339 287.585724
v 107.276680 121.242165 223.410553
v 107.285828 74.051781 287.087891
v 107.298470 73.543388 225.067520
v 107.302818 92.173866 287.481140
v 107.313194 146.495773 224.279968
v 107.329910 101.392410 223.582458
v 107.357018 155.633713 223.198181
v 107.366880 61.490116 288.824740
v 107.370903 146.961945 287.768738
v 107.386772 92.171860 286.983429
v 107.410278 173.157379 279.822723
v 107.433571 146.984970 287.943604
v 107.484329 92.207718 287.255676
v 107.484329 92.322556 287.084595
v 107.500104 51.698156 288.293910
v 107.509453 174.714233 242.153214
v 107.515488 180.019424 242.190506
v 107.568687 178.781967 247.125046
v 107.591637 64.324844 223.735336
v 107.592834 174.055099 247.148178
v 107.604095 146.931656 287.588959
v 107.643227 169.769836 223.564163
v 107.645828 179.368713 247.291214
v 107.670670 164.697433 223.815842
v 107.682426 101.346619 223.310715
v 107.704109 183.009644 270.267609
v 107.707745 51.986385 223.427283
v 107.714951 174.579285 247.264511
v 107.720695 146.953400 287.444122
v 107.755630 183.066055 273.313599
v 107.778015 183.036804 270.473846
v 107.788315 183.065491 271.057129
v 107.793930 173.731216 247.118790
v 107.813126 101.385803 287.956604
v 107.850143 183.672592 273.908752
v 107.870393 51.690106 288.539235
v 107.877541 87.271713 223.357132
v 107.879601 173.117859 270.207886
v 107.891028 55.721769 289.221547
v 107.892570 164.692123 222.500320
v 107.894432 174.212555 247.353943
v 107.903435 182.946381 273.985291
v 107.908745 174.595520 274.019867
v 107.925812 183.091125 270.886322
v 107.930794 87.693565 288.050323
v 107.950691 55.770649 289.091187
v 107.978516 164.723724 222.740189
v 107.982948 119.677544 287.826141
v 107.997036 55.733126 289.301801
v 107.999718 183.640289 270.314941
v 108.032990 137.305664 222.484177
v 108.052116 60.334381 288.453796
v 108.052483 164.620758 222.452423
v 108.055634 115.159210 287.771332
v 108.064468 164.755310 222.980057
v 108.065392 179.175735 247.013351
v 108.068932 173.521500 247.166016
v 108.073227 156.042374 288.124573
v 108.079231 173.985184 247.101257
v 108.087967 146.919724 288.218658
v 108.101883 78.204529 223.097717
v 108.124329 64.424179 223.073639
v 108.139877 174.103027 247.280426
v 108.149971 67.140346 289.417580
v 108.150635 146.942749 288.393555
v 108.155113 179.822052 247.259918
v 108.159360 51.687922 288.584473
v 108.197302 55.667982 289.453413
v 108.208344 82.545547 223.098160
v 108.213303 146.965790 288.568451
v 108.215034 174.618774 247.291016
v 108.223719 63.452423 289.473412
v 108.224380 164.683945 222.932144
v 108.230553 155.578690 222.067947
v 108.230914 62.933059 289.478859
v 108.235272 63.421090 289.482158
v 108.235388 63.428782 289.482246
v 108.242958 63.428062 289.473083
v 108.243961 51.958265 222.566292
v 108.245028 55.729331 289.489543
v 108.247932 55.722569 289.323273
v 108.251491 63.494862 289.494437
v 108.310415 58.948251 289.539045
v 108.314468 173.600525 266.207733
v 108.321167 146.963211 287.929016
v 108.324776 174.064209 266.142944
v 108.327430 66.166906 289.551926
v 108.361359 64.852173 288.578613
v 108.361770 59.169793 289.577924
v 108.362123 62.305752 289.578190
v 108.371239 101.295517 288.392365
v 108.377831 156.133209 288.504425
v 108.383835 146.986252 288.103882
v 108.384300 164.713776 222.733505
v 108.390472 155.507324 222.020050
v 108.399614 67.087300 289.606573
v 108.401333 61.143617 289.607875
v 108.404347 61.139788 289.610156
v 108.405997 60.975745 289.611405
v 108.407379 110.366035 288.276550
v 108.418592 65.000393 289.620941
v 108.427818 178.266037 266.143372
v 108.433800 67.133369 289.581177
v 108.441261 55.636295 289.265350
v 108.451965 173.539154 266.166534
v 108.477264 69.456238 288.761322
v 108.477974 55.839196 289.665896
v 108.482239 61.139107 289.522675
v 108.482239 61.139111 289.522675
v 108.491417 178.003510 266.155182
v 108.492410 51.946317 222.477693
v 108.500427 146.934204 288.068970
v 108.502695 61.137108 289.684611
v 108.502695 61.137112 289.684611
v 108.523689 51.696113 289.025924
v 108.536171 174.117004 266.178406
v 108.545166 55.796814 289.373108
v 108.550385 155.638336 221.670670
v 108.563095 146.957245 288.243866
v 108.565315 178.204681 266.102203
v 108.565941 124.256302 288.417877
v 108.568542 146.465256 221.635574
v 108.649078 55.834999 289.663086
v 108.650299 101.365219 288.439148
v 108.662132 56.007953 289.805313
v 108.664986 55.831769 289.807474
v 108.666886 51.938879 222.415371
v 108.679407 51.692002 288.986185
v 108.682594 73.935837 288.596130
v 108.697348 62.877937 289.831974
v 108.711349 177.997620 271.039398
v 108.714569 55.629738 221.974152
v 108.714569 55.738968 221.811432
v 108.721519 59.339462 288.843323
v 108.737267 173.793121 266.148987
v 108.770386 110.318893 287.996735
v 108.775253 174.054688 251.096054
v 108.779472 61.091026 289.754730
v 108.780529 51.937243 221.753172
v 108.788681 61.090785 289.901117
v 108.790558 141.222504 289.017822
v 108.790558 173.153915 266.095947
v 108.790558 173.153931 266.095947
v 108.791448 60.896129 289.903212
v 108.804398 178.229370 250.890244
v 108.807350 55.773071 222.070358
v 108.811165 173.994293 266.096039
v 108.816162 178.110840 272.995453
v 108.823570 60.700100 221.787766
v 108.854156 172.804398 266.237335
v 108.865266 51.933288 221.663877
v 108.874763 173.731766 266.107819
v 108.875923 73.971886 288.355988
v 108.887192 55.661934 221.759720
v 108.890373 176.023590 250.913635
v 108.900352 146.457077 222.067398
v 108.903908 177.732437 266.161224
v 108.927205 62.930209 290.005987
v 108.949130 55.819447 290.022586
v 108.949455 92.283600 221.324158
v 108.950188 55.192619 221.247116
v 108.953194 128.709442 221.674896
v 108.956245 169.703506 288.801941
v 108.969826 141.267273 289.047882
v 108.984566 132.144638 289.141968
v 108.993111 174.683838 284.607513
v 109.011971 164.698517 221.411316
v 109.012260 173.583405 266.196228
v 109.022216 61.352439 290.077915
v 109.022568 174.047089 266.131470
v 109.024489 60.089909 290.079636
v 109.025795 173.204254 284.554382
v 109.025795 173.204269 284.554382
v 109.034203 58.932880 242.695663
v 109.034721 128.707489 221.191574
v 109.045624 55.227699 221.513458
v 109.045624 55.340050 221.346085
v 109.046059 110.419815 221.930038
v 109.056709 183.034317 271.788239
v 109.059822 55.803352 221.382568
v 109.066444 137.280441 221.155304
v 109.068729 55.799353 290.113128
v 109.080409 57.098461 290.121970
v 109.081146 119.562675 221.319153
v 109.085938 164.696747 220.972809
v 109.096581 128.241913 221.647842
v 109.125710 92.204941 221.271347
v 109.127579 110.529388 221.280579
v 109.132767 51.912900 221.816261
v 109.138924 92.241714 222.019043
v 109.139641 55.700645 289.837250
v 109.141060 55.262775 221.779800
v 109.147514 58.893623 233.200378
v 109.152603 55.728226 221.804214
v 109.157562 156.114029 289.129272
v 109.170547 128.240143 221.209335
v 109.171349 61.309240 290.190817
v 109.171883 164.728333 221.212677
v 109.174011 101.384575 221.408157
v 109.176007 58.798550 290.194343
v 109.176489 55.781247 290.194708
v 109.180618 61.325790 289.912323
v 109.190041 155.656433 221.026840
v 109.199768 66.759041 290.212331
v 109.208199 146.483353 220.991760
v 109.220184 146.516708 221.670120
v 109.224063 58.273275 290.230724
v 109.224182 128.777130 221.720337
v 109.226959 91.732170 221.980988
v 109.232445 55.726318 221.330856
v 109.257835 164.759918 221.452545
v 109.263107 178.187561 266.090698
v 109.266647 172.620331 266.113770
v 109.267442 51.915151 221.240019
v 109.284531 61.363983 290.202301
v 109.294151 146.514938 221.231613
v 109.295914 165.205338 289.095459
v 109.305710 128.775177 221.237015
v 109.309082 91.617859 221.661469
v 109.309082 91.730209 221.494095
v 109.318626 55.295891 221.559235
v 109.325226 55.651192 221.752502
v 109.330582 174.050598 221.235779
v 109.331802 164.758148 221.014038
v 109.340668 63.570717 221.529572
v 109.350853 173.198166 266.125641
v 109.355865 82.629906 221.455231
v 109.387344 173.583344 221.593338
v 109.394681 66.813013 290.359891
v 109.397948 51.902226 221.475260
v 109.398262 137.474640 221.285645
v 109.402535 64.846722 290.365837
v 109.402641 73.417252 221.583755
v 109.415947 73.566650 222.169617
v 109.418007 55.685291 222.011429
v 109.419449 173.224197 278.739563
v 109.420834 61.360622 290.379690
v 109.430450 165.300812 221.403290
v 109.439644 165.248749 222.039566
v 109.440793 58.379737 290.394800
v 109.449409 64.316948 221.544891
v 109.454063 146.443573 221.183716
v 109.486649 91.650970 221.440903
v 109.496193 55.329002 221.338669
v 109.499954 91.800362 222.026764
v 109.506958 64.852579 290.444890
v 109.518837 66.902847 290.219482
v 109.524235 57.181754 290.457969
v 109.558167 137.302094 221.388489
v 109.588310 128.263550 221.881027
v 109.601383 51.894076 221.213659
v 109.602654 58.771202 222.678116
v 109.604446 175.123566 285.109436
v 109.605225 165.197784 288.808441
v 109.616632 62.748614 289.998059
v 109.622138 63.467254 290.532088
v 109.627041 64.283270 290.535800
v 109.630211 55.810944 289.646942
v 109.652926 55.696052 220.983505
v 109.654213 64.331055 290.343567
v 109.655071 62.563171 220.985129
v 109.676933 55.738800 289.954895
v 109.682287 64.061547 290.577623
v 109.682287 64.061547 290.577623
v 109.683145 55.304232 221.006377
v 109.687065 55.399155 221.871353
v 109.702217 82.961525 289.367798
v 109.711395 58.843323 223.697693
v 109.714068 55.786025 290.601683
v 109.718590 173.072601 271.681549
v 109.720360 178.205978 259.898865
v 109.722454 54.870841 220.527329
v 109.722616 63.550826 221.036251
v 109.724114 55.386031 220.528591
v 109.727538 55.744345 220.531193
v 109.732098 55.728766 221.043428
v 109.737118 51.888694 221.031230
v 109.737118 51.892297 220.638982
v 109.737118 54.360641 220.551791
v 109.737118 54.932796 221.021169
v 109.737118 55.293877 221.008907
v 109.737118 55.297504 221.023564
v 109.737118 55.305467 220.924519
v 109.737118 55.318828 221.047227
v 109.737118 55.389104 221.692616
v 109.737118 55.688100 221.560161
v 109.737118 55.690770 221.296330
v 109.737118 55.698973 221.047227
v 109.737118 55.707577 220.785936
v 109.737118 55.727963 221.047227
v 109.737118 55.728770 221.036838
v 109.737118 55.739034 220.675511
v 109.737118 55.870464 221.005696
v 109.737118 57.331081 220.882640
v 109.737118 60.116566 220.668249
v 109.737118 61.304119 220.680306
v 109.737118 62.562275 220.877044
v 109.737118 62.562275 220.877044
v 109.737118 62.562755 221.047227
v 109.737118 62.562994 221.132016
v 109.737118 62.987492 221.005257
v 109.737118 63.550070 221.017520
v 109.737118 63.556634 221.047227
v 109.737118 63.582284 221.163316
v 109.753036 178.205414 257.642395
v 109.754501 183.104202 271.647125
v 109.764290 173.108490 285.096069
v 109.775879 173.564789 285.120422
v 109.779405 62.562541 221.079232
v 109.794354 66.918288 290.662464
v 109.806189 63.584299 221.099505
v 109.823540 55.724670 289.589020
v 109.824091 60.015896 290.684976
v 109.838707 183.682037 271.658997
v 109.842696 51.892175 222.312134
v 109.847404 55.770584 289.743134
v 109.862612 55.764366 290.714139
v 109.864090 101.335358 289.411835
v 109.870730 55.703608 221.148354
v 109.876694 173.068604 272.806915
v 109.886243 55.359158 221.160094
v 109.897301 173.908981 272.807007
v 109.900223 110.405876 289.296021
v 109.902912 60.080240 290.744648
v 109.908142 128.222015 221.634476
v 109.912605 174.748215 285.214752
v 109.927444 55.762859 289.878998
v 109.929258 64.786531 290.764593
v 109.937302 156.094849 289.754089
v 109.939446 62.506347 221.200362
v 109.945290 173.181641 285.291199
v 109.962114 51.712945 290.125038
v 109.967949 59.272243 262.009186
v 109.973383 55.690180 221.226048
v 109.975483 61.425606 290.799588
v 109.981898 61.433817 290.804444
v 109.981898 61.433817 290.804444
v 109.982910 61.428333 290.774200
v 109.989395 59.351059 281.035370
v 109.989395 59.351063 281.035370
v 110.001793 59.231770 252.231857
v 110.012031 59.272033 290.827256
v 110.015672 55.338193 221.258055
v 110.023239 59.188644 271.439697
v 110.023239 59.188644 271.439728
v 110.029770 173.243301 285.116058
v 110.044302 61.255870 290.851688
v 110.061731 57.550001 290.864882
v 110.064545 174.644821 285.140503
v 110.081734 110.439720 289.070557
v 110.120773 55.676586 289.821075
v 110.120773 55.798912 289.638855
v 110.122336 62.428859 221.338785
v 110.130862 58.834090 221.345238
v 110.141502 55.343577 221.353292
v 110.143699 62.439662 290.926936
v 110.147263 60.894417 289.622772
v 110.166048 51.883869 222.564965
v 110.176239 61.219734 290.898529
v 110.179237 156.088882 290.068970
v 110.198795 55.756094 290.968646
v 110.199233 61.107321 221.396986
v 110.201395 60.207060 221.398622
v 110.205140 55.748762 290.973450
v 110.219856 173.532166 285.098511
v 110.231445 174.021088 285.074249
v 110.233170 156.013809 289.859131
v 110.236822 63.691649 221.425436
v 110.239166 55.755108 290.931183
v 110.248688 64.846519 289.896545
v 110.281097 165.233276 289.830017
v 110.311726 58.797119 221.482128
v 110.364133 55.752026 291.093816
v 110.364792 64.900658 291.094315
v 110.376595 74.016457 289.971985
v 110.388695 174.214615 285.232574
v 110.394246 58.783930 221.544585
v 110.412979 52.480251 266.570099
v 110.431686 173.111725 285.244263
v 110.447868 82.565613 222.140457
v 110.502991 52.108734 266.586792
v 110.514290 165.202988 289.650269
v 110.546104 58.775979 221.659521
v 110.568690 51.729267 290.609446
v 110.592924 55.756723 291.267023
v 110.603508 174.819290 244.405167
v 110.609266 56.027889 291.279394
v 110.609266 61.843516 291.279394
v 110.609266 59.252550 291.279394
v 110.627248 61.261290 291.267834
v 110.632174 59.174575 291.264668
v 110.648392 173.948654 271.705597
v 110.666313 179.967804 244.337311
v 110.682533 186.850876 271.530029
v 110.721840 92.109535 289.957214
v 110.745010 164.757019 222.981201
v 110.763252 73.966240 289.673920
v 110.770271 174.640488 282.322327
v 110.801186 183.078537 271.629913
v 110.802956 173.160919 282.269196
v 110.816910 55.710747 290.868408
v 110.825745 92.147728 290.247192
v 110.858910 58.815331 222.222153
v 110.881561 165.243088 290.314911
v 110.893436 61.039349 291.047608
v 110.902110 60.873816 291.049776
v 110.904922 164.685654 222.933304
v 110.915161 92.145592 289.717072
v 110.920715 124.237923 222.770432
v 110.928571 61.027591 291.074127
v 110.929657 92.308250 290.354950
v 110.935493 165.241791 289.995178
v 110.948435 60.176555 291.061357
v 110.948435 61.435670 291.061357
v 110.948435 59.244959 291.061357
v 110.956921 58.825551 221.970454
v 110.970995 59.244454 291.046855
v 110.983717 62.160482 291.038676
v 110.987373 55.742535 290.656647
v 111.007786 58.813884 222.008952
v 111.009770 58.815280 222.010453
v 111.010447 59.243166 291.076860
v 111.012562 51.732885 290.868275
v 111.013889 62.780336 291.019279
v 111.019073 92.183777 290.007050
v 111.023972 173.619583 233.867279
v 111.024967 58.814980 222.021955
v 111.045340 62.133971 291.085584
v 111.049782 58.773132 222.922195
v 111.060768 174.653793 234.561508
v 111.062653 178.201965 260.836182
v 111.066200 119.678230 290.308411
v 111.089310 82.512367 222.833084
v 111.095978 178.638397 234.551376
v 111.098984 83.090233 290.511566
v 111.116394 55.692856 290.625061
v 111.116394 55.815186 290.442810
v 111.135421 62.783095 291.108104
v 111.143539 178.533798 233.809937
v 111.183999 62.074318 291.191130
v 111.184540 173.151779 280.006989
v 111.184746 82.659798 222.932053
v 111.200836 62.784580 291.155914
v 111.224754 164.745300 222.536011
v 111.244301 64.862793 290.700500
v 111.247704 119.482384 290.425140
v 111.268303 73.872208 290.668213
v 111.278297 64.346840 223.021713
v 111.284569 106.015984 223.071014
v 111.287582 183.008621 271.582977
v 111.290260 62.660118 290.808014
v 111.326958 73.482216 223.326920
v 111.331001 96.982697 223.032440
v 111.341087 55.733814 291.116974
v 111.396652 164.707291 223.166489
v 111.413628 55.767105 290.674896
v 111.425079 182.947266 271.541779
v 111.438545 119.616196 223.042114
v 111.440117 61.107262 290.294342
v 111.458953 58.775793 222.350424
v 111.461632 73.908264 290.428040
v 111.483582 62.940819 290.203400
v 111.483589 62.573845 290.750092
v 111.483589 62.940823 290.203400
v 111.486076 59.271561 289.855133
v 111.498077 62.981148 291.023499
v 111.498077 62.981152 291.023499
v 111.504524 73.515327 223.106354
v 111.517540 55.805294 290.964874
v 111.534992 58.778650 222.407976
v 111.556564 164.737122 222.967834
v 111.587494 62.979012 290.493378
v 111.589981 59.187428 290.327362
v 111.595787 58.797161 223.181122
v 111.604469 59.350082 290.965240
v 111.665932 173.054321 266.969116
v 111.746597 179.199402 266.957916
v 111.746597 179.199417 266.957916
v 111.759787 55.641560 291.629416
v 111.765068 173.559326 286.667480
v 111.769287 173.488739 247.144028
v 111.770744 178.213531 261.407990
v 111.776001 175.091904 286.638916
v 111.779594 173.952423 247.079269
v 111.797363 83.154587 291.083466
v 111.814774 55.757210 291.196930
v 111.820587 155.625443 222.973969
v 111.882637 178.154266 247.079697
v 111.942673 174.113281 247.287308
v 111.960190 58.799919 222.729793
v 111.970276 91.777008 224.196228
v 111.977531 59.386883 223.576981
v 111.979736 173.104996 228.319962
v 111.988930 173.518860 228.262161
v 111.996277 178.770294 247.392929
v 112.009805 51.763951 291.762538
v 112.013945 51.749180 291.452987
v 112.017830 174.629028 247.297897
v 112.019172 55.648043 291.826859
v 112.024784 58.789600 222.778682
v 112.040573 146.970062 290.803345
v 112.044067 58.785625 228.514816
v 112.052406 91.662689 223.876694
v 112.054588 173.742706 247.126495
v 112.054893 173.620743 228.330566
v 112.110880 55.641142 291.896667
v 112.111656 173.464096 228.225403
v 112.111977 147.017410 291.472839
v 112.112015 55.831455 291.246765
v 112.119644 178.204971 261.402252
v 112.126198 58.446602 228.530045
v 112.126932 51.769014 291.908885
v 112.141792 58.821190 223.440048
v 112.142021 173.129730 266.079712
v 112.147842 91.697769 224.143036
v 112.165855 182.958252 269.857117
v 112.165855 183.045258 269.727509
v 112.168419 173.152130 228.351608
v 112.177612 173.565979 228.293808
v 112.177852 55.642560 291.947645
v 112.185842 55.643830 291.953727
v 112.188522 165.210266 291.424896
v 112.194443 55.185734 291.960274
v 112.194809 174.015778 291.414642
v 112.195126 55.642280 291.960794
v 112.202393 174.058029 247.150162
v 112.203201 173.580765 290.981659
v 112.203758 58.893070 238.055862
v 112.204643 165.220810 290.797577
v 112.215919 55.747318 291.718994
v 112.215987 51.770637 291.976673
v 112.219833 146.941055 290.943298
v 112.222288 55.640351 291.981469
v 112.222529 55.640313 291.981653
v 112.222624 55.640442 291.981725
v 112.222647 55.623511 291.981743
v 112.222764 55.641008 291.981831
v 112.228577 146.965378 291.437927
v 112.229973 91.695801 223.656128
v 112.231224 173.126114 279.989746
v 112.232521 178.324554 247.261520
v 112.243317 137.842728 291.532013
v 112.249321 128.769531 291.021606
v 112.253029 165.209381 290.929993
v 112.258057 128.720078 291.626129
v 112.261765 165.159943 291.534515
v 112.276505 156.037292 291.628632
v 112.279060 165.204788 224.191483
v 112.281021 51.760813 291.819082
v 112.287386 51.824692 224.075183
v 112.291245 146.988419 291.612823
v 112.297821 55.746277 291.358429
v 112.298477 178.426453 247.329926
v 112.305336 55.622856 291.371094
v 112.307678 178.762665 247.387802
v 112.320030 174.207535 247.350586
v 112.331039 178.257782 261.437683
v 112.341347 178.286469 262.020966
v 112.343117 172.718842 266.179901
v 112.343117 175.502838 262.032471
v 112.353416 173.182526 266.115143
v 112.355186 173.182907 261.979248
v 112.355431 165.238892 290.386780
v 112.358727 177.620667 247.097534
v 112.360184 179.126450 266.156921
v 112.367836 73.926674 291.762146
v 112.386101 174.399963 262.044189
v 112.389221 101.426323 291.458344
v 112.389442 55.672089 291.774811
v 112.400085 128.602036 290.838654
v 112.409248 55.661045 291.661072
v 112.409248 55.783371 291.478851
v 112.413681 128.754745 291.437531
v 112.414795 58.777027 223.653198
v 112.421204 178.371689 247.293152
v 112.425362 110.382004 291.513611
v 112.437035 92.124107 291.418610
v 112.446702 55.648033 292.152292
v 112.448794 51.758992 291.774655
v 112.451157 183.038223 270.098785
v 112.451337 58.813633 223.101526
v 112.451950 174.566635 247.256012
v 112.454697 178.079987 269.214600
v 112.457253 73.924538 291.232025
v 112.465736 64.429970 223.805908
v 112.488246 58.821439 223.129461
v 112.495743 83.096611 291.837585
v 112.498383 174.606888 285.115051
v 112.499046 173.563232 285.119354
v 112.502678 183.007645 273.274384
v 112.502975 91.763992 223.701904
v 112.509308 110.494835 290.844818
v 112.510635 174.052155 285.095123
v 112.513153 55.821564 291.768829
v 112.519745 92.228355 291.623047
v 112.520988 92.122093 290.920898
v 112.525063 173.060394 285.209808
v 112.534592 92.274803 291.519775
v 112.537163 64.830978 291.736542
v 112.549210 173.205505 277.974976
v 112.555969 174.277435 285.274750
v 112.555977 174.277435 285.274750
v 112.559052 119.603226 291.498962
v 112.588654 183.063858 269.928009
v 112.595192 128.673737 291.383148
v 112.602577 55.697098 291.420929
v 112.609268 173.638229 285.221680
v 112.609833 73.488075 224.544815
v 112.617241 119.587196 223.986664
v 112.643303 64.350731 223.752716
v 112.645187 82.698769 223.929382
v 112.647224 165.195786 223.849838
v 112.662560 172.912033 285.298248
v 112.668505 62.180652 292.321127
v 112.672126 55.655687 292.316363
v 112.673676 173.221939 285.101746
v 112.679138 128.671738 290.885437
v 112.688110 62.783166 292.295331
v 112.692009 172.710297 266.174164
v 112.705269 73.523155 224.811157
v 112.706490 55.735291 291.710907
v 112.712616 173.550659 266.174255
v 112.713074 92.142082 291.565155
v 112.713074 92.264404 291.382904
v 112.734179 55.708746 292.234714
v 112.748910 58.779876 223.326748
v 112.770535 53.189201 292.186877
v 112.770955 51.771026 292.186324
v 112.776695 128.822433 290.986603
v 112.777679 183.058929 272.932800
v 112.784779 55.691671 292.168135
v 112.784912 174.688522 240.793518
v 112.797744 62.940046 291.597232
v 112.802498 92.139938 291.035004
v 112.811280 58.774084 223.373954
v 112.817436 173.141861 268.907959
v 112.819330 55.683977 292.122673
v 112.827618 62.696282 292.111768
v 112.830986 165.227203 290.660889
v 112.836273 178.592850 266.174774
v 112.839112 62.938154 292.096644
v 112.839112 62.938158 292.096644
v 112.839813 173.112610 266.068207
v 112.842493 57.484711 292.092196
v 112.853972 51.768209 292.077091
v 112.860597 59.338206 292.068374
v 112.867038 55.752963 292.059900
v 112.870122 55.819140 292.055841
v 112.871357 55.801696 292.054217
v 112.872185 186.797455 268.862091
v 112.882835 73.443916 224.757965
v 112.887657 174.582214 243.407013
v 112.889992 155.599136 223.830948
v 112.890625 60.178952 292.028864
v 112.906403 92.178131 291.325012
v 112.915176 174.732559 285.204254
v 112.933739 101.413025 290.953064
v 112.937553 172.789307 285.215851
v 112.938549 62.642130 291.965807
v 112.947861 173.166000 285.280701
v 112.956268 110.445679 290.067291
v 112.960800 58.801056 223.912125
v 112.964845 55.738544 291.931206
v 112.964966 73.441948 224.271057
v 112.970341 55.739603 291.923974
v 112.970734 173.573410 285.126190
v 112.981659 175.105972 285.097626
v 112.986371 51.807284 224.634416
v 112.990845 183.025101 268.961945
v 112.997613 55.768903 291.888091
v 113.001144 183.053787 269.545227
v 113.009139 62.579465 291.872925
v 113.010696 173.094101 285.086395
v 113.041347 60.672982 291.830545
v 113.046341 62.932042 291.823975
v 113.051510 57.862621 291.817173
v 113.066811 55.668282 225.304565
v 113.070535 59.668878 291.792140
v 113.073969 51.735155 290.870293
v 113.076017 51.735065 290.867481
v 113.078590 173.859711 275.218018
v 113.092424 51.803293 224.647477
v 113.113434 137.846100 290.418274
v 113.128806 62.929610 291.715469
v 113.131882 173.133499 275.294556
v 113.187515 119.587914 290.495972
v 113.206273 62.927325 291.613537
v 113.206566 64.814674 290.668182
v 113.210273 51.800199 224.739495
v 113.231933 58.797785 223.692331
v 113.238709 51.799490 224.758269
v 113.255707 160.345062 224.174133
v 113.274441 58.798442 223.724504
v 113.284744 64.297485 224.445343
v 113.310471 64.852867 290.958191
v 113.329239 58.791973 224.391602
v 113.332886 110.551239 290.386322
v 113.344826 55.234230 225.159744
v 113.374242 59.266543 291.374441
v 113.380180 64.444916 224.544312
v 113.381693 51.797965 224.967586
v 113.382820 151.584427 289.915039
v 113.395126 110.424347 225.066147
v 113.398703 59.302080 289.875621
v 113.406464 92.359718 225.472336
v 113.411873 183.043335 273.298340
v 113.412064 55.732666 224.875702
v 113.433746 156.082855 289.905487
v 113.465538 51.912964 266.721436
v 113.467974 62.918918 291.836600
v 113.487190 52.238785 285.564850
v 113.487991 92.246239 225.155151
v 113.501265 63.612786 223.896179
v 113.503186 62.917844 291.818994
v 113.513313 73.980331 289.683380
v 113.514915 186.897171 273.817200
v 113.522392 55.379692 224.771805
v 113.535535 60.417118 291.802820
v 113.559677 183.010651 273.840424
v 113.561440 173.093033 284.479706
v 113.562202 101.397713 289.950043
v 113.569511 92.244293 224.671829
v 113.570122 52.320770 266.463043
v 113.574634 59.212587 291.783271
v 113.591774 52.400349 285.673309
v 113.597737 61.543759 291.771719
v 113.602661 174.773773 284.479889
v 113.613332 59.223378 291.763921
v 113.615636 62.888374 291.760850
v 113.615637 62.888377 291.760848
v 113.617813 101.423927 224.808640
v 113.617828 55.302422 225.205505
v 113.629143 59.265866 291.579546
v 113.661842 140.168747 224.624710
v 113.677467 55.689728 225.082932
v 113.688644 174.020996 224.739777
v 113.697403 165.149597 288.817261
v 113.697479 178.137894 255.528992
v 113.699959 55.300453 224.718613
v 113.705521 59.265663 291.641003
v 113.705521 59.265663 291.641003
v 113.706024 128.330841 225.206070
v 113.713531 155.612595 224.495956
v 113.722000 63.462929 224.856308
v 113.726875 146.904297 289.005463
v 113.747643 110.490082 224.628265
v 113.754570 128.607269 289.104889
v 113.757406 58.788795 224.090044
v 113.762848 178.223740 250.886475
v 113.789832 59.286149 290.825506
v 113.807143 59.285444 290.867547
v 113.812801 58.791916 224.131970
v 113.813995 165.171341 288.672424
v 113.829674 173.899399 274.116608
v 113.831370 59.288108 290.770641
v 113.832916 169.747330 224.723663
v 113.834557 82.941666 289.883148
v 113.842377 110.524902 224.892639
v 113.846336 61.100826 224.970276
v 113.865936 128.360672 225.007431
v 113.868126 173.498978 225.060562
v 113.877327 173.912827 225.002762
v 113.877327 174.068130 224.771408
v 113.877518 55.333565 224.498047
v 113.884689 59.336334 285.768799
v 113.892715 58.888130 247.521469
v 113.928467 58.402405 228.500381
v 113.930595 165.119308 288.637512
v 113.930939 58.810738 247.732956
v 113.930939 58.932678 247.551300
v 113.938980 128.661118 225.498535
v 113.949677 128.793823 289.478302
v 113.952385 58.889557 266.759155
v 113.952385 59.011497 266.577484
v 113.955872 58.762970 285.548553
v 113.970367 59.292610 285.639709
v 113.973831 58.968372 285.785339
v 113.973831 59.090313 285.603668
v 113.973831 59.090317 285.603668
v 113.974838 58.549107 247.536697
v 113.976728 59.278536 291.279394
v 114.000671 59.377056 257.072693
v 114.003883 73.845978 289.857544
v 114.011810 131.088654 224.870697
v 114.022118 59.333931 276.280548
v 114.022125 59.333931 276.280548
v 114.023903 58.549835 228.599335
v 114.025856 128.289307 224.959534
v 114.031479 146.995148 289.385315
v 114.034515 59.214638 247.477036
v 114.035660 55.790127 225.386353
v 114.045349 155.705597 224.777039
v 114.053371 59.312526 289.882634
v 114.055931 165.165375 288.987305
v 114.055969 59.171513 266.684906
v 114.059784 59.045815 285.474060
v 114.105629 82.625389 225.094086
v 114.109863 165.164078 288.667572
v 114.115501 55.678989 225.075714
v 114.118599 165.188400 289.162170
v 114.119339 58.809620 228.530930
v 114.164400 58.801629 224.398083
v 114.235199 165.136368 289.127258
v 114.235199 165.210144 289.017365
v 114.235405 146.393326 225.523148
v 114.288132 55.711182 224.861282
v 114.291496 128.726852 225.060654
v 114.301071 55.637966 225.756287
v 114.310760 110.450912 288.333527
v 114.360497 119.559296 288.987671
v 114.363800 146.937943 288.071472
v 114.378632 82.693581 225.139862
v 114.389900 51.773567 225.688109
v 114.408508 115.082809 225.301132
v 114.420464 156.107956 288.646881
v 114.447815 52.539776 228.633423
v 114.494781 178.058853 270.140442
v 114.500044 59.319653 289.887418
v 114.500044 59.319653 289.887418
v 114.536032 51.769813 225.801955
v 114.537064 156.055923 288.611969
v 114.555237 146.452972 225.125870
v 114.566475 55.704262 225.800797
v 114.605736 146.931976 288.386322
v 114.607872 83.085876 288.922577
v 114.614395 55.203049 225.624390
v 114.620445 52.353512 228.744431
v 114.646317 55.702347 225.327438
v 114.658181 51.766344 225.827160
v 114.683144 137.832367 288.655334
v 114.709717 173.153412 269.291718
v 114.709831 55.350475 225.723358
v 114.713226 52.606068 228.677933
v 114.716484 179.184341 269.203888
v 114.721291 92.337814 287.995667
v 114.782944 155.586273 225.352921
v 114.791962 55.123806 225.571198
v 114.797005 128.756592 287.505432
v 114.810707 92.213348 287.647797
v 114.842613 64.733978 288.763611
v 114.850937 128.681519 287.295624
v 114.858810 169.700165 287.883362
v 114.859673 128.779633 287.680328
v 114.864952 68.939224 225.861618
v 114.866951 92.179718 287.733246
v 114.866951 92.294563 287.562164
v 114.868874 110.475479 288.598206
v 114.914619 92.251534 287.937775
v 114.927551 128.808350 287.254456
v 114.933983 176.654160 243.455399
v 114.939224 110.435608 287.330536
v 114.950905 92.062866 287.406616
v 114.970268 137.800781 288.155823
v 114.976173 178.222382 256.713776
v 115.004044 92.127075 287.589874
v 115.051537 182.974350 271.183960
v 115.085991 173.143158 279.437164
v 115.086517 119.694687 288.085846
v 115.098198 101.321945 288.161926
v 115.109055 128.727341 287.200073
v 115.113625 64.327377 225.922165
v 115.125435 183.088501 271.260590
v 115.211853 92.203453 288.169830
v 115.211853 92.325775 287.987610
v 115.245636 119.596878 225.921204
v 115.272133 128.720337 287.640533
v 115.274692 51.658570 287.847549
v 115.277885 58.818180 233.149734
v 115.290558 128.646347 287.145691
v 115.299156 173.196335 275.336731
v 115.301277 92.078987 287.821930
v 115.301277 92.201317 287.639709
v 115.308995 51.659337 287.923455
v 115.315842 110.541161 287.649567
v 115.327515 92.168427 287.725677
v 115.334801 128.743378 287.815430
v 115.359528 173.080643 257.962463
v 115.380399 51.752764 226.536345
v 115.388115 128.567352 287.589050
v 115.388115 128.682205 287.417938
v 115.405182 92.239502 287.929688
v 115.421356 175.601746 257.962738
v 115.425064 92.319122 287.826843
v 115.432114 73.933548 287.008514
v 115.440567 51.864525 266.688934
v 115.461205 101.389648 287.711029
v 115.462570 178.152481 256.666840
v 115.463791 51.750065 226.500176
v 115.464340 173.106857 260.048126
v 115.470604 83.105621 287.614105
v 115.483177 178.122849 257.962982
v 115.485664 128.718063 287.690186
v 115.537933 182.991425 271.007416
v 115.545151 52.272339 266.430542
v 115.574707 160.727005 287.123993
v 115.577713 156.005966 287.143555
v 115.582687 173.188919 279.843903
v 115.592968 51.746170 226.526590
v 115.630669 186.903580 270.813385
v 115.749329 183.044235 271.042847
v 115.755066 64.498833 226.280060
v 115.803726 73.409508 226.919998
v 115.822647 151.574066 287.038330
v 115.833260 74.045982 287.348328
v 115.847252 110.401161 227.219635
v 115.847252 110.512680 227.053482
v 115.852074 55.695564 286.429565
v 115.880478 101.331100 226.433365
v 115.908173 101.225639 287.104553
v 115.951065 96.831863 226.546265
v 115.975212 101.365921 226.697739
v 116.010918 137.824600 286.577515
v 116.023514 110.434029 227.000687
v 116.023514 110.545555 226.834549
v 116.072617 173.206757 271.395599
v 116.077995 119.632233 286.803009
v 116.114159 55.653168 286.634186
v 116.118248 110.468849 227.265060
v 116.127510 137.846344 286.432678
v 116.153343 119.611710 226.654175
v 116.158852 73.475731 226.478867
v 116.172249 169.819153 226.617722
v 116.187737 173.174652 274.194153
v 116.189507 179.178040 261.115387
v 116.199768 110.466896 226.781754
v 116.205780 55.794701 286.729187
v 116.209763 110.557693 285.923401
v 116.214302 146.513245 227.134262
v 116.224856 58.828631 225.957571
v 116.246338 172.971588 261.085388
v 116.246841 55.689804 286.129120
v 116.267601 73.547852 227.498444
v 116.292381 140.137756 226.571838
v 116.334344 59.338218 287.464573
v 116.342651 55.820835 285.574738
v 116.350754 55.727997 286.419098
v 116.373754 51.630899 286.557857
v 116.391266 110.476700 285.869049
v 116.402672 173.141220 266.087402
v 116.402679 173.141220 266.087402
v 116.409409 87.211922 226.716095
v 116.420949 51.614832 285.562890
v 116.451505 51.628255 286.461436
v 116.457367 173.718826 238.128967
v 116.463921 160.266129 226.745056
v 116.466270 172.791702 266.228790
v 116.482086 151.093048 226.709961
v 116.488815 110.397705 286.312378
v 116.510971 178.608795 237.887543
v 116.512543 176.124298 237.897842
v 116.516029 164.843735 285.334503
v 116.522499 137.812195 285.293732
v 116.533943 55.714855 285.743256
v 116.534134 146.572891 226.736969
v 116.535614 165.180405 285.131378
v 116.536636 178.560104 266.152771
v 116.537239 55.857124 285.333038
v 116.537239 128.689545 285.387848
v 116.540176 173.079865 266.046234
v 116.561520 51.624616 286.230809
v 116.570427 146.957870 285.374542
v 116.603767 172.730331 266.187622
v 116.612785 55.712971 285.275818
v 116.622726 73.614082 227.057327
v 116.624359 146.956589 285.054810
v 116.637909 172.756561 285.193878
v 116.641838 147.447891 285.384613
v 116.648216 173.133240 285.258728
v 116.648811 164.684158 285.316254
v 116.657547 165.224915 285.041504
v 116.658524 173.596924 285.193970
v 116.662560 165.231674 284.813354
v 116.665975 51.614121 285.710155
v 116.670326 110.431557 286.086914
v 116.672287 156.028488 285.245514
v 116.677032 137.946198 285.391998
v 116.681503 73.903076 285.401978
v 116.684958 51.727013 227.417415
v 116.688008 51.612395 285.558510
v 116.690910 74.061005 285.639221
v 116.690910 74.061012 285.639221
v 116.692688 173.743042 285.099091
v 116.692856 119.464211 285.201141
v 116.707336 110.496986 285.449341
v 116.707764 128.636215 285.033173
v 116.711647 158.641251 285.460541
v 116.732193 55.730698 285.720154
v 116.742966 147.095383 285.366211
v 116.751572 173.132660 266.081665
v 116.773048 119.615829 285.423645
v 116.787590 152.046860 285.499969
v 116.791245 165.166214 285.374542
v 116.796021 173.535568 285.152771
v 116.808044 173.109680 285.096863
v 116.814240 92.318832 285.540710
v 116.818367 137.804932 285.288879
v 116.818420 83.202194 285.714447
v 116.819641 173.565979 285.121216
v 116.825231 51.611492 285.581663
v 116.826546 128.685425 285.186493
v 116.826828 55.675636 285.590912
v 116.831230 174.054901 285.096954
v 116.836411 55.808727 285.566620
v 116.838226 110.427536 285.091492
v 116.838768 128.734665 285.397919
v 116.842346 92.305313 285.500580
v 116.850220 128.856750 285.457886
v 116.850830 64.807381 285.376373
v 116.857559 146.926300 284.875061
v 116.859711 64.993835 285.613708
v 116.862350 110.623978 285.110657
v 116.865318 64.847710 286.196472
v 116.874832 73.939125 285.161835
v 116.878761 172.607620 266.105255
v 116.879951 101.437675 285.515015
v 116.883636 73.853065 285.763153
v 116.883636 74.096947 285.399841
v 116.885941 92.317116 285.115631
v 116.887970 119.650764 285.574554
v 116.890747 165.194626 284.861755
v 116.898499 147.124390 285.173004
v 116.904474 51.611846 285.706245
v 116.910500 128.568573 284.859863
v 116.914223 156.170074 285.340546
v 116.916245 55.673500 285.060791
v 116.922165 128.756607 285.178009
v 116.922836 91.713310 285.461700
v 116.923210 173.010529 285.176331
v 116.924919 55.766640 285.480774
v 116.926849 102.272514 285.821838
v 116.928963 147.121201 285.324738
v 116.935783 110.578239 285.192657
v 116.946777 165.293640 285.034760
v 116.947456 92.205498 285.268768
v 116.952667 172.721786 266.181885
v 116.953415 165.070099 285.256439
v 116.954735 64.723244 285.848602
v 116.962967 173.185471 266.117126
v 116.966499 55.704247 285.736115
v 116.966835 58.813240 242.615341
v 116.969734 179.129395 266.158905
v 116.971897 63.615558 226.522981
v 116.978737 73.977318 285.451813
v 116.980788 51.611080 285.683780
v 116.982895 146.898590 285.334747
v 116.983597 101.276016 285.152954
v 116.993782 128.861664 285.059265
v 116.997116 173.124680 285.252991
v 116.997635 137.849716 285.318939
v 117.002419 164.773819 285.287567
v 117.002739 82.986732 285.419525
v 117.005859 173.713623 285.079346
v 117.007301 165.190567 285.138184
v 117.007347 165.142593 284.826813
v 117.007416 173.588364 285.188232
v 117.009720 173.854843 285.103638
v 117.011147 83.116196 285.656708
v 117.011383 119.675354 285.463593
v 117.012375 128.727066 285.413025
v 117.013588 174.028702 285.079376
v 117.016083 165.166916 285.321442
v 117.019730 110.461388 284.866028
v 117.026741 92.240807 285.022766
v 117.030823 156.118042 285.305634
v 117.034973 101.368500 285.468567
v 117.035072 92.341248 285.261200
v 117.036819 146.971069 284.905121
v 117.060707 172.862167 285.264771
v 117.068153 73.852852 285.103912
v 117.071693 137.936523 285.385498
v 117.076355 74.132889 285.160461
v 117.082649 74.015511 285.741791
v 117.106308 158.631561 285.454041
v 117.125084 173.221497 285.101440
v 117.128944 173.395340 285.077148
v 117.128960 92.239349 285.043304
v 117.132683 165.114883 285.286499
v 117.132812 173.536560 285.101471
v 117.137627 147.085709 285.359711
v 117.138657 92.379326 285.550262
v 117.144402 174.025482 285.077209
v 117.147415 156.066010 285.270691
v 117.148064 64.881622 285.426208
v 117.153419 119.452919 285.193573
v 117.153419 146.919037 284.870178
v 117.153908 101.448441 227.476151
v 117.156013 65.067841 285.663391
v 117.162155 146.943359 285.364807
v 117.166397 119.606178 285.417145
v 117.172066 73.891045 285.393921
v 117.179939 74.049011 285.631195
v 117.179939 74.049019 285.631195
v 117.182243 152.037186 285.493469
v 117.186607 165.187363 284.856873
v 117.196068 82.900459 285.361603
v 117.207581 92.309189 285.534241
v 117.210556 83.430099 285.452789
v 117.220070 92.154533 284.964844
v 117.220581 173.119553 281.865417
v 117.221222 55.718708 285.712097
v 117.232117 128.725021 285.391449
v 117.244881 128.847061 285.451385
v 117.250977 119.603615 285.294739
v 117.260523 51.714521 227.820750
v 117.261841 158.562164 285.407471
v 117.262650 101.345726 285.199738
v 117.267326 93.996628 285.230164
v 117.269081 73.681061 285.647705
v 117.269493 165.285675 285.454742
v 117.273300 101.428032 285.508545
v 117.287117 128.674133 285.178925
v 117.298790 110.416245 285.083923
v 117.299522 82.546814 227.469284
v 117.299973 83.060974 285.469360
v 117.307449 83.190208 285.706390
v 117.310814 137.996246 285.425598
v 117.316933 92.253113 284.674988
v 117.317390 55.663605 285.582825
v 117.323982 92.070396 285.437042
v 117.339020 110.546867 285.482819
v 117.348732 64.981842 285.605652
v 117.348938 97.324631 285.230499
v 117.361794 140.111435 227.428802
v 117.372665 74.084953 285.391785
v 117.396347 110.566940 285.185089
v 117.408020 92.194206 285.261169
v 117.413399 92.068260 284.906921
v 117.414306 51.603175 284.738258
v 117.444160 101.264725 285.145355
v 117.448773 59.322011 285.759196
v 117.460693 128.841904 284.171936
v 117.461800 73.595055 285.589966
v 117.469299 73.965286 285.443756
v 117.471359 102.259216 285.316559
v 117.476242 74.123024 285.680878
v 117.488510 64.381294 227.657913
v 117.500175 83.226143 285.467010
v 117.530029 173.083633 275.261078
v 117.538284 137.925125 284.952515
v 117.542107 164.847702 284.021118
v 117.554115 110.443642 284.353729
v 117.611008 178.158310 251.406570
v 117.613102 58.953747 285.775519
v 117.618384 63.569569 227.012285
v 117.619011 59.124664 285.767714
v 117.625821 59.321300 285.758719
v 117.633080 173.109467 281.482635
v 117.675961 52.428937 285.692491
v 117.689491 146.476990 227.984543
v 117.691585 59.191885 285.671853
v 117.723586 59.277528 285.629585
v 117.724426 165.340240 284.215363
v 117.728432 158.649170 284.827881
v 117.737091 59.285915 252.268204
v 117.742325 91.992905 228.359161
v 117.744194 110.428879 228.202255
v 117.744331 92.296112 284.677612
v 117.746063 128.753326 228.211487
v 117.753502 164.726501 284.315765
v 117.756583 59.024757 285.586001
v 117.758537 59.242790 271.476044
v 117.783409 128.833954 284.591919
v 117.786461 119.721809 284.646942
v 117.790627 101.284065 228.329834
v 117.792496 119.720032 228.172913
v 117.792770 58.747551 285.538203
v 117.801262 174.100937 228.317291
v 117.803528 141.213409 227.949860
v 117.807640 134.738495 227.976669
v 117.811752 128.263596 228.003494
v 117.813095 164.751785 228.006836
v 117.820030 147.069153 283.647278
v 117.822084 58.894919 285.499484
v 117.823738 128.701691 228.078903
v 117.831253 155.578705 227.971741
v 117.837051 92.250778 228.291260
v 117.839630 173.116562 228.327728
v 117.848831 173.530426 228.269928
v 117.850128 178.601639 239.728577
v 117.861389 146.540161 228.464279
v 117.875763 110.533798 284.626221
v 117.879547 137.569443 228.127716
v 117.880882 174.718933 239.807114
v 117.885361 101.430405 228.428070
v 117.887230 119.866379 228.271149
v 117.893593 134.871277 228.065796
v 117.895966 59.240387 261.987793
v 117.897705 128.194000 228.394089
v 117.899040 164.783371 228.246704
v 117.905609 73.507584 228.442596
v 117.909546 92.279190 284.956024
v 117.912262 128.708511 283.684692
v 117.917419 59.319202 281.014008
v 117.922318 128.674667 228.158691
v 117.931786 92.285599 228.555634
v 117.933662 110.610039 228.564865
v 117.933662 110.833092 228.232590
v 117.935356 146.538391 228.025772
v 117.944392 59.319100 281.046784
v 117.952385 64.407288 228.403732
v 117.954269 82.867668 228.413040
v 117.957893 165.272141 228.263962
v 117.963554 165.301559 284.402069
v 117.965057 101.443863 284.459351
v 117.968750 119.641380 228.120117
v 117.975563 146.999741 283.600677
v 117.983658 128.326767 228.483215
v 117.987740 73.168564 228.457809
v 117.989624 91.741302 228.299744
v 118.017052 128.709488 228.423065
v 118.021301 146.569992 228.265640
v 118.026520 92.320412 228.820023
v 118.037506 173.577545 228.301559
v 118.039459 137.498093 228.079803
v 118.055153 152.934250 284.394318
v 118.059158 147.128876 283.687378
v 118.063484 119.787720 228.218353
v 118.085060 91.664032 228.733444
v 118.094597 55.229710 228.798599
v 118.096481 73.914803 228.473145
v 118.096489 119.681541 284.407959
v 118.103470 173.757095 228.254288
v 118.109917 110.419861 228.678207
v 118.112671 174.093307 228.312164
v 118.131836 82.676079 228.527222
v 118.143570 128.255417 228.435318
v 118.151031 173.108932 228.322601
v 118.155769 165.733124 228.237793
v 118.160408 137.942734 284.326355
v 118.178612 73.463425 228.655746
v 118.178612 73.575775 228.488373
v 118.180496 91.811462 228.832413
v 118.181221 146.599808 228.067001
v 118.182373 124.691170 228.135773
v 118.185333 140.124893 228.093811
v 118.186905 117.554543 228.165329
v 118.187744 59.308983 228.380539
v 118.189453 133.649994 228.120636
v 118.191772 101.372971 283.987854
v 118.193314 128.742355 228.204132
v 118.197922 51.697808 228.656112
v 118.204651 110.566200 228.776443
v 118.208679 156.111969 284.188080
v 118.209305 141.203461 227.943176
v 118.212532 165.265854 228.595352
v 118.213417 134.728546 227.970001
v 118.214684 147.059479 283.640778
v 118.216995 173.288483 228.275330
v 118.217537 128.253647 227.996811
v 118.218872 164.741837 228.000153
v 118.226189 173.624680 228.333206
v 118.233902 128.798676 283.957184
v 118.236404 68.556717 228.518356
v 118.237030 155.568756 227.965057
v 118.237480 123.165855 228.316925
v 118.237877 101.273094 228.322464
v 118.238009 51.697116 228.699911
v 118.239746 119.709068 228.165558
v 118.245872 110.459473 283.304565
v 118.256569 58.371155 228.479401
v 118.269875 58.857609 228.563141
v 118.271095 91.756935 228.200775
v 118.272156 55.262825 228.578033
v 118.274048 73.498505 228.922073
v 118.274048 73.610855 228.754700
v 118.274380 51.696163 228.633156
v 118.278496 165.290100 228.779434
v 118.280899 63.051201 228.464615
v 118.284302 92.239807 228.283905
v 118.286179 110.564255 228.293137
v 118.294205 63.537651 228.548370
v 118.294205 63.650002 228.380997
v 118.295120 55.685337 228.620560
v 118.297655 51.695689 228.637091
v 118.298279 146.991791 284.020660
v 118.298279 147.090195 283.874084
v 118.303482 128.386414 228.085938
v 118.309402 82.709190 228.306656
v 118.335251 165.366394 228.327240
v 118.341133 146.528442 228.019089
v 118.348915 173.569916 228.296432
v 118.356171 73.496536 228.435181
v 118.358109 173.983765 228.238632
v 118.359291 137.355362 227.983994
v 118.361696 59.318153 284.786735
v 118.365829 91.903282 228.299011
v 118.369568 128.663696 228.151321
v 118.370216 146.990067 283.594177
v 118.376335 63.310982 228.396210
v 118.382484 51.694320 228.725010
v 118.389435 128.316818 228.476532
v 118.401215 165.235336 228.742676
v 118.402946 64.396240 228.396317
v 118.413452 69.589020 283.954956
v 118.413971 68.477478 228.465179
v 118.414871 173.749466 228.249161
v 118.416000 119.630409 228.112762
v 118.424072 174.085663 228.307037
v 118.434135 58.291916 228.426208
v 118.438301 73.157516 228.450394
v 118.440186 91.730255 228.292328
v 118.447441 58.778370 228.509949
v 118.449722 55.183582 228.524841
v 118.451607 73.419266 228.868896
v 118.451607 73.643967 228.534134
v 118.453499 91.767296 229.045563
v 118.456604 176.803528 253.881271
v 118.456604 178.195526 251.807556
v 118.457977 165.311630 228.290466
v 118.462433 110.485596 228.240326
v 118.463036 55.332977 229.110703
v 118.463394 128.315048 228.038040
v 118.466911 178.137207 252.520447
v 118.467743 55.717529 228.406128
v 118.471634 173.515152 228.259674
v 118.471771 63.458412 228.495178
v 118.471771 63.570763 228.327805
v 118.478218 119.639557 283.743896
v 118.482895 155.528976 228.157013
v 118.486969 82.517601 228.420837
v 118.504585 173.118195 270.772125
v 118.521973 173.061386 254.941437
v 118.528397 173.280838 228.270203
v 118.535622 91.765335 228.558655
v 118.537407 147.051514 284.060760
v 118.537598 173.617050 228.328079
v 118.539420 51.690967 228.677891
v 118.542877 59.038151 228.441544
v 118.560532 55.751633 228.665070
v 118.561417 178.221741 253.893219
v 118.563187 175.525116 253.775146
v 118.567520 110.549629 283.577026
v 118.575256 173.118179 253.851532
v 118.580696 165.256866 228.253708
v 118.582245 60.521843 283.929413
v 118.582397 82.665031 228.519806
v 118.589897 165.282471 228.774307
v 118.594208 65.073402 283.822479
v 118.615868 73.078278 228.397202
v 118.629173 73.564728 228.480957
v 118.649338 63.379173 228.441986
v 118.653305 55.785728 228.923996
v 118.709419 54.765320 228.486877
v 118.722725 55.251770 228.570618
v 118.724609 73.487457 228.914658
v 118.758896 146.551849 228.690781
v 118.818161 55.286850 228.836960
v 118.826904 63.187580 228.556168
v 118.834785 83.193626 283.337036
v 118.840973 51.573210 282.810740
v 118.851825 51.574687 282.893999
v 118.889519 92.268242 282.539307
v 118.889519 92.366325 282.393188
v 118.926407 78.802086 283.551392
v 119.004471 63.108341 228.502975
v 119.014967 51.683887 229.150387
v 119.044540 92.297150 282.346771
v 119.068146 179.891998 236.064072
v 119.078720 173.104874 263.242920
v 119.078728 146.510315 228.444244
v 119.078728 173.104874 263.242920
v 119.085487 179.135803 263.155090
v 119.085495 179.135803 263.155090
v 119.100479 173.602448 236.037216
v 119.121872 101.350250 283.124756
v 119.140572 92.208611 282.536987
v 119.141869 156.187576 283.175507
v 119.142288 55.793625 281.565460
v 119.173039 51.567312 282.457247
v 119.173294 55.240723 228.563202
v 119.181854 74.000252 282.436249
v 119.240311 101.434273 229.153671
v 119.285199 59.314030 282.676087
v 119.323708 119.533722 229.011871
v 119.335774 59.314037 283.749129
v 119.366180 92.289223 282.765350
v 119.366180 92.387306 282.619232
v 119.380749 59.313796 283.440713
v 119.381662 59.313792 283.442234
v 119.403428 59.313712 283.478512
v 119.416573 101.355621 229.100876
v 119.427655 59.313596 283.381607
v 119.428719 59.313591 283.377351
v 119.455032 63.097290 228.495560
v 119.467677 63.695839 228.411950
v 119.467714 63.695946 228.411978
v 119.476107 59.313444 283.599644
v 119.496841 82.679977 229.258209
v 119.509846 58.318226 228.443867
v 119.512589 140.699280 228.916687
v 119.529744 59.313106 282.973250
v 119.540459 92.320694 282.875732
v 119.546036 55.783669 282.090912
v 119.546036 55.906792 281.907501
v 119.551277 173.092514 270.754883
v 119.557527 58.371985 228.479954
v 119.557838 160.769257 282.423035
v 119.561478 128.782990 229.677429
v 119.581741 74.112328 282.774994
v 119.587747 58.663655 228.502827
v 119.599561 58.781067 228.511769
v 119.617864 58.637173 228.525621
v 119.619102 63.505162 228.526558
v 119.625211 58.706362 228.531182
v 119.634891 63.256410 228.538508
v 119.636471 59.312702 283.102941
v 119.637692 58.824066 228.540629
v 119.637816 59.312697 283.104576
v 119.637816 59.312697 283.104576
v 119.654320 173.118362 276.976440
v 119.660091 63.687935 228.557582
v 119.665100 142.629028 282.368103
v 119.668232 58.858500 228.563743
v 119.707611 169.260147 281.718842
v 119.737740 128.815857 229.458496
v 119.758347 147.021835 281.488861
v 119.759655 51.671950 229.860441
v 119.763267 52.265940 228.635672
v 119.794445 52.226635 228.659270
v 119.798393 83.251389 282.321747
v 119.801308 55.777760 281.798981
v 119.801308 55.899704 281.617310
v 119.839684 64.921082 282.402649
v 119.849317 52.640141 228.700800
v 119.850090 51.539452 281.591123
v 119.860504 134.755463 229.300018
v 119.873405 52.578740 228.719031
v 119.904892 55.815830 282.088043
v 119.910225 133.636246 281.860901
v 119.913872 147.050842 281.295685
v 119.952744 74.144005 281.478668
v 119.958832 58.852669 238.028748
v 119.994034 55.691757 281.741241
v 119.994034 55.813698 281.559570
v 119.997467 146.983154 281.675568
v 119.997467 147.081558 281.528961
v 119.999117 51.668168 230.054472
v 120.015129 137.963104 281.788025
v 120.020065 110.595871 230.242401
v 120.037487 51.526727 281.359002
v 120.056549 58.775883 233.121353
v 120.069405 146.981430 281.249084
v 120.097618 55.729828 282.030304
v 120.102928 73.528389 230.398895
v 120.115219 55.851936 280.540344
v 120.123657 101.423897 281.690491
v 120.129974 155.657074 229.336304
v 120.136398 64.391045 229.606796
v 120.180473 174.528381 255.926178
v 120.196320 110.517212 230.189590
v 120.213158 173.048813 255.873032
v 120.215927 155.688675 229.576172
v 120.236595 147.042877 281.715668
v 120.249054 73.974129 281.891663
v 120.252243 137.342499 229.505981
v 120.254257 138.022827 281.828125
v 120.291054 110.440506 230.620117
v 120.315842 82.659843 229.730286
v 120.410110 119.690483 281.446503
v 120.414391 55.803539 280.773926
v 120.458061 73.594620 229.957764
v 120.487785 110.568214 280.622070
v 120.493614 59.309039 281.976479
v 120.494509 51.499776 280.761803
v 120.548843 110.471428 229.917847
v 120.562050 110.508194 230.665558
v 120.643570 110.506248 230.182236
v 120.660408 101.312737 280.979980
v 120.680439 51.485577 280.531831
v 120.699707 64.818817 281.279938
v 120.709190 74.003677 280.066864
v 120.726120 110.529663 280.808167
v 120.752625 173.665665 234.066010
v 120.777061 179.798538 233.987701
v 120.807808 173.663956 237.420929
v 120.813100 51.471924 280.253888
v 120.844032 51.655002 230.630182
v 120.851151 83.185066 280.959625
v 120.864723 138.007996 280.542175
v 120.929787 173.088684 261.163971
v 120.962860 119.753571 230.364471
v 120.983566 55.748688 279.406769
v 121.029045 164.822205 278.910950
v 121.043869 83.221008 280.720245
v 121.068680 128.937576 279.102875
v 121.085152 64.890694 280.801147
v 121.103851 138.067719 280.582275
v 121.133102 165.302979 279.043488
v 121.152122 156.236954 280.444000
v 121.160027 164.759476 279.073730
v 121.173851 146.502060 230.840836
v 121.182236 147.083969 279.048798
v 121.196892 92.242424 231.177719
v 121.229523 146.491043 230.836548
v 121.231987 101.385284 230.566818
v 121.241493 52.377865 276.079803
v 121.264572 92.311562 231.303833
v 121.271376 51.436213 279.655633
v 121.282097 55.284607 279.308228
v 121.282158 128.666306 231.045135
v 121.282738 55.700291 279.640350
v 121.288155 137.886703 279.103790
v 121.301804 74.029755 280.347900
v 121.302002 146.984192 279.336945
v 121.311127 155.609985 230.390503
v 121.313746 51.428619 279.404369
v 121.318817 128.794174 279.451508
v 121.324425 52.336723 257.161407
v 121.326454 156.137833 279.342468
v 121.331497 52.006340 276.096466
v 121.331581 174.030106 254.581635
v 121.331636 52.421219 281.491308
v 121.332748 91.661026 231.063080
v 121.343399 173.089249 249.453827
v 121.344925 147.011368 279.000061
v 121.348915 173.135666 278.710571
v 121.349655 92.357925 279.738525
v 121.349774 58.771139 229.836444
v 121.351791 128.176468 231.006226
v 121.351936 172.616150 272.420380
v 121.352203 173.113739 249.952026
v 121.353127 164.765839 230.858826
v 121.357719 173.160156 279.208771
v 121.357719 173.457397 278.765961
v 121.357986 178.190567 249.987701
v 121.358597 52.172737 247.472916
v 121.359497 172.840683 254.425552
v 121.359497 173.063614 254.093445
v 121.360741 173.012192 272.365082
v 121.361343 51.420176 279.122097
v 121.361511 165.315521 231.094193
v 121.363322 51.429672 279.541432
v 121.364868 110.439514 278.990265
v 121.365662 51.719231 266.591400
v 121.366516 173.556198 279.153442
v 121.368294 173.088120 254.591629
v 121.368294 178.141083 247.064056
v 121.372742 55.698139 279.106750
v 121.375023 110.488213 231.134140
v 121.375595 137.918839 279.347809
v 121.375946 73.848740 231.310120
v 121.376434 92.244026 279.065613
v 121.380249 52.375439 266.499756
v 121.380867 128.307083 231.010696
v 121.381363 164.739288 278.694733
v 121.381363 173.136139 266.185638
v 121.382675 128.721924 279.242554
v 121.383232 165.262512 279.238770
v 121.390167 164.763794 279.192902
v 121.394066 128.792374 279.005402
v 121.394699 172.641449 256.861084
v 121.394699 172.790070 256.639679
v 121.394699 174.499161 254.093597
v 121.397720 172.567795 249.906693
v 121.397720 172.716400 249.685303
v 121.401703 156.033096 279.049713
v 121.401703 156.136032 278.896362
v 121.403503 173.037491 256.805786
v 121.406754 110.120010 231.001083
v 121.408930 52.030941 281.446559
v 121.413811 177.595123 247.018738
v 121.414215 52.218331 281.443499
v 121.414215 52.329467 281.443499
v 121.414215 59.305236 281.443499
v 121.414421 52.088326 256.994690
v 121.417262 52.326023 281.439498
v 121.417915 137.352203 230.627762
v 121.417915 137.450180 230.481781
v 121.418785 55.281371 281.437497
v 121.420837 173.629211 278.720703
v 121.421104 174.052505 256.363037
v 121.423859 173.109695 272.430511
v 121.426880 172.664490 266.029633
v 121.427094 164.764069 230.420319
v 121.432373 146.940567 279.397461
v 121.436081 52.167908 276.204926
v 121.438705 174.473038 256.805908
v 121.438797 92.233856 279.391693
v 121.449921 128.784256 279.015076
v 121.450844 137.917038 278.901703
v 121.457535 147.013199 279.143768
v 121.457558 172.687210 278.730713
v 121.457817 173.110504 256.373047
v 121.457817 177.717621 249.509659
v 121.458481 165.260712 278.792664
v 121.466354 172.860321 279.007507
v 121.468132 172.615173 254.113586
v 121.480080 74.025490 279.290955
v 121.483566 146.559830 230.456100
v 121.504852 119.665894 230.787628
v 121.505890 52.293022 236.965210
v 121.513168 92.335007 279.192780
v 121.518608 91.695679 230.832199
v 121.522766 174.437363 256.993134
v 121.531197 155.622589 230.625092
v 121.535660 69.122513 230.921188
v 121.545143 172.755112 256.615906
v 121.545143 174.495102 254.023773
v 121.549204 59.263770 229.987386
v 121.549355 146.449509 230.590012
v 121.549408 92.196632 230.905975
v 121.551277 110.521080 230.915207
v 121.555611 100.866379 230.888809
v 121.555611 100.983978 230.713608
v 121.556190 92.277550 278.842346
v 121.556908 172.723587 278.591522
v 121.561020 74.000351 230.905777
v 121.561234 165.286972 231.294373
v 121.561340 146.584045 231.117630
v 121.562218 172.724716 266.183838
v 121.562622 92.344925 231.487534
v 121.563370 73.567360 231.396225
v 121.564191 51.644068 231.297900
v 121.564789 128.872971 279.088837
v 121.565750 178.119476 249.876450
v 121.567215 172.926270 278.915588
v 121.567215 173.100266 278.656372
v 121.567520 172.551849 254.035385
v 121.569290 172.552231 249.899506
v 121.569290 172.726227 249.640289
v 121.571510 120.933800 230.635803
v 121.572517 173.188400 266.119080
v 121.572525 164.836411 278.561340
v 121.572922 55.266769 230.983368
v 121.576057 174.059158 256.551239
v 121.577515 173.215958 279.110016
v 121.577515 173.302948 278.980408
v 121.577515 173.563950 278.591614
v 121.577582 51.644161 230.878535
v 121.577827 172.754532 254.359451
v 121.577827 177.626541 247.101471
v 121.578193 63.802276 230.009326
v 121.579498 137.410965 231.082550
v 121.579597 173.015915 249.834747
v 121.581436 92.214317 279.268982
v 121.582031 63.618515 230.516266
v 121.582603 55.235996 279.542847
v 121.582825 164.778091 279.274231
v 121.582825 164.865082 279.144623
v 121.585724 55.786385 231.284821
v 121.586792 55.773781 231.070648
v 121.587822 173.592636 279.174866
v 121.589401 165.311584 279.092163
v 121.590752 173.141068 235.996964
v 121.591362 172.636398 272.328766
v 121.592955 51.419168 279.511667
v 121.593880 119.607285 279.245361
v 121.593880 119.721024 279.075928
v 121.594223 52.326180 247.609222
v 121.595901 59.090191 238.104858
v 121.596001 51.974812 247.483459
v 121.597656 128.237885 231.047455
v 121.597710 101.376266 231.042786
v 121.597710 101.487793 230.876633
v 121.597862 83.014816 231.136597
v 121.597862 83.131920 230.962143
v 121.598991 164.726074 231.050797
v 121.599350 173.483459 230.740204
v 121.599579 119.589188 231.218155
v 121.599579 119.700714 231.052002
v 121.601662 173.013077 272.393616
v 121.601662 173.100067 272.264008
v 121.603546 173.662857 235.997025
v 121.605446 101.411797 279.320740
v 121.608658 178.720673 247.213455
v 121.608742 173.971588 254.424377
v 121.608932 52.447685 247.564865
v 121.610855 178.775162 241.996902
v 121.611046 173.140717 234.595886
v 121.614151 173.373901 242.340271
v 121.614151 173.643997 241.937897
v 121.617149 155.552994 231.015701
v 121.617149 155.755356 230.714218
v 121.619049 172.695267 256.951752
v 121.619049 173.043274 256.433319
v 121.619049 177.741272 249.434570
v 121.619997 52.596295 230.040966
v 121.623642 64.905350 231.127014
v 121.623840 173.662506 234.595947
v 121.624031 165.273056 231.299164
v 121.624332 58.953756 230.044248
v 121.624954 55.855194 279.479309
v 121.626945 178.757462 235.097580
v 121.629349 173.071960 257.016602
v 121.629669 128.817780 278.791809
v 121.630234 173.626297 235.038589
v 121.632004 128.820908 278.357178
v 121.632011 115.562592 230.842407
v 121.632011 115.680199 230.667206
v 121.633339 179.369492 234.574524
v 121.634674 128.620529 230.773407
v 121.634712 92.263489 231.018509
v 121.635132 69.041977 231.373230
v 121.635132 69.159073 231.198776
v 121.635254 51.997776 245.264435
v 121.635738 51.412334 279.258072
v 121.636116 164.225891 279.091553
v 121.636116 164.486877 278.702728
v 121.637503 52.187555 230.054217
v 121.638794 74.017349 279.258850
v 121.638832 173.104385 231.069412
v 121.638832 173.320465 230.747513
v 121.639448 51.643083 231.156700
v 121.639613 51.413563 279.329996
v 121.640105 59.298708 230.056186
v 121.641113 173.214432 278.733002
v 121.641235 110.622284 278.867157
v 121.641747 178.323776 247.180511
v 121.641819 64.144973 230.057483
v 121.643188 173.014389 249.457703
v 121.644592 110.572685 279.141357
v 121.645966 92.188057 280.151520
v 121.646011 110.444374 231.345718
v 121.646130 52.226897 230.060746
v 121.647240 173.193085 241.985428
v 121.647385 91.801079 231.253372
v 121.647888 128.768829 231.354950
v 121.647951 52.582301 230.062124
v 121.648193 52.579926 245.183121
v 121.649002 58.892811 247.335373
v 121.650337 178.342056 242.406601
v 121.651627 173.626175 231.069473
v 121.651726 173.129700 254.047256
v 121.653465 137.308014 230.794785
v 121.653465 137.409195 230.644043
v 121.654404 52.338699 234.510880
v 121.655510 100.903091 231.167587
v 121.656140 52.595334 230.068322
v 121.656921 55.254406 231.485901
v 121.658028 174.076141 230.787827
v 121.659250 51.642883 231.107009
v 121.660484 73.919815 231.357819
v 121.662033 178.204391 247.113342
v 121.662865 59.399818 247.422653
v 121.663330 173.283432 234.925156
v 121.665123 52.483448 240.272415
v 121.666435 173.678665 242.428131
v 121.666626 128.260849 231.233810
v 121.671623 128.236115 230.608948
v 121.672829 178.558258 235.547546
v 121.672958 164.724304 230.612289
v 121.673004 55.233833 279.006897
v 121.674072 51.996586 247.624023
v 121.676125 173.319046 235.649490
v 121.677025 119.605301 278.752472
v 121.678513 52.215988 236.913498
v 121.680275 55.687191 231.094238
v 121.681503 58.736839 238.120728
v 121.682526 173.660980 235.528809
v 121.683210 51.406602 279.071720
v 121.684723 173.283310 230.956039
v 121.688591 101.296074 278.997253
v 121.688591 101.409813 278.827820
v 121.691452 52.688911 236.994904
v 121.692024 179.043839 235.990234
v 121.692444 101.411087 231.307159
v 121.692513 110.073784 231.224197
v 121.695366 59.360954 238.033554
v 121.695366 63.927883 231.230042
v 121.695366 64.044983 231.055603
v 121.696152 55.820381 279.248718
v 121.697334 83.051376 231.414185
v 121.698097 164.809692 230.637024
v 121.700974 137.979523 278.943634
v 121.702293 55.315376 280.665161
v 121.703011 165.271164 230.830948
v 121.712814 128.815781 278.298889
v 121.718399 91.886719 231.214569
v 121.726288 128.739548 279.230865
v 121.731911 115.599312 231.121185
v 121.734177 92.182945 231.470551
v 121.737846 110.544060 279.306213
v 121.742973 58.860100 276.226013
v 121.744957 52.044678 240.449905
v 121.747177 52.482014 234.607086
v 121.749413 92.348572 279.381592
v 121.752457 64.874443 279.736176
v 121.752594 128.258804 230.724152
v 121.761101 58.808472 237.999084
v 121.761101 63.414917 231.136703
v 121.768593 147.071213 278.757355
v 121.769821 59.268784 247.513382
v 121.771301 121.007233 231.193375
v 121.776024 128.712280 279.236084
v 121.776382 73.977554 279.522308
v 121.777229 179.333969 234.850479
v 121.778481 110.071732 230.714539
v 121.779793 92.251312 279.022614
v 121.780251 147.103653 279.417145
v 121.780388 173.666138 235.912170
v 121.781685 178.737350 247.370819
v 121.782605 55.297622 280.959709
v 121.786255 137.952744 279.016449
v 121.787643 129.235046 279.163055
v 121.791267 59.225658 266.721252
v 121.791908 147.529739 279.490479
v 121.793625 119.722153 279.348175
v 121.797913 138.083603 279.529602
v 121.799614 110.601593 278.948822
v 121.800316 83.202621 279.126770
v 121.802765 55.859566 279.546234
v 121.803917 128.834290 279.275513
v 121.810417 58.998848 256.972748
v 121.812439 178.737183 241.665405
v 121.814529 156.125916 278.889557
v 121.816839 63.607224 230.189950
v 121.817215 101.415291 279.353149
v 121.817215 101.513374 279.207031
v 121.817627 58.787575 276.087341
v 121.817673 55.891136 279.239899
v 121.820987 58.897620 280.909305
v 121.821182 54.801071 231.181595
v 121.821632 178.762787 242.185989
v 121.821632 178.840439 242.070312
v 121.823196 92.294739 278.953796
v 121.824242 92.305733 278.912933
v 121.824791 173.716156 242.322250
v 121.824951 91.834198 231.032806
v 121.825111 59.063240 257.125580
v 121.826287 51.401585 279.096381
v 121.827385 64.977638 279.700073
v 121.828522 165.272888 279.278870
v 121.829819 59.222388 280.897706
v 121.830833 178.788391 242.706589
v 121.832489 59.330978 276.180908
v 121.833992 178.633759 235.555069
v 121.833992 178.944366 235.092346
v 121.834429 59.332323 276.505334
v 121.834488 55.399872 231.097961
v 121.834534 156.121979 278.878174
v 121.834808 92.425156 279.465271
v 121.836372 73.523201 231.609375
v 121.837151 74.054337 279.012482
v 121.837151 173.664780 235.575653
v 121.841599 64.872307 279.207703
v 121.843224 58.469452 238.014297
v 121.845558 73.954323 231.127945
v 121.846184 156.252838 279.391357
v 121.846256 58.807426 280.876120
v 121.846558 59.142059 276.151764
v 121.847725 128.710571 278.811005
v 121.852188 147.101929 278.990662
v 121.852386 179.073212 236.017868
v 121.853956 58.776302 230.218042
v 121.854002 55.229202 280.865947
v 121.856364 59.347531 280.174003
v 121.857750 58.317806 230.220914
v 121.858955 58.778877 247.711563
v 121.859344 128.840988 279.322479
v 121.859344 129.135254 278.884125
v 121.860115 59.249577 247.377228
v 121.860450 59.350364 280.857479
v 121.861771 83.172417 279.166290
v 121.863846 147.429611 279.210602
v 121.865326 119.622353 279.069214
v 121.865326 119.720436 278.923096
v 121.865524 73.975426 278.993835
v 121.867325 58.912804 266.678802
v 121.868755 58.714831 230.229243
v 121.869843 64.161148 231.152039
v 121.869843 64.273506 230.984650
v 121.869850 137.983475 279.249725
v 121.870544 155.661545 230.848602
v 121.870956 129.265671 279.395569
v 121.871727 82.621536 231.161331
v 121.871727 82.733887 230.993958
v 121.872360 173.145645 242.274902
v 121.872635 165.201691 231.404938
v 121.873530 59.041799 280.840302
v 121.875519 173.146317 234.892014
v 121.875854 128.832565 278.849030
v 121.877090 173.146667 231.200577
v 121.877090 173.301956 230.969223
v 121.879974 74.137573 279.629730
v 121.880402 58.857697 266.737762
v 121.881554 173.326553 242.564133
v 121.882927 110.534134 279.327454
v 121.883988 59.303228 280.826568
v 121.884712 173.327225 235.181259
v 121.884712 173.560181 234.834213
v 121.886292 173.560516 231.142776
v 121.886398 92.164986 279.507111
v 121.888916 101.413574 278.928070
v 121.890755 173.585098 242.737686
v 121.893324 55.284475 280.814307
v 121.893324 55.284477 280.814307
v 121.893906 173.197525 235.933212
v 121.893906 173.352829 235.701843
v 121.893906 173.585785 235.354813
v 121.894071 59.303051 280.130422
v 121.894508 55.731865 279.189301
v 121.895210 178.346390 247.276184
v 121.895493 174.129669 230.853622
v 121.896790 179.045578 242.543625
v 121.896790 179.200882 242.312271
v 121.897751 55.228157 280.606598
v 121.899162 129.291107 279.582153
v 121.899400 58.952464 280.806329
v 121.899948 178.890961 235.392105
v 121.899948 179.046265 235.160751
v 121.900467 165.271179 278.852386
v 121.903900 83.118744 279.597504
v 121.907035 59.222317 280.796302
v 121.907478 58.429466 247.456390
v 121.908249 146.997650 278.101044
v 121.909149 179.382462 235.218628
v 121.914253 58.695282 257.142090
v 121.917023 59.289040 256.896332
v 121.918121 156.152710 279.111481
v 121.918503 73.521233 231.122482
v 121.919128 64.849945 279.343140
v 121.919128 64.975449 279.156158
v 121.920387 91.756920 231.466522
v 121.920784 58.915920 247.540131
v 121.920853 63.156417 230.268674
v 121.921257 55.807266 279.710632
v 121.922843 63.236565 230.270180
v 121.924240 59.077770 276.010925
v 121.925354 63.073933 230.665024
v 121.927826 92.221863 279.383667
v 121.928696 59.345200 257.051331
v 121.929398 165.277985 230.952728
v 121.931398 63.581115 230.276655
v 121.934364 165.214844 277.649597
v 121.935783 147.034241 279.370544
v 121.935783 147.329483 278.930725
v 121.938660 63.448032 230.916138
v 121.941788 137.981750 278.823242
v 121.943054 173.481506 230.921936
v 121.943756 73.968018 279.496948
v 121.945183 64.910378 279.496765
v 121.946944 55.246237 280.743891
v 121.948647 119.652977 279.301727
v 121.950142 59.302071 276.259186
v 121.951859 58.745361 247.581207
v 121.953392 119.560593 278.968231
v 121.953445 138.112610 279.336426
v 121.965279 64.420937 231.083618
v 121.967163 82.656616 231.427673
v 121.968384 83.211601 279.463806
v 121.969109 74.013496 279.282928
v 121.969582 128.915527 278.643158
v 121.973503 55.308891 279.057281
v 121.973938 59.328503 266.415405
v 121.980385 174.459732 257.118134
v 122.008301 173.121689 257.183441
v 122.008774 58.784824 257.100311
v 122.025398 155.592438 230.802216
v 122.085793 128.920319 278.614838
v 122.107911 55.275741 280.532500
v 122.123231 55.330163 280.512382
v 122.189049 137.967590 278.490723
v 122.209450 146.574570 231.524734
v 122.215164 156.184799 278.039276
v 122.245827 147.092270 278.386993
v 122.280144 173.610367 235.027878
v 122.283249 179.029434 235.046677
v 122.379051 55.298893 279.585083
v 122.407646 173.013290 252.614456
v 122.422440 165.305862 277.043335
v 122.434631 165.236862 277.886841
v 122.442856 174.448837 252.614594
v 122.453514 137.424698 231.311661
v 122.519165 146.534348 231.285980
v 122.574509 55.211670 279.526520
v 122.661964 55.845032 231.908234
v 122.672569 165.265411 277.238617
v 122.709878 55.313449 279.741965
v 122.756520 55.262683 279.680713
v 122.769958 55.248119 279.283752
v 122.874947 115.649612 231.663223
v 122.891983 173.149246 260.092407
v 122.927338 55.802101 232.115433
v 122.929703 137.445663 231.537476
v 122.945538 55.297330 279.432484
v 123.022373 51.622679 232.214656
v 123.033073 173.072830 247.034103
v 123.047590 55.270044 279.298464
v 123.084366 177.603699 247.024475
v 123.143148 59.291626 231.193787
v 123.144470 173.093430 261.018402
v 123.158188 178.286591 247.155548
v 123.171912 59.370614 278.437255
v 123.204834 172.796188 247.008987
v 123.206964 59.368808 277.787020
v 123.206964 59.371229 278.390980
v 123.206964 59.371618 278.487885
v 123.206964 59.374028 279.089166
v 123.220169 173.694092 247.224655
v 123.258629 96.434669 231.980194
v 123.268608 128.260712 232.359589
v 123.295631 105.605370 232.036789
v 123.299149 173.368088 247.239304
v 123.351837 128.291290 232.591858
v 123.423462 128.289581 232.167221
v 123.425001 59.377860 278.802828
v 123.449645 59.375488 278.070599
v 123.449645 59.375488 278.070599
v 123.511627 173.110611 247.059479
v 123.517410 178.187439 247.095169
v 123.557144 172.564667 247.014160
v 123.578156 78.673096 232.271027
v 123.578323 128.220474 232.120834
v 123.580971 128.292145 232.779648
v 123.604256 178.743744 247.228943
v 123.614998 87.804665 232.327393
v 123.616341 169.779053 232.339340
v 123.640640 173.161667 247.217468
v 123.641075 137.897888 276.441833
v 123.644897 151.621185 276.310638
v 123.653442 173.683456 247.217529
v 123.661560 128.349060 232.207138
v 123.695497 64.113861 231.611841
v 123.736465 160.350891 232.090668
v 123.773651 106.059334 276.541595
v 123.819702 160.381485 232.322952
v 123.820679 74.047722 277.109497
v 123.821007 96.846855 276.502258
v 123.822949 51.336454 276.470526
v 123.832993 78.732262 276.999451
v 123.864365 160.776199 276.004822
v 123.892616 110.058846 232.993134
v 123.917320 156.177567 276.032318
v 123.918007 167.847366 275.963654
v 123.949364 87.722641 276.796356
v 123.952698 128.243851 232.493103
v 123.989197 115.075867 276.203613
v 124.027054 160.806534 275.802734
v 124.031342 78.769249 276.753052
v 124.031349 78.769249 276.753052
v 124.096970 119.584137 276.034607
v 124.102310 160.701797 275.509979
v 124.121597 124.321869 276.019653
v 124.147003 151.164215 232.488129
v 124.152489 128.199692 233.225861
v 124.178375 110.012619 233.216248
v 124.180450 60.319077 276.572937
v 124.205070 69.562660 276.539825
v 124.257248 174.478500 254.079727
v 124.264343 110.010567 232.706589
v 124.283546 87.749168 233.049301
v 124.285164 173.140457 254.145035
v 124.338348 128.351959 232.819794
v 124.344208 59.296463 233.435287
v 124.364235 110.047279 232.985367
v 124.411179 59.371887 243.101990
v 124.426491 52.322670 275.716522
v 124.579575 92.191063 232.994324
v 124.596245 59.289299 243.046555
v 124.640770 142.106125 232.971909
v 124.695717 59.442963 243.149689
v 124.715187 173.054779 262.277100
v 124.786194 128.743973 274.301361
v 124.790131 173.028824 255.997055
v 124.873642 128.776108 274.545380
v 124.877983 92.300743 233.827118
v 124.887293 59.318702 276.172659
v 124.899750 147.096252 273.940582
v 124.921489 59.297758 232.539751
v 124.935318 106.030998 275.047852
v 124.998650 100.938454 233.478577
v 125.082133 51.592510 233.547085
v 125.123772 128.838593 274.587311
v 125.140938 173.094193 259.091949
v 125.206161 132.850357 233.322983
v 125.218636 180.596588 256.259613
v 125.223175 173.463959 256.289154
v 125.237328 147.087921 274.379913
v 125.248123 92.252670 233.541779
v 125.268315 51.303465 274.651467
v 125.289391 132.978928 233.409286
v 125.312292 51.587653 234.071582
v 125.358017 165.271210 234.216324
v 125.380081 180.666687 258.715363
v 125.438934 173.384125 258.644257
v 125.447479 69.455582 233.928360
v 125.456795 156.139999 274.227448
v 125.469696 178.572205 244.895813
v 125.479393 173.674927 244.877075
v 125.482880 165.286179 233.876160
v 125.483833 92.257591 273.421661
v 125.484383 74.049049 274.127014
v 125.510109 60.477673 233.975143
v 125.511566 78.649467 275.045349
v 125.527481 132.842438 233.741150
v 125.528763 165.303040 234.004227
v 125.532043 156.138199 273.781342
v 125.546951 69.609238 234.031494
v 125.549332 59.304878 243.816162
v 125.565582 62.622814 234.149826
v 125.571183 51.583769 234.276435
v 125.580444 92.293106 273.691284
v 125.581146 55.372814 234.187424
v 125.584213 55.753494 234.093689
v 125.591652 169.748474 233.836380
v 125.595291 83.111633 233.985184
v 125.630669 52.021461 247.514771
v 125.643600 52.494335 247.596176
v 125.648140 173.635880 234.111130
v 125.648140 173.743927 233.950180
v 125.653564 58.522747 234.181198
v 125.654533 174.085846 233.829483
v 125.688721 171.906540 233.884171
v 125.692795 64.024696 234.078629
v 125.697556 56.531265 234.109665
v 125.699516 165.280869 233.872604
v 125.724426 51.582387 234.281775
v 125.737076 128.831345 273.147827
v 125.748634 110.522118 273.392639
v 125.765579 132.901901 233.781067
v 125.766693 55.768654 234.217117
v 125.789345 73.999718 274.365112
v 125.809456 101.460876 273.946381
v 125.823730 92.194496 273.831329
v 125.832428 115.459282 233.822708
v 125.856812 92.248398 273.907043
v 125.869225 59.234421 252.248962
v 125.899681 122.003174 233.895020
v 125.905716 82.990097 274.162018
v 125.905716 83.115601 273.975037
v 125.926132 59.273884 261.768066
v 125.928391 110.555634 273.169342
v 125.929703 155.627014 233.789856
v 125.930344 92.233681 274.128876
v 125.930344 92.359184 273.941895
v 125.972839 73.995331 273.277283
v 125.983047 59.313347 271.287140
v 126.013435 128.786636 273.363617
v 126.025002 110.477409 273.608398
v 126.025002 110.591148 273.438965
v 126.052536 164.798721 272.471985
v 126.073074 151.630569 273.202576
v 126.113747 146.511154 234.658356
v 126.128700 92.270668 273.882477
v 126.157402 119.723404 273.424469
v 126.233093 164.769516 272.612976
v 126.254967 173.090286 272.417480
v 126.263771 173.486328 272.362183
v 126.268608 146.540039 234.465988
v 126.277802 74.071503 273.328430
v 126.319595 170.810242 272.492798
v 126.326889 173.509521 272.538330
v 126.326889 173.583832 272.427643
v 126.327126 123.756424 234.309479
v 126.334549 55.161362 272.811523
v 126.350540 164.717117 272.577789
v 126.394547 166.474396 272.633331
v 126.426895 55.746834 272.961365
v 126.439598 55.323639 272.920441
v 126.484070 174.373474 262.680542
v 126.511978 173.035431 262.745850
v 126.527336 100.979248 234.522507
v 126.558136 64.778587 273.599670
v 126.578323 146.499817 234.227249
v 126.582764 74.022171 273.566528
v 126.635048 55.236420 272.861908
v 126.659332 87.768799 234.580811
v 126.731865 55.823006 273.012482
v 126.740579 51.280170 272.769781
v 126.742310 142.522522 272.205139
v 126.758804 87.805359 234.858398
v 126.790718 165.233612 271.433441
v 126.795273 137.820938 272.385986
v 126.799088 151.647186 272.101440
v 126.801178 132.974411 234.464981
v 126.813095 100.933022 234.745621
v 126.834000 137.382248 234.671097
v 126.878159 165.265762 271.677490
v 126.887527 96.423805 234.514282
v 126.961777 151.677536 271.899353
v 126.965790 51.596824 235.281647
v 127.043343 87.759331 235.080566
v 127.095840 83.086525 272.870636
v 127.128296 165.225296 271.872772
v 127.139313 119.661545 272.153992
v 127.184402 123.735344 234.803619
v 127.215103 172.720657 266.067322
v 127.223907 173.042404 266.122711
v 127.245087 59.341911 238.273834
v 127.258812 59.325497 234.308791
v 127.291039 78.581734 235.246353
v 127.339449 59.308218 272.935394
v 127.352660 51.592356 235.583281
v 127.363487 173.411499 255.932770
v 127.366809 64.130227 234.390530
v 127.401993 83.106224 235.246811
v 127.422073 180.641647 255.968689
v 127.438400 106.121582 271.667664
v 127.450077 51.558789 235.594790
v 127.570061 123.725838 235.305511
v 127.570061 123.843437 235.130310
v 127.629097 59.332443 238.773590
v 127.631508 137.395279 235.315079
v 127.637833 180.636124 258.213104
v 127.640770 160.287476 235.224289
v 127.707001 173.006851 255.661148
v 127.712456 110.625877 270.512848
v 127.746773 115.490562 235.368546
v 127.759811 173.376770 258.318176
v 127.777695 128.739624 270.294250
v 127.820631 51.591073 235.893254
v 127.891251 146.988968 270.086823
v 127.892212 110.545662 270.459015
v 127.913635 59.403511 238.821289
v 127.915702 51.563972 235.947704
v 127.953033 101.484421 271.012756
v 127.980995 83.232292 271.341187
v 127.988823 110.467430 270.898071
v 127.993309 87.791328 271.418091
v 127.994690 173.123337 258.469208
v 128.025024 96.895935 271.127899
v 128.042038 128.306595 235.566574
v 128.051300 151.198792 235.475784
v 128.060394 128.774658 270.160370
v 128.084610 137.823837 270.385834
v 128.115265 128.834244 270.580200
v 128.132782 101.404205 270.958923
v 128.172043 137.958923 270.476501
v 128.191666 87.702812 271.358704
v 128.206161 151.129684 235.429382
v 128.218811 91.805176 236.242615
v 128.228821 146.980652 270.526154
v 128.300980 119.746948 270.490845
v 128.306335 92.255417 236.580276
v 128.321608 51.320767 270.590035
v 128.336761 128.729965 270.376129
v 128.391510 147.010986 270.324066
v 128.408615 174.326538 260.079773
v 128.485693 64.124465 235.237374
v 128.499649 173.160324 260.099823
v 128.558029 160.764633 269.990784
v 128.579559 173.671326 240.905624
v 128.588364 87.776794 270.865906
v 128.590546 91.756897 235.956070
v 128.596466 174.321518 264.251465
v 128.624374 173.057785 264.206085
v 128.676468 92.207336 236.294952
v 128.699921 141.973618 236.059128
v 128.699921 142.071594 235.913162
v 128.737473 69.452126 270.498840
v 128.739090 83.229431 236.341736
v 128.866821 172.583038 247.026489
v 128.874115 110.597534 269.019104
v 128.875610 172.904770 247.081879
v 128.887233 59.376927 235.541286
v 128.887421 119.068436 236.245392
v 128.890228 91.867050 236.792419
v 128.901184 73.936783 237.189468
v 128.923386 119.618050 269.666962
v 128.938736 173.076584 247.036636
v 129.023636 83.183403 236.563889
v 129.050755 59.374276 235.665050
v 129.088028 52.250198 269.521118
v 129.114700 101.456085 269.519012
v 129.148300 173.170624 247.223495
v 129.150482 110.552834 269.234894
v 129.161102 173.692429 247.223541
v 129.200577 173.529419 247.230865
v 129.216156 60.447208 270.149750
v 129.229568 55.683449 236.992096
v 129.238091 59.344261 235.806838
v 129.259338 142.025162 236.517227
v 129.261948 91.818764 236.505875
v 129.268600 164.721390 236.718369
v 129.271332 74.005806 236.729691
v 129.282883 119.685089 269.220367
v 129.297104 55.779236 236.894562
v 129.333954 64.910805 236.950928
v 129.354523 165.280914 237.257980
v 129.423462 164.848251 236.380035
v 129.482178 55.696648 236.839127
v 129.489967 59.262330 235.997474
v 129.519012 64.828217 236.895493
v 129.525269 165.312744 237.045883
v 129.535278 59.363594 240.312820
v 129.535751 110.115982 237.351837
v 129.546753 58.933289 247.362549
v 129.550827 173.110641 251.555740
v 129.555511 78.718155 269.667114
v 129.557343 101.407394 268.748993
v 129.560623 59.440296 247.449829
v 129.568742 59.290045 236.057097
v 129.574783 55.310966 237.214096
v 129.580673 142.115219 236.789429
v 129.581650 55.733208 237.116714
v 129.587723 55.783836 237.295502
v 129.605164 173.970642 236.904037
v 129.605164 174.078690 236.743088
v 129.608775 64.118683 236.087396
v 129.620865 61.235161 237.014145
v 129.630753 173.663757 238.916016
v 129.634018 51.628733 237.169415
v 129.638373 59.385985 236.109798
v 129.644638 173.699600 237.072311
v 129.646225 59.086948 247.465698
v 129.650131 165.273712 236.786194
v 129.673538 169.774094 236.771988
v 129.676285 110.502159 267.971954
v 129.683029 173.644409 239.486710
v 129.687836 92.306671 268.047302
v 129.690216 64.004410 237.101669
v 129.708847 57.135094 237.045532
v 129.721619 110.033043 237.296173
v 129.735519 142.046112 236.743042
v 129.760330 55.816025 237.081100
v 129.768360 59.429895 236.208180
v 129.786774 137.816605 268.378876
v 129.807892 173.605362 239.227036
v 129.821259 142.550323 268.442078
v 129.821426 59.305305 247.414642
v 129.828629 59.094032 266.529236
v 129.867676 92.388687 268.266144
v 129.870680 51.348354 268.588681
v 129.878326 59.344769 256.933746
v 129.881073 92.377686 268.586548
v 129.900330 156.065948 268.171478
v 129.905289 119.669930 268.227051
v 129.907486 110.067703 237.065292
v 129.913162 58.801086 247.618622
v 129.913162 58.926594 247.431641
v 129.920380 58.715324 266.546234
v 129.927170 133.455994 268.343689
v 129.929932 124.407661 268.212097
v 129.935242 59.384232 266.452820
v 129.940796 137.403793 237.014755
v 129.953022 59.357351 269.485031
v 129.974289 92.176865 268.937592
v 130.018051 146.545731 237.645996
v 130.049255 110.492966 268.457336
v 130.089676 146.544022 237.221359
v 130.099826 51.627795 237.504402
v 130.105545 55.225105 237.628494
v 130.118484 55.807198 237.547195
v 130.124847 128.385925 237.737274
v 130.143967 92.181747 268.209229
v 130.150299 78.745560 237.380768
v 130.172638 92.213852 268.691223
v 130.279694 128.316818 237.690887
v 130.327759 146.603485 237.261276
v 130.370987 92.125336 268.631805
v 130.370987 92.250839 268.444824
v 130.416107 119.109230 237.289337
v 130.419490 59.415637 236.700998
v 130.434555 128.345703 237.498535
v 130.466690 174.350189 261.862030
v 130.494614 173.086456 261.816620
v 130.516541 115.068268 267.841797
v 130.560181 173.658310 245.332855
v 130.597473 173.134308 253.498581
v 130.611832 74.049484 267.346863
v 130.743073 83.081238 267.985199
v 130.752808 128.390076 238.182297
v 130.801758 119.217323 237.616028
v 130.818848 78.690063 238.102676
v 130.830338 83.177994 237.825531
v 130.855698 87.821632 238.159027
v 130.863022 173.052216 266.129303
v 130.882751 146.984634 266.079742
v 130.898773 101.298843 267.201416
v 130.911316 141.185760 266.413818
v 130.913422 137.892105 266.427460
v 130.914627 55.678406 238.168793
v 130.916794 74.000153 267.584961
v 130.920364 168.072891 266.159058
v 130.921051 165.235779 266.318420
v 130.931885 128.765625 266.085052
v 130.938660 128.307129 238.126617
v 130.958580 59.329013 237.109017
v 130.958588 164.753357 266.178925
v 130.970184 147.016769 266.323761
v 130.971664 172.678070 266.038757
v 130.996307 165.233978 265.872314
v 131.003922 78.724579 237.872787
v 131.012909 164.752045 265.856873
v 131.015137 135.385101 266.301788
v 131.019333 128.797775 266.329071
v 131.024628 128.187469 237.792160
v 131.025055 105.101662 237.798004
v 131.026962 156.141434 266.220062
v 131.034775 172.775574 266.104187
v 131.043579 173.097321 266.159576
v 131.052383 173.493362 266.104279
v 131.074020 141.113159 266.365082
v 131.076111 137.819504 266.378723
v 131.087524 119.171097 237.839142
v 131.089096 172.625671 266.003571
v 131.095139 172.998505 251.319885
v 131.097900 172.947403 266.058960
v 131.100830 59.355492 267.969729
v 131.112396 92.196129 266.006836
v 131.115158 73.911636 267.525543
v 131.115494 173.590866 266.169708
v 131.150101 119.639603 266.240417
v 131.161667 101.444115 266.315796
v 131.166016 69.666130 238.371613
v 131.180008 55.744690 238.213287
v 131.185883 128.736359 265.956299
v 131.191544 55.249008 266.189117
v 131.197449 110.427132 266.201080
v 131.197449 110.540863 266.031647
v 131.200464 51.367701 266.481869
v 131.209015 92.231636 266.276459
v 131.215332 172.820679 266.134460
v 131.250650 51.614915 238.454213
v 131.282501 128.771866 266.225922
v 131.287262 173.388535 266.033905
v 131.291733 146.481735 238.661774
v 131.296600 55.287621 266.482269
v 131.323273 83.150833 266.404602
v 131.326233 137.881973 266.420654
v 131.329849 119.559387 266.186584
v 131.332779 172.768280 266.099304
v 131.333878 165.225647 266.311646
v 131.335800 168.013184 266.118988
v 131.341415 101.363899 266.261932
v 131.341583 173.090012 266.154663
v 131.351089 69.583542 238.316177
v 131.356003 55.835785 266.240631
v 131.367859 84.906540 266.498260
v 131.374023 164.693634 266.138824
v 131.380630 64.828354 266.581421
v 131.383011 147.006653 266.316956
v 131.395905 172.940094 266.054047
v 131.399013 51.366045 266.515365
v 131.405243 74.071938 266.548279
v 131.413498 173.583557 266.164825
v 131.427963 135.374969 266.295013
v 131.429871 83.064507 266.889099
v 131.430237 52.498020 247.598648
v 131.432159 128.787643 266.322296
v 131.439636 92.141205 266.201477
v 131.439789 156.131317 266.213257
v 131.462601 55.874969 266.538147
v 131.467819 173.433640 266.064178
v 131.469851 51.366820 266.402061
v 131.486832 141.103043 266.358307
v 131.487228 64.867538 266.878937
v 131.487228 65.118546 266.505005
v 131.496994 73.944237 266.191345
v 131.510071 52.168465 247.613449
v 131.515582 64.172302 237.530592
v 131.532397 51.365600 266.474437
v 131.536072 109.910004 238.738419
v 131.539032 79.590073 266.455353
v 131.539032 79.590080 266.455353
v 131.545074 160.322052 238.211929
v 131.546249 92.180389 266.499023
v 131.547607 114.652374 238.109695
v 131.601456 146.539490 238.277054
v 131.602844 52.420994 247.546951
v 131.606216 119.628418 266.232910
v 131.617783 101.432930 266.308258
v 131.628235 83.227005 266.455719
v 131.653580 110.415939 266.193573
v 131.660778 51.365162 266.435054
v 131.665131 92.220451 266.268951
v 131.685593 64.904526 266.632568
v 131.685593 65.030029 266.445587
v 131.687500 55.113174 266.365173
v 131.721924 110.062271 238.332336
v 131.738617 128.760681 266.218414
v 131.826584 83.138489 266.396301
v 131.843994 79.666252 266.506500
v 131.851212 92.256561 266.550140
v 131.871185 84.894196 266.489990
v 131.883942 64.816010 266.573151
v 131.908569 74.059593 266.540009
v 131.955597 151.233368 238.463425
v 131.965927 55.862625 266.529877
v 131.990555 65.106209 266.496735
v 132.010281 59.377704 237.905013
v 132.082291 64.978508 266.139801
v 132.105072 173.072464 254.581131
v 132.157954 58.756900 266.574145
v 132.165161 173.020706 261.933075
v 132.166310 59.024251 266.563114
v 132.169481 51.601700 239.113538
v 132.179367 110.479012 264.761200
v 132.207591 59.230359 266.508615
v 132.215899 58.878658 266.497648
v 132.219025 114.714241 238.659500
v 132.226089 59.148610 266.484196
v 132.266299 59.351895 266.431111
v 132.290405 74.092194 265.205811
v 132.325241 119.648766 265.509216
v 132.357544 173.016647 255.507141
v 132.359116 110.512527 264.537903
v 132.431793 151.156342 238.835205
v 132.595367 73.917358 265.630859
v 132.614075 74.079628 239.815887
v 132.635483 110.467819 264.753693
v 132.660614 128.225632 239.111893
v 132.721497 92.109940 264.553192
v 132.732101 110.617065 264.853882
v 132.776406 51.592211 239.666559
v 132.799149 74.114143 239.585999
v 132.851425 97.043587 264.590790
v 132.872833 92.260178 239.873184
v 132.934723 92.313812 264.961273
v 132.959198 101.438118 264.591248
v 132.984207 74.031555 239.530563
v 133.004684 91.883392 240.107193
v 133.021057 83.046021 239.761383
v 133.057907 92.294685 239.643295
v 133.108444 82.981712 264.934998
v 133.125870 79.509476 265.045166
v 133.134399 165.295929 240.303207
v 133.190536 91.918053 239.876328
v 133.220413 60.366028 239.973495
v 133.226654 174.259094 248.472733
v 133.231903 64.853958 239.696365
v 133.254562 172.995377 248.427338
v 133.269285 64.256768 238.857910
v 133.288040 95.952744 239.789124
v 133.305145 165.273743 240.171570
v 133.315979 55.764915 240.114975
v 133.331375 65.007614 239.799515
v 133.364151 64.821732 264.678467
v 133.376404 91.835114 239.820648
v 133.386581 173.139923 256.232208
v 133.390518 165.343689 239.985046
v 133.401855 101.389435 263.821228
v 133.403107 63.913055 240.076996
v 133.430498 51.362769 264.015803
v 133.447098 59.345352 243.843338
v 133.449478 58.057755 240.195419
v 133.453400 169.789108 239.817215
v 133.470398 173.947571 239.923691
v 133.475662 55.105801 240.144577
v 133.475891 165.359604 239.878998
v 133.488708 64.262314 239.046158
v 133.488708 64.277198 239.023983
v 133.498138 51.585976 240.162562
v 133.503754 52.666328 240.159149
v 133.505157 83.181198 264.255249
v 133.509888 173.622498 240.172424
v 133.516296 174.126495 239.810318
v 133.521210 57.197395 240.124008
v 133.527084 167.446793 239.879211
v 133.530907 51.584310 240.232944
v 133.550308 110.095612 240.387833
v 133.560440 62.582245 240.195892
v 133.561844 114.720375 239.934311
v 133.579071 55.712921 240.139755
v 133.581360 55.831203 240.159470
v 133.588181 64.181770 239.498199
v 133.590561 59.966652 240.211517
v 133.610809 105.077217 240.068832
v 133.629623 55.738449 263.734344
v 133.736237 55.777634 264.031860
v 133.738297 155.696152 239.765152
v 133.747711 114.637428 239.878632
v 133.753967 55.754173 240.107773
v 133.770630 73.972412 263.498077
v 133.793228 173.055710 255.693954
v 133.795242 92.206497 262.572784
v 133.827576 141.080292 263.006195
v 133.830536 59.290146 252.286377
v 133.887436 59.329609 261.805481
v 133.922028 110.047325 240.101288
v 133.926575 55.786366 239.893356
v 133.934586 55.689117 263.972443
v 133.968979 74.009399 263.251709
v 133.993607 83.001968 263.592499
v 134.003357 92.204178 262.717926
v 134.033463 114.591202 240.101746
v 134.048889 105.998260 262.982361
v 134.075592 73.923080 263.736206
v 134.096176 132.016296 262.705719
v 134.142517 173.417999 261.878601
v 134.157562 64.969688 263.692902
v 134.168213 92.311035 262.888733
v 134.170364 123.798615 240.437134
v 134.196838 173.119476 261.999359
v 134.233261 114.782242 240.484116
v 134.273941 73.960068 263.489807
v 134.292984 157.090988 262.408356
v 134.293915 172.549011 247.003647
v 134.297714 155.649719 240.369217
v 134.315643 141.068359 262.553284
v 134.343704 169.202866 262.260742
v 134.345947 152.492355 262.435822
v 134.365845 173.042557 247.013794
v 134.386200 173.560608 261.974335
v 134.390305 83.075951 263.099731
v 134.390533 161.068375 262.408752
v 134.404510 137.489914 240.460495
v 134.455368 174.253876 247.024002
v 134.466171 152.869751 240.408844
v 134.468079 105.056137 240.562973
v 134.523590 174.875198 247.200333
v 134.535812 155.709183 240.409134
v 134.537491 173.668594 247.207550
v 134.549164 73.827980 262.045044
v 134.570572 173.217682 247.255081
v 134.613281 92.231018 263.007172
v 134.617004 125.885391 262.322052
v 134.632782 122.852478 262.252441
v 134.655045 172.713516 246.953491
v 134.655777 73.992668 262.155609
v 134.687698 147.029053 261.215546
v 134.744568 173.850525 247.074402
v 134.833099 173.337280 247.218628
v 134.844406 173.080353 247.039154
v 134.884693 59.315723 262.974384
v 134.937836 146.885651 261.564178
v 134.960739 73.943336 262.393707
v 134.989960 174.413666 247.240738
v 135.043805 51.562504 241.431325
v 135.056137 173.619873 247.174850
v 135.068924 174.141663 247.174896
v 135.126587 60.514278 241.338287
v 135.138077 64.885109 241.235596
v 135.183716 83.098404 262.301147
v 135.217403 59.392716 240.332372
v 135.219391 113.740570 261.543274
v 135.245802 64.267549 240.353866
v 135.253387 69.585976 262.180939
v 135.323229 51.561302 241.529515
v 135.342575 73.850433 261.246460
v 135.342590 73.850433 261.246460
v 135.360883 64.177229 240.440968
v 135.365677 101.379456 261.110870
v 135.366135 160.326035 240.967300
v 135.385361 78.694824 241.395569
v 135.422211 87.826393 241.451935
v 135.474594 169.829407 241.361832
v 135.579921 51.359019 261.173804
v 135.580429 83.172379 261.808380
v 135.640961 173.641678 245.788651
v 135.657639 55.140091 260.236481
v 135.672943 174.919159 245.829010
v 135.684479 87.729225 261.341370
v 135.725189 101.332756 260.833740
v 135.754150 73.965790 261.595123
v 135.927887 64.884705 261.194916
v 135.937637 74.086906 260.320343
v 135.991138 51.549848 242.135978
v 136.022171 60.364849 261.415527
v 136.063187 55.253761 260.580048
v 136.139740 146.959335 259.166656
v 136.208160 164.749176 258.950012
v 136.242599 73.912071 260.745422
v 136.286758 110.378838 259.286682
v 136.368088 174.330414 250.768723
v 136.396011 173.066696 250.723328
v 136.412541 59.389038 241.236931
v 136.416336 64.705475 260.532166
v 136.460632 173.313141 247.034836
v 136.477310 146.951019 259.605957
v 136.514252 128.698074 258.921143
v 136.534175 51.356784 259.855472
v 136.569275 164.690765 259.231964
v 136.614685 64.867973 260.098816
v 136.621694 51.355936 259.821614
v 136.649994 173.754272 247.009796
v 136.659744 110.483376 259.602631
v 136.703064 146.945618 258.267609
v 136.755890 164.700470 242.421463
v 136.793549 110.094254 242.420029
v 136.839111 164.731064 242.653748
v 136.839111 164.829041 242.507782
v 136.865753 146.975952 258.065521
v 136.897842 128.382568 243.028671
v 136.904053 165.227097 258.304230
v 136.912796 164.806274 258.185425
v 136.920746 55.232948 258.428070
v 136.921600 172.633163 247.060135
v 136.921814 55.786743 243.225952
v 136.922348 164.761658 242.886032
v 136.930389 173.029205 247.004822
v 136.945908 146.473267 242.891006
v 136.953186 147.008102 258.309540
v 136.954041 83.138916 259.616180
v 136.967117 164.730667 257.974091
v 136.983856 137.812622 258.810638
v 136.994217 128.708405 258.318176
v 137.002335 128.789093 258.314880
v 137.005783 110.512924 258.393524
v 137.014526 128.720093 259.158386
v 137.021286 55.940403 243.329102
v 137.064529 174.164749 247.190384
v 137.070938 174.398636 247.230652
v 137.083038 174.338028 247.080490
v 137.106888 55.821251 242.996078
v 137.116196 55.145725 258.369537
v 137.135941 128.344055 243.214569
v 137.146545 137.842957 258.608551
v 137.148834 164.592850 242.560974
v 137.148834 164.690826 242.414993
v 137.165024 128.716492 258.266144
v 137.166412 155.513794 242.818939
v 137.166412 155.709778 242.526993
v 137.170258 55.693977 258.551361
v 137.172653 156.060165 258.157104
v 137.173965 128.628189 258.264313
v 137.176025 159.269119 242.587036
v 137.178345 173.046722 258.417786
v 137.178345 173.343948 257.974976
v 137.179214 109.967148 243.097122
v 137.180573 73.967285 243.283249
v 137.181366 174.310608 249.470779
v 137.185532 110.432701 258.339691
v 137.185532 110.546440 258.170258
v 137.187149 173.517075 258.251770
v 137.191681 173.518036 247.654114
v 137.197098 92.237213 258.415039
v 137.200485 172.650833 249.480698
v 137.200485 173.839767 247.709503
v 137.201584 137.453690 243.188889
v 137.203323 146.864685 258.658203
v 137.203323 146.967636 258.504852
v 137.205093 91.780075 243.087509
v 137.206360 55.740715 243.448120
v 137.207565 128.342346 242.789917
v 137.209274 173.046875 249.425385
v 137.210785 164.724655 258.291229
v 137.216278 165.321548 243.238815
v 137.218079 173.517227 249.259369
v 137.219589 172.625854 247.055222
v 137.221802 137.841156 258.162445
v 137.226883 173.913269 249.204071
v 137.228394 173.021896 246.999908
v 137.229431 165.184830 258.053406
v 137.229782 55.704979 243.614975
v 137.232071 164.819412 242.501312
v 137.232666 173.119720 257.985046
v 137.237198 173.046387 247.498108
v 137.241470 173.367157 258.151123
v 137.241470 173.515762 257.929718
v 137.241470 173.590073 257.819031
v 137.241623 165.321716 258.590210
v 137.244492 174.333817 249.646942
v 137.250259 173.540268 258.427917
v 137.252090 148.853394 258.658417
v 137.252457 128.645691 258.663513
v 137.253220 128.308533 243.210327
v 137.254272 92.230423 243.395966
v 137.255630 146.433044 242.652252
v 137.258011 159.180084 258.694214
v 137.260101 156.092300 258.401154
v 137.263596 173.045578 249.103363
v 137.263596 174.308823 247.221466
v 137.265106 164.723358 257.969177
v 137.265106 164.797668 257.858490
v 137.267227 146.563324 243.163208
v 137.272400 173.070084 249.601547
v 137.272400 173.441620 249.048035
v 137.273209 137.451981 242.764236
v 137.273911 164.747849 258.467377
v 137.274384 153.141403 258.644867
v 137.276855 55.733162 258.848877
v 137.278183 172.573776 257.939728
v 137.278183 172.648071 257.829010
v 137.278580 146.965836 258.058716
v 137.280045 74.120949 243.386383
v 137.281204 173.837662 248.992737
v 137.284485 156.983704 258.554596
v 137.286987 172.746887 258.216492
v 137.286987 172.821198 258.105804
v 137.286987 173.044113 257.773712
v 137.290787 128.274948 243.168167
v 137.291519 173.045090 247.176071
v 137.291946 55.738663 242.940628
v 137.295776 173.068619 258.271881
v 137.303696 164.327774 242.806519
v 137.309235 137.873306 258.406464
v 137.309631 55.812279 242.978958
v 137.317917 172.747040 249.224121
v 137.321274 155.444687 242.772537
v 137.321274 155.640656 242.480606
v 137.325256 151.939377 258.505341
v 137.328796 64.870232 242.996994
v 137.333252 159.178284 258.248077
v 137.333252 159.281219 258.094727
v 137.334869 152.929810 242.566620
v 137.349640 153.139603 258.198730
v 137.353821 146.964035 257.612610
v 137.360504 92.289597 258.435791
v 137.365067 110.001808 242.866257
v 137.385284 122.482155 258.071289
v 137.385742 174.877014 247.201569
v 137.389465 55.045860 243.644562
v 137.390961 91.814735 242.856628
v 137.391418 55.775223 243.218231
v 137.391418 55.892326 243.043777
v 137.398758 122.860863 258.325500
v 137.400528 63.892769 243.100021
v 137.400528 64.009872 242.925583
v 137.402069 119.172501 242.922852
v 137.402405 55.737167 243.400558
v 137.402496 83.133362 243.109711
v 137.404617 52.679596 242.764221
v 137.410699 52.671645 241.992402
v 137.414948 97.614647 258.092133
v 137.416702 54.973450 258.788391
v 137.416702 55.220787 258.419922
v 137.416855 116.302589 258.101562
v 137.417099 51.527781 243.346729
v 137.417862 73.967125 258.612640
v 137.417862 74.092628 258.425659
v 137.425838 59.003522 242.003860
v 137.426117 101.404984 258.670166
v 137.427963 100.867828 243.088425
v 137.428268 65.023895 243.100143
v 137.429383 59.135770 242.006544
v 137.430328 116.681297 258.355774
v 137.438977 59.422061 242.013805
v 137.439346 92.264931 243.166077
v 137.439499 105.022179 243.335693
v 137.439499 105.139786 243.160507
v 137.439758 69.160522 243.346359
v 137.443802 117.060005 258.609985
v 137.444519 58.973766 247.389709
v 137.449827 51.355683 258.770896
v 137.450333 128.697220 258.310669
v 137.451104 51.358197 258.558675
v 137.454117 173.489487 242.884811
v 137.455304 51.530771 243.216106
v 137.458389 59.480774 247.477005
v 137.460570 51.528591 243.314374
v 137.460770 58.661579 243.131287
v 137.461899 110.388000 258.555450
v 137.461899 110.501732 258.386017
v 137.461899 110.729210 258.047150
v 137.463806 129.075928 258.564880
v 137.463806 129.189667 258.395447
v 137.464966 110.038521 243.145035
v 137.465118 74.038361 243.330948
v 137.465118 74.155457 243.156509
v 137.466522 103.109802 258.585602
v 137.466904 174.011292 242.884872
v 137.466904 174.119324 242.723923
v 137.469299 52.095123 247.564224
v 137.469299 55.043953 243.171249
v 137.470811 63.638344 242.037899
v 137.471510 63.666486 242.038428
v 137.472260 63.617912 242.156357
v 137.472397 165.369308 242.920654
v 137.473465 92.192505 258.630829
v 137.475372 110.880447 258.640228
v 137.475372 110.994179 258.470795
v 137.476260 52.041810 242.042023
v 137.478806 165.333099 243.363297
v 137.481903 122.631401 258.171478
v 137.482026 52.376299 242.046387
v 137.482239 52.567997 247.645630
v 137.483733 64.158726 242.047679
v 137.484451 52.022388 243.267136
v 137.484451 52.350037 242.779022
v 137.485001 173.632324 247.183197
v 137.485866 64.244633 242.049294
v 137.486130 63.539421 243.115891
v 137.486130 63.773621 242.766998
v 137.486130 64.124924 242.243652
v 137.486130 64.242027 242.069199
v 137.487002 52.450508 242.050153
v 137.490860 91.733849 243.310608
v 137.490891 56.045986 243.146927
v 137.493607 173.326477 242.892136
v 137.493802 51.531441 243.189556
v 137.495163 55.771263 243.659470
v 137.495377 122.896370 258.595123
v 137.497391 52.495262 243.348541
v 137.497681 119.598488 258.101898
v 137.497681 119.712227 257.932465
v 137.500000 63.929329 243.377625
v 137.500000 64.046432 243.203171
v 137.500000 64.163528 243.028717
v 137.500000 100.003784 243.016708
v 137.500000 173.668411 242.771454
v 137.501968 83.052826 243.561768
v 137.501968 83.169922 243.387314
v 137.501968 83.287025 243.212860
v 137.501968 83.404129 243.038422
v 137.501968 119.091614 243.376831
v 137.502062 59.338791 242.061552
v 137.505331 59.054423 242.064026
v 137.506393 173.632202 243.214081
v 137.506393 173.848282 242.892181
v 137.507095 55.218620 257.883972
v 137.509045 51.529625 243.273267
v 137.509247 101.289261 258.346680
v 137.509247 101.403000 258.177246
v 137.511346 51.355689 258.727069
v 137.511566 97.650162 258.361755
v 137.512802 174.082169 242.932449
v 137.513474 116.224365 258.540619
v 137.513870 64.553444 243.290451
v 137.518097 173.181412 247.230728
v 137.519196 174.154007 243.214142
v 137.521744 55.259399 258.713074
v 137.525096 51.531393 243.194830
v 137.525360 69.041374 243.013321
v 137.525467 105.020119 242.826035
v 137.527863 101.022148 243.192017
v 137.533478 128.695236 257.817749
v 137.536451 51.530712 243.226700
v 137.538818 92.301491 243.443680
v 137.538971 128.379913 243.258240
v 137.539230 69.197075 243.623947
v 137.539490 173.181290 243.261612
v 137.539490 173.343353 243.020187
v 137.545044 110.386009 258.062561
v 137.545044 110.499748 257.893127
v 137.546951 128.732727 258.580292
v 137.546951 129.073944 258.071960
v 137.549133 54.714394 243.186050
v 137.549667 103.107811 258.092712
v 137.549696 51.357216 258.578245
v 137.550069 51.358214 258.497560
v 137.550720 73.919212 242.997925
v 137.550934 110.036469 242.635376
v 137.551917 64.241960 242.099285
v 137.552980 51.531340 243.199540
v 137.556610 92.190521 258.137909
v 137.562073 55.187267 243.267456
v 137.564590 74.074921 243.608551
v 137.564590 74.426224 243.085205
v 137.564865 110.075241 243.423813
v 137.573949 51.530112 243.258227
v 137.574112 59.439354 243.147278
v 137.574171 51.529534 243.284247
v 137.575012 55.769356 243.186157
v 137.576492 55.809738 242.988342
v 137.578522 122.553169 258.610535
v 137.587570 83.167877 242.879837
v 137.587936 119.089561 242.867172
v 137.590164 52.747791 243.282028
v 137.590363 55.848343 243.773422
v 137.594299 119.633995 258.371521
v 137.599899 100.040497 243.295486
v 137.600510 128.332703 242.783447
v 137.601776 51.361622 258.191090
v 137.608185 97.685669 258.631378
v 137.612152 55.257236 258.177124
v 137.613342 64.941307 243.044708
v 137.613831 101.020088 242.682358
v 137.624939 128.260254 242.923782
v 137.630081 128.730743 258.087372
v 137.634628 137.831039 258.155640
v 137.640839 83.122185 258.520081
v 137.650192 74.072868 243.101059
v 137.661973 59.292393 242.182583
v 137.665466 92.240265 258.673889
v 137.673569 55.807144 258.356110
v 137.691391 147.058655 257.898590
v 137.698196 64.799713 258.696899
v 137.698196 64.925217 258.509918
v 137.706955 173.059677 247.025284
v 137.721734 59.053296 259.229006
v 137.722824 73.917786 258.850739
v 137.722824 74.043297 258.663757
v 137.733032 59.110298 257.047546
v 137.746136 59.148292 259.196790
v 137.747452 83.161377 258.817596
v 137.747620 55.801544 242.971741
v 137.757202 92.112564 258.316956
v 137.765320 55.177422 258.747040
v 137.765320 55.428429 258.373108
v 137.767868 58.692123 247.545471
v 137.780182 55.720818 258.840607
v 137.782730 59.361031 247.452042
v 137.789932 64.797516 258.152985
v 137.794221 58.759227 259.133310
v 137.804810 64.964401 258.807465
v 137.814560 73.915596 258.306824
v 137.814560 74.041100 258.119843
v 137.824768 58.731586 257.064575
v 137.828459 59.372318 259.088110
v 137.839188 83.033669 258.460663
v 137.839188 83.159180 258.273682
v 137.839645 59.400494 256.971130
v 137.860601 51.525745 243.489618
v 137.871918 55.718628 258.296692
v 137.933151 55.869736 243.489548
v 137.960495 55.800270 243.488098
v 137.963669 55.716431 257.752777
v 137.999859 51.522817 243.628158
v 138.013000 55.758614 243.178940
v 138.094894 64.748184 258.391113
v 138.108109 55.245071 258.168976
v 138.118790 155.653702 243.124588
v 138.198532 55.826809 243.696747
v 138.225571 137.493896 243.215866
v 138.259354 119.151428 243.416977
v 138.268631 55.667099 257.990875
v 138.281891 64.885803 243.766617
v 138.285233 100.846756 243.582565
v 138.289068 51.518212 243.886588
v 138.308807 137.524475 243.448151
v 138.336718 51.364214 257.576469
v 138.346954 174.207886 247.956604
v 138.371140 55.859001 243.482346
v 138.380676 122.571533 257.393951
v 138.393582 59.398110 242.736312
v 138.434250 83.019135 257.908447
v 138.497742 51.363715 257.455091
v 138.522034 110.090881 244.196732
v 138.641532 59.380722 258.014715
v 138.672255 51.514419 244.043942
v 138.695145 128.780640 256.154572
v 138.698959 51.512006 244.135052
v 138.699722 74.061356 256.777374
v 138.779022 146.558807 244.218887
v 138.807800 110.044655 244.419846
v 138.834145 51.365299 257.143830
v 138.893768 110.042603 243.910187
v 138.971512 128.735931 256.370361
v 139.004684 73.886520 257.202454
v 139.017105 146.618271 244.258820
v 139.051804 153.132370 256.191803
v 139.064362 133.473312 256.120300
v 139.086670 64.933136 257.159149
v 139.088730 146.518585 243.980148
v 139.098984 69.617676 257.049103
v 139.177917 151.619720 256.066223
v 139.179520 109.996376 244.133301
v 139.198135 55.769814 244.479858
v 139.209316 51.372298 256.510341
v 139.239975 87.726135 256.999817
v 139.270599 115.082230 256.053436
v 139.311584 132.993179 244.217880
v 139.326828 146.578049 244.020065
v 139.329102 110.456245 255.406067
v 139.340607 151.650055 255.864136
v 139.392471 155.589706 244.140350
v 139.394150 116.443848 255.984314
v 139.416733 96.507500 244.227722
v 139.419526 51.374219 256.214052
v 139.434186 59.396236 256.968276
v 139.434191 59.396236 256.968270
v 139.436050 159.126999 255.544189
v 139.446518 142.555725 255.765762
v 139.446976 55.171326 255.179718
v 139.469727 164.731644 244.771591
v 139.500000 165.373398 244.907913
v 139.534745 59.430251 243.600019
v 139.552017 55.209938 255.472885
v 139.609207 142.586060 255.563675
v 139.631256 165.298141 245.090881
v 139.665985 151.607788 255.613312
v 139.670746 165.351212 244.776291
v 139.702087 110.447052 255.891464
v 139.779449 164.789398 244.386871
v 139.840591 55.796131 255.365326
v 139.852524 55.161324 255.707504
v 139.926865 165.290939 244.619095
v 139.951889 155.641251 244.598450
v 139.972763 165.307800 244.747162
v 140.047974 55.197773 255.464722
v 140.099274 123.927132 244.843750
v 140.145554 55.746796 255.603424
v 140.205830 51.374541 255.169932
v 140.261765 83.297195 245.244125
v 140.277423 59.441815 244.162127
v 140.319341 59.461384 244.193853
v 140.321362 51.374567 255.025870
v 140.347778 59.956532 245.265808
v 140.362366 91.780777 245.629364
v 140.372726 87.821686 245.244583
v 140.394455 128.740692 253.610825
v 140.402924 82.971138 255.164062
v 140.435349 78.843773 245.291367
v 140.435822 169.815369 245.087982
v 140.446838 83.214607 245.188690
v 140.460281 64.899673 254.966965
v 140.470032 73.976372 254.279358
v 140.472610 64.988029 245.353561
v 140.472687 164.818527 253.376251
v 140.505325 164.706161 245.601471
v 140.548233 91.933044 245.223297
v 140.573625 51.372428 254.711249
v 140.588562 164.834747 245.687790
v 140.644592 128.700226 253.806122
v 140.645325 119.171143 244.955048
v 140.653244 164.789307 253.517212
v 140.658630 64.811157 254.907547
v 140.665072 59.433181 244.455525
v 140.668396 73.887856 254.219940
v 140.668396 74.013359 254.032974
v 140.716370 164.738205 253.804077
v 140.727234 165.307190 245.797379
v 140.732040 128.835312 253.896805
v 140.738235 173.356201 253.165787
v 140.765228 92.150215 253.440933
v 140.767670 169.269073 253.794449
v 140.792557 173.131973 253.175858
v 140.815048 164.763916 245.216751
v 140.833389 146.947769 253.152588
v 140.850281 110.381218 253.635193
v 140.850281 110.494957 253.465759
v 140.861847 92.185730 253.710556
v 140.866745 73.924843 253.973557
v 140.902359 156.106384 253.739029
v 140.920837 146.979904 253.396622
v 140.920837 147.082855 253.243271
v 140.971527 115.154457 253.889862
v 140.973358 74.089531 254.084106
v 140.975525 159.192368 253.585983
v 140.983353 165.300934 245.559708
v 141.019440 114.772079 245.560074
v 141.030975 119.161636 245.456940
v 141.045044 173.522018 253.437668
v 141.057419 128.793045 253.645981
v 141.068695 164.803909 253.366440
v 141.079956 74.003212 254.568604
v 141.094284 137.455963 245.519608
v 141.099365 173.520706 253.115631
v 141.104824 51.477338 245.860987
v 141.114197 137.917725 253.542267
v 141.126648 110.450249 253.681534
v 141.128967 106.811150 253.696609
v 141.130661 55.827461 246.057343
v 141.138214 92.254761 253.756897
v 141.140305 156.031982 253.244186
v 141.146652 122.466171 253.636429
v 141.156754 101.011284 245.726105
v 141.184891 165.122711 252.450333
v 141.223434 55.643127 246.641647
v 141.227753 156.167053 253.334854
v 141.246216 146.937653 253.145798
v 141.259048 119.582504 253.667023
v 141.272934 97.634186 253.926895
v 141.276886 137.845123 253.493530
v 141.317963 92.288277 253.533615
v 141.394684 83.156082 253.932129
v 141.396042 55.784531 246.264542
v 141.404449 92.358292 253.057571
v 141.438797 119.616028 253.443741
v 141.439728 60.400074 253.845078
v 141.486877 59.269699 252.272644
v 141.522461 165.217331 252.736298
v 141.546906 155.667313 245.886414
v 141.661423 55.850822 246.309036
v 141.741257 55.739693 245.998428
v 141.754196 55.775700 246.730637
v 141.776343 51.370795 253.350269
v 141.868225 155.757385 246.158615
v 141.907761 92.094933 253.423218
v 141.923407 59.311177 245.407915
v 141.926804 55.807892 246.516235
v 142.017652 51.461193 246.618396
v 142.040665 146.511246 246.516159
v 142.099411 55.840080 246.301819
v 142.155727 51.458861 246.726055
v 142.211014 128.265030 246.230789
v 142.283996 51.458496 246.748829
v 142.284776 59.291661 253.205011
v 142.311981 173.541122 247.027298
v 142.346954 74.056068 251.891907
v 142.348694 172.599121 247.037292
v 142.350388 146.471008 246.277420
v 142.357498 172.995163 246.981979
v 142.420715 119.554169 252.173294
v 142.453064 164.696304 247.031586
v 142.474594 146.976730 247.388199
v 142.512894 165.536697 247.166840
v 142.523727 128.757721 247.393524
v 142.531372 156.101395 247.284485
v 142.538055 173.040268 247.012253
v 142.549853 51.376807 252.354933
v 142.579315 164.742706 247.383881
v 142.580505 137.882401 247.289825
v 142.588150 165.226074 247.180786
v 142.592377 172.816040 247.022324
v 142.600082 146.562790 246.974258
v 142.601181 173.212082 246.967010
v 142.611176 128.789871 247.637558
v 142.623642 128.274399 246.979233
v 142.637283 146.904129 247.339462
v 142.663605 110.413216 247.266251
v 142.665726 155.672424 246.948578
v 142.674820 69.109779 247.361160
v 142.675171 92.217720 247.341614
v 142.689285 137.384048 246.953552
v 142.694061 156.028793 247.235748
v 142.724731 146.936264 247.583496
v 142.731384 164.782059 246.922897
v 142.733902 64.927849 252.273697
v 142.743195 137.809799 247.241089
v 142.763031 165.290344 247.668839
v 142.772522 137.512619 247.039856
v 142.790100 128.433563 247.297821
v 142.796005 119.545471 247.251740
v 142.807571 101.349983 247.327103
v 142.814606 164.812653 247.155182
v 142.815887 59.237610 247.369202
v 142.820587 155.603317 246.902191
v 142.825424 55.797607 247.788223
v 142.828201 63.796646 247.446106
v 142.833298 55.765373 247.479370
v 142.834518 64.032249 247.495575
v 142.836060 173.032959 247.007339
v 142.838181 146.524277 247.160156
v 142.838654 142.507324 251.061707
v 142.843353 110.332993 247.212402
v 142.848236 91.954819 247.271011
v 142.850266 73.918221 252.070587
v 142.855377 69.024590 247.429596
v 142.859467 91.897400 247.474350
v 142.869308 133.414795 251.409454
v 142.873337 92.287315 247.736084
v 142.874191 174.130295 247.167267
v 142.876953 160.758469 251.300415
v 142.887421 146.966599 247.381409
v 142.894485 173.157578 247.214737
v 142.907288 173.679382 247.214783
v 142.907974 173.526505 247.017487
v 142.919174 165.325317 247.210373
v 142.921355 64.029140 246.163227
v 142.922089 83.036598 247.346680
v 142.925049 55.386662 247.496384
v 142.928406 128.677734 247.237228
v 142.931625 164.734100 247.056946
v 142.936554 128.747604 247.386734
v 142.939972 110.368500 247.482025
v 142.944199 156.091278 247.277695
v 142.944565 133.310059 251.116684
v 142.945312 119.075317 247.177979
v 142.951538 92.173012 247.557388
v 142.952194 160.653717 251.007660
v 142.959351 69.180855 247.408875
v 142.971207 100.888245 247.168350
v 142.974304 73.873825 247.430099
v 142.975754 119.465256 247.197891
v 142.982330 128.363617 247.059387
v 142.984711 74.058693 247.393463
v 142.987320 101.269760 247.273254
v 142.993332 137.872269 247.283020
v 142.998932 83.117409 247.396957
v 143.000977 165.215942 247.173996
v 143.001251 55.781399 247.914536
v 143.008102 59.578835 247.542816
v 143.008209 110.058945 247.224960
v 143.010956 165.305023 247.546967
v 143.013168 165.661652 247.250717
v 143.016602 128.264771 246.972763
v 143.019592 63.949661 247.440140
v 143.021561 83.190262 247.449829
v 143.024268 51.448009 247.254280
v 143.025024 128.713242 247.506836
v 143.031998 133.342194 251.360718
v 143.044952 174.000076 247.196594
v 143.050110 146.893997 247.332672
v 143.058121 151.559387 250.909271
v 143.058558 51.443510 247.454915
v 143.058685 155.662796 246.942108
v 143.067749 124.163002 251.334442
v 143.067749 124.276741 251.165009
v 143.077454 62.465191 247.455887
v 143.080902 73.913010 247.727615
v 143.081100 55.779488 247.441223
v 143.082214 128.282730 247.513367
v 143.082245 137.374405 246.947083
v 143.084183 74.095253 247.671066
v 143.093704 59.342587 247.384232
v 143.100147 51.443638 247.450955
v 143.108109 110.095657 247.503738
v 143.109955 55.868679 247.835938
v 143.114899 160.684067 250.805573
v 143.119720 110.402023 247.258743
v 143.124329 164.772430 246.916428
v 143.131287 92.206535 247.334106
v 143.133987 91.908592 247.494125
v 143.139925 51.444343 247.420406
v 143.144424 69.098267 247.353424
v 143.147888 146.484039 246.921402
v 143.157867 92.358383 247.783783
v 143.160339 69.100769 247.480743
v 143.163666 165.143341 247.125259
v 143.185790 51.443107 247.476378
v 143.192368 55.203911 247.451340
v 143.195557 55.749531 247.502899
v 143.197281 83.028893 247.337540
v 143.202896 173.348068 247.225861
v 143.204666 63.867073 247.384705
v 143.209290 173.635971 247.185654
v 143.221909 92.146965 247.491364
v 143.232407 64.998199 247.384811
v 143.239777 64.163017 247.420822
v 143.243469 92.239243 247.450745
v 143.247498 124.196526 251.111160
v 143.252121 119.534286 247.244232
v 143.254639 64.706413 247.514374
v 143.256958 100.959625 247.216263
v 143.263687 101.338799 247.319595
v 143.269257 74.129761 247.441177
v 143.271606 83.110275 251.731644
v 143.293976 110.130318 247.272873
v 143.297409 55.242523 247.744507
v 143.306091 83.261330 247.497543
v 143.319199 59.225266 247.360916
v 143.319855 91.943253 247.263245
v 143.321747 55.209629 247.377548
v 143.323576 51.442702 247.499622
v 143.328522 92.186157 247.788895
v 143.331512 63.784302 247.437820
v 143.331512 63.784306 247.437820
v 143.336624 55.627525 247.658066
v 143.336624 55.753029 247.471085
v 143.342941 92.275795 247.728348
v 143.346466 55.845779 247.485718
v 143.352143 51.446958 247.330037
v 143.352448 165.314682 247.203232
v 143.353348 174.190552 247.207703
v 143.358688 69.012253 247.421326
v 143.377207 51.446577 247.349429
v 143.380051 173.505753 247.214981
v 143.384521 128.666550 247.229706
v 143.396088 110.471054 247.305069
v 143.409561 110.508553 248.067596
v 143.416946 119.063751 247.170212
v 143.417465 64.915611 247.329376
v 143.434280 53.013496 247.317245
v 143.453949 128.352051 247.051620
v 143.477615 73.861481 247.421814
v 143.480103 55.820602 247.550613
v 143.502243 83.105064 247.388672
v 143.534973 55.664513 247.411667
v 143.540054 101.294090 247.535370
v 143.559601 64.782593 247.565506
v 143.574263 51.444042 247.473785
v 143.574799 63.584797 247.448273
v 143.589310 110.428337 248.013763
v 143.626724 55.285801 247.428680
v 143.641586 55.703697 247.709198
v 143.654358 115.164825 250.455826
v 143.690155 124.147842 250.341125
v 143.725220 92.134628 247.483093
v 143.728226 63.481762 247.505966
v 143.831177 137.885971 247.959579
v 143.944733 156.032364 247.905518
v 143.948822 110.381645 247.736633
v 143.958817 63.926632 247.424683
v 143.982336 51.433651 247.949439
v 144.003448 60.337540 250.548492
v 144.028076 69.581123 250.515350
v 144.044418 63.573280 247.440536
v 144.081223 119.513901 247.722122
v 144.101135 165.223114 248.735992
v 144.150024 164.704056 248.642578
v 144.150284 147.004120 248.741302
v 144.156769 83.005028 250.576126
v 144.199417 128.682175 248.899994
v 144.210659 51.429029 248.203057
v 144.238663 110.374435 248.714935
v 144.263824 165.150513 248.687256
v 144.263824 165.253448 248.533905
v 144.273112 51.427745 248.262261
v 144.276138 64.848618 248.152252
v 144.282786 51.427095 248.287038
v 144.339386 164.699341 249.281738
v 144.341591 51.423650 248.437918
v 144.417130 83.082573 247.916016
v 144.465775 101.422951 248.113434
v 144.469894 173.017517 248.442200
v 144.503464 128.638962 248.685913
v 144.503464 128.752686 248.516479
v 144.515030 110.443466 248.761276
v 144.516642 58.945346 247.370645
v 144.526596 92.247978 248.836639
v 144.533888 59.259209 247.383697
v 144.536987 128.673843 249.339310
v 144.571335 55.722588 249.077957
v 144.596506 64.009002 247.431091
v 144.601410 165.245132 248.973221
v 144.602392 63.780910 247.435546
v 144.604477 55.210365 248.791916
v 144.608030 59.342803 247.439813
v 144.616387 63.958597 247.446138
v 144.624868 59.422279 247.452557
v 144.631025 63.669098 247.457217
v 144.631602 59.451952 247.457654
v 144.642401 51.420469 248.587685
v 144.643714 59.088638 247.466821
v 144.644528 63.966471 247.467437
v 144.648848 51.408047 249.444739
v 144.657268 51.405243 249.541877
v 144.668288 63.561843 247.485420
v 144.683228 128.672470 248.462631
v 144.699677 128.807129 248.983871
v 144.712326 73.831039 249.028687
v 144.725800 146.921387 248.685776
v 144.741539 58.865249 247.540861
v 144.756454 137.931793 248.880157
v 144.769130 58.716359 247.561744
v 144.774933 128.702393 248.691101
v 144.776565 52.432451 247.567371
v 144.779831 128.707993 248.732239
v 144.782303 52.457895 247.571714
v 144.782578 156.046051 248.582077
v 144.791397 110.398758 248.977051
v 144.794890 52.120479 247.581241
v 144.799927 55.123142 248.733368
v 144.802963 92.203270 249.052414
v 144.813232 147.056473 248.776459
v 144.831711 137.827057 248.587402
v 144.839340 165.170731 248.478363
v 144.839813 173.503754 248.447433
v 144.853333 92.190506 248.605469
v 144.863464 164.711334 248.486893
v 144.935364 101.335533 249.037903
v 144.959579 128.741501 248.508972
v 144.959930 92.229691 248.902985
v 144.971146 110.432281 248.753754
v 144.971146 110.546021 248.584320
v 145.006943 119.529030 248.469635
v 145.018509 101.333542 248.544983
v 145.051682 92.101990 248.546051
v 145.074646 55.710243 249.069672
v 145.074646 55.835747 248.882706
v 145.090348 51.417747 248.797305
v 145.100418 55.074532 248.967987
v 145.100418 55.198204 248.783752
v 145.120660 59.334873 247.827805
v 145.158295 92.141174 248.843567
v 145.158295 92.266678 248.656586
v 145.162476 92.270309 248.605835
v 145.215652 73.944206 248.833435
v 145.240265 83.187790 248.800278
v 145.264893 92.305862 248.954117
v 145.273010 55.747231 248.823288
v 145.296623 55.712876 249.228859
v 145.297623 64.865311 248.977112
v 145.300756 55.233656 249.223402
v 145.337824 51.855332 249.174466
v 145.337913 55.175546 249.174348
v 145.356644 92.052658 248.784149
v 145.391662 58.465681 249.103391
v 145.395843 60.904254 249.097871
v 145.400925 55.149590 249.018372
v 145.412773 55.756850 249.075520
v 145.422584 63.861296 249.062568
v 145.422584 63.861298 249.062568
v 145.432998 55.149737 249.048820
v 145.437264 55.150560 249.043188
v 145.442859 59.343210 248.071666
v 145.448578 59.347175 249.028252
v 145.471359 55.658714 248.763870
v 145.578933 55.661433 248.856161
v 145.584303 55.659497 248.849071
v 145.907047 64.016389 248.422994
v 145.907047 59.320860 248.422994
vt 0.9085300 0.5112587
vt 0.9085300 0.5347817
vt 0.4385729 0.9328567
vt 0.4385729 0.9967053
vt 0.7357832 0.3911530
vt 0.9090613 0.5583050
vt 0.4391042 0.8998122
vt 0.7368457 0.3569883
vt 0.4401666 0.9631009
vt 0.9106549 0.5347817
vt 0.9111862 0.5112587
vt 0.9122486 0.5347817
vt 0.4422915 0.9289362
vt 0.9127798 0.5583050
vt 0.9133111 0.5583050
vt 0.4444164 0.9294963
vt 0.9170298 0.5347817
vt 0.9175610 0.5347817
vt 0.4476039 0.9160543
vt 0.4486664 0.9636610
vt 0.7458767 0.3575487
vt 0.4497289 0.9636610
vt 0.4502601 0.9636610
vt 0.9207484 0.5112587
vt 0.9212796 0.5112587
vt 0.4518538 0.9149341
vt 0.7490641 0.3575487
vt 0.7503921 0.3575487
vt 0.7519858 0.3575487
vt 0.4558380 0.9972653
vt 0.4563692 0.8998122
vt 0.4563692 0.9972653
vt 0.7535795 0.3917131
vt 0.9279200 0.5392623
vt 0.9279200 0.5583050
vt 0.4590253 0.9289362
vt 0.7567669 0.3917131
vt 0.9300449 0.5275008
vt 0.4616815 0.8958917
vt 0.4616815 0.9468585
vt 0.4622127 0.8958917
vt 0.4622127 0.9289362
vt 0.9332322 0.5611054
vt 0.4643378 0.9289362
vt 0.4643378 0.9642211
vt 0.7620793 0.3581087
vt 0.7631417 0.3581087
vt 0.4675251 0.9815833
vt 0.4685876 0.8958917
vt 0.4691188 0.8958917
vt 0.4696500 0.8958917
vt 0.7684540 0.3760311
vt 0.4717749 0.9300564
vt 0.9422632 0.5112587
vt 0.9422632 0.5202198
vt 0.9427945 0.5392623
vt 0.4728374 0.9289362
vt 0.4733686 0.9289362
vt 0.5076666 0.2746616
vt 0.9470443 0.5571849
vt 0.4776184 0.9289362
vt 0.5087291 0.3071461
vt 0.4781497 0.9126938
vt 0.4781497 0.9289362
vt 0.4781497 0.9647811
vt 0.5092603 0.3071461
vt 0.7804066 0.3592289
vt 0.5153695 0.3071461
vt 0.5159008 0.3071461
vt 0.4853214 0.9653412
vt 0.4858526 0.9306164
vt 0.4858526 0.9950250
vt 0.4863838 0.9653412
vt 0.4874463 0.9950250
vt 0.4879775 0.9653412
vt 0.4885087 0.9294963
vt 0.5196194 0.2741016
vt 0.2304563 0.6413114
vt 0.2304563 0.6732358
vt 0.2304563 0.7068404
vt 0.5201506 0.2741016
vt 0.5212130 0.3071461
vt 0.5217443 0.2741016
vt 0.5222755 0.2741016
vt 0.7889064 0.3597890
vt 0.5233380 0.3071461
vt 0.5238692 0.3071461
vt 0.7905001 0.3933933
vt 0.7910313 0.3933933
vt 0.2362998 0.6732358
vt 0.9133279 0.3154322
vt 0.9138591 0.3473566
vt 0.5281190 0.2741016
vt 0.5286502 0.2741016
vt 0.2421433 0.6413114
vt 0.2421433 0.6732358
vt 0.2421433 0.7057203
vt 0.7979373 0.3603490
vt 0.2426745 0.6642746
vt 0.2426745 0.6978790
vt 0.2432059 0.6978790
vt 0.5339626 0.2741016
vt 0.5350251 0.3065861
vt 0.9218277 0.3154322
vt 0.9223589 0.3154322
vt 0.2469245 0.6648347
vt 0.2469245 0.7068404
vt 0.8027185 0.3603490
vt 0.2474557 0.6648347
vt 0.8032497 0.3603490
vt 0.2498462 0.6491524
vt 0.9268743 0.3154322
vt 0.2514399 0.6497125
vt 0.2525024 0.6989994
vt 0.2530336 0.6989994
vt 0.8093588 0.3945134
vt 0.8098900 0.3945134
vt 0.9305929 0.3467965
vt 0.8104213 0.3945134
vt 0.2562209 0.6659549
vt 0.8120149 0.3609091
vt 0.5400192 0.2995684
vt 0.5405505 0.2777255
vt 0.5405505 0.2995684
vt 0.5410817 0.2777255
vt 0.2594083 0.6704354
vt 0.9353740 0.3154322
vt 0.2625958 0.6833171
vt 0.9396239 0.3467965
vt 0.2641895 0.6670750
vt 0.5495815 0.3074094
vt 0.2663144 0.6497125
vt 0.2663144 0.6698754
vt 0.2673769 0.6872376
vt 0.2679081 0.6424315
vt 0.9438738 0.3154322
vt 0.5538313 0.2900471
vt 0.5586123 0.3074094
vt 0.2772046 0.6726757
vt 0.5620653 0.2760453
vt 0.9558264 0.3467965
vt 0.2809233 0.6435517
vt 0.9579514 0.3467965
vt 0.5673777 0.3012486
vt 0.9600763 0.3154322
vt 0.2846419 0.6889178
vt 0.9611388 0.3154322
vt 0.2915478 0.6715556
vt 0.2920791 0.7068404
vt 0.2942040 0.6749160
vt 0.9707009 0.3154322
vt 0.2963289 0.6715556
vt 0.9722946 0.3154322
vt 0.2968601 0.6390711
vt 0.9733570 0.3154322
vt 0.5833145 0.2738050
vt 0.3000476 0.6390711
vt 0.9760133 0.3154322
vt 0.9765445 0.3467965
vt 0.3024381 0.6390711
vt 0.9784038 0.3467965
vt 0.3029694 0.6922783
vt 0.5904862 0.2861266
vt 0.9842473 0.3495969
vt 0.9853098 0.3159923
vt 0.7916350 0.6400817
vt 0.7916350 0.6731263
vt 0.7916350 0.7067306
vt 0.7921662 0.6731263
vt 0.3109378 0.6396312
vt 0.7926974 0.6400817
vt 0.3114690 0.6396312
vt 0.7932287 0.6731263
vt 0.7932287 0.7067306
vt 0.7937599 0.6731263
vt 0.3125315 0.6777164
vt 0.3130627 0.6726757
vt 0.3130627 0.6777164
vt 0.7953536 0.7067306
vt 0.7974785 0.6731263
vt 0.7663628 0.3147625
vt 0.7663628 0.3498304
vt 0.7719493 0.3147625
vt 0.6081008 0.5828621
vt 0.7797748 0.3322964
vt 0.6150752 0.5794683
vt 0.6150752 0.5800339
vt 0.6156116 0.5800339
vt 0.6161481 0.5800339
vt 0.7824440 0.3288068
vt 0.6177574 0.5800339
vt 0.6177574 0.6083144
vt 0.6193670 0.6077488
vt 0.6231224 0.6060521
vt 0.6247317 0.5794683
vt 0.7902752 0.3498304
vt 0.8924355 0.7898755
vt 0.7921062 0.3484178
vt 0.6274142 0.5896493
vt 0.6274142 0.6332014
vt 0.7931867 0.3439732
vt 0.7931867 0.3474972
vt 0.7947865 0.3462036
vt 0.8967274 0.7678167
vt 0.6306329 0.5907804
vt 0.6306329 0.6315044
vt 0.6322425 0.5907804
vt 0.6327790 0.6162330
vt 0.6333154 0.5896493
vt 0.6338519 0.5890837
vt 0.6343883 0.5890837
vt 0.6343883 0.6015272
vt 0.9010192 0.7457578
vt 0.6381437 0.6009616
vt 0.9053111 0.7231334
vt 0.6397533 0.5766402
vt 0.6402898 0.5766402
vt 0.5474786 0.5410069
vt 0.6418991 0.6009616
vt 0.6424356 0.6009616
vt 0.5496244 0.5415725
vt 0.6445816 0.6122737
vt 0.9138948 0.7904411
vt 0.5565987 0.5087671
vt 0.6499464 0.5873870
vt 0.5582081 0.5613687
vt 0.9181866 0.7683822
vt 0.6520922 0.6117081
vt 0.6526289 0.6117081
vt 0.6531653 0.6224546
vt 0.5608906 0.5098982
vt 0.4224786 0.0059389
vt 0.4228592 0.0056017
vt 0.4228777 0.0056341
vt 0.5614270 0.5093327
vt 0.5614270 0.5098982
vt 0.9224785 0.7457578
vt 0.9230149 0.7220022
vt 0.9230149 0.7542420
vt 0.6569207 0.5743779
vt 0.9235516 0.7876132
vt 0.1563842 0.1699661
vt 0.6596030 0.5986990
vt 0.9267703 0.7542420
vt 0.5689378 0.5296945
vt 0.5694743 0.5296945
vt 0.1627213 0.1630992
vt 0.9310621 0.7220022
vt 0.9310621 0.7542420
vt 0.9310621 0.7876132
vt 0.5775215 0.5500567
vt 0.1698139 0.1699661
vt 0.1760222 0.1763008
vt 0.8023067 0.6733597
vt 0.8023067 0.7067307
vt 0.1767705 0.1908938
vt 0.8028435 0.6399888
vt 0.8028435 0.6733597
vt 0.8033799 0.7067307
vt 0.4525215 0.3566178
vt 0.4525215 0.3860294
vt 0.4525215 0.3943439
vt 0.4525215 0.3944893
vt 0.4525215 0.3945901
vt 0.4525215 0.3946144
vt 0.5952254 0.2740384
vt 0.5952254 0.3074094
vt 0.5866416 0.5178169
vt 0.5973712 0.2740384
vt 0.2454398 0.0053734
vt 0.2459765 0.0048078
vt 0.2459765 0.0053734
vt 0.2459765 0.0059390
vt 0.4577548 0.3904789
vt 0.5946889 0.5376131
vt 0.4629127 0.3860294
vt 0.6107831 0.2904413
vt 0.4691524 0.3713236
vt 0.8709764 0.7389706
vt 0.8720493 0.7587668
vt 0.8720493 0.7717759
vt 0.8720493 0.7904410
vt 0.0930793 0.5992648
vt 0.0930793 0.6326358
vt 0.0936160 0.5670248
vt 0.8731224 0.7570701
vt 0.8736589 0.7587668
vt 0.4747792 0.3762990
vt 0.8752682 0.7570701
vt 0.8758047 0.7904410
vt 0.0968347 0.5992648
vt 0.8784872 0.7214366
vt 0.8795601 0.7570701
vt 0.8800965 0.7904410
vt 0.1011265 0.5670248
vt 0.1011265 0.5992648
vt 0.1011265 0.6332013
vt 0.6236587 0.3074094
vt 0.8811694 0.7570701
vt 0.6263412 0.2740384
vt 0.8843884 0.7570701
vt 0.4857834 0.3566178
vt 0.4857834 0.3676289
vt 0.8865344 0.7570701
vt 0.8865344 0.7700792
vt 0.8870709 0.7830883
vt 0.8876073 0.7214366
vt 0.8876073 0.7830883
vt 0.8876073 0.7904410
vt 0.8082081 0.6405544
vt 0.8082081 0.6733597
vt 0.8082081 0.7067306
vt 0.7212983 0.0404413
vt 0.7212983 0.0534501
vt 0.8130364 0.6733597
vt 0.7229077 0.0404413
vt 0.6392167 0.2904413
vt 0.8167918 0.7067306
vt 0.8200108 0.6563913
vt 0.8205472 0.7067306
vt 0.8221566 0.6733597
vt 0.8226930 0.6524320
vt 0.8226930 0.6710974
vt 0.8237662 0.6524320
vt 0.8243026 0.6705315
vt 0.8243026 0.6733597
vt 0.8269849 0.6399888
vt 0.9375000 0.1659003
vt 0.9375000 0.1908936
vt 0.6526287 0.2740384
vt 0.6526287 0.3074094
vt 0.9387508 0.1653956
vt 0.9391093 0.1652825
vt 0.9391093 0.1908936
vt 0.6574572 0.2740385
vt 0.6574572 0.3074094
vt 0.6815988 0.1348982
vt 0.5077790 0.0822963
vt 0.5093884 0.0822963
vt 0.5093884 0.0992647
vt 0.7304185 0.1575226
vt 0.6649677 0.2740385
vt 0.7341739 0.1348981
vt 0.2508047 0.0048077
vt 0.2509604 0.0057652
vt 0.7359801 0.1526362
vt 0.7362127 0.1524319
vt 0.7362728 0.1523791
vt 0.7363491 0.1523120
vt 0.2524140 0.0048077
vt 0.2524553 0.0053156
vt 0.6703327 0.2740385
vt 0.6719421 0.3074094
vt 0.7397948 0.1348981
vt 0.4160407 0.0234728
vt 0.4165774 0.0234728
vt 0.6998391 0.1575227
vt 0.7035945 0.1348982
vt 0.6799893 0.2740385
vt 0.4224786 0.0336538
vt 0.4230150 0.0330882
vt 0.6821351 0.3074094
vt 0.6858905 0.2740385
vt 0.3489808 0.3475679
vt 0.3505901 0.3141970
vt 0.6939378 0.3074094
vt 0.3570280 0.3311651
vt 0.6971567 0.2740385
vt 0.7014485 0.2740385
vt 0.7014485 0.3074094
vt 0.7255902 0.1348982
vt 0.7062768 0.2740384
vt 0.7062768 0.3068438
vt 0.7084226 0.2740384
vt 0.3656117 0.3153281
vt 0.7137876 0.2740384
vt 0.7143241 0.2910068
vt 0.3720493 0.3322965
vt 0.3774141 0.3158937
vt 0.3779505 0.3158937
vt 0.3790237 0.3492646
vt 0.7229078 0.2740384
vt 0.7234442 0.2740384
vt 0.7245171 0.3074096
vt 0.7250536 0.3074096
vt 0.3870709 0.3164593
vt 0.2706545 0.1054866
vt 0.3902896 0.3498302
vt 0.7352469 0.2740384
vt 0.3924357 0.3164593
vt 0.3935086 0.3498302
vt 0.3945815 0.3164593
vt 0.3951179 0.3475679
vt 0.3967275 0.3141970
vt 0.3972640 0.3141970
vt 0.3978004 0.3141970
vt 0.7427574 0.2910068
vt 0.4026287 0.3481335
vt 0.7164700 0.0263010
vt 0.7497317 0.3074096
vt 0.7502682 0.2740384
vt 0.7443669 0.1354639
vt 0.8119634 0.4991517
vt 0.4079934 0.3481335
vt 0.2915772 0.1054866
vt 0.7228762 0.0334410
vt 0.8157188 0.4765273
vt 0.2947962 0.1269795
vt 0.8194742 0.4539028
vt 0.4171139 0.3153281
vt 0.4176503 0.3486990
vt 0.6553112 0.0308257
vt 0.7303113 0.0263010
vt 0.7976735 0.1503141
vt 0.7977485 0.1504105
vt 0.7978356 0.1505224
vt 0.7978950 0.1505987
vt 0.8016513 0.1348981
vt 0.4235515 0.3492646
vt 0.8028433 0.1569569
vt 0.8071351 0.1348981
vt 0.7663626 0.1348983
vt 0.3119636 0.1054866
vt 0.4315987 0.3328621
vt 0.7706544 0.1575228
vt 0.8377145 0.4765273
vt 0.6714057 0.0336539
vt 0.4348177 0.3498302
vt 0.6730150 0.0257352
vt 0.4385731 0.3498302
vt 0.4401824 0.3170248
vt 0.8243025 0.1575225
vt 0.8285943 0.1348981
vt 0.7878218 0.1348983
vt 0.6891095 0.0257352
vt 0.2030580 0.3317308
vt 0.2035944 0.3136312
vt 0.5142167 0.0822964
vt 0.2041308 0.3317308
vt 0.2046673 0.3317308
vt 0.2046673 0.3498303
vt 0.7926501 0.1569569
vt 0.2052037 0.3136312
vt 0.5158261 0.0822964
vt 0.5158261 0.0992648
vt 0.0024141 0.6392738
vt 0.0024141 0.6731440
vt 0.0024141 0.7064497
vt 0.0024141 0.7120415
vt 0.0024141 0.7464764
vt 0.7550965 0.2741039
vt 0.0034850 0.7803466
vt 0.7561674 0.3074094
vt 0.0050913 0.6392738
vt 0.0056268 0.6432253
vt 0.7583092 0.2741039
vt 0.8409261 0.2745176
vt 0.8414616 0.3072590
vt 0.0066976 0.6731440
vt 0.0072331 0.7905075
vt 0.0077684 0.6731440
vt 0.0077684 0.7470408
vt 0.7604508 0.2741039
vt 0.0083039 0.6432253
vt 0.0083039 0.7470408
vt 0.8436032 0.3072590
vt 0.0093748 0.6415317
vt 0.0093748 0.6742728
vt 0.7620572 0.3074094
vt 0.0099102 0.7301057
vt 0.0104456 0.7064497
vt 0.0109811 0.6742728
vt 0.0125874 0.7064497
vt 0.0136582 0.7814754
vt 0.0141936 0.7814754
vt 0.8510993 0.3072590
vt 0.8516347 0.3072590
vt 0.8521702 0.3072590
vt 0.0184770 0.7481699
vt 0.8553828 0.2739532
vt 0.9058120 0.2737562
vt 0.9058120 0.3076264
vt 0.7733013 0.2741039
vt 0.8559181 0.2739532
vt 0.7738366 0.2741039
vt 0.8569891 0.3072590
vt 0.0222252 0.7148641
vt 0.8575245 0.2739532
vt 0.8575245 0.3072590
vt 0.0227605 0.6573377
vt 0.0232960 0.6742728
vt 0.0265085 0.7662338
vt 0.8623434 0.3072590
vt 0.7802619 0.2904743
vt 0.8644851 0.2739532
vt 0.9154498 0.2799657
vt 0.0302566 0.7329281
vt 0.0329338 0.7064497
vt 0.0340046 0.6409670
vt 0.0345399 0.7837336
vt 0.7872224 0.3074094
vt 0.8698394 0.3072590
vt 0.8725165 0.2739532
vt 0.8725165 0.3072590
vt 0.0377526 0.7504279
vt 0.8730520 0.2739532
vt 0.8730520 0.3072590
vt 0.9245520 0.2799657
vt 0.9245520 0.3076264
vt 0.0415006 0.7171221
vt 0.0420361 0.7199445
vt 0.0420361 0.7216380
vt 0.0420361 0.7555082
vt 0.0420361 0.7888140
vt 0.8778708 0.2739532
vt 0.0436424 0.6737084
vt 0.7979311 0.2904743
vt 0.7984664 0.2741039
vt 0.8832251 0.3072590
vt 0.8853669 0.2739532
vt 0.0506030 0.7555082
vt 0.0522092 0.7555082
vt 0.0527447 0.7064497
vt 0.8880441 0.2739532
vt 0.8880441 0.3072590
vt 0.8885794 0.2739532
vt 0.8885794 0.3072590
vt 0.0538155 0.6737084
vt 0.0543510 0.6404026
vt 0.8896503 0.2739532
vt 0.0548863 0.6404026
vt 0.8901858 0.3072590
vt 0.8081042 0.3074094
vt 0.8091750 0.2741039
vt 0.8933984 0.3072590
vt 0.0586344 0.7888140
vt 0.0591698 0.6737084
vt 0.1074530 0.6385576
vt 0.0591698 0.7905075
vt 0.8955401 0.2739532
vt 0.0618469 0.6652407
vt 0.0618469 0.7199445
vt 0.0618469 0.7555082
vt 0.0618469 0.7905075
vt 0.0623824 0.6917726
vt 0.0623824 0.7064497
vt 0.8150648 0.2741039
vt 0.8976819 0.2739532
vt 0.2581969 0.4653456
vt 0.1117365 0.6735569
vt 0.9003590 0.3072590
vt 0.9008944 0.2739532
vt 0.0661304 0.6404026
vt 0.8193483 0.3074094
vt 0.1165555 0.6385576
vt 0.1165555 0.6735569
vt 0.1165555 0.7068624
vt 0.0779277 0.4513281
vt 0.0779277 0.4993110
vt 0.2640865 0.4512329
vt 0.2640865 0.4517973
vt 0.2640865 0.4647809
vt 0.2651574 0.4822807
vt 0.8225608 0.3074094
vt 0.2656928 0.4523620
vt 0.0712170 0.6714504
vt 0.0712170 0.6725793
vt 0.0819435 0.4693923
vt 0.0824789 0.4693923
vt 0.8260411 0.2741039
vt 0.0846207 0.4496346
vt 0.8281829 0.2741039
vt 0.0760358 0.6725793
vt 0.8292537 0.2791842
vt 0.0862270 0.4868918
vt 0.2723858 0.4992158
vt 0.0787130 0.6545153
vt 0.0797840 0.6381447
vt 0.0894395 0.4835048
vt 0.0808548 0.7058850
vt 0.0899750 0.4835048
vt 0.0905103 0.4880210
vt 0.0926521 0.4626182
vt 0.8362144 0.2791842
vt 0.8362144 0.3074094
vt 0.4038099 0.1654910
vt 0.4038099 0.1683134
vt 0.4038099 0.1700070
vt 0.4038099 0.1705717
vt 0.4038099 0.1908935
vt 0.4043453 0.1694425
vt 0.0867446 0.6381447
vt 0.0867446 0.6545153
vt 0.0872799 0.6725793
vt 0.2841652 0.4659100
vt 0.0985419 0.4959239
vt 0.1012191 0.4631826
vt 0.0926342 0.6725793
vt 0.1017544 0.4631826
vt 0.1028252 0.4964884
vt 0.2889840 0.4512329
vt 0.0947760 0.6895146
vt 0.4145185 0.1705717
vt 0.2905904 0.4822807
vt 0.1065734 0.4581023
vt 0.2927322 0.4523620
vt 0.2927322 0.4585715
vt 0.4171957 0.1683134
vt 0.1071087 0.4806824
vt 0.1076442 0.4806824
vt 0.1081795 0.4513281
vt 0.2959447 0.4517973
vt 0.2964801 0.4523620
vt 0.2964801 0.4647809
vt 0.4209437 0.1700070
vt 0.1017367 0.6381447
vt 0.1017367 0.6714504
vt 0.4214791 0.1694425
vt 0.9295252 0.2738901
vt 0.1022720 0.7058850
vt 0.2975510 0.4992158
vt 0.1028075 0.6725793
vt 0.1028075 0.7058850
vt 0.1124630 0.4643117
vt 0.1129985 0.4513281
vt 0.4236208 0.1637975
vt 0.1135338 0.4976175
vt 0.4262980 0.1683134
vt 0.9370213 0.2908252
vt 0.1188883 0.4981819
vt 0.3082596 0.4512329
vt 0.3082596 0.4992158
vt 0.2170569 0.2732580
vt 0.3087951 0.4659100
vt 0.2175922 0.3071285
vt 0.3093304 0.4659100
vt 0.3098659 0.4659100
vt 0.4343294 0.1637975
vt 0.9423756 0.2738901
vt 0.3104014 0.4619586
vt 0.4354002 0.1688781
vt 0.4354002 0.1903291
vt 0.9439818 0.3071958
vt 0.9445173 0.2738901
vt 0.4370066 0.1892003
vt 0.4375420 0.1908935
vt 0.3136139 0.4512329
vt 0.4380774 0.1892003
vt 0.3141494 0.4992158
vt 0.4386129 0.1700070
vt 0.1285259 0.4993110
vt 0.9477299 0.2738901
vt 0.9477299 0.3071958
vt 0.9482653 0.2744548
vt 0.4407545 0.1705717
vt 0.4407545 0.1801682
vt 0.2250883 0.2907578
vt 0.9498716 0.3071958
vt 0.9504071 0.2744548
vt 0.1322740 0.4665697
vt 0.1328094 0.4654408
vt 0.2283009 0.2907578
vt 0.0024414 0.4004100
vt 0.3205745 0.4529264
vt 0.9536196 0.3071958
vt 0.9691765 0.3074094
vt 0.9546905 0.3071958
vt 0.2309781 0.3071285
vt 0.0045832 0.4342801
vt 0.3227163 0.4822807
vt 0.0051186 0.4342801
vt 0.0056541 0.4004100
vt 0.2325843 0.2732580
vt 0.3248580 0.4992158
vt 0.9579030 0.2738901
vt 0.2341906 0.3071285
vt 0.0077957 0.4004100
vt 0.9584385 0.2738901
vt 0.9589739 0.2738901
vt 0.3269996 0.4992158
vt 0.3275351 0.4517973
vt 0.3280706 0.4523620
vt 0.3280706 0.4647809
vt 0.9756016 0.2741039
vt 0.9761371 0.2904743
vt 0.0115437 0.4438767
vt 0.9772080 0.2741039
vt 0.9777435 0.2741039
vt 0.9777435 0.3074094
vt 0.2395449 0.2732580
vt 0.3312831 0.4659100
vt 0.9637928 0.2738901
vt 0.0136855 0.3998452
vt 0.9788143 0.2741039
vt 0.9643282 0.3071958
vt 0.9793496 0.2741039
vt 0.9793496 0.3074094
vt 0.2411512 0.2732580
vt 0.0147564 0.3998452
vt 0.9798851 0.2741039
vt 0.9798851 0.3074094
vt 0.9809559 0.2741039
vt 0.0163627 0.4337157
vt 0.3344957 0.4659100
vt 0.3344957 0.4755066
vt 0.9814914 0.2741039
vt 0.9814914 0.3074094
vt 0.7245173 0.0607693
vt 0.7245173 0.0609422
vt 0.7245173 0.0609519
vt 0.7245173 0.0749434
vt 0.3951181 0.0594308
vt 0.3951181 0.0738122
vt 0.3995940 0.0594071
vt 0.5871781 0.0144232
vt 0.5877145 0.0155543
vt 0.5882510 0.0144232
vt 0.5903970 0.0132917
vt 0.5903970 0.0149887
vt 0.5909335 0.0132917
vt 0.5909335 0.0149887
vt 0.5914699 0.0144232
vt 0.7367154 0.0605988
vt 0.5952253 0.0161199
vt 0.7402597 0.0607346
vt 0.4107801 0.0602267
vt 0.4110450 0.0603466
vt 0.4116335 0.0602699
vt 0.4149677 0.0749433
vt 0.4160409 0.0749433
vt 0.4169582 0.0604350
vt 0.7518777 0.0616608
vt 0.7518777 0.0749434
vt 0.7636093 0.0611475
vt 0.6002826 0.0161854
vt 0.6004412 0.0134542
vt 0.6027360 0.0138574
vt 0.1508411 0.0505652
vt 0.1509118 0.0534503
vt 0.1509247 0.0534503
vt 0.1509401 0.0534503
vt 0.1509404 0.0534503
vt 0.1509631 0.0394181
vt 0.1517591 0.0394313
vt 0.7679121 0.0609937
vt 0.7681691 0.0607500
vt 0.1523343 0.0534503
vt 0.7682414 0.0607500
vt 0.1528353 0.0394430
vt 0.1542381 0.0394585
vt 0.1542381 0.0534503
vt 0.7702421 0.0609498
vt 0.1563842 0.0534503
vt 0.1571511 0.0395120
vt 0.1575566 0.0396888
vt 0.1587723 0.0399456
vt 0.7778192 0.0608515
vt 0.1621439 0.0399036
vt 0.7797746 0.0749434
vt 0.7803113 0.0749434
vt 0.1651203 0.0397852
vt 0.7853646 0.0606551
vt 0.7862125 0.0749434
vt 0.7869164 0.0605180
vt 0.7876309 0.0604865
vt 0.1722242 0.0393573
vt 0.1733317 0.0394366
vt 0.1735516 0.0528847
vt 0.7901830 0.0604150
vt 0.7942945 0.0604076
vt 0.7963072 0.0604030
vt 0.1005900 0.0161200
vt 0.8039163 0.0749434
vt 0.8041506 0.0603655
vt 0.8041510 0.0603456
vt 0.8041544 0.0601344
vt 0.8041549 0.0601016
vt 0.2701702 0.0130558
vt 0.2702888 0.0138063
vt 0.2706546 0.0161198
vt 0.2707857 0.0129217
vt 0.2711735 0.0128372
vt 0.2713068 0.0119939
vt 0.8439792 0.0308257
vt 0.8441524 0.0308257
vt 0.8445542 0.0310375
vt 0.8452253 0.0274322
vt 0.1901504 0.0295877
vt 0.3215866 0.0990173
vt 0.3219251 0.0985220
vt 0.3226933 0.0947399
vt 0.8473714 0.0274322
vt 0.3232297 0.0947399
vt 0.1923826 0.0311312
vt 0.1925305 0.0262350
vt 0.1928649 0.0223415
vt 0.1928649 0.0279979
vt 0.8682940 0.0336539
vt 0.3243026 0.0817308
vt 0.1199035 0.0115951
vt 0.8688305 0.0274323
vt 0.1940381 0.0334508
vt 0.8693669 0.0274323
vt 0.1209763 0.0115951
vt 0.4276366 0.0055558
vt 0.4277434 0.0052434
vt 0.1955471 0.0325228
vt 0.1957236 0.0231707
vt 0.1957897 0.0231126
vt 0.1958146 0.0319589
vt 0.1959120 0.0317534
vt 0.1960838 0.0313913
vt 0.1971567 0.0234730
vt 0.7277362 0.0534502
vt 0.8768777 0.0274323
vt 0.8768777 0.0330883
vt 0.6075644 0.0161200
vt 0.7298820 0.0404411
vt 0.7304184 0.0404411
vt 0.6089477 0.0154571
vt 0.6102469 0.0132918
vt 0.6106301 0.0132918
vt 0.7354929 0.0275902
vt 0.8634656 0.0336538
vt 0.4407188 0.0059389
vt 0.9634782 0.1269206
vt 0.9643241 0.1077489
vt 0.9647530 0.1271937
vt 0.7411482 0.0263010
vt 0.7422110 0.0296626
vt 0.7423022 0.0296813
vt 0.5560622 0.0263010
vt 0.5560622 0.0274321
vt 0.5560622 0.0279977
vt 0.5571351 0.0336537
vt 0.7461965 0.0304243
vt 0.1260047 0.0114769
vt 0.1260517 0.0135321
vt 0.1262414 0.0161199
vt 0.5635730 0.0268665
vt 0.5641095 0.0268665
vt 0.7538858 0.0319947
vt 0.7545496 0.0321638
vt 0.5689378 0.0251698
vt 0.5694742 0.0302603
vt 0.5694742 0.0308258
vt 0.5694742 0.0313914
vt 0.5694742 0.0319570
vt 0.5700107 0.0302603
vt 0.7352467 0.0534503
vt 0.7363199 0.0404412
vt 0.7379292 0.0404412
vt 0.4219420 0.0596720
vt 0.4219420 0.0721153
vt 0.4235514 0.0596720
vt 0.4235514 0.0721153
vt 0.7620800 0.0335917
vt 0.7620825 0.0335746
vt 0.1392169 0.0161199
vt 0.7631439 0.0263010
vt 0.4251610 0.0596720
vt 0.4251610 0.0743013
vt 0.4253981 0.0744201
vt 0.4254004 0.0745635
vt 0.4254019 0.0746608
vt 0.4254043 0.0748075
vt 0.1783797 0.0394107
vt 0.1783797 0.0405958
vt 0.1783797 0.0406675
vt 0.1783797 0.0408603
vt 0.1783797 0.0534501
vt 0.1786939 0.0396213
vt 0.1789162 0.0397702
vt 0.1789162 0.0534501
vt 0.1837448 0.0393101
vt 0.1837448 0.0500566
vt 0.1837448 0.0536179
vt 0.6406673 0.0059388
vt 0.6407714 0.0059388
vt 0.6409815 0.0059388
vt 0.1896587 0.0534413
vt 0.2025215 0.0393101
vt 0.2025215 0.0530542
vt 0.6649677 0.0059388
vt 0.7073499 0.0059388
vt 0.2163323 0.0531183
vt 0.2218346 0.0393101
vt 0.2218346 0.0500566
vt 0.0025309 0.0060454
vt 0.0038536 0.0044292
vt 0.0042328 0.0042421
vt 0.0049022 0.0048976
vt 0.0050965 0.0042421
vt 0.0075826 0.0040405
vt 0.2760193 0.0144232
vt 0.2829346 0.0156850
vt 0.2829697 0.0158569
vt 0.2832977 0.0119815
vt 0.2411481 0.0393101
vt 0.6939378 0.0059388
vt 0.2438306 0.0393101
vt 0.2438306 0.0460973
vt 0.4455054 0.0053732
vt 0.4471342 0.0060696
vt 0.4476931 0.0053732
vt 0.7025214 0.0059388
vt 0.5195816 0.4991515
vt 0.7121782 0.0059390
vt 0.5362126 0.4759615
vt 0.5367490 0.4759615
vt 0.8119636 0.0833013
vt 0.8119636 0.0992646
vt 0.9205326 0.0483850
vt 0.9205649 0.0444948
vt 0.8155750 0.0835269
vt 0.9278434 0.0410069
vt 0.7300004 0.0059390
vt 0.7302391 0.0059390
vt 0.8242205 0.0829017
vt 0.9337445 0.0534501
vt 0.9342810 0.0410069
vt 0.8275213 0.0829386
vt 0.8275213 0.0975679
vt 0.5533799 0.4522059
vt 0.1279508 0.0217759
vt 0.1279508 0.0336539
vt 0.8280581 0.0992646
vt 0.8289754 0.0847563
vt 0.1295601 0.0217759
vt 0.1295601 0.0336539
vt 0.8331214 0.0847054
vt 0.2486587 0.0393100
vt 0.2486587 0.0420940
vt 0.2486587 0.0444005
vt 0.8442068 0.0846391
vt 0.2488425 0.0393100
vt 0.2490726 0.0434187
vt 0.2493531 0.0393100
vt 0.2493948 0.0480218
vt 0.2516757 0.0437865
vt 0.8473712 0.0847073
vt 0.8473712 0.0986990
vt 0.2524141 0.0393100
vt 0.2532141 0.0526642
vt 0.3342795 0.0334708
vt 0.3343736 0.0316169
vt 0.2541093 0.0395653
vt 0.3353800 0.0227787
vt 0.2550966 0.0528847
vt 0.2556337 0.0463726
vt 0.2558634 0.0398295
vt 0.2561695 0.0398756
vt 0.3379515 0.0230165
vt 0.3402740 0.0232947
vt 0.3407633 0.0233538
vt 0.2613008 0.0533519
vt 0.2616584 0.0404016
vt 0.2620707 0.0404412
vt 0.1343884 0.0217761
vt 0.1343884 0.0336537
vt 0.1359977 0.0217761
vt 0.1359977 0.0336537
vt 0.2459764 0.3045007
vt 0.0667918 0.7451768
vt 0.0667918 0.7659816
vt 0.0667918 0.7904412
vt 0.0673251 0.7238098
vt 0.0689251 0.7569848
vt 0.0710585 0.7898790
vt 0.0737251 0.7564226
vt 0.2539764 0.2887566
vt 0.0769251 0.7226852
vt 0.0774584 0.7226852
vt 0.0779918 0.7730102
vt 0.2625097 0.2735747
vt 0.0849251 0.7552981
vt 0.0875917 0.7221229
vt 0.2673097 0.3045007
vt 0.0899917 0.7547357
vt 0.0905251 0.7122829
vt 0.0910584 0.7457391
vt 0.0926584 0.7876297
vt 0.0931917 0.7898790
vt 0.0937251 0.7609210
vt 0.2755762 0.2887566
vt 0.0974584 0.7609210
vt 0.0985251 0.7122829
vt 0.1006584 0.7898790
vt 0.1011917 0.7122829
vt 0.1017250 0.7122829
vt 0.1022584 0.7122829
vt 0.2841095 0.2735747
vt 0.2846430 0.2735747
vt 0.2851762 0.2735747
vt 0.1065250 0.7457391
vt 0.1070584 0.7463013
vt 0.1075917 0.7457391
vt 0.1075917 0.7463013
vt 0.2878430 0.2735747
vt 0.2883762 0.3050630
vt 0.2899762 0.3050630
vt 0.1107917 0.7758217
vt 0.1129250 0.7457391
vt 0.2953095 0.3073121
vt 0.1161250 0.7294327
vt 0.2958428 0.2735747
vt 0.1166583 0.7294327
vt 0.3006681 0.2734563
vt 0.3006681 0.3074749
vt 0.3012014 0.2734563
vt 0.3012014 0.3057880
vt 0.1177250 0.7294327
vt 0.1203916 0.7294327
vt 0.1203916 0.7614832
vt 0.1203916 0.7904412
vt 0.3060014 0.2734563
vt 0.3065347 0.2734563
vt 0.1235916 0.7904412
vt 0.1241250 0.7122829
vt 0.1251916 0.7122829
vt 0.1251916 0.7474260
vt 0.1251916 0.7519243
vt 0.1257250 0.7474260
vt 0.1262583 0.7474260
vt 0.3113347 0.2734563
vt 0.1278583 0.7122829
vt 0.3118679 0.2734563
vt 0.3118679 0.2897626
vt 0.1305250 0.7457391
vt 0.1326583 0.7451768
vt 0.1331916 0.7763839
vt 0.1337248 0.7763839
vt 0.1361248 0.7713233
vt 0.3222679 0.2740185
vt 0.3238679 0.3074749
vt 0.1403916 0.7288704
vt 0.1409248 0.7592341
vt 0.1409248 0.7614832
vt 0.3254679 0.2740185
vt 0.3276012 0.2740185
vt 0.3276012 0.3074749
vt 0.1097901 0.3578075
vt 0.1097901 0.3819860
vt 0.1462581 0.7904412
vt 0.1467916 0.7904412
vt 0.1478581 0.7117205
vt 0.1510581 0.7117205
vt 0.1510581 0.7474260
vt 0.1526581 0.7440522
vt 0.1220567 0.3729894
vt 0.1563914 0.7713233
vt 0.1569248 0.7474260
vt 0.1569248 0.7569848
vt 0.1569248 0.7904412
vt 0.1574581 0.7238098
vt 0.1574581 0.7569848
vt 0.1574581 0.7904412
vt 0.1579914 0.7569848
vt 0.1590581 0.7238098
vt 0.1590581 0.7569848
vt 0.1590581 0.7904412
vt 0.1595914 0.7870674
vt 0.1617248 0.7659816
vt 0.1638581 0.7429277
vt 0.1638581 0.7659816
vt 0.1638581 0.7904412
vt 0.1214730 0.6400994
vt 0.1214730 0.6637155
vt 0.1214730 0.6817088
vt 0.1230730 0.6654024
vt 0.9159852 0.4437505
vt 0.1246730 0.6982964
vt 0.9170517 0.4437505
vt 0.1337899 0.3639928
vt 0.1252062 0.6982964
vt 0.1343234 0.3639928
vt 0.1343234 0.3881711
vt 0.1273397 0.6400994
vt 0.9197185 0.4431882
vt 0.1278730 0.6384125
vt 0.1278730 0.6648402
vt 0.1284062 0.6648402
vt 0.9213185 0.4251950
vt 0.9223852 0.4251950
vt 0.9229185 0.4251950
vt 0.1310730 0.7067308
vt 0.9239852 0.4251950
vt 0.1326730 0.6637155
vt 0.1332062 0.6384125
vt 0.1332062 0.6637155
vt 0.1332062 0.6642778
vt 0.1337395 0.6642778
vt 0.9261185 0.4063583
vt 0.1348062 0.6665271
vt 0.1353395 0.6977342
vt 0.1358730 0.6738368
vt 0.1358730 0.6977342
vt 0.9287850 0.4057959
vt 0.1463232 0.3791745
vt 0.1468567 0.3791745
vt 0.1382730 0.6738368
vt 0.1473899 0.3769254
vt 0.1388062 0.6569680
vt 0.1484567 0.3718648
vt 0.1404062 0.7067308
vt 0.1414730 0.6732744
vt 0.1516565 0.3679288
vt 0.1521899 0.3679288
vt 0.9359850 0.4041090
vt 0.1441395 0.6530320
vt 0.1441395 0.6715877
vt 0.1462728 0.7061685
vt 0.1468062 0.7061685
vt 0.9397183 0.4381276
vt 0.1489395 0.6530320
vt 0.1489395 0.6715877
vt 0.1585899 0.3946376
vt 0.1591232 0.3946376
vt 0.9429183 0.4375654
vt 0.1596565 0.3946376
vt 0.1521395 0.6721499
vt 0.1521395 0.6887375
vt 0.1526728 0.6721499
vt 0.1617899 0.3847974
vt 0.1532062 0.6479714
vt 0.1532062 0.6552812
vt 0.1537395 0.6479714
vt 0.1644565 0.3561206
vt 0.1564061 0.7050439
vt 0.1569395 0.6732744
vt 0.1569395 0.7067308
vt 0.1574728 0.6732744
vt 0.1580061 0.6552812
vt 0.1585395 0.6732744
vt 0.1585395 0.7067308
vt 0.1676565 0.3566830
vt 0.1601395 0.6552812
vt 0.0123815 0.0042420
vt 0.0136801 0.0042420
vt 0.0136801 0.0059390
vt 0.0142169 0.0042420
vt 0.0190451 0.0042420
vt 0.0195816 0.0059390
vt 0.0201180 0.0042420
vt 0.0206545 0.0053734
vt 0.2883583 0.0121607
vt 0.2910408 0.0121607
vt 0.2910408 0.0161200
vt 0.4525214 0.0053733
vt 0.4525214 0.0059389
vt 0.4530579 0.0053733
vt 0.6504830 0.1908935
vt 0.6510194 0.1643101
vt 0.6553112 0.1643101
vt 0.6553112 0.1908935
vt 0.7717274 0.7203054
vt 0.7717274 0.7570701
vt 0.7717274 0.7904410
vt 0.7738735 0.7570701
vt 0.7754828 0.7904410
vt 0.7765557 0.7203054
vt 0.7765557 0.7570701
vt 0.7770922 0.7203054
vt 0.7770922 0.7570701
vt 0.7770922 0.7904410
vt 0.7776289 0.7253959
vt 0.7792382 0.7570701
vt 0.7808476 0.7904410
vt 0.7813840 0.7253959
vt 0.7813840 0.7570701
vt 0.7078864 0.7191743
vt 0.7078864 0.7457580
vt 0.7078864 0.7463236
vt 0.7078864 0.7683824
vt 0.7078864 0.7904413
vt 0.2459765 0.7220022
vt 0.2459765 0.7553734
vt 0.2459765 0.7904410
vt 0.8511267 0.9589931
vt 0.8511267 0.9974548
vt 0.5582083 0.4663461
vt 0.8516632 0.9222284
vt 0.5592812 0.4884050
vt 0.5592812 0.4931022
vt 0.5601584 0.4932938
vt 0.8538090 0.9250566
vt 0.5608905 0.4884050
vt 0.5608905 0.4934538
vt 0.7111051 0.7683824
vt 0.5614878 0.4946266
vt 0.5616673 0.4971244
vt 0.5619634 0.4946266
vt 0.8554186 0.9250566
vt 0.8559550 0.9589931
vt 0.2513413 0.7548078
vt 0.5635730 0.4991515
vt 0.7143240 0.7904413
vt 0.2524141 0.7553734
vt 0.8575644 0.9408935
vt 0.8581008 0.9148757
vt 0.8581008 0.9476810
vt 0.8591737 0.9148757
vt 0.8597104 0.9476810
vt 0.8597104 0.9589931
vt 0.8602469 0.9205317
vt 0.8602469 0.9555996
vt 0.8602469 0.9923643
vt 0.7175430 0.7683824
vt 0.8607833 0.9618212
vt 0.8607833 0.9951922
vt 0.8618562 0.9618212
vt 0.8623927 0.9618212
vt 0.8623927 0.9951922
vt 0.7196888 0.7191743
vt 0.7202252 0.7457580
vt 0.7207619 0.7463236
vt 0.7207619 0.7683824
vt 0.7207619 0.7904413
vt 0.5710838 0.4985859
vt 0.2100323 0.3458710
vt 0.2620707 0.7361424
vt 0.5743025 0.4804863
vt 0.2626072 0.7361424
vt 0.2631439 0.7729074
vt 0.8688306 0.9748303
vt 0.8699035 0.9748303
vt 0.8704399 0.9731336
vt 0.8715128 0.9731336
vt 0.8736588 0.9380657
vt 0.8736588 0.9731336
vt 0.8736588 0.9878394
vt 0.8739755 0.9884404
vt 0.2196889 0.3305996
vt 0.5813480 0.4975248
vt 0.2202253 0.3136312
vt 0.8749190 0.9902310
vt 0.8752682 0.9878394
vt 0.8755378 0.9901944
vt 0.8757617 0.9901812
vt 0.8758348 0.9905279
vt 0.5833586 0.4975123
vt 0.2728005 0.7508485
vt 0.5850322 0.4612556
vt 0.2733369 0.7169117
vt 0.2733369 0.7904410
vt 0.5855687 0.4968892
vt 0.2738734 0.7169117
vt 0.8806329 0.9917987
vt 0.5895229 0.4957580
vt 0.5898605 0.4968892
vt 0.8833154 0.9906673
vt 0.5903970 0.4940610
vt 0.5909334 0.4940610
vt 0.2298819 0.3481336
vt 0.5914699 0.4957580
vt 0.5915412 0.4962535
vt 0.2304183 0.3147624
vt 0.2797746 0.7553734
vt 0.5930795 0.4985859
vt 0.8876073 0.9205317
vt 0.8876073 0.9555996
vt 0.8876073 0.9906673
vt 0.5957617 0.4968892
vt 0.2347102 0.3153280
vt 0.2840664 0.7321834
vt 0.1440449 0.0116461
vt 0.1440449 0.0161198
vt 0.1444911 0.0123569
vt 0.2352469 0.3153280
vt 0.5968349 0.4991515
vt 0.1448856 0.0161198
vt 0.2384656 0.3158935
vt 0.1496440 0.5093325
vt 0.1504054 0.5274320
vt 0.2395387 0.3492648
vt 0.6011267 0.4753959
vt 0.1508361 0.5195743
vt 0.6016632 0.4753959
vt 0.6021996 0.4753959
vt 0.2905043 0.7729074
vt 0.6027361 0.4985859
vt 0.1524608 0.5274320
vt 0.1531652 0.5093325
vt 0.1531652 0.5274320
vt 0.2937233 0.7468892
vt 0.2942597 0.7468892
vt 0.2454399 0.3498303
vt 0.2947962 0.7135180
vt 0.1568511 0.5274320
vt 0.2953326 0.7135180
vt 0.2958690 0.7135180
vt 0.2491953 0.3170250
vt 0.0211910 0.4216628
vt 0.0211910 0.4437217
vt 0.2996244 0.7299208
vt 0.1612124 0.5274320
vt 0.8318133 0.6399887
vt 0.8318133 0.6609164
vt 0.8318133 0.6835409
vt 0.8318133 0.7067309
vt 0.6118562 0.4906675
vt 0.8323497 0.6399887
vt 0.8323497 0.6609164
vt 0.8323497 0.6812783
vt 0.6123927 0.4561652
vt 0.6123927 0.4906675
vt 0.8328862 0.6399887
vt 0.8328862 0.6733596
vt 0.8328862 0.7067309
vt 0.6129291 0.4906675
vt 0.3012338 0.7553734
vt 0.3012338 0.7904410
vt 0.8334226 0.6399887
vt 0.8334226 0.6733596
vt 0.8334226 0.7067309
vt 0.6134655 0.4561652
vt 0.0244100 0.4216628
vt 0.7057405 0.5749436
vt 0.7057405 0.5817308
vt 0.7057405 0.6105768
vt 0.7057405 0.6332012
vt 0.1633585 0.5613688
vt 0.1638949 0.5342195
vt 0.7931868 0.5489255
vt 0.6145387 0.4561652
vt 0.7937232 0.5098982
vt 0.7937232 0.5296945
vt 0.6150752 0.4561652
vt 0.6156116 0.4561652
vt 0.6156116 0.4991515
vt 0.0276287 0.4437217
vt 0.4299892 0.0749433
vt 0.7980151 0.5296945
vt 0.0308476 0.4216628
vt 0.4337445 0.0749433
vt 0.1708690 0.5087669
vt 0.0024213 0.0161595
vt 0.1714055 0.5268665
vt 0.0034872 0.0155544
vt 0.3119636 0.5868212
vt 0.6231224 0.4889705
vt 0.0340666 0.3996040
vt 0.0340666 0.4216628
vt 0.0340666 0.4437217
vt 0.8023069 0.5098982
vt 0.3135730 0.6094456
vt 0.3135730 0.6264140
vt 0.3135730 0.6332012
vt 0.8028434 0.5098982
vt 0.3157188 0.6332012
vt 0.1762340 0.5279976
vt 0.8055259 0.5432691
vt 0.1767705 0.5087669
vt 0.1773069 0.5268665
vt 0.6279507 0.4884050
vt 0.6284871 0.4884050
vt 0.1794527 0.5613688
vt 0.1799344 0.5087669
vt 0.7223711 0.5817308
vt 0.7223711 0.5992647
vt 0.7223711 0.6218892
vt 0.1799892 0.5268665
vt 0.8092810 0.5263010
vt 0.0122150 0.0138017
vt 0.6317061 0.4878394
vt 0.1812914 0.5126311
vt 0.1813535 0.5087669
vt 0.3216202 0.6077489
vt 0.1819855 0.5087669
vt 0.1821352 0.5087669
vt 0.1821352 0.5268665
vt 0.3232296 0.5721154
vt 0.0292381 0.0144231
vt 0.0297746 0.0138575
vt 0.0297746 0.0161198
vt 0.6343883 0.4985859
vt 0.4578861 0.0059388
vt 0.0313117 0.0122369
vt 0.0316977 0.0118300
vt 0.1858906 0.5279976
vt 0.4490084 0.0595845
vt 0.0323834 0.0111070
vt 0.3264485 0.6094456
vt 0.8157189 0.5432691
vt 0.6370708 0.4522059
vt 0.4494013 0.0604968
vt 0.4498193 0.0610773
vt 0.0329935 0.0155542
vt 0.0206546 0.0110295
vt 0.0351604 0.0135609
vt 0.0356761 0.0155542
vt 0.7327588 0.5749436
vt 0.7329676 0.5749436
vt 0.7329972 0.5749436
vt 0.6424356 0.4861427
vt 0.7342023 0.5769024
vt 0.9219420 0.0279978
vt 0.0384250 0.0153472
vt 0.0241758 0.0110295
vt 0.3328861 0.5930431
vt 0.1928647 0.5444004
vt 0.9224784 0.0291290
vt 0.8226933 0.5104638
vt 0.8226933 0.5591064
vt 0.1939379 0.5059390
vt 0.0404416 0.0151953
vt 0.3349379 0.6195584
vt 0.3353100 0.6192580
vt 0.3354937 0.6196936
vt 0.3355884 0.6199181
vt 0.3357706 0.6197609
vt 0.3361051 0.6094456
vt 0.3366415 0.6094456
vt 0.7390021 0.5830159
vt 0.7390021 0.5879524
vt 0.7390021 0.6105768
vt 0.7390021 0.6332012
vt 0.0431866 0.0149886
vt 0.4546673 0.0726811
vt 0.8264484 0.5557127
vt 0.1976933 0.5138574
vt 0.4556847 0.0749914
vt 0.8280580 0.5557127
vt 0.9291232 0.0336725
vt 0.9291404 0.0336173
vt 0.9292073 0.0307390
vt 0.9292290 0.0316714
vt 0.9292710 0.0311494
vt 0.9292888 0.0298329
vt 0.9293882 0.0328980
vt 0.6123927 0.1988122
vt 0.6123927 0.2287897
vt 0.1998390 0.5613688
vt 0.8291309 0.5268666
vt 0.8291309 0.5608031
vt 0.4734442 0.0053732
vt 0.4575113 0.0740587
vt 0.9296503 0.0330553
vt 0.9296596 0.0330700
vt 0.9299892 0.0336539
vt 0.8302038 0.5591064
vt 0.9305257 0.0330883
vt 0.8302588 0.5615959
vt 0.8307402 0.5596720
vt 0.8307402 0.5605241
vt 0.8313891 0.5596720
vt 0.7457892 0.0137283
vt 0.7460376 0.0137198
vt 0.3441523 0.5789026
vt 0.9337446 0.0313913
vt 0.7470493 0.0161199
vt 0.2062769 0.5279976
vt 0.8355688 0.5432691
vt 0.2068134 0.5234727
vt 0.9364271 0.0330883
vt 0.2078863 0.5234727
vt 0.3500535 0.5930431
vt 0.6236589 0.2135180
vt 0.3516631 0.6060519
vt 0.2116417 0.5336539
vt 0.9412554 0.0279978
vt 0.3521996 0.5924772
vt 0.2121781 0.5336539
vt 0.8414700 0.5608031
vt 0.8420064 0.5110294
vt 0.4863197 0.0053732
vt 0.4863197 0.0059388
vt 0.2137875 0.5444004
vt 0.8430793 0.5591064
vt 0.8441525 0.5613687
vt 0.4895387 0.0059388
vt 0.9460837 0.0279978
vt 0.4900751 0.0053732
vt 0.4900751 0.0059388
vt 0.6599823 0.1820717
vt 0.6600413 0.1863323
vt 0.6606033 0.1908935
vt 0.6606595 0.1719831
vt 0.6609862 0.1643101
vt 0.6317061 0.2203055
vt 0.6317061 0.2287897
vt 0.2191525 0.5410067
vt 0.8489808 0.5268666
vt 0.6649678 0.1841064
vt 0.2218347 0.5059390
vt 0.2218347 0.5410067
vt 0.2218347 0.5528846
vt 0.2218347 0.5613688
vt 0.1295600 0.1965499
vt 0.9519849 0.0302601
vt 0.4800746 0.0627661
vt 0.1300547 0.2288585
vt 0.6354613 0.1988122
vt 0.1300964 0.2265271
vt 0.1303473 0.2288634
vt 0.4809551 0.0596720
vt 0.7518778 0.0138574
vt 0.4818986 0.0618826
vt 0.1322425 0.2276582
vt 0.1323095 0.2294590
vt 0.1323673 0.2293694
vt 0.1338518 0.2276582
vt 0.8559548 0.5517533
vt 0.1338834 0.2293877
vt 0.8564913 0.5568438
vt 0.8570280 0.5432691
vt 0.8572724 0.5537599
vt 0.8575645 0.5517533
vt 0.9578864 0.0336539
vt 0.8581009 0.5562782
vt 0.8581009 0.5568438
vt 0.8581719 0.5531410
vt 0.8583811 0.5529014
vt 0.6867762 0.1885021
vt 0.6870247 0.1884935
vt 0.6874365 0.1808559
vt 0.6874577 0.1808263
vt 0.6875501 0.1806974
vt 0.6876011 0.1806263
vt 0.6876115 0.1884298
vt 0.6878740 0.1650186
vt 0.6880364 0.1908936
vt 0.2540237 0.3498303
vt 0.6891096 0.1908936
vt 0.2545602 0.3136312
vt 0.2545602 0.3317308
vt 0.6896460 0.1801471
vt 0.6899979 0.1883958
vt 0.6900804 0.1801471
vt 0.6901651 0.1831572
vt 0.2550966 0.3136312
vt 0.2550966 0.3317308
vt 0.2556331 0.3498303
vt 0.8640021 0.5268666
vt 0.8640021 0.5591064
vt 0.6783797 0.1643101
vt 0.6923282 0.1908936
vt 0.9627145 0.0336538
vt 0.9634525 0.0326165
vt 0.6604673 0.1998304
vt 0.6815987 0.1908935
vt 0.6606759 0.2022058
vt 0.6955472 0.1716630
vt 0.6821351 0.1643101
vt 0.7668991 0.0138574
vt 0.7668991 0.0161200
vt 0.6520922 0.2123869
vt 0.6520922 0.2287897
vt 0.6966201 0.1716630
vt 0.6526286 0.2287897
vt 0.6623742 0.1993730
vt 0.6627767 0.1992949
vt 0.9675430 0.0293981
vt 0.9675430 0.0302601
vt 0.6628220 0.2022058
vt 0.8715129 0.5110294
vt 0.8715129 0.5432691
vt 0.6993026 0.1643099
vt 0.1649678 0.7067306
vt 0.9695204 0.0277585
vt 0.6648794 0.1988814
vt 0.6649678 0.1999435
vt 0.6558450 0.2293548
vt 0.6558452 0.2293549
vt 0.6558476 0.2293553
vt 0.2019849 0.1971155
vt 0.1660407 0.6727941
vt 0.1665772 0.6382918
vt 0.1665772 0.6727941
vt 0.1665772 0.7067306
vt 0.2030578 0.1971155
vt 0.2030578 0.2293553
vt 0.6665771 0.2293551
vt 0.6156117 0.0155542
vt 0.4450108 0.3164593
vt 0.5750650 0.0323436
vt 0.5753756 0.0336537
vt 0.3291309 0.0817308
vt 0.6183691 0.0132285
vt 0.8229581 0.2011144
vt 0.8243027 0.2135182
vt 0.4498391 0.3498302
vt 0.3318134 0.0817308
vt 0.5798978 0.0250582
vt 0.3334227 0.0822964
vt 0.3361052 0.0822964
vt 0.8315844 0.2004986
vt 0.4573497 0.3486990
vt 0.8330820 0.2003915
vt 0.8332977 0.2003335
vt 0.4584228 0.3141970
vt 0.3409335 0.0890836
vt 0.3409335 0.0924773
vt 0.8339593 0.2022058
vt 0.2309550 0.4029978
vt 0.4600322 0.3141970
vt 0.3420064 0.0992648
vt 0.8355494 0.2003667
vt 0.8356964 0.2002462
vt 0.8361051 0.2016402
vt 0.6327411 0.0136735
vt 0.2336375 0.4233596
vt 0.8375740 0.1997704
vt 0.8378726 0.1997777
vt 0.8382511 0.2016402
vt 0.3178649 0.6388573
vt 0.3178649 0.6733597
vt 0.3178649 0.7067306
vt 0.6346184 0.0138043
vt 0.6346639 0.0141479
vt 0.6349249 0.0161198
vt 0.2357832 0.4437218
vt 0.6349552 0.0138258
vt 0.6350259 0.0138303
vt 0.6350297 0.0137433
vt 0.4648605 0.3475679
vt 0.4653969 0.3498302
vt 0.2390022 0.4227941
vt 0.2395386 0.4227941
vt 0.3237660 0.6733597
vt 0.4696888 0.3164593
vt 0.2422212 0.4013008
vt 0.2427576 0.4013008
vt 0.4723713 0.3164593
vt 0.4723713 0.3334277
vt 0.8479077 0.2293551
vt 0.3291308 0.7067306
vt 0.2465130 0.4346720
vt 0.3296675 0.6388573
vt 0.3296675 0.6733597
vt 0.1778434 0.6100112
vt 0.1778434 0.6332012
vt 0.3302039 0.6394232
vt 0.3302039 0.6727941
vt 0.3302039 0.7067306
vt 0.1783799 0.5862556
vt 0.1794528 0.5687217
vt 0.4798821 0.3164593
vt 0.4804185 0.3164593
vt 0.4809550 0.3498302
vt 0.5843189 0.0294568
vt 0.5844957 0.0251696
vt 0.4814914 0.3498302
vt 0.1842811 0.6122738
vt 0.1848175 0.5885182
vt 0.3371780 0.6727941
vt 0.5859077 0.0336595
vt 0.5866418 0.0319570
vt 0.4836375 0.3164593
vt 0.5868005 0.0320128
vt 0.4841739 0.3164593
vt 0.5877146 0.0308259
vt 0.5882511 0.0251696
vt 0.3398605 0.6727941
vt 0.5882960 0.0307259
vt 0.5891743 0.0297999
vt 0.4879293 0.3498302
vt 0.1901825 0.6122738
vt 0.5914700 0.0251696
vt 0.1907190 0.5913461
vt 0.4890022 0.3164593
vt 0.1912554 0.5692872
vt 0.3446888 0.7061651
vt 0.5934358 0.0251696
vt 0.5957619 0.0251696
vt 0.1971566 0.5715498
vt 0.3495171 0.6394232
vt 0.3495171 0.6727941
vt 0.3495171 0.7067306
vt 0.3500536 0.6394232
vt 0.3505900 0.6394232
vt 0.3505900 0.6727941
vt 0.3505900 0.7067306
vt 0.4970494 0.3498302
vt 0.4975859 0.3164593
vt 0.2574739 0.0057424
vt 0.4981223 0.3164593
vt 0.4981223 0.3498302
vt 0.3548819 0.6727941
vt 0.2030581 0.5715498
vt 0.2030581 0.5913461
vt 0.2030581 0.6122738
vt 0.2030581 0.6332012
vt 0.6714057 0.2231334
vt 0.6714057 0.2259615
vt 0.6714057 0.2282241
vt 0.6714057 0.2293553
vt 0.6730150 0.2293553
vt 0.2636802 0.0048077
vt 0.3586373 0.7067306
vt 0.5067060 0.3164593
vt 0.3629291 0.6727941
vt 0.6802350 0.2290298
vt 0.6810622 0.2253959
vt 0.5115343 0.3164593
vt 0.5120708 0.3164593
vt 0.3672209 0.6394232
vt 0.3677574 0.6727941
vt 0.3677574 0.7067306
vt 0.3682941 0.6394232
vt 0.5152897 0.3164593
vt 0.5158262 0.3164593
vt 0.5163626 0.3498302
vt 0.5168991 0.3498302
vt 0.6869634 0.2101246
vt 0.6869634 0.2112557
vt 0.6869634 0.2123869
vt 0.6869634 0.2152150
vt 0.6869634 0.2163462
vt 0.6880366 0.2123869
vt 0.6885730 0.2163462
vt 0.6896459 0.2163462
vt 0.3741953 0.6394232
vt 0.3747317 0.6727941
vt 0.5217273 0.3498302
vt 0.6919919 0.2196471
vt 0.5233370 0.3164593
vt 0.6941454 0.2178294
vt 0.7427574 0.0404412
vt 0.5260192 0.3164593
vt 0.6971567 0.2123869
vt 0.3822425 0.7067306
vt 0.9439378 0.1656833
vt 0.9439378 0.1908935
vt 0.7463233 0.0404412
vt 0.7009098 0.2123869
vt 0.9487641 0.1658752
vt 0.7030579 0.1988122
vt 0.7030579 0.2027715
vt 0.7046673 0.1988122
vt 0.7518778 0.0534503
vt 0.7520189 0.0500285
vt 0.7520750 0.0486686
vt 0.7520803 0.0485388
vt 0.7062769 0.2027715
vt 0.9519886 0.1658848
vt 0.9568133 0.1657220
vt 0.9568133 0.1908935
vt 0.8382511 0.6399888
vt 0.8387875 0.6399888
vt 0.8387875 0.6733597
vt 0.8387875 0.7067306
vt 0.5206546 0.0828619
vt 0.5211910 0.0992647
vt 0.8441522 0.6733597
vt 0.0024142 0.2344458
vt 0.0024142 0.2678168
vt 0.3323497 0.3068438
vt 0.8484441 0.6903281
vt 0.0190452 0.2344457
vt 0.0190452 0.2678166
vt 0.8489808 0.6399888
vt 0.3344957 0.2734728
vt 0.3350322 0.2734728
vt 0.4283797 0.1060522
vt 0.4283797 0.1269796
vt 0.3371782 0.3074096
vt 0.0265557 0.2344457
vt 0.3403969 0.3074096
vt 0.5367488 0.0822963
vt 0.8570278 0.6733597
vt 0.0136804 0.2598981
vt 0.8575645 0.6733597
vt 0.0142168 0.2344458
vt 0.4020923 0.0398757
vt 0.4020923 0.0534504
vt 0.4348176 0.1060522
vt 0.8833155 0.6399887
vt 0.8833155 0.6733596
vt 0.8833155 0.7067309
vt 0.8859980 0.6733596
vt 0.8623928 0.6411199
vt 0.0335301 0.2678166
vt 0.0340665 0.2344457
vt 0.8881438 0.7067309
vt 0.8640021 0.6733597
vt 0.4401941 0.1059000
vt 0.4403510 0.1058062
vt 0.4412553 0.1071833
vt 0.4412553 0.1083145
vt 0.8656115 0.7067306
vt 0.8661482 0.7067306
vt 0.4069207 0.0398757
vt 0.4069207 0.0534504
vt 0.8688304 0.6411199
vt 0.5490879 0.0822963
vt 0.5496243 0.0981335
vt 0.8940449 0.6563915
vt 0.8699033 0.6733597
vt 0.8704400 0.6733597
vt 0.8956546 0.6733596
vt 0.8956546 0.6897625
vt 0.8731223 0.6733597
vt 0.4535944 0.1083145
vt 0.4535944 0.1269796
vt 0.8774141 0.6733597
vt 0.8779506 0.6411199
vt 0.9026286 0.6399887
vt 0.9026286 0.6733596
vt 0.9026286 0.7067309
vt 0.8784870 0.7061651
vt 0.0257235 0.0042422
vt 0.0258078 0.0059348
vt 0.0270922 0.0042422
vt 0.8087445 0.0601679
vt 0.8087445 0.0749433
vt 0.8096987 0.0601060
vt 0.0481382 0.0110295
vt 0.0493776 0.0159843
vt 0.0494896 0.0110295
vt 0.0496568 0.0110295
vt 0.0497574 0.0110295
vt 0.0501608 0.0110295
vt 0.4278434 0.0285634
vt 0.4278434 0.0308257
vt 0.4280286 0.0319975
vt 0.4281723 0.0313374
vt 0.4282365 0.0333122
vt 0.4283174 0.0338244
vt 0.4293478 0.0295288
vt 0.4364271 0.0240386
vt 0.4368299 0.0253732
vt 0.4369636 0.0234730
vt 0.4375000 0.0234730
vt 0.4375699 0.0238117
vt 0.4381055 0.0236006
vt 0.4395038 0.0238955
vt 0.4400195 0.0240042
vt 0.0319246 0.0056251
vt 0.0341468 0.0044958
vt 0.0346030 0.0059388
vt 0.2958691 0.0161199
vt 0.2964477 0.0161199
vt 0.2965795 0.0123750
vt 0.2019851 0.0251697
vt 0.2019851 0.0336539
vt 0.2025215 0.0251697
vt 0.2025215 0.0263008
vt 0.2025215 0.0336539
vt 0.2030580 0.0251697
vt 0.8146460 0.0602377
vt 0.8146460 0.0751972
vt 0.8170174 0.0751702
vt 0.0549892 0.0161200
vt 0.8189379 0.0602377
vt 0.0566483 0.0138711
vt 0.2121781 0.0223415
vt 0.2127145 0.0234729
vt 0.4448707 0.0291290
vt 0.2132510 0.0240385
vt 0.2132510 0.0330883
vt 0.4455471 0.0291290
vt 0.4455471 0.0310055
vt 0.0600368 0.0110295
vt 0.4460838 0.0234730
vt 0.8237662 0.0749433
vt 0.4466203 0.0234730
vt 0.4470119 0.0284278
vt 0.4472709 0.0334863
vt 0.8247202 0.0601060
vt 0.0619635 0.0110295
vt 0.8256867 0.0600109
vt 0.2685086 0.0049884
vt 0.2685086 0.0053733
vt 0.2712183 0.0047478
vt 0.2728005 0.0053733
vt 0.2750612 0.0047673
vt 0.2787017 0.0053733
vt 0.2813842 0.0059389
vt 0.4117490 0.0455318
vt 0.4122855 0.0534501
vt 0.4133584 0.0455318
vt 0.4144578 0.0498887
vt 0.4149169 0.0448303
vt 0.4155044 0.0398754
vt 0.4208692 0.0455317
vt 0.4160409 0.0398754
vt 0.0394313 0.0042421
vt 0.0394313 0.0059388
vt 0.0405042 0.0042421
vt 0.4251610 0.0427035
vt 0.4256975 0.0534503
vt 0.4262339 0.0427035
vt 0.1499463 0.0115951
vt 0.1499463 0.0161200
vt 0.1503114 0.0115951
vt 0.1505396 0.0144520
vt 0.4290264 0.0507664
vt 0.4315987 0.0398757
vt 0.4323179 0.0451090
vt 0.7352467 0.0059390
vt 0.0667917 0.0112718
vt 0.0667917 0.0161200
vt 0.4868561 0.0601679
vt 0.4868561 0.0749433
vt 0.4878103 0.0601059
vt 0.4337986 0.0441277
vt 0.4890167 0.0600108
vt 0.4911479 0.0749433
vt 0.4913871 0.0600738
vt 0.4913886 0.0599838
vt 0.4913893 0.0599373
vt 0.4913901 0.0598875
vt 0.8307404 0.0602376
vt 0.8307404 0.0750131
vt 0.8310406 0.0749379
vt 0.8312769 0.0602376
vt 0.8312769 0.0739163
vt 0.8312769 0.0740234
vt 0.8312769 0.0748783
vt 0.3012340 0.0121608
vt 0.4949034 0.0053734
vt 0.4954398 0.0053734
vt 0.4965130 0.0059389
vt 0.3074955 0.0139236
vt 0.9745171 0.0336538
vt 0.9750536 0.0279978
vt 0.3092810 0.0161198
vt 0.9755900 0.0336538
vt 0.2668992 0.0393099
vt 0.2679721 0.0534501
vt 0.2718635 0.0393099
vt 0.2733369 0.0393099
vt 0.2771877 0.0393099
vt 0.2781652 0.0393099
vt 0.2784496 0.0393099
vt 0.2790560 0.0393099
vt 0.2790923 0.0393099
vt 0.2792383 0.0393099
vt 0.2792383 0.0528845
vt 0.4385729 0.0523301
vt 0.4386766 0.0523402
vt 0.4395154 0.0399096
vt 0.4421065 0.0403127
vt 0.4448098 0.0401717
vt 0.7740903 0.0336920
vt 0.7777127 0.0302645
vt 0.7779394 0.0317417
vt 0.4499041 0.0534414
vt 0.7796402 0.0310129
vt 0.7798208 0.0302645
vt 0.4511256 0.0403058
vt 0.7802432 0.0309324
vt 0.7852256 0.0307548
vt 0.7877264 0.0285976
vt 0.7880768 0.0294338
vt 0.6395123 0.0159989
vt 0.6396053 0.0132906
vt 0.6396054 0.0139654
vt 0.6396176 0.0134817
vt 0.6396253 0.0133074
vt 0.6398644 0.0133870
vt 0.7924746 0.0265953
vt 0.6417978 0.0156802
vt 0.8361516 0.0734853
vt 0.8363627 0.0734905
vt 0.8372925 0.0602541
vt 0.8388736 0.0602541
vt 0.8407037 0.0740015
vt 0.8411262 0.0739955
vt 0.8412585 0.0740843
vt 0.8420358 0.0608098
vt 0.8426451 0.0608098
vt 0.8430899 0.0608098
vt 0.8434847 0.0608098
vt 0.8436170 0.0608098
vt 0.8458520 0.0746419
vt 0.8459187 0.0746419
vt 0.8463200 0.0746788
vt 0.8465834 0.0747948
vt 0.8467791 0.0613654
vt 0.8488872 0.0619212
vt 0.1917918 0.9415069
vt 0.1923251 0.9628739
vt 0.1933918 0.9839597
vt 0.1939251 0.9628739
vt 0.1944585 0.9628739
vt 0.1949918 0.9170473
vt 0.1960585 0.9845221
vt 0.1971251 0.9845221
vt 0.2003251 0.9974548
vt 0.2024584 0.9639984
vt 0.2029918 0.9639984
vt 0.2072584 0.9313856
vt 0.2131251 0.8855590
vt 0.2131251 0.9187340
vt 0.2136584 0.9867713
vt 0.2141917 0.9867713
vt 0.2171251 0.8855590
vt 0.2187251 0.9538773
vt 0.2208584 0.8855590
vt 0.2208584 0.9187340
vt 0.2229917 0.9209833
vt 0.2229917 0.9302611
vt 0.2235251 0.8956801
vt 0.2240584 0.8956801
vt 0.2240584 0.9291365
vt 0.2240584 0.9639984
vt 0.2272584 0.9974548
vt 0.2277917 0.9291365
vt 0.2309917 0.9291365
vt 0.2315250 0.8956801
vt 0.2315250 0.9465675
vt 0.2320584 0.8956801
vt 0.2320584 0.9291365
vt 0.2325917 0.9634362
vt 0.2331250 0.9800237
vt 0.2389917 0.9296988
vt 0.2389917 0.9628739
vt 0.2395250 0.9296988
vt 0.2405917 0.9963301
vt 0.2411250 0.9974548
vt 0.2416583 0.9639984
vt 0.2421917 0.9639984
vt 0.2427250 0.9308234
vt 0.2432583 0.9308234
vt 0.2437917 0.9308234
vt 0.2437917 0.9639984
vt 0.2437917 0.9974548
vt 0.2443250 0.9308234
vt 0.2443250 0.9639984
vt 0.2443250 0.9974548
vt 0.2448583 0.8973670
vt 0.2448583 0.9308234
vt 0.2448583 0.9645608
vt 0.2453916 0.9974548
vt 0.2469916 0.9645608
vt 0.2491250 0.9313856
vt 0.2496583 0.9313856
vt 0.2523250 0.8973670
vt 0.2533916 0.9645608
vt 0.2539250 0.9645608
vt 0.2555250 0.9308234
vt 0.2576583 0.8973670
vt 0.2587248 0.9645608
vt 0.2587248 0.9974548
vt 0.2600583 0.9313856
vt 0.2600583 0.9817106
vt 0.2600583 0.9895826
vt 0.2600583 0.9974548
vt 0.2605916 0.9181718
vt 0.2605916 0.9263250
vt 0.2605916 0.9319479
vt 0.2605916 0.9460051
vt 0.2611248 0.9794615
vt 0.2611248 0.9800237
vt 0.2637916 0.9895826
vt 0.2653916 0.9460051
vt 0.2680581 0.9353216
vt 0.2707248 0.9794615
vt 0.2723248 0.9353216
vt 0.2739248 0.9460051
vt 0.2744581 0.9794615
vt 0.2760581 0.9263250
vt 0.2760581 0.9460051
vt 0.2803248 0.9929564
vt 0.1376178 0.4826437
vt 0.2813914 0.9510658
vt 0.2824581 0.9890204
vt 0.1408178 0.4494686
vt 0.1440178 0.4992312
vt 0.2899247 0.9895826
vt 0.2920581 0.9187340
vt 0.2920581 0.9336348
vt 0.6005345 0.0252660
vt 0.1493511 0.4505931
vt 0.1498844 0.4505931
vt 0.2603963 0.3465307
vt 0.1509511 0.4505931
vt 0.2641296 0.3136367
vt 0.1541511 0.4511555
vt 0.1546844 0.4843305
vt 0.1552178 0.4843305
vt 0.1573511 0.4517178
vt 0.1584176 0.4848929
vt 0.1589511 0.4517178
vt 0.2739962 0.3147613
vt 0.2755962 0.3147613
vt 0.1656176 0.4854552
vt 0.1661511 0.4854552
vt 0.0389956 0.2678898
vt 0.2787962 0.3153236
vt 0.1688176 0.4528424
vt 0.2798629 0.3487799
vt 0.0421956 0.2344336
vt 0.2819962 0.3158860
vt 0.2825295 0.3493422
vt 0.2830629 0.3158860
vt 0.2835962 0.3158860
vt 0.2889295 0.3499044
vt 0.6306677 0.0331380
vt 0.6306677 0.0337003
vt 0.0507289 0.2344336
vt 0.2921295 0.3170105
vt 0.0555289 0.2344336
vt 0.0560623 0.2678898
vt 0.2840665 0.0392037
vt 0.4959764 0.0750629
vt 0.3940450 0.4019827
vt 0.3940450 0.4211759
vt 0.3940450 0.4217405
vt 0.3940450 0.4437560
vt 0.8226931 0.1185121
vt 0.2846020 0.0533162
vt 0.4965119 0.0606681
vt 0.8521997 0.0958711
vt 0.1815988 0.1790157
vt 0.4557405 0.0398757
vt 0.4557405 0.0532283
vt 0.8334229 0.1575225
vt 0.4632512 0.0534501
vt 0.0716203 0.0110293
vt 0.8720495 0.1269796
vt 0.8167920 0.3735861
vt 0.5013413 0.0053732
vt 0.5013413 0.0059388
vt 0.2411482 0.1908937
vt 0.0608907 0.2678167
vt 0.4122855 0.4301469
vt 0.4932941 0.9029978
vt 0.4932941 0.9301471
vt 0.3452254 0.3068438
vt 0.1150953 0.3272089
vt 0.1151040 0.3271482
vt 0.4560658 0.0530101
vt 0.4560929 0.0398757
vt 0.8171844 0.3574480
vt 0.4562769 0.0398757
vt 0.4562769 0.0530506
vt 0.8725859 0.1071833
vt 0.8173284 0.3945135
vt 0.5018778 0.0053732
vt 0.2416846 0.1716630
vt 0.4938306 0.9295815
vt 0.4938306 0.9510748
vt 0.4938306 0.9720022
vt 0.3457619 0.2796945
vt 0.8529919 0.0837591
vt 0.8177078 0.3945135
vt 0.4568134 0.0410068
vt 0.4568134 0.0536960
vt 0.8182123 0.3945135
vt 0.8183967 0.3861786
vt 0.0732296 0.0110293
vt 0.0732296 0.0161198
vt 0.8736588 0.1071833
vt 0.8736588 0.1269796
vt 0.1170180 0.3130955
vt 0.0737661 0.0115949
vt 0.4954399 0.9301471
vt 0.8191552 0.3735861
vt 0.4582783 0.0535834
vt 0.0635729 0.2344458
vt 0.8264411 0.1185121
vt 0.0748390 0.0161198
vt 0.3613554 0.1443955
vt 0.3614138 0.1447589
vt 0.3614274 0.1448431
vt 0.3614850 0.1452016
vt 0.2883500 0.0392037
vt 0.0753754 0.0115949
vt 0.2449033 0.1716630
vt 0.3489806 0.2763010
vt 0.1864122 0.1911511
vt 0.7567061 0.0404412
vt 0.8570777 0.0836568
vt 0.3634657 0.1575225
vt 0.7572425 0.0404412
vt 0.7576358 0.0536751
vt 0.7577072 0.0536698
vt 0.8538090 0.0602376
vt 0.3511266 0.2734729
vt 0.7579229 0.0536647
vt 0.6353389 0.0255297
vt 0.1217727 0.3138140
vt 0.1217843 0.3138154
vt 0.7588519 0.0404412
vt 0.8548819 0.0602376
vt 0.6360853 0.0290514
vt 0.6363352 0.0337758
vt 0.1225858 0.3447397
vt 0.1225858 0.3465848
vt 0.6365342 0.0251696
vt 0.1231103 0.3447397
vt 0.1236589 0.3498302
vt 0.5018778 0.9567308
vt 0.3538091 0.2734729
vt 0.1236712 0.3498126
vt 0.1236717 0.3498126
vt 0.1236717 0.3498126
vt 0.8565146 0.0745004
vt 0.8567616 0.0746046
vt 0.3674906 0.1439507
vt 0.3681115 0.1435011
vt 0.3681641 0.1439562
vt 0.3141094 0.0121606
vt 0.5238734 0.0596720
vt 0.5040236 0.9635180
vt 0.8344725 0.1269797
vt 0.5067060 0.0053732
vt 0.5067060 0.0059388
vt 0.0721566 0.2344458
vt 0.5045600 0.9635180
vt 0.8593800 0.0749214
vt 0.8595224 0.0749150
vt 0.2963814 0.0392037
vt 0.5072424 0.0053732
vt 0.3570278 0.2734729
vt 0.2969169 0.0533162
vt 0.1274140 0.3470023
vt 0.1274140 0.3475553
vt 0.5077788 0.0053732
vt 0.5077788 0.0059388
vt 0.1275283 0.3475460
vt 0.1276094 0.3475483
vt 0.4074308 0.4019827
vt 0.4074308 0.4211759
vt 0.4074308 0.4217405
vt 0.4074308 0.4437560
vt 0.5083156 0.0053732
vt 0.7717276 0.0161200
vt 0.6467276 0.0132917
vt 0.5098976 0.0606681
vt 0.4583955 0.1084329
vt 0.4583955 0.1270615
vt 0.5067061 0.9974548
vt 0.5104330 0.0750629
vt 0.0748391 0.2508483
vt 0.5109684 0.0595391
vt 0.5077790 0.9029978
vt 0.5077790 0.9635180
vt 0.3731223 0.1558258
vt 0.7738734 0.0138574
vt 0.6488734 0.0132917
vt 0.6488734 0.0161199
vt 0.4273068 0.4194004
vt 0.5120393 0.0750629
vt 0.7744098 0.0138574
vt 0.1971589 0.1878835
vt 0.5290978 0.0746941
vt 0.3741952 0.1552602
vt 0.3741952 0.1558258
vt 0.6376072 0.4261877
vt 0.5293886 0.0748408
vt 0.6379061 0.4161038
vt 0.3747316 0.1552602
vt 0.4798819 0.0398755
vt 0.8403623 0.1072220
vt 0.4804186 0.0398755
vt 0.7974954 0.0336105
vt 0.8511267 0.1348981
vt 0.4299894 0.4018665
vt 0.5109979 0.9029978
vt 0.7980324 0.0336105
vt 0.8703689 0.0833295
vt 0.1333155 0.3464367
vt 0.1450802 0.1270172
vt 0.5120708 0.9295815
vt 0.5131469 0.0052072
vt 0.6404982 0.4133839
vt 0.5134177 0.0051612
vt 0.8712579 0.0832744
vt 0.1342400 0.3154281
vt 0.1456157 0.1050017
vt 0.1344812 0.3151344
vt 0.0453326 0.0042421
vt 0.5142167 0.0059388
vt 0.0458690 0.0042421
vt 0.2615342 0.1761879
vt 0.3656115 0.3074094
vt 0.0464055 0.0059388
vt 0.2620707 0.1637444
vt 0.5142166 0.9974548
vt 0.3661479 0.3074094
vt 0.2029768 0.1864148
vt 0.5179291 0.0595391
vt 0.8446458 0.1111735
vt 0.8737268 0.0829975
vt 0.8451813 0.1089154
vt 0.8451813 0.1179475
vt 0.1370709 0.3305995
vt 0.8741954 0.0975678
vt 0.3672211 0.3074094
vt 0.4852016 0.0397682
vt 0.4852016 0.0527518
vt 0.5189999 0.0739339
vt 0.8457166 0.1269797
vt 0.1376073 0.3305995
vt 0.6558477 0.7548078
vt 0.6558477 0.7904410
vt 0.8028654 0.0268167
vt 0.1386802 0.3464367
vt 0.6569206 0.7214366
vt 0.6452254 0.4085273
vt 0.6574570 0.7214366
vt 0.9041889 0.0827270
vt 0.6461909 0.4261877
vt 0.4369634 0.4437216
vt 0.1402643 0.3158290
vt 0.3704398 0.2734729
vt 0.1407602 0.3157686
vt 0.6590666 0.7548078
vt 0.3841473 0.1389388
vt 0.3843151 0.1389388
vt 0.8790619 0.0832016
vt 0.2089592 0.1710974
vt 0.5206545 0.9063915
vt 0.5206545 0.9301471
vt 0.5206545 0.9635180
vt 0.5206545 0.9974548
vt 0.0887875 0.2344458
vt 0.5211910 0.9301471
vt 0.8802035 0.0832963
vt 0.1547180 0.1050017
vt 0.8644903 0.0599725
vt 0.6537017 0.0161198
vt 0.6617489 0.7904410
vt 0.5217274 0.9307127
vt 0.5217274 0.9640836
vt 0.5217274 0.9974548
vt 0.6503918 0.4029016
vt 0.5222639 0.9640836
vt 0.6628218 0.7548078
vt 0.4417917 0.4086539
vt 0.5228003 0.9974548
vt 0.5430918 0.0746881
vt 0.2711911 0.1891970
vt 0.5233370 0.9307127
vt 0.5233370 0.9640836
vt 0.4755292 0.1084329
vt 0.4755292 0.1270615
vt 0.6638949 0.7186087
vt 0.5238735 0.9307127
vt 0.8832123 0.0834381
vt 0.4760647 0.1236745
vt 0.4760647 0.1264970
vt 0.8795601 0.0603104
vt 0.8795601 0.0749435
vt 0.4305258 0.0127263
vt 0.2862125 0.0053732
vt 0.3895751 0.1371650
vt 0.4310622 0.0127263
vt 0.5249464 0.9640836
vt 0.9116849 0.0993798
vt 0.5254828 0.9369343
vt 0.5254828 0.9640836
vt 0.5254828 0.9974548
vt 0.2141384 0.1841548
vt 0.5260193 0.9437217
vt 0.0941523 0.2344458
vt 0.0941523 0.2678167
vt 0.4455471 0.4261879
vt 0.3784870 0.2734729
vt 0.3918990 0.1518665
vt 0.6553110 0.4437217
vt 0.5270922 0.9555997
vt 0.3790235 0.2734729
vt 0.8700863 0.0608535
vt 0.8703329 0.0609857
vt 0.4969812 0.0533162
vt 0.8865345 0.0986990
vt 0.4975165 0.0397682
vt 0.6563842 0.4092193
vt 0.2899679 0.0053732
vt 0.2760194 0.1761879
vt 0.5281653 0.9657806
vt 0.3800967 0.3068438
vt 0.3800967 0.3074094
vt 0.5485516 0.0596720
vt 0.5485516 0.0743916
vt 0.5485516 0.0744549
vt 0.5485516 0.0745369
vt 0.5485516 0.0746581
vt 0.9240880 0.0947397
vt 0.4348176 0.0161200
vt 0.5287018 0.9748304
vt 0.3806331 0.3068438
vt 0.4808835 0.1061750
vt 0.4808835 0.1197230
vt 0.1687232 0.1049207
vt 0.1687232 0.1269795
vt 0.5297747 0.9917988
vt 0.8890131 0.0835414
vt 0.1632849 0.1270172
vt 0.5303111 0.9974548
vt 0.8731585 0.0747354
vt 0.1638203 0.1050017
vt 0.9214055 0.0743778
vt 0.0512338 0.0059390
vt 0.5308476 0.9295815
vt 0.3827789 0.3051471
vt 0.3827789 0.3062782
vt 0.8899791 0.0835655
vt 0.9216405 0.0602529
vt 0.9216417 0.0601809
vt 0.3167163 0.1055749
vt 0.3167163 0.1270261
vt 0.8870311 0.0604922
vt 0.9273070 0.0902148
vt 0.8749201 0.0612699
vt 0.8911209 0.0838432
vt 0.9191810 0.0827270
vt 0.3430795 0.0144232
vt 0.4519850 0.4165723
vt 0.3849249 0.3051471
vt 0.8885590 0.0605361
vt 0.3016906 0.0533107
vt 0.3784871 0.0121606
vt 0.2953326 0.0048077
vt 0.9242048 0.0603595
vt 0.3022261 0.0391981
vt 0.6660408 0.0161198
vt 0.8896412 0.0603331
vt 0.3452252 0.0144232
vt 0.3800965 0.0121606
vt 0.3800965 0.0161199
vt 0.2969420 0.0059388
vt 0.4541308 0.4086539
vt 0.4873088 0.1197230
vt 0.6402896 0.1066178
vt 0.6402896 0.1269796
vt 0.6408263 0.1066178
vt 0.6408263 0.1269796
vt 0.8665985 0.1083510
vt 0.8671338 0.1083510
vt 0.8671338 0.1269797
vt 0.4396460 0.0161200
vt 0.3892168 0.2734729
vt 0.4023151 0.1347842
vt 0.2259104 0.1807575
vt 0.5270041 0.1349425
vt 0.5270041 0.1575226
vt 0.5190451 0.0053732
vt 0.8930298 0.0603505
vt 0.4899859 0.1061750
vt 0.5195815 0.0053732
vt 0.9342811 0.0941741
vt 0.6708690 0.0161198
vt 0.9605686 0.5998303
vt 0.9605686 0.6332013
vt 0.4906115 0.3566177
vt 0.4906115 0.3758484
vt 0.4906115 0.3945135
vt 0.3870707 0.7061651
vt 0.5394312 0.9160068
vt 0.9304272 0.0603612
vt 0.9353540 0.0828620
vt 0.4589591 0.4058258
vt 0.8956057 0.0601640
vt 0.8994100 0.0992648
vt 0.4916847 0.3758484
vt 0.3881439 0.6388573
vt 0.3881439 0.6727941
vt 0.3924357 0.2893098
vt 0.7792383 0.0138574
vt 0.7792383 0.0149886
vt 0.7795784 0.0152575
vt 0.4931984 0.1129490
vt 0.4927576 0.3566177
vt 0.9632511 0.5998303
vt 0.2299011 0.1796133
vt 0.6736192 0.0134428
vt 0.6737417 0.0131432
vt 0.5543562 0.0993731
vt 0.9637876 0.5760748
vt 0.3897532 0.6394232
vt 0.2899678 0.1631788
vt 0.2899678 0.1891970
vt 0.4073141 0.1339932
vt 0.4073279 0.1340807
vt 0.5548916 0.0821558
vt 0.9331326 0.0604166
vt 0.8074047 0.0268666
vt 0.0650776 0.0044547
vt 0.0651217 0.0041460
vt 0.4096031 0.1484727
vt 0.5260194 0.0059388
vt 0.9664701 0.5998303
vt 0.3924357 0.6727941
vt 0.5447963 0.9748304
vt 0.3929722 0.6727941
vt 0.3140055 0.0533107
vt 0.9412554 0.0885181
vt 0.9675430 0.5998303
vt 0.0700912 0.0041486
vt 0.5459961 0.9079319
vt 0.0701976 0.0044634
vt 0.3145410 0.0391981
vt 0.5355710 0.1349425
vt 0.9015558 0.0641967
vt 0.5464056 0.9058259
vt 0.5467568 0.9080121
vt 0.3150763 0.0533107
vt 0.8575644 0.1648757
vt 0.8575644 0.1654413
vt 0.7400751 0.0059390
vt 0.3156118 0.0391981
vt 0.5474785 0.9041289
vt 0.5474785 0.9080882
vt 0.7857581 0.0162775
vt 0.8107625 0.0335626
vt 0.2363197 0.1631788
vt 0.8586373 0.1908936
vt 0.3956544 0.7061651
vt 0.3999463 0.2734729
vt 0.3999463 0.3062782
vt 0.9037016 0.0749435
vt 0.9702252 0.5760748
vt 0.3343855 0.1055749
vt 0.3343855 0.1270261
vt 0.9707619 0.5998303
vt 0.5490881 0.9058259
vt 0.9391096 0.4708710
vt 0.5490881 0.9290159
vt 0.9045096 0.0600088
vt 0.5361011 0.1983540
vt 0.5361011 0.2141601
vt 0.5361011 0.2294016
vt 0.9712984 0.5998303
vt 0.9712984 0.6230203
vt 0.9712984 0.6332013
vt 0.5366366 0.1983540
vt 0.5366366 0.2135957
vt 0.9460837 0.0885181
vt 0.7888949 0.0138574
vt 0.9723713 0.6230203
vt 0.4702253 0.4301469
vt 0.5512339 0.9086538
vt 0.9079934 0.0749435
vt 0.9482295 0.0896492
vt 0.5528432 0.9041289
vt 0.9438422 0.0606523
vt 0.9434014 0.4878393
vt 0.9493027 0.0896492
vt 0.4015559 0.6727941
vt 0.4058477 0.2734729
vt 0.9450108 0.0749434
vt 0.9761267 0.5879524
vt 0.5441378 0.1343780
vt 0.5441378 0.1575226
vt 0.9766631 0.5998303
vt 0.5446733 0.1575226
vt 0.4578862 0.0127263
vt 0.4578862 0.0138574
vt 0.9771996 0.6111424
vt 0.4074571 0.3045815
vt 0.5682775 0.0821558
vt 0.5425264 0.2147246
vt 0.5425264 0.2294016
vt 0.5452088 0.1343780
vt 0.6880364 0.0149886
vt 0.5688128 0.0993731
vt 0.5565986 0.9318438
vt 0.5693483 0.0965507
vt 0.9530581 0.0924774
vt 0.5582082 0.9454185
vt 0.5308580 0.0056900
vt 0.5309169 0.0056209
vt 0.9491307 0.0608302
vt 0.9487661 0.4544684
vt 0.9487661 0.4968891
vt 0.3273912 0.0391981
vt 0.4112125 0.2734729
vt 0.3279267 0.0533107
vt 0.0839592 0.0059388
vt 0.9814914 0.5760748
vt 0.9498390 0.4912331
vt 0.5598176 0.9657806
vt 0.3284621 0.0397627
vt 0.5468097 0.2147246
vt 0.5468097 0.2294016
vt 0.8232296 0.0268666
vt 0.9511002 0.0659553
vt 0.9511733 0.0608969
vt 0.9511955 0.0750883
vt 0.3017703 0.0053733
vt 0.9825643 0.5998303
vt 0.1880364 0.0986990
vt 0.5608905 0.9838801
vt 0.8717147 0.1646347
vt 0.8719715 0.1720154
vt 0.3023067 0.0048077
vt 0.9165771 0.0749435
vt 0.9831007 0.6230203
vt 0.4804183 0.4301469
vt 0.9514484 0.4884049
vt 0.5614269 0.9951922
vt 0.9168216 0.0600011
vt 0.3027543 0.0058919
vt 0.8725167 0.1901027
vt 0.3027997 0.0058466
vt 0.4096031 0.6513009
vt 0.9519851 0.4884049
vt 0.3033669 0.0059252
vt 0.9578864 0.0924774
vt 0.9841739 0.5998303
vt 0.4101396 0.6722286
vt 0.9847104 0.5760748
vt 0.4106760 0.6513009
vt 0.3314070 0.0533107
vt 0.5755058 0.0821558
vt 0.5755058 0.0993731
vt 0.3736588 0.0161199
vt 0.5508255 0.2147246
vt 0.4122854 0.6399888
vt 0.4122854 0.6496041
vt 0.3083701 0.0059389
vt 0.3087059 0.0059198
vt 0.7019849 0.0132919
vt 0.6971566 0.0155542
vt 0.4841737 0.4244909
vt 0.4171136 0.3074094
vt 0.4133582 0.6733597
vt 0.4176501 0.2734729
vt 0.9874322 0.6215798
vt 0.9879293 0.6105768
vt 0.4138950 0.6733597
vt 0.4138950 0.7067306
vt 0.1408263 0.0217761
vt 0.4181868 0.3045815
vt 0.3102679 0.0058600
vt 0.7448177 0.0059070
vt 0.7448291 0.0059326
vt 0.9884658 0.5879524
vt 0.4144314 0.7010746
vt 0.4648606 0.6388573
vt 0.4648606 0.6733597
vt 0.4648606 0.7067306
vt 0.7449755 0.0059326
vt 0.7450948 0.0059326
vt 0.9888407 0.6105768
vt 0.4155043 0.6496041
vt 0.4155043 0.6733597
vt 0.4155043 0.7010746
vt 0.5803246 0.0852605
vt 0.9897943 0.6019606
vt 0.4160408 0.6399888
vt 0.4160408 0.6733597
vt 0.4160408 0.7067306
vt 0.9901512 0.6324378
vt 0.5551090 0.2294016
vt 0.9902655 0.6323721
vt 0.3124999 0.0059389
vt 0.9643240 0.0936085
vt 0.4165772 0.6399888
vt 0.4165772 0.6722286
vt 0.9906252 0.6309390
vt 0.5813954 0.0852605
vt 0.5556443 0.1989185
vt 0.5556443 0.2062571
vt 0.5556443 0.2135957
vt 0.5556443 0.2141601
vt 0.9908070 0.5876439
vt 0.0989806 0.2344456
vt 0.2761369 0.5069406
vt 0.2761369 0.5224645
vt 0.2761369 0.5230290
vt 0.2761369 0.5410932
vt 0.2761369 0.5422222
vt 0.2761369 0.5614152
vt 0.5588622 0.1343780
vt 0.9560566 0.0601716
vt 0.9653969 0.0981334
vt 0.4890020 0.4437216
vt 0.5593977 0.1575226
vt 0.1448795 0.0217761
vt 0.9920696 0.6244114
vt 0.9566912 0.0602798
vt 0.9921804 0.6105768
vt 0.9659336 0.0936085
vt 0.4895387 0.4052602
vt 0.4895387 0.4244909
vt 0.4895387 0.4437216
vt 0.5599330 0.1575226
vt 0.3424918 0.0056651
vt 0.1005902 0.2678169
vt 0.9927576 0.6056236
vt 0.9927576 0.6105768
vt 0.9927576 0.6309390
vt 0.1456546 0.0336538
vt 0.9611052 0.4725680
vt 0.5604685 0.1343780
vt 0.3426992 0.0050132
vt 0.3427612 0.0048858
vt 0.9670065 0.0930430
vt 0.0979078 0.4001697
vt 0.0979078 0.4295813
vt 0.0979078 0.4431947
vt 0.0979078 0.4433395
vt 0.0979078 0.4434083
vt 0.0979078 0.4434982
vt 0.4192597 0.7067306
vt 0.9581299 0.0603804
vt 0.5447962 0.0059390
vt 0.4197962 0.6744909
vt 0.8108905 0.0149886
vt 0.9627146 0.4889705
vt 0.9590351 0.0602037
vt 0.9558203 0.2213872
vt 0.2793495 0.5069406
vt 0.1474807 0.0278781
vt 0.9559620 0.2214932
vt 0.0887875 0.0053732
vt 0.0995171 0.4001697
vt 0.2003755 0.0834276
vt 0.3415802 0.0397627
vt 0.1719420 0.1326359
vt 0.4214055 0.6411199
vt 0.4927574 0.4244909
vt 0.9605685 0.0749433
vt 0.4219419 0.6411199
vt 0.9648606 0.4991517
vt 0.4729078 0.6733597
vt 0.9616417 0.0749433
vt 0.3462983 0.0393100
vt 0.3462983 0.0533270
vt 0.9664700 0.4923642
vt 0.3479890 0.0058880
vt 0.7546414 0.0059326
vt 0.2830975 0.5219000
vt 0.5497451 0.0059389
vt 0.3466257 0.0532518
vt 0.3468347 0.0393100
vt 0.3468347 0.0415723
vt 0.3468347 0.0533944
vt 0.7137875 0.0155542
vt 0.4959764 0.4052602
vt 0.0021889 0.0595284
vt 0.1245346 0.0057264
vt 0.1245392 0.0060349
vt 0.4256973 0.6744909
vt 0.1045076 0.4382193
vt 0.0030340 0.0711123
vt 0.9621664 0.2123255
vt 0.9658869 0.0602731
vt 0.9696889 0.4561651
vt 0.0041080 0.0711123
vt 0.9663307 0.0603595
vt 0.9616417 0.1784501
vt 0.4991953 0.4244909
vt 0.2868455 0.5069406
vt 0.2868455 0.5224645
vt 0.9618955 0.1836677
vt 0.5539163 0.0054401
vt 0.5539163 0.0059389
vt 0.7637758 0.0533197
vt 0.9623121 0.1839633
vt 0.3511266 0.0393100
vt 0.1107832 0.2344456
vt 0.4793455 0.6388573
vt 0.3511588 0.0534689
vt 0.7643112 0.0493680
vt 0.0065552 0.0590475
vt 0.9637875 0.1677036
vt 0.2094956 0.0992646
vt 0.4804184 0.6394232
vt 0.4804184 0.6733597
vt 0.2889873 0.5230290
vt 0.2889873 0.5416576
vt 0.9639137 0.1655746
vt 0.0068437 0.0588269
vt 0.0069353 0.0588146
vt 0.9641607 0.1905274
vt 0.3527166 0.0532945
vt 0.7196887 0.0161198
vt 0.4305256 0.7067306
vt 0.4809548 0.7067306
vt 0.5309390 0.3151963
vt 0.5309390 0.3307202
vt 0.2895226 0.5422222
vt 0.2895226 0.5614152
vt 0.9644448 0.1656246
vt 0.9692836 0.0603405
vt 0.0074930 0.0587408
vt 0.5024143 0.4052602
vt 0.5024143 0.4244909
vt 0.5024143 0.4437216
vt 0.4814915 0.6569569
vt 0.9665582 0.2294214
vt 0.5314744 0.3151963
vt 0.5314744 0.3499133
vt 0.9653159 0.1910670
vt 0.3538091 0.0511877
vt 0.9739808 0.4901019
vt 0.4820280 0.6818439
vt 0.5588148 0.0054937
vt 0.5320098 0.3312846
vt 0.3539405 0.0534045
vt 0.9707557 0.0603424
vt 0.3543455 0.0393100
vt 0.3543455 0.0531633
vt 0.0024142 0.0410068
vt 0.5592812 0.0053732
vt 0.1000537 0.0048077
vt 0.1000537 0.0053732
vt 0.4825644 0.6569569
vt 0.4825644 0.6818439
vt 0.4825644 0.7067306
vt 0.5738543 0.1343780
vt 0.4831009 0.6733597
vt 0.4831009 0.7067306
vt 0.5743898 0.1575226
vt 0.5600329 0.0054864
vt 0.8155638 0.0145114
vt 0.8157189 0.0138574
vt 0.4332081 0.6586539
vt 0.4836373 0.6733597
vt 0.1736376 0.1050027
vt 0.1736376 0.1270184
vt 0.5749251 0.1383294
vt 0.5749251 0.1479261
vt 0.5749251 0.1575226
vt 0.1842811 0.1518666
vt 0.0040931 0.0533971
vt 0.9695541 0.2018166
vt 0.8318132 0.0138574
vt 0.8318132 0.0155544
vt 0.4847102 0.6552602
vt 0.4847102 0.6733597
vt 0.4847102 0.7067306
vt 0.1853540 0.1518666
vt 0.1134655 0.4205315
vt 0.1134655 0.4275137
vt 0.1134655 0.4299036
vt 0.1134655 0.4315342
vt 0.0115501 0.0603757
vt 0.0118303 0.0751832
vt 0.9691346 0.1749569
vt 0.2148606 0.0811650
vt 0.4857834 0.6733597
vt 0.9696174 0.1702805
vt 0.9696889 0.1705318
vt 0.9696889 0.1724847
vt 0.5630366 0.0059388
vt 0.1145387 0.4205315
vt 0.4358906 0.6744909
vt 0.4863198 0.6552602
vt 0.7712718 0.0403361
vt 0.9750537 0.0749433
vt 0.2159335 0.0958711
vt 0.9844378 0.0989612
vt 0.9844576 0.0989679
vt 0.9845133 0.0989868
vt 0.9846315 0.0990270
vt 0.2164700 0.0941741
vt 0.9847929 0.0990818
vt 0.9798820 0.4906675
vt 0.5378996 0.3157609
vt 0.5378996 0.3307202
vt 0.1165966 0.4290970
vt 0.0024141 0.3074094
vt 0.1167911 0.4289456
vt 0.9769123 0.0604918
vt 0.1888253 0.1575130
vt 0.1169383 0.4290090
vt 0.4144312 0.1575226
vt 0.0029506 0.2729074
vt 0.2180793 0.0947397
vt 0.1893655 0.1572346
vt 0.1381437 0.0042422
vt 0.9814913 0.4572963
vt 0.7744844 0.0403361
vt 0.7744844 0.0533197
vt 0.9820280 0.4572963
vt 0.9820280 0.4923642
vt 0.7750199 0.0482391
vt 0.1183802 0.4296299
vt 0.1187371 0.4274309
vt 0.4160409 0.1388574
vt 0.0170338 0.0645052
vt 0.4165773 0.1337670
vt 0.4407189 0.6750564
vt 0.0104614 0.5172511
vt 0.1194488 0.4283623
vt 0.1196620 0.4286414
vt 0.1196620 0.4286414
vt 0.1197955 0.4279213
vt 0.1198018 0.4281120
vt 0.4171138 0.1337670
vt 0.4412554 0.7067306
vt 0.1553112 0.0144231
vt 0.9799711 0.0601306
vt 0.3377146 0.0048078
vt 0.8817060 0.0275525
vt 0.8817060 0.0336540
vt 0.0120708 0.0393100
vt 0.1429721 0.0059389
vt 0.8817179 0.0274321
vt 0.7771616 0.0521906
vt 0.5421830 0.3157609
vt 0.0124287 0.0393100
vt 0.8822424 0.0274321
vt 0.4423283 0.6857100
vt 0.4423283 0.7067306
vt 0.4424533 0.7017216
vt 0.4425153 0.7067306
vt 0.4425186 0.7067306
vt 0.4426244 0.7067306
vt 0.4428647 0.6433822
vt 0.4932939 0.6648755
vt 0.4873031 0.1990633
vt 0.0136801 0.0393100
vt 0.4434012 0.6411199
vt 0.9857831 0.4912331
vt 0.4938304 0.6858032
vt 0.7787679 0.0403361
vt 0.5437894 0.3307202
vt 0.0139118 0.0521590
vt 0.4439379 0.6411199
vt 0.4439379 0.6744909
vt 0.4439379 0.7067306
vt 0.0136804 0.5178167
vt 0.4943671 0.7067306
vt 0.5443247 0.3151963
vt 0.8269851 0.0161200
vt 0.5448602 0.3140673
vt 0.2245172 0.0947397
vt 0.5453957 0.3284621
vt 0.5453957 0.3312846
vt 0.1617489 0.0042420
vt 0.5459310 0.3290267
vt 0.5459310 0.3499133
vt 0.1619582 0.0058742
vt 0.4900751 0.2067308
vt 0.1622854 0.0042420
vt 0.1864880 0.1050027
vt 0.1864880 0.1270184
vt 0.9815944 0.2079075
vt 0.1624119 0.0054754
vt 0.9849573 0.0600271
vt 0.0109978 0.3074094
vt 0.4906115 0.2276585
vt 0.0163626 0.5166856
vt 0.1913152 0.1050093
vt 0.1913152 0.1270250
vt 0.9821314 0.2079075
vt 0.0171824 0.0519839
vt 0.4975858 0.6648755
vt 0.2271814 0.0975679
vt 0.4916844 0.2067308
vt 0.4476930 0.6744909
vt 0.2271995 0.0822965
vt 0.2271995 0.0947397
vt 0.2272315 0.0976025
vt 0.0126074 0.2740385
vt 0.0179722 0.5166856
vt 0.2277362 0.0822965
vt 0.4986589 0.6405544
vt 0.7835867 0.0403361
vt 0.4922924 0.2279116
vt 0.2553311 0.0869500
vt 0.4927576 0.2067308
vt 0.0185087 0.5127263
vt 0.8468348 0.0161200
vt 0.2288091 0.0975679
vt 0.7846575 0.0510616
vt 0.9694472 0.1271100
vt 0.0195816 0.5336540
vt 0.2293455 0.0992646
vt 0.4940416 0.2049197
vt 0.4943669 0.2050341
vt 0.0201180 0.5127263
vt 0.0201180 0.5336540
vt 0.9927575 0.4917987
vt 0.9858904 0.2011137
vt 0.8480363 0.0162200
vt 0.8481144 0.0161200
vt 0.2078862 0.2078620
vt 0.2078862 0.2282241
vt 0.4509120 0.6744909
vt 0.4509120 0.7067306
vt 0.2304184 0.0845588
vt 0.2304184 0.0851243
vt 0.7862639 0.0431586
vt 0.2083831 0.1973830
vt 0.4514484 0.6433822
vt 0.0211909 0.5127263
vt 0.2088332 0.2078620
vt 0.1199033 0.0042421
vt 0.1199033 0.0059388
vt 0.4519849 0.6411199
vt 0.4519849 0.7067306
vt 0.0217273 0.5330881
vt 0.0217273 0.5517535
vt 0.2090013 0.2026371
vt 0.5523562 0.3465263
vt 0.2094182 0.2136884
vt 0.3114272 0.0749435
vt 0.4525216 0.6744909
vt 0.0222641 0.5070702
vt 0.0222641 0.5330881
vt 0.9954400 0.4584277
vt 0.2341739 0.5868212
vt 0.4627146 0.0161198
vt 0.0233370 0.5053732
vt 0.2347104 0.5811652
vt 0.2331009 0.0958711
vt 0.2110173 0.2137814
vt 0.4631773 0.0131927
vt 0.0185086 0.2740385
vt 0.8516631 0.0144230
vt 0.8516631 0.0149888
vt 0.0238734 0.5330881
vt 0.5958070 0.1383294
vt 0.5958070 0.1575226
vt 0.4984419 0.1994490
vt 0.8280579 0.0336540
vt 0.4986588 0.2276585
vt 0.2116416 0.2293553
vt 0.5963423 0.1383294
vt 0.0438068 0.0532373
vt 0.2118407 0.2215887
vt 0.4640768 0.0129926
vt 0.8285944 0.0268665
vt 0.4643240 0.0161198
vt 0.7910838 0.0459778
vt 0.5968778 0.1349425
vt 0.5968778 0.1575226
vt 0.1567649 0.0042136
vt 0.1567866 0.0046539
vt 0.1568506 0.0042029
vt 0.1568882 0.0041982
vt 0.8291074 0.0303348
vt 0.0260192 0.0387445
vt 0.0254827 0.5053732
vt 0.5061694 0.6648755
vt 0.1569363 0.0041921
vt 0.0358782 0.2731125
vt 0.6939376 0.0262871
vt 0.6939376 0.0336538
vt 0.4562767 0.6744909
vt 0.0260192 0.5325225
vt 0.5566396 0.3140673
vt 0.8297359 0.0268665
vt 0.2632560 0.0812460
vt 0.6941533 0.0256997
vt 0.7593885 0.0059390
vt 0.0265559 0.5325225
vt 0.2379293 0.5789026
vt 0.2379293 0.6015271
vt 0.5571751 0.3284621
vt 0.5571751 0.3290267
vt 0.2637935 0.0993635
vt 0.2382570 0.5833019
vt 0.1714057 0.0161198
vt 0.5534186 0.0595391
vt 0.5534186 0.0750629
vt 0.0278545 0.0522886
vt 0.0378219 0.2876130
vt 0.0222640 0.3074094
vt 0.0276288 0.5059388
vt 0.0383584 0.2876130
vt 0.0228004 0.2740385
vt 0.0281653 0.5325225
vt 0.1724786 0.0115949
vt 0.2395386 0.5760748
vt 0.7942964 0.0403326
vt 0.5025514 0.2050477
vt 0.5029258 0.2174773
vt 0.8870708 0.0274320
vt 0.8870708 0.0335335
vt 0.7245172 0.0161200
vt 0.0480150 0.0387443
vt 0.5029506 0.1976810
vt 0.0287017 0.5325225
vt 0.0287017 0.5489254
vt 0.9791317 0.1139529
vt 0.8527360 0.2293553
vt 0.8876072 0.0274320
vt 0.5034871 0.2174773
vt 0.4594957 0.6411199
vt 0.4594957 0.6744909
vt 0.4594957 0.7055995
vt 0.0292381 0.5279976
vt 0.0292381 0.5285632
vt 0.0292381 0.5613689
vt 0.2406115 0.6015271
vt 0.2041656 0.1050093
vt 0.2041656 0.1270250
vt 0.5040235 0.1976810
vt 0.4600321 0.6411199
vt 0.7959026 0.0521873
vt 0.3468683 0.0852373
vt 0.3468683 0.0993499
vt 0.2047009 0.1072674
vt 0.0303110 0.5059388
vt 0.2052364 0.1270250
vt 0.5050967 0.2270926
vt 0.0308478 0.5279976
vt 0.2422212 0.5856901
vt 0.0313842 0.5291291
vt 0.0313842 0.5489254
vt 0.2427576 0.6167987
vt 0.2411482 0.0986990
vt 0.5059877 0.2292492
vt 0.8553733 0.2004395
vt 0.8554185 0.2000638
vt 0.8554185 0.2061652
vt 0.8554304 0.1999433
vt 0.2691638 0.0812460
vt 0.3213307 0.0600270
vt 0.8559550 0.1999433
vt 0.9825644 0.1077489
vt 0.0329935 0.5381789
vt 0.0329935 0.5483598
vt 0.2969420 0.3486991
vt 0.5136802 0.6394232
vt 0.5136802 0.6648755
vt 0.5136802 0.6891970
vt 0.5136802 0.7067306
vt 0.9831706 0.1081750
vt 0.5077789 0.2270926
vt 0.5142167 0.6733597
vt 0.5142167 0.7067306
vt 0.0337477 0.5381789
vt 0.7111051 0.1988122
vt 0.7111051 0.2152906
vt 0.7111051 0.2217091
vt 0.7111051 0.2222673
vt 0.7111051 0.2225678
vt 0.7111051 0.2293998
vt 0.2454398 0.6167987
vt 0.5147531 0.6399888
vt 0.8001861 0.0403326
vt 0.8176665 0.0411229
vt 0.8178647 0.0405535
vt 0.8178647 0.0409981
vt 0.8178647 0.0411294
vt 0.8178647 0.0534503
vt 0.2443668 0.0907807
vt 0.8007216 0.0403326
vt 0.8007216 0.0408972
vt 0.8007216 0.0510583
vt 0.0449611 0.2741706
vt 0.3240768 0.0598981
vt 0.0351396 0.5048076
vt 0.2990881 0.3498303
vt 0.2465130 0.6167987
vt 0.8012571 0.0476712
vt 0.0351896 0.5395680
vt 0.7314915 0.0132918
vt 0.8634658 0.0149888
vt 0.7130443 0.2293753
vt 0.7318369 0.0143660
vt 0.7130990 0.2216379
vt 0.7131889 0.2219240
vt 0.0308477 0.2740385
vt 0.0308477 0.3074094
vt 0.8779507 0.0161198
vt 0.5168992 0.6733597
vt 0.8023279 0.0437197
vt 0.3532936 0.0993499
vt 0.7133911 0.2225678
vt 0.3006974 0.3136312
vt 0.2116615 0.1072674
vt 0.2483606 0.5792172
vt 0.0372854 0.5477942
vt 0.3012339 0.3136312
vt 0.3012339 0.3486991
vt 0.2486588 0.5868212
vt 0.7333545 0.0132918
vt 0.8795600 0.0138575
vt 0.3017703 0.3136312
vt 0.2475858 0.0907807
vt 0.2475858 0.0953056
vt 0.5185085 0.7067306
vt 0.0800584 0.0110293
vt 0.0388642 0.0507239
vt 0.5700106 0.0603223
vt 0.5700106 0.0603731
vt 0.5700106 0.0603820
vt 0.5700106 0.0609779
vt 0.5700106 0.0614173
vt 0.5700106 0.0749433
vt 0.8226930 0.0404412
vt 0.8226930 0.0534502
vt 0.0383583 0.5353507
vt 0.7154305 0.2215547
vt 0.0388947 0.5347851
vt 0.5651982 0.0595391
vt 0.5651982 0.0750629
vt 0.0394315 0.5342195
vt 0.3033799 0.3470021
vt 0.8055404 0.0403326
vt 0.6113344 0.1349425
vt 0.6113344 0.1575226
vt 0.0496440 0.2752387
vt 0.7167028 0.2213451
vt 0.7167432 0.2215079
vt 0.8243027 0.0404412
vt 0.8243027 0.0534502
vt 0.2497318 0.0986990
vt 0.5717076 0.0603324
vt 0.2182277 0.0233729
vt 0.7173013 0.2213814
vt 0.2518777 0.5755092
vt 0.2502683 0.0981334
vt 0.8066114 0.0533162
vt 0.0941524 0.0110293
vt 0.2524142 0.6332013
vt 0.0411321 0.5438471
vt 0.0414018 0.5455532
vt 0.2196719 0.0233376
vt 0.8833154 0.0138575
vt 0.0415772 0.5466628
vt 0.3055257 0.3136312
vt 0.0523068 0.3074096
vt 0.3060622 0.3458710
vt 0.2534871 0.6332013
vt 0.5228004 0.6733597
vt 0.0957617 0.0110293
vt 0.0957617 0.0161198
vt 0.0426501 0.5325225
vt 0.3597187 0.0818502
vt 0.7196986 0.2216813
vt 0.0847817 0.0161175
vt 0.5747702 0.0604927
vt 0.0431866 0.5325225
vt 0.8092885 0.0403326
vt 0.2550967 0.6015271
vt 0.2186221 0.1072674
vt 0.2186221 0.1270250
vt 0.0529198 0.0532897
vt 0.8859979 0.0161198
vt 0.1885730 0.0115949
vt 0.8103593 0.0527518
vt 0.0546096 0.2876130
vt 0.5764485 0.0603014
vt 0.5764485 0.0604368
vt 0.5764485 0.0605571
vt 0.5764485 0.0749433
vt 0.6987661 0.0257353
vt 0.3342514 0.0591778
vt 0.3344957 0.0743779
vt 0.0544528 0.0387444
vt 0.8731223 0.0144230
vt 0.3092811 0.3136312
vt 0.6998089 0.0310127
vt 0.9391094 0.0410068
vt 0.9391094 0.0533971
vt 0.7229077 0.1988122
vt 0.7229077 0.2218979
vt 0.7229077 0.2220828
vt 0.0458691 0.5308258
vt 0.2572425 0.5715499
vt 0.5265558 0.6411199
vt 0.5265558 0.6733597
vt 0.3629313 0.0818502
vt 0.3593062 0.0534504
vt 0.9394083 0.0532789
vt 0.3595264 0.0399849
vt 0.9395933 0.0410068
vt 0.9396459 0.0410068
vt 0.9396459 0.0534394
vt 0.9396459 0.0535617
vt 0.9396459 0.0536350
vt 0.0464055 0.5472286
vt 0.2577789 0.6015271
vt 0.5270922 0.7067306
vt 0.0555646 0.0535929
vt 0.3598432 0.0393767
vt 0.3598432 0.0393892
vt 0.3598432 0.0394059
vt 0.3598432 0.0395739
vt 0.3598432 0.0534504
vt 0.0567486 0.2910190
vt 0.2248175 0.0234482
vt 0.2250536 0.0336538
vt 0.0469420 0.5472286
vt 0.8130365 0.0437197
vt 0.2251248 0.0235995
vt 0.2253239 0.0221521
vt 0.2253419 0.0229302
vt 0.2253489 0.0232304
vt 0.2253518 0.0233548
vt 0.0565801 0.0387444
vt 0.2255900 0.0336538
vt 0.7014484 0.0257353
vt 0.7014484 0.0334903
vt 0.0893239 0.0110293
vt 0.0474784 0.5296947
vt 0.3114269 0.3136312
vt 0.3114269 0.3447398
vt 0.2588518 0.6332013
vt 0.1520924 0.0313915
vt 0.1520924 0.0319571
vt 0.5796675 0.0594975
vt 0.5796675 0.0595544
vt 0.5796675 0.0595597
vt 0.5796675 0.0738122
vt 0.1156117 0.2344457
vt 0.1156117 0.2666855
vt 0.1671139 0.0053734
vt 0.1671139 0.0059389
vt 0.1934014 0.0043213
vt 0.1934014 0.0059390
vt 0.3119636 0.3187217
vt 0.3119636 0.3441743
vt 0.3146460 0.5149888
vt 0.3146460 0.5596721
vt 0.7829937 0.4816176
vt 0.5862396 0.0822000
vt 0.5862396 0.0822245
vt 0.5862396 0.0824510
vt 0.5862396 0.0983095
vt 0.7835301 0.4816176
vt 0.5867958 0.0824755
vt 0.7840666 0.4985860
vt 0.1537017 0.0217761
vt 0.3162554 0.5149888
vt 0.5878246 0.0822822
vt 0.5883876 0.0983095
vt 0.7644355 0.0059389
vt 0.7646588 0.0059389
vt 0.7647532 0.0059389
vt 0.3177976 0.5613688
vt 0.3184012 0.5427037
vt 0.1934394 0.0160618
vt 0.7660457 0.0059389
vt 0.1939379 0.0115951
vt 0.3189379 0.5613688
vt 0.1945297 0.0119550
vt 0.3171288 0.3441743
vt 0.0995172 0.0992646
vt 0.1951730 0.0114767
vt 0.3205472 0.5381788
vt 0.3216201 0.5076357
vt 0.5871556 0.0594617
vt 0.1252683 0.2678166
vt 0.7931867 0.4985860
vt 0.1263412 0.2344457
vt 0.7937232 0.4657807
vt 0.1268776 0.2344457
vt 0.3232296 0.3187217
vt 0.7942596 0.4533372
vt 0.7942596 0.4765272
vt 0.7942596 0.4991516
vt 0.3232940 0.3217809
vt 0.1274141 0.2344457
vt 0.3237660 0.3441743
vt 0.3264484 0.5161199
vt 0.1279505 0.2344457
vt 0.3243025 0.3198528
vt 0.3243025 0.3453054
vt 0.3247967 0.3453054
vt 0.3248159 0.3437830
vt 0.3275216 0.5082013
vt 0.3275216 0.5557128
vt 0.3250258 0.3198528
vt 0.3251179 0.3198528
vt 0.1656207 0.0339244
vt 0.1657248 0.0333739
vt 0.1657845 0.0336993
vt 0.1658580 0.0316602
vt 0.7705738 0.0058987
vt 0.7705826 0.0058538
vt 0.7706545 0.0059390
vt 0.1667401 0.0266278
vt 0.1670761 0.0244973
vt 0.1671651 0.0247788
vt 0.1311695 0.2678166
vt 0.1102467 0.0839932
vt 0.1102467 0.0845588
vt 0.5968349 0.0738122
vt 0.8006975 0.4765272
vt 0.1123928 0.0805995
vt 0.5980154 0.0596222
vt 0.1129292 0.0805995
vt 0.1864270 0.0042422
vt 0.1864270 0.0053734
vt 0.3341169 0.5481088
vt 0.3342389 0.5479322
vt 0.1354613 0.2678166
vt 0.3344957 0.5251697
vt 0.7753040 0.0061147
vt 0.3349100 0.5469602
vt 0.7753852 0.0059388
vt 0.7754827 0.0059388
vt 0.3354834 0.5469151
vt 0.6005688 0.0597877
vt 0.1885731 0.0053734
vt 0.3363658 0.5449660
vt 0.3366181 0.5445501
vt 0.3366388 0.5446003
vt 0.3367659 0.5444302
vt 0.3367902 0.5449660
vt 0.3377146 0.5449660
vt 0.5677957 0.0053733
vt 0.5678648 0.0053733
vt 0.8071351 0.4533372
vt 0.8071351 0.4765272
vt 0.8071351 0.4991516
vt 0.5680130 0.0057641
vt 0.6066522 0.0607574
vt 0.6067210 0.0748544
vt 0.3420065 0.5381788
vt 0.6072173 0.0606463
vt 0.6073783 0.0749237
vt 0.6074574 0.0732798
vt 0.1435086 0.2344457
vt 0.1435086 0.2678166
vt 0.4455472 0.1638579
vt 0.4455472 0.1908935
vt 0.1440450 0.2384050
vt 0.1440450 0.2519797
vt 0.6152379 0.0994418
vt 0.2947960 0.1631787
vt 0.3441522 0.5427037
vt 0.7804745 0.0059398
vt 0.2953327 0.1631787
vt 0.3446890 0.5076357
vt 0.4691524 0.0161198
vt 0.2969421 0.1665724
vt 0.4495892 0.1814022
vt 0.4495892 0.1814022
vt 0.7835703 0.0059398
vt 0.4512989 0.1638806
vt 0.7847704 0.0059398
vt 0.9444744 0.0534503
vt 0.7855915 0.0059398
vt 0.9450894 0.0408705
vt 0.9450915 0.0408706
vt 0.4527252 0.1638862
vt 0.9459348 0.0409355
vt 0.9460837 0.0534503
vt 0.3505901 0.5246041
vt 0.9460928 0.0532212
vt 0.7869008 0.0059398
vt 0.4544143 0.1908935
vt 0.3849248 0.0161199
vt 0.3645385 0.5093327
vt 0.7041310 0.1643100
vt 0.7041310 0.1773191
vt 0.7041310 0.1908938
vt 0.4981224 0.1060520
vt 0.6122938 0.0728471
vt 0.6199035 0.0822964
vt 0.6199103 0.0968374
vt 0.6201796 0.0971725
vt 0.6129292 0.0596721
vt 0.6204400 0.0822964
vt 0.6204400 0.0834276
vt 0.6204400 0.0839932
vt 0.4573498 0.1908935
vt 0.4519850 0.0336540
vt 0.6134657 0.0596721
vt 0.3666846 0.5421380
vt 0.6139756 0.0726899
vt 0.6215129 0.0822964
vt 0.3881438 0.0121605
vt 0.6143027 0.0726899
vt 0.6220493 0.0822964
vt 0.3886802 0.0121605
vt 0.3677575 0.5421380
vt 0.3682939 0.5421380
vt 0.3570278 0.5279979
vt 0.3570278 0.5308257
vt 0.3935087 0.0161198
vt 0.6241954 0.0822964
vt 0.4557404 0.0330881
vt 0.7098936 0.1773191
vt 0.7100190 0.1705179
vt 0.3098176 0.1908936
vt 0.3709764 0.5087671
vt 0.7100501 0.1804394
vt 0.7101263 0.1643100
vt 0.3952633 0.0142698
vt 0.7101826 0.1907551
vt 0.3954018 0.0162529
vt 0.3955024 0.0121786
vt 0.3597103 0.5076357
vt 0.3715129 0.5438348
vt 0.3731222 0.5438348
vt 0.3752683 0.5246041
vt 0.4611052 0.0234728
vt 0.8908835 0.0159635
vt 0.6245059 0.0732466
vt 0.4643241 0.0234728
vt 0.5727620 0.0060733
vt 0.5731086 0.0056836
vt 0.5732297 0.0054816
vt 0.5732297 0.0059389
vt 0.6338519 0.0828620
vt 0.5126073 0.1269797
vt 0.3645386 0.0534502
vt 0.8924801 0.0310631
vt 0.8929721 0.0274321
vt 0.4922210 0.0127263
vt 0.6276293 0.0733759
vt 0.8956544 0.0138576
vt 0.6453392 0.0748321
vt 0.6453770 0.0748309
vt 0.8937754 0.0315460
vt 0.6283064 0.0733086
vt 0.6455431 0.0706022
vt 0.8945817 0.0274321
vt 0.3822426 0.5082012
vt 0.3822426 0.5613687
vt 0.7652898 0.9974546
vt 0.8948743 0.0300544
vt 0.0612553 0.2992603
vt 0.3827791 0.5596720
vt 0.6300966 0.0608032
vt 0.4004829 0.0138576
vt 0.9509121 0.0421379
vt 0.7663627 0.9782239
vt 0.0622568 0.2977467
vt 0.6305493 0.0736634
vt 0.3682940 0.0534502
vt 0.4010193 0.0121605
vt 0.9514485 0.0421379
vt 0.7668992 0.9589932
vt 0.6479850 0.0715895
vt 0.5023752 0.0396243
vt 0.5023766 0.0397133
vt 0.6311695 0.0608032
vt 0.8988734 0.0138576
vt 0.5026053 0.0536980
vt 0.0633377 0.2960781
vt 0.8972442 0.0310412
vt 0.6494098 0.0681561
vt 0.7685085 0.9974546
vt 0.4975857 0.0127263
vt 0.5190449 0.1066176
vt 0.6503180 0.0745301
vt 0.8992395 0.0337460
vt 0.6413627 0.0828620
vt 0.5052903 0.0536980
vt 0.7722639 0.9782239
vt 0.5074030 0.0397276
vt 0.5080589 0.0398028
vt 0.7733368 0.9595588
vt 0.6456228 0.1128434
vt 0.3908263 0.5404413
vt 0.6553112 0.0619345
vt 0.3913627 0.5404413
vt 0.5095968 0.0398380
vt 0.9594958 0.0483598
vt 0.3918992 0.5076357
vt 0.3766525 0.0392050
vt 0.6569206 0.0608030
vt 0.7760193 0.9205315
vt 0.0716759 0.2833212
vt 0.6571312 0.0608030
vt 0.6400532 0.0748522
vt 0.3778497 0.0394166
vt 0.6574213 0.0608030
vt 0.6574570 0.0608030
vt 0.7438304 0.5749436
vt 0.7765557 0.9595588
vt 0.0722490 0.3075768
vt 0.3783806 0.0394325
vt 0.6488733 0.1269797
vt 0.6485566 0.0972815
vt 0.6582557 0.0607535
vt 0.5123809 0.0397435
vt 0.0730268 0.2813915
vt 0.9621780 0.0506221
vt 0.6492193 0.0972983
vt 0.6590128 0.0629901
vt 0.6593014 0.0732390
vt 0.6505189 0.1113657
vt 0.5137399 0.0397874
vt 0.9636967 0.0517658
vt 0.9637876 0.0410067
vt 0.7797747 0.9414593
vt 0.6518170 0.0971218
vt 0.6524272 0.0971528
vt 0.0769849 0.3006222
vt 0.9659334 0.0432693
vt 0.9659334 0.0534502
vt 0.5165675 0.0536980
vt 0.6536428 0.1105689
vt 0.5171045 0.0536980
vt 0.0026265 0.1803220
vt 0.6542383 0.0828620
vt 0.5183574 0.0400158
vt 0.7148606 0.1643101
vt 0.7148606 0.1903280
vt 0.5185812 0.0400158
vt 0.6645825 0.0603612
vt 0.0792936 0.2726740
vt 0.5189044 0.0399394
vt 0.0038902 0.1818909
vt 0.7840665 0.9131788
vt 0.6653760 0.0725457
vt 0.6657047 0.0725014
vt 0.6657669 0.0724845
vt 0.6658717 0.0724675
vt 0.7850935 0.9131788
vt 0.0050965 0.1626131
vt 0.9696888 0.0455316
vt 0.5202944 0.0397648
vt 0.6665772 0.0602375
vt 0.7856759 0.9895363
vt 0.6569586 0.0971609
vt 0.3528334 0.0050646
vt 0.7858715 0.9189551
vt 0.6670337 0.0722721
vt 0.7277359 0.2293551
vt 0.7862123 0.9290157
vt 0.6585301 0.0828620
vt 0.6585301 0.0971375
vt 0.6682103 0.0602375
vt 0.7875833 0.9165725
vt 0.3547463 0.0059458
vt 0.3548820 0.0053732
vt 0.7883584 0.9165725
vt 0.7886992 0.9266332
vt 0.0088519 0.1671380
vt 0.6697961 0.0602375
vt 0.5388948 0.1066176
vt 0.7309549 0.2293551
vt 0.7894313 0.9408937
vt 0.7894313 0.9703053
vt 0.5510884 0.0472983
vt 0.5514348 0.0535489
vt 0.6711612 0.0602375
vt 0.6622853 0.1235860
vt 0.7905042 0.9408937
vt 0.6715329 0.0602375
vt 0.6717488 0.0602375
vt 0.6717730 0.0602375
vt 0.6628220 0.1235860
vt 0.5523070 0.0398757
vt 0.5523070 0.0535089
vt 0.4251611 0.0138576
vt 0.4251611 0.0161199
vt 0.0110583 0.1908696
vt 0.0111972 0.1907398
vt 0.0112693 0.1906725
vt 0.0113675 0.1905808
vt 0.4256975 0.0138576
vt 0.5266926 0.0402196
vt 0.0219421 0.0690613
vt 0.6730151 0.0602375
vt 0.6735347 0.0724629
vt 0.0227866 0.0583767
vt 0.6739816 0.0724952
vt 0.6744097 0.0724912
vt 0.0903969 0.2813915
vt 0.6757044 0.0725071
vt 0.6761009 0.0725381
vt 0.6761685 0.0725374
vt 0.6763359 0.0725733
vt 0.6674272 0.1073231
vt 0.6678946 0.1073231
vt 0.5311343 0.0403082
vt 0.6679403 0.1073971
vt 0.7277361 0.1643101
vt 0.7277361 0.1908935
vt 0.7282725 0.1773189
vt 0.7282725 0.1903280
vt 0.4692841 0.0234729
vt 0.4693411 0.0234729
vt 0.4695652 0.0234729
vt 0.4695959 0.0234729
vt 0.4702224 0.0243969
vt 0.6701013 0.1072776
vt 0.4707617 0.0234729
vt 0.4710263 0.0255050
vt 0.9034781 0.0159194
vt 0.6701182 0.0972039
vt 0.9037016 0.0138574
vt 0.7304183 0.1648757
vt 0.7304183 0.1773189
vt 0.9039555 0.0159447
vt 0.6712085 0.1063934
vt 0.9040962 0.0149064
vt 0.9042264 0.0138574
vt 0.6805259 0.0596719
vt 0.6808097 0.0596719
vt 0.0201181 0.1824096
vt 0.6810623 0.0596719
vt 0.6716084 0.0972566
vt 0.0306668 0.0592677
vt 0.6821352 0.0613689
vt 0.6822102 0.0663800
vt 0.6822973 0.0652332
vt 0.6823835 0.0612707
vt 0.6825095 0.0645531
vt 0.6825705 0.0726828
vt 0.0326823 0.0622675
vt 0.8033797 0.9838800
vt 0.5442597 0.0246041
vt 0.8044529 0.9618214
vt 0.7465129 0.2140837
vt 0.8049893 0.9126132
vt 0.8049893 0.9606900
vt 0.4775517 0.0336566
vt 0.0759120 0.0749435
vt 0.4777361 0.0325227
vt 0.8055258 0.9629525
vt 0.0760389 0.0699934
vt 0.0365092 0.0602502
vt 0.7481223 0.2140837
vt 0.7481223 0.2157804
vt 0.0774233 0.0593013
vt 0.5474784 0.0246041
vt 0.8076716 0.9261879
vt 0.8078766 0.9261879
vt 0.8079127 0.9261879
vt 0.8082083 0.9408937
vt 0.5434874 0.0403710
vt 0.5437527 0.0401178
vt 0.0797916 0.0587294
vt 0.5080111 0.0328150
vt 0.8096060 0.9315645
vt 0.8097933 0.9373724
vt 0.7770923 0.5749436
vt 0.0802039 0.0743779
vt 0.5085481 0.0237565
vt 0.0407375 0.0713259
vt 0.8108905 0.9431560
vt 0.8108905 0.9974546
vt 0.5461028 0.0536980
vt 0.0412745 0.0713259
vt 0.5512338 0.0302601
vt 0.5512338 0.0336539
vt 0.5464169 0.0400687
vt 0.5466398 0.0536980
vt 0.6831612 0.0994709
vt 0.6831982 0.0984176
vt 0.6832028 0.0982856
vt 0.6832029 0.0982828
vt 0.6832076 0.0981508
vt 0.2304183 0.0223417
vt 0.8124613 0.9428248
vt 0.6837448 0.0828620
vt 0.6413628 0.0251697
vt 0.0427462 0.0612403
vt 0.8130366 0.9301472
vt 0.8135730 0.9301472
vt 0.3677575 0.0953054
vt 0.9171644 0.2281083
vt 0.9171779 0.2282689
vt 0.9172054 0.2088498
vt 0.9172116 0.2059210
vt 0.9172164 0.2282960
vt 0.9174400 0.2284532
vt 0.9174895 0.2284880
vt 0.8167920 0.9476809
vt 0.5155291 0.0328150
vt 0.9186290 0.2052170
vt 0.9187232 0.2049764
vt 0.9187232 0.2051702
vt 0.9187232 0.2293551
vt 0.9192597 0.2270928
vt 0.9203326 0.2293551
vt 0.6488733 0.0251697
vt 0.7518776 0.1648757
vt 0.7518776 0.1877663
vt 0.7518776 0.1908935
vt 0.1724784 0.3747172
vt 0.1724784 0.3928168
vt 0.8205471 0.9629525
vt 0.0024143 0.1320700
vt 0.0024143 0.1575226
vt 0.8210838 0.9482467
vt 0.6504829 0.0336539
vt 0.8216203 0.9482467
vt 0.0523720 0.0603800
vt 0.5208598 0.0337333
vt 0.5208758 0.0333160
vt 0.5210263 0.0323691
vt 0.8226932 0.9640837
vt 0.5211978 0.0298267
vt 0.3763892 0.0816549
vt 0.5214772 0.0262348
vt 0.5216984 0.0246964
vt 0.5571351 0.0398755
vt 0.5571351 0.0532274
vt 0.7652896 0.1988123
vt 0.7652896 0.2016402
vt 0.5574114 0.0531813
vt 0.5721566 0.0398757
vt 0.5721566 0.0521965
vt 0.2234441 0.1269797
vt 0.0067061 0.1320700
vt 0.8253757 0.9148755
vt 0.5592812 0.0398755
vt 0.2443670 0.0336538
vt 0.1783799 0.3594456
vt 0.0568476 0.0622675
vt 0.8282854 0.9715789
vt 0.9291925 0.2167970
vt 0.9294527 0.2163463
vt 0.8285943 0.9720023
vt 0.5620701 0.0531080
vt 0.8287200 0.9712072
vt 0.5624999 0.0398755
vt 0.5624999 0.0531425
vt 0.9299892 0.2067306
vt 0.8291308 0.9657804
vt 0.9302140 0.2168189
vt 0.5628849 0.0398755
vt 0.9305259 0.2163463
vt 0.8296675 0.9663463
vt 0.9310623 0.2067306
vt 0.5641095 0.0398755
vt 0.0614480 0.0594960
vt 0.5793635 0.0528698
vt 0.9324235 0.2007421
vt 0.5654214 0.0398755
vt 0.9329569 0.2009422
vt 0.9336173 0.2011936
vt 0.5662553 0.0398755
vt 0.1848175 0.3594456
vt 0.1848175 0.3928168
vt 0.8328862 0.9844458
vt 0.5666856 0.0531140
vt 0.1853540 0.3752828
vt 0.1853540 0.3945135
vt 0.5668809 0.0530241
vt 0.5671853 0.0531097
vt 0.8339593 0.9324095
vt 0.8237662 0.3628394
vt 0.5438374 0.1059266
vt 0.6875000 0.0749434
vt 0.5442597 0.1190610
vt 0.8248391 0.3628394
vt 0.8248391 0.3832012
vt 0.3897219 0.0834806
vt 0.5447961 0.1190610
vt 0.5839592 0.0398757
vt 0.5841739 0.0532284
vt 0.8257586 0.3576668
vt 0.1885729 0.3752828
vt 0.8259305 0.3735810
vt 0.8260417 0.3740458
vt 0.6887127 0.0598568
vt 0.8262790 0.3572959
vt 0.5458975 0.1063260
vt 0.5460867 0.1064332
vt 0.7679720 0.0336537
vt 0.5464137 0.1064840
vt 0.6896664 0.0599703
vt 0.7682428 0.0263738
vt 0.7687855 0.0335465
vt 0.8280580 0.3730203
vt 0.7692018 0.0334917
vt 0.7692147 0.0334900
vt 0.0691985 0.0747234
vt 0.1917919 0.3560521
vt 0.5486855 0.1063275
vt 0.3938415 0.0840222
vt 0.6923283 0.0599681
vt 0.6923283 0.0599812
vt 0.6923283 0.0601020
vt 0.6923283 0.0749434
vt 0.3944271 0.0843718
vt 0.0709306 0.0608460
vt 0.0709568 0.0606361
vt 0.0709608 0.0606038
vt 0.0709840 0.0604181
vt 0.8302038 0.3730203
vt 0.3947693 0.0840216
vt 0.8420063 0.9510746
vt 0.8318134 0.3945136
vt 0.1944744 0.3752828
vt 0.8322102 0.3943941
vt 0.2416846 0.1049209
vt 0.8103542 0.5749436
vt 0.8103542 0.5964366
vt 0.8103542 0.6151017
vt 0.8103542 0.6332012
vt 0.8774814 0.1863688
vt 0.8774927 0.1885607
vt 0.8775693 0.1781683
vt 0.8777098 0.1659299
vt 0.8777936 0.1648755
vt 0.5539163 0.1269796
vt 0.0265557 0.1445136
vt 0.0265557 0.1575226
vt 0.8788358 0.1648755
vt 0.5543126 0.1117272
vt 0.3994098 0.0986992
vt 0.1976930 0.3752828
vt 0.3999462 0.0992648
vt 0.8355685 0.3933824
vt 0.8795600 0.1648755
vt 0.8795600 0.1863688
vt 0.8795600 0.1909597
vt 0.1982295 0.3560521
vt 0.8462982 0.9171381
vt 0.6885731 0.0956831
vt 0.6885731 0.0979477
vt 0.5024143 0.0160228
vt 0.2277362 0.5743204
vt 0.2277362 0.5901727
vt 0.2277362 0.6116871
vt 0.2277362 0.6332015
vt 0.4621782 0.1648757
vt 0.8403971 0.3571835
vt 0.8403971 0.3764142
vt 0.8403971 0.3945137
vt 0.3597104 0.0048076
vt 0.3597104 0.0059387
vt 0.4825645 0.0302599
vt 0.4680795 0.5755092
vt 0.4680795 0.5992645
vt 0.4680795 0.6139706
vt 0.2278066 0.5697167
vt 0.4686160 0.5992645
vt 0.6891101 0.0866241
vt 0.6892797 0.0823324
vt 0.6892820 0.0822728
vt 0.3391554 0.4665883
vt 0.4632511 0.1908938
vt 0.4691524 0.5755092
vt 0.4691524 0.6139706
vt 0.4691524 0.6332013
vt 0.2288102 0.6116871
vt 0.2291992 0.5694835
vt 0.2293472 0.5743204
vt 0.2293472 0.5901727
vt 0.2293472 0.6116871
vt 0.2293472 0.6332015
vt 0.6904960 0.0824232
vt 0.6912540 0.0824651
vt 0.6912581 0.0979477
vt 0.3414699 0.4787897
vt 0.3415607 0.4713375
vt 0.4723714 0.6332013
vt 0.8452254 0.3764142
vt 0.8452254 0.3945137
vt 0.0024189 0.0211725
vt 0.0024189 0.0302315
vt 0.0024189 0.0336285
vt 0.6942509 0.0824726
vt 0.8479076 0.3764142
vt 0.4766632 0.5822961
vt 0.8500537 0.3571835
vt 0.0077889 0.0290992
vt 0.4788090 0.5981334
vt 0.3492427 0.4877785
vt 0.4793454 0.5981334
vt 0.0088629 0.0290992
vt 0.3500536 0.4957581
vt 0.3511267 0.4765274
vt 0.3516632 0.4765274
vt 0.3524291 0.4960711
vt 0.4968223 0.0336960
vt 0.4969303 0.0293690
vt 0.4766631 0.1773189
vt 0.8548820 0.3764142
vt 0.4970725 0.0232675
vt 0.4971232 0.0302599
vt 0.4973290 0.0311251
vt 0.3536669 0.4962342
vt 0.4788089 0.1897627
vt 0.3768778 0.0048076
vt 0.3768778 0.0059387
vt 0.5201354 0.0137576
vt 0.4868562 0.5970022
vt 0.0163811 0.0211725
vt 0.3572653 0.4803257
vt 0.8597103 0.3945137
vt 0.4873927 0.5970022
vt 0.0201401 0.0302315
vt 0.7917861 0.0058836
vt 0.7918131 0.0058836
vt 0.7918780 0.0058836
vt 0.3610908 0.4775961
vt 0.8640021 0.3764142
vt 0.4922210 0.6298079
vt 0.7127382 0.0990800
vt 0.0217510 0.0302315
vt 0.4927574 0.6298079
vt 0.4927574 0.6309390
vt 0.3631228 0.4755039
vt 0.7135059 0.0834315
vt 0.7135116 0.0833152
vt 0.0228250 0.0302315
vt 0.4943670 0.5868213
vt 0.3654877 0.4736294
vt 0.3656525 0.4733758
vt 0.3660154 0.4734188
vt 0.3661195 0.4732678
vt 0.3661481 0.4889706
vt 0.4906115 0.1637445
vt 0.8688304 0.3571835
vt 0.8688304 0.3764142
vt 0.8688304 0.3945137
vt 0.4965128 0.5732463
vt 0.3669803 0.4722329
vt 0.4911480 0.1660068
vt 0.5314126 0.0126253
vt 0.3676861 0.4715067
vt 0.4916844 0.1897627
vt 0.4975857 0.6128395
vt 0.4981224 0.6128395
vt 0.3683524 0.4713122
vt 0.3913627 0.0059387
vt 0.4965257 0.1772533
vt 0.4965854 0.1773618
vt 0.3709763 0.4980204
vt 0.5008047 0.5766404
vt 0.5013411 0.5766404
vt 0.4981296 0.1762680
vt 0.3720492 0.4833143
vt 0.3725860 0.4833143
vt 0.8039505 0.0058836
vt 0.5034872 0.5947399
vt 0.3741953 0.4673738
vt 0.3741953 0.4821831
vt 0.0335652 0.0245700
vt 0.5012600 0.1745925
vt 0.5045601 0.5947399
vt 0.5015778 0.1746872
vt 0.5018204 0.1746275
vt 0.0346392 0.0211725
vt 0.8066354 0.0058836
vt 0.5040619 0.1909522
vt 0.5083155 0.6275450
vt 0.5053380 0.1725065
vt 0.3819515 0.4607443
vt 0.5099691 0.1875553
vt 0.3838519 0.4640836
vt 0.3838519 0.4991515
vt 0.5105061 0.1875553
vt 0.0614270 0.0387445
vt 0.5110431 0.1875553
vt 0.5126541 0.1864230
vt 0.0645108 0.0387445
vt 0.5145915 0.1668655
vt 0.3881225 0.4555788
vt 0.5179721 0.5992645
vt 0.0850810 0.0586846
vt 0.0850810 0.0737838
vt 0.5185085 0.5755092
vt 0.5158012 0.1658582
vt 0.0673767 0.0428758
vt 0.5188813 0.1640316
vt 0.5222639 0.6094454
vt 0.5191533 0.1636745
vt 0.0899140 0.0586846
vt 0.3935085 0.4509812
vt 0.3935085 0.4799208
vt 0.0716203 0.0534500
vt 0.5619636 0.3290484
vt 0.5619636 0.3498305
vt 0.8114836 0.0061747
vt 0.5655347 0.3261565
vt 0.5250053 0.1750999
vt 0.5292382 0.6117083
vt 0.5297747 0.6117083
vt 0.5266162 0.1773645
vt 0.5303111 0.5879524
vt 0.5697898 0.3226812
vt 0.0998746 0.0742817
vt 0.1016263 0.0745428
vt 0.1028022 0.0598169
vt 0.1028022 0.0745519
vt 0.1939376 0.1473414
vt 0.1939376 0.1484726
vt 0.3962592 0.0048035
vt 0.5759120 0.3362555
vt 0.3973332 0.0048035
vt 0.3989441 0.0059358
vt 0.5410409 0.6230204
vt 0.5415773 0.6230204
vt 0.5362845 0.0161136
vt 0.5421138 0.5992645
vt 0.5426502 0.5755092
vt 0.8281310 0.0061747
vt 0.1104043 0.0738432
vt 0.5809777 0.3140363
vt 0.3391192 0.1056627
vt 0.3391309 0.1056803
vt 0.3392512 0.1058614
vt 0.3393187 0.1059631
vt 0.1478003 0.5681563
vt 0.1478003 0.6032242
vt 0.3489806 0.7802604
vt 0.1478675 0.6329103
vt 0.1483368 0.6032242
vt 0.8307192 0.0061747
vt 0.1124093 0.0739310
vt 0.8308632 0.0061747
vt 0.2490493 0.0273602
vt 0.1492806 0.6330683
vt 0.2491156 0.0273416
vt 0.1494100 0.5681563
vt 0.1494100 0.6032242
vt 0.2493975 0.0272623
vt 0.2496221 0.0276731
vt 0.2041310 0.1563912
vt 0.2041310 0.1575224
vt 0.3511267 0.7191743
vt 0.9090665 0.0161197
vt 0.3516631 0.7372738
vt 0.3516631 0.7553734
vt 0.3521996 0.7372738
vt 0.3527360 0.7180431
vt 0.4037799 0.0058048
vt 0.3532724 0.7372738
vt 0.3532724 0.7553734
vt 0.2520000 0.0293231
vt 0.0388949 0.4437214
vt 0.3554185 0.7485859
vt 0.5893240 0.3498305
vt 0.3564914 0.7191743
vt 0.3564914 0.7361427
vt 0.5898605 0.3226812
vt 0.3570278 0.7191743
vt 0.2559001 0.0335081
vt 0.1199863 0.0609492
vt 0.1199863 0.0745343
vt 0.3503710 0.1094986
vt 0.2132511 0.1518666
vt 0.5507834 0.0149807
vt 0.3613197 0.7666855
vt 0.3618561 0.7169120
vt 0.3532727 0.1269798
vt 0.5957619 0.3181560
vt 0.5962984 0.3170248
vt 0.9424176 0.0161179
vt 0.5545426 0.0149807
vt 0.1271163 0.0741042
vt 0.5979077 0.3158937
vt 0.4177421 0.0046725
vt 0.0764486 0.0387442
vt 0.3677576 0.7350115
vt 0.3677576 0.7847850
vt 0.2668992 0.0223417
vt 0.2212983 0.1326359
vt 0.6762339 0.1224548
vt 0.6762339 0.1269794
vt 0.6764575 0.1268671
vt 0.0780579 0.0387442
vt 0.2229077 0.1563912
vt 0.6032724 0.3362555
vt 0.1338445 0.0746470
vt 0.0802040 0.0387442
vt 0.4230151 0.2734730
vt 0.4230151 0.2904414
vt 0.4235515 0.2734730
vt 0.6064914 0.3339932
vt 0.2266631 0.1439480
vt 0.2266631 0.1450791
vt 0.6070278 0.3339932
vt 0.3741952 0.7531111
vt 0.2658261 0.1326358
vt 0.2658261 0.1575229
vt 0.6075643 0.3328621
vt 0.9321351 0.0138574
vt 0.1371704 0.0620816
vt 0.1371704 0.0747517
vt 0.2663625 0.1326358
vt 0.2663625 0.1518665
vt 0.2674357 0.1518665
vt 0.9558428 0.0138533
vt 0.0877145 0.0534503
vt 0.2320278 0.1563912
vt 0.8736587 0.3571831
vt 0.8736587 0.3764138
vt 0.8736587 0.3945133
vt 0.2325643 0.1563912
vt 0.4305259 0.3074092
vt 0.9375001 0.0138574
vt 0.3800967 0.7712106
vt 0.3811696 0.7203054
vt 0.9601388 0.0161179
vt 0.0909335 0.0534503
vt 0.8763412 0.5432693
vt 0.0657189 0.4222285
vt 0.4332081 0.2746042
vt 0.0662553 0.4222285
vt 0.8784872 0.3764138
vt 0.8784872 0.5104637
vt 0.6172212 0.3147625
vt 0.6172212 0.3498305
vt 0.3843885 0.7553734
vt 0.0700107 0.4233596
vt 0.3865343 0.7395361
vt 0.3865343 0.7904413
vt 0.8811695 0.5613689
vt 0.0705472 0.4233596
vt 0.3870708 0.7395361
vt 0.0710836 0.4244908
vt 0.2406115 0.1371605
vt 0.6950646 0.1114492
vt 0.6955471 0.1066175
vt 0.8827791 0.3945133
vt 0.9676567 0.0138533
vt 0.3902897 0.7395361
vt 0.6987660 0.1066175
vt 0.3918991 0.7565045
vt 0.9703420 0.0161179
vt 0.5824670 0.0127161
vt 0.3929722 0.7565045
vt 0.7008869 0.1066175
vt 0.7009424 0.1066175
vt 0.7010799 0.1066175
vt 0.9735639 0.0138533
vt 0.3967273 0.7248300
vt 0.3967273 0.7757352
vt 0.8913628 0.5115948
vt 0.3978005 0.7746041
vt 0.8924357 0.3764138
vt 0.9767859 0.0149856
vt 0.0823498 0.4097852
vt 0.3988734 0.7576357
vt 0.3988734 0.7746041
vt 0.0828862 0.4097852
vt 0.8972640 0.3945133
vt 0.8994098 0.3764138
vt 0.9004829 0.5115948
vt 0.9010194 0.5455316
vt 0.2599249 0.1416857
vt 0.9015558 0.5455316
vt 0.9020923 0.3571831
vt 0.9020923 0.3764138
vt 0.9020923 0.3945133
vt 0.2609978 0.1416857
vt 0.9074570 0.6399889
vt 0.9074570 0.6739251
vt 0.9074570 0.7067308
vt 0.9079935 0.6399889
vt 0.9079935 0.6739251
vt 0.9037016 0.5115948
vt 0.0930793 0.3996043
vt 0.7180795 0.0992649
vt 0.8843885 0.1648757
vt 0.7567061 0.1643097
vt 0.8357031 0.0061127
vt 0.1999735 0.0115560
vt 0.1999735 0.0160858
vt 0.7571264 0.1643097
vt 0.7571413 0.1643097
vt 0.7574015 0.1643097
vt 0.8854614 0.1648757
vt 0.7631068 0.1719384
vt 0.7633207 0.1725516
vt 0.8913626 0.1908939
vt 0.7255900 0.0822965
vt 0.7261265 0.0822965
vt 0.7652898 0.1778846
vt 0.7271997 0.0822965
vt 0.7668992 0.1790158
vt 0.7679721 0.1790158
vt 0.7680402 0.1790158
vt 0.7682730 0.1797137
vt 0.7701181 0.1903279
vt 0.7702254 0.1854451
vt 0.7057404 0.1190610
vt 0.7336373 0.0992649
vt 0.7724309 0.1911406
vt 0.2176946 0.0115560
vt 0.7363198 0.0992649
vt 0.7368562 0.0822965
vt 0.0395841 0.0212249
vt 0.9037017 0.1727944
vt 0.0404424 0.0338947
vt 0.7411481 0.0822965
vt 0.2738734 0.0811653
vt 0.2744099 0.0992649
vt 0.2749463 0.0811653
vt 0.8609422 0.0061127
vt 0.0470897 0.0335340
vt 0.0511952 0.0332496
vt 0.7491953 0.0992649
vt 0.8607832 0.1999435
vt 0.8607832 0.2293551
vt 0.2327308 0.0115560
vt 0.2327308 0.0138212
vt 0.8613197 0.1999435
vt 0.7261267 0.1066177
vt 0.7266632 0.1066177
vt 0.2348788 0.0115560
vt 0.0573052 0.0212249
vt 0.9214055 0.1818441
vt 0.0578998 0.0325089
vt 0.9128219 0.6399885
vt 0.9128219 0.6727941
vt 0.9128219 0.7067309
vt 0.7347104 0.1077489
vt 0.9208692 0.6558257
vt 0.9208692 0.6897625
vt 0.7400752 0.1269796
vt 0.9246246 0.6558257
vt 0.9251610 0.6399885
vt 0.2525999 0.0115560
vt 0.9294529 0.6727941
vt 0.9342812 0.6558257
vt 0.9375001 0.6727941
vt 0.9375001 0.6897625
vt 0.2654881 0.0138212
vt 0.5126072 0.1976807
vt 0.5131439 0.1976807
vt 0.5131439 0.2293552
vt 0.9460838 0.7067309
vt 0.7773002 0.1643154
vt 0.7773002 0.1908884
vt 0.7783162 0.1641079
vt 0.7788242 0.1641079
vt 0.7789112 0.1640894
vt 0.7789112 0.1908884
vt 0.1421256 0.0650004
vt 0.1421509 0.0651161
vt 0.5780580 0.0053731
vt 0.5780580 0.0054484
vt 0.5780580 0.0057867
vt 0.5780580 0.0058013
vt 0.5782816 0.0052609
vt 0.1442571 0.0747386
vt 0.1461254 0.0638519
vt 0.8784872 0.1269795
vt 0.8792605 0.1075871
vt 0.8800965 0.1070633
vt 0.8800965 0.1269795
vt 0.1553445 0.0606143
vt 0.1560713 0.0713417
vt 0.1593585 0.0602708
vt 0.4219421 0.1382921
vt 0.1609046 0.0603961
vt 0.1622401 0.0604767
vt 0.3395539 0.0589923
vt 0.3397778 0.0731611
vt 0.3397964 0.0743363
vt 0.3398031 0.0747606
vt 0.3400908 0.0589923
vt 0.3400908 0.0748147
vt 0.1684225 0.0702094
vt 0.1689450 0.0595935
vt 0.4380364 0.2734729
vt 0.4380364 0.3074097
vt 0.1721814 0.0702094
vt 0.2797747 0.0811650
vt 0.2797747 0.0992646
vt 0.2803112 0.0811650
vt 0.4412553 0.2734729
vt 0.2808476 0.0811650
vt 0.2813841 0.0992646
vt 0.1753694 0.0595043
vt 0.2717276 0.0336536
vt 0.4396459 0.1575228
vt 0.4455472 0.3074097
vt 0.1795718 0.0595942
vt 0.1796994 0.0622833
vt 0.4417917 0.1360292
vt 0.4503755 0.2734729
vt 0.1852051 0.0591143
vt 0.2824571 0.0223415
vt 0.2829935 0.0223415
vt 0.1918372 0.0585287
vt 0.1925875 0.0690771
vt 0.4627146 0.2734729
vt 0.2033210 0.3560098
vt 0.4637875 0.3062785
vt 0.2039803 0.3941417
vt 0.2043950 0.3775242
vt 0.2049320 0.3560098
vt 0.2049320 0.3775242
vt 0.2052350 0.3943512
vt 0.4616416 0.1337669
vt 0.4621781 0.1337669
vt 0.4047747 0.0822887
vt 0.4047747 0.0913208
vt 0.4047747 0.0964011
vt 0.0024141 0.3560099
vt 0.0024141 0.3943963
vt 0.6381438 0.7058850
vt 0.1231223 0.9223757
vt 0.1231223 0.9268919
vt 0.1231223 0.9624556
vt 0.1231223 0.9974546
vt 0.1714056 0.7056018
vt 0.3060622 0.7639094
vt 0.0024141 0.4486297
vt 0.0024141 0.4734678
vt 0.2100322 0.3890678
vt 0.1488734 0.2346438
vt 0.1488734 0.2679495
vt 0.2642167 0.3617724
vt 0.2277360 0.2343329
vt 0.2277360 0.2676384
vt 0.5995172 0.5413300
vt 0.9214056 0.9951967
vt 0.9214056 0.9963258
vt 0.2642167 0.2342751
vt 0.2642167 0.2675809
vt 0.7701180 0.2093164
vt 0.2819206 0.2346881
vt 0.2819206 0.2679938
vt 0.1971566 0.0587133
vt 0.5989807 0.7238298
vt 0.5989807 0.7571356
vt 0.7862124 0.7204427
vt 0.7862124 0.7571356
vt 0.7862124 0.7904410
vt 0.0029496 0.4954835
vt 0.5887865 0.0486189
vt 0.5995162 0.7904410
vt 0.3071330 0.7145153
vt 0.9224764 0.9579394
vt 0.6000515 0.7904410
vt 0.3076685 0.7475389
vt 0.6005870 0.7571356
vt 0.1252641 0.8930214
vt 0.1735474 0.6717315
vt 0.3082040 0.7825381
vt 0.9235474 0.9963258
vt 0.2663585 0.2342751
vt 0.6011225 0.7904410
vt 0.7883542 0.7571356
vt 0.3092748 0.7481033
vt 0.2132448 0.3563264
vt 0.6027298 0.5418944
vt 0.2674294 0.2675809
vt 0.0061621 0.3943963
vt 0.1268703 0.8631027
vt 0.7899604 0.7904410
vt 0.6424272 0.6838693
vt 0.1756890 0.6384258
vt 0.2685002 0.3612080
vt 0.6032641 0.7571356
vt 0.1762245 0.6384258
vt 0.3108812 0.7156445
vt 0.0072331 0.4604842
vt 0.7910314 0.7204427
vt 0.7910314 0.7571356
vt 0.3114165 0.7156445
vt 0.0077684 0.4841934
vt 0.2695710 0.3945134
vt 0.9267599 0.9782616
vt 0.2701065 0.3612080
vt 0.1295474 0.9624556
vt 0.3124873 0.7492324
vt 0.9278307 0.9184242
vt 0.6054058 0.7565709
vt 0.2711773 0.3612080
vt 0.6064778 0.5091533
vt 0.9283662 0.9748745
vt 0.1306184 0.8930214
vt 0.2175283 0.3568911
vt 0.1794370 0.6722960
vt 0.3140937 0.7497969
vt 0.2722482 0.3939490
vt 0.2357675 0.2507033
vt 0.6070121 0.7650386
vt 0.6467107 0.6618539
vt 0.1316892 0.8930214
vt 0.6220326 0.3163708
vt 0.6220326 0.3499588
vt 0.1799725 0.6722960
vt 0.3146292 0.7847962
vt 0.2904875 0.2346881
vt 0.2904875 0.2510588
vt 0.3441345 0.2343749
vt 0.3441345 0.2676807
vt 0.7792203 0.2290742
vt 0.0120519 0.4491941
vt 0.0120519 0.4729033
vt 0.6091539 0.7735060
vt 0.1338309 0.9240692
vt 0.1338309 0.9263272
vt 0.6096893 0.7904410
vt 0.3173063 0.7328618
vt 0.3967054 0.5107140
vt 0.7813621 0.2031070
vt 0.6102248 0.7735060
vt 0.1831850 0.7067308
vt 0.0147291 0.4491941
vt 0.6509942 0.6392738
vt 0.1359727 0.8631027
vt 0.1359727 0.8930214
vt 0.1359727 0.9240692
vt 0.1359727 0.9268919
vt 0.1359727 0.9624556
vt 0.1359727 0.9968902
vt 0.3189126 0.7345553
vt 0.6123676 0.5108469
vt 0.3983118 0.5338585
vt 0.2770671 0.2512102
vt 0.5318943 0.7068459
vt 0.8151561 0.5750574
vt 0.8151561 0.6038472
vt 0.8151561 0.6332012
vt 0.1622591 0.2510144
vt 0.6129029 0.5108469
vt 0.6129029 0.5565715
vt 0.6123664 0.7390713
vt 0.2239534 0.3743907
vt 0.0168707 0.4729033
vt 0.3999179 0.5564389
vt 0.9358621 0.9579394
vt 0.0174062 0.4729033
vt 0.0174062 0.4841934
vt 0.4203022 0.0913208
vt 0.0184770 0.4729033
vt 0.6043140 0.0525704
vt 0.3226606 0.7526194
vt 0.1885394 0.7067308
vt 0.9385394 0.9579394
vt 0.5603194 0.1981482
vt 0.5603194 0.2291957
vt 0.6059203 0.0424091
vt 0.2995898 0.2346881
vt 0.2148259 0.0587133
vt 0.0206188 0.3785900
vt 0.3001253 0.2346881
vt 0.3001253 0.2679938
vt 0.7893935 0.1991555
vt 0.6182562 0.7718124
vt 0.6182562 0.7723771
vt 0.6332767 0.3163708
vt 0.3258732 0.7537483
vt 0.0222252 0.4954835
vt 0.1917519 0.6559254
vt 0.3264086 0.7537483
vt 0.2303785 0.3913258
vt 0.5393904 0.6729757
vt 0.3269441 0.7712480
vt 0.6198625 0.7210071
vt 0.6595610 0.7064497
vt 0.1928228 0.6903601
vt 0.3564494 0.2343749
vt 0.0238313 0.4966123
vt 0.9428228 0.9912452
vt 0.9428228 0.9974546
vt 0.0243668 0.3560099
vt 0.8655685 0.0061980
vt 0.1933582 0.6559254
vt 0.0243668 0.4610486
vt 0.0243668 0.4966123
vt 0.4074140 0.5129719
vt 0.1938937 0.6734250
vt 0.3285504 0.7718126
vt 0.2867049 0.3753204
vt 0.4079495 0.5078913
vt 0.9438937 0.9974546
vt 0.5662092 0.1981482
vt 0.2512950 0.2507033
vt 0.8559076 0.1357451
vt 0.0265085 0.4729033
vt 0.6236115 0.5255240
vt 0.0275795 0.3746386
vt 0.1965709 0.6734250
vt 0.1965709 0.6897957
vt 0.3601975 0.2343749
vt 0.3312275 0.7904412
vt 0.0275795 0.4729033
vt 0.6134164 0.0536992
vt 0.6638444 0.6844340
vt 0.6391663 0.3163708
vt 0.0281148 0.4729033
vt 0.1751095 0.2346438
vt 0.1751095 0.2679495
vt 0.3081567 0.2346881
vt 0.6252168 0.7537485
vt 0.0291856 0.4847578
vt 0.6257522 0.7537485
vt 0.0297211 0.3746386
vt 0.3333692 0.7729415
vt 0.0297211 0.4497585
vt 0.2244636 0.0750840
vt 0.3339047 0.7215717
vt 0.5468864 0.6391055
vt 0.3344400 0.7904412
vt 0.2384100 0.3597135
vt 0.9497834 0.9184242
vt 0.9497834 0.9579394
vt 0.9497834 0.9974546
vt 0.3349755 0.7864897
vt 0.4036450 0.7819736
vt 0.5720988 0.1987126
vt 0.5720988 0.2291957
vt 0.5479572 0.7017653
vt 0.3355109 0.7531839
vt 0.0318628 0.4497585
vt 0.6289658 0.5610877
vt 0.4149100 0.5361167
vt 0.8864755 0.5748660
vt 0.8864755 0.6042203
vt 0.8864755 0.6330098
vt 0.6681279 0.6618539
vt 0.8317545 0.5897345
vt 0.8317545 0.6185244
vt 0.6295013 0.5610877
vt 0.8870110 0.5748660
vt 0.8424831 0.4587906
vt 0.5490282 0.6938623
vt 0.4159810 0.5253911
vt 0.8430185 0.4587906
vt 0.5495635 0.7012009
vt 0.3371172 0.7162089
vt 0.4165163 0.5078913
vt 0.4165163 0.5253911
vt 0.8011730 0.1991555
vt 0.4363651 0.0817240
vt 0.4363651 0.0992238
vt 0.6450561 0.3499588
vt 0.3666226 0.2343749
vt 0.0340046 0.4729033
vt 0.2593265 0.2676384
vt 0.6305711 0.7876187
vt 0.6455915 0.3141127
vt 0.6455915 0.3477007
vt 0.3381880 0.7531839
vt 0.8022438 0.2172194
vt 0.6461269 0.3141127
vt 0.3456968 0.0335709
vt 0.3682289 0.2513100
vt 0.0356109 0.4729033
vt 0.0356109 0.4926608
vt 0.6214478 0.0424091
vt 0.2051377 0.6395548
vt 0.2051377 0.6734250
vt 0.2051377 0.7067308
vt 0.3741291 0.2344157
vt 0.3741291 0.2677215
vt 0.3397943 0.7864897
vt 0.0361463 0.4497585
vt 0.0361463 0.4966123
vt 0.6327128 0.7362487
vt 0.2056732 0.6734250
vt 0.2056732 0.7067308
vt 0.3692998 0.2676807
vt 0.3403298 0.7531839
vt 0.0366818 0.4937899
vt 0.2442998 0.3772133
vt 0.6337848 0.5407656
vt 0.4089993 0.7548773
vt 0.6332483 0.7362487
vt 0.5533117 0.6995073
vt 0.2448353 0.3772133
vt 0.6337838 0.7362487
vt 0.2067440 0.6734250
vt 0.2453706 0.3772133
vt 0.6348556 0.5390720
vt 0.0576024 0.3874584
vt 0.3177945 0.2679938
vt 0.3006260 0.3561273
vt 0.3011615 0.3894331
vt 0.4224061 0.5259555
vt 0.3435425 0.7531839
vt 0.3435425 0.7876187
vt 0.3016970 0.3899975
vt 0.5565242 0.6599921
vt 0.6514812 0.3477007
vt 0.3440778 0.7162089
vt 0.0404297 0.4610486
vt 0.4127473 0.7362487
vt 0.6520167 0.3141127
vt 0.5876390 0.7061662
vt 0.0409652 0.4943544
vt 0.4025532 0.2342985
vt 0.4025532 0.2557495
vt 0.4240124 0.5434553
vt 0.2104920 0.6395548
vt 0.5881744 0.6722960
vt 0.0415006 0.4988706
vt 0.2491186 0.3608426
vt 0.1879598 0.2510144
vt 0.4030885 0.2342985
vt 0.4030885 0.2557495
vt 0.4245478 0.5434553
vt 0.6380671 0.7695545
vt 0.8515854 0.4932255
vt 0.2110275 0.6395548
vt 0.2110275 0.6734250
vt 0.5887099 0.6389903
vt 0.4250833 0.5434553
vt 0.3145682 0.1630016
vt 0.6396745 0.5176207
vt 0.2512604 0.3608426
vt 0.0634922 0.3547170
vt 0.3161746 0.1906623
vt 0.6402089 0.7181848
vt 0.2517957 0.3941484
vt 0.1906369 0.2346438
vt 0.6300146 0.0401512
vt 0.8660651 0.2016260
vt 0.2137046 0.6734250
vt 0.2137046 0.7067308
vt 0.2523312 0.3941484
vt 0.6305501 0.0401512
vt 0.4277604 0.5440197
vt 0.6412797 0.7181848
vt 0.2142401 0.6734250
vt 0.7448195 0.1065402
vt 0.2147755 0.6401192
vt 0.2147755 0.6734250
vt 0.2147755 0.7067308
vt 0.6611274 0.4232236
vt 0.4181016 0.7170556
vt 0.6423506 0.7181848
vt 0.0463195 0.3560099
vt 0.0661693 0.3891519
vt 0.5629493 0.6938623
vt 0.2158463 0.6734250
vt 0.3263613 0.2346881
vt 0.2163818 0.6401192
vt 0.2163818 0.6734250
vt 0.2163818 0.7067308
vt 0.0672401 0.3891519
vt 0.3580117 0.0228452
vt 0.2169173 0.6401192
vt 0.2169173 0.6734250
vt 0.2169173 0.7067308
vt 0.3859087 0.2344157
vt 0.0677756 0.3552817
vt 0.8778603 0.1346160
vt 0.3585470 0.0228452
vt 0.2174526 0.6734250
vt 0.2174526 0.7067308
vt 0.9030739 0.5895431
vt 0.9030739 0.6183327
vt 0.8483529 0.5750574
vt 0.8483529 0.6038472
vt 0.8483529 0.6332012
vt 0.2179881 0.7067308
vt 0.0489967 0.4621777
vt 0.2566147 0.3947128
vt 0.4320439 0.5101495
vt 0.4320439 0.5609548
vt 0.6471726 0.4856888
vt 0.5962058 0.6389903
vt 0.4325792 0.5609548
vt 0.6477080 0.4529474
vt 0.6460985 0.7509258
vt 0.5661619 0.6808787
vt 0.8177714 0.2087520
vt 0.6482435 0.4935917
vt 0.6466340 0.7509258
vt 0.2195944 0.6497159
vt 0.6659463 0.4029015
vt 0.7501738 0.1268624
vt 0.4336502 0.5615192
vt 0.4411609 0.2342299
vt 0.2201298 0.6734250
vt 0.2201298 0.6960051
vt 0.3891212 0.2344157
vt 0.3129409 0.3612080
vt 0.4416963 0.2675357
vt 0.0023186 0.5280632
vt 0.2592918 0.3614071
vt 0.3134764 0.3612080
vt 0.6498498 0.4529474
vt 0.0028541 0.5043539
vt 0.0028541 0.5517721
vt 0.5683036 0.6876529
vt 0.6632607 0.3141127
vt 0.6632607 0.3477007
vt 0.3140117 0.3612080
vt 0.7093980 0.4630233
vt 0.0527447 0.3548811
vt 0.0527447 0.3568358
vt 0.0527447 0.3577035
vt 0.8821438 0.1577605
vt 0.5994185 0.6897957
vt 0.4250622 0.7864896
vt 0.0039249 0.5280632
vt 0.2222716 0.6734250
vt 0.5999540 0.6559254
vt 0.6514561 0.4856888
vt 0.0044604 0.5613687
vt 0.8633648 0.4700807
vt 0.6519915 0.4529474
vt 0.0049957 0.5280632
vt 0.2008102 0.2679495
vt 0.3161535 0.3708045
vt 0.7115398 0.4771360
vt 0.6509175 0.7847960
vt 0.0055312 0.5043539
vt 0.0055312 0.5280632
vt 0.0055312 0.5613687
vt 0.0548863 0.4796772
vt 0.0747361 0.3569753
vt 0.4379335 0.5282135
vt 0.5715162 0.7006365
vt 0.2244132 0.6497159
vt 0.3934046 0.2344157
vt 0.0554218 0.4796772
vt 0.4277394 0.7729415
vt 0.3349282 0.2346881
vt 0.2249487 0.6734250
vt 0.0559573 0.4796772
vt 0.2254841 0.6497159
vt 0.2254841 0.6734250
vt 0.2254841 0.7067308
vt 0.3359991 0.2679938
vt 0.5731225 0.6464441
vt 0.5731225 0.6791852
vt 0.4883586 0.2679031
vt 0.1246247 0.4329961
vt 0.8789154 0.2016260
vt 0.5736579 0.6791852
vt 0.4888939 0.2343151
vt 0.3370699 0.2346881
vt 0.7147523 0.4991515
vt 0.5741934 0.6791852
vt 0.4196869 0.2450241
vt 0.4196869 0.2557495
vt 0.0779487 0.3575397
vt 0.5747289 0.6961203
vt 0.3966173 0.2507864
vt 0.6906087 0.4032689
vt 0.5210808 0.2346515
vt 0.5210808 0.2679573
vt 0.7158233 0.4624589
vt 0.6911440 0.4196395
vt 0.1273018 0.4335607
vt 0.3976881 0.2677215
vt 0.2061645 0.2346438
vt 0.4502632 0.2675357
vt 0.3392117 0.2346881
vt 0.3392117 0.2679938
vt 0.4915712 0.2343151
vt 0.1981163 0.0041602
vt 0.2067000 0.2679495
vt 0.4427515 0.5570300
vt 0.3225787 0.3730624
vt 0.4330937 0.7402002
vt 0.6766549 0.4438280
vt 0.3231142 0.3730624
vt 0.3338438 0.1630016
vt 0.4931774 0.2679031
vt 0.0618469 0.4971770
vt 0.0816967 0.3750392
vt 0.5784768 0.6961203
vt 0.2088416 0.2346438
vt 0.6605584 0.4529474
vt 0.3247205 0.3612080
vt 0.1310498 0.4346896
vt 0.6680670 0.3465054
vt 0.4953192 0.2343151
vt 0.2104480 0.2346438
vt 0.0838385 0.3586688
vt 0.4363063 0.7210071
vt 0.8858760 0.2292864
vt 0.8740734 0.4537100
vt 0.6111979 0.7067308
vt 0.6964983 0.4377037
vt 0.6691378 0.3143284
vt 0.7640949 0.1065402
vt 0.0843739 0.3586688
vt 0.4470348 0.5231595
vt 0.5312613 0.1656294
vt 0.5811540 0.7006365
vt 0.6117334 0.6728606
vt 0.4373772 0.7210071
vt 0.9196723 0.5748660
vt 0.9196723 0.6042203
vt 0.9196723 0.6330098
vt 0.5317968 0.1656294
vt 0.5816895 0.6972494
vt 0.8649513 0.5897345
vt 0.8649513 0.6185244
vt 0.1331916 0.4002549
vt 0.6122689 0.6401192
vt 0.6122689 0.6734250
vt 0.6122689 0.7067308
vt 0.8756798 0.4734678
vt 0.5323321 0.1910321
vt 0.1337270 0.4002549
vt 0.6814738 0.4232236
vt 0.6128042 0.6734250
vt 0.6128042 0.7067308
vt 0.8762152 0.4740322
vt 0.5827603 0.6673307
vt 0.5328676 0.1910321
vt 0.4668805 0.1336917
vt 0.2045414 0.0041602
vt 0.6133397 0.7061662
vt 0.3284685 0.3612080
vt 0.8767506 0.4932255
vt 0.5334030 0.1639358
vt 0.5334030 0.1645002
vt 0.4577592 0.2506006
vt 0.5339384 0.1910321
vt 0.6144105 0.6734250
vt 0.8778216 0.4932255
vt 0.6149460 0.6406838
vt 0.5350093 0.1910321
vt 0.8788924 0.4937899
vt 0.3311456 0.3849169
vt 0.7265319 0.4602009
vt 0.8992775 0.1346160
vt 0.5360801 0.1910321
vt 0.3316810 0.3849169
vt 0.0897282 0.3942325
vt 0.5017443 0.2679031
vt 0.6857572 0.4029015
vt 0.0902637 0.3942325
vt 0.8807664 0.4943544
vt 0.5840926 0.2679473
vt 0.0712170 0.4644357
vt 0.5336634 0.2515866
vt 0.6693930 0.4856888
vt 0.5379542 0.1910321
vt 0.1393491 0.4369477
vt 0.5846281 0.2343593
vt 0.4333405 0.2676043
vt 0.6699285 0.4969788
vt 0.4977170 0.3564106
vt 0.2187471 0.2346438
vt 0.3340904 0.3736269
vt 0.5041538 0.2343151
vt 0.4553341 0.5412237
vt 0.0733587 0.4988706
vt 0.4413844 0.0992646
vt 0.6715347 0.4969788
vt 0.1414907 0.4375121
vt 0.2117697 0.0047247
vt 0.4993234 0.3942325
vt 0.7058684 0.4055268
vt 0.4462118 0.7904410
vt 0.7310830 0.4782649
vt 0.8957816 0.2151740
vt 0.5057601 0.2343151
vt 0.5057601 0.2679031
vt 0.7064039 0.4055268
vt 0.4467473 0.7904410
vt 0.9043642 0.1571961
vt 0.7069393 0.4055268
vt 0.4365530 0.2342985
vt 0.4365530 0.2676043
vt 0.2514662 0.4376960
vt 0.4660584 0.2342299
vt 0.5422376 0.1690164
vt 0.5889114 0.2343593
vt 0.8609071 0.4051208
vt 0.8609071 0.4118946
vt 0.8609071 0.4181044
vt 0.8609071 0.4299588
vt 0.8609071 0.4435069
vt 0.1441679 0.4380767
vt 0.2230306 0.2346438
vt 0.2230306 0.2679495
vt 0.5084373 0.2343151
vt 0.6817205 0.3306991
vt 0.3389094 0.3854816
vt 0.0969566 0.3614912
vt 0.5395532 0.2515866
vt 0.4596175 0.5073535
vt 0.5905177 0.2343593
vt 0.4601529 0.5073535
vt 0.6248515 0.6734250
vt 0.6162666 0.1341521
vt 0.2546787 0.4060837
vt 0.5041422 0.3897163
vt 0.3405156 0.3623368
vt 0.4612237 0.5073535
vt 0.5921240 0.2679473
vt 0.8705565 0.0058226
vt 0.8893333 0.4988706
vt 0.4521016 0.7577000
vt 0.8708605 0.0058226
vt 0.5116498 0.2679031
vt 0.6784953 0.4529474
vt 0.6784953 0.4698825
vt 0.5062840 0.3897163
vt 0.4531724 0.7577000
vt 0.8909395 0.4627421
vt 0.0953386 0.2738790
vt 0.0953386 0.3071848
vt 0.4639009 0.5592879
vt 0.8914750 0.4633068
vt 0.1495222 0.4047709
vt 0.1495222 0.4431572
vt 0.8818173 0.5750574
vt 0.8818173 0.6038472
vt 0.8818173 0.6332012
vt 0.1500577 0.4047709
vt 0.5953367 0.2343593
vt 0.5449075 0.2346515
vt 0.7959793 0.7751995
vt 0.5143269 0.2377021
vt 0.2594976 0.4066481
vt 0.4837465 0.1574009
vt 0.4515577 0.0823295
vt 0.5459783 0.2679573
vt 0.0974804 0.2738790
vt 0.1516640 0.4437217
vt 0.7412563 0.4579427
vt 0.7165770 0.4235910
vt 0.4569204 0.7249586
vt 0.4751607 0.2675357
vt 0.2611039 0.4388248
vt 0.5164687 0.2377021
vt 0.5164687 0.2679031
vt 0.7171125 0.4235910
vt 0.1049881 0.3801198
vt 0.7256962 0.7601672
vt 0.4676490 0.5259822
vt 0.7262316 0.7189584
vt 0.4681843 0.5259822
vt 0.8957585 0.4655648
vt 0.4864237 0.1336917
vt 0.2627102 0.4072126
vt 0.6334184 0.6406838
vt 0.6334184 0.6734250
vt 0.6334184 0.7067308
vt 0.7273025 0.7522642
vt 0.7273025 0.7697637
vt 0.4590622 0.7255233
vt 0.1006931 0.2738790
vt 0.5829881 0.0060651
vt 0.1736533 0.4658458
vt 0.4595975 0.7260877
vt 0.1012284 0.3071848
vt 0.4697907 0.5259822
vt 0.7444688 0.4579427
vt 0.7283734 0.7754088
vt 0.7450043 0.4952000
vt 0.8013336 0.7243942
vt 0.1559473 0.4262221
vt 0.6012263 0.2343593
vt 0.7289087 0.7754088
vt 0.4606684 0.7571356
vt 0.4708615 0.5146921
vt 0.6865267 0.4529474
vt 0.6865267 0.4862532
vt 0.8018691 0.7385069
vt 0.8018691 0.7577000
vt 0.6017618 0.2343593
vt 0.1752596 0.4827809
vt 0.5143154 0.3564106
vt 0.5143154 0.3897163
vt 0.6935000 0.3476342
vt 0.4612038 0.7904410
vt 0.6870622 0.4529474
vt 0.6870622 0.4862532
vt 0.8989711 0.4672583
vt 0.8024046 0.7385069
vt 0.8024046 0.7520550
vt 0.8024046 0.7577000
vt 0.8024046 0.7870543
vt 0.5148509 0.3564106
vt 0.1033702 0.3071848
vt 0.7466106 0.4940711
vt 0.8029399 0.7520550
vt 0.1763305 0.4494753
vt 0.1763305 0.4991516
vt 0.7471459 0.4754425
vt 0.7471459 0.4952000
vt 0.8034754 0.7870543
vt 0.1768660 0.4658458
vt 0.9123798 0.1999325
vt 0.9123798 0.2292864
vt 0.1586245 0.4143675
vt 0.2675291 0.4077773
vt 0.2675291 0.4393895
vt 0.8045462 0.7881831
vt 0.2294389 0.0058537
vt 0.6044389 0.2343593
vt 0.6044389 0.2679473
vt 0.4638810 0.7571356
vt 0.9091590 0.1346612
vt 0.2680645 0.4077773
vt 0.8050817 0.7407649
vt 0.8769701 0.4299588
vt 0.7326568 0.7189584
vt 0.4826568 0.2506006
vt 0.6902748 0.4992368
vt 0.5588359 0.1673229
vt 0.5550806 0.2515866
vt 0.1607663 0.4081580
vt 0.1409165 0.9159692
vt 0.4654873 0.7260877
vt 0.4837277 0.2506006
vt 0.4756804 0.5434817
vt 0.6162373 0.2345774
vt 0.6162373 0.2678832
vt 0.1414518 0.9114819
vt 0.4660227 0.7571356
vt 0.0250355 0.1629519
vt 0.0250355 0.1855320
vt 0.9037899 0.4695163
vt 0.1419873 0.8781761
vt 0.4767513 0.5271113
vt 0.4767513 0.5434817
vt 0.4772868 0.5434817
vt 0.8082942 0.7402002
vt 0.8082942 0.7904410
vt 0.7272856 0.4422197
vt 0.6999251 0.3154576
vt 0.5577577 0.2346515
vt 0.1092599 0.2738790
vt 0.0266419 0.1855320
vt 0.4778221 0.5271113
vt 0.6334005 0.1561679
vt 0.8088297 0.7402002
vt 0.6183791 0.2345774
vt 0.1435936 0.9114819
vt 0.5212761 0.3586688
vt 0.7278211 0.4422197
vt 0.7278211 0.4427841
vt 0.5582932 0.2346515
vt 0.5582932 0.2679573
vt 0.1097954 0.2908141
vt 0.1103307 0.2908141
vt 0.0277127 0.1629519
vt 0.4788929 0.5271113
vt 0.4788929 0.5434817
vt 0.1832911 0.4991516
vt 0.4692353 0.7260877
vt 0.4794284 0.5378366
vt 0.6199854 0.2678832
vt 0.1452000 0.9159692
vt 0.6103287 0.2679473
vt 0.6591485 0.2342964
vt 0.6591485 0.2676019
vt 0.1114017 0.2908141
vt 0.0287837 0.1855320
vt 0.5641902 0.1684517
vt 0.7385465 0.7189584
vt 0.7385465 0.7522642
vt 0.6961645 0.4529474
vt 0.6961645 0.4698825
vt 0.5647257 0.1774838
vt 0.6113996 0.2343593
vt 0.4708416 0.7204427
vt 0.4708416 0.7571356
vt 0.4708416 0.7740707
vt 0.5652611 0.1774838
vt 0.7310336 0.4427841
vt 0.5657966 0.1774838
vt 0.5657966 0.1836936
vt 0.5657966 0.1910321
vt 0.1473416 0.9772178
vt 0.8758814 0.0058226
vt 0.6376840 0.1341521
vt 0.1478771 0.9679035
vt 0.2766313 0.4241479
vt 0.5668674 0.1842580
vt 0.5668674 0.1904674
vt 0.1484125 0.9159692
vt 0.6623610 0.2342964
vt 0.4686914 0.0823295
vt 0.7412236 0.7601672
vt 0.6237334 0.2345774
vt 0.1489479 0.9114819
vt 0.6628964 0.2676019
vt 0.4692269 0.0817651
vt 0.4735188 0.7390713
vt 0.8774041 0.0058226
vt 0.8147195 0.7227007
vt 0.8147195 0.7729415
vt 0.1494834 0.9492748
vt 0.5271658 0.3885875
vt 0.4697624 0.0817651
vt 0.4740542 0.7571356
vt 0.4740542 0.7904410
vt 0.4842474 0.5615459
vt 0.5647184 0.2346515
vt 0.5647184 0.2679573
vt 0.4745896 0.7215715
vt 0.1891809 0.4658458
vt 0.6645028 0.2342964
vt 0.5282367 0.3885875
vt 0.1167560 0.2789596
vt 0.0341380 0.1742420
vt 0.7009835 0.4975432
vt 0.1510896 0.9543554
vt 0.1897162 0.4991516
vt 0.5287720 0.3609268
vt 0.5287720 0.3942325
vt 0.4756604 0.7571356
vt 0.0346733 0.1855320
vt 0.7084921 0.3481989
vt 0.1178268 0.2738790
vt 0.2294148 0.0750331
vt 0.7610672 0.4731845
vt 0.2186841 0.4499280
vt 0.1526959 0.8781761
vt 0.1526959 0.9329043
vt 0.1526959 0.9492748
vt 0.7369234 0.4100430
vt 0.4874599 0.5434817
vt 0.1532314 0.8781761
vt 0.5679310 0.2346515
vt 0.4778022 0.7215715
vt 0.7036606 0.4789146
vt 0.6017281 0.0060651
vt 0.7379942 0.4100430
vt 0.4885307 0.5434817
vt 0.6290877 0.2345774
vt 0.1543022 0.9114819
vt 0.0378859 0.1906126
vt 0.4890662 0.5107406
vt 0.7047314 0.4529474
vt 0.8919622 0.4034272
vt 0.7476489 0.7691993
vt 0.7476489 0.7906503
vt 0.8924987 0.9179825
vt 0.8924987 0.9405626
vt 0.8924987 0.9642719
vt 0.8924987 0.9975777
vt 0.8206091 0.7554420
vt 0.6693216 0.2342964
vt 0.7396005 0.4100430
vt 0.7396005 0.4439132
vt 0.4756521 0.0992646
vt 0.8924975 0.4175397
vt 0.8924975 0.4418136
vt 0.4799439 0.7571356
vt 0.0389568 0.1906126
vt 0.8930340 0.9642719
vt 0.6306940 0.2678832
vt 0.8930330 0.4435069
vt 0.2228088 0.4513913
vt 0.2846628 0.4410830
vt 0.0400276 0.1623872
vt 0.7658860 0.4991515
vt 0.8849837 0.0058226
vt 0.2851983 0.4094708
vt 0.7497906 0.7189584
vt 0.8946403 0.9975777
vt 0.2857338 0.4094708
vt 0.6714634 0.2676019
vt 0.9273635 0.1572416
vt 0.2862691 0.4094708
vt 0.6719987 0.2342964
vt 0.7508614 0.7353291
vt 0.4826210 0.7215715
vt 0.4826210 0.7571356
vt 0.4826210 0.7904410
vt 0.8957112 0.9405626
vt 0.2868046 0.4416475
vt 0.6333711 0.2345774
vt 0.1585857 0.9114819
vt 0.4831565 0.7215715
vt 0.8243571 0.7548773
vt 0.5368035 0.3772974
vt 0.7438840 0.4106074
vt 0.4842274 0.7571356
vt 0.0432402 0.1742420
vt 0.9295053 0.1572416
vt 0.1601920 0.9159692
vt 0.1601920 0.9492748
vt 0.5748916 0.2346515
vt 0.2379817 0.0586624
vt 0.1607274 0.9453233
vt 0.1612629 0.8781761
vt 0.1612629 0.9142757
vt 0.4858337 0.7215715
vt 0.4858337 0.7571356
vt 0.4858337 0.7904410
vt 0.9311115 0.1346612
vt 0.8270343 0.7881831
vt 0.4863690 0.7238298
vt 0.4863690 0.7571356
vt 0.4863690 0.7904410
vt 0.1279999 0.2727502
vt 0.1279999 0.3060559
vt 0.1279999 0.3071848
vt 0.2905526 0.4015675
vt 0.8291792 0.0403506
vt 0.8291792 0.0533339
vt 0.2910881 0.4015675
vt 0.2014958 0.4494753
vt 0.2014958 0.4827809
vt 0.1060022 0.5678484
vt 0.1060022 0.6000251
vt 0.1060022 0.6322017
vt 0.7197361 0.3323927
vt 0.4874400 0.7571356
vt 0.0464529 0.1742420
vt 0.4879753 0.7238298
vt 0.4879753 0.7571356
vt 0.4879753 0.7904410
vt 0.0469882 0.1742420
vt 0.9010655 0.9179825
vt 0.7728466 0.4528624
vt 0.8291761 0.7543129
vt 0.7567512 0.7545222
vt 0.5786396 0.2679573
vt 0.4885108 0.7238298
vt 0.4885108 0.7571356
vt 0.4885108 0.7904410
vt 0.6392608 0.2345774
vt 0.1644754 0.9114819
vt 0.5791749 0.2346515
vt 0.4890462 0.7571356
vt 0.4890462 0.7904410
vt 0.9021363 0.9845941
vt 0.6548177 0.1567323
vt 0.9021353 0.4102014
vt 0.9021353 0.4271365
vt 0.2079293 0.6333309
vt 0.4895817 0.7571356
vt 0.4895817 0.7904410
vt 0.2937652 0.4258412
vt 0.1655463 0.9639520
vt 0.6135077 0.0055006
vt 0.7583575 0.7646831
vt 0.4901172 0.7249586
vt 0.9032073 0.9399982
vt 0.2943006 0.4258412
vt 0.9042781 0.9558042
vt 0.1671525 0.9772178
vt 0.5448349 0.3609268
vt 0.7240195 0.3493277
vt 0.9048135 0.9795134
vt 0.1676880 0.9142757
vt 0.2964424 0.4224544
vt 0.5866784 0.1678873
vt 0.5866784 0.1769194
vt 0.9058844 0.9558042
vt 0.8339949 0.7876187
vt 0.6435442 0.2678832
vt 0.1118919 0.6000251
vt 0.4933296 0.7571356
vt 0.0523425 0.1623872
vt 0.2465485 0.0586624
vt 0.7782009 0.4884261
vt 0.2358179 0.4692278
vt 0.2358179 0.4702501
vt 0.6591012 0.1341521
vt 0.6440797 0.2345774
vt 0.1692943 0.9114819
vt 0.2122128 0.6000251
vt 0.6730497 0.6395547
vt 0.6730497 0.6728605
vt 0.6730497 0.7050374
vt 0.2363533 0.4747660
vt 0.6446151 0.2678832
vt 0.1698297 0.8781761
vt 0.1698297 0.9458879
vt 0.7266966 0.3493277
vt 0.7626408 0.7189584
vt 0.6735850 0.6395547
vt 0.2365555 0.4702501
vt 0.1703652 0.8781761
vt 0.1703652 0.9142757
vt 0.1365669 0.2727502
vt 0.2374242 0.4747660
vt 0.1709006 0.9114819
vt 0.1709006 0.9142757
vt 0.7283029 0.3493277
vt 0.7642471 0.7522642
vt 0.8372075 0.7204427
vt 0.1719715 0.9975399
vt 0.5496539 0.3609268
vt 0.6472924 0.2345774
vt 0.2154254 0.6000251
vt 0.2154254 0.6163958
vt 0.8382784 0.7204427
vt 0.6210037 0.0055006
vt 0.6767977 0.2342862
vt 0.4976131 0.7249586
vt 0.4976131 0.7571356
vt 0.4976131 0.7904410
vt 0.6767977 0.6728605
vt 0.6955735 0.2343195
vt 0.3017967 0.4427766
vt 0.1735778 0.9453233
vt 0.7304447 0.3165867
vt 0.2164962 0.5689773
vt 0.4981486 0.7441520
vt 0.3023320 0.4427766
vt 0.1741131 0.9453233
vt 0.6778685 0.2675920
vt 0.9112376 0.4102014
vt 0.9112376 0.4435069
vt 0.7669243 0.7641187
vt 0.1746486 0.9114819
vt 0.5523310 0.3772974
vt 0.1177817 0.5678484
vt 0.1177817 0.6000251
vt 0.1177817 0.6333309
vt 0.6971798 0.2676252
vt 0.8404202 0.7531838
vt 0.6499695 0.2345774
vt 0.6499695 0.2678832
vt 0.2138107 0.4658458
vt 0.2138107 0.4991516
vt 0.8409555 0.7531838
vt 0.6505049 0.2345774
vt 0.6505049 0.2678832
vt 0.7540456 0.0823296
vt 0.0593031 0.1629519
vt 0.0593031 0.1855320
vt 0.9139159 0.9179825
vt 0.9139159 0.9399982
vt 0.8420263 0.7227007
vt 0.8420263 0.7266522
vt 0.1767903 0.9142757
vt 0.7336572 0.3165867
vt 0.5957807 0.1769194
vt 0.5957807 0.1904674
vt 0.8425618 0.7227007
vt 0.8425618 0.7362487
vt 0.8425618 0.7560064
vt 0.8425618 0.7610871
vt 0.8425618 0.7627806
vt 0.6810811 0.2675920
vt 0.7341927 0.3165867
vt 0.6810811 0.6395547
vt 0.6810811 0.6728605
vt 0.6810811 0.7067306
vt 0.3060801 0.4433410
vt 0.8430973 0.7362487
vt 0.1778613 0.8781761
vt 0.1778613 0.9114819
vt 0.6816166 0.6728605
vt 0.6816166 0.7061662
vt 0.8436327 0.7266522
vt 0.8436327 0.7362487
vt 0.8436327 0.7560064
vt 0.8436327 0.7610871
vt 0.8436327 0.7627806
vt 0.8436327 0.7859251
vt 0.6531820 0.2345774
vt 0.6531820 0.2678832
vt 0.1783966 0.8781761
vt 0.1783966 0.9766534
vt 0.8452421 0.0420438
vt 0.5029674 0.7678609
vt 0.9160575 0.9405626
vt 0.9160575 0.9558042
vt 0.9160575 0.9704813
vt 0.6821520 0.6406838
vt 0.8441681 0.7204427
vt 0.8441681 0.7554420
vt 0.8441681 0.7904410
vt 0.1789321 0.8781761
vt 0.1789321 0.9114819
vt 0.0625158 0.1629519
vt 0.9165930 0.9879811
vt 0.3076863 0.4038258
vt 0.6542528 0.2345774
vt 0.6832228 0.2675920
vt 0.7363344 0.3498922
vt 0.2223859 0.5689773
vt 0.2223859 0.6333309
vt 0.1456692 0.3060559
vt 0.8452390 0.7554420
vt 0.6837583 0.2342862
vt 0.2229214 0.6000251
vt 0.0635866 0.1906126
vt 0.6842938 0.2342862
vt 0.8463098 0.7904410
vt 0.1810738 0.9142757
vt 0.3098281 0.4439054
vt 0.8468453 0.7548773
vt 0.8468453 0.7904410
vt 0.1816092 0.9639520
vt 0.6853646 0.6728605
vt 0.7041403 0.2343195
vt 0.8473806 0.7215715
vt 0.7604708 0.0823296
vt 0.7137969 0.2345111
vt 0.7137969 0.2678166
vt 0.9519934 0.1459515
vt 0.8479161 0.7215715
vt 0.1826801 0.8781761
vt 0.1826801 0.9142757
vt 0.1826801 0.9600005
vt 0.5603625 0.3942325
vt 0.8495256 0.0533339
vt 0.3114344 0.4269703
vt 0.8484516 0.7548773
vt 0.1832156 0.9453233
vt 0.7615417 0.0992647
vt 0.8500610 0.0420438
vt 0.5077864 0.7441520
vt 0.5077864 0.7678609
vt 0.5077864 0.7904410
vt 0.9530642 0.1346612
vt 0.9530642 0.1448224
vt 0.7406179 0.3498922
vt 0.7062821 0.2676252
vt 0.1842864 0.9532265
vt 0.6880418 0.2675920
vt 0.9541350 0.1448224
vt 0.8500578 0.7661674
vt 0.8500578 0.7904410
vt 0.3135761 0.4043902
vt 0.1853572 0.9498394
vt 0.7422242 0.3171511
vt 0.7170096 0.2345111
vt 0.8511288 0.7458455
vt 0.6896481 0.2342862
vt 0.6896481 0.6406838
vt 0.6896481 0.6728605
vt 0.6896481 0.7067306
vt 0.8516641 0.7458455
vt 0.8516641 0.7661674
vt 0.1864281 0.8781761
vt 0.1864281 0.9114819
vt 0.1864281 0.9142757
vt 0.1864281 0.9453233
vt 0.0700117 0.1798870
vt 0.0700117 0.1855320
vt 0.2534871 0.4990397
vt 0.7089592 0.2343195
vt 0.6767704 0.1572967
vt 0.8521996 0.7458455
vt 0.1869635 0.9777823
vt 0.6907189 0.2675920
vt 0.1531653 0.2891205
vt 0.4380365 0.4842686
vt 0.4380365 0.4865265
vt 0.4380365 0.4989457
vt 0.7218347 0.2675357
vt 0.7717275 0.2347246
vt 0.0024141 0.0841757
vt 0.5126073 0.7334263
vt 0.5126073 0.7740707
vt 0.2862124 0.0811651
vt 0.8377146 0.2344456
vt 0.8377146 0.2678169
vt 0.0024141 0.5664594
vt 0.0024141 0.5817308
vt 0.0024141 0.8523773
vt 0.0024141 0.8868119
vt 0.0024141 0.9206821
vt 0.0024141 0.9641491
vt 0.0024141 0.9968902
vt 0.0024141 0.9974546
vt 0.7722629 0.2347246
vt 0.7722629 0.2680304
vt 0.5131428 0.7904410
vt 0.0029496 0.9968902
vt 0.0029496 0.9974546
vt 0.7229056 0.2675357
vt 0.5136781 0.7170556
vt 0.0034850 0.9212468
vt 0.0034850 0.9968902
vt 0.7234411 0.2675357
vt 0.4401783 0.4515275
vt 0.0045559 0.8879411
vt 0.0045559 0.9206821
vt 0.4407136 0.4515275
vt 0.0050913 0.0994176
vt 0.0050913 0.8354422
vt 0.0050913 0.9206821
vt 0.5163553 0.7565709
vt 0.0061621 0.8540709
vt 0.0066976 0.9974546
vt 0.0072331 0.8873764
vt 0.7271890 0.2342299
vt 0.5179616 0.7345551
vt 0.7277245 0.2342299
vt 0.0083039 0.8540709
vt 0.0083039 0.9212468
vt 0.7282599 0.2342299
vt 0.0088393 0.8540709
vt 0.7792236 0.2516597
vt 0.7792236 0.2680304
vt 0.5201034 0.7565709
vt 0.5206387 0.7565709
vt 0.0104456 0.9212468
vt 0.5211742 0.7351199
vt 0.8468347 0.2344456
vt 0.0120519 0.9551170
vt 0.7996046 0.3231847
vt 0.5227805 0.7526194
vt 0.0125874 0.9551170
vt 0.0126073 0.6151017
vt 0.8001399 0.3468937
vt 0.4487451 0.4520919
vt 0.5233159 0.7526194
vt 0.0131227 0.9043115
vt 0.8006754 0.3468937
vt 0.4492805 0.4853977
vt 0.0136582 0.9043115
vt 0.4498159 0.4853977
vt 0.0141936 0.8190716
vt 0.0141936 0.9551170
vt 0.0147291 0.8190716
vt 0.0147291 0.8264101
vt 0.0147291 0.8292325
vt 0.0147291 0.9624556
vt 0.4508869 0.4520919
vt 0.2996244 0.0992647
vt 0.7856487 0.2347246
vt 0.0163354 0.8715704
vt 0.8038879 0.3231847
vt 0.0168707 0.9974546
vt 0.8044234 0.3231847
vt 0.0174062 0.8072168
vt 0.0174356 0.6332012
vt 0.5281348 0.7706836
vt 0.4540994 0.4853977
vt 0.5286702 0.7537485
vt 0.5286702 0.7706836
vt 0.5292057 0.7706836
vt 0.3028434 0.0811651
vt 0.0200834 0.9381819
vt 0.0206188 0.9381819
vt 0.8559550 0.2678169
vt 0.0206546 0.5664594
vt 0.4573120 0.4684626
vt 0.5324183 0.7706836
vt 0.0222252 0.9381819
vt 0.8097777 0.3231847
vt 0.4583828 0.4853977
vt 0.4583828 0.4989457
vt 0.5329536 0.7210071
vt 0.5329536 0.7706836
vt 0.0227605 0.7953623
vt 0.0227605 0.9381819
vt 0.4589183 0.4927363
vt 0.5334891 0.7706836
vt 0.5334891 0.7893122
vt 0.0232960 0.8100395
vt 0.0233369 0.5664594
vt 0.4594537 0.4853977
vt 0.7432519 0.2607616
vt 0.8597102 0.2344456
vt 0.0244098 0.5698528
vt 0.0249023 0.0802242
vt 0.0259732 0.0875628
vt 0.5361663 0.7712480
vt 0.0259732 0.8563288
vt 0.0957145 0.0536306
vt 0.5367016 0.7904410
vt 0.0265085 0.8563288
vt 0.0265085 0.9974546
vt 0.4626663 0.4853977
vt 0.0270440 0.8060880
vt 0.0270440 0.8292325
vt 0.0270440 0.8523773
vt 0.7968928 0.2680304
vt 0.0275795 0.9381819
vt 0.8151320 0.3491519
vt 0.4637371 0.4853977
vt 0.5383079 0.7554420
vt 0.0281148 0.9218113
vt 0.8634656 0.2344456
vt 0.8634656 0.2678169
vt 0.0302566 0.9043115
vt 0.8001053 0.2516597
vt 0.0307920 0.9940678
vt 0.0308476 0.5851245
vt 0.0308476 0.5998303
vt 0.7507481 0.2381814
vt 0.0313275 0.9218113
vt 0.8188800 0.3147170
vt 0.5420559 0.7904410
vt 0.0318628 0.9218113
vt 0.0319206 0.5998303
vt 0.8199509 0.3147170
vt 0.5431269 0.7904410
vt 0.3167918 0.0953054
vt 0.0334691 0.8738283
vt 0.0334691 0.9551170
vt 0.4696269 0.4865265
vt 0.4696269 0.4899136
vt 0.4696269 0.4927363
vt 0.8033179 0.2347246
vt 0.0340046 0.8738283
vt 0.8220926 0.3164106
vt 0.7544960 0.2630195
vt 0.0350754 0.0875628
vt 0.0350754 0.9596329
vt 0.0801388 0.5372025
vt 0.4717686 0.4690270
vt 0.0361463 0.0937725
vt 0.0366818 0.9935031
vt 0.8242344 0.3497163
vt 0.0372172 0.9974546
vt 0.0377526 0.8885055
vt 0.0377526 0.9765680
vt 0.0378219 0.5998303
vt 0.8253052 0.3164106
vt 0.8253052 0.3497163
vt 0.0382881 0.9765680
vt 0.7587795 0.2635839
vt 0.8682939 0.2344457
vt 0.7593150 0.2398750
vt 0.0398944 0.9765680
vt 0.8688305 0.2678166
vt 0.0410408 0.6332012
vt 0.0860285 0.5208318
vt 0.0415006 0.9218113
vt 0.5527647 0.7249586
vt 0.0425715 0.9760036
vt 0.8715129 0.2344457
vt 0.4787292 0.4859621
vt 0.7625275 0.2641486
vt 0.0431069 0.9760036
vt 0.4792647 0.4532207
vt 0.4798000 0.4989457
vt 0.2635983 0.6046949
vt 0.1133837 0.0389535
vt 0.5543708 0.7904410
vt 0.0441777 0.9551170
vt 0.2641338 0.6267106
vt 0.1139192 0.0389535
vt 0.0447132 0.9585041
vt 0.0447962 0.5851245
vt 0.2646693 0.6295332
vt 0.0452487 0.9585041
vt 0.2652046 0.6329203
vt 0.8150973 0.2680304
vt 0.8747317 0.2678166
vt 0.0458690 0.6167987
vt 0.2662755 0.5713894
vt 0.5570480 0.7639094
vt 0.5570480 0.7893122
vt 0.0468549 0.9048762
vt 0.7668110 0.2415685
vt 0.0919182 0.5558311
vt 0.5575835 0.7639094
vt 0.2513412 0.0585408
vt 0.0924537 0.5055902
vt 0.5581190 0.7593935
vt 0.5581190 0.7650386
vt 0.8183100 0.2516597
vt 0.5591898 0.7548773
vt 0.0489967 0.9579394
vt 0.8365492 0.3327812
vt 0.8365492 0.3491519
vt 0.2534871 0.0585408
vt 0.0512339 0.5698528
vt 0.0512339 0.5998303
vt 0.0516738 0.8845540
vt 0.8215225 0.2347246
vt 0.0972725 0.5400251
vt 0.8817061 0.2344457
vt 0.8402973 0.3491519
vt 0.0978080 0.5400251
vt 0.8408327 0.3491519
vt 0.0538155 0.9551170
vt 0.0543510 0.9918096
vt 0.0544527 0.6315045
vt 0.2743069 0.6176785
vt 0.8838520 0.2344457
vt 0.8838520 0.2508485
vt 0.5656149 0.7650386
vt 0.5656149 0.7887478
vt 0.2753779 0.6233235
vt 0.0564926 0.9968902
vt 0.8263414 0.2347246
vt 0.2775196 0.5725182
vt 0.2780550 0.5725182
vt 0.5591709 0.1068900
vt 0.6444692 0.5154448
vt 0.8295541 0.2516597
vt 0.8477933 0.3152814
vt 0.0607761 0.8687477
vt 0.0607761 0.9743101
vt 0.8483288 0.3152814
vt 0.6460755 0.5154448
vt 0.2652898 0.0749433
vt 0.5720401 0.7723771
vt 0.0618469 0.9218113
vt 0.5725756 0.7385069
vt 0.2823385 0.5730826
vt 0.8327666 0.2680304
vt 0.0634533 0.9054406
vt 0.5741819 0.7893122
vt 0.2839447 0.6272753
vt 0.1090520 0.5592182
vt 0.8935086 0.2344457
vt 0.5655961 0.1176156
vt 0.8940450 0.2678166
vt 0.1101230 0.5089773
vt 0.8988734 0.2344458
vt 0.8988734 0.2678167
vt 0.2860865 0.6272753
vt 0.5672024 0.1114059
vt 0.2866218 0.5736473
vt 0.0672012 0.9562459
vt 0.2871573 0.6069531
vt 0.2876928 0.5736473
vt 0.0688076 0.8873764
vt 0.0693430 0.9562459
vt 0.1149418 0.5434119
vt 0.6944742 0.6394232
vt 0.6944742 0.6727941
vt 0.2911731 0.5742118
vt 0.0717525 0.8890699
vt 0.0722879 0.9901163
vt 0.6960837 0.6891970
vt 0.0728233 0.9003600
vt 0.6581226 0.5092351
vt 0.6581226 0.5160092
vt 0.6581226 0.5261702
vt 0.0744297 0.9218113
vt 0.0744297 0.9551170
vt 0.0744297 0.9556814
vt 0.9079936 0.2678167
vt 0.3453513 0.3884534
vt 0.5856936 0.7893122
vt 0.6993025 0.6891970
vt 0.6607998 0.5318152
vt 0.5862290 0.7554420
vt 0.6613353 0.5092351
vt 0.6613353 0.5318152
vt 0.2959919 0.6075175
vt 0.5867645 0.7215715
vt 0.6618708 0.5312508
vt 0.1216347 0.5276059
vt 0.5872999 0.7215715
vt 0.0771068 0.9895516
vt 0.9106759 0.2344458
vt 0.5878353 0.7548773
vt 0.0776422 0.9319722
vt 0.0776422 0.9641491
vt 0.0776422 0.9974546
vt 0.2975982 0.5911469
vt 0.5883708 0.7548773
vt 0.0781776 0.8710060
vt 0.5792495 0.1114059
vt 0.5889061 0.7881831
vt 0.0787130 0.8710060
vt 0.0787130 0.9974546
vt 0.5894416 0.7548773
vt 0.5894416 0.7904410
vt 0.0813901 0.9641491
vt 0.3523119 0.3715183
vt 0.0819256 0.9641491
vt 0.5829976 0.1063255
vt 0.5926542 0.7548773
vt 0.5926542 0.7904410
vt 0.9160408 0.2514139
vt 0.7062769 0.6891970
vt 0.1275244 0.5123644
vt 0.5931896 0.7215715
vt 0.7068133 0.6891970
vt 0.5937251 0.7238298
vt 0.5937251 0.7571356
vt 0.5937251 0.7904410
vt 0.7073498 0.6891970
vt 0.7073498 0.7067306
vt 0.3034880 0.6086467
vt 0.5942606 0.7238298
vt 0.5942606 0.7435873
vt 0.5942606 0.7672965
vt 0.6055255 0.1270460
vt 0.9295599 0.2678166
vt 0.3549890 0.3720827
vt 0.0846028 0.9404399
vt 0.3045589 0.6103399
vt 0.9300953 0.2345111
vt 0.7089592 0.6558257
vt 0.7089592 0.6891970
vt 0.1302015 0.5614761
vt 0.0856736 0.8890699
vt 0.0856736 0.9319722
vt 0.9311662 0.2345111
vt 0.0862091 0.8890699
vt 0.0862091 0.9393108
vt 0.0862091 0.9805195
vt 0.3061652 0.5753409
vt 0.6082027 0.1061594
vt 0.9208691 0.2678167
vt 0.3072360 0.6216303
vt 0.1838443 0.4434407
vt 0.1328787 0.5462346
vt 0.1843798 0.4005384
vt 0.1843798 0.4219894
vt 0.6114153 0.1061594
vt 0.6114153 0.1270460
vt 0.0904926 0.9641491
vt 0.9240879 0.2344458
vt 0.9246245 0.2678167
vt 0.9370560 0.2678166
vt 0.3624852 0.3907113
vt 0.0920989 0.9393108
vt 0.3630205 0.3562767
vt 0.9381268 0.2514462
vt 0.0931697 0.9223757
vt 0.0937051 0.9641491
vt 0.3646268 0.3562767
vt 0.1393039 0.5473634
vt 0.7605486 0.6395547
vt 0.0947760 0.9223757
vt 0.0953114 0.8732639
vt 0.5963833 0.1272121
vt 0.0963822 0.9404399
vt 0.7202253 0.7061651
vt 0.7632257 0.6564898
vt 0.9424103 0.2345111
vt 0.7632257 0.6903603
vt 0.6827525 0.5555245
vt 0.6838233 0.5543956
vt 0.5995958 0.1153574
vt 0.7229077 0.6394232
vt 0.7229077 0.6727941
vt 0.7229077 0.7061651
vt 0.6843588 0.5611695
vt 0.7234443 0.6416855
vt 0.7234443 0.6705315
vt 0.7234443 0.6886311
vt 0.7234443 0.7055995
vt 0.6848943 0.5278637
vt 0.6006668 0.1119706
vt 0.1446582 0.5151868
vt 0.1543138 0.5689809
vt 0.1543138 0.6000284
vt 0.1543138 0.6333342
vt 0.7664382 0.6728605
vt 0.6859651 0.5278637
vt 0.1579935 0.2740385
vt 0.1579935 0.3074094
vt 0.6865006 0.5278637
vt 0.1022720 0.9195533
vt 0.1022720 0.9641491
vt 0.1590665 0.2740385
vt 0.6875714 0.5611695
vt 0.1028075 0.9968902
vt 0.1033428 0.9974546
vt 0.3184012 0.4013009
vt 0.1575264 0.6000284
vt 0.1038783 0.9641491
vt 0.6897131 0.5193963
vt 0.6897131 0.5244769
vt 0.7707217 0.6728605
vt 0.3055919 0.1483777
vt 0.1054846 0.9285851
vt 0.9471566 0.2344457
vt 0.9471566 0.2678166
vt 0.3205472 0.4227942
vt 0.6913194 0.5092351
vt 0.6913194 0.5137513
vt 0.6913194 0.5160092
vt 0.1602035 0.5689809
vt 0.1065555 0.9641491
vt 0.1633584 0.2791290
vt 0.7733988 0.6728605
vt 0.1644313 0.2791290
vt 0.2047262 0.4044899
vt 0.2047262 0.4265056
vt 0.3796189 0.3929696
vt 0.2052617 0.4265056
vt 0.3253756 0.4437216
vt 0.1108389 0.9285851
vt 0.9525215 0.2678166
vt 0.3114816 0.1331362
vt 0.3817605 0.3585347
vt 0.7357832 0.6886311
vt 0.7782178 0.7067306
vt 0.1692597 0.2791290
vt 0.7787531 0.6897955
vt 0.1671642 0.6000284
vt 0.1140514 0.9641491
vt 0.1156578 0.9641491
vt 0.9573498 0.2344457
vt 0.1724785 0.2910069
vt 0.3307403 0.4041290
vt 0.7395386 0.6886311
vt 0.1730150 0.2910069
vt 0.1735516 0.2910069
vt 0.1172641 0.9974546
vt 0.1740880 0.2729074
vt 0.7411481 0.6416855
vt 0.7411481 0.6563913
vt 0.1177996 0.9308434
vt 0.1177996 0.9641491
vt 0.9594957 0.2344457
vt 0.1746244 0.2910069
vt 0.1719830 0.5684161
vt 0.1183349 0.9308434
vt 0.1183349 0.9641491
vt 0.1183349 0.9974546
vt 0.3892567 0.3765989
vt 0.1226258 0.6332012
vt 0.1730538 0.6000284
vt 0.1730538 0.6322050
vt 0.3897920 0.3765989
vt 0.9611052 0.2514141
vt 0.7047052 0.5177028
vt 0.9777738 0.2347123
vt 0.9777738 0.2680181
vt 0.0024519 0.2069100
vt 0.0024519 0.2294901
vt 0.1767704 0.2910069
vt 0.7862492 0.6395547
vt 0.7862492 0.6728605
vt 0.7862492 0.7056018
vt 0.1242321 0.5998957
vt 0.7057760 0.5510085
vt 0.7057760 0.5611695
vt 0.7867846 0.6395547
vt 0.0190797 0.2277304
vt 0.1950454 0.2741039
vt 0.1783798 0.2870476
vt 0.0196151 0.1961182
vt 0.1258382 0.5677188
vt 0.3227257 0.1517648
vt 0.1961162 0.2741039
vt 0.1794527 0.2729074
vt 0.3232612 0.1517648
vt 0.1971871 0.3074094
vt 0.3393240 0.4058258
vt 0.7481223 0.7067306
vt 0.9836636 0.2347123
vt 0.9836636 0.2471315
vt 0.9836636 0.2680181
vt 0.0083417 0.1961846
vt 0.0083417 0.2294901
vt 0.0233632 0.2277304
vt 0.1295864 0.5998957
vt 0.3967526 0.3946631
vt 0.1832081 0.3011878
vt 0.2003997 0.3074094
vt 0.3972881 0.3946631
vt 0.7508047 0.6886311
vt 0.0255049 0.2277304
vt 0.9696889 0.2344457
vt 0.9863408 0.2471315
vt 0.0110189 0.1961846
vt 0.3296863 0.1574098
vt 0.2250725 0.4090058
vt 0.1333344 0.5677188
vt 0.1333344 0.5998957
vt 0.1333344 0.6332012
vt 0.1864271 0.3074094
vt 0.3446889 0.4278846
vt 0.0276467 0.1961182
vt 0.2036123 0.2735392
vt 0.1338698 0.5682835
vt 0.1338698 0.6015890
vt 0.1338698 0.6332012
vt 0.1869635 0.2734729
vt 0.3452253 0.4278846
vt 0.2261434 0.4090058
vt 0.2041477 0.2735392
vt 0.9723712 0.2678166
vt 0.7159493 0.5177028
vt 0.0287175 0.2294239
vt 0.9729077 0.2344457
vt 0.0142314 0.1961846
vt 0.0142314 0.2294901
vt 0.7556331 0.7061651
vt 0.1891095 0.3011878
vt 0.1896459 0.2853506
vt 0.1370823 0.5682835
vt 0.1901824 0.2734729
vt 0.3339698 0.1399100
vt 0.0324655 0.1961182
vt 0.1386887 0.6015890
vt 0.7202327 0.5177028
vt 0.0330010 0.1961182
vt 0.0335363 0.2294239
vt 0.2100375 0.2729748
vt 0.4069259 0.3788569
vt 0.2121791 0.3062805
vt 0.7239807 0.5177028
vt 0.7239807 0.5414120
vt 0.7239807 0.5611695
vt 0.1429721 0.6332012
vt 0.5651824 0.3645949
vt 0.1687232 0.7514904
vt 0.1687232 0.7712480
vt 0.1687232 0.7904412
vt 0.3634656 0.0336539
vt 0.6005901 0.1841063
vt 0.5179721 0.1976809
vt 0.5179721 0.2293551
vt 0.9069206 0.3594456
vt 0.6644313 0.5862558
vt 0.6644313 0.5941741
vt 0.6644313 0.6049209
vt 0.6644313 0.6077488
vt 0.6644313 0.6315047
vt 0.5072425 0.4261879
vt 0.5072425 0.4329751
vt 0.5072425 0.4408937
vt 0.2969420 0.9001697
vt 0.2969420 0.9052602
vt 0.2969420 0.9171381
vt 0.2969420 0.9618214
vt 0.2969420 0.9816177
vt 0.2969420 0.9901019
vt 0.2465129 0.1049209
vt 0.2465129 0.1269199
vt 0.5930794 0.4040670
vt 0.5930794 0.4255181
vt 0.5930794 0.4435822
vt 0.8344957 0.0269993
vt 0.8344957 0.0337733
vt 0.3988734 0.5733640
vt 0.2701180 0.0634454
vt 0.2701180 0.0730419
vt 0.2701180 0.0747355
vt 0.9589592 0.1346824
vt 0.9589592 0.1572626
vt 0.0024141 0.1238759
vt 0.3983369 0.4519138
vt 0.3983369 0.4660262
vt 0.3983369 0.4829613
vt 0.6241953 0.9116500
vt 0.6241953 0.9585041
vt 0.6241953 0.9686650
vt 0.6241953 0.9782616
vt 0.6241953 0.9788260
vt 0.6241953 0.9856001
vt 0.6241953 0.9957614
vt 0.6241953 0.9968902
vt 0.2942596 0.5069396
vt 0.2942596 0.5320600
vt 0.2942596 0.5343180
vt 0.2942596 0.5433501
vt 0.2942596 0.5614142
vt 0.2164699 0.2259681
vt 0.2164699 0.2287907
vt 0.1692586 0.7322973
vt 0.1692586 0.7514904
vt 0.1692586 0.7712480
vt 0.2470483 0.1105492
vt 0.3994089 0.6032827
vt 0.3994089 0.6332014
vt 0.2706535 0.0747355
vt 0.6247307 0.9116500
vt 0.6247307 0.9438270
vt 0.6247307 0.9839066
vt 0.3640021 0.0229074
vt 0.9074570 0.3945136
vt 0.6649678 0.5941741
vt 0.6649678 0.6332014
vt 0.5662532 0.3781429
vt 0.1697940 0.7322973
vt 0.2711888 0.0747355
vt 0.5083155 0.4086539
vt 0.2980151 0.9052602
vt 0.2980151 0.9131788
vt 0.2980151 0.9380655
vt 0.2475859 0.1049209
vt 0.1703295 0.7122574
vt 0.1703295 0.7322973
vt 0.1703295 0.7514904
vt 0.1703295 0.7712480
vt 0.1703295 0.7904412
vt 0.6258016 0.9856001
vt 0.6258016 0.9963258
vt 0.2958660 0.5069396
vt 0.2958660 0.5320600
vt 0.2180763 0.2101620
vt 0.2985515 0.9380655
vt 0.2985515 0.9618214
vt 0.0523027 0.5049183
vt 0.0523027 0.5303211
vt 0.1708650 0.7616515
vt 0.2964014 0.5120201
vt 0.2964014 0.5314955
vt 0.2990880 0.9403281
vt 0.2990880 0.9499435
vt 0.5678595 0.3945136
vt 0.1714003 0.7616515
vt 0.1714003 0.7904412
vt 0.2996244 0.9131788
vt 0.2996244 0.9901019
vt 0.0533736 0.5427402
vt 0.0533736 0.5608042
vt 0.6676503 0.5919118
vt 0.6279432 0.9968902
vt 0.3006974 0.9510746
vt 0.6687232 0.6218890
vt 0.5115343 0.4086539
vt 0.3012339 0.9403281
vt 0.3012339 0.9505090
vt 0.3012339 0.9510746
vt 0.8393146 0.0269993
vt 0.8393146 0.0337733
vt 0.0072331 0.1238759
vt 0.5120708 0.4329751
vt 0.5120708 0.4408937
vt 0.6059550 0.1660068
vt 0.5126073 0.4341062
vt 0.9390979 0.3621652
vt 0.9390979 0.3946242
vt 0.2524026 0.1105492
vt 0.5131438 0.4058258
vt 0.5131438 0.4114818
vt 0.5131438 0.4165723
vt 0.6708691 0.5941741
vt 0.5136802 0.4301469
vt 0.9401688 0.3570847
vt 0.3039163 0.9488123
vt 0.3039163 0.9505090
vt 0.6316914 0.9443914
vt 0.2239660 0.2186296
vt 0.3044528 0.9505090
vt 0.0581924 0.5427402
vt 0.0581924 0.5613688
vt 0.3022911 0.5433501
vt 0.3715129 0.0229074
vt 0.3715129 0.0336539
vt 0.6724786 0.6037895
vt 0.9417751 0.3621652
vt 0.0587279 0.5444337
vt 0.4069038 0.4993320
vt 0.3055257 0.9505090
vt 0.3055257 0.9572965
vt 0.3033619 0.5120201
vt 0.5163626 0.4160067
vt 0.3060622 0.9584277
vt 0.0597987 0.5444337
vt 0.9685970 0.1346824
vt 0.9685970 0.1572626
vt 0.6740880 0.5998304
vt 0.5168992 0.4058258
vt 0.5168992 0.4114818
vt 0.5168992 0.4171381
vt 0.6354415 0.0518763
vt 0.4090466 0.6032827
vt 0.6161282 0.1058572
vt 0.6161282 0.1267438
vt 0.2266432 0.2146781
vt 0.2266432 0.2186296
vt 0.6107833 0.1790159
vt 0.6359768 0.0462313
vt 0.6349039 0.9280207
vt 0.6113197 0.1643100
vt 0.6043235 0.4289052
vt 0.2282494 0.2101620
vt 0.9187232 0.3594456
vt 0.3087447 0.9312783
vt 0.9192597 0.3916854
vt 0.3092811 0.9312783
vt 0.3092811 0.9499435
vt 0.0630113 0.5461272
vt 0.5201180 0.4018665
vt 0.5201180 0.4199660
vt 0.0635467 0.5461272
vt 0.5313841 0.1976809
vt 0.5313841 0.2293551
vt 0.9203326 0.3905542
vt 0.0640822 0.5207245
vt 0.0640822 0.5461272
vt 0.8548820 0.0404410
vt 0.8548820 0.0455318
vt 0.3763413 0.0325225
vt 0.3768777 0.0291290
vt 0.3114271 0.9318439
vt 0.9219420 0.3571833
vt 0.5222639 0.4063913
vt 0.6086069 0.4040670
vt 0.3097872 0.5207698
vt 0.3097872 0.5247214
vt 0.3097872 0.5433501
vt 0.3097872 0.5614142
vt 0.3124999 0.9499435
vt 0.2609663 0.1972383
vt 0.5233370 0.4437216
vt 0.3130365 0.9227941
vt 0.3130365 0.9318439
vt 0.5817808 0.3781429
vt 0.9498065 0.3785359
vt 0.6096778 0.4345502
vt 0.6418666 0.0397395
vt 0.2867164 0.0583648
vt 0.2867164 0.0611871
vt 0.6407936 0.9539879
vt 0.6407936 0.9731810
vt 0.6407936 0.9760036
vt 0.2615018 0.1972383
vt 0.2615018 0.2294150
vt 0.3135730 0.9035634
vt 0.6424021 0.0397395
vt 0.2872519 0.0611871
vt 0.6413291 0.9760036
vt 0.9240880 0.3916854
vt 0.9240880 0.3945136
vt 0.3141094 0.9256223
vt 0.3141094 0.9273190
vt 0.3141094 0.9295813
vt 0.9508774 0.3728909
vt 0.4160061 0.4835260
vt 0.6418645 0.9974546
vt 0.2341392 0.2287907
vt 0.6182939 0.1790159
vt 0.6182939 0.1841063
vt 0.6821351 0.5919118
vt 0.5249463 0.4063913
vt 0.9514128 0.3728909
vt 0.0683656 0.5613688
vt 0.2652529 0.1252264
vt 0.6429353 0.9782616
vt 0.6832082 0.6094458
vt 0.3157189 0.9821832
vt 0.2652897 0.1077487
vt 0.1719043 0.0217417
vt 0.1719043 0.0330318
vt 0.9262339 0.3571833
vt 0.2658262 0.1077487
vt 0.6128904 0.4345502
vt 0.4186844 0.6332014
vt 0.0222252 0.1041182
vt 0.3167918 0.9261879
vt 0.4192197 0.5880410
vt 0.6445416 0.9906808
vt 0.6445416 0.9974546
vt 0.6848176 0.5743778
vt 0.6450771 0.9280207
vt 0.6450771 0.9438270
vt 0.6450771 0.9782616
vt 0.3178648 0.9035634
vt 0.3184013 0.9261879
vt 0.3184013 0.9708712
vt 0.6155676 0.4260827
vt 0.6289784 0.1058572
vt 0.6289784 0.1267438
vt 0.2394935 0.1971784
vt 0.1761877 0.0217417
vt 0.1761877 0.0330318
vt 0.6488272 0.0467957
vt 0.6488272 0.0535697
vt 0.7486126 0.4116767
vt 0.3859978 0.0229071
vt 0.9573025 0.3946242
vt 0.0742553 0.5613688
vt 0.6482896 0.9754392
vt 0.1386320 0.2193092
vt 0.3216202 0.9318439
vt 0.5662061 0.9364883
vt 0.0753262 0.5105634
vt 0.0753262 0.5359662
vt 0.0753262 0.5613688
vt 0.4240387 0.6032827
vt 0.5324571 0.4278846
vt 0.3221567 0.8967760
vt 0.5667414 0.9709230
vt 0.5667414 0.9720521
vt 0.5667414 0.9951967
vt 0.5667414 0.9963258
vt 0.0024141 0.3498303
vt 0.6901824 0.6224549
vt 0.3226931 0.9261879
vt 0.3226931 0.9335406
vt 0.5672769 0.9692296
vt 0.4245730 0.4671553
vt 0.6504314 0.9116500
vt 0.3886802 0.0336539
vt 0.6907188 0.5862558
vt 0.8677576 0.0404410
vt 0.5340666 0.4137444
vt 0.5683477 0.9709230
vt 0.5683477 0.9771326
vt 0.3897532 0.0229071
vt 0.9342811 0.3571833
vt 0.9342811 0.3905542
vt 0.5346030 0.4199660
vt 0.3243026 0.8967760
vt 0.3243026 0.9391970
vt 0.1177575 0.0805994
vt 0.1177575 0.0902151
vt 0.1177575 0.0992648
vt 0.3248390 0.9171381
vt 0.3248390 0.9335406
vt 0.9615860 0.3884148
vt 0.3253755 0.8945137
vt 0.5699541 0.9664071
vt 0.6531086 0.9443914
vt 0.6531086 0.9788260
vt 0.3259121 0.9222286
vt 0.9626568 0.3884148
vt 0.6354036 0.1058572
vt 0.4277855 0.4513491
vt 0.2743521 0.2130444
vt 0.6300966 0.1643100
vt 0.6300966 0.1903279
vt 0.6939378 0.6224549
vt 0.5951665 0.3617724
vt 0.5710249 0.9319723
vt 0.5710249 0.9472139
vt 0.5710249 0.9573750
vt 0.7287502 0.5091533
vt 0.4283210 0.4513491
vt 0.4283210 0.4665909
vt 0.6541794 0.9810842
vt 0.6944742 0.6230205
vt 0.6944742 0.6292421
vt 0.5372854 0.4052602
vt 0.3269850 0.9171381
vt 0.3269850 0.9974546
vt 0.6235990 0.4023734
vt 0.6235990 0.4255181
vt 0.6235990 0.4362438
vt 0.7292857 0.5283464
vt 0.0329338 0.1266986
vt 0.6311695 0.1908938
vt 0.5378218 0.4148755
vt 0.5378218 0.4329751
vt 0.3275214 0.9403281
vt 0.6241344 0.4051959
vt 0.6241344 0.4317277
vt 0.4299283 0.5727994
vt 0.4299283 0.6032827
vt 0.4299283 0.6332014
vt 0.6317061 0.1637445
vt 0.9385110 0.2051480
vt 0.9385110 0.2147445
vt 0.9385110 0.2153090
vt 0.9385110 0.2294217
vt 0.0382964 0.1960494
vt 0.0382964 0.2101620
vt 0.0382964 0.2208877
vt 0.0382964 0.2254037
vt 0.0382964 0.2287907
vt 0.5973082 0.3595143
vt 0.5973082 0.3741914
vt 0.5731666 0.9573750
vt 0.5731666 0.9957612
vt 0.6252052 0.4385017
vt 0.0388318 0.2197587
vt 0.0388318 0.2208877
vt 0.0088519 0.3187217
vt 0.0088519 0.3356901
vt 0.5394313 0.4018665
vt 0.3291309 0.9160067
vt 0.3291309 0.9934956
vt 0.5978437 0.3911265
vt 0.1852900 0.0217417
vt 0.1852900 0.0335963
vt 0.0350754 0.1058117
vt 0.6568565 0.9720521
vt 0.6971566 0.5975679
vt 0.3296673 0.9403281
vt 0.5983792 0.3860460
vt 0.7319628 0.5289108
vt 0.7319628 0.5610877
vt 0.6573920 0.9489073
vt 0.6573920 0.9590685
vt 0.6573920 0.9618909
vt 0.6573920 0.9630200
vt 0.3302039 0.9884049
vt 0.5989145 0.3945136
vt 0.5747729 0.9771326
vt 0.1477342 0.2294703
vt 0.6579274 0.9630200
vt 0.6579274 0.9652780
vt 0.3307404 0.9867081
vt 0.5753084 0.9805197
vt 0.6584629 0.9652780
vt 0.8752682 0.0534501
vt 0.3312768 0.9374999
vt 0.3312768 0.9844458
vt 0.3312768 0.9884049
vt 0.0415091 0.1960494
vt 0.0415091 0.2050816
vt 0.4331400 0.4835260
vt 0.2512730 0.2293552
vt 0.8758047 0.0421381
vt 0.6993025 0.5970023
vt 0.6993025 0.6230205
vt 0.6993025 0.6292421
vt 0.6005208 0.3595143
vt 0.5763792 0.9805197
vt 0.7469801 0.3500428
vt 0.0120709 0.3125001
vt 0.3323498 0.9160067
vt 0.3323498 0.9748302
vt 0.5769147 0.9147549
vt 0.9427945 0.2051480
vt 0.9427945 0.2147445
vt 0.7475155 0.3139146
vt 0.2807773 0.2062703
vt 0.2807773 0.2260280
vt 0.3328863 0.9782239
vt 0.9433299 0.2153090
vt 0.9433299 0.2294217
vt 0.0131438 0.3147624
vt 0.7009120 0.6094458
vt 0.3580284 0.1258507
vt 0.6950107 0.3566176
vt 0.6950107 0.3758483
vt 0.6950107 0.3945134
vt 0.3339592 0.9160067
vt 0.6026626 0.3815300
vt 0.5785210 0.9776972
vt 0.9444008 0.2006320
vt 0.9444008 0.2294217
vt 0.6616755 0.9782616
vt 0.3344958 0.9431560
vt 0.8790236 0.0421381
vt 0.0147532 0.3147624
vt 0.3350322 0.8945137
vt 0.3350322 0.9160067
vt 0.3350322 0.9459841
vt 0.3350322 0.9923642
vt 0.9454717 0.2006320
vt 0.0452571 0.2254037
vt 0.7636047 0.4224023
vt 0.2834545 0.2062703
vt 0.2834545 0.2271570
vt 0.2550210 0.2237102
vt 0.9460070 0.2006320
vt 0.9460070 0.2294217
vt 0.0457924 0.1988720
vt 0.7937231 0.4380655
vt 0.3361051 0.9646493
vt 0.3361051 0.9753961
vt 0.6327013 0.4051959
vt 0.6327013 0.4317277
vt 0.9465425 0.2051480
vt 0.9465425 0.2147445
vt 0.9465425 0.2153090
vt 0.9465425 0.2294217
vt 0.6638172 0.9630200
vt 0.2560918 0.1971784
vt 0.2560918 0.2158071
vt 0.2560918 0.2220167
vt 0.2560918 0.2231456
vt 0.3366417 0.9035634
vt 0.3366417 0.9431560
vt 0.5811981 0.9556814
vt 0.5811981 0.9618910
vt 0.2920351 0.1976311
vt 0.2920351 0.2241629
vt 0.6643527 0.9116500
vt 0.6643527 0.9974546
vt 0.1455758 0.3137453
vt 0.3612411 0.1173831
vt 0.3371781 0.9612555
vt 0.6648880 0.9438270
vt 0.1461112 0.3498734
vt 0.3617764 0.1094800
vt 0.3377146 0.9934956
vt 0.1552304 0.2077370
vt 0.1552304 0.2204382
vt 0.1552304 0.2294703
vt 0.6654235 0.9223757
vt 0.6654235 0.9438270
vt 0.1466467 0.3318094
vt 0.3382510 0.9414593
vt 0.3382510 0.9516402
vt 0.3382510 0.9561651
vt 0.3382510 0.9646493
vt 0.3382510 0.9753961
vt 0.6659588 0.9223757
vt 0.6659588 0.9630200
vt 0.3387876 0.9657804
vt 0.3387876 0.9742646
vt 0.5833398 0.9556814
vt 0.6664943 0.9223757
vt 0.2872025 0.1972383
vt 0.7969421 0.4386313
vt 0.3393241 0.9578621
vt 0.5838753 0.9963258
vt 0.7416006 0.5091533
vt 0.7544762 0.3319788
vt 0.6670298 0.9223757
vt 0.6670298 0.9438270
vt 0.3398605 0.9454186
vt 0.3398605 0.9522058
vt 0.6675652 0.9223757
vt 0.6675652 0.9438270
vt 0.8843884 0.0472285
vt 0.9508260 0.2051480
vt 0.9508260 0.2147445
vt 0.9508260 0.2153090
vt 0.9508260 0.2294217
vt 0.7426715 0.5283464
vt 0.6681006 0.9223757
vt 0.6681006 0.9438270
vt 0.7985516 0.4041290
vt 0.3409335 0.9657804
vt 0.3409335 0.9742646
vt 0.5854815 0.9562460
vt 0.5854815 0.9641490
vt 0.7432068 0.5091533
vt 0.7432068 0.5283464
vt 0.6686360 0.9223757
vt 0.6686360 0.9624556
vt 0.3655244 0.1179475
vt 0.6451180 0.1637445
vt 0.5517704 0.4222286
vt 0.3414700 0.9855770
vt 0.5860170 0.9314078
vt 0.5860170 0.9562460
vt 0.5860170 0.9568104
vt 0.6691715 0.9223757
vt 0.6691715 0.9438270
vt 0.6691715 0.9709230
vt 0.3660599 0.1094800
vt 0.6456545 0.1908938
vt 0.3420064 0.8984730
vt 0.3420064 0.9199660
vt 0.5865524 0.9957612
vt 0.1595138 0.2128174
vt 0.6697070 0.9229401
vt 0.6697070 0.9596329
vt 0.6697070 0.9788260
vt 0.3665954 0.1089154
vt 0.3665954 0.1168186
vt 0.0222639 0.3339931
vt 0.1600492 0.2204382
vt 0.1600492 0.2294703
vt 0.7041310 0.3758483
vt 0.7041310 0.3945134
vt 0.3430795 0.9697397
vt 0.5876233 0.9957612
vt 0.4937392 0.5148625
vt 0.4937392 0.5382894
vt 0.4937392 0.5614341
vt 0.6707778 0.9624556
vt 0.6707778 0.9681006
vt 0.6707778 0.9709230
vt 0.0748391 0.1637443
vt 0.5539163 0.4018665
vt 0.5881586 0.9940677
vt 0.1611200 0.2066079
vt 0.6713131 0.9229401
vt 0.6713131 0.9438270
vt 0.5544528 0.4086539
vt 0.3441523 0.9652148
vt 0.1616555 0.1964468
vt 0.3446888 0.9539028
vt 0.3446888 0.9742646
vt 0.3446888 0.9799209
vt 0.5892296 0.9833422
vt 0.3000665 0.1976311
vt 0.3000665 0.2241629
vt 0.7469549 0.5289108
vt 0.7469549 0.5610877
vt 0.0764485 0.1908936
vt 0.0249464 0.3322964
vt 0.5555258 0.4182693
vt 0.8028434 0.4284501
vt 0.3452254 0.9510746
vt 0.3006019 0.1976311
vt 0.3006019 0.2241629
vt 0.1627263 0.2066079
vt 0.7474903 0.5289108
vt 0.7474903 0.5610877
vt 0.0769850 0.1637443
vt 0.0254828 0.3125001
vt 0.0254828 0.3249433
vt 0.0254828 0.3300341
vt 0.0254828 0.3322964
vt 0.8033798 0.4261878
vt 0.3457618 0.8984730
vt 0.3457618 0.9210974
vt 0.3457618 0.9437218
vt 0.5903004 0.9720521
vt 0.5903004 0.9833422
vt 0.0559657 0.2276617
vt 0.7609013 0.3139146
vt 0.6734549 0.9522944
vt 0.8039163 0.4182692
vt 0.3462983 0.9001697
vt 0.3462983 0.9312783
vt 0.3462983 0.9408937
vt 0.7614366 0.3500428
vt 0.6739903 0.9331013
vt 0.6739903 0.9443914
vt 0.6739903 0.9500364
vt 0.6739903 0.9681006
vt 0.6739903 0.9878581
vt 0.3468347 0.9318439
vt 0.3468347 0.9974546
vt 0.6745258 0.9522944
vt 0.7084228 0.3758483
vt 0.6165837 0.3804010
vt 0.6755966 0.9596329
vt 0.6755966 0.9675359
vt 0.3724850 0.1089154
vt 0.3484442 0.8956448
vt 0.3484442 0.9901019
vt 0.0586428 0.2214521
vt 0.6761321 0.9562459
vt 0.8065987 0.4182692
vt 0.6176546 0.3832235
vt 0.7775258 0.4032093
vt 0.1670098 0.2139464
vt 0.0597136 0.2135491
vt 0.0597136 0.2186296
vt 0.3500537 0.9787895
vt 0.5945839 0.9147549
vt 0.5945839 0.9472139
vt 0.2878219 0.0223415
vt 0.3505901 0.9691742
vt 0.3505901 0.9867081
vt 0.3505901 0.9906674
vt 0.5951192 0.9147549
vt 0.7791321 0.4342568
vt 0.6782738 0.9782616
vt 0.0308476 0.3300341
vt 0.5956547 0.9079809
vt 0.5956547 0.9404399
vt 0.7127146 0.3566176
vt 0.7127146 0.3758483
vt 0.7127146 0.3945134
vt 0.1691515 0.2026564
vt 0.0618553 0.1977430
vt 0.0618553 0.2208877
vt 0.6793446 0.9331013
vt 0.7132511 0.3566176
vt 0.7132511 0.3758483
vt 0.7132511 0.3945134
vt 0.6208672 0.3753204
vt 0.6208672 0.3826590
vt 0.5967256 0.9618910
vt 0.0623908 0.2135491
vt 0.3569187 0.5893318
vt 0.3569187 0.6158634
vt 0.8103541 0.4278846
vt 0.3527360 0.9318439
vt 0.3527360 0.9691742
vt 0.7812739 0.4438533
vt 0.1616387 0.3227773
vt 0.1616387 0.3318094
vt 0.1616387 0.3498734
vt 0.8108905 0.4233597
vt 0.3532725 0.8979071
vt 0.3532725 0.9799209
vt 0.3086333 0.1976311
vt 0.3086333 0.2241629
vt 0.0634616 0.1988720
vt 0.3778393 0.1264151
vt 0.3538091 0.9001697
vt 0.3538091 0.9312783
vt 0.3091688 0.1970667
vt 0.3091688 0.2134372
vt 0.1712933 0.1964468
vt 0.0639971 0.1977430
vt 0.3585250 0.5882026
vt 0.3543455 0.8962104
vt 0.3543455 0.9035634
vt 0.3543455 0.9256223
vt 0.6230090 0.3916911
vt 0.7828802 0.4190152
vt 0.4348176 0.5845587
vt 0.4348176 0.5862557
vt 0.1478004 0.0805994
vt 0.1478004 0.0992648
vt 0.8125000 0.4358032
vt 0.3548820 0.9476809
vt 0.7571280 0.5091533
vt 0.7571280 0.5283464
vt 0.1483369 0.0805994
vt 0.3107751 0.2292434
vt 0.7576635 0.5283464
vt 0.6830927 0.9782616
vt 0.4358906 0.5845587
vt 0.6004735 0.9940677
vt 0.5065894 0.5298218
vt 0.0362125 0.3396494
vt 0.0362125 0.3498303
vt 0.8141095 0.4358032
vt 0.3564914 0.9290157
vt 0.3564914 0.9341062
vt 0.6010090 0.9889872
vt 0.6010090 0.9974548
vt 0.5071249 0.5176850
vt 0.7587344 0.5091533
vt 0.7587344 0.5289108
vt 0.7587344 0.5610877
vt 0.7850219 0.4342568
vt 0.6841635 0.9788260
vt 0.0367489 0.3492648
vt 0.7180794 0.3758483
vt 0.3570279 0.9290157
vt 0.3570279 0.9901019
vt 0.6015445 0.9079809
vt 0.6015445 0.9889872
vt 0.1745059 0.2099949
vt 0.7592698 0.5289108
vt 0.0372854 0.3351245
vt 0.3575643 0.9035634
vt 0.3575643 0.9256223
vt 0.3575643 0.9295813
vt 0.3575643 0.9301472
vt 0.6262215 0.3753204
vt 0.6262215 0.3826590
vt 0.6020799 0.9810841
vt 0.6020799 0.9833422
vt 0.6020799 0.9889872
vt 0.5081957 0.5298218
vt 0.7598052 0.5294755
vt 0.7598052 0.5610877
vt 0.3821228 0.1055285
vt 0.3581009 0.9143099
vt 0.3581009 0.9227941
vt 0.3581009 0.9799209
vt 0.5087312 0.5176850
vt 0.4385730 0.5868213
vt 0.4385730 0.6190611
vt 0.2958691 0.0223415
vt 0.2958691 0.0336539
vt 0.4391094 0.6190611
vt 0.8167918 0.4041290
vt 0.8167918 0.4295816
vt 0.3591738 0.9080883
vt 0.3591738 0.9691742
vt 0.0394313 0.3238122
vt 0.6042217 0.9410043
vt 0.6042217 0.9421333
vt 0.0698869 0.2214521
vt 0.3644148 0.5723967
vt 0.3644148 0.5904606
vt 0.6873762 0.9788260
vt 0.3602468 0.8939481
vt 0.6288986 0.3832235
vt 0.5108729 0.5382894
vt 0.7887699 0.4190152
vt 0.7887699 0.4387730
vt 0.1691347 0.3318094
vt 0.9047747 0.0523190
vt 0.3607833 0.9403281
vt 0.6294341 0.3916911
vt 0.9053111 0.0506223
vt 0.7223712 0.3566176
vt 0.7223712 0.3758483
vt 0.3613197 0.9516402
vt 0.6299695 0.3566918
vt 0.6299695 0.3623368
vt 0.5119437 0.5303864
vt 0.3618562 0.9403281
vt 0.6305050 0.3623368
vt 0.6305050 0.3945136
vt 0.5124792 0.5205075
vt 0.5124792 0.5382894
vt 0.3623928 0.9516402
vt 0.5130147 0.5298218
vt 0.5130147 0.5365960
vt 0.3670919 0.5983636
vt 0.3006974 0.0336539
vt 0.3629292 0.9233597
vt 0.5135500 0.5298218
vt 0.0730994 0.2045170
vt 0.3874771 0.1100446
vt 0.0946888 0.1626131
vt 0.0431867 0.3136312
vt 0.0431867 0.3215499
vt 0.0431867 0.3300341
vt 0.3634656 0.9233597
vt 0.3634656 0.9968890
vt 0.6321113 0.3566918
vt 0.6079696 0.9079809
vt 0.0736349 0.2265327
vt 0.6911242 0.9494720
vt 0.4439377 0.6015271
vt 0.6085050 0.9404399
vt 0.5146209 0.5205075
vt 0.3885479 0.1139961
vt 0.4444743 0.6015271
vt 0.3645387 0.9143099
vt 0.7667658 0.5283464
vt 0.3650751 0.9256223
vt 0.3650751 0.9765272
vt 0.6929981 0.9675359
vt 0.3661480 0.9697397
vt 0.7681044 0.5091533
vt 0.3705723 0.5983636
vt 0.6935336 0.9601974
vt 0.6940690 0.9951967
vt 0.0469421 0.3362557
vt 0.3716431 0.5983636
vt 0.6946045 0.9562459
vt 0.3914929 0.1179475
vt 0.3055257 0.0336539
vt 0.3677575 0.9787895
vt 0.7697106 0.5114113
vt 0.7697106 0.5227014
vt 0.3721784 0.5972348
vt 0.3920282 0.1179475
vt 0.4482296 0.5726810
vt 0.5186367 0.5080885
vt 0.6956753 0.9206821
vt 0.6956753 0.9601974
vt 0.6956753 0.9951967
vt 0.1768985 0.3131807
vt 0.1768985 0.3318094
vt 0.1768985 0.3498734
vt 0.3688305 0.9097850
vt 0.3688305 0.9324095
vt 0.3688305 0.9516402
vt 0.3688305 0.9833144
vt 0.5191722 0.5473215
vt 0.1763610 0.7128219
vt 0.1763610 0.7334263
vt 0.1763610 0.7362488
vt 0.4493026 0.6332013
vt 0.3693670 0.9833144
vt 0.1768963 0.7317328
vt 0.1768963 0.7526194
vt 0.3936345 0.1100446
vt 0.7309549 0.3566176
vt 0.7309549 0.3758483
vt 0.7309549 0.3945134
vt 0.3699034 0.9160067
vt 0.3699034 0.9165725
vt 0.3699034 0.9878393
vt 0.5202430 0.5416765
vt 0.3941700 0.1185121
vt 0.4503755 0.5964366
vt 0.0501609 0.3362557
vt 0.0501609 0.3498303
vt 0.0410407 0.0981334
vt 0.3704399 0.9097850
vt 0.3704399 0.9906674
vt 0.5771088 0.1981071
vt 0.5771088 0.2226631
vt 0.6146625 0.9630200
vt 0.6146625 0.9635846
vt 0.5207783 0.5303864
vt 0.5207783 0.5467569
vt 0.3748556 0.6158634
vt 0.1779672 0.7768930
vt 0.1779672 0.7836672
vt 0.0415773 0.0800339
vt 0.3709764 0.9199660
vt 0.1785027 0.7577000
vt 0.4514485 0.5924773
vt 0.3715129 0.9109162
vt 0.0813987 0.2169362
vt 0.7734587 0.5294755
vt 0.7734587 0.5610877
vt 0.3720493 0.9341062
vt 0.3720493 0.9516402
vt 0.5223847 0.5518375
vt 0.7739941 0.5334270
vt 0.7739941 0.5610877
vt 0.3389083 0.1634223
vt 0.0824695 0.2011301
vt 0.1801090 0.7526194
vt 0.3108906 0.0319569
vt 0.3108906 0.0336539
vt 0.1815988 0.3136312
vt 0.3731224 0.9205315
vt 0.7750649 0.5306043
vt 0.3399791 0.1634223
vt 0.7004941 0.9184242
vt 0.7004941 0.9974546
vt 0.0442597 0.0800339
vt 0.0442597 0.0851243
vt 0.8312768 0.4431562
vt 0.3979180 0.1269797
vt 0.1826717 0.3317308
vt 0.3741953 0.9680430
vt 0.3741953 0.9697397
vt 0.0840758 0.2045170
vt 0.7015651 0.9867293
vt 0.4546673 0.6105769
vt 0.4546673 0.6134050
vt 0.8323497 0.4329750
vt 0.3747317 0.9131788
vt 0.6430876 0.3781429
vt 0.6189459 0.9974548
vt 0.3297828 0.1970667
vt 0.0846112 0.1988720
vt 0.1837447 0.3498303
vt 0.8328863 0.4352376
vt 0.8328863 0.4431562
vt 0.3752683 0.9878393
vt 0.3752683 0.9974546
vt 0.6194814 0.9652780
vt 0.7772067 0.5114113
vt 0.7026359 0.9206821
vt 0.7026359 0.9432623
vt 0.7026359 0.9652780
vt 0.1827861 0.7373778
vt 0.4848236 0.4517332
vt 0.4848236 0.4760069
vt 0.4848236 0.4991516
vt 0.7031713 0.9263272
vt 0.7031713 0.9472138
vt 0.7031713 0.9545523
vt 0.7031713 0.9590685
vt 0.7031713 0.9607621
vt 0.4562768 0.5873869
vt 0.3763412 0.9267534
vt 0.4853591 0.4760069
vt 0.4568133 0.6162329
vt 0.0867530 0.2011301
vt 0.0867530 0.2169362
vt 0.7042422 0.9788260
vt 0.7042422 0.9805195
vt 0.7042422 0.9872937
vt 0.3151825 0.0223416
vt 0.8350322 0.4352376
vt 0.8350322 0.4431562
vt 0.4864299 0.4517332
vt 0.4864299 0.4760069
vt 0.4864299 0.4991516
vt 0.5277390 0.5080885
vt 0.5277390 0.5614341
vt 0.0872883 0.2062105
vt 0.0872883 0.2158071
vt 0.7047776 0.9263272
vt 0.1849278 0.7373778
vt 0.3157189 0.0336539
vt 0.0576717 0.3187217
vt 0.0576717 0.3356901
vt 0.8355687 0.4041290
vt 0.8355687 0.4295816
vt 0.4869654 0.4675394
vt 0.4869654 0.4793940
vt 0.3329955 0.1970667
vt 0.3329955 0.2292434
vt 0.5475877 0.6252982
vt 0.7053131 0.9370528
vt 0.7053131 0.9805195
vt 0.7053131 0.9872937
vt 0.5481232 0.6032827
vt 0.3828872 0.6333629
vt 0.7058485 0.9545523
vt 0.4589592 0.6190611
vt 0.3790236 0.9131788
vt 0.3790236 0.9267534
vt 0.8371782 0.4029978
vt 0.8371782 0.4233597
vt 0.4885717 0.4991516
vt 0.5491941 0.5812670
vt 0.5491941 0.6032827
vt 0.5491941 0.6252982
vt 0.1870696 0.7390713
vt 0.8377146 0.4437218
vt 0.5497294 0.6230403
vt 0.0314891 0.1431675
vt 0.5502649 0.6038471
vt 0.4611051 0.5726810
vt 0.4611051 0.5862557
vt 0.0608905 0.3266403
vt 0.1896459 0.3317308
vt 0.3811695 0.9273190
vt 0.5508004 0.5790090
vt 0.7085257 0.9918096
vt 0.1886759 0.7548775
vt 0.1794528 0.1965497
vt 0.1794528 0.2293551
vt 0.4907134 0.4952001
vt 0.7090610 0.9822131
vt 0.1892113 0.7390713
vt 0.3200107 0.0223416
vt 0.3822425 0.9680430
vt 0.5518712 0.6134438
vt 0.5518712 0.6213468
vt 0.3866352 0.6102184
vt 0.3827790 0.9940612
vt 0.4632510 0.5873869
vt 0.5529420 0.6230403
vt 0.0931781 0.2225812
vt 0.0931781 0.2293552
vt 0.3877060 0.6090892
vt 0.1908176 0.7402003
vt 0.1655043 0.4131786
vt 0.1655043 0.4437217
vt 0.3378123 0.1970589
vt 0.3378123 0.2292357
vt 0.5534775 0.6134438
vt 0.7857737 0.5221369
vt 0.3221567 0.0223416
vt 0.0641095 0.3266403
vt 0.3843884 0.9759616
vt 0.4933906 0.4991516
vt 0.5346996 0.5326443
vt 0.5346996 0.5411119
vt 0.1918884 0.7379424
vt 0.1918884 0.7402003
vt 0.1665772 0.4063915
vt 0.3849249 0.9341062
vt 0.3849249 0.9629525
vt 0.3849249 0.9646493
vt 0.3849249 0.9776584
vt 0.5915655 0.2108085
vt 0.5915655 0.2232275
vt 0.4939260 0.4534268
vt 0.7122737 0.9251983
vt 0.3854613 0.9414593
vt 0.3854613 0.9544683
vt 0.3854613 0.9793551
vt 0.4944614 0.4793940
vt 0.4944614 0.4833455
vt 0.7128090 0.9133436
vt 0.1929592 0.7128219
vt 0.1929592 0.7565710
vt 0.5556192 0.5840895
vt 0.0373788 0.1352645
vt 0.0373788 0.1431675
vt 0.1934947 0.7311682
vt 0.1934947 0.7328618
vt 0.1934947 0.7339907
vt 0.1934947 0.7356843
vt 0.1934947 0.7368132
vt 0.1934947 0.7599579
vt 0.1934947 0.7684255
vt 0.3865344 0.9205315
vt 0.3865344 0.9646493
vt 0.6548671 0.3945136
vt 0.4955324 0.4833455
vt 0.4955324 0.4952001
vt 0.5561547 0.6134438
vt 0.5561547 0.6332014
vt 0.7884508 0.5334270
vt 0.7884508 0.5610877
vt 0.1940302 0.7311682
vt 0.1940302 0.7322973
vt 0.1940302 0.7351197
vt 0.3870708 0.9414593
vt 0.3870708 0.9488123
vt 0.3870708 0.9827488
vt 0.4805098 0.0816932
vt 0.0636643 0.1391774
vt 0.0636643 0.1482095
vt 0.7144153 0.9528591
vt 0.1960836 0.3130656
vt 0.3876072 0.9459841
vt 0.5379122 0.5258703
vt 0.5572255 0.5874766
vt 0.5572255 0.6320724
vt 0.0641998 0.1572416
vt 0.1951010 0.7128219
vt 0.0587447 0.0970023
vt 0.3881438 0.9397625
vt 0.3881438 0.9861426
vt 0.4971385 0.4833455
vt 0.1703326 0.4035633
vt 0.1703326 0.4086538
vt 0.1971567 0.3311652
vt 0.8462983 0.4233597
vt 0.3886803 0.9177037
vt 0.4976740 0.4810874
vt 0.4976740 0.4833455
vt 0.3930603 0.6164278
vt 0.7160217 0.9974546
vt 0.2266631 0.5313915
vt 0.3892167 0.9103506
vt 0.3892167 0.9120476
vt 0.3892167 0.9177037
vt 0.3892167 0.9386311
vt 0.3892167 0.9940612
vt 0.5588318 0.6134438
vt 0.5588318 0.6320724
vt 0.3935958 0.5723967
vt 0.3275214 0.0223416
vt 0.1714055 0.4035633
vt 0.1714055 0.4126131
vt 0.1982296 0.3492647
vt 0.3897532 0.9884049
vt 0.6580796 0.3945136
vt 0.4987449 0.4816519
vt 0.4987449 0.4952001
vt 0.5593672 0.6106212
vt 0.5593672 0.6213468
vt 0.3941311 0.5723967
vt 0.3941311 0.5910253
vt 0.2277361 0.5500566
vt 0.2277361 0.5608031
vt 0.3902898 0.9912330
vt 0.6586151 0.3623368
vt 0.5599027 0.6106212
vt 0.5599027 0.6332014
vt 0.1885730 0.1965497
vt 0.3908262 0.8962104
vt 0.3908262 0.9917986
vt 0.6591505 0.3595143
vt 0.6591505 0.3634659
vt 0.3447728 0.0615558
vt 0.3447728 0.0751041
vt 0.3913626 0.9957579
vt 0.6596859 0.3595143
vt 0.5003512 0.4822165
vt 0.7186988 0.9460849
vt 0.7186988 0.9466493
vt 0.7186988 0.9477785
vt 0.3296673 0.0223416
vt 0.3918991 0.9403281
vt 0.3918991 0.9917986
vt 0.5008867 0.4822165
vt 0.3458437 0.1970589
vt 0.3458437 0.2292357
vt 0.5421957 0.5326443
vt 0.5615090 0.6066696
vt 0.7192343 0.9477785
vt 0.7192343 0.9641491
vt 0.3924357 0.9120476
vt 0.3924357 0.9177037
vt 0.6607568 0.3634659
vt 0.6607568 0.3945136
vt 0.0625808 0.0211351
vt 0.5427310 0.5182496
vt 0.5427310 0.5416765
vt 0.5620443 0.6332014
vt 0.3592546 0.1910830
vt 0.6612923 0.3764494
vt 0.6612923 0.3854815
vt 0.6612923 0.3945136
vt 0.0631163 0.0335543
vt 0.3506699 0.1970146
vt 0.3506699 0.2294736
vt 0.1751609 0.4001696
vt 0.2309549 0.5132919
vt 0.3512053 0.1970146
vt 0.7208405 0.9251983
vt 0.2314914 0.5489255
vt 0.4874704 0.0822576
vt 0.5641861 0.6252982
vt 0.4912248 0.1475951
vt 0.3951180 0.9974546
vt 0.8850004 0.1155390
vt 0.2331008 0.5500566
vt 0.2331008 0.5608031
vt 0.3956545 0.9403281
vt 0.5046346 0.4748779
vt 0.5652570 0.5773155
vt 0.7235178 0.9342304
vt 0.2341739 0.5523189
vt 0.3967275 0.9154411
vt 0.3967275 0.9414593
vt 0.4901475 0.0980637
vt 0.3544179 0.2294736
vt 0.4933664 0.1436436
vt 0.2042033 0.7317328
vt 0.1789163 0.4058259
vt 0.1789163 0.4131786
vt 0.1789163 0.4437217
vt 0.3972640 0.9329751
vt 0.5062410 0.4991516
vt 0.0486229 0.1318774
vt 0.0486229 0.1572802
vt 0.7245886 0.9963258
vt 0.4117489 0.3560519
vt 0.4117489 0.3781108
vt 0.4117489 0.3786764
vt 0.4117489 0.3939481
vt 0.8554184 0.4029978
vt 0.8554184 0.4233597
vt 0.3978004 0.9974546
vt 0.0813471 0.0798745
vt 0.0813471 0.0990678
vt 0.0491583 0.1347001
vt 0.0491583 0.1572802
vt 0.4944373 0.1475951
vt 0.2052742 0.7128219
vt 0.2357832 0.5308259
vt 0.8559549 0.4437218
vt 0.3983369 0.9114818
vt 0.6666466 0.3764494
vt 0.6666466 0.3860460
vt 0.5679341 0.6106212
vt 0.3651444 0.1905183
vt 0.2058096 0.7379424
vt 0.2058096 0.7577000
vt 0.2058096 0.7599579
vt 0.2058096 0.7616515
vt 0.2058096 0.7627805
vt 0.2363198 0.5613687
vt 0.6054866 0.1981071
vt 0.5684695 0.6320724
vt 0.2063450 0.7695545
vt 0.1971567 0.1965497
vt 0.1971567 0.2293551
vt 0.6687232 0.7384050
vt 0.3994099 0.8962104
vt 0.3994099 0.9414593
vt 0.6677174 0.3679818
vt 0.5083826 0.4991516
vt 0.5690049 0.6275563
vt 0.7267303 0.9359237
vt 0.7267303 0.9460849
vt 0.2068805 0.7368132
vt 0.3892167 0.1971154
vt 0.3892167 0.2293552
vt 0.2373927 0.5059389
vt 0.6692596 0.7333146
vt 0.6692596 0.7661199
vt 0.6692596 0.7706448
vt 0.6692596 0.7904411
vt 0.4933602 0.0822576
vt 0.4004828 0.9408937
vt 0.6687882 0.3679818
vt 0.3672861 0.1905183
vt 0.2079513 0.7904412
vt 0.2384657 0.5308259
vt 0.4010194 0.9380655
vt 0.4010194 0.9646493
vt 0.4010194 0.9731335
vt 0.8908902 0.1070714
vt 0.6076284 0.1981071
vt 0.6076284 0.2294371
vt 0.2084868 0.7723770
vt 0.2084868 0.7785866
vt 0.4015558 0.9408937
vt 0.6698592 0.3832235
vt 0.2090223 0.7306038
vt 0.6714056 0.7384050
vt 0.4020923 0.9154411
vt 0.4020923 0.9290157
vt 0.0722186 0.0211351
vt 0.0722186 0.0324252
vt 0.5716821 0.6320724
vt 0.7294074 0.9359237
vt 0.7294074 0.9596329
vt 0.4165772 0.3792420
vt 0.4165772 0.3939481
vt 0.2400751 0.5127264
vt 0.6719420 0.7333146
vt 0.5115953 0.4607654
vt 0.5722176 0.6083631
vt 0.5722176 0.6140082
vt 0.2406116 0.5325226
vt 0.6724786 0.7485860
vt 0.5121306 0.4991516
vt 0.2106285 0.7328618
vt 0.2106285 0.7345553
vt 0.2106285 0.7356843
vt 0.2106285 0.7887477
vt 0.2111639 0.7904412
vt 0.3935086 0.1971154
vt 0.5132016 0.4782649
vt 0.5738239 0.6083631
vt 0.5738239 0.6179598
vt 0.6740879 0.7485860
vt 0.4047746 0.9284502
vt 0.0593378 0.6072342
vt 0.5743592 0.6168307
vt 0.2122348 0.7351197
vt 0.0598733 0.5767509
vt 0.0598733 0.6151372
vt 0.5142724 0.4963291
vt 0.0598733 0.6332014
vt 0.5748947 0.5790090
vt 0.5748947 0.6094921
vt 0.0566544 0.1347001
vt 0.0764485 0.0862558
vt 0.0764485 0.0953056
vt 0.0764485 0.0992646
vt 0.6751610 0.7350113
vt 0.4058477 0.9205315
vt 0.4058477 0.9250564
vt 0.4058477 0.9606900
vt 0.8957090 0.1070714
vt 0.5148078 0.4963291
vt 0.5604086 0.4306330
vt 0.5754301 0.6320724
vt 0.2133056 0.7351197
vt 0.4203326 0.3792420
vt 0.4203326 0.3939481
vt 0.2438305 0.5489255
vt 0.6756974 0.7321831
vt 0.4063841 0.9471153
vt 0.6746780 0.3674174
vt 0.0609441 0.5665898
vt 0.0609441 0.5767509
vt 0.0609441 0.6089277
vt 0.3731759 0.1634223
vt 0.3731759 0.1826153
vt 0.4069205 0.9380655
vt 0.5614796 0.4199074
vt 0.6757488 0.3826590
vt 0.0620149 0.6083631
vt 0.5770364 0.6049762
vt 0.0587961 0.1555867
vt 0.7347617 0.9347949
vt 0.2149119 0.7277813
vt 0.2454399 0.5172513
vt 0.4079936 0.9516402
vt 0.4079936 0.9589932
vt 0.0845461 0.1318388
vt 0.7352972 0.9460849
vt 0.7352972 0.9579394
vt 0.2154474 0.7537483
vt 0.2459764 0.5127264
vt 0.6768197 0.3674174
vt 0.6768197 0.3832235
vt 0.0630858 0.6332014
vt 0.7358325 0.9347949
vt 0.7358325 0.9359237
vt 0.7358325 0.9579394
vt 0.2159828 0.7277813
vt 0.4090665 0.9527716
vt 0.4090665 0.9589932
vt 0.8989217 0.1271114
vt 0.5636213 0.4306330
vt 0.5786427 0.6049762
vt 0.5786427 0.6320724
vt 0.7363680 0.9359237
vt 0.2165182 0.7266522
vt 0.2165182 0.7526194
vt 0.2165182 0.7785866
vt 0.2470494 0.5172513
vt 0.5029979 0.0991928
vt 0.5791782 0.5739284
vt 0.5791782 0.5750575
vt 0.5791782 0.5807026
vt 0.5791782 0.6094921
vt 0.5062168 0.1340471
vt 0.7369035 0.9359237
vt 0.7369035 0.9579394
vt 0.2170537 0.7757641
vt 0.2170537 0.7797155
vt 0.2475859 0.5172513
vt 0.4101395 0.9329751
vt 0.4101395 0.9567306
vt 0.4101395 0.9589932
vt 0.3678037 0.2128207
vt 0.5797135 0.6128792
vt 0.0866878 0.1318388
vt 0.7374389 0.9359237
vt 0.7374389 0.9579394
vt 0.7374389 0.9596329
vt 0.4246244 0.3792420
vt 0.4106759 0.9256223
vt 0.0652276 0.5761865
vt 0.0652276 0.6015891
vt 0.5802490 0.6140082
vt 0.0872233 0.1380483
vt 0.3645838 0.0683299
vt 0.3645838 0.0751041
vt 0.2486587 0.5155542
vt 0.0657629 0.5761865
vt 0.5807844 0.6140082
vt 0.0947329 0.0798745
vt 0.0947329 0.0990678
vt 0.0877586 0.1380483
vt 0.0877586 0.1566769
vt 0.7385097 0.9370528
vt 0.7385097 0.9590685
vt 0.5813199 0.6055406
vt 0.5813199 0.6145727
vt 0.5813199 0.6332014
vt 0.7390452 0.9370528
vt 0.6815987 0.7468892
vt 0.6815987 0.7502827
vt 0.6815987 0.7531108
vt 0.6815987 0.7565046
vt 0.4122854 0.9029979
vt 0.0668339 0.6044117
vt 0.5668339 0.4136979
vt 0.5818553 0.5840895
vt 0.5818553 0.6157017
vt 0.5088940 0.1436436
vt 0.7395807 0.9370528
vt 0.6821352 0.7350113
vt 0.6821352 0.7451922
vt 0.6821352 0.7542420
vt 0.7401160 0.9370528
vt 0.7401160 0.9590685
vt 0.2508047 0.5472285
vt 0.5834615 0.5750575
vt 0.5834615 0.5807026
vt 0.5834615 0.6055406
vt 0.7411868 0.9314078
vt 0.4283798 0.3792420
vt 0.4283798 0.3939481
vt 0.6837447 0.7338801
vt 0.5839970 0.6269918
vt 0.7417223 0.9974546
vt 0.2524141 0.5528845
vt 0.6842811 0.7367080
vt 0.4149678 0.9804865
vt 0.4149678 0.9974546
vt 0.9048115 0.1231599
vt 0.0695110 0.6185242
vt 0.0695110 0.6326368
vt 0.3817428 0.1775347
vt 0.7422578 0.9212468
vt 0.7422578 0.9404399
vt 0.7422578 0.9601974
vt 0.4047746 0.2135180
vt 0.5850678 0.6173953
vt 0.5850678 0.6185242
vt 0.3822781 0.1775347
vt 0.2534872 0.5121605
vt 0.2534872 0.5325226
vt 0.6853541 0.7186085
vt 0.6853541 0.7802602
vt 0.4160408 0.9821832
vt 0.0705819 0.6185242
vt 0.0705819 0.6332014
vt 0.7433287 0.9601974
vt 0.4165773 0.9290157
vt 0.4165773 0.9821832
vt 0.4165773 0.9974546
vt 0.5861387 0.6185242
vt 0.5861387 0.6213468
vt 0.5861387 0.6269918
vt 0.1075979 0.1324388
vt 0.1075979 0.1572769
vt 0.3833490 0.1775347
vt 0.3833490 0.1780994
vt 0.7438640 0.9652780
vt 0.2240142 0.7452808
vt 0.2240142 0.7537483
vt 0.2240142 0.7695545
vt 0.4171137 0.9821832
vt 0.4171137 0.9974546
vt 0.5866742 0.6275563
vt 0.5866742 0.6320724
vt 0.5137128 0.1340471
vt 0.2245497 0.7385068
vt 0.6869635 0.7666855
vt 0.6869635 0.7763009
vt 0.4176502 0.9804865
vt 0.4176502 0.9912330
vt 0.5872096 0.6275563
vt 0.5872096 0.6320724
vt 0.2556331 0.5059389
vt 0.4181867 0.9923642
vt 0.4181867 0.9974546
vt 0.6864574 0.3916911
vt 0.7454703 0.9872937
vt 0.4187232 0.9324095
vt 0.6869929 0.3843525
vt 0.5882805 0.5840895
vt 0.5882805 0.6213468
vt 0.5882805 0.6275563
vt 0.7460058 0.9771327
vt 0.4192596 0.9527716
vt 0.4192596 0.9674774
vt 0.4192596 0.9765272
vt 0.4192596 0.9804865
vt 0.6875284 0.3945136
vt 0.2266915 0.7145153
vt 0.4337446 0.3560519
vt 0.4337446 0.3781108
vt 0.4197961 0.9601244
vt 0.7470766 0.9681006
vt 0.7470766 0.9856001
vt 0.2272268 0.7145153
vt 0.4342812 0.3560519
vt 0.4203327 0.9606900
vt 0.4203327 0.9923642
vt 0.6885992 0.3674174
vt 0.6885992 0.3843525
vt 0.6885992 0.3899975
vt 0.0748653 0.5857830
vt 0.5898868 0.5733640
vt 0.5898868 0.6213468
vt 0.5898868 0.6252982
vt 0.3742216 0.0592978
vt 0.4348176 0.3560519
vt 0.4348176 0.3781108
vt 0.6891346 0.3945136
vt 0.5754007 0.4018433
vt 0.5754007 0.4204719
vt 0.5904221 0.5874766
vt 0.6907189 0.7763009
vt 0.4214056 0.9194004
vt 0.9112366 0.1231599
vt 0.5909576 0.6320724
vt 0.7486830 0.9681006
vt 0.7486830 0.9861646
vt 0.4358905 0.3792420
vt 0.4358905 0.3939481
vt 0.6902056 0.3674174
vt 0.6902056 0.3945136
vt 0.0764717 0.5914281
vt 0.3758279 0.0592978
vt 0.2599249 0.5313915
vt 0.6917919 0.7802602
vt 0.4224786 0.9029979
vt 0.4224786 0.9120476
vt 0.6971787 0.0602663
vt 0.6971787 0.0749435
vt 0.0770070 0.5914281
vt 0.4230150 0.9041290
vt 0.4230150 0.9092195
vt 0.4230150 0.9539028
vt 0.6977142 0.0653469
vt 0.0775425 0.6151372
vt 0.7502893 0.9872937
vt 0.5201379 0.1577563
vt 0.7508246 0.9686650
vt 0.2309748 0.7266522
vt 0.2615343 0.5438347
vt 0.4240879 0.9222286
vt 0.2315103 0.7266522
vt 0.2315103 0.7842316
vt 0.2315103 0.7904412
vt 0.6939378 0.7542420
vt 0.5941703 0.6162663
vt 0.5941703 0.6326368
vt 0.5212089 0.1566272
vt 0.4208870 0.2137084
vt 0.7518956 0.9974546
vt 0.6944743 0.7779979
vt 0.0796842 0.6151372
vt 0.0796842 0.6252982
vt 0.1161648 0.1324388
vt 0.7524309 0.9686650
vt 0.5222797 0.1459015
vt 0.5222797 0.1560628
vt 0.7529664 0.9686650
vt 0.4401824 0.3786764
vt 0.4401824 0.3939481
vt 0.4155042 0.1971154
vt 0.4155042 0.2293552
vt 0.2636802 0.5313915
vt 0.7009267 0.0602663
vt 0.7009267 0.0647824
vt 0.5957764 0.5823959
vt 0.1027507 0.1538545
vt 0.1027507 0.1572416
vt 0.7535018 0.9974546
vt 0.4407189 0.3933825
vt 0.4160408 0.1971154
vt 0.4267704 0.9131788
vt 0.4267704 0.9216630
vt 0.7014621 0.0597019
vt 0.0812905 0.6252982
vt 0.5812905 0.4385360
vt 0.3844021 0.1970146
vt 0.3844021 0.2294736
vt 0.5963119 0.6162663
vt 0.9101395 0.0404411
vt 0.9101395 0.0534502
vt 0.2647532 0.5427036
vt 0.2647532 0.5444006
vt 0.4273069 0.9041290
vt 0.4273069 0.9092195
vt 0.0818260 0.6332014
vt 0.7132637 0.0595380
vt 0.7132637 0.0671589
vt 0.7545727 0.9686650
vt 0.4417918 0.3792420
vt 0.6971566 0.7338801
vt 0.0823613 0.6179598
vt 0.7137991 0.0665943
vt 0.7551081 0.9748745
vt 0.7551081 0.9957614
vt 0.2352583 0.7757641
vt 0.2352583 0.7797155
vt 0.2658261 0.5427036
vt 0.4283798 0.9092195
vt 0.4283798 0.9227941
vt 0.0828968 0.6151372
vt 0.2357938 0.7842316
vt 0.2357938 0.7904412
vt 0.1188305 0.0387443
vt 0.2663627 0.5296945
vt 0.4289164 0.9539028
vt 0.7036038 0.0681694
vt 0.5984536 0.5874766
vt 0.5984536 0.5970731
vt 0.5984536 0.6106212
vt 0.1193670 0.0534504
vt 0.6987661 0.7186085
vt 0.6987661 0.7791290
vt 0.6987661 0.7830883
vt 0.4294528 0.9346721
vt 0.5989891 0.6106212
vt 0.5989891 0.6134438
vt 0.5989891 0.6252982
vt 0.5989891 0.6298143
vt 0.2368646 0.7802801
vt 0.4299893 0.9092195
vt 0.4299893 0.9606900
vt 0.7046748 0.0653469
vt 0.0845031 0.6179598
vt 0.0845031 0.6332014
vt 0.2679721 0.5449662
vt 0.4305257 0.9974546
vt 0.7052101 0.0681694
vt 0.0850385 0.6196532
vt 0.6000599 0.5739284
vt 0.6000599 0.6326368
vt 0.3843947 0.0751041
vt 0.4310623 0.9516402
vt 0.4310623 0.9663463
vt 0.4310623 0.9669119
vt 0.4310623 0.9974546
vt 0.6005954 0.6281208
vt 0.6005954 0.6332014
vt 0.3978057 0.1639867
vt 0.7583207 0.9681006
vt 0.2384709 0.7430228
vt 0.2384709 0.7757641
vt 0.7009120 0.7876132
vt 0.4315987 0.9131788
vt 0.4315987 0.9216630
vt 0.7175471 0.0595380
vt 0.7175471 0.0750619
vt 0.7588561 0.9161662
vt 0.7588561 0.9263272
vt 0.7588561 0.9359237
vt 0.7588561 0.9455205
vt 0.7588561 0.9472138
vt 0.2390063 0.7150799
vt 0.2695815 0.5528845
vt 0.4321352 0.9352376
vt 0.0866448 0.6196532
vt 0.0866448 0.6332014
vt 0.5866448 0.4323266
vt 0.7180825 0.0660298
vt 0.6016662 0.6044117
vt 0.3988765 0.1639867
vt 0.3988765 0.1651158
vt 0.7593916 0.9472138
vt 0.2395418 0.7441518
vt 0.4466201 0.3945136
vt 0.9155042 0.0404411
vt 0.9155042 0.0534502
vt 0.7019849 0.7276582
vt 0.4326716 0.9669119
vt 0.4326716 0.9974546
vt 0.7599270 0.9472138
vt 0.7599270 0.9748745
vt 0.7599270 0.9974546
vt 0.2400773 0.7802801
vt 0.1231224 0.0387443
vt 0.2706546 0.5166854
vt 0.4332082 0.9301472
vt 0.4332082 0.9742646
vt 0.4332082 0.9974546
vt 0.6027371 0.5953795
vt 0.6027371 0.5965085
vt 0.6027371 0.6281208
vt 0.6027371 0.6332014
vt 0.4294538 0.1973380
vt 0.4294538 0.2295146
vt 0.7604624 0.9664071
vt 0.2406126 0.7150799
vt 0.2406126 0.7464099
vt 0.7084228 0.0597019
vt 0.7084228 0.0687339
vt 0.7084228 0.0726854
vt 0.7084228 0.0749435
vt 0.0882511 0.5665898
vt 0.0882511 0.5857830
vt 0.0882511 0.6044117
vt 0.0882511 0.6072342
vt 0.4476932 0.3560519
vt 0.4476932 0.3781108
vt 0.4476932 0.3792420
vt 0.1236588 0.0534504
vt 0.2711910 0.5472285
vt 0.7030580 0.7610295
vt 0.7030580 0.7723415
vt 0.7030580 0.7791290
vt 0.4337447 0.9227941
vt 0.4337447 0.9324095
vt 0.4337447 0.9499435
vt 0.4337447 0.9516402
vt 0.4337447 0.9663463
vt 0.4337447 0.9742646
vt 0.5882511 0.4018433
vt 0.5882511 0.4204719
vt 0.5882511 0.4323266
vt 0.5882511 0.4436166
vt 0.7196889 0.0671589
vt 0.6032725 0.5739284
vt 0.6032725 0.5823959
vt 0.6032725 0.5931216
vt 0.6032725 0.6044117
vt 0.6032725 0.6134438
vt 0.6032725 0.6252982
vt 0.1247318 0.1318741
vt 0.1247318 0.1572769
vt 0.4299893 0.1973380
vt 0.2411481 0.7537483
vt 0.2411481 0.7695545
vt 0.4347158 0.2179246
vt 0.4606841 0.2292146
vt 0.7836266 0.1796490
vt 0.7843701 0.1642331
vt 0.7860957 0.1702974
vt 0.7861013 0.1704505
vt 0.7861020 0.1704706
vt 0.4735345 0.1970378
vt 0.7868392 0.1909390
vt 0.7881424 0.1643080
vt 0.7963845 0.1648506
vt 0.7966209 0.1646016
vt 0.7981964 0.1650353
vt 0.7991542 0.1807780
vt 0.7996895 0.1807780
vt 0.8019451 0.1651888
vt 0.8029826 0.1650209
vt 0.8045085 0.1807780
vt 0.8055153 0.1651207
vt 0.8065449 0.1649436
vt 0.8077960 0.1650476
vt 0.8098628 0.1807780
vt 0.8106181 0.1651166
vt 0.8106193 0.1650924
vt 0.8106206 0.1650656
vt 0.8106223 0.1650295
vt 0.8151824 0.1643619
vt 0.8151824 0.1779099
vt 0.8151824 0.1908935
vt 0.9246244 0.5749124
vt 0.9246244 0.5991861
vt 0.9246244 0.6003151
vt 0.0399678 0.1043995
vt 0.6537017 0.0397649
vt 0.6540644 0.0535306
vt 0.9256953 0.6333386
vt 0.6561333 0.0535447
vt 0.9310496 0.5749124
vt 0.6601268 0.0397649
vt 0.6620086 0.0536749
vt 0.9331914 0.6166858
vt 0.9331914 0.6333386
vt 0.6628377 0.0536758
vt 0.7663438 0.0847039
vt 0.7672606 0.0995259
vt 0.2341507 0.0058459
vt 0.2345206 0.0058459
vt 0.8274973 0.1779099
vt 0.2349987 0.0047080
vt 0.9374748 0.5991861
vt 0.2359243 0.0039760
vt 0.9401520 0.6333386
vt 0.9406873 0.5997507
vt 0.9412228 0.5997507
vt 0.3500537 0.4086540
vt 0.0571017 0.1269797
vt 0.7744343 0.0989516
vt 0.6718135 0.0535756
vt 0.3516631 0.4154412
vt 0.3521996 0.4171379
vt 0.3527360 0.4205316
vt 0.9449708 0.6333386
vt 0.9814473 0.0158818
vt 0.3832745 0.0521110
vt 0.9814505 0.0147475
vt 0.9814505 0.0158763
vt 0.9814636 0.0158487
vt 0.9814637 0.0158823
vt 0.9815512 0.0158822
vt 0.9818198 0.0147475
vt 0.0613850 0.1043995
vt 0.3838099 0.0391274
vt 0.9819859 0.0147475
vt 0.3554184 0.4312784
vt 0.9825937 0.0146620
vt 0.9471126 0.6333386
vt 0.3302039 0.3232467
vt 0.7794006 0.0981989
vt 0.7796738 0.0980734
vt 0.3564914 0.4358033
vt 0.7799304 0.0982220
vt 0.6772419 0.0397649
vt 0.6772492 0.0429325
vt 0.6772852 0.0410700
vt 0.3313021 0.3134049
vt 0.3318133 0.3232467
vt 0.3318133 0.3498304
vt 0.1295118 0.1322119
vt 0.1295118 0.1576144
vt 0.8398122 0.1643619
vt 0.8398122 0.1908935
vt 0.9492543 0.5749124
vt 0.3328494 0.3204576
vt 0.3586374 0.4420249
vt 0.3334097 0.3198668
vt 0.3591738 0.4437216
vt 0.3335032 0.3197682
vt 0.0662039 0.1269797
vt 0.7829421 0.0835748
vt 0.3342332 0.3138954
vt 0.9513959 0.5997507
vt 0.0688852 0.3171599
vt 0.0688852 0.3499011
vt 0.7834775 0.0835748
vt 0.9519314 0.6333386
vt 0.3896997 0.0521110
vt 0.2722094 0.1523369
vt 0.2722094 0.1557240
vt 0.2722094 0.1574175
vt 0.7850838 0.0835748
vt 0.9900173 0.0136184
vt 0.3382510 0.3498304
vt 0.1359369 0.1322119
vt 0.1359369 0.1576144
vt 0.9556794 0.5991861
vt 0.3387876 0.3164592
vt 0.2759574 0.1574175
vt 0.7886628 0.0973607
vt 0.7896919 0.0976639
vt 0.0753105 0.3312725
vt 0.7899410 0.0977184
vt 0.3409335 0.3164592
vt 0.7903604 0.0976035
vt 0.0736999 0.1269797
vt 0.4686159 0.2740384
vt 0.4686159 0.3074094
vt 0.3967315 0.0522509
vt 0.3967341 0.0525308
vt 0.3967873 0.0529059
vt 0.3968039 0.0533198
vt 0.3969719 0.0421850
vt 0.3970189 0.0482525
vt 0.3971475 0.0442407
vt 0.3973255 0.0400774
vt 0.1531653 0.0930430
vt 0.3693670 0.4205316
vt 0.3441523 0.3164592
vt 0.1542382 0.0992646
vt 0.4707618 0.3074094
vt 0.0785189 0.1106090
vt 0.0817356 0.3123617
vt 0.0822711 0.3123617
vt 0.0817314 0.1106090
vt 0.7689631 0.1065357
vt 0.7689631 0.1268579
vt 0.3891338 0.0746624
vt 0.2866660 0.1466919
vt 0.4766631 0.3068438
vt 0.1284871 0.0483598
vt 0.3895453 0.0590446
vt 0.8446049 0.1643619
vt 0.8446049 0.1908935
vt 0.3900870 0.0745851
vt 0.0833377 0.1049639
vt 0.4798819 0.2734729
vt 0.8027113 0.0965476
vt 0.4804185 0.2734729
vt 0.4809550 0.3068438
vt 0.1333154 0.0534503
vt 0.3806330 0.4013009
vt 0.1671137 0.0805995
vt 0.8065010 0.0824459
vt 0.3833154 0.4137444
vt 0.8521009 0.1643619
vt 0.1365344 0.0387445
vt 0.8071745 0.0964102
vt 0.8526364 0.1643619
vt 0.8526364 0.1908935
vt 0.3843884 0.4177037
vt 0.0940505 0.3123617
vt 0.0940505 0.3414336
vt 0.0940505 0.3499011
vt 0.7791364 0.1065357
vt 0.2968391 0.1325793
vt 0.2968391 0.1342728
vt 0.0978048 0.1959100
vt 0.0978048 0.2292157
vt 0.0945859 0.3165954
vt 0.0945859 0.3499011
vt 0.3859979 0.4233598
vt 0.2984454 0.1342728
vt 0.2989809 0.1359664
vt 0.0967277 0.3165954
vt 0.3881438 0.4312784
vt 0.7825077 0.1065357
vt 0.7827260 0.1137064
vt 0.3892167 0.4358033
vt 0.7830386 0.1268579
vt 0.7831265 0.1268579
vt 0.7832155 0.1268579
vt 0.3005872 0.1359664
vt 0.3005872 0.1376598
vt 0.0983340 0.3499011
vt 0.7062768 0.0255774
vt 0.7062768 0.0256814
vt 0.7062768 0.0257633
vt 0.7062768 0.0260799
vt 0.7062768 0.0336537
vt 0.4916846 0.2904413
vt 0.4916846 0.3068438
vt 0.1010112 0.3499011
vt 0.5022966 0.0236643
vt 0.5022966 0.0338256
vt 0.1053009 0.2128451
vt 0.5024042 0.0236643
vt 0.1461910 0.0387445
vt 0.7091803 0.0298580
vt 0.1058364 0.1959100
vt 0.4949034 0.3068438
vt 0.5029690 0.0327622
vt 0.4965129 0.3068438
vt 0.7118633 0.0336537
vt 0.1106552 0.2292157
vt 0.1832082 0.0805995
vt 0.1085071 0.3165954
vt 0.1090426 0.3165954
vt 0.1127968 0.1959100
vt 0.1095780 0.3335306
vt 0.1101134 0.3165954
vt 0.5024142 0.2734729
vt 0.5029506 0.2734729
vt 0.5029506 0.3068438
vt 0.2921952 0.0583845
vt 0.2922809 0.0657223
vt 0.2923203 0.0668734
vt 0.2926961 0.0707175
vt 0.2927313 0.0741908
vt 0.1178835 0.1959100
vt 0.5266808 0.0241802
vt 0.5266808 0.0333992
vt 0.6819548 0.0526710
vt 0.1200253 0.1959100
vt 0.6822570 0.0396873
vt 0.1210961 0.2292157
vt 0.8532725 0.3498304
vt 0.5307096 0.0336541
vt 0.8554185 0.3328620
vt 0.1243086 0.2292157
vt 0.5331059 0.0241802
vt 0.1248441 0.1959100
vt 0.6872894 0.0503610
vt 0.0996285 0.1642324
vt 0.0996285 0.1896352
vt 0.1001638 0.1642324
vt 0.1001638 0.1896352
vt 0.1001638 0.1907642
vt 0.3008076 0.0747552
vt 0.6881467 0.0461716
vt 0.6881467 0.0526710
vt 0.5346580 0.0338133
vt 0.9086382 0.4991516
vt 0.9042912 0.0275755
vt 0.9043453 0.0276667
vt 0.9043699 0.0276334
vt 0.9043905 0.0276539
vt 0.6908711 0.0396873
vt 0.9123862 0.4765715
vt 0.5393294 0.0337457
vt 0.5395310 0.0241802
vt 0.3066974 0.0583845
vt 0.3066974 0.0741908
vt 0.8640022 0.3317309
vt 0.8645386 0.3317309
vt 0.9102351 0.0338765
vt 0.9104847 0.0335606
vt 0.9105075 0.0335724
vt 0.8650751 0.3492646
vt 0.9161342 0.4539912
vt 0.6972491 0.0396873
vt 0.8812567 0.3295912
vt 0.8898383 0.0056920
vt 0.8833984 0.3448328
vt 0.8844692 0.3448328
vt 0.9161195 0.1069409
vt 0.9161195 0.1266986
vt 0.9166204 0.1069409
vt 0.9166389 0.1266790
vt 0.0770627 0.0212348
vt 0.0770627 0.0336539
vt 0.9166657 0.1076401
vt 0.0773084 0.0336539
vt 0.0774794 0.0239895
vt 0.0775063 0.0212348
vt 0.0775740 0.0212348
vt 0.0775786 0.0212348
vt 0.0775981 0.0299416
vt 0.0775981 0.0336539
vt 0.9216158 0.1261453
vt 0.9216170 0.1267384
vt 0.7054769 0.0396873
vt 0.9220176 0.1267384
vt 0.3945815 0.0229071
vt 0.3945815 0.0339183
vt 0.9225531 0.1069807
vt 0.7068869 0.0396873
vt 0.8763413 0.3147625
vt 0.8763413 0.3492646
vt 0.3957151 0.0229071
vt 0.7101811 0.0396873
vt 0.0882226 0.1160114
vt 0.0882635 0.1160639
vt 0.0883812 0.1162152
vt 0.0884836 0.1163467
vt 0.0886461 0.1165555
vt 0.8925007 0.3146319
vt 0.0893310 0.1118086
vt 0.7117057 0.0396873
vt 0.7117057 0.0532354
vt 0.4002832 0.0279490
vt 0.7120190 0.0396873
vt 0.8935716 0.3146319
vt 0.7122412 0.0396873
vt 0.0846876 0.0212348
vt 0.0900618 0.1067437
vt 0.0901671 0.1060140
vt 0.8941070 0.3146319
vt 0.8941070 0.3329782
vt 0.0906566 0.1059392
vt 0.4012900 0.0288392
vt 0.4012900 0.0288392
vt 0.0908032 0.1059168
vt 0.0908094 0.1059158
vt 0.0908696 0.1056511
vt 0.0908790 0.1056385
vt 0.8946425 0.3295912
vt 0.0911730 0.1044371
vt 0.0911804 0.1044371
vt 0.0861536 0.0230722
vt 0.0917672 0.1044371
vt 0.4023934 0.0279356
vt 0.4025528 0.0278051
vt 0.4027320 0.0279335
vt 0.1269355 0.1642324
vt 0.1269355 0.1766516
vt 0.1269355 0.1772160
vt 0.9343389 0.4765715
vt 0.4038466 0.0287319
vt 0.7158099 0.0396873
vt 0.1269334 0.1268867
vt 0.7165245 0.0396873
vt 0.7165245 0.0532354
vt 0.4048327 0.0279202
vt 0.0891718 0.0262061
vt 0.9273594 0.1072220
vt 0.1408776 0.1321619
vt 0.9278948 0.1072220
vt 0.0963487 0.1264528
vt 0.1312188 0.1907642
vt 0.9579346 0.1069409
vt 0.9579346 0.1266986
vt 0.1424839 0.1321619
vt 0.1306813 0.1043065
vt 0.1317543 0.1907642
vt 0.4085343 0.0229071
vt 0.9584285 0.1075732
vt 0.9584540 0.1069409
vt 0.9584793 0.1266781
vt 0.1333606 0.1907642
vt 0.9026739 0.3465263
vt 0.1446120 0.1367341
vt 0.1446256 0.1321619
vt 0.1447762 0.1380807
vt 0.1450682 0.1378834
vt 0.4109226 0.0229071
vt 0.1453791 0.1376733
vt 0.4110094 0.0229071
vt 0.1454912 0.1391663
vt 0.1455356 0.1390608
vt 0.1004839 0.1044371
vt 0.4112043 0.0229071
vt 0.1006322 0.1044371
vt 0.4113146 0.0229071
vt 0.1461603 0.1371454
vt 0.9048156 0.3146319
vt 0.9348554 0.1083510
vt 0.9069574 0.3146319
vt 0.1374193 0.1176739
vt 0.9262686 0.1649266
vt 0.9262686 0.1908935
vt 0.3388222 0.1330608
vt 0.9085636 0.3499133
vt 0.9369970 0.1258507
vt 0.3395598 0.1330608
vt 0.1383897 0.1043065
vt 0.1403212 0.1743935
vt 0.8946131 0.0059732
vt 0.9380680 0.1089154
vt 0.9380680 0.1258507
vt 0.1392551 0.1093768
vt 0.1393049 0.1160172
vt 0.1394694 0.1158727
vt 0.1395528 0.1157994
vt 0.1396447 0.1157187
vt 0.1408566 0.1625390
vt 0.1408566 0.1743935
vt 0.1399144 0.1132394
vt 0.1403770 0.1043065
vt 0.9396743 0.1258507
vt 0.6258289 0.0059820
vt 0.6262022 0.0055885
vt 0.9326937 0.1649266
vt 0.7878439 0.1067207
vt 0.7878439 0.1270427
vt 0.1462109 0.1625390
vt 0.1065113 0.0274443
vt 0.1065113 0.0336539
vt 0.1467464 0.1625390
vt 0.1070468 0.0212348
vt 0.9460995 0.1269797
vt 0.7931982 0.1067207
vt 0.2406210 0.0044434
vt 0.1515652 0.1907642
vt 0.2406595 0.0059065
vt 0.2406899 0.0044434
vt 0.1177659 0.1270172
vt 0.9153188 0.0287587
vt 0.9153654 0.0277089
vt 0.9160429 0.0277089
vt 0.9530601 0.1151250
vt 0.1665783 0.1321619
vt 0.9168856 0.0322970
vt 0.9169433 0.0334826
vt 0.9171138 0.0322248
vt 0.1671138 0.1575647
vt 0.3564914 0.1568666
vt 0.3564914 0.1572323
vt 0.3564914 0.1572346
vt 0.3564914 0.1572463
vt 0.3564914 0.1576167
vt 0.1220494 0.1044371
vt 0.7990880 0.1270427
vt 0.1118562 0.0212348
vt 0.1118562 0.0336539
vt 0.1231003 0.0212348
vt 0.1231003 0.0336539
vt 0.4025374 0.1055572
vt 0.4191358 0.1270084
vt 0.4234192 0.1055572
vt 0.8040213 0.1270527
vt 0.6312291 0.0054792
vt 0.6312672 0.0053943
vt 0.8109819 0.1067305
vt 0.6354261 0.0061287
vt 0.6360860 0.0053943
vt 0.8179425 0.1067305
vt 0.8179425 0.1270527
vt 0.8570279 0.7203054
vt 0.8570279 0.7570889
vt 0.8570279 0.7904412
vt 0.8591108 0.7570889
vt 0.8608032 0.7904412
vt 0.8613240 0.7203054
vt 0.8613240 0.7570889
vt 0.8618446 0.7333444
vt 0.8623654 0.7570889
vt 0.8623654 0.7904412
vt 0.8628861 0.7570889
vt 0.8634069 0.7333444
vt 0.8634069 0.7570889
vt 0.8634069 0.7808335
vt 0.8650993 0.7333444
vt 0.8650993 0.7570889
vt 0.8661407 0.7570889
vt 0.8661407 0.7808335
vt 0.4782725 0.1971154
vt 0.4782725 0.2293552
vt 0.4825811 0.1971154
vt 0.4825811 0.2293552
vt 0.7379481 0.0144164
vt 0.7379481 0.0161199
vt 0.7395639 0.0132808
vt 0.7411197 0.0132808
vt 0.7411197 0.0144164
vt 0.7421969 0.0161199
vt 0.7432741 0.0144164
usemtl material_0
f 3096/2883 3102/2883 3320/2883
f 3102/2883 3108/2883 3320/2883
f 3320/2723 3108/2723 3426/2723
f 2788/2790 2853/2790 2908/2790
f 2853/2790 2907/2790 2908/2790
f 3108/2723 3198/2715 3319/2715
f 3108/2723 3198/2715 3319/2715
f 3320/3174 2853/3231 3108/3174
f 3108/3285 2853/3309 2788/3309
f 3304/2724 2996/2748 2788/2790
f 2908/2790 2788/2790 2853/2790
f 2788/2790 2996/2748 2853/2790
f 2853/2790 2996/2748 3035/2748
f 3320/2723 3035/2748 3108/2723
f 3035/2748 2996/2748 3108/2723
f 2996/2748 3304/2724 3108/2723
f 3426/2723 3425/2723 3587/2723
f 3425/2723 3108/2723 3587/2723
f 3587/2723 3108/2723 3586/2723
f 3586/2723 3108/2723 3576/2715
f 3576/2715 3108/2723 3198/2715
f 3108/2723 3304/2724 3198/2715
f 4046/2871 4064/2879 3907/2869
f 3108/3290 3907/3364 3320/3290
f 3907/2869 4064/2879 3320/2856
f 3426/2723 3320/2723 3425/2723
f 3198/2715 3576/2715 3108/2723
f 3576/2715 3586/2723 3108/2723
f 3586/2723 3587/2723 3108/2723
f 3587/2723 3425/2723 3108/2723
f 3425/2723 3320/2723 3108/2723
f 3320/3174 2853/3231 3108/3174
f 2853/3309 2788/3309 3108/3285
f 3108/3290 3907/3364 3320/3290
f 3320/3290 3907/3364 3961/3364
f 4552/3819 4571/3819 4608/3850
f 4608/3850 4571/3819 4684/3850
f 393/3872 346/3872 298/3872
f 220/2207 201/2201 206/2200
f 19/2220 40/2213 31/2212
f 269/3239 255/3253 298/3253
f 302/3253 298/3253 394/3253
f 346/3872 298/3872 393/3872
f 30/2477 138/2433 129/2436
f 66/3674 22/3674 19/3674
f 138/3636 17/3671 16/3677
f 17/3671 22/3674 16/3677
f 478/3548 483/3541 474/3541
f 483/3541 490/3541 474/3541
f 1257/3268 1256/3277 1154/3277
f 764/3727 772/3727 547/3782
f 547/3782 772/3727 552/3782
f 781/2354 772/2354 1632/2476
f 1632/2476 772/2354 1256/2476
f 772/2354 764/2354 1256/2476
f 40/3820 298/3872 94/3820
f 547/2902 531/2886 518/2886
f 531/2232 346/2167 518/2232
f 346/2167 298/2167 518/2232
f 495/2232 518/2232 525/2232
f 545/2242 525/2232 538/2242
f 525/2232 518/2232 538/2242
f 547/2443 764/2442 767/2451
f 767/2451 764/2442 1232/2459
f 764/2442 1256/2441 1232/2459
f 1084/3553 1020/3553 837/3619
f 557/2403 546/2403 77/2603
f 67/2603 77/2603 40/2603
f 40/2603 77/2603 537/2403
f 77/2603 546/2403 537/2403
f 537/3463 546/3463 822/3407
f 546/3463 557/3463 822/3407
f 557/3463 837/3407 822/3407
f 837/3619 1020/3553 822/3619
f 822/3407 818/3410 789/3413
f 822/3407 789/3413 537/3463
f 789/2196 520/2414 537/2403
f 537/2403 520/2414 40/2603
f 62/2108 40/2108 85/2108
f 1282/2416 1356/2408 1232/2415
f 1232/3673 700/3591 767/3610
f 767/2765 700/2726 547/2609
f 547/2902 700/3024 269/2792
f 76/2108 90/2108 53/2108
f 90/2108 85/2108 53/2108
f 85/2108 40/2108 53/2108
f 53/3825 298/3776 85/3825
f 298/2106 687/2282 346/2106
f 346/2106 687/2282 692/2282
f 687/2282 831/2361 692/2282
f 692/2282 831/2361 845/2361
f 831/2361 1257/2450 845/2361
f 845/2361 1257/2450 1632/2450
f 1632/3268 1257/3268 1685/3268
f 1685/3268 1257/3268 1684/3268
f 1684/3268 1257/3268 1683/3277
f 1683/3277 1257/3268 1256/3277
f 636/3877 627/3879 1020/3734
f 1084/3734 1020/3734 657/3879
f 1020/3734 627/3879 657/3879
f 657/3049 627/3049 415/3207
f 627/3049 367/3207 415/3207
f 415/3207 367/3207 390/3207
f 390/3516 367/3516 349/3516
f 367/3516 293/3503 349/3516
f 349/3516 293/3503 77/3446
f 53/2108 67/2108 40/2108
f 67/2603 77/2603 40/2603
f 77/3446 293/3503 40/3446
f 40/3820 68/3824 298/3872
f 238/3253 298/3253 302/3253
f 302/3129 298/3129 394/3129
f 219/1964 189/1964 214/1962
f 202/1962 214/1962 170/1962
f 214/1962 189/1964 170/1962
f 182/1962 188/1962 170/1962
f 188/1962 189/1964 170/1962
f 5210/3710 5171/3549 5153/3710
f 4539/3864 4023/3865 4026/3865
f 4026/3865 4023/3865 3104/3866
f 5179/3863 5210/3710 5188/3863
f 5210/3710 5153/3710 5188/3863
f 5179/3863 5188/3863 4530/3864
f 5188/3863 4539/3864 4530/3864
f 4539/3864 4026/3865 4530/3864
f 3104/3778 4368/3862 4354/3862
f 4354/2251 4368/2251 5179/2110
f 5179/2110 4368/2251 5188/2110
f 5141/2685 5221/2685 5188/2447
f 5188/2447 5221/2685 5179/2447
f 5179/2447 5221/2685 5155/2685
f 2829/2144 3106/2145 2835/2112
f 2835/3212 3106/3199 3107/3211
f 3106/2381 3097/2380 3107/2381
f 2114/2714 2344/2839 2352/2839
f 2790/3234 2352/2988 2748/3234
f 2352/2988 2344/2988 2748/3234
f 1714/2111 2095/2247 2114/2249
f 1758/2670 1276/2663 1714/2644
f 1714/2155 1276/2149 1114/2161
f 1711/2266 1386/2271 1451/2266
f 1451/2266 1386/2271 1087/2271
f 1386/2271 1030/2271 1087/2271
f 1030/2271 1035/2271 1087/2271
f 1035/2271 1120/2266 1087/2271
f 1087/2271 1120/2266 1451/2266
f 1452/3449 1078/3442 1087/3441
f 1087/3441 1078/3443 1114/3437
f 1079/2369 1114/2369 1121/2369
f 1121/2369 1114/2369 1086/2369
f 1114/3176 1124/3175 1086/3191
f 1086/3191 1124/3175 1093/3190
f 2015/2316 2251/2412 2337/2438
f 2251/2412 2825/2610 2337/2438
f 2337/3602 1861/3483 2015/3527
f 2251/3576 2015/3527 1714/3459
f 2015/3527 1861/3483 1714/3459
f 1714/3459 1078/3443 1451/3452
f 1078/3443 1452/3449 1451/3452
f 1452/2268 1087/2271 1451/2266
f 1121/2369 1079/2369 1114/2369
f 1114/2374 2087/2530 2114/2534
f 2114/2399 2344/2483 2432/2524
f 2432/2555 2344/2595 2825/2437
f 2715/3729 2768/3729 2748/3729
f 2768/3729 2825/3729 2748/3729
f 2825/3234 2344/2988 2748/3234
f 1087/2495 2087/2503 2122/2503
f 2087/2338 2482/2507 2122/2338
f 2122/2338 2482/2507 2496/2507
f 2482/2507 2577/2529 2496/2507
f 2496/2507 2577/2529 2590/2529
f 2790/2583 2590/2529 2748/2583
f 2590/2529 2577/2529 2748/2583
f 2577/2529 2455/2490 2748/2583
f 4356/7736 4370/7736 3105/7737
f 4370/7736 3107/7737 3105/7737
f 3105/7737 3107/7737 3099/7743
f 3107/7737 3094/7743 3099/7743
f 5038/7749 5039/7750 4648/7744
f 4602/7744 4648/7744 5013/7750
f 4648/7744 5039/7750 5013/7750
f 5013/7750 5039/7750 5090/7753
f 5039/7750 5105/7753 5090/7753
f 5090/7753 5105/7753 5127/7757
f 5127/7757 5105/7753 5146/7757
f 4759/2638 4740/2638 4764/2637
f 4764/2637 4740/2638 4672/2637
f 4672/2637 4740/2638 4696/2638
f 4696/2638 4740/2638 4688/2639
f 4688/2639 4740/2638 4778/2639
f 4740/2638 4759/2638 4778/2639
f 3726/2834 3749/2834 3762/2834
f 3749/2834 3836/2793 3762/2834
f 4112/2924 4117/2940 3371/3088
f 3356/3088 3371/3088 3461/3112
f 3371/3088 4117/2940 3461/3112
f 3461/3112 4117/2940 4109/2952
f 4110/2822 4421/2687 3360/2686
f 4421/2687 4441/2687 3360/2686
f 3443/2686 3360/2686 4420/2687
f 3360/2686 4441/2687 4420/2687
f 4118/2835 4110/2822 3468/2704
f 4110/2822 3360/2686 3468/2704
f 4216/2116 4175/2115 4217/2132
f 3466/2872 3566/2872 3385/2899
f 3531/2899 3385/2899 3372/2872
f 3385/2899 3566/2872 3372/2872
f 3690/2806 3645/2836 3912/2731
f 4526/3333 4470/3361 4535/3329
f 4742/2857 4535/2945 4549/2931
f 4535/2945 4470/3000 4549/2931
f 4549/2931 4470/3000 4428/3050
f 4470/3000 4402/3053 4428/3050
f 4428/3050 4402/3053 4211/3148
f 4402/3053 4232/3147 4211/3148
f 4232/2289 4130/2302 4211/2290
f 4211/2290 4130/2302 4092/2317
f 4130/2302 4080/2323 4092/2317
f 4080/2695 3912/2731 4092/2692
f 4092/2692 3912/2731 3774/2766
f 3912/2731 3645/2836 3774/2766
f 3774/2766 3645/2836 3372/2872
f 3372/2872 3645/2836 3531/2899
f 3645/2836 3690/2806 3531/2899
f 3531/2971 3081/2941 3372/2970
f 3385/2971 3531/2971 3566/2970
f 3531/2971 3372/2970 3566/2970
f 3566/2970 3372/2970 3436/2976
f 3436/2976 3372/2970 3351/2976
f 3372/2970 3081/2941 3351/2976
f 3081/2941 2905/2909 3351/2976
f 3591/2976 3351/2976 3020/2909
f 3351/2976 2905/2909 3020/2909
f 3020/2909 2905/2909 2939/2909
f 2834/2903 2939/2909 2870/2903
f 2939/2909 2905/2909 2870/2903
f 2870/2903 2905/2909 2912/2910
f 2905/2909 3081/2941 2912/2910
f 2912/2910 2953/2910 2870/2903
f 2870/2903 2953/2910 3023/2903
f 3023/2903 2953/2910 3004/2910
f 3004/2910 2953/2910 3011/2911
f 3011/2911 2953/2910 2921/2911
f 2953/2910 2912/2910 2921/2911
f 2912/2910 3081/2941 2921/2911
f 3081/2941 3531/2971 2921/2911
f 2921/2911 3531/2971 2987/2911
f 2987/2911 3531/2971 3604/2971
f 4053/2711 3604/2899 4047/2711
f 3604/2899 3531/2899 4047/2711
f 3531/2899 3690/2806 4047/2711
f 3690/2806 3912/2731 4047/2711
f 4040/2708 4047/2711 4056/2708
f 4047/2711 3912/2731 4056/2708
f 3912/2731 4080/2695 4056/2708
f 4080/2323 4130/2302 4056/2332
f 4300/2295 4070/2332 4240/2295
f 4070/2332 4056/2332 4240/2295
f 4056/2332 4130/2302 4240/2295
f 4269/2295 4240/2295 4268/2293
f 4130/2302 4232/2289 4240/2293
f 4232/3401 4402/3373 4240/3400
f 4402/3373 4508/3342 4240/3400
f 4240/3400 4508/3342 4279/3400
f 4279/3400 4508/3342 4480/3339
f 4517/3339 4484/3331 4509/3339
f 4484/3339 4480/3339 4509/3339
f 4480/3339 4508/3342 4509/3339
f 4508/3342 4402/3373 4509/3339
f 4402/3373 4470/3361 4509/3339
f 4470/3361 4526/3333 4509/3339
f 4509/3339 4526/3333 4516/3333
f 4535/3329 4742/3292 4526/3331
f 4742/3292 4764/3291 4526/3331
f 4493/3331 4526/3331 4484/3331
f 4484/3331 4526/3331 4500/3331
f 4500/3331 4526/3331 4708/3291
f 4526/3331 4764/3291 4708/3291
f 4708/2645 4764/2645 4743/2645
f 4772/2637 4743/2645 4764/2637
f 4764/2637 4742/2646 4759/2638
f 4759/2638 4742/2646 4778/2639
f 4742/2857 4549/2931 4778/2851
f 4778/2851 4549/2931 4714/2851
f 4714/2851 4549/2931 4529/2931
f 4549/2931 4428/3050 4529/2931
f 4529/2931 4428/3050 4360/3050
f 4428/3050 4211/3148 4360/3050
f 4360/3050 4211/3148 4229/3148
f 4229/2290 4211/2290 4106/2317
f 4211/2290 4092/2317 4106/2317
f 4106/2692 4092/2692 3798/2766
f 4092/2692 3774/2766 3798/2766
f 3798/2766 3774/2766 3591/2880
f 3591/2880 3774/2766 3560/2880
f 3774/2766 3372/2872 3560/2880
f 3372/2872 3566/2872 3560/2880
f 3566/2872 3466/2872 3560/2880
f 3466/2872 3437/2880 3560/2880
f 3560/2147 3437/2113 3404/2146
f 3437/2113 3534/2130 3404/2146
f 3534/2544 3486/2427 3404/2543
f 3608/3840 3634/3856 3631/3880
f 3783/3080 3768/3070 3754/3064
f 3608/3840 3631/3880 3542/3859
f 3455/3685 3459/3699 3483/3685
f 3459/3699 2947/3718 3483/3685
f 2947/3718 2699/3719 3483/3685
f 3489/3660 3514/3660 3488/3660
f 3520/3081 3549/3072 3382/3071
f 3560/2980 3386/2794 3437/2979
f 3460/2422 3386/2423 3459/2420
f 3459/2420 3386/2423 3533/2421
f 3386/2794 3560/2980 3533/2795
f 3533/2795 3560/2980 3550/2703
f 3560/3073 3549/3072 3550/3072
f 3550/3072 3549/3072 3522/3081
f 3522/3081 3549/3072 3520/3081
f 3627/2566 3751/2538 4020/2508
f 4682/2617 4717/2618 4657/2613
f 4657/2613 4717/2618 4485/2535
f 4717/2618 4428/2504 4485/2535
f 4485/2535 4428/2504 4333/2481
f 4333/2481 4428/2504 4340/2479
f 4428/2504 4211/2444 4340/2479
f 4340/2479 4211/2444 4244/2453
f 4244/2460 4211/2465 4090/2484
f 4211/2465 4020/2508 4090/2484
f 4020/2508 4015/2511 4090/2484
f 4090/2478 4015/2511 3996/2521
f 4020/2508 3751/2538 4015/2519
f 4015/2519 3751/2538 3733/2541
f 3751/2538 3627/2566 3733/2541
f 3697/2545 3733/2541 3600/2577
f 3733/2541 3627/2566 3600/2577
f 3627/2566 3560/2598 3600/2577
f 3600/2577 3560/2598 3549/2596
f 3549/3072 3560/3073 3076/3031
f 2919/2696 2861/2455 2941/2525
f 2861/3142 2892/3002 2941/3236
f 2941/3381 2892/3294 2947/3370
f 2892/3294 2962/3293 2947/3370
f 2947/3370 2962/3293 3025/3369
f 3025/3822 2962/3817 3034/3821
f 3034/2592 2962/2599 2972/2597
f 2972/2816 2962/3001 2870/2817
f 2962/3001 2892/3002 2870/2817
f 2892/3002 2861/3142 2870/2817
f 2861/2989 3076/3031 2870/2982
f 3076/3031 3560/3073 2870/2982
f 2870/2982 3560/3073 2938/2982
f 2938/2982 3560/3073 3591/3073
f 3560/2598 3627/2566 3591/2598
f 3591/2598 3627/2566 3647/2566
f 3627/2566 4020/2508 3647/2566
f 3647/2566 4020/2508 4042/2508
f 4020/2508 4211/2465 4042/2508
f 4042/2508 4211/2465 4229/2465
f 4229/2444 4211/2444 4360/2504
f 4211/2444 4428/2504 4360/2504
f 4360/2504 4428/2504 4622/2618
f 4428/2504 4717/2618 4622/2618
f 4622/2618 4717/2618 4658/2634
f 4658/2634 4717/2618 4735/2634
f 4717/2625 4682/2617 4735/2634
f 4682/2617 4728/2633 4735/2634
f 4735/2634 4728/2633 4622/2634
f 4622/2634 4728/2633 4653/2633
f 4646/2632 4728/2633 4763/2632
f 4728/2633 4682/2617 4763/2632
f 4216/3633 4154/3628 4251/3627
f 4154/3628 4576/3504 4251/3627
f 4251/3627 4576/3504 4581/3510
f 4576/2606 4670/2632 4581/2606
f 4670/2632 4763/2632 4581/2606
f 4763/2632 4682/2617 4581/2606
f 4682/2617 4657/2613 4581/2606
f 4657/2654 4485/2749 4581/2676
f 4581/2605 4485/2535 4216/2466
f 4485/2535 4333/2481 4216/2466
f 4333/2481 4340/2479 4216/2466
f 4266/2339 4216/2342 4101/2375
f 3382/3412 4101/3488 4239/3523
f 4101/3430 4216/3450 4239/3453
f 4216/2466 4340/2479 4239/2452
f 4340/2479 4244/2453 4239/2452
f 4244/2439 4090/2478 4239/2440
f 4090/2478 3996/2521 4239/2440
f 4199/2409 4239/2417 4082/2364
f 4082/2364 4239/2417 3997/2340
f 4239/2440 3996/2521 3997/2521
f 3997/2521 3996/2521 3957/2521
f 3957/2521 3996/2521 3903/2526
f 3996/2520 4015/2519 3903/2526
f 4015/2519 3733/2541 3903/2526
f 3733/2541 3697/2545 3903/2526
f 3957/2526 3903/2526 3382/2584
f 3903/2526 3697/2545 3382/2584
f 3697/2545 3600/2577 3382/2584
f 3600/2577 3549/2596 3382/2584
f 3549/3072 3076/3031 3382/3071
f 3382/3071 3076/3031 2919/2981
f 3076/3031 2861/2989 2919/2981
f 3049/2235 3082/2235 3080/2235
f 3080/2235 3082/2235 3443/2234
f 3467/2222 3373/2222 3492/2222
f 3492/3404 3373/3404 3459/3405
f 3459/3149 3461/3162 3485/3149
f 3485/3149 3461/3162 2850/3224
f 3461/3162 3085/3204 2850/3224
f 3488/3747 3515/3747 3490/3747
f 3490/3747 3515/3747 3491/3747
f 3491/3241 3515/3241 3355/3116
f 3355/3116 3515/3241 3483/3116
f 4088/2821 4096/2813 3483/2707
f 3455/3748 3483/3748 3459/3749
f 3483/3748 4096/3793 3459/3749
f 4096/3793 4108/3799 3459/3749
f 3459/2355 4002/2297 4082/2363
f 3972/3363 3382/3324 3996/3362
f 3382/3324 4082/3366 3996/3362
f 3996/3362 4082/3366 4081/3368
f 4081/2233 4082/2238 4131/2221
f 4107/8113 4104/8136 3461/8114
f 3457/8159 3458/8159 3382/8155
f 3458/8159 4082/8096 3382/8155
f 3564/7825 3382/7826 3370/7825
f 3382/7826 3779/7783 3370/7825
f 3370/7825 3779/7783 4111/7762
f 4111/7762 3779/7783 4120/7763
f 3779/7783 3382/7826 4120/7763
f 3382/7826 4114/7764 4120/7763
f 3458/7903 3484/7903 3522/7902
f 3484/7903 3520/7902 3522/7902
f 3521/7902 3520/7902 3382/7899
f 3382/7899 3521/7902 3520/7902
f 3030/7886 2919/7886 2982/7886
f 3030/7886 2919/7886 2982/7886
f 3611/7902 3520/7902 3603/7899
f 3520/7902 3382/7899 3603/7899
f 3603/7899 3382/7899 3597/7899
f 3597/7899 3382/7899 3567/7899
f 2919/7886 3382/7899 2849/7887
f 2849/7887 3382/7899 3484/7903
f 3484/7903 3382/7899 3520/7902
f 3611/7902 3520/7902 3603/7899
f 3520/7902 3382/7899 3603/7899
f 3603/7899 3382/7899 3597/7899
f 3597/7899 3382/7899 3567/7899
f 3520/7849 3382/7849 3456/7848
f 3456/7848 3382/7849 3458/7848
f 3382/7849 2919/7824 3458/7848
f 3458/7848 2919/7824 2947/7823
f 2919/7824 2849/7823 2947/7823
f 2841/7823 2877/7823 2947/7823
f 2713/8167 2701/8167 2759/8167
f 2759/8167 2701/8167 2781/8167
f 2877/8168 2842/8168 2699/8168
f 2842/8168 2841/8168 2699/8168
f 2841/8168 2806/8168 2699/8168
f 2806/8168 2781/8167 2699/8168
f 2781/8167 2701/8167 2699/8168
f 3455/8170 3483/8170 3378/8169
f 3489/8169 3378/8169 3514/8169
f 3378/8169 3483/8170 3514/8169
f 3483/8170 2699/8168 3514/8169
f 2699/8168 2701/8167 3514/8169
f 1040/2777 1053/2673 1273/2777
f 1273/2777 1053/2673 1269/2673
f 185/3208 230/3237 284/3283
f 230/3237 310/3282 284/3283
f 284/3136 310/3281 185/3086
f 310/3281 230/3244 185/3086
f 143/3051 139/3182 131/3025
f 131/3025 139/3182 127/3179
f 139/3163 143/3183 127/3158
f 143/3183 131/3159 127/3158
f 131/3025 127/3179 84/2990
f 84/2990 127/3179 109/3177
f 109/3154 127/3158 98/3137
f 127/3158 131/3159 98/3137
f 131/3025 84/2990 98/2995
f 217/2377 190/2368 204/2367
f 185/2528 284/2491 205/2512
f 185/2163 205/2172 284/2187
f 58/3809 292/3755 25/3809
f 848/3522 815/3499 734/3529
f 734/3529 815/3499 641/3506
f 551/3532 641/3506 464/3512
f 467/3828 464/3812 630/3844
f 809/2672 630/2727 806/2709
f 806/2709 630/2727 816/2740
f 630/2727 641/2775 816/2740
f 641/2775 815/2776 816/2740
f 816/2740 815/2776 1273/2777
f 815/2133 848/2162 1273/2117
f 1219/2272 1273/2117 1346/2272
f 1273/2117 848/2162 1346/2272
f 848/3522 734/3529 1346/3595
f 1346/3595 734/3529 852/3615
f 852/3615 734/3529 586/3550
f 734/3529 641/3506 586/3550
f 641/3506 551/3532 586/3550
f 586/3550 551/3532 458/3566
f 551/3532 464/3512 458/3566
f 115/3813 467/3828 470/3860
f 467/3828 630/3844 470/3860
f 463/3878 470/3860 626/3884
f 630/2727 809/2672 626/2671
f 626/2946 809/3065 802/3054
f 783/3038 802/3054 969/3157
f 812/3164 541/2858 528/2858
f 528/2858 541/2858 25/2578
f 25/2578 541/2858 86/2578
f 86/2578 541/2858 555/2858
f 555/2858 541/2858 835/3164
f 541/2858 812/3164 835/3164
f 1059/2120 835/2230 1007/2120
f 835/2230 812/2230 1007/2120
f 812/2230 969/2134 1007/2120
f 1007/2120 969/2134 1123/2120
f 1123/2120 969/2134 1053/2134
f 1053/3092 969/3066 1269/3092
f 969/3066 802/2958 1269/3092
f 802/2958 809/2963 1269/3092
f 806/2709 816/2740 1269/2673
f 816/2740 1273/2777 1269/2673
f 1155/2673 1269/2673 1374/2777
f 1269/2673 1273/2777 1374/2777
f 1374/2777 1273/2777 1247/2777
f 1247/2117 1273/2117 1246/2117
f 1273/2117 1219/2272 1246/2117
f 1246/2117 1219/2272 1137/2272
f 1314/3686 1219/3595 1193/3686
f 1219/3595 1346/3595 1193/3686
f 1346/3595 852/3615 1193/3686
f 852/3615 586/3550 1193/3686
f 586/3550 458/3566 1193/3686
f 1314/3686 1193/3686 455/3566
f 1193/3686 458/3566 455/3566
f 57/3298 43/3297 282/3334
f 326/3755 353/3755 292/3755
f 57/3298 282/3334 292/3340
f 242/3340 312/3340 292/3340
f 312/2755 350/2755 292/2755
f 350/2755 374/2755 292/2755
f 292/3650 374/3650 291/3651
f 374/3650 392/3651 291/3651
f 392/3460 457/3445 291/3460
f 291/3460 457/3445 114/3475
f 114/2912 443/3003 388/2991
f 388/2953 443/2962 601/3089
f 443/2962 463/2977 601/3089
f 626/2946 802/3054 601/2933
f 802/3054 783/3038 601/2933
f 601/2933 783/3038 773/3032
f 783/3038 969/3157 773/3032
f 773/2258 969/2134 795/2253
f 969/2134 812/2230 795/2253
f 795/3130 812/3164 515/2845
f 812/3164 528/2858 515/2845
f 528/2858 25/2578 515/2845
f 515/2845 25/2578 232/2705
f 232/2365 25/2467 44/2468
f 25/3578 292/3650 44/3579
f 292/3650 291/3651 44/3579
f 291/3460 114/3475 44/3478
f 114/2912 388/2991 44/2873
f 44/2873 388/2991 342/2983
f 342/2983 388/2991 581/3105
f 388/2953 601/3089 581/3074
f 601/3473 773/3502 581/3472
f 773/2258 795/2253 581/2390
f 581/2390 795/2253 514/2445
f 795/3130 515/2845 514/2829
f 515/2845 232/2705 514/2829
f 232/2365 44/2468 514/2269
f 44/2468 342/2327 514/2269
f 148/2996 200/3039 469/3196
f 200/3039 258/3056 469/3196
f 216/3538 469/3505 230/3538
f 469/3511 258/3565 230/3538
f 258/3565 200/3570 230/3538
f 194/3237 230/3237 190/3206
f 230/3237 185/3208 190/3206
f 190/3206 185/3208 139/3163
f 139/3163 185/3208 143/3183
f 139/3182 143/3051 190/3213
f 190/3213 143/3051 184/3218
f 143/3051 185/3086 184/3218
f 185/3086 230/3244 184/3218
f 230/3538 200/3570 184/3558
f 184/3558 200/3570 139/3571
f 200/3570 148/3592 139/3571
f 139/3750 148/3760 23/3730
f 1280/2312 1279/2312 1157/2308
f 651/2135 785/2198 654/2136
f 487/3026 596/2938 577/2948
f 577/2948 596/2938 805/2756
f 596/2938 654/2900 805/2756
f 805/2226 654/2136 944/2273
f 654/2136 785/2198 944/2273
f 785/2198 791/2203 944/2273
f 944/2273 791/2203 830/2231
f 1157/2308 830/2231 679/2150
f 830/2231 791/2203 679/2150
f 791/2203 785/2198 679/2150
f 679/2150 785/2186 631/2121
f 785/2198 651/2135 631/2121
f 661/2913 631/2913 326/3110
f 58/3809 86/3809 292/3755
f 86/3809 326/3755 292/3755
f 326/3110 631/2913 292/3110
f 292/3110 631/2913 322/3109
f 631/2913 651/2905 322/3109
f 651/2905 654/2900 322/3109
f 654/2900 596/2938 322/3109
f 596/2938 487/3026 322/3109
f 322/3109 487/3026 296/3108
f 296/3108 487/3026 313/3107
f 487/3026 577/2948 313/3107
f 313/3107 577/2948 368/3107
f 368/3107 577/2948 590/2948
f 577/2948 805/2756 590/2948
f 590/2948 805/2756 820/2756
f 805/2226 944/2273 820/2226
f 820/2226 944/2273 960/2273
f 1658/2310 960/2273 1260/2310
f 960/2273 944/2273 1260/2310
f 944/2273 830/2231 1260/2310
f 610/3766 733/3742 666/3759
f 649/3761 666/3759 786/3733
f 786/3733 666/3759 793/3732
f 666/3759 733/3742 793/3732
f 793/3093 733/3040 819/3122
f 733/3040 759/3077 819/3122
f 819/3122 759/3077 832/3138
f 832/3138 759/3077 995/3220
f 995/3220 759/3077 860/3160
f 860/3160 759/3077 683/2993
f 759/3077 733/3040 683/2993
f 683/3055 733/3225 577/2881
f 733/3225 610/3045 577/2881
f 805/3411 577/3347 513/3327
f 577/2567 610/2717 513/2561
f 610/2717 666/2865 513/2561
f 513/2561 666/2865 534/2712
f 666/3759 649/3761 534/3794
f 534/3794 649/3761 530/3798
f 530/3798 649/3761 305/3858
f 305/3858 649/3761 524/3816
f 524/3816 649/3761 645/3780
f 649/3761 786/3733 645/3780
f 660/3780 645/3780 940/3688
f 645/3780 786/3733 940/3688
f 786/3733 793/3732 940/3688
f 940/3200 793/3093 954/3209
f 793/3093 819/3122 954/3209
f 819/3122 832/3138 954/3209
f 832/3138 995/3220 954/3209
f 954/3209 995/3220 1394/3258
f 1302/3258 1394/3258 1260/3245
f 1394/3258 995/3220 1260/3245
f 995/3220 860/3160 1260/3245
f 860/3426 683/3374 1260/3471
f 683/3374 577/3347 1260/3471
f 577/3347 805/3411 1260/3471
f 1658/3471 1260/3471 811/3411
f 1260/3471 805/3411 811/3411
f 811/3411 805/3411 519/3327
f 805/3411 513/3327 519/3327
f 519/3308 513/3308 368/3330
f 368/3330 513/3308 313/3330
f 513/3308 534/3301 313/3330
f 534/3301 530/3306 313/3330
f 530/3306 305/3332 313/3330
f 374/2325 292/2320 401/2329
f 292/2320 323/2322 401/2329
f 401/2329 323/2322 395/2328
f 323/2319 313/2318 395/2328
f 311/3885 391/3885 358/3858
f 391/3885 381/3858 358/3858
f 381/3332 395/3330 358/3332
f 395/3330 313/3330 358/3332
f 313/3330 305/3332 358/3332
f 358/3858 305/3858 311/3885
f 305/3858 524/3816 311/3885
f 524/3816 645/3780 311/3885
f 645/3780 660/3780 311/3885
f 237/3150 120/3210 207/3166
f 120/3210 46/3247 207/3166
f 207/3166 46/3247 55/3259
f 55/2992 46/2964 147/2904
f 594/2391 637/2353 624/2357
f 624/2593 560/2681 536/2697
f 492/2454 536/2428 399/2505
f 399/2784 536/2697 489/2736
f 536/2697 560/2681 489/2736
f 489/2736 560/2681 690/2560
f 560/2681 624/2593 690/2560
f 624/2593 637/2586 690/2560
f 637/2586 721/2533 690/2560
f 690/2560 721/2533 774/2513
f 774/2236 721/2252 840/2324
f 1026/2352 840/2324 1000/2418
f 763/2274 1000/2137 756/2283
f 1000/2137 840/2208 756/2283
f 840/2208 721/2300 756/2283
f 721/2300 637/2353 756/2283
f 637/2353 594/2391 756/2283
f 756/2283 594/2391 569/2405
f 594/2391 624/2357 569/2405
f 624/2357 536/2428 569/2405
f 536/2428 492/2454 569/2405
f 569/2405 492/2454 209/2546
f 492/2454 399/2505 209/2546
f 399/2505 211/2536 209/2546
f 211/2536 147/2563 209/2546
f 209/2546 147/2563 63/2620
f 147/2563 46/2614 63/2620
f 46/3247 120/3210 63/3246
f 120/3210 237/3150 63/3246
f 63/3246 237/3150 311/3123
f 237/3150 328/3113 311/3123
f 311/3123 328/3113 358/3113
f 391/3123 311/3123 413/3113
f 311/3123 358/3113 413/3113
f 413/3113 358/3113 416/3114
f 358/3113 328/3113 416/3114
f 416/2820 361/2807 414/2819
f 414/3094 361/3094 374/2755
f 350/2755 374/2755 292/2755
f 374/2755 361/3094 292/2755
f 336/3192 307/2959 323/3094
f 307/2959 292/2755 323/3094
f 292/2755 361/3094 323/3094
f 323/2800 361/2807 332/2801
f 361/2807 416/2820 332/2801
f 416/3114 328/3113 332/3114
f 328/3113 237/3150 332/3114
f 237/3150 207/3166 332/3114
f 368/3114 332/3114 225/3166
f 332/3114 207/3166 225/3166
f 225/3166 207/3166 103/3259
f 207/3166 55/3259 103/3259
f 267/2864 103/2992 243/2864
f 103/2992 55/2992 243/2864
f 55/2992 147/2904 243/2864
f 254/2864 243/2864 265/2861
f 243/2864 147/2904 265/2861
f 147/2904 211/2847 265/2861
f 211/2847 399/2784 265/2861
f 399/2784 489/2736 265/2861
f 267/2861 265/2861 294/2861
f 294/2861 265/2861 295/2861
f 265/2861 489/2736 295/2861
f 295/2861 489/2736 508/2736
f 489/2736 690/2560 508/2736
f 508/2736 690/2560 718/2560
f 1091/2298 718/2119 1002/2298
f 718/2119 690/2119 1002/2298
f 690/2119 774/2236 1002/2298
f 774/2236 840/2324 1002/2298
f 840/2324 1026/2352 1002/2298
f 369/3455 461/3464 491/3474
f 491/3474 461/3464 566/3497
f 658/2366 761/2480 752/2376
f 752/2376 761/2480 851/2579
f 851/2579 761/2480 690/2568
f 761/2480 658/2366 690/2568
f 658/2366 566/2356 690/2568
f 690/2568 566/2356 507/2556
f 566/2356 461/2349 507/2556
f 461/2349 306/2345 507/2556
f 507/2556 306/2345 266/2553
f 306/2346 275/2343 266/2333
f 175/2585 55/2448 38/2611
f 38/2627 55/2626 156/2713
f 55/2626 266/2750 156/2713
f 266/2750 275/2757 156/2713
f 156/2713 275/2757 314/2767
f 275/2343 306/2346 314/2347
f 314/3447 306/3431 333/3454
f 306/3431 461/3464 333/3454
f 461/3464 369/3455 333/3454
f 333/3454 369/3455 625/3498
f 369/3455 491/3474 625/3534
f 491/3474 566/3497 625/3534
f 566/3497 658/3539 625/3534
f 625/3534 658/3539 623/3536
f 658/2153 752/2202 623/2118
f 623/2118 752/2202 775/2228
f 775/2228 752/2202 932/2311
f 752/2376 851/2579 932/2382
f 1028/2385 932/2382 1002/2587
f 932/2382 851/2579 1002/2587
f 1091/2587 1002/2587 861/2579
f 1002/2587 851/2579 861/2579
f 861/2579 851/2579 718/2568
f 851/2579 690/2568 718/2568
f 718/2568 690/2568 522/2556
f 690/2568 507/2556 522/2556
f 522/2556 507/2556 327/2553
f 507/2556 266/2553 327/2553
f 327/2750 266/2750 103/2626
f 266/2750 55/2626 103/2626
f 368/2404 103/2448 332/2404
f 103/2448 55/2448 332/2404
f 55/2448 175/2585 332/2404
f 332/2404 175/2585 336/2527
f 307/2943 336/3165 322/2917
f 336/2527 175/2585 322/2664
f 292/3755 322/3754 58/3809
f 322/3754 175/3783 58/3809
f 175/3783 38/3808 58/3809
f 38/2627 156/2713 58/2628
f 156/2713 314/2767 58/2628
f 351/3755 292/3755 105/3809
f 292/3755 58/3809 105/3809
f 58/2628 314/2767 105/2628
f 314/3447 333/3454 407/3447
f 407/3447 333/3454 417/3454
f 333/3454 625/3498 417/3454
f 417/3454 625/3498 648/3498
f 648/3498 625/3498 664/3534
f 664/3534 625/3534 665/3498
f 625/3498 623/3536 665/3498
f 1059/2351 665/2118 1007/2351
f 665/2118 623/2118 1007/2351
f 623/2118 775/2228 1007/2351
f 775/2228 932/2311 1007/2351
f 932/2311 1028/2350 1007/2351
f 1007/2351 1028/2350 1123/2351
f 1123/2351 1028/2350 1200/2350
f 1200/2385 1028/2385 1116/2587
f 1028/2385 1002/2587 1116/2587
f 1002/2298 1026/2352 1116/2298
f 1116/2298 1026/2352 1188/2352
f 1188/2352 1026/2352 1112/2418
f 1026/2352 1000/2418 1112/2418
f 1150/2122 1112/2137 1018/2122
f 1112/2137 1000/2137 1018/2122
f 1000/2137 763/2270 1018/2122
f 1085/3348 1018/3348 784/3408
f 1018/3348 763/3408 784/3408
f 784/3408 763/3408 768/3408
f 763/2274 756/2283 768/2274
f 768/2274 756/2283 585/2405
f 756/2283 569/2405 585/2405
f 585/2405 569/2405 244/2546
f 569/2405 209/2546 244/2546
f 244/2546 209/2546 95/2620
f 209/2546 63/2620 95/2620
f 63/3246 311/3123 95/3246
f 95/3246 311/3123 366/3123
f 311/3885 660/3780 366/3885
f 366/3885 660/3780 677/3780
f 677/3780 660/3780 958/3688
f 660/3780 940/3688 958/3688
f 940/3200 954/3209 958/3200
f 958/3209 954/3209 965/3209
f 965/3209 954/3209 974/3209
f 1535/3284 974/3209 1363/3284
f 974/3209 954/3209 1363/3284
f 954/3209 1394/3258 1363/3284
f 1394/3258 1302/3258 1363/3284
f 1363/3284 1302/3258 1235/3284
f 1302/3258 1260/3245 1360/3245
f 1360/2310 1260/2310 1324/2309
f 1279/2312 1281/2312 1323/2309
f 1281/2312 1324/2309 1323/2309
f 1324/2309 1260/2310 1323/2309
f 1260/2310 830/2231 1323/2309
f 830/2231 1157/2308 1323/2309
f 1323/2309 1157/2308 1279/2312
f 951/2942 963/2947 1061/2973
f 963/2947 1090/2972 1061/2973
f 1090/2312 1279/2312 1061/2312
f 1061/2312 1279/2312 1383/2312
f 1383/2312 1279/2312 1689/2312
f 1689/2312 1279/2312 1665/2308
f 1279/2312 1157/2308 1665/2308
f 1665/2308 1157/2308 1701/2308
f 1701/2308 1157/2308 1552/2308
f 1552/2308 1157/2308 691/2150
f 1157/2308 679/2150 691/2150
f 668/3666 282/3753 699/3652
f 699/3652 282/3753 698/3653
f 698/3620 282/3689 697/3614
f 292/3751 282/3753 653/3665
f 282/3753 668/3666 653/3665
f 668/2984 956/3257 653/3076
f 653/3076 956/3257 968/3269
f 956/3257 668/3075 968/3269
f 668/3075 699/3091 968/3269
f 968/3779 699/3873 1279/3757
f 699/3873 698/3874 1279/3757
f 736/3336 723/3365 446/3337
f 446/3337 723/3365 434/3392
f 434/3392 723/3365 737/3391
f 737/3391 723/3365 1148/3390
f 1148/3390 723/3365 1245/3335
f 723/3365 736/3336 1245/3335
f 1245/3774 736/3697 729/3696
f 736/3697 446/3613 729/3696
f 591/3310 950/3317 583/3299
f 950/2498 1279/2531 583/2307
f 1279/3484 787/3524 583/3612
f 787/3693 698/3756 583/3684
f 292/3715 583/3684 291/3810
f 583/3684 698/3756 291/3810
f 698/2785 706/2797 291/2798
f 706/3687 729/3696 291/3600
f 729/3696 446/3613 291/3600
f 292/3715 291/3810 374/3715
f 374/3715 291/3810 392/3810
f 291/3600 446/3613 392/3613
f 445/2392 731/2506 1314/2612
f 1314/2837 731/2830 1193/2818
f 731/2997 434/3197 1193/2840
f 434/3300 737/3326 1193/3396
f 737/3326 1148/3341 1193/3396
f 1193/3396 1148/3341 1314/3396
f 1314/3396 1148/3341 1228/3341
f 1228/3341 1148/3341 1357/3341
f 1357/3390 1148/3390 1375/3390
f 1375/3390 1148/3390 1145/3335
f 1148/3390 1245/3335 1145/3335
f 1145/3773 1245/3774 1272/3773
f 1245/3774 729/3696 1272/3773
f 729/3696 706/3687 1272/3773
f 706/2797 698/2785 1272/2796
f 1244/2796 1272/2796 1373/2778
f 1272/2796 698/2785 1373/2778
f 698/3756 787/3693 1373/3703
f 787/3524 1279/3484 1373/3435
f 1279/3757 698/3874 1373/3758
f 698/3620 697/3614 1373/3542
f 697/3387 1271/3456 1373/3457
f 1146/3457 1373/3457 1354/3457
f 1354/3457 1373/3457 1353/3457
f 1353/3457 1373/3457 1243/3457
f 1373/3457 1271/3456 1243/3457
f 1243/3403 1271/3403 1274/3444
f 581/2390 514/2445 342/2514
f 109/3154 98/3137 84/3106
f 4780/5450 4736/5445 4769/5450
f 4702/5440 4736/5445 4760/5440
f 4760/5440 4736/5445 4782/5457
f 4999/4491 4994/4360 4782/4359
f 4782/5349 4994/5444 4836/5366
f 4994/5444 5065/5491 4836/5366
f 4836/5366 5065/5491 5037/5467
f 5065/4401 5123/4436 5037/4365
f 5037/4365 5123/4436 5357/4458
f 5357/4458 5123/4436 5129/4444
f 5129/4444 5123/4436 5099/4413
f 5123/4436 5065/4401 5099/4413
f 5065/4361 4994/4360 5099/4593
f 4994/4360 4999/4491 5099/4593
f 5099/4593 4999/4491 4780/4592
f 4999/4491 4782/4359 4780/4592
f 4782/5457 4736/5445 4780/5450
f 4777/5450 4780/5450 4753/5445
f 4780/5450 4736/5445 4753/5445
f 4753/5445 4736/5445 4661/5445
f 4661/5445 4736/5445 4626/5445
f 4736/5445 4702/5440 4626/5445
f 4626/5445 4702/5440 4642/5440
f 4642/5440 4702/5440 4651/5441
f 4651/5441 4702/5440 4725/5441
f 4702/5440 4760/5440 4725/5441
f 4760/5440 4782/5457 4725/5441
f 4782/5457 4836/5472 4725/5441
f 4711/5441 4725/5441 4762/5472
f 4725/5441 4836/5472 4762/5472
f 4762/5366 4836/5366 5011/5467
f 4836/5366 5037/5467 5011/5467
f 5011/4365 5037/4365 5162/4458
f 5037/4365 5357/4458 5162/4458
f 5162/4458 5357/4458 5223/4469
f 5223/4469 5357/4458 5565/4469
f 5357/4457 5129/4444 5565/4469
f 5129/4444 5547/4468 5565/4469
f 5547/4468 5445/4468 5565/4469
f 5461/4469 5565/4469 5445/4468
f 5445/4468 5547/4468 5502/4467
f 5502/4467 5547/4468 5430/4467
f 5547/4468 5129/4444 5430/4467
f 5129/4444 5099/4413 5430/4467
f 5430/4467 5099/4413 5233/4467
f 5233/4467 5099/4413 5076/4413
f 5099/4593 4780/4592 5076/4593
f 5076/4593 4780/4592 4716/4592
f 2557/4875 2379/4856 2407/4862
f 2345/5128 2536/5053 2221/5210
f 2536/4957 2407/4862 2221/4834
f 2407/4862 2379/4856 2221/4834
f 2379/4849 2202/4790 2221/4794
f 2221/5210 2202/5213 2010/5287
f 2202/5216 2011/5293 2010/5287
f 2010/5287 2011/5293 1839/5350
f 1839/5350 2011/5293 1831/5355
f 2011/5293 1956/5300 1831/5355
f 1831/5355 1956/5300 1517/5456
f 1517/5456 1956/5300 2132/5251
f 1956/5300 2011/5293 2132/5251
f 2011/5293 2202/5216 2132/5251
f 2202/4786 2379/4849 2132/4744
f 2379/4760 2557/4875 2132/4586
f 2132/4586 2557/4875 2551/4869
f 2551/4869 2557/4875 2581/4878
f 2557/4875 2407/4862 2581/4878
f 2407/4862 2536/4957 2581/4878
f 2536/4957 2550/4961 2581/4878
f 2581/4878 2550/4961 2599/4888
f 2599/4888 2550/4961 2637/4991
f 2687/4972 2637/4993 2602/4982
f 2602/4982 2637/4993 2466/5046
f 2637/4993 2550/5045 2466/5046
f 2550/5045 2536/5053 2466/5046
f 2536/5053 2345/5128 2466/5046
f 1772/5396 2133/5223 2164/5206
f 2133/5223 2466/5046 2164/5206
f 2466/5046 2345/5128 2164/5206
f 2345/5128 2221/5210 2164/5206
f 2221/5210 2010/5287 2164/5206
f 2010/5287 1839/5350 2164/5206
f 2164/5206 1839/5350 1772/5396
f 1839/5350 1831/5355 1772/5396
f 1831/5355 1517/5456 1772/5396
f 1772/5396 1517/5456 1463/5439
f 1614/5439 1463/5439 1482/5456
f 1463/5439 1517/5456 1482/5456
f 1482/5456 1517/5456 1604/5473
f 1604/5473 1517/5456 1603/5473
f 1603/5473 1517/5456 1677/5473
f 1677/5473 1517/5456 1804/5425
f 1804/5425 1517/5456 2125/5254
f 1517/5456 2132/5251 2125/5254
f 2132/4586 2551/4869 2125/4583
f 2125/4583 2551/4869 2248/4661
f 2248/4661 2551/4869 2249/4661
f 2272/4661 2249/4661 2567/4869
f 2249/4661 2551/4869 2567/4869
f 2551/4869 2581/4878 2567/4869
f 2567/4869 2581/4878 2613/4878
f 2581/4878 2599/4888 2613/4878
f 2613/4878 2599/4888 2631/4888
f 2998/4949 2631/4888 2873/4949
f 2631/4888 2599/4888 2873/4949
f 2599/4888 2637/4991 2873/4949
f 2637/4991 2687/5027 2873/4949
f 2687/5027 2932/5072 2873/4949
f 2932/5072 2995/5072 2873/4949
f 3022/4949 2873/4949 3053/5072
f 2873/4949 2995/5072 3053/5072
f 3053/4943 2995/4943 3065/4921
f 2995/4943 2932/4943 3065/4921
f 3065/4921 2932/4943 2986/4921
f 2932/4943 2687/4972 2986/4921
f 2687/4972 2602/4982 2986/4921
f 3032/4921 2986/4921 2622/4982
f 2986/4921 2602/4982 2622/4982
f 2622/4982 2602/4982 2495/5046
f 2602/4982 2466/5046 2495/5046
f 2495/5046 2466/5046 2144/5223
f 2466/5046 2133/5223 2144/5223
f 2144/5223 2133/5223 1796/5396
f 2133/5223 1772/5396 1796/5396
f 1796/5396 1772/5396 1713/5439
f 1772/5396 1463/5439 1713/5439
f 3537/4847 3442/4577 3407/4847
f 3442/4577 3361/4577 3407/4847
f 3361/4577 3548/4847 3407/4847
f 3376/4942 2318/5085 2327/5085
f 2327/4362 2318/4362 1436/4502
f 1462/4502 1436/4502 2329/4362
f 1436/4502 2318/4362 2329/4362
f 2318/5085 3376/4942 2329/5085
f 3432/5464 3347/5464 3390/5215
f 3390/5215 3347/5464 3377/5215
f 3347/5464 3554/5464 3377/5215
f 4418/4578 4419/4578 5520/4466
f 4419/4578 4440/4578 5520/4466
f 4440/4578 5440/4466 5520/4466
f 1751/5470 1795/5449 1761/5465
f 2974/5477 3046/5482 2887/5471
f 2887/5471 3046/5482 3031/5483
f 3031/5483 3046/5482 3061/5493
f 3046/5387 2974/5397 3052/5388
f 2974/5403 2931/5404 3052/5388
f 2931/5406 2964/5390 3052/5405
f 2964/5390 3056/5389 3052/5405
f 2925/5301 2966/5384 3012/5301
f 2966/5384 3017/5384 3012/5301
f 2837/4587 2391/4773 2997/4570
f 2391/4773 2225/4842 2997/4570
f 1750/5059 2213/4871 2203/4870
f 2159/4627 1787/4798 1717/4823
f 1787/5380 1775/5386 1717/5381
f 1775/5386 1545/5402 1717/5381
f 5464/4711 5427/4478 5566/4711
f 5427/4478 4799/4579 5566/4711
f 4832/4850 5566/4711 4427/4712
f 5566/4711 4799/4579 4427/4712
f 3986/4580 4427/4712 4435/4479
f 4427/4712 4799/4579 4435/4479
f 4799/4579 5427/4478 4435/4479
f 4414/4479 4415/4479 5493/4478
f 4415/4479 4435/4479 5493/4478
f 4435/4479 5427/4478 5493/4478
f 5427/4478 5464/4711 5493/4478
f 5493/4478 5464/4711 5552/4711
f 5552/4711 5464/4711 5520/4964
f 5418/4752 5520/4536 5485/4752
f 4838/4917 5579/4752 4431/4881
f 5579/4752 4806/4705 4431/4881
f 4422/5052 4423/5052 3377/5215
f 2299/4429 2298/4471 1508/4472
f 1462/5043 1508/4833 1975/4912
f 1975/4912 1508/4833 2291/4789
f 1508/4833 2298/4675 2291/4789
f 2298/4692 2576/4584 2291/4724
f 2596/4641 2291/4724 3301/4514
f 2291/4724 2576/4584 3301/4514
f 3301/4514 2576/4584 3095/4477
f 2576/4584 2298/4692 3095/4477
f 2298/4471 2299/4429 3095/4470
f 3095/4470 2299/4429 3092/4366
f 3092/4366 2299/4429 2286/4367
f 2286/4367 2299/4429 1631/4368
f 2299/4429 1508/4472 1631/4368
f 1631/4368 1508/4472 1475/4368
f 1475/4368 1508/4472 1653/4472
f 1653/4472 1508/4472 1633/4472
f 1633/4833 1508/4833 1479/4833
f 1508/4833 1462/5043 1479/4833
f 1479/4833 1462/5043 1436/5043
f 1462/4502 1641/4690 1436/4502
f 1436/4502 1641/4690 1640/4690
f 1640/4845 1641/4845 1582/4582
f 1410/5028 1583/5035 1577/5028
f 1577/5028 1583/5035 1428/5035
f 1583/5035 1414/5035 1428/5035
f 1414/4582 1582/4582 1428/4582
f 1582/4582 1641/4845 1428/4582
f 1691/5017 1577/5028 1675/5029
f 1577/5028 1428/5035 1675/5029
f 1139/5017 1691/5017 1153/5029
f 1691/5017 1675/5029 1153/5029
f 1153/5029 1675/5029 1249/5029
f 1249/4575 1675/4575 1413/4575
f 1413/4575 1675/4575 2332/4576
f 1675/4575 2315/4576 2332/4576
f 3442/4577 2315/4576 2326/4576
f 2315/4576 1675/4575 2326/4576
f 1675/4575 1428/4582 2326/4576
f 2326/4576 1428/4582 1998/4709
f 1998/4709 1428/4582 1529/4845
f 1428/4582 1641/4845 1529/4845
f 1641/4690 1462/4502 1529/4690
f 1529/4690 1462/4502 1995/4523
f 1995/4523 1462/4502 2329/4362
f 1462/5043 1975/4912 2329/5042
f 1975/4863 2291/4724 2329/4785
f 2291/4724 2596/4641 2329/4785
f 2329/4785 2596/4641 3376/4560
f 2596/4641 3301/4514 3376/4560
f 2329/5042 2318/5042 1462/5043
f 1436/5043 1462/5043 2327/5042
f 1462/5043 2318/5042 2327/5042
f 2329/4785 3376/4560 3367/4560
f 3376/5418 3347/5419 3367/5418
f 3367/5418 3347/5419 3554/5419
f 3554/5419 3347/5419 3377/5420
f 3377/5420 3347/5419 3390/5420
f 3390/5420 3347/5419 3432/5419
f 3347/5419 3376/5418 3432/5419
f 3376/5418 3301/5432 3432/5419
f 3432/5419 3301/5432 3390/5420
f 3301/5432 3095/5437 3390/5420
f 3377/5215 4410/5052 3390/5215
f 4410/5052 3984/5243 3390/5215
f 3390/5215 3984/5243 3432/5464
f 3984/4364 4431/4415 3432/4517
f 3432/4517 4431/4415 3989/4546
f 3989/4546 4431/4415 4440/4578
f 4431/4415 4806/4443 4440/4578
f 4440/4578 4806/4443 5440/4466
f 4806/4705 5579/4752 5440/4536
f 5579/4752 5485/4752 5440/4536
f 5485/4752 5520/4536 5440/4536
f 5520/4964 5464/4711 5440/4964
f 5464/4711 5566/4711 5440/4964
f 5566/4711 4832/4850 5440/4964
f 5440/4964 4832/4850 4440/4965
f 4832/4850 4427/4712 4440/4965
f 4427/4712 3978/4851 4440/4965
f 4440/4965 4419/4965 5440/4964
f 5520/4964 5440/4964 4418/4965
f 5440/4964 4419/4965 4418/4965
f 4418/4965 4419/4965 3367/4966
f 4419/4965 4440/4965 3367/4966
f 3367/4966 4440/4965 3376/4966
f 4440/4965 3978/4851 3376/4966
f 3376/4966 3407/4713 3367/4966
f 3367/4966 3407/4713 3537/4713
f 3537/4713 3407/4713 3442/4480
f 3442/4480 3407/4713 3361/4480
f 3361/4480 3407/4713 3548/4713
f 3407/4713 3376/4966 3548/4713
f 3978/4851 4427/4712 3548/4713
f 4427/4712 3986/4580 3548/4713
f 3548/4713 3986/4580 3361/4480
f 3986/4580 4435/4479 3361/4480
f 4435/4479 4415/4479 3361/4480
f 4415/4479 4414/4479 3361/4480
f 4414/4479 3442/4480 3361/4480
f 3442/4577 2326/4576 3361/4577
f 2326/4576 2617/4710 3361/4577
f 3361/4577 2617/4710 3548/4847
f 3548/4847 2617/4710 2324/4846
f 2617/4710 2326/4576 2324/4846
f 2326/4576 1998/4709 2324/4846
f 1998/4709 1529/4845 2324/4846
f 1529/5492 1995/5281 2324/5313
f 1995/5281 2329/5085 2324/5313
f 2324/5313 2329/5085 2615/5126
f 2615/5126 2329/5085 3376/4942
f 2319/5142 2421/5193 2466/5244
f 2421/5193 2477/5227 2466/5244
f 2466/5244 2477/5227 2602/5304
f 2602/5304 2477/5227 2583/5269
f 3012/5301 2964/5301 3017/5384
f 2964/5301 2997/5385 3017/5384
f 3057/5384 3017/5384 3068/5385
f 3017/5384 2997/5385 3068/5385
f 3068/5342 2997/5342 3058/5342
f 3058/5342 2997/5342 3018/5342
f 3018/5342 2997/5342 2935/5336
f 2935/5336 2997/5342 2901/5336
f 2997/5342 2879/5367 2901/5336
f 2879/5367 2583/5269 2901/5336
f 2967/5336 2901/5336 2391/5141
f 2901/5336 2583/5269 2391/5141
f 2583/5269 2477/5227 2391/5141
f 2477/5227 2421/5193 2391/5141
f 2421/5193 2263/5086 2391/5141
f 2405/5141 2391/5141 2159/5009
f 2159/5009 2391/5141 2141/5009
f 2141/5009 2391/5141 2184/5054
f 2184/5054 2391/5141 2235/5077
f 2391/5141 2263/5086 2235/5077
f 2235/5077 2263/5086 2097/5018
f 2097/5018 2263/5086 2104/5030
f 2263/5086 2421/5193 2104/5030
f 2421/5193 2319/5142 2104/5030
f 1927/4970 2104/5030 2154/5078
f 2104/5030 2319/5142 2154/5078
f 2319/5142 2466/5244 2154/5078
f 2154/5078 2466/5244 2171/5078
f 2172/5078 2171/5078 2481/5244
f 2171/5078 2466/5244 2481/5244
f 2466/5244 2602/5304 2481/5244
f 2481/5244 2602/5304 2622/5304
f 3007/5407 2622/5304 2887/5407
f 2622/5304 2602/5304 2887/5407
f 2602/5304 2583/5269 2887/5407
f 2583/5269 2879/5367 2887/5407
f 2887/5407 2879/5367 2948/5372
f 2879/5367 2997/5342 2948/5372
f 2278/5114 2289/5119 1721/4873
f 1721/4873 2289/5119 1751/4877
f 2289/5119 2288/5121 1751/4877
f 1795/5047 1751/5031 1761/5040
f 1751/4877 2288/5121 1761/4882
f 2288/5121 2284/5122 1761/4882
f 2284/5122 2308/5129 1761/4882
f 1761/4882 2308/5129 1795/4893
f 2308/5129 2313/5130 1795/4893
f 1761/5465 1795/5449 2290/5232
f 1795/4893 2313/5130 2290/5123
f 2290/5123 2313/5130 2997/5385
f 2313/5130 2308/5129 2997/5385
f 3012/5301 2931/5301 3017/5384
f 2931/5301 2901/5385 3017/5384
f 2901/5385 2997/5385 3017/5384
f 2997/5385 2308/5129 3017/5384
f 2308/5129 2284/5122 3017/5384
f 2284/5122 2288/5121 3017/5384
f 3017/5302 2288/5121 3012/5301
f 2288/5121 2289/5119 3012/5301
f 2289/5119 2278/5114 3012/5301
f 2278/5114 2268/5109 3012/5301
f 2268/4539 2201/4555 3012/4363
f 2201/4555 2705/4412 3012/4363
f 3012/4363 2705/4412 2786/4412
f 2786/4498 2705/4498 2795/4569
f 2749/4569 2795/4569 2708/4569
f 2795/4569 2705/4498 2708/4569
f 2708/4569 2705/4498 2224/4568
f 2224/4568 2705/4498 2208/4534
f 2208/4534 2705/4498 2210/4497
f 2705/5168 2201/5331 2210/5320
f 2210/5320 2201/5331 1400/5490
f 1474/4749 1400/4751 1503/4749
f 1400/4751 2201/4555 1503/4749
f 2201/4555 2268/4539 1503/4749
f 2268/5109 2278/5114 1503/4923
f 2278/5114 1721/4873 1503/4848
f 1721/4873 1667/4864 1503/4848
f 1503/4848 1667/4864 1629/4841
f 1667/4864 1545/4857 1629/4841
f 1604/7765 1603/7765 1553/7766
f 1603/7765 1677/7765 1553/7766
f 1553/7766 1677/7765 1668/7766
f 1677/7765 1803/7773 1668/7766
f 1803/7773 1878/7785 1668/7766
f 1668/7766 1878/7785 1704/7766
f 1704/7766 1878/7785 1896/7785
f 2272/7850 1896/7785 2250/7850
f 1896/7785 1878/7785 2250/7850
f 2250/7850 1878/7785 2248/7850
f 1878/7785 1803/7773 2248/7850
f 2248/7850 1803/7773 2125/7827
f 3536/7791 3406/7791 3366/7889
f 3366/7889 3406/7791 3375/7889
f 3406/7791 3548/7791 3375/7889
f 3548/7791 2324/7768 2615/7806
f 3366/8071 3375/8071 4418/8003
f 4418/8003 3375/8071 4419/8003
f 4419/8003 3375/8071 4440/8003
f 4440/8003 3375/8071 3990/7992
f 3990/7992 3375/8071 3432/7986
f 3432/7986 3375/8071 3347/7986
f 3375/8071 3366/8071 3347/7986
f 3366/8071 3554/7986 3347/7986
f 4838/8106 4430/8165 4410/8082
f 4430/8165 3985/8150 4410/8082
f 4766/7771 4980/7776 4983/7777
f 5131/7967 5148/7969 5115/7963
f 5148/7969 5044/7948 5115/7963
f 5115/7963 5044/7948 5068/7952
f 5044/7948 4939/7939 5068/7952
f 4939/7939 4983/7943 5068/7952
f 5068/7787 4983/7777 5073/7788
f 4983/7777 4980/7776 5073/7788
f 5079/7788 5073/7788 5067/7788
f 5067/7788 5073/7788 5066/7788
f 4674/7767 5066/7788 4745/7767
f 5066/7788 5073/7788 4745/7767
f 5073/7788 4980/7776 4745/7767
f 4980/7776 4766/7771 4745/7767
f 4766/7771 4732/7771 4745/7767
f 4745/7767 4732/7771 4632/7767
f 4632/7767 4732/7771 4655/7771
f 4655/7911 4732/7911 4625/7912
f 4625/7912 4732/7911 4737/7912
f 4732/7911 4766/7911 4737/7912
f 4766/7911 4983/7943 4737/7912
f 4983/7943 4939/7939 4737/7912
f 4939/7939 5044/7948 4737/7912
f 4662/7912 4737/7912 5016/7948
f 4737/7912 5044/7948 5016/7948
f 5016/7948 5044/7948 5116/7969
f 5044/7948 5148/7969 5116/7969
f 5116/7969 5148/7969 5233/7973
f 5233/7973 5148/7969 5519/7973
f 5148/7969 5131/7967 5519/7973
f 5131/7967 5422/7975 5519/7973
f 5422/7975 5576/7975 5519/7973
f 5586/7973 5519/7973 5480/7975
f 5519/7973 5576/7975 5480/7975
f 5480/7840 5576/7840 5455/7836
f 5576/7840 5422/7840 5455/7836
f 5455/7836 5422/7840 5561/7836
f 5422/7840 5131/7811 5561/7836
f 5079/7789 5327/7836 5088/7789
f 5327/7836 5561/7836 5088/7789
f 5561/7836 5131/7811 5088/7789
f 5131/7811 5115/7797 5088/7789
f 5115/7797 5068/7787 5088/7789
f 5068/7787 5073/7788 5088/7789
f 5088/7789 5073/7788 5078/7789
f 2203/7905 2213/7905 2638/7906
f 2213/7905 2663/7906 2638/7906
f 2749/8164 2709/8164 2706/8164
f 1651/8013 1664/8013 1652/8013
f 1652/8013 1664/8013 1538/8013
f 1538/8013 1664/8013 1502/8014
f 1664/8013 1645/8014 1502/8014
f 1502/8014 1645/8014 1401/8014
f 1401/8014 1645/8014 1662/8014
f 1662/8014 1645/8014 1400/8022
f 1913/7953 1797/7936 1959/7954
f 1797/7936 1747/7928 1959/7954
f 1959/7954 1747/7928 1898/7951
f 1898/7951 1747/7928 1888/7950
f 1747/7928 1724/7918 1888/7950
f 1724/8109 1879/8060 1888/8051
f 1888/8051 1879/8060 2121/8008
f 2121/8008 1879/8052 1546/8094
f 1879/8052 1724/8109 1546/8116
f 1724/8109 1674/8111 1546/8116
f 1674/8111 1580/8111 1546/8116
f 1657/8116 1546/8116 1581/8111
f 1546/8116 1580/8111 1581/8111
f 1581/7913 1580/7913 1614/7914
f 1580/7913 1674/7913 1614/7914
f 1614/7914 1674/7913 1463/7914
f 1674/7913 1724/7918 1463/7914
f 1724/7918 1747/7928 1463/7914
f 1463/7914 1747/7928 1712/7914
f 1712/7914 1747/7928 1778/7928
f 1747/7928 1797/7936 1778/7928
f 1778/7928 1797/7936 1817/7936
f 1797/8088 1831/8093 1817/8088
f 1817/8088 1831/8093 1838/8093
f 1838/8093 1831/8093 1850/8093
f 2172/8147 1850/8093 2171/8147
f 1850/8093 1831/8093 2171/8147
f 2171/8147 1831/8093 2154/8147
f 2154/8147 1831/8093 1927/8130
f 1831/8093 1797/8088 1927/8130
f 1797/8088 1913/8120 1927/8130
f 1927/8130 1913/8120 2104/8142
f 2104/8142 1913/8120 2097/8139
f 1913/8120 1959/8129 2097/8139
f 2097/7859 1959/7833 2236/7878
f 2236/7878 1959/7833 2183/7875
f 2183/8005 1959/8040 2141/8007
f 1959/8040 1898/8046 2141/8007
f 1898/8046 1888/8051 2141/8007
f 1888/8051 2121/8008 2141/8007
f 2121/8008 1546/8116 2141/8007
f 2463/7855 2246/7837 2176/7876
f 2176/8070 1503/7980 2175/8069
f 2170/8068 2175/8069 1666/7979
f 2175/8069 1503/7980 1666/7979
f 1666/7979 1503/7980 1546/7977
f 1546/7977 1503/7980 1628/7978
f 1630/7981 1628/7978 1646/7981
f 1628/7978 1503/7980 1646/7981
f 1503/7980 2176/8070 1646/7981
f 2176/8070 2246/8083 1646/7981
f 2246/7909 2239/7910 1646/7842
f 1476/7843 1646/7842 1631/7843
f 1646/7842 2239/7910 1631/7843
f 1631/7843 2239/7910 2287/7916
f 2239/7926 2546/7882 2287/7917
f 2287/7917 2546/7882 3092/7844
f 3012/7852 3092/7844 2931/7852
f 3092/7844 2546/7882 2931/7852
f 2546/7882 2239/7926 2931/7852
f 2239/7926 2246/7927 2931/7852
f 2246/7837 2463/7855 2931/7838
f 2967/7907 2901/7907 2639/7906
f 2639/7906 2901/7907 2638/7906
f 2901/7907 2931/7838 2638/7906
f 2931/7838 2463/7855 2638/7906
f 2463/7855 2176/7876 2638/7906
f 2176/7876 2175/7877 2638/7906
f 2175/7877 2170/7905 2638/7906
f 2638/7906 2170/7905 2203/7905
f 3013/4700 2976/4701 3021/4701
f 3021/4701 2976/4701 3006/4702
f 3006/4702 2976/4701 2864/4702
f 2864/4702 2976/4701 2818/4701
f 2818/4701 2976/4701 2868/4700
f 2976/4701 3013/4700 2868/4700
f 4771/4697 4751/4693 4774/4696
f 4774/4696 4751/4693 4770/4695
f 4770/4695 4751/4693 4677/4684
f 4677/4684 4751/4693 4691/4685
f 4691/4685 4751/4693 4679/4686
f 4751/4693 4771/4697 4679/4686
f 3379/5368 3479/5368 3557/5369
f 3435/5369 3557/5369 3480/5368
f 3557/5369 3479/5368 3480/5368
f 3480/5373 3479/5373 3543/5374
f 3479/5373 3379/5373 3543/5374
f 3405/4609 3526/4609 3562/4610
f 3526/4609 3464/4610 3562/4610
f 3766/4511 3693/4529 4077/4447
f 4331/5276 4455/5225 4417/5238
f 4417/5238 4455/5225 4503/5182
f 4664/5087 4561/5135 4619/5102
f 4561/5135 4503/5181 4619/5102
f 4619/5102 4503/5181 4492/5203
f 4503/5181 4455/5224 4492/5203
f 4455/5224 4331/5275 4492/5203
f 4492/5203 4331/5275 4221/5305
f 4331/5275 4248/5314 4221/5305
f 4248/4402 4091/4438 4221/4369
f 4221/4369 4091/4438 3968/4464
f 4091/4438 4077/4447 3968/4464
f 4077/4447 3693/4529 3968/4464
f 3968/4464 3693/4529 3699/4518
f 3699/4541 3693/4540 3562/4610
f 3562/4610 3693/4540 3405/4609
f 3693/4540 3766/4525 3405/4609
f 3337/4779 3075/4756 3145/4774
f 3145/4774 3075/4756 2915/4733
f 2915/4733 3075/4756 2929/4734
f 3075/4756 3337/4779 2929/4734
f 2929/4714 3337/4779 3405/4783
f 3405/4783 3337/4779 3562/4782
f 3562/4782 3463/4782 3405/4783
f 3526/4783 3405/4783 3464/4782
f 3405/4783 3463/4782 3464/4782
f 3464/4782 3463/4782 3419/4781
f 3463/4782 3562/4782 3419/4781
f 3419/4781 3562/4782 3553/4781
f 3562/4782 3337/4779 3553/4781
f 3337/4779 3145/4774 3553/4781
f 3588/4781 3553/4781 3575/4774
f 3553/4781 3145/4774 3575/4774
f 3575/4774 3145/4774 3543/4774
f 3543/4774 3145/4774 2936/4728
f 2936/4728 3145/4774 2868/4728
f 3145/4774 2915/4733 2868/4728
f 2868/4700 2915/4707 2818/4701
f 2818/4701 2915/4707 2864/4702
f 2915/4707 2929/4708 2864/4702
f 2864/4702 2929/4708 2833/4702
f 2833/4702 2929/4708 2896/4708
f 2896/4734 2929/4734 2961/4714
f 2961/4714 2929/4714 2988/4734
f 2929/4734 3405/4783 2988/4734
f 2988/4734 3405/4783 3596/4783
f 4274/4973 4262/4973 4250/4973
f 4262/4973 3596/4865 4250/4973
f 3596/4865 3405/4865 4250/4973
f 3405/4865 3766/4992 4250/4973
f 3766/4511 4077/4447 4250/4419
f 4077/4447 4091/4438 4250/4419
f 4250/4419 4091/4438 4218/4416
f 4091/4438 4248/4402 4218/4416
f 4248/5315 4331/5276 4218/5322
f 4331/5276 4417/5238 4218/5322
f 4218/5322 4417/5238 4215/5322
f 4215/5322 4417/5238 4392/5238
f 4392/5238 4417/5238 4494/5174
f 4514/5174 4505/5174 4524/5174
f 4505/5174 4494/5174 4524/5174
f 4494/5174 4417/5238 4524/5174
f 4417/5238 4503/5182 4524/5174
f 4525/5169 4524/5174 4537/5169
f 4524/5174 4503/5182 4537/5169
f 4503/5182 4561/5136 4537/5169
f 4561/5136 4664/5088 4537/5169
f 4514/5169 4537/5169 4668/5073
f 4668/5073 4537/5169 4756/5073
f 4537/5169 4664/5088 4756/5073
f 4664/5088 4748/5068 4756/5073
f 4748/5068 4729/5068 4756/5073
f 4756/5073 4729/5068 4645/5073
f 4645/5073 4729/5068 4628/5068
f 4628/5066 4729/5066 4649/5067
f 4649/5067 4729/5066 4757/5067
f 4729/5066 4748/5066 4757/5067
f 4748/5066 4664/5087 4757/5067
f 4664/5087 4619/5102 4757/5067
f 4757/5067 4619/5102 4707/5067
f 4707/5067 4619/5102 4583/5102
f 4619/5102 4492/5203 4583/5102
f 4583/5102 4492/5203 4454/5203
f 4492/5203 4221/5305 4454/5203
f 4454/5203 4221/5305 4237/5305
f 4237/4369 4221/4369 3995/4464
f 4221/4369 3968/4464 3995/4464
f 3995/4495 3968/4495 3598/4611
f 3598/4611 3968/4495 3418/4611
f 3968/4495 3699/4541 3418/4611
f 3699/4541 3562/4610 3418/4611
f 3562/4610 3464/4610 3418/4611
f 3464/4610 3543/4611 3418/4611
f 3543/5374 3379/5373 3418/5374
f 3379/5484 3380/5484 3418/5485
f 3543/5485 3418/5485 3381/5484
f 3418/5485 3380/5484 3381/5484
f 3381/5399 3380/5399 3444/5410
f 3380/5399 3379/5399 3444/5410
f 3379/5399 3353/5410 3444/5410
f 3557/5398 3354/5410 3353/5410
f 2918/5332 3002/5332 2906/5328
f 2906/5328 3002/5332 3041/5328
f 3041/5328 3002/5332 3047/5332
f 3047/5421 3002/5421 3038/5422
f 3038/5422 3002/5421 2903/5422
f 3002/5421 2918/5421 2903/5422
f 2918/5421 3083/5451 2903/5422
f 4222/4858 4366/4827 4302/4805
f 3624/4630 3679/4663 3616/4619
f 3616/4619 3679/4663 3745/4677
f 3679/4663 3736/4676 3745/4677
f 3745/4600 3736/4599 3968/4642
f 3736/4599 3769/4603 3968/4642
f 3769/4603 3963/4646 3968/4642
f 3968/4642 3963/4646 4221/4746
f 3963/4646 4213/4745 4221/4746
f 4213/4791 4302/4811 4221/4787
f 4221/4787 4302/4811 4342/4820
f 4302/4811 4366/4829 4342/4820
f 4342/4820 4366/4829 4492/4885
f 4366/4829 4504/4901 4492/4885
f 4504/4901 4531/4913 4492/4885
f 4492/4885 4531/4913 4519/4914
f 4531/4913 4554/4933 4519/4914
f 4519/4914 4554/4933 4593/4952
f 4593/4952 4554/4933 4675/4971
f 4675/4963 4554/4930 4752/5044
f 4520/4967 4752/5044 4528/4962
f 4752/5044 4554/4930 4528/4962
f 4554/4930 4531/4906 4528/4962
f 4531/4906 4504/4894 4528/4962
f 4504/4894 4366/4827 4528/4962
f 4366/4827 4222/4858 4528/4962
f 4528/4604 4222/4699 4243/4706
f 4222/4858 4302/4805 4243/4852
f 4302/4805 4213/4788 4243/4852
f 4213/4445 3963/4508 4243/4446
f 4243/4446 3963/4508 3649/4594
f 3963/4508 3769/4547 3649/4594
f 3769/4682 3736/4676 3649/4662
f 3736/4676 3679/4663 3649/4652
f 3679/4663 3624/4630 3649/4652
f 3649/4652 3624/4630 3614/4618
f 3614/5408 3624/5426 3418/5374
f 3624/5426 3616/5409 3418/5374
f 2903/5422 3418/5485 2994/5422
f 2994/5422 3418/5485 3598/5485
f 3418/5374 3616/5409 3598/5374
f 3598/5374 3616/5409 3635/5409
f 3616/4619 3745/4677 3635/4619
f 3635/4619 3745/4677 3781/4677
f 3745/4600 3968/4642 3781/4600
f 3781/4600 3968/4642 3995/4642
f 3968/4642 4221/4746 3995/4642
f 3995/4642 4221/4746 4237/4746
f 4237/4787 4221/4787 4306/4820
f 4221/4787 4342/4820 4306/4820
f 4306/4820 4342/4820 4454/4885
f 4342/4820 4492/4885 4454/4885
f 4454/4885 4492/4885 4496/4914
f 4492/4885 4519/4914 4496/4914
f 4496/4914 4519/4914 4572/4952
f 4519/4914 4593/4952 4572/4952
f 4572/4952 4593/4952 4707/4984
f 4707/4984 4593/4952 4770/4984
f 4770/4984 4593/4952 4779/4983
f 4593/4952 4675/4971 4779/4983
f 4675/4963 4752/5044 4779/4977
f 4779/4977 4752/5044 4767/5010
f 4767/5010 4752/5044 4771/5061
f 4752/5044 4520/4967 4771/5061
f 4771/5061 4520/4967 4721/5061
f 4721/5061 4520/4967 4497/4967
f 4497/4967 4520/4967 4491/4967
f 4491/4967 4520/4967 4490/4967
f 4520/4967 4528/4962 4490/4967
f 4528/4604 4243/4706 4490/4604
f 4490/4604 4243/4706 4241/4706
f 4241/4446 4243/4446 3658/4594
f 4243/4446 3649/4594 3658/4594
f 3658/4662 3649/4662 3659/4652
f 3659/4652 3649/4652 3655/4652
f 3655/5321 3649/5321 3589/5369
f 3589/5369 3649/5321 3557/5369
f 3557/5369 3649/5321 3379/5368
f 3649/5321 3614/5339 3379/5368
f 3614/5408 3418/5374 3379/5373
f 3418/5485 2903/5422 3379/5484
f 2903/5422 3083/5451 3379/5484
f 3379/5399 3083/5361 3557/5398
f 3083/5361 2918/5332 3557/5398
f 2918/5332 2906/5328 3557/5398
f 3379/5399 3557/5398 3353/5410
f 3599/5410 3353/5410 3612/5398
f 3353/5410 3557/5398 3612/5398
f 3612/5398 3557/5398 3606/5398
f 3606/5398 3557/5398 3589/5398
f 3589/5398 3557/5398 3016/5328
f 3557/5398 2906/5328 3016/5328
f 300/9 359/9 319/13
f 319/13 359/9 397/13
f 397/13 359/9 396/9
f 376/4 359/9 318/4
f 359/9 300/9 318/4
f 1542/6 1215/6 966/14
f 688/43 678/43 341/60
f 373/162 563/176 570/178
f 743/26 628/39 684/36
f 607/44 635/42 568/49
f 635/42 684/36 568/49
f 568/49 684/36 638/41
f 684/36 628/39 638/41
f 638/123 628/125 799/137
f 799/137 628/125 1003/144
f 628/125 743/140 1003/144
f 1054/163 1003/144 1010/163
f 1010/163 1003/144 826/156
f 1003/144 743/140 826/156
f 743/113 684/132 826/130
f 826/142 684/154 715/148
f 684/154 635/157 715/148
f 635/157 607/160 715/148
f 715/148 607/160 685/152
f 685/152 607/160 548/170
f 607/44 568/49 548/57
f 548/57 568/49 535/58
f 568/49 570/50 535/58
f 535/58 570/50 498/61
f 354/114 498/106 494/109
f 498/61 570/50 494/64
f 570/50 563/51 494/64
f 563/51 486/63 494/64
f 494/109 486/111 324/120
f 486/150 176/146 324/139
f 162/126 324/139 61/134
f 324/139 176/146 61/134
f 151/90 61/96 49/97
f 61/134 176/146 49/149
f 176/146 486/150 49/149
f 486/150 563/176 49/149
f 563/176 373/162 49/149
f 49/149 373/162 104/149
f 373/162 570/178 104/149
f 104/149 570/178 584/178
f 584/178 570/178 592/178
f 592/50 570/50 587/50
f 570/50 568/49 587/50
f 568/49 638/41 587/50
f 587/50 638/41 662/41
f 1066/138 662/123 1017/138
f 662/123 638/123 1017/138
f 638/123 799/137 1017/138
f 799/137 1003/144 1017/138
f 1017/138 1003/144 1118/138
f 1118/138 1003/144 1117/144
f 1003/144 1054/163 1117/144
f 1117/144 1054/163 1106/163
f 1106/135 1054/135 1141/133
f 855/65 755/48 704/45
f 640/40 704/45 526/23
f 516/22 526/23 599/30
f 599/30 526/23 605/32
f 526/23 704/45 605/32
f 704/45 755/48 605/32
f 605/32 755/48 1043/72
f 755/48 855/65 1043/72
f 855/65 1012/70 1043/72
f 1043/72 1012/70 1092/73
f 1092/73 1012/70 981/71
f 1012/70 855/65 981/71
f 981/71 855/65 776/53
f 855/65 704/45 776/53
f 704/45 640/40 776/53
f 776/53 640/40 405/16
f 640/40 526/23 405/16
f 526/23 516/22 405/16
f 405/16 516/22 510/20
f 516/22 599/30 510/20
f 834/27 828/28 790/33
f 828/28 814/29 790/33
f 790/33 814/29 760/37
f 814/29 730/46 760/37
f 730/46 714/47 760/37
f 760/37 714/47 639/52
f 639/52 714/47 556/67
f 235/98 171/108 47/117
f 47/117 171/108 159/110
f 287/84 150/93 277/87
f 150/93 141/94 277/87
f 141/94 48/102 277/87
f 277/87 48/102 60/103
f 48/91 159/104 60/92
f 60/92 159/104 329/118
f 159/104 171/105 329/118
f 171/105 235/112 329/118
f 60/92 329/118 493/129
f 329/118 235/112 493/129
f 235/112 465/127 493/129
f 465/127 556/136 493/129
f 493/129 556/136 685/141
f 556/136 714/145 685/141
f 714/145 730/147 685/141
f 685/141 730/147 695/143
f 730/147 814/151 695/143
f 695/143 814/151 884/159
f 814/151 828/153 884/159
f 828/153 834/155 884/159
f 884/159 834/155 891/161
f 891/161 834/155 862/158
f 834/27 790/33 862/21
f 1141/164 1044/165 1115/165
f 1115/8 1044/8 1140/5
f 1140/5 1044/8 991/5
f 1044/8 1014/8 991/5
f 1014/8 862/21 991/5
f 862/21 790/33 991/5
f 1094/5 991/5 801/33
f 991/5 790/33 801/33
f 801/33 790/33 778/37
f 790/33 760/37 778/37
f 778/37 760/37 460/88
f 460/88 760/37 421/88
f 760/37 639/52 421/88
f 639/52 556/67 421/88
f 441/88 421/88 403/89
f 421/88 556/67 403/89
f 556/67 465/85 403/89
f 465/85 235/98 403/89
f 460/89 403/89 450/89
f 450/89 403/89 449/89
f 449/89 403/89 89/116
f 59/116 78/116 72/116
f 78/116 89/116 72/116
f 89/116 403/89 72/116
f 403/89 235/98 72/116
f 235/98 47/117 72/116
f 72/116 47/117 71/117
f 71/124 47/124 59/122
f 47/117 159/110 59/119
f 159/110 48/121 59/119
f 48/82 141/69 59/81
f 141/69 150/68 59/81
f 59/81 150/68 71/77
f 150/68 287/66 71/77
f 59/122 71/124 318/131
f 71/77 287/66 318/59
f 287/66 300/62 318/59
f 300/9 510/20 318/4
f 510/20 599/30 318/4
f 59/122 318/131 93/122
f 93/122 318/131 356/131
f 318/4 599/30 356/4
f 356/4 599/30 615/30
f 615/30 599/30 629/32
f 599/30 605/32 629/32
f 629/32 605/32 622/32
f 605/32 1043/72 622/32
f 622/32 1043/72 1060/72
f 1627/74 1060/72 1308/74
f 1060/72 1043/72 1308/74
f 1043/72 1092/73 1308/74
f 1092/73 1205/75 1308/74
f 1205/75 1206/75 1308/74
f 1194/74 1308/74 1300/75
f 1308/74 1206/75 1300/75
f 1300/75 1206/75 1311/76
f 1206/75 1205/75 1311/76
f 1311/76 1205/75 1213/76
f 1205/75 1092/73 1213/76
f 1092/179 981/175 1213/180
f 1540/180 1213/180 1027/175
f 1213/180 981/175 1027/175
f 1027/71 981/71 794/53
f 981/71 776/53 794/53
f 794/53 776/53 425/16
f 776/53 405/16 425/16
f 425/16 405/16 357/13
f 357/13 405/16 319/13
f 405/16 510/20 319/13
f 510/20 300/9 319/13
f 300/83 287/84 319/86
f 287/84 277/87 319/86
f 357/86 319/86 299/86
f 319/86 277/87 299/86
f 299/86 277/87 96/103
f 277/87 60/103 96/103
f 60/92 493/129 96/92
f 96/92 493/129 521/129
f 493/129 685/141 521/129
f 521/129 685/141 696/141
f 685/141 695/143 696/141
f 696/141 695/143 716/143
f 695/143 884/159 716/143
f 716/143 884/159 916/159
f 1065/164 916/159 1005/164
f 916/159 884/159 1005/164
f 884/159 891/161 1005/164
f 891/161 862/158 1005/164
f 862/158 1014/165 1005/164
f 1014/165 1044/165 1005/164
f 1044/165 1141/164 1005/164
f 1141/133 1054/135 1005/133
f 1054/135 1010/135 1005/133
f 1010/135 826/142 1005/133
f 826/142 715/148 1005/133
f 1065/133 1005/133 742/148
f 1005/133 715/148 742/148
f 742/148 715/148 696/152
f 715/148 685/152 696/152
f 696/152 685/152 521/177
f 509/177 521/177 502/177
f 521/177 685/152 502/177
f 685/152 548/170 502/177
f 548/170 535/172 502/177
f 509/107 502/100 493/107
f 502/100 535/99 493/101
f 535/99 498/106 493/101
f 498/106 354/114 493/101
f 493/107 354/114 329/115
f 354/114 494/109 329/115
f 494/109 324/120 329/115
f 324/120 162/128 329/115
f 329/31 162/19 60/7
f 162/19 61/3 60/7
f 61/96 151/90 60/95
f 509/107 493/107 372/115
f 493/107 329/115 372/115
f 372/31 329/31 96/7
f 329/31 60/7 96/7
f 357/78 96/95 319/78
f 96/95 60/95 319/78
f 60/95 151/90 319/78
f 151/90 320/79 319/78
f 320/79 377/79 319/78
f 319/86 359/83 300/83
f 300/62 359/62 318/59
f 318/59 359/62 376/59
f 396/83 359/83 397/86
f 359/83 319/86 397/86
f 319/78 377/79 397/78
f 398/80 377/79 304/80
f 377/79 320/79 304/80
f 320/79 151/90 304/80
f 151/90 49/97 304/80
f 49/97 104/97 304/80
f 104/97 341/80 304/80
f 770/25 608/38 842/18
f 842/18 608/38 652/34
f 309/56 652/34 316/55
f 652/34 608/38 316/55
f 608/38 770/25 316/55
f 316/55 770/25 319/54
f 319/54 770/25 330/54
f 330/54 770/25 788/25
f 770/25 776/24 788/25
f 788/25 776/24 794/24
f 776/24 973/11 794/24
f 794/24 973/11 1011/11
f 1540/1 1011/11 1214/1
f 1011/11 973/11 1214/1
f 1319/2 1207/2 1214/1
f 1195/1 1214/1 1208/2
f 1214/1 1207/2 1208/2
f 1208/2 1207/2 1312/6
f 1207/2 1319/2 1312/6
f 1312/6 1319/2 1215/6
f 1215/6 1319/2 1001/10
f 1319/2 1214/1 1001/10
f 1214/1 973/11 1001/10
f 1001/10 973/11 961/12
f 973/11 776/24 961/12
f 961/12 776/24 843/17
f 776/24 770/25 843/17
f 770/25 842/18 843/17
f 843/17 842/18 943/15
f 842/18 652/34 943/15
f 943/15 652/34 663/35
f 652/34 309/56 663/43
f 309/56 304/60 663/43
f 304/60 341/60 663/43
f 341/60 678/43 663/43
f 663/43 678/43 953/14
f 678/43 688/43 953/14
f 688/43 966/14 953/14
f 966/14 1215/6 953/14
f 1215/6 1001/10 953/14
f 1001/10 961/12 953/14
f 961/12 843/17 953/14
f 843/17 943/15 953/14
f 943/15 663/43 953/14
f 398/174 331/169 377/173
f 377/173 331/169 340/171
f 340/171 331/169 319/166
f 319/166 331/169 320/167
f 320/167 331/169 304/168
f 331/169 398/174 304/168
f 4963/4571 4866/4601 4977/4561
f 4977/4566 4866/4601 4826/4614
f 4826/4614 4866/4601 4808/4621
f 4808/4621 4866/4601 4897/4588
f 4866/4601 4963/4571 4897/4588
f 4897/4867 4963/4874 5104/4941
f 4963/4874 4977/4876 5104/4941
f 5578/4860 5442/4854 5522/4853
f 5442/4995 5104/4941 5522/4994
f 5104/4941 4977/4876 5522/4994
f 5522/4994 4977/4876 5356/4994
f 5356/4994 4977/4876 4904/4876
f 4977/4561 4826/4614 4904/4561
f 4904/4561 4826/4614 4786/4614
f 4656/4639 4786/4614 4765/4639
f 4786/4614 4826/4614 4765/4639
f 4826/4614 4808/4621 4765/4639
f 4808/4621 4734/4638 4765/4639
f 4734/4638 4703/4638 4765/4639
f 5117/5050 4977/4947 5091/5011
f 5091/5011 4977/4947 5010/4968
f 5010/4968 4977/4947 4884/4939
f 4802/5458 4884/5438 4849/5452
f 4884/4939 4977/4947 4849/4924
f 4710/4895 4755/4895 4765/4889
f 4755/4895 4849/4924 4765/4889
f 4849/4924 4977/4947 4765/4889
f 4656/4889 4765/4889 4904/4947
f 4765/4889 4977/4947 4904/4947
f 4904/4947 4977/4947 5107/5050
f 4977/4947 5117/5050 5107/5050
f 5107/5050 5117/5050 5356/5104
f 5356/5104 5117/5050 5522/5104
f 5453/5115 5522/5104 5452/5115
f 5452/5115 5522/5104 5113/5049
f 5522/5104 5117/5050 5113/5049
f 5117/5050 5091/5019 5113/5049
f 5113/5299 5091/5329 5022/5351
f 5022/5351 5091/5333 5021/5356
f 5091/5333 5010/5382 5021/5356
f 5010/5382 4884/5438 5021/5356
f 4884/5438 4802/5458 5021/5356
f 5021/5356 4802/5458 4741/5487
f 4802/5458 4849/5452 4741/5487
f 4849/5452 4755/5486 4741/5487
f 4755/5486 4710/5486 4741/5487
f 4741/5487 4710/5486 4640/5487
f 4640/5487 4710/5486 4660/5486
f 4660/4895 4710/4895 4629/4889
f 4710/4895 4765/4889 4629/4889
f 4765/4639 4703/4638 4629/4639
f 4629/4639 4703/4638 4635/4638
f 4635/4638 4703/4638 4650/4643
f 4650/4643 4703/4638 4746/4643
f 4703/4638 4734/4638 4746/4643
f 4734/4638 4808/4621 4746/4643
f 4808/4621 4897/4588 4746/4643
f 4692/4643 4746/4643 4837/4588
f 4746/4643 4897/4588 4837/4588
f 4837/4867 4897/4867 5192/4996
f 5429/4861 5192/4861 5494/4855
f 5192/4996 4897/4867 5494/4996
f 4897/4867 5104/4941 5494/4996
f 5104/4941 5442/4995 5494/4996
f 5442/4854 5578/4860 5494/4855
f 5494/4855 5578/4860 5429/4861
f 5578/4860 5500/4860 5429/4861
f 5494/4855 5429/4861 5509/4855
f 5509/4855 5429/4861 5439/4861
f 5439/4861 5429/4861 5495/4861
f 5495/4861 5429/4861 5486/4861
f 5486/4861 5429/4861 5501/4860
f 5429/4861 5500/4860 5501/4860
f 5501/4860 5500/4860 5444/4853
f 5500/4860 5578/4860 5444/4853
f 5578/4860 5522/4853 5444/4853
f 5444/5104 5522/5104 5528/5115
f 5522/5104 5453/5115 5528/5115
f 5528/5239 5453/5239 5460/5237
f 5453/5239 5452/5239 5460/5237
f 5460/5237 5452/5239 5476/5237
f 5452/5239 5113/5299 5476/5237
f 5113/5299 5022/5351 5476/5237
f 5476/5237 5022/5351 5237/5237
f 5237/5237 5022/5351 5002/5351
f 5002/5351 5022/5351 4998/5351
f 4998/5351 5022/5351 4997/5351
f 5022/5351 5021/5356 4997/5351
f 5021/5356 4741/5487 4997/5351
f 4997/5351 4741/5487 4663/5487
f 2394/4799 2503/4735 2444/4775
f 2113/4512 2112/4509 2331/4473
f 2333/4439 2342/4460 2177/4494
f 2342/4460 2331/4473 2177/4494
f 2331/4473 2112/4509 2177/4494
f 2177/4494 2112/4509 1992/4515
f 2112/4509 1953/4530 1992/4515
f 1992/4515 1953/4530 1827/4543
f 1827/4543 1953/4530 1860/4556
f 1953/4530 2112/4509 1860/4556
f 2112/4509 2113/4512 1860/4556
f 1860/4757 2113/4843 1563/4653
f 1563/4653 2113/4843 1862/4753
f 1862/4753 2113/4843 2108/4835
f 2113/4512 2331/4473 2108/4559
f 2109/4559 2108/4559 2502/4424
f 2108/4559 2331/4473 2502/4424
f 2502/4424 2331/4473 2512/4420
f 2331/4473 2342/4460 2512/4420
f 2342/4460 2333/4439 2512/4420
f 2333/4439 2350/4430 2512/4420
f 2512/4420 2350/4430 2594/4396
f 2350/4430 2414/4408 2594/4396
f 2414/4408 2444/4399 2594/4396
f 2594/5143 2444/5062 2655/5171
f 2444/5062 2503/5103 2655/5171
f 2655/5171 2503/5103 2653/5170
f 2653/5170 2503/5103 2589/5131
f 2992/4612 2942/4612 2916/4613
f 2942/4612 2589/4703 2916/4613
f 3015/5370 2916/5371 2897/5370
f 2916/5371 2574/5256 2897/5370
f 2580/5255 2897/5370 2351/5152
f 2897/5370 2574/5256 2351/5152
f 2351/5152 2574/5256 2364/5159
f 2574/5256 2916/5371 2364/5159
f 2916/4613 2589/4703 2364/4806
f 2589/4703 2503/4735 2364/4806
f 2503/4735 2394/4799 2364/4806
f 2364/5446 2394/5459 2267/5375
f 2394/4370 2444/4399 2267/4403
f 2444/4399 2414/4408 2267/4403
f 2414/4408 2350/4430 2267/4403
f 2267/4403 2350/4430 2130/4448
f 2350/4430 2333/4439 2130/4448
f 2333/4439 2177/4494 2130/4448
f 2177/4494 1992/4515 2130/4448
f 1992/4515 1827/4543 2130/4448
f 2267/4866 2130/4907 2364/4812
f 2130/4907 1827/5048 2364/4812
f 1827/5289 2043/5178 2364/5001
f 2043/5178 2057/5178 2364/5001
f 3010/4613 2916/4613 2400/4806
f 2916/4613 2364/4806 2400/4806
f 2400/5001 2364/5001 2050/5178
f 2364/5001 2057/5178 2050/5178
f 2050/5178 2057/5178 1699/5343
f 2057/5178 2043/5178 1699/5343
f 1699/5343 2043/5178 1448/5343
f 2043/5178 1827/5289 1448/5343
f 1827/4720 1860/4757 1448/4664
f 1860/4757 1563/4653 1448/4664
f 1563/4653 1422/4653 1448/4664
f 1602/4451 1865/4519 1448/4452
f 3010/5371 2400/5159 2916/5371
f 2916/5371 2400/5159 2364/5159
f 2400/5159 2295/5099 2364/5159
f 2364/5159 2295/5099 2267/5099
f 2295/5099 2140/5037 2267/5099
f 2267/5099 2140/5037 2130/5037
f 2140/4620 1699/4452 2130/4620
f 1699/4452 1448/4452 2130/4620
f 1448/4452 1865/4519 2130/4620
f 2130/5037 2110/5020 2267/5099
f 2267/5099 2110/5020 2076/5002
f 2076/4595 2110/4605 1960/4542
f 2110/4605 2130/4620 1960/4542
f 2130/4620 1865/4519 1960/4542
f 1960/5453 1865/5442 1836/5288
f 1836/5288 1865/5442 1623/5127
f 1865/5442 1602/5411 1623/5127
f 1602/5411 1459/5411 1623/5127
f 1612/5127 1623/5127 1460/5411
f 1623/5127 1459/5411 1460/5411
f 1460/4451 1459/4451 1576/4452
f 1459/4451 1602/4451 1576/4452
f 1602/4451 1448/4452 1576/4452
f 1576/4664 1448/4664 1654/4653
f 1448/4664 1422/4653 1654/4653
f 1654/4653 1422/4653 1409/4647
f 1422/4653 1563/4653 1409/4647
f 1409/4647 1563/4653 1643/4647
f 1563/4653 1862/4753 1643/4647
f 1862/4753 2108/4835 1643/4647
f 2108/4835 2109/4835 1643/4647
f 1643/4647 2109/4835 1718/4647
f 1718/4647 2109/4835 2124/4835
f 2124/4559 2109/4559 2539/4420
f 2109/4559 2502/4424 2539/4420
f 2502/4424 2512/4420 2539/4420
f 2539/4420 2512/4420 2548/4420
f 2512/4420 2594/4396 2548/4420
f 2548/4420 2594/4396 2607/4396
f 2594/5143 2655/5171 2607/5143
f 2607/5143 2655/5171 2662/5171
f 2983/5234 2662/5171 2881/5234
f 2662/5171 2655/5171 2881/5234
f 2655/5171 2653/5170 2881/5234
f 2653/5170 2589/5131 2881/5234
f 2589/5131 2942/5233 2881/5234
f 2942/5233 2992/5233 2881/5234
f 2881/5234 2992/5233 3024/5234
f 3024/5234 2992/5233 3044/5233
f 3044/4612 2992/4612 3029/4613
f 2992/4612 2916/4613 3029/4613
f 2916/5371 3015/5370 3029/5371
f 3036/5337 3015/5124 2872/5337
f 3015/5124 2897/5124 2872/5337
f 2897/5124 2580/5295 2872/5337
f 2978/5337 2872/5337 2360/5494
f 2872/5337 2359/5494 2360/5494
f 2360/4687 2359/4687 1901/4817
f 1901/4817 2359/4687 2348/4687
f 2359/5494 2872/5337 2348/5494
f 2872/5337 2580/5295 2348/5494
f 2580/4729 2351/4886 2348/4687
f 2348/4687 2351/4886 2129/4859
f 2129/5036 2351/5152 2142/5041
f 2351/5152 2364/5159 2142/5041
f 2364/5159 2267/5099 2142/5041
f 2267/5099 2076/5002 2142/5041
f 2142/5474 2076/5468 1875/5158
f 2076/5468 1960/5453 1875/5158
f 1960/5453 1836/5288 1875/5158
f 1836/5288 1623/5127 1875/5158
f 1623/5127 1716/5127 1875/5158
f 1716/5127 1901/5158 1875/5158
f 1901/4817 2348/4687 1875/4817
f 2348/4687 2129/4859 1875/4817
f 2142/5474 1875/5158 2129/5323
f 4722/2017 4681/2017 4706/2020
f 4676/2019 4733/2019 4690/2022
f 4727/2018 4669/2018 4722/2017
f 4614/2017 4722/2017 4620/2018
f 4722/2017 4669/2018 4620/2018
f 4620/2018 4669/2018 4612/2019
f 4669/2018 4727/2018 4612/2019
f 4727/2018 4733/2019 4612/2019
f 2804/1995 2823/1996 2767/1995
f 3300/1991 3200/1991 3274/1992
f 3263/1992 3274/1992 3283/1991
f 3274/1992 3200/1991 3283/1991
f 3283/2001 3200/2001 3305/2002
f 3200/2001 3300/2001 3305/2002
f 3300/2001 3318/2002 3305/2002
f 4347/2054 4353/2042 4192/2041
f 3715/2072 4005/2066 4012/2067
f 3300/2070 3703/2077 3274/2068
f 3274/2068 3703/2077 4016/2084
f 3703/2077 3737/2078 4016/2084
f 4016/2084 3737/2078 4049/2087
f 3737/2078 3840/2082 4049/2087
f 3840/2082 3974/2086 4049/2087
f 4049/2087 3974/2086 4191/2090
f 3974/2086 4012/2088 4191/2090
f 4012/2088 4005/2089 4191/2090
f 4005/2089 4192/2094 4191/2090
f 4192/2023 4353/2030 4191/2024
f 4191/2024 4353/2030 4460/2034
f 4448/2010 4466/2009 4541/2006
f 4466/2009 4548/2007 4541/2006
f 4706/1994 4540/2003 4709/1998
f 4540/2003 4541/2006 4709/1998
f 4709/1998 4541/2006 4690/1999
f 4541/2006 4548/2007 4690/1999
f 4690/1999 4548/2007 4469/2011
f 4548/2007 4466/2009 4469/2011
f 4466/2013 4460/2014 4469/2012
f 4460/2043 4353/2042 4469/2064
f 4353/2042 4347/2054 4469/2064
f 4469/2064 4347/2054 4196/2063
f 4347/2054 4192/2041 4196/2063
f 4192/2060 4005/2066 4196/2057
f 4005/2066 3715/2072 4196/2057
f 4196/2061 3715/2072 3710/2073
f 3715/2072 4012/2067 3710/2073
f 4012/2067 3974/2069 3710/2073
f 3710/2073 3974/2069 3657/2075
f 3974/2069 3840/2071 3657/2075
f 3840/2071 3737/2074 3657/2075
f 3657/2075 3737/2074 3346/2079
f 3737/2074 3703/2076 3346/2079
f 3346/2079 3703/2076 3318/2080
f 3703/2076 3300/2083 3318/2080
f 3300/2001 3063/2000 3318/2002
f 2767/1995 2823/1996 2815/1997
f 2823/1996 3318/2002 2815/1997
f 3318/2002 3063/2000 2815/1997
f 2815/1997 2859/1997 2767/1995
f 2767/1995 2859/1997 2951/1995
f 2951/1995 2859/1997 2965/1997
f 2965/1985 2859/1985 2975/1986
f 2975/1986 2859/1985 2836/1986
f 2859/1985 2815/1985 2836/1986
f 2815/1985 3063/1989 2836/1986
f 3063/1989 3300/1991 2836/1986
f 3300/1991 3274/1992 2836/1986
f 2836/1986 3274/1992 2894/1986
f 2894/1986 3274/1992 3462/1992
f 3274/2068 4016/2084 3462/2068
f 3462/2068 4016/2084 4027/2084
f 4016/2084 4049/2087 4027/2084
f 4027/2084 4049/2087 4057/2087
f 4049/2087 4191/2090 4057/2087
f 4057/2087 4191/2090 4189/2090
f 4189/2024 4191/2024 4382/2033
f 4443/2033 4413/2033 4445/2033
f 4413/2033 4382/2033 4445/2033
f 4382/2033 4191/2024 4445/2033
f 4191/2024 4460/2034 4445/2033
f 4460/2014 4466/2013 4445/2016
f 4466/2013 4448/2015 4445/2016
f 4445/2016 4448/2015 4439/2015
f 4439/2010 4448/2010 4449/2008
f 4448/2010 4541/2006 4449/2008
f 4541/2006 4540/2003 4449/2008
f 4540/2003 4706/1994 4449/2008
f 4382/2008 4449/2008 4398/2008
f 4398/2008 4449/2008 4615/1994
f 4449/2008 4706/1994 4615/1994
f 4615/2020 4706/2020 4665/2020
f 4665/2020 4706/2020 4699/2020
f 4739/2017 4699/2020 4722/2017
f 4699/2020 4706/2020 4722/2017
f 4722/2017 4706/2020 4727/2018
f 4706/2020 4709/2021 4727/2018
f 4709/2021 4690/2022 4727/2018
f 4727/2018 4690/2022 4733/2019
f 4733/2019 4690/2022 4730/2019
f 4730/2019 4690/2022 4712/2022
f 4712/2022 4690/2022 4654/2022
f 4654/2022 4690/2022 4610/2022
f 4690/1999 4469/2011 4610/1999
f 4610/1999 4469/2011 4456/2011
f 4469/2064 4196/2063 4456/2064
f 4456/2064 4196/2063 4177/2063
f 4177/2061 4196/2061 3757/2073
f 4196/2061 3710/2073 3757/2073
f 3757/2073 3710/2073 3738/2073
f 3738/2073 3710/2073 3730/2073
f 3730/2073 3710/2073 3666/2075
f 3710/2073 3657/2075 3666/2075
f 3666/2075 3657/2075 3581/2079
f 3657/2075 3346/2079 3581/2079
f 3581/2079 3346/2079 3509/2079
f 3346/2079 3318/2080 3509/2079
f 3509/2002 3318/2002 2945/1996
f 3318/2002 2823/1996 2945/1996
f 2945/1996 2823/1996 2882/1996
f 2882/1996 2823/1996 2821/1996
f 2823/1996 2767/1995 2821/1996
f 2821/1996 2767/1995 2779/1995
f 4153/1987 3786/1982 3809/1983
f 4187/1990 3809/1983 3810/1984
f 3810/1984 3809/1983 3335/1973
f 3809/1983 3786/1982 3335/1973
f 3786/1982 3633/1977 3335/1973
f 3633/1977 3628/1976 3335/1973
f 3628/1976 3613/1974 3335/1973
f 3260/2051 3335/2058 3173/2051
f 3335/2058 3613/2049 3173/2051
f 3173/2059 3613/2056 3278/2047
f 3278/2047 3613/2056 3654/2040
f 3613/1974 3628/1976 3654/1975
f 3654/1975 3628/1976 3705/1979
f 3628/1976 3633/1977 3705/1979
f 3705/1979 3633/1977 3715/1980
f 3633/1977 3786/1982 3715/1980
f 3786/1982 4153/1987 3715/1980
f 3715/1981 4153/1987 4183/1988
f 4153/1987 3809/1983 4183/1988
f 3809/1983 4187/1990 4183/1988
f 4187/2044 4328/2048 4183/2045
f 4183/2045 4328/2048 4434/2050
f 4328/2048 4475/2052 4434/2050
f 4434/2050 4475/2052 4498/2055
f 4564/2032 4557/2031 4511/2029
f 4511/2029 4557/2031 4521/2028
f 4557/2031 4498/2027 4521/2028
f 4498/2027 4475/2025 4521/2028
f 4475/2085 4328/2093 4521/2081
f 4521/2081 4328/2093 4190/2096
f 4328/2093 4187/2095 4190/2096
f 4187/1990 3810/1984 4190/1993
f 4190/1993 3810/1984 3271/1978
f 3810/1984 3335/1973 3271/1978
f 3257/1978 3271/1978 3147/1973
f 3271/1978 3335/1973 3147/1973
f 3147/2058 3335/2058 3150/2051
f 3335/2058 3260/2051 3150/2051
f 3150/2059 3260/2059 3269/2047
f 3260/2059 3173/2059 3269/2047
f 3173/2059 3278/2047 3269/2047
f 3269/2047 3278/2047 3305/2039
f 3283/2070 3200/2070 3263/2068
f 3274/2068 3263/2068 3300/2070
f 3263/2068 3200/2070 3300/2070
f 3300/2083 3200/2083 3318/2080
f 3200/2083 3283/2083 3318/2080
f 3283/2083 3305/2080 3318/2080
f 3305/2039 3278/2047 3318/2039
f 3278/2047 3654/2040 3318/2039
f 3318/2039 3654/2040 3509/2039
f 3509/2039 3654/2040 3674/2040
f 3654/1975 3705/1979 3674/1975
f 3674/1975 3705/1979 3730/1979
f 3730/1979 3705/1979 3757/1979
f 3705/1979 3715/1981 3757/1979
f 3757/1979 3715/1981 3764/1981
f 3715/1981 4183/1988 3764/1981
f 3764/1981 4183/1988 4146/1988
f 4146/2045 4183/2045 4390/2050
f 4183/2045 4434/2050 4390/2050
f 4390/2050 4434/2050 4456/2053
f 4690/2036 4610/2036 4469/2026
f 4610/2036 4456/2026 4469/2026
f 4456/2053 4434/2050 4469/2053
f 4434/2050 4498/2055 4469/2053
f 4498/2027 4557/2031 4469/2026
f 4469/2026 4557/2031 4690/2036
f 4557/2031 4564/2032 4690/2036
f 4564/2032 4694/2035 4690/2036
f 4694/2035 4641/2035 4690/2036
f 4690/2036 4641/2035 4606/2036
f 4606/2036 4641/2035 4597/2035
f 4597/2035 4641/2035 4603/2037
f 4603/2037 4641/2035 4704/2037
f 4641/2035 4694/2035 4704/2037
f 4694/2035 4564/2032 4704/2037
f 4564/2032 4511/2029 4704/2037
f 4704/2037 4511/2029 4630/2037
f 4630/2037 4511/2029 4486/2029
f 4486/2029 4511/2029 4483/2029
f 4483/2029 4511/2029 4488/2029
f 4511/2029 4521/2028 4488/2029
f 4521/2081 4190/2096 4488/2081
f 4488/2081 4190/2096 4188/2096
f 4188/1993 4190/1993 3454/1978
f 4190/1993 3271/1978 3454/1978
f 3318/2046 3138/2038 3222/2038
f 2769/2065 2854/2065 2776/2091
f 2776/2091 2854/2065 2940/2091
f 2940/2091 2854/2065 2910/2065
f 2910/2004 2854/2004 2922/2005
f 2922/2005 2854/2004 2767/2005
f 2854/2004 2769/2004 2767/2005
f 2792/2091 2810/2092 2776/2091
f 3156/2062 3248/2062 3138/2038
f 4722/2017 3138/2038 4681/2017
f 3138/2038 3248/2062 4681/2017
f 4681/2017 3248/2062 4706/2020
f 3248/2062 3156/2062 4706/2020
f 3156/2062 4676/2019 4706/2020
f 4690/2022 4669/2018 4722/2017
f 4722/2017 4669/2018 4614/2017
f 4669/2018 4612/2019 4614/2017
f 4733/2019 4614/2017 2823/1996
f 4614/2017 4612/2019 2823/1996
f 2804/1995 4620/2018 2767/1995
f 4620/2018 4727/2018 2767/1995
f 4727/2018 4733/2019 2767/1995
f 2767/1995 4733/2019 3300/1991
f 3300/1991 4733/2019 3200/2001
f 3200/1991 4690/2022 3274/1992
f 3274/1992 4690/2022 3263/1992
f 3263/1992 4690/2022 3283/2001
f 4690/2022 4722/2017 3283/2001
f 3283/1991 4722/2017 3305/2002
f 4722/2017 4614/2017 3305/2002
f 4347/2054 4614/2017 4353/2030
f 4614/2017 4733/2019 4353/2042
f 4353/2042 4733/2019 4192/2023
f 347/5258 420/5258 345/5257
f 345/5257 420/5258 427/5257
f 428/5259 420/5258 335/5259
f 420/5258 347/5258 335/5259
f 858/4655 841/4631 747/4562
f 841/4631 833/4628 747/4562
f 833/4628 839/4623 747/4562
f 567/4485 747/4562 680/4513
f 747/4562 839/4623 680/4513
f 689/4513 680/4513 975/4672
f 680/4513 839/4623 975/4672
f 839/4623 833/4628 975/4672
f 833/4628 841/4631 975/4672
f 841/4631 858/4655 975/4678
f 975/4678 858/4655 936/4668
f 1456/5021 936/4955 800/4898
f 936/4955 858/4944 800/4898
f 858/4903 747/4821 800/4890
f 800/4890 747/4821 621/4780
f 621/4780 747/4821 613/4776
f 613/4776 747/4821 606/4770
f 606/4770 747/4821 472/4648
f 747/4562 567/4485 472/4437
f 427/4644 411/4622 426/4622
f 426/4409 411/4409 418/4373
f 418/4373 411/4409 344/4373
f 411/4409 334/4409 344/4373
f 334/4409 472/4437 344/4373
f 472/4437 567/4485 344/4373
f 567/4485 680/4513 344/4373
f 680/4513 689/4513 344/4373
f 344/4373 689/4513 409/4373
f 409/4373 689/4513 703/4513
f 703/4513 689/4513 1006/4672
f 689/4513 975/4672 1006/4672
f 1006/4672 975/4672 1016/4672
f 1016/4672 975/4678 1015/4678
f 1706/4716 1015/4678 1571/4716
f 1015/4678 975/4678 1571/4716
f 975/4678 936/4668 1571/4716
f 1432/4716 1571/4716 1440/4739
f 1571/4716 1586/4739 1440/4739
f 1440/5022 1586/5022 1594/5032
f 1455/5032 1594/5032 1439/5022
f 1594/5032 1586/5022 1439/5022
f 1586/4739 1571/4716 1439/4739
f 1571/4716 936/4668 1439/4739
f 936/4955 1456/5021 1439/5022
f 1439/5022 1456/5021 1455/5032
f 1730/5032 1455/5032 1731/5021
f 1455/5032 1456/5021 1731/5021
f 1731/5021 1456/5021 1732/5021
f 1732/5021 1456/5021 1695/5021
f 1695/5021 1456/5021 813/4898
f 1456/5021 800/4898 813/4898
f 813/4890 800/4890 543/4715
f 532/4715 543/4715 539/4715
f 543/4715 800/4890 539/4715
f 800/4890 621/4780 539/4715
f 621/4780 613/4776 539/4715
f 613/4776 606/4770 539/4715
f 523/5145 539/5145 529/5138
f 539/5145 606/5197 529/5138
f 606/4770 472/4648 529/4715
f 472/4648 334/4622 529/4715
f 532/4715 529/4715 410/4644
f 410/4644 529/4715 345/4644
f 529/4715 334/4622 345/4644
f 334/4622 411/4622 345/4644
f 411/4622 427/4644 345/4644
f 427/4615 420/4606 345/4615
f 345/4615 420/4606 347/4606
f 347/4606 420/4606 335/4654
f 420/4606 428/4654 335/4654
f 656/4673 620/4656 517/4549
f 620/4656 512/4550 517/4549
f 512/4550 274/4481 517/4549
f 271/4934 517/5023 83/4828
f 517/4549 274/4481 83/4374
f 173/5306 83/5364 74/5365
f 83/4374 274/4481 74/4375
f 274/4481 512/4550 74/4375
f 74/4375 512/4550 527/4550
f 527/4550 512/4550 762/4763
f 512/4550 620/4656 762/4763
f 620/4656 656/4673 762/4763
f 959/4899 817/4813 847/4830
f 847/4830 817/4813 838/4824
f 817/4813 762/4763 838/4824
f 838/4824 762/4763 803/4807
f 762/4763 656/4673 803/4807
f 803/5297 656/5164 766/5260
f 766/5260 656/5164 564/5080
f 656/5164 517/5023 564/5080
f 517/5023 271/4934 564/5080
f 564/5080 271/4934 82/4837
f 271/4934 83/4828 82/4837
f 83/5364 173/5306 82/5363
f 82/5363 173/5306 345/5257
f 173/5306 347/5258 345/5257
f 347/4606 432/4596 345/4615
f 345/4615 432/4596 481/4572
f 529/4557 598/4526 797/4465
f 753/4486 829/4455 836/4454
f 836/4454 829/4455 947/4421
f 947/4421 829/4455 1587/4372
f 1587/4372 829/4455 939/4425
f 939/4425 829/4455 745/4490
f 829/4455 753/4486 745/4490
f 745/4490 753/4486 647/4510
f 647/4510 753/4486 748/4489
f 753/4486 836/4454 748/4489
f 836/4454 797/4465 748/4489
f 748/4489 797/4465 738/4492
f 797/4465 598/4526 738/4492
f 738/4492 598/4526 571/4537
f 598/4526 529/4557 571/4537
f 529/4557 481/4572 571/4537
f 571/4537 481/4572 562/4544
f 562/4544 481/4572 559/4548
f 481/4572 432/4596 559/4548
f 432/4596 549/4553 559/4548
f 559/4548 549/4553 611/4527
f 611/4527 549/4553 335/4616
f 549/4974 432/5133 335/4904
f 432/4596 347/4606 335/4607
f 347/5258 173/5306 335/5259
f 173/5306 74/5365 335/5259
f 1696/4908 1457/4908 644/5154
f 1457/4908 612/5154 644/5154
f 644/4520 612/4520 400/4654
f 612/4520 335/4654 400/4654
f 400/5259 335/5259 121/5365
f 335/5259 74/5365 121/5365
f 74/4375 527/4550 121/4375
f 121/4375 527/4550 544/4550
f 544/4550 527/4550 779/4763
f 527/4550 762/4763 779/4763
f 762/4763 817/4813 779/4763
f 779/4763 817/4813 827/4813
f 1162/4932 827/4813 1074/4932
f 827/4813 817/4813 1074/4932
f 817/4813 959/4899 1074/4932
f 959/4899 1039/4931 1074/4932
f 1039/4931 1102/4931 1074/4932
f 1074/4932 1102/4931 1348/4932
f 1348/4932 1102/4931 1398/4931
f 1398/5466 1102/5466 1397/5475
f 643/4640 650/4640 978/4440
f 186/4900 360/4868 73/4945
f 73/5160 360/5296 179/5228
f 179/5228 360/5296 484/5362
f 484/5362 360/5296 462/5338
f 602/4740 488/4815 597/4736
f 777/4531 597/4635 655/4636
f 597/4635 488/4764 655/4636
f 655/4636 488/4764 224/4879
f 224/4879 488/4815 480/4818
f 462/4826 480/4818 593/4747
f 480/4818 488/4815 593/4747
f 488/4815 602/4740 593/4747
f 593/4909 602/4915 751/4979
f 602/4915 597/4918 751/4979
f 853/5079 751/4979 744/4985
f 751/4979 597/4918 744/4985
f 744/4985 597/4918 933/5172
f 597/4635 777/4531 933/4433
f 938/4428 933/4433 978/4440
f 933/4433 777/4531 978/4440
f 777/4531 655/4636 978/4440
f 978/4440 655/4636 643/4640
f 643/4640 655/4636 210/4883
f 655/4636 224/4879 210/4883
f 224/4879 480/4818 210/4883
f 480/4818 462/4826 210/4883
f 462/4826 360/4868 210/4883
f 360/4868 186/4900 210/4883
f 210/4883 186/4900 81/4935
f 186/4900 73/4945 81/4935
f 81/5478 73/5495 124/5469
f 197/5153 124/5194 240/5137
f 240/5137 124/5194 82/5214
f 124/5194 73/5217 82/5214
f 73/5160 179/5228 82/5161
f 179/5228 484/5362 82/5161
f 82/5161 484/5362 564/5454
f 484/4804 462/4800 564/4836
f 462/4800 593/4909 564/4836
f 593/4909 751/4979 564/4836
f 751/4979 853/5079 564/4836
f 564/4836 853/5079 849/5091
f 853/5079 744/4985 849/5090
f 744/4985 933/5172 849/5090
f 933/5172 938/5179 849/5090
f 849/5090 938/5179 887/5120
f 938/5179 955/5195 887/5120
f 887/5120 955/5195 1071/5229
f 1397/5196 1127/5229 1342/5229
f 1342/4376 1127/4376 1396/4426
f 1396/4426 1127/4376 1037/4426
f 1127/4376 1071/4376 1037/4426
f 1071/4376 955/4417 1037/4426
f 955/4417 938/4428 1037/4426
f 938/4428 978/4440 1037/4426
f 1241/4426 1037/4426 1022/4440
f 1037/4426 978/4440 1022/4440
f 1022/4440 978/4440 669/4640
f 978/4440 650/4640 669/4640
f 669/4640 650/4640 250/4883
f 650/4640 643/4640 250/4883
f 643/4640 210/4883 250/4883
f 250/4883 210/4883 111/4935
f 210/4883 81/4935 111/4935
f 195/5436 208/5433 167/5436
f 208/5436 192/5436 167/5436
f 192/5436 111/5478 167/5436
f 111/5478 81/5478 167/5436
f 81/5478 124/5469 167/5436
f 124/5469 197/5427 167/5436
f 195/5433 167/5436 166/5433
f 167/5436 197/5427 166/5433
f 197/5427 248/5391 166/5433
f 248/5391 364/5357 166/5433
f 208/5433 166/5433 383/5344
f 166/5433 364/5357 383/5344
f 364/5357 426/5357 383/5344
f 383/5344 426/5357 430/5344
f 430/5344 426/5357 447/5357
f 447/5105 426/5105 439/5106
f 439/5106 426/5105 365/5106
f 426/5105 364/5105 365/5106
f 364/5105 248/5132 365/5106
f 248/5132 197/5153 365/5106
f 197/5153 240/5137 365/5106
f 431/5106 365/5106 280/5137
f 365/5106 240/5137 280/5137
f 280/5137 240/5137 112/5214
f 240/5137 82/5214 112/5214
f 82/5161 564/5454 112/5161
f 112/5161 564/5454 574/5454
f 564/4836 849/5090 574/4836
f 574/4836 849/5090 873/5090
f 849/5090 887/5120 873/5090
f 873/5090 887/5120 925/5120
f 1161/5196 925/5120 1050/5196
f 925/5120 887/5120 1050/5196
f 887/5120 1071/5229 1050/5196
f 1071/5229 1127/5229 1050/5196
f 1127/5229 1397/5196 1050/5196
f 1397/5475 1102/5466 1050/5475
f 1102/5466 1039/5466 1050/5475
f 1039/5466 959/5428 1050/5475
f 1161/5475 1050/5475 942/5392
f 911/5392 925/5383 918/5392
f 925/5392 942/5392 918/5392
f 942/5392 1050/5475 918/5392
f 1050/5475 959/5428 918/5392
f 917/5383 918/5392 887/5383
f 918/5392 959/5428 887/5383
f 959/5428 847/5334 887/5383
f 847/5334 838/5324 887/5383
f 887/5383 838/5324 849/5352
f 838/5324 803/5297 849/5352
f 803/5297 766/5260 849/5352
f 766/5260 564/5080 849/5352
f 925/5383 887/5383 873/5352
f 887/5383 849/5352 873/5352
f 873/5352 849/5352 574/5080
f 849/5352 564/5080 574/5080
f 574/5080 564/5080 112/4837
f 564/5080 82/4837 112/4837
f 82/5363 345/5257 112/5363
f 112/5363 345/5257 410/5257
f 345/4615 481/4572 410/4615
f 410/4615 481/4572 496/4572
f 496/4572 481/4572 504/4572
f 481/4572 529/4557 504/4572
f 504/4572 529/4557 543/4557
f 529/4557 797/4465 543/4557
f 543/4557 797/4465 808/4465
f 797/4465 836/4454 808/4465
f 808/4465 836/4454 846/4454
f 1695/4371 846/4454 1456/4371
f 846/4454 836/4454 1456/4371
f 836/4454 947/4421 1456/4371
f 947/4421 1587/4372 1456/4371
f 1587/4372 1441/4372 1456/4371
f 1435/4371 1456/4371 1442/4372
f 1456/4371 1441/4372 1442/4372
f 1441/4372 1587/4372 1575/4393
f 1575/4393 1587/4372 1457/4393
f 1587/4372 939/4425 1457/4393
f 939/4425 745/4490 1457/4393
f 745/4490 647/4510 1457/4393
f 1457/4908 647/5144 612/5154
f 647/5144 748/5089 612/5154
f 748/4489 738/4492 612/4520
f 738/4492 571/4537 612/4520
f 571/4537 562/4544 612/4520
f 562/4544 559/4548 612/4520
f 559/4548 611/4527 612/4520
f 611/4527 335/4654 612/4520
f 5434/977 5098/973 5226/977
f 5098/973 5087/973 5226/977
f 5081/973 5098/973 5080/972
f 4892/1113 4970/1113 5061/1129
f 4970/1113 5080/1129 5061/1129
f 5061/1072 5080/1072 5149/1097
f 5570/1097 5149/1097 5434/1086
f 5149/1097 5080/1072 5434/1086
f 5080/1072 5098/1075 5434/1086
f 5124/1081 5057/1069 5101/1070
f 5074/1028 5083/1027 4874/1034
f 4715/1096 4761/1096 4724/1105
f 4761/1096 4784/1101 4724/1105
f 4784/1101 4874/1106 4724/1105
f 4666/1105 4724/1105 4817/1112
f 4933/1112 4851/1112 4920/1112
f 4851/1112 4817/1112 4920/1112
f 4817/1112 4724/1105 4920/1112
f 4724/1105 4874/1106 4920/1112
f 4874/1106 5083/1121 4920/1112
f 5083/1121 5101/1123 4920/1112
f 4921/1113 4920/1112 4970/1113
f 4920/1112 5101/1123 4970/1113
f 5101/1123 5057/1122 4970/1113
f 4970/1113 5057/1122 5080/1129
f 5057/1069 5124/1081 5080/1072
f 5124/1081 5132/1082 5080/1072
f 5012/970 4888/968 5080/972
f 5080/972 4888/968 4970/967
f 4888/968 4860/964 4970/967
f 5087/972 5080/972 5075/972
f 5075/972 5080/972 5061/972
f 5080/972 4970/967 5061/972
f 5061/972 4970/967 4861/967
f 4666/1110 4861/1103 4724/1110
f 4861/1103 4970/1103 4724/1110
f 4724/1110 4970/1103 4738/1089
f 4970/1103 4860/1080 4738/1089
f 4718/1065 4738/1066 4750/1065
f 4750/1065 4738/1066 4798/1063
f 4738/1066 4860/1062 4798/1063
f 4860/964 4888/968 4798/965
f 4798/965 4888/968 4848/969
f 4888/968 5012/970 4848/969
f 4848/969 5012/970 5042/974
f 5042/974 5012/970 5134/976
f 5134/976 5012/970 5098/973
f 5012/970 5080/972 5098/973
f 5080/1072 5132/1082 5098/1075
f 5098/1075 5132/1082 5443/1091
f 5443/1010 5132/1016 5542/1011
f 5132/1016 5124/1017 5542/1011
f 5124/1017 5101/1025 5542/1011
f 5101/1025 5083/1027 5542/1011
f 5083/1027 5074/1028 5542/1011
f 5542/1011 5074/1028 4807/1035
f 5074/1028 4874/1034 4807/1035
f 4874/1034 4784/1039 4807/1035
f 4784/1039 4761/1040 4807/1035
f 4807/1035 4761/1040 4747/1041
f 4761/1040 4715/1040 4747/1041
f 4747/1041 4715/1040 4652/1041
f 4652/1041 4715/1040 4621/1040
f 4621/1096 4715/1096 4633/1105
f 4715/1096 4724/1105 4633/1105
f 4724/1110 4738/1089 4633/1110
f 4633/1110 4738/1089 4636/1089
f 4738/1066 4718/1065 4636/1066
f 4636/1066 4718/1065 4631/1065
f 4631/1065 4718/1065 4637/1064
f 4637/1064 4718/1065 4754/1064
f 4718/1065 4750/1065 4754/1064
f 4750/1065 4798/1063 4754/1064
f 4798/965 4848/969 4754/966
f 4678/966 4754/966 4797/969
f 4754/966 4848/969 4797/969
f 4797/969 4848/969 5288/982
f 5288/982 4848/969 5467/982
f 4848/969 5042/974 5467/982
f 5042/974 5134/976 5467/982
f 5134/976 5483/979 5467/982
f 5483/979 5554/979 5467/982
f 5546/982 5467/982 5475/979
f 5467/982 5554/979 5475/979
f 5475/979 5554/979 5487/977
f 5554/979 5483/979 5487/977
f 5487/977 5483/979 5434/977
f 5483/979 5134/976 5434/977
f 5134/976 5098/973 5434/977
f 5098/1075 5443/1091 5434/1095
f 5573/1056 5438/1058 5516/1057
f 5447/1061 5516/1057 5507/1060
f 5516/1057 5438/1058 5507/1060
f 5507/1060 5438/1058 5570/1059
f 5438/1058 5573/1056 5570/1059
f 5573/1056 5426/1055 5570/1059
f 5426/1097 5571/1097 5570/1097
f 5571/1097 5499/1097 5570/1097
f 5499/1097 5441/1086 5570/1097
f 5441/1086 5434/1086 5570/1097
f 5570/1097 5434/1095 5582/1092
f 5434/1095 5443/1091 5582/1092
f 5443/1010 5542/1011 5582/1008
f 5582/1008 5542/1011 5447/1009
f 5542/1011 4807/1035 5447/1009
f 5447/1009 4807/1035 5259/1009
f 5259/1009 4807/1035 4776/1035
f 4807/1035 4747/1041 4776/1035
f 4776/1035 4747/1041 4671/1041
f 1819/988 2160/1015 1619/983
f 1550/1118 1551/1120 1720/1118
f 1940/1126 1933/1133 2241/1111
f 2247/1116 2241/1111 1920/1137
f 2241/1111 1933/1133 1920/1137
f 1920/1100 1933/1102 1551/1120
f 1933/1102 1940/1104 1551/1120
f 1551/1120 1940/1104 1526/1124
f 1940/1104 1889/1107 1526/1124
f 1889/1107 1876/1108 1526/1124
f 1430/1136 1526/1124 1574/1136
f 1574/1136 1526/1124 1764/1128
f 1526/1124 1876/1108 1764/1128
f 1978/1002 1764/986 2156/1014
f 1764/986 1876/996 2156/1014
f 1876/996 1889/998 2156/1014
f 1889/1115 1940/1126 2156/1094
f 1940/1126 2241/1111 2156/1094
f 2378/1031 2156/1014 2395/1032
f 2156/1014 2241/1022 2395/1032
f 2395/1032 2241/1022 2427/1033
f 2427/1033 2241/1022 2497/1038
f 2241/1022 2247/1021 2497/1038
f 2247/1021 2490/1037 2497/1038
f 2497/1038 2490/1037 2923/1051
f 2923/1051 2490/1037 2678/1048
f 2591/1043 2678/1042 2419/1050
f 2419/1050 2678/1042 2273/1074
f 2678/1048 2490/1037 2273/1024
f 2490/1037 2247/1023 2273/1024
f 2273/1074 2247/1076 1957/1099
f 2247/1076 1920/1100 1957/1099
f 1957/1099 1920/1100 1694/1117
f 1694/1117 1920/1100 1550/1118
f 1920/1100 1551/1120 1550/1118
f 1550/1118 1551/1120 1531/1118
f 1531/1118 1551/1120 1532/1120
f 1532/1120 1551/1120 1533/1120
f 1533/1120 1551/1120 1635/1120
f 1635/1120 1551/1120 1498/1124
f 1551/1120 1526/1124 1498/1124
f 1498/1124 1526/1124 1660/1136
f 1526/1124 1430/1136 1660/1136
f 1660/984 1430/984 1480/983
f 1430/984 1574/984 1480/983
f 2393/1029 2406/1029 1977/997
f 2232/1013 2178/1012 2361/1026
f 2178/1012 2153/1007 2361/1026
f 2472/1085 2493/1087 2334/1073
f 2493/1087 2361/1079 2334/1073
f 2361/1026 2153/1007 2334/1020
f 2334/1020 2153/1007 2145/1005
f 2145/1005 2153/1007 1977/997
f 2153/1007 2178/1012 1977/997
f 2178/1012 2232/1013 1977/997
f 2393/1029 1977/997 2085/1003
f 1977/997 2232/1013 2085/1003
f 2393/1029 2085/1003 2428/1030
f 2085/1003 2232/1013 2428/1030
f 2232/1013 2361/1026 2428/1030
f 2428/1030 2361/1026 2586/1036
f 2586/1036 2361/1026 2716/1046
f 2361/1079 2493/1087 2716/1114
f 2716/1114 2493/1087 2661/1098
f 2493/1087 2472/1085 2661/1098
f 2472/1085 2473/1084 2661/1098
f 2624/1093 2661/1098 2453/1083
f 2661/1098 2473/1084 2453/1083
f 2453/1083 2473/1084 2316/1071
f 2473/1084 2472/1085 2316/1071
f 2472/1085 2334/1073 2316/1071
f 2334/1020 2145/1005 2316/1019
f 2062/985 2316/975 1866/992
f 2316/1019 2145/1005 1866/991
f 2145/1005 1977/997 1866/991
f 1977/997 1947/995 1866/991
f 1866/991 1947/995 1859/990
f 1859/990 1947/995 1854/989
f 1792/1001 1854/994 1840/999
f 1854/989 1947/995 1840/987
f 1597/980 1596/980 1569/981
f 1596/980 1471/980 1569/981
f 1569/981 1471/980 1591/981
f 1471/980 1840/987 1591/981
f 1840/987 1947/995 1591/981
f 1591/981 1947/995 1710/981
f 1710/981 1947/995 1976/995
f 1977/997 2406/1029 2006/997
f 2980/1049 2406/1029 2880/1049
f 2406/1029 2393/1029 2880/1049
f 2393/1029 2428/1030 2880/1049
f 2428/1030 2586/1036 2880/1049
f 2586/1036 2716/1046 2880/1049
f 2716/1046 2909/1047 2880/1049
f 2909/1047 2990/1047 2880/1049
f 2880/1049 2990/1047 3042/1049
f 3042/1049 2990/1047 3043/1047
f 3043/1119 2990/1119 3026/1109
f 3026/1109 2990/1119 2914/1109
f 2990/1119 2909/1119 2914/1109
f 2909/1119 2716/1114 2914/1109
f 2716/1114 2661/1098 2914/1109
f 3009/1109 2914/1109 2666/1098
f 2914/1109 2661/1098 2666/1098
f 2666/1098 2661/1098 2648/1093
f 2661/1098 2624/1093 2648/1093
f 2648/963 2624/963 2253/978
f 2624/963 2238/978 2253/978
f 2253/978 2238/978 1841/1000
f 1619/1004 1715/1004 1819/1000
f 1715/1004 1841/1000 1819/1000
f 1819/1000 1841/1000 2227/978
f 1841/1000 2238/978 2227/978
f 2238/978 2624/963 2227/978
f 2624/963 2453/971 2227/978
f 2453/971 2316/975 2227/978
f 2316/975 2062/985 2227/978
f 2227/978 2062/985 1819/1000
f 2062/985 1866/992 1819/1000
f 1866/992 1859/993 1819/1000
f 1859/993 1854/994 1819/1000
f 1854/994 1792/1001 1819/1000
f 1819/1000 1792/1001 1619/1004
f 1792/1001 1840/999 1619/1004
f 1840/999 1471/1006 1619/1004
f 1471/1006 1596/1006 1619/1004
f 1596/1006 1597/1006 1619/1004
f 1597/1006 1480/1004 1619/1004
f 1480/983 1574/984 1619/983
f 1574/984 1764/986 1619/983
f 1619/983 1764/986 1819/988
f 1764/986 1978/1002 1819/988
f 1819/988 1978/1002 2227/1018
f 1978/1002 2156/1014 2227/1018
f 2156/1014 2378/1031 2227/1018
f 1819/988 2227/1018 2160/1015
f 2160/1015 2173/1015 1619/983
f 1619/983 2173/1015 1715/983
f 1715/983 2173/1015 2166/1015
f 2166/1015 2173/1015 2619/1044
f 2619/1044 2173/1015 2612/1044
f 2173/1015 2160/1015 2612/1044
f 2160/1015 2227/1018 2612/1044
f 2227/1018 2378/1031 2612/1044
f 2378/1031 2395/1032 2612/1044
f 2618/1044 2612/1044 2624/1045
f 2612/1044 2395/1032 2624/1045
f 2395/1032 2427/1033 2624/1045
f 2427/1033 2497/1038 2624/1045
f 2497/1038 2923/1051 2624/1045
f 2619/1045 2624/1045 2628/1045
f 2628/1045 2624/1045 2648/1045
f 3045/1054 2648/1045 2969/1054
f 2648/1045 2624/1045 2969/1054
f 2624/1045 2923/1051 2969/1054
f 2969/1054 3048/1053 3054/1054
f 3054/1054 3048/1053 3055/1053
f 3055/1130 3048/1132 3060/1131
f 3060/1131 3048/1132 2956/1135
f 2956/1135 3048/1132 2949/1134
f 3048/1053 2969/1054 2949/1053
f 2969/1054 2923/1051 2949/1053
f 2949/1053 2923/1051 2979/1052
f 2923/1051 2678/1048 2979/1052
f 2979/1067 2678/1078 2956/1068
f 2678/1078 2591/1088 2956/1068
f 3033/1068 2956/1068 2600/1088
f 2956/1068 2591/1088 2600/1088
f 2600/1043 2591/1043 2162/1077
f 2591/1043 2147/1077 2162/1077
f 2162/1090 2147/1090 1720/1127
f 1550/1127 1720/1127 2147/1090
f 2591/1043 2419/1050 2147/1077
f 2419/1050 2273/1074 2147/1077
f 2273/1074 1957/1099 2147/1077
f 1957/1099 1694/1117 2147/1077
f 1694/1125 1550/1127 2147/1090
f 6312/3518 6537/3518 6526/3528
f 6537/3518 6627/3528 6526/3528
f 6526/3528 6627/3528 6684/3574
f 6627/3528 6692/3572 6684/3574
f 6692/3572 6696/3574 6684/3574
f 6684/3574 6696/3574 6680/3574
f 6680/3574 6696/3574 7014/3716
f 7014/3716 6696/3574 7059/3716
f 7040/3716 7059/3716 7060/3721
f 7060/3712 6960/3743 6918/3707
f 5801/3406 5282/3305 5588/3312
f 5692/3683 5801/3717 5588/3635
f 5801/3406 5794/3406 5282/3305
f 5144/3305 5282/3305 5790/3406
f 5282/3305 5794/3406 5790/3406
f 5790/3713 5794/3713 6043/3843
f 5794/3713 5801/3713 6043/3843
f 6441/2965 6285/2928 6104/2779
f 6441/2254 6537/2250 6285/2291
f 6537/2250 6331/2250 6285/2291
f 6331/2250 6276/2291 6285/2291
f 6285/2936 6276/2936 6104/2779
f 6276/2936 6043/2779 6104/2779
f 6043/3843 5801/3713 6104/3843
f 5801/3717 5898/3784 6104/3843
f 6109/184 6076/184 5985/188
f 6076/184 5957/188 5985/188
f 5779/216 5770/216 5527/240
f 5280/240 5527/240 5759/216
f 5527/240 5770/216 5759/216
f 5759/216 5770/216 5957/189
f 5770/216 5779/216 5957/189
f 5779/216 5982/189 5957/189
f 5982/273 5986/270 5985/272
f 6618/181 6608/182 6599/181
f 6608/182 6606/182 6599/181
f 6606/182 6614/181 6599/181
f 6618/181 6777/185 6608/182
f 7056/308 6972/309 7068/306
f 6943/444 6938/445 6836/438
f 6836/340 6938/338 6833/339
f 6833/280 6938/287 6837/281
f 6938/314 6946/313 6837/316
f 6837/255 6946/255 6858/255
f 6858/255 6946/255 6940/255
f 6940/255 6946/255 6971/259
f 6946/255 6965/259 6971/259
f 6611/392 6632/388 6626/390
f 6632/388 6698/381 6626/390
f 6626/390 6698/381 6659/386
f 6661/377 6659/376 6712/382
f 6659/386 6698/381 6712/380
f 6712/380 6698/381 6723/379
f 6698/381 6776/378 6723/379
f 6723/379 6776/378 6825/375
f 6776/378 6982/367 6825/375
f 6983/397 6825/389 7070/401
f 6825/375 6982/367 7070/365
f 6962/257 6967/258 6930/254
f 6930/254 6967/258 6946/255
f 6946/255 6967/258 6965/259
f 6967/239 6996/244 6965/241
f 6996/244 7070/249 6965/241
f 6946/255 6965/259 6945/259
f 6945/241 6965/241 7057/250
f 7057/250 6965/241 7068/250
f 6965/241 7070/249 7068/250
f 7070/365 6982/367 7068/364
f 6982/367 6776/378 7068/364
f 6776/378 6698/381 7068/364
f 7068/364 6698/381 7010/364
f 7010/364 6698/381 6691/381
f 6698/381 6632/388 6691/381
f 6691/381 6632/388 6623/388
f 6339/391 6623/388 6607/391
f 6623/388 6632/388 6607/391
f 6632/388 6611/392 6607/391
f 6611/392 6594/392 6607/391
f 6591/391 6607/391 6594/392
f 6594/372 6611/372 6612/373
f 6642/428 6708/419 6666/424
f 6666/424 6708/419 6785/410
f 6708/419 6772/411 6785/410
f 6785/410 6772/411 6934/404
f 7067/395 6934/404 6989/398
f 6989/342 6934/352 6844/353
f 6844/353 6934/352 6752/362
f 6934/352 6772/359 6752/362
f 6772/359 6708/363 6752/362
f 6752/362 6708/363 6655/366
f 6708/363 6642/368 6655/366
f 6655/366 6642/368 6601/369
f 6617/430 6616/430 6603/431
f 6616/430 6601/430 6603/431
f 6603/431 6601/430 6590/431
f 6601/430 6642/428 6590/431
f 6642/428 6666/424 6590/431
f 6666/424 6785/410 6590/431
f 6278/319 6274/321 6319/315
f 6319/315 6274/321 6288/318
f 6230/293 6280/282 6259/289
f 6280/320 6288/318 6259/326
f 6288/318 6274/321 6259/326
f 6259/289 6274/286 6241/292
f 6274/286 6278/279 6241/292
f 6241/327 6278/319 6590/310
f 6278/319 6319/315 6590/310
f 6319/315 6587/311 6590/310
f 6587/311 6616/311 6590/310
f 6590/310 6616/311 6603/310
f 6603/310 6616/311 6617/311
f 6617/311 6616/311 6613/312
f 6613/312 6616/311 6598/312
f 6616/311 6587/311 6598/312
f 6587/311 6319/315 6598/312
f 6319/315 6288/318 6598/312
f 6598/312 6288/318 6446/312
f 6446/312 6288/318 6282/318
f 6288/318 6280/320 6282/318
f 6282/318 6280/320 6265/320
f 6280/282 6252/290 6265/282
f 6265/282 6252/290 6245/290
f 6245/290 6252/290 6239/290
f 6208/294 6239/290 6221/294
f 6239/290 6252/290 6221/294
f 6151/305 6221/294 6150/304
f 6221/294 6252/290 6150/304
f 6150/304 6252/290 6180/301
f 6180/301 6252/290 6209/299
f 6252/290 6280/282 6209/299
f 6280/282 6230/293 6209/299
f 6209/299 6230/293 6144/307
f 6230/293 6259/289 6144/307
f 6259/289 6241/292 6144/307
f 6138/307 6144/307 6210/292
f 6144/307 6241/292 6210/292
f 6210/327 6241/327 6424/310
f 6241/327 6590/310 6424/310
f 6424/431 6590/431 6774/410
f 6590/431 6785/410 6774/410
f 6774/410 6785/410 7046/396
f 7063/396 7055/396 7062/396
f 7055/396 7046/396 7062/396
f 7046/396 6785/410 7062/396
f 6785/410 6934/404 7062/396
f 6934/404 7067/395 7062/396
f 7062/395 7067/395 7074/394
f 7067/395 6989/398 7074/394
f 6989/398 7066/393 7074/394
f 7066/296 7000/291 7074/295
f 6942/285 7050/295 6975/285
f 7050/295 7074/295 6975/285
f 7074/295 7000/291 6975/285
f 7000/291 6964/283 6975/285
f 6964/283 6920/283 6975/285
f 6924/285 6975/285 6876/283
f 6975/285 6920/283 6876/283
f 6876/283 6920/283 6870/284
f 6920/283 6964/283 6870/284
f 6870/437 6915/439 6845/436
f 6845/322 6915/324 6836/323
f 6836/323 6915/324 6926/325
f 6926/441 6915/439 6952/440
f 6952/440 6915/439 6962/443
f 6915/439 6870/437 6962/443
f 6870/284 6964/283 6962/284
f 6964/283 7000/291 6962/284
f 6962/284 7000/291 7065/297
f 7000/291 7066/296 7065/297
f 7066/335 6989/342 7065/336
f 6989/342 6844/353 7065/336
f 6897/284 6962/284 7028/297
f 6962/284 7065/297 7028/297
f 7065/336 6844/353 7028/336
f 7028/336 6844/353 6796/353
f 6844/353 6752/362 6796/353
f 6796/353 6752/362 6725/362
f 6752/362 6655/366 6725/362
f 6725/362 6655/366 6649/366
f 6445/370 6649/366 6597/370
f 6649/366 6655/366 6597/370
f 6655/366 6601/369 6597/370
f 6601/369 6616/369 6597/370
f 6616/369 6617/369 6597/370
f 6617/369 6612/370 6597/370
f 6612/373 6611/372 6597/373
f 6611/372 6626/374 6597/373
f 6626/374 6659/376 6597/373
f 6659/376 6661/377 6597/373
f 6445/373 6597/373 6713/384
f 6744/384 6726/384 6752/384
f 6726/384 6713/384 6752/384
f 6713/384 6597/373 6752/384
f 6597/373 6661/377 6752/384
f 6661/377 6712/382 6752/384
f 6712/382 6723/383 6752/384
f 6723/383 6825/389 6752/385
f 6825/389 6983/397 6752/385
f 6739/385 6752/385 7028/400
f 6897/238 7028/248 6962/238
f 6962/238 7028/248 7065/248
f 7028/400 6752/385 7065/400
f 6752/385 6983/397 7065/400
f 6983/397 7070/401 7065/400
f 7070/249 6996/244 7065/248
f 6996/244 6967/239 7065/248
f 6967/239 6962/238 7065/248
f 5966/337 5956/337 5503/357
f 5589/357 5503/357 5969/337
f 5503/357 5956/337 5969/337
f 5536/331 5446/331 5557/330
f 5446/331 5556/330 5557/330
f 5557/387 5556/387 5478/408
f 5345/408 5575/408 5771/423
f 5575/408 5785/423 5771/423
f 5771/268 5785/268 5995/231
f 6112/224 6084/224 6036/231
f 6084/224 5995/231 6036/231
f 6036/231 5995/231 5800/268
f 5995/231 5785/268 5800/268
f 5785/423 5575/408 5800/423
f 5885/246 6008/236 5800/268
f 5800/268 6008/236 6036/235
f 6008/236 5885/245 6036/231
f 5885/245 6082/221 6036/231
f 6082/221 6111/218 6036/231
f 6036/231 6111/218 6112/224
f 6111/218 6102/218 6112/224
f 6098/192 6107/192 6112/200
f 6107/192 6073/193 6112/200
f 6112/200 6073/193 6036/206
f 6073/193 5996/194 6036/206
f 5996/194 5924/208 6036/206
f 6112/200 6036/206 6084/200
f 6084/200 6036/206 5995/206
f 5727/230 5995/206 5757/230
f 5995/206 6036/206 5757/230
f 6036/206 5924/208 5757/230
f 5757/230 5924/208 5852/212
f 5924/208 5996/194 5852/212
f 5765/219 5854/211 5764/220
f 5670/225 5764/220 5769/217
f 5764/220 5854/211 5769/217
f 5769/217 5854/211 5972/195
f 5972/191 5854/210 5864/209
f 5854/210 5765/219 5864/209
f 5852/212 5878/205 5818/214
f 5878/205 5864/207 5818/214
f 5864/209 5765/219 5818/214
f 5818/214 5765/219 5729/222
f 5729/429 5765/435 5662/412
f 5662/412 5765/435 5674/427
f 5765/219 5764/220 5674/228
f 5674/228 5764/220 5665/229
f 5665/229 5764/220 5585/243
f 5764/220 5670/225 5585/243
f 5498/243 5585/243 5433/240
f 5433/240 5585/243 5527/240
f 5585/243 5670/225 5527/240
f 5670/225 5769/217 5527/240
f 5527/240 5769/217 5779/216
f 5779/216 5769/217 5982/189
f 5769/217 5972/191 5982/189
f 5972/191 5864/209 5982/189
f 5864/209 5878/205 5982/189
f 5878/199 5852/212 5982/189
f 5852/212 5996/194 5982/189
f 5986/270 5982/271 5985/272
f 5982/189 5996/194 5985/188
f 5985/188 5996/194 5986/187
f 5996/194 6073/193 5986/187
f 5985/186 5986/187 6109/184
f 5986/187 6073/193 6109/184
f 6073/193 6107/192 6109/184
f 6107/192 6098/192 6109/184
f 6109/184 6098/192 6092/184
f 6092/184 6098/192 6054/192
f 6054/192 6098/192 6070/200
f 6098/192 6112/200 6070/200
f 6112/224 6102/218 6070/224
f 6070/224 6102/218 6066/218
f 6066/266 6102/266 6078/267
f 6078/267 6102/266 6114/267
f 6102/266 6111/266 6114/267
f 6111/266 6082/269 6114/267
f 6082/269 5904/277 6114/267
f 5904/277 5803/298 6114/267
f 6195/356 6114/361 6207/355
f 6207/355 6114/360 6194/355
f 6194/355 6114/360 6063/360
f 6114/267 5803/298 6063/267
f 6063/267 5803/298 5793/298
f 5793/298 5803/298 5406/331
f 5406/331 5803/298 5446/331
f 5446/331 5803/298 5682/317
f 5682/317 5803/298 5798/300
f 5803/298 5904/277 5798/300
f 5904/226 6082/221 5798/251
f 6082/221 5885/245 5798/251
f 5885/246 5800/268 5798/251
f 5798/251 5800/268 5683/275
f 5800/423 5575/408 5683/405
f 5683/405 5575/408 5466/387
f 5575/408 5478/408 5466/387
f 5478/408 5556/387 5466/387
f 5556/330 5446/331 5466/330
f 5446/331 5682/317 5466/330
f 5682/317 5798/300 5466/330
f 5448/403 5553/403 5496/426
f 5553/403 5762/407 5496/426
f 5965/409 5496/426 5955/409
f 5496/426 5762/407 5955/409
f 6203/213 5955/237 5959/204
f 5955/237 5762/227 5959/204
f 5762/227 5553/223 5959/204
f 5959/204 5553/223 5766/197
f 5766/358 5553/371 5589/357
f 5553/371 5448/371 5589/357
f 5772/278 5589/260 5470/302
f 5470/302 5589/260 5563/302
f 5454/302 5563/302 5503/260
f 5563/302 5589/260 5503/260
f 5589/357 5448/371 5503/357
f 5503/357 5448/371 5592/371
f 5592/403 5448/403 5580/426
f 5448/403 5496/426 5580/426
f 5580/426 5496/426 5964/409
f 5496/426 5965/409 5964/409
f 5964/237 5965/237 6606/215
f 5965/237 5955/237 6606/215
f 6606/215 5955/237 6608/215
f 5955/237 6203/213 6608/215
f 6608/402 6203/422 6618/425
f 6203/422 5959/434 6618/425
f 5959/434 6204/442 6618/425
f 6618/425 6599/425 6608/402
f 6608/402 6599/425 6606/402
f 6606/402 6599/425 6614/425
f 6204/421 5959/433 5969/420
f 5959/433 5766/432 5969/420
f 5766/358 5589/357 5969/337
f 5589/260 5772/278 5969/261
f 5969/261 5956/261 5589/260
f 5503/260 5589/260 5966/261
f 5589/260 5956/261 5966/261
f 6108/7894 6110/7941 6090/7894
f 6090/7894 6110/7941 6064/7941
f 6092/7822 6064/7821 6109/7822
f 6064/7821 6110/7821 6109/7822
f 6076/7822 6109/7822 6138/7847
f 6138/7847 6109/7822 6144/7847
f 6144/7847 6109/7822 6209/7872
f 6209/7872 6109/7822 6180/7857
f 6180/7857 6109/7822 6150/7851
f 6109/7822 6110/7821 6150/7851
f 6150/7900 6110/7941 6151/7884
f 6110/7941 6108/7894 6151/7884
f 5852/7873 5818/7870 5757/7949
f 5818/7870 5729/7896 5757/7949
f 5345/8032 5727/7970 5575/8032
f 5727/7970 5757/7970 5575/8032
f 5478/8032 5575/8032 5498/8031
f 5498/8031 5575/8032 5585/8031
f 5585/8031 5575/8032 5665/7998
f 5665/7998 5575/8032 5675/7997
f 5675/7997 5575/8032 5662/8002
f 5575/8032 5757/7970 5662/8002
f 5757/7970 5729/7972 5662/8002
f 6213/7915 6263/7871 6252/7904
f 6593/7790 6280/7898 6299/7794
f 6280/7898 6252/7904 6299/7794
f 6299/7794 6252/7904 6293/7795
f 6252/7904 6263/7871 6293/7795
f 6293/7795 6263/7871 6281/7796
f 6263/7871 6213/7915 6281/7796
f 6284/7934 6281/7935 6216/7893
f 6281/7796 6213/7915 6216/7809
f 6213/7915 6134/7919 6216/7809
f 6216/7809 6134/7919 6163/7815
f 6134/7919 6117/7829 6163/7815
f 6163/7883 6117/7874 6195/7890
f 6195/7890 6117/7874 6114/7860
f 6117/7874 6115/7861 6114/7860
f 6115/7861 6103/7861 6114/7860
f 6114/7860 6103/7861 6078/7860
f 6078/7860 6103/7861 6083/7861
f 6083/7831 6103/7831 6070/7922
f 6070/7922 6103/7831 6112/7922
f 6103/7831 6115/7831 6112/7922
f 6115/7831 6117/7829 6112/7922
f 6117/7829 6134/7919 6112/7922
f 6084/7922 6112/7922 6129/7919
f 6112/7922 6134/7919 6129/7919
f 6129/7919 6134/7919 6199/7915
f 6134/7919 6213/7915 6199/7915
f 6199/7915 6213/7915 6239/7904
f 6213/7915 6252/7904 6239/7904
f 6239/7904 6252/7904 6245/7904
f 6245/7904 6252/7904 6266/7898
f 6252/7904 6280/7898 6266/7898
f 6266/7898 6280/7898 6446/7895
f 6446/7895 6280/7898 6598/7895
f 6280/7898 6593/7790 6598/7895
f 6593/7790 6594/7790 6598/7895
f 6613/7895 6598/7895 6609/7790
f 6598/7895 6594/7790 6609/7790
f 6609/7957 6594/7957 6620/7956
f 6594/7957 6593/7957 6620/7956
f 6604/7956 6605/7956 6607/7956
f 6605/7956 6620/7956 6607/7956
f 6620/7956 6593/7957 6607/7956
f 6593/7957 6299/7946 6607/7955
f 6299/7946 6293/7944 6607/7955
f 6293/7944 6281/7935 6607/7955
f 6281/7935 6284/7934 6607/7955
f 6194/7892 6397/7956 6207/7892
f 6397/7956 6607/7955 6207/7892
f 6607/7955 6284/7934 6207/7892
f 6284/7934 6216/7893 6207/7892
f 6216/7893 6163/7883 6207/7892
f 6163/7883 6195/7890 6207/7892
f 6084/8181 6208/8174 6112/8181
f 6208/8174 6221/8174 6112/8181
f 6070/8181 6112/8181 6089/8180
f 6089/8180 6112/8181 6108/8180
f 6112/8181 6221/8174 6108/8180
f 6108/8180 6221/8174 6151/8177
f 5683/8173 5466/8172 5798/8171
f 6576/5246 6510/5261 6461/5247
f 6551/4657 6461/4649 6471/4657
f 6471/4657 6461/4649 6472/4649
f 6472/4649 6461/4649 6552/4649
f 6552/4649 6461/4649 6542/4649
f 6542/5265 6461/5247 6511/5264
f 6461/5247 6510/5261 6511/5264
f 6511/5264 6510/5261 6550/5263
f 6510/5261 6576/5246 6550/5263
f 6576/5246 6469/5245 6550/5263
f 6099/5429 6060/5434 6097/5434
f 6097/5434 6060/5434 6101/5430
f 6101/5430 6060/5434 6047/5430
f 6047/5430 6060/5434 6039/5434
f 6039/5434 6060/5434 6044/5429
f 6060/5434 6099/5429 6044/5429
f 6099/4434 6056/4379 6044/4434
f 6044/4434 6056/4379 6038/4379
f 6038/4920 6056/4920 6050/4919
f 6050/4919 6056/4920 6106/4919
f 6106/4919 6056/4920 6096/4920
f 6056/4379 6099/4434 6096/4379
f 6099/5290 6056/4998 6096/4998
f 6096/5358 6056/5358 6106/5359
f 6106/5359 6056/5358 6050/5359
f 6050/5359 6056/5358 6038/5358
f 6038/4998 6056/4998 6044/5290
f 6056/4998 6099/5290 6044/5290
f 6099/5271 6060/5277 6044/5271
f 6044/5271 6060/5277 6039/5277
f 6039/4669 6060/4669 6047/4633
f 6047/4633 6060/4669 6101/4633
f 6101/4633 6060/4669 6097/4669
f 6060/5277 6099/5271 6097/5277
f 6268/4488 6212/4427 6167/4397
f 6142/5341 6145/5340 6097/5434
f 5899/5149 5833/5060 5862/5092
f 5758/4936 5856/4822 5851/4839
f 5851/4839 5856/4822 5960/4698
f 5960/4698 5856/4822 5761/4887
f 5856/4822 5758/4936 5761/4887
f 5761/4887 5758/4936 5663/4986
f 5663/4683 5758/4838 5309/4730
f 5309/4801 5758/4969 5660/4891
f 5758/4969 5851/5081 5660/4891
f 5660/4891 5851/5081 5705/4937
f 5705/4937 5851/5081 5774/4975
f 5851/5081 5862/5092 5774/4975
f 5862/5092 5833/5060 5774/4975
f 5774/4975 5833/5060 5853/5093
f 5833/5060 5899/5149 5853/5093
f 5899/5149 5925/5175 5853/5093
f 5853/5093 5925/5175 5901/5150
f 5925/5175 6004/5235 5901/5150
f 5901/5150 6004/5235 6099/5271
f 6004/5235 6097/5277 6099/5271
f 6097/5434 6145/5340 6099/5429
f 6145/5340 6167/5316 6099/5429
f 6099/5429 6167/5316 6139/5353
f 6167/4397 6212/4427 6139/4380
f 6139/4380 6212/4427 6302/4521
f 6212/4435 6268/4488 6302/4521
f 6302/4521 6268/4488 6279/4496
f 6279/4496 6268/4488 6217/4431
f 6268/4488 6167/4397 6217/4431
f 6167/5316 6145/5340 6217/5284
f 6145/5340 6142/5341 6217/5284
f 6217/5284 6142/5341 6101/5430
f 6142/5341 6097/5434 6101/5430
f 6097/4669 6004/4704 6101/4633
f 6101/4633 6004/4704 5980/4691
f 6004/4704 5925/4771 5980/4691
f 5925/4771 5899/4797 5980/4691
f 5899/4797 5862/4831 5980/4691
f 5862/4831 5851/4839 5980/4691
f 5851/4839 5960/4698 5980/4691
f 5960/4698 5761/4884 5980/4691
f 5980/4691 5761/4884 5737/4884
f 5726/5007 5737/5007 5187/5188
f 5187/5188 5737/5007 5421/5188
f 5737/5007 5761/5007 5421/5188
f 5761/5012 5663/5187 5421/5188
f 5663/5187 5309/5360 5421/5188
f 5309/5360 5397/5360 5421/5188
f 5250/5188 5421/5188 5398/5360
f 5421/5188 5397/5360 5398/5360
f 5398/4801 5397/4801 5352/4802
f 5397/4801 5309/4801 5352/4802
f 6096/5358 5968/5283 5962/5282
f 5992/5139 5962/5117 5911/5069
f 5780/4927 5678/5055 5676/4928
f 5676/4928 5678/5055 5594/5199
f 5594/5199 5678/5055 5773/5198
f 5678/5055 5780/4927 5773/5198
f 5780/4927 5820/4926 5773/5198
f 5820/4926 5868/4925 5773/5198
f 5773/5198 5868/4925 5871/5186
f 5868/5013 5894/5051 5871/5024
f 5894/5051 5911/5069 5871/5024
f 5911/5069 5962/5117 5871/5024
f 5962/5117 5968/5118 5871/5024
f 5871/5204 5968/5283 6106/5359
f 5968/5283 6096/5358 6106/5359
f 6096/4920 6130/4896 6106/4919
f 6130/4896 6243/4796 6106/4919
f 6106/4919 6243/4796 6242/4795
f 6242/4795 6243/4796 6508/4658
f 6508/4573 6243/4483 6458/4624
f 6458/4624 6243/4483 6261/4538
f 6243/4483 6130/4410 6261/4538
f 6136/4482 6261/4538 6139/4474
f 6261/4538 6130/4410 6139/4474
f 6130/4410 6096/4379 6139/4474
f 6139/4474 6096/4379 6099/4434
f 6096/4998 5962/4987 6099/5290
f 5962/4987 5992/5134 6099/5290
f 6099/5290 5992/5134 5974/5270
f 5992/5139 5911/5069 5974/5116
f 5911/5069 5894/5051 5974/5116
f 5974/5100 5894/5051 5901/5063
f 5894/5051 5868/5013 5901/5063
f 5901/5063 5868/5013 5853/5003
f 5868/4989 5820/5056 5853/4997
f 5820/5056 5780/5110 5853/4997
f 5853/4997 5780/5110 5775/5111
f 5780/5110 5676/5211 5775/5111
f 5775/5111 5676/5211 5672/5218
f 5672/5218 5676/5211 5581/5325
f 5676/4928 5594/5199 5581/4929
f 5390/5241 5293/5241 5330/5240
f 5293/5241 5292/5241 5330/5240
f 5330/5240 5292/5241 5414/5240
f 5292/5241 5581/5230 5414/5240
f 5581/5230 5594/5226 5414/5240
f 5224/5240 5414/5240 5412/5226
f 5414/5240 5594/5226 5412/5226
f 5412/5199 5594/5199 5753/5198
f 5594/5199 5773/5198 5753/5198
f 5753/5198 5773/5198 5859/5186
f 5773/5198 5871/5186 5859/5186
f 5859/5204 5871/5204 6042/5359
f 5871/5204 6106/5359 6042/5359
f 6042/4919 6106/4919 6322/4649
f 6461/4649 6322/4649 6551/4657
f 6322/4649 6106/4919 6551/4657
f 6106/4919 6242/4795 6551/4657
f 6242/4795 6508/4658 6551/4657
f 6461/4649 6551/4657 6432/4650
f 6551/4657 6508/4658 6432/4650
f 6508/4573 6458/4624 6432/4581
f 6432/4581 6458/4624 6452/4632
f 6452/4632 6458/4624 6469/4667
f 6458/4624 6261/4538 6469/4667
f 6261/4538 6136/4482 6469/4667
f 6469/4667 6136/4482 6349/4667
f 6349/4667 6136/4482 6132/4482
f 6132/4482 6136/4482 6123/4482
f 6136/4482 6139/4474 6123/4482
f 6139/4474 6099/4434 6123/4482
f 6123/4482 6099/4434 6045/4434
f 6099/5290 5974/5270 6045/5290
f 6045/5290 5974/5270 5943/5270
f 5974/5116 5901/5063 5943/5116
f 5943/5116 5901/5063 5888/5063
f 5901/5063 5853/5003 5888/5063
f 5888/5063 5853/5003 5848/5003
f 5853/4997 5775/5111 5848/4997
f 5848/4997 5775/5111 5767/5111
f 5178/5335 5767/5111 5417/5335
f 5767/5111 5775/5111 5417/5335
f 5775/5111 5672/5218 5417/5335
f 5672/5218 5581/5325 5417/5335
f 5581/5230 5292/5241 5417/5242
f 5292/5241 5293/5241 5417/5242
f 5293/5241 5390/5241 5417/5242
f 5390/5241 5352/5242 5417/5242
f 5352/4802 5309/4801 5417/4802
f 5309/4801 5660/4891 5417/4802
f 5660/4891 5705/4937 5417/4802
f 5705/4937 5774/4975 5417/4802
f 5178/4802 5417/4802 5754/4975
f 5417/4802 5774/4975 5754/4975
f 5754/4975 5774/4975 5842/5093
f 5774/4975 5853/5093 5842/5093
f 5842/5093 5853/5093 5888/5150
f 5853/5093 5901/5150 5888/5150
f 5888/5150 5901/5150 6045/5271
f 5901/5150 6099/5271 6045/5271
f 6045/5429 6099/5429 6132/5353
f 6099/5429 6139/5353 6132/5353
f 6132/4380 6139/4380 6289/4521
f 6139/4380 6302/4521 6289/4521
f 6289/4521 6302/4521 6324/4565
f 6469/5279 6324/5279 6468/5274
f 6324/4565 6302/4521 6468/4565
f 6302/4533 6279/4496 6468/4565
f 6279/4496 6448/4564 6468/4565
f 6448/5273 6528/5278 6468/5274
f 6468/5274 6528/5278 6469/5279
f 6468/5274 6469/5279 6486/5274
f 6486/5274 6469/5279 6487/5279
f 6487/5279 6469/5279 6470/5279
f 6470/5279 6469/5279 6550/5279
f 6550/5279 6469/5279 6529/5278
f 6469/5279 6528/5278 6529/5278
f 6529/5278 6528/5278 6561/5272
f 6561/5272 6528/5278 6485/5272
f 6528/5278 6448/5273 6485/5272
f 6448/4564 6279/4496 6485/4563
f 6279/4496 6217/4431 6485/4563
f 6758/4777 6769/4816 7048/4950
f 7048/4950 6769/4816 7041/4980
f 6771/4844 7041/4980 6760/4832
f 7041/4980 6769/4816 6760/4832
f 6760/4832 6769/4816 6580/4645
f 6580/4645 6769/4816 6476/4625
f 6769/4816 6758/4777 6476/4625
f 6476/4625 6758/4777 6757/4754
f 6758/4777 7038/4910 6757/4754
f 6757/4545 7038/4674 7051/4679
f 7038/4910 6758/4777 7051/4916
f 6758/4777 7048/4950 7051/4916
f 7048/4950 7054/4956 7051/4916
f 6932/5146 6979/5176 6966/5162
f 6966/5162 6979/5176 7001/5200
f 6979/5176 7051/5219 7001/5200
f 7051/5219 7054/5220 7001/5200
f 7001/5200 7054/5220 7064/5221
f 7054/4956 7048/4950 7064/4999
f 7048/4950 7041/4980 7064/4999
f 7041/4404 6771/4522 7064/4381
f 7064/4381 6771/4522 6738/4522
f 6738/4844 6771/4844 6485/4688
f 6771/4844 6760/4832 6485/4688
f 6760/4832 6580/4645 6485/4688
f 6580/4645 6531/4645 6485/4688
f 6561/4688 6485/4688 6440/4645
f 6485/4688 6531/4645 6440/4645
f 6440/4645 6531/4645 6554/4625
f 6531/4645 6580/4645 6554/4625
f 6580/4645 6476/4625 6554/4625
f 6554/4625 6476/4625 6549/4567
f 6654/4487 6640/4475 6762/4574
f 6973/4717 6800/4637 6743/4589
f 6743/4589 6800/4637 6775/4590
f 6895/4659 6894/4651 6775/4590
f 6775/4590 6894/4651 6768/4585
f 6768/4585 6894/4651 6762/4574
f 6762/4574 6894/4651 7035/4721
f 6894/4651 6895/4659 7035/4721
f 7035/4721 6895/4659 6928/4665
f 6895/4659 6775/4590 6928/4665
f 6775/4590 6800/4637 6928/4665
f 6928/4665 6800/4637 6974/4680
f 6974/4680 6800/4637 7053/4772
f 6800/4637 6973/4717 7053/4772
f 7053/4377 6973/4441 7052/4378
f 6973/4441 6743/4535 7052/4378
f 7052/4378 6743/4535 6689/4597
f 6743/4499 6775/4608 6689/4394
f 6689/4394 6775/4608 6667/4493
f 6775/4590 6768/4585 6667/4532
f 6768/4585 6762/4574 6667/4532
f 6667/4532 6762/4574 6673/4528
f 6673/4528 6762/4574 6533/4461
f 6762/4574 6640/4475 6533/4461
f 6640/5413 6571/5462 6533/5463
f 6571/5462 6490/5462 6533/5463
f 6443/5463 6533/5463 6426/5462
f 6533/5463 6490/5462 6426/5462
f 6426/5462 6490/5462 6585/5461
f 6490/5462 6571/5462 6585/5461
f 6585/5461 6571/5462 6551/5461
f 6571/5462 6640/5413 6551/5461
f 6640/5413 6654/5354 6551/5461
f 6341/5461 6551/5461 6647/5354
f 6551/5461 6654/5354 6647/5354
f 6647/4487 6654/4487 7004/4718
f 7026/4718 7004/4718 7035/4718
f 7004/4718 6654/4487 7035/4718
f 6654/4487 6762/4574 7035/4718
f 7035/4721 6928/4665 7049/4731
f 6928/4665 6974/4680 7049/4731
f 6974/4680 7053/4772 7049/4731
f 7053/5346 6985/5307 7049/5345
f 6985/5307 6929/5285 7049/5345
f 6887/5291 7003/5345 6955/5291
f 7003/5345 7049/5345 6955/5291
f 7049/5345 6929/5285 6955/5291
f 6929/5285 6871/5285 6955/5291
f 6859/5291 6955/5291 6830/5285
f 6955/5291 6871/5285 6830/5285
f 6830/5285 6871/5285 6817/5286
f 6871/5285 6929/5285 6817/5286
f 6817/5286 6929/5285 6907/5286
f 6929/5285 6985/5307 6907/5286
f 6985/5307 7053/5346 6907/5286
f 7053/5346 7052/5347 6907/5286
f 6862/5286 6907/5286 7005/5347
f 6907/5286 7052/5347 7005/5347
f 7052/4378 6689/4597 7005/4378
f 7005/4378 6689/4597 6670/4597
f 6348/5253 6670/5252 6468/5253
f 6670/5252 6689/5252 6468/5253
f 6689/5252 6667/5412 6468/5253
f 6667/5412 6673/5460 6468/5253
f 6673/5460 6533/5455 6468/5253
f 6533/5455 6443/5455 6468/5253
f 6443/5455 6549/5253 6468/5253
f 6549/4567 6476/4625 6468/4567
f 6476/4625 6757/4754 6468/4567
f 6757/4754 6736/4754 6468/4567
f 6348/4567 6468/4567 6737/4754
f 6468/4567 6736/4754 6737/4754
f 6737/4545 6736/4545 6992/4679
f 6736/4545 6757/4545 6992/4679
f 6757/4545 7051/4679 6992/4679
f 7051/5219 6979/5176 6992/5219
f 6992/5219 6979/5176 6970/5176
f 6970/5176 6979/5176 6957/5176
f 6862/5151 6957/5176 6956/5151
f 6957/5176 6979/5176 6956/5151
f 6979/5176 6932/5146 6956/5151
f 6932/5146 6874/5146 6956/5151
f 6842/5151 6956/5151 6831/5146
f 6956/5151 6874/5146 6831/5146
f 6831/5146 6874/5146 6820/5147
f 6874/5146 6932/5146 6820/5147
f 6820/5147 6932/5146 6909/5147
f 6932/5146 6966/5162 6909/5147
f 6966/5162 7001/5200 6909/5147
f 7001/5200 7064/5221 6909/5147
f 6866/5147 6909/5147 7007/5221
f 6909/5147 7064/5221 7007/5221
f 7064/4381 6738/4522 7007/4381
f 7007/4381 6738/4522 6731/4522
f 6738/4844 6485/4688 6352/4688
f 6485/4563 6217/4431 6352/4563
f 6352/4563 6217/4431 6201/4431
f 6217/5284 6101/5430 6201/5284
f 6201/5284 6101/5430 6035/5430
f 6101/4633 5980/4691 6035/4633
f 6035/4633 5980/4691 5945/4691
f 5980/4691 5737/4884 5945/4691
f 5737/4884 5726/4884 5945/4691
f 6333/5191 6412/5191 6356/5190
f 6400/5190 6356/5190 6366/5191
f 6356/5190 6412/5191 6366/5191
f 6366/5191 6412/5191 6336/5192
f 6412/5191 6333/5191 6336/5192
f 6333/5191 6381/5192 6336/5192
f 5137/4719 5220/4719 5550/4758
f 5220/4719 5600/4758 5550/4758
f 5550/4758 5600/4758 5703/4892
f 5600/4758 5713/4892 5703/4892
f 5703/4892 5713/4892 5847/5016
f 6227/4911 6222/5038 6077/5034
f 5677/5057 5673/5064 5732/4981
f 5876/4872 5732/4981 5961/4808
f 5961/5435 5732/5201 5815/5266
f 5809/5262 5815/5266 5722/5183
f 5815/5266 5732/5201 5722/5183
f 5722/4456 5732/4463 5666/4406
f 5732/5155 5673/5095 5666/5094
f 5666/5094 5673/5095 5606/5004
f 5673/5095 5677/5107 5606/5004
f 5606/5004 5677/5107 5612/5033
f 5813/5250 5612/5033 5819/5250
f 5612/5033 5677/5107 5819/5250
f 5677/5057 5732/4981 5819/4922
f 5732/4981 5876/4872 5819/4922
f 5819/4922 5876/4872 6058/4732
f 5876/4872 5961/4808 6058/4732
f 5961/4808 6077/4737 6058/4732
f 6077/5034 6222/5038 6058/5310
f 6058/5310 6222/5038 6231/5167
f 6231/5167 6222/5038 6403/5006
f 6403/5006 6222/5038 6380/4803
f 6222/5038 6227/4911 6380/4803
f 6251/4765 6380/4803 6067/4793
f 6380/4803 6227/4911 6067/4793
f 6227/4911 6077/5034 6067/4793
f 6077/5248 5961/5330 6067/5249
f 6067/5249 5961/5330 5872/5431
f 5961/5330 5815/5496 5872/5431
f 5815/5266 5809/5262 5872/5308
f 5872/5308 5809/5262 5777/5231
f 5777/5231 5809/5262 5668/5163
f 5809/5166 5722/5236 5668/5309
f 5722/5165 5666/5094 5668/5082
f 5666/5094 5606/5004 5668/5082
f 5655/5156 5668/5163 5599/5108
f 5668/5082 5606/5004 5599/5000
f 5154/5071 5201/5071 5220/5070
f 5700/4634 5708/4634 5587/4784
f 5587/4784 5409/4792 5185/4809
f 5185/4722 5409/4741 5220/4719
f 5220/4719 5409/4741 5597/4761
f 5409/4792 5587/4784 5597/4778
f 5597/4778 5587/4784 5654/4694
f 5587/4784 5708/4634 5654/4694
f 5654/4694 5708/4634 5808/4551
f 5808/4551 5708/4634 5861/4504
f 5708/4634 5700/4634 5861/4504
f 6011/4386 5861/4504 5845/4504
f 5861/4504 5700/4634 5845/4504
f 5845/4504 5700/4634 5698/4634
f 5698/4634 5700/4634 5332/4784
f 5700/4634 5587/4784 5332/4784
f 5130/4810 5332/4784 5152/4810
f 5332/4784 5587/4784 5152/4810
f 5587/4784 5185/4809 5152/4810
f 5185/4809 5147/4809 5152/4810
f 5195/4810 5152/4810 5225/4809
f 5152/4810 5147/4809 5225/4809
f 5225/4722 5147/4722 5160/4719
f 5147/4722 5185/4722 5160/4719
f 5185/4722 5220/4719 5160/4719
f 5160/5070 5220/5070 5202/5071
f 5220/5070 5201/5071 5202/5071
f 5202/4958 5201/4958 5230/4959
f 5201/4958 5154/4958 5230/4959
f 5230/4959 5154/4958 5193/4959
f 5154/4958 5450/4976 5193/4959
f 5450/4976 5599/5000 5193/4959
f 5599/5000 5606/5004 5193/4959
f 5133/4959 5193/4959 5569/5004
f 5193/4959 5606/5004 5569/5004
f 5569/5004 5606/5004 5605/5033
f 5606/5004 5612/5033 5605/5033
f 5605/5033 5612/5033 5807/5250
f 5612/5033 5813/5250 5807/5250
f 5807/4922 5813/4922 6017/4732
f 5813/4922 5819/4922 6017/4732
f 5819/4922 6058/4732 6017/4732
f 6017/5310 6058/5310 6310/5268
f 6745/5014 6740/5005 6850/4946
f 6740/5005 6766/4990 6850/4946
f 6850/4946 6766/4990 6867/4940
f 6978/5348 7037/5394 7029/5395
f 7029/4814 7037/4840 6891/4902
f 6891/4902 7037/4840 6761/4988
f 7037/4840 6906/4938 6761/4988
f 6906/4938 6867/4940 6761/4988
f 6867/4940 6766/4990 6761/4988
f 6761/4988 6766/4990 6687/5065
f 6766/4990 6740/5005 6687/5065
f 6687/5065 6740/5005 6671/5075
f 6671/5076 6740/5005 6662/5098
f 6740/5005 6745/5014 6662/5098
f 6662/5098 6745/5014 6657/5101
f 6657/5292 6745/5189 6396/5379
f 6419/5378 6396/5379 6385/5378
f 6385/5378 6396/5379 6678/5267
f 6396/5379 6745/5189 6678/5267
f 6678/4462 6745/4505 6778/4602
f 6764/4602 6778/4602 6994/4725
f 6994/4725 6778/4602 7012/4725
f 6778/4602 6745/4505 7012/4725
f 6745/4505 6850/4591 7012/4725
f 6850/5074 6867/5084 7012/5173
f 6867/5084 6906/5097 7012/5173
f 6993/5180 7012/5173 7044/5180
f 7012/5173 6906/5097 7044/5180
f 6906/5097 7037/5184 7044/5180
f 7037/5394 6978/5348 7044/5393
f 6877/5317 6827/5317 6916/5326
f 6827/5317 6986/5393 6916/5326
f 6986/5393 7044/5393 6916/5326
f 7044/5393 6978/5348 6916/5326
f 6978/5348 6863/5318 6916/5326
f 6916/5326 6863/5318 6877/5317
f 6863/5318 6822/5318 6877/5317
f 6916/5326 6877/5317 6882/5317
f 6882/5317 6877/5317 6803/5317
f 6803/5317 6877/5317 6810/5317
f 6877/5317 6822/5318 6810/5317
f 6810/5317 6822/5318 6805/5318
f 6805/5318 6822/5318 6802/5319
f 6802/5319 6822/5318 6851/5319
f 6822/5318 6863/5318 6851/5319
f 6863/5318 6978/5348 6851/5319
f 6978/5348 7029/5395 6851/5319
f 6823/5319 6851/5319 6988/5395
f 6851/5319 7029/5395 6988/5395
f 7029/4814 6742/4960 6988/4814
f 6735/4960 6742/4960 6423/5148
f 6303/5376 6423/5423 6356/5376
f 6356/5376 6423/5423 6592/5423
f 6423/5148 6742/4960 6592/5148
f 6592/5148 6742/4960 6767/4960
f 6742/4960 7029/4814 6767/4960
f 7029/4814 6891/4902 6767/4960
f 6891/4902 6761/4988 6767/4960
f 6761/4988 6687/5065 6767/4960
f 6767/4960 6687/5065 6592/5148
f 6687/5065 6671/5075 6592/5148
f 6671/5076 6662/5098 6592/5148
f 6381/4726 6720/4905 6750/4905
f 7009/5039 6750/5208 7033/5008
f 6750/5208 6720/5208 7033/5008
f 6658/4484 6729/4516 6756/4552
f 6729/4516 6847/4617 6756/4552
f 6847/4617 6888/4626 6756/4552
f 6888/4626 6864/4629 6756/4552
f 6685/4507 6679/4506 6770/4554
f 6679/4506 6756/4552 6770/4554
f 6756/4552 6864/4629 6770/4554
f 6864/4629 7031/4723 6770/4554
f 6770/4554 7031/4723 6841/4660
f 6841/4660 7031/4723 7042/4766
f 7031/4723 7043/4727 7042/4766
f 7042/5479 7043/5480 6977/5443
f 6977/5443 7043/5480 7033/5481
f 7043/4727 7031/4723 7033/4689
f 7033/4689 7031/4723 7027/4681
f 7031/4723 6864/4629 7027/4681
f 6864/4629 6888/4626 7027/4681
f 6888/4626 6847/4617 7027/4681
f 7027/4681 6847/4617 7009/4671
f 6847/4617 6729/4516 7009/4671
f 7009/5058 6729/4897 6750/4905
f 6750/4905 6729/4897 6381/4726
f 6729/4516 6658/4484 6381/4388
f 6381/4388 6658/4484 6586/4432
f 6658/4484 6756/4552 6586/4432
f 6756/4552 6679/4506 6586/4432
f 6586/4405 6679/4476 6592/4411
f 6679/4506 6685/4507 6592/4442
f 6592/4459 6685/4507 6767/4598
f 6685/4507 6770/4554 6767/4598
f 6770/4554 6841/4660 6767/4598
f 6841/4660 7042/4766 6767/4598
f 6767/4598 6741/4598 6592/4442
f 6303/4383 6356/4383 6423/4411
f 6356/4383 6592/4411 6423/4411
f 6423/4442 6592/4442 6735/4598
f 6592/4442 6741/4598 6735/4598
f 6735/4598 6741/4598 6988/4766
f 6741/4598 6767/4598 6988/4766
f 6767/4598 7042/4766 6988/4766
f 6823/5417 6988/5479 6890/5417
f 6988/5479 7042/5479 6890/5417
f 7042/5479 6977/5443 6890/5417
f 6977/5443 6875/5400 6890/5417
f 6875/5400 6826/5400 6890/5417
f 6816/5417 6890/5417 6809/5400
f 6890/5417 6826/5400 6809/5400
f 6809/5400 6826/5400 6804/5401
f 6826/5400 6875/5400 6804/5401
f 6804/5401 6875/5400 6861/5401
f 6875/5400 6977/5443 6861/5401
f 6977/5443 7033/5481 6861/5401
f 6814/5401 6861/5401 6990/5481
f 6861/5401 7033/5481 6990/5481
f 7033/5008 6720/5208 6990/5008
f 6990/5008 6720/5208 6707/5208
f 6707/4905 6720/4905 6323/4726
f 6720/4905 6381/4726 6323/4726
f 6296/5212 6323/5192 6325/5212
f 6323/5192 6381/5192 6325/5212
f 6381/5192 6321/5202 6325/5212
f 6325/4819 6321/4670 6214/4666
f 6321/5202 6225/5294 6214/5298
f 6214/5298 6225/5294 6072/5416
f 6028/5415 6072/5416 6081/5415
f 6081/5415 6072/5416 6202/5303
f 6072/5416 6225/5294 6202/5303
f 6202/5303 6225/5294 6295/5222
f 6286/5222 6295/5222 6318/5190
f 6318/5190 6295/5222 6356/5190
f 6295/5222 6225/5294 6356/5190
f 6225/5294 6321/5202 6356/5190
f 6356/5190 6321/5202 6333/5191
f 6321/5202 6381/5192 6333/5191
f 6381/4388 6586/4432 6333/4418
f 6333/4382 6586/4405 6356/4383
f 6586/4405 6592/4411 6356/4383
f 6592/5423 6662/5488 6356/5376
f 6662/5488 6657/5489 6356/5376
f 6657/5489 6396/5377 6356/5376
f 6333/4418 6412/4418 6381/4388
f 6336/4388 6381/4388 6366/4418
f 6381/4388 6412/4418 6366/4418
f 6366/4382 6412/4382 6400/4383
f 6412/4382 6333/4382 6400/4383
f 6333/4382 6356/4383 6400/4383
f 6400/5376 6356/5376 6422/5377
f 6356/5376 6396/5377 6422/5377
f 6422/5379 6396/5379 6420/5378
f 6396/5379 6419/5378 6420/5378
f 6420/4384 6419/4384 6369/4453
f 6419/4384 6385/4384 6369/4453
f 6369/4453 6385/4384 6377/4453
f 6385/4384 6678/4462 6377/4453
f 6678/4462 6778/4602 6377/4453
f 6778/4602 6764/4602 6377/4453
f 6764/4602 6310/4453 6377/4453
f 6310/5268 6058/5310 6377/5268
f 6058/5310 6231/5167 6377/5268
f 6231/5167 6403/5006 6377/5268
f 6377/5268 6386/4978 6369/5268
f 6369/5268 6386/4978 6340/4978
f 6340/4398 6386/4395 6400/4400
f 6400/4400 6386/4395 6357/4389
f 6377/5268 6403/5006 6386/4978
f 6386/4978 6403/5006 6417/4880
f 6403/5006 6380/4803 6417/4880
f 6417/4880 6380/4803 6357/4748
f 6380/4803 6251/4765 6357/4748
f 6357/4748 6251/4765 6308/4748
f 6308/4748 6251/4765 6246/4765
f 6251/4765 6067/4793 6246/4765
f 6246/4765 6067/4793 6003/4793
f 6067/5249 5872/5431 6003/5249
f 6003/5249 5872/5431 5847/5431
f 5137/5070 5550/5096 5220/5070
f 5220/5070 5550/5096 5600/5096
f 5550/5096 5703/5207 5600/5096
f 5600/5096 5703/5207 5713/5207
f 5703/5207 5847/5308 5713/5207
f 5847/5308 5872/5308 5713/5207
f 5872/5308 5777/5231 5713/5207
f 5777/5231 5668/5163 5713/5207
f 5668/5163 5655/5156 5713/5207
f 5713/5207 5655/5156 5600/5096
f 5655/5156 5599/5108 5600/5096
f 5599/5108 5450/5083 5600/5096
f 5450/5083 5154/5071 5600/5096
f 5154/5071 5220/5070 5600/5096
f 5220/4719 5597/4761 5600/4758
f 5597/4761 5654/4825 5600/4758
f 5600/4758 5654/4825 5713/4892
f 5654/4825 5808/4953 5713/4892
f 5713/4892 5808/4953 5805/4954
f 5805/4954 5808/4953 5863/5015
f 5808/4551 5861/4504 5863/4503
f 5863/4503 5861/4504 5860/4500
f 5860/4500 5861/4504 5967/4450
f 5967/4450 5861/4504 6075/4386
f 5861/4504 6011/4386 6075/4386
f 6011/5424 6296/5212 6075/5424
f 6296/5212 6325/5212 6075/5424
f 6325/5212 6214/5280 6075/5424
f 6214/5298 6072/5416 6075/5424
f 6075/5424 6072/5416 6021/5424
f 6021/5424 6072/5416 6020/5416
f 6072/5416 6028/5415 6020/5416
f 6020/5416 6028/5415 6005/5415
f 6005/5415 6028/5415 6015/5414
f 6010/5310 6024/5034 6058/5310
f 6058/5310 6024/5034 6077/5034
f 6077/5034 6024/5034 6067/4793
f 6024/5034 6015/4793 6067/4793
f 6015/5414 6028/5415 6067/5414
f 6028/5415 6081/5415 6067/5414
f 6081/5415 6202/5303 6067/5414
f 6202/5303 6295/5222 6067/5414
f 6295/5222 6286/5222 6067/5414
f 6286/5222 6003/5414 6067/5414
f 6067/5157 6003/5157 5867/5016
f 6003/5157 5847/5016 5867/5016
f 5847/5016 5713/4892 5867/5016
f 5713/4892 5805/4954 5867/5016
f 5805/4954 5863/5015 5867/5016
f 5863/5015 5860/5025 5867/5016
f 6067/5157 5867/5016 5872/5026
f 5867/5016 5860/5025 5872/5026
f 6067/5249 6024/5248 6077/5248
f 6077/4737 6024/4737 6058/4732
f 6058/4732 6024/4737 6010/4732
f 6024/5248 6067/5249 6015/5249
f 6067/4387 6029/4558 6015/4387
f 6015/4387 6029/4558 6006/4558
f 6006/4385 6029/4385 6021/4386
f 6021/4386 6029/4385 6075/4386
f 6075/4386 6029/4385 6055/4385
f 6029/4558 6067/4387 6055/4558
f 6055/4558 6067/4387 5954/4501
f 6067/5157 5872/5026 5954/5177
f 5954/5113 5872/5026 5952/5112
f 5872/5026 5860/5025 5952/5112
f 5860/4500 5967/4450 5952/4449
f 5967/4450 6075/4386 5952/4449
f 6075/4386 6055/4385 5952/4449
f 5954/5113 5952/5112 6055/5185
f 927/1929 928/1925 909/1929
f 952/1880 928/1879 919/1878
f 1393/1907 1461/1904 1600/1907
f 1579/1916 1511/1917 1418/1919
f 1659/1872 1486/1871 1561/1870
f 1626/1838 1512/1837 1358/1840
f 935/1913 945/1914 903/1912
f 1511/1824 1402/1824 1403/1824
f 1402/1824 1485/1824 1403/1824
f 1358/1821 1512/1823 1403/1824
f 1512/1837 1626/1838 1403/1835
f 1626/1838 1561/1836 1403/1835
f 1561/1836 1659/1836 1403/1835
f 1637/1881 1636/1881 1403/1881
f 1403/1881 1636/1881 1560/1889
f 1636/1881 1423/1889 1560/1889
f 1561/1836 1626/1838 1560/1839
f 1626/1838 1358/1840 1560/1839
f 1560/1839 1358/1840 929/1851
f 1358/1840 945/1847 929/1851
f 945/1847 935/1848 929/1851
f 935/1848 903/1850 929/1851
f 1560/1889 1626/1883 1403/1881
f 1403/1881 1626/1883 1419/1876
f 1626/1883 928/1882 1419/1876
f 1688/1876 1419/1876 964/1882
f 1419/1876 928/1882 964/1882
f 1556/1920 976/1923 1561/1921
f 1561/1921 976/1923 929/1930
f 976/1923 928/1925 929/1930
f 928/1925 909/1929 929/1930
f 929/1869 909/1864 903/1866
f 1739/1907 1393/1907 1719/1904
f 1719/1904 1393/1907 1461/1904
f 1719/1904 1461/1904 1692/1904
f 1692/1895 1461/1895 1142/1899
f 1142/1899 1461/1895 1036/1899
f 1719/1904 1461/1904 1692/1904
f 1692/1895 1461/1895 1142/1899
f 1142/1899 1461/1895 1036/1899
f 5236/884 5399/884 5340/900
f 5399/884 5364/900 5340/900
f 5340/900 5364/900 5388/906
f 5364/900 5294/906 5388/906
f 3190/959 3169/961 3193/960
f 3169/961 3313/962 3193/960
f 3190/930 3169/926 3193/929
f 3169/926 3313/925 3193/929
f 4451/715 4444/717 4473/716
f 3867/818 3839/819 3643/814
f 3643/852 3839/850 3623/851
f 4918/772 4380/800 4352/804
f 3778/942 3791/942 3799/942
f 3799/942 3791/942 3839/942
f 3791/942 4322/927 3839/942
f 1786/812 1768/807 1753/812
f 1762/812 1791/812 1754/812
f 1791/812 1769/812 1754/812
f 1754/812 1769/812 1753/812
f 1359/718 1264/720 1265/722
f 1771/719 1746/719 1693/724
f 1693/724 1746/719 1395/724
f 1746/719 1729/721 1395/724
f 1729/849 1377/841 1395/844
f 1377/841 1317/832 1395/844
f 1328/844 1395/844 1204/833
f 1395/844 1317/833 1204/833
f 1317/834 1377/840 1755/835
f 1782/847 1753/848 1746/847
f 1753/848 1755/835 1746/847
f 1755/835 1377/840 1746/846
f 1746/846 1377/841 1729/845
f 1994/943 2012/943 2001/943
f 2012/943 2033/943 2001/943
f 1766/798 1377/801 1755/816
f 1377/803 1317/815 1755/816
f 2721/907 2376/909 2357/910
f 2357/910 2376/909 1997/924
f 2357/910 2366/910 2721/907
f 2802/907 2721/907 2397/910
f 2721/907 2366/910 2397/910
f 2397/910 2366/910 2016/924
f 2366/910 2357/910 2016/924
f 2357/910 1997/924 2016/924
f 1680/773 1997/760 1341/773
f 1997/760 1874/763 1341/773
f 2889/901 2845/902 2721/901
f 2437/887 2442/887 2207/882
f 2207/882 2442/887 2189/882
f 2189/882 2442/887 2436/888
f 2436/888 2442/887 2693/899
f 2442/887 2437/887 2693/899
f 2437/887 2447/887 2693/899
f 2802/901 2721/901 2725/899
f 2721/901 2693/899 2725/899
f 2725/899 2693/899 2459/887
f 2693/899 2447/887 2459/887
f 2459/887 2447/887 2226/882
f 2447/887 2437/887 2226/882
f 2437/887 2207/882 2226/882
f 2226/882 2207/882 1926/875
f 1926/875 2207/882 1902/875
f 2207/882 2189/882 1902/875
f 1902/875 2189/882 1903/875
f 1903/875 2189/882 1892/875
f 1892/875 2189/882 1893/876
f 2721/855 2723/856 2830/853
f 2830/853 2723/856 2831/854
f 3880/787 3839/787 3547/824
f 3547/824 3839/787 3169/824
f 3839/787 3777/792 3169/824
f 3570/871 3170/871 3569/874
f 3170/871 3169/874 3569/874
f 3569/874 3169/874 3585/874
f 3585/920 3169/920 3547/920
f 3547/920 3169/920 2774/921
f 2774/921 3169/920 2721/921
f 2721/921 3169/920 2730/916
f 2436/888 2693/899 2730/902
f 2693/899 2721/901 2730/902
f 2721/901 2845/902 2730/902
f 3643/7774 3623/7774 3547/7769
f 3547/7769 3623/7774 3169/7769
f 3799/7897 3839/7897 3825/7897
f 3825/7897 3839/7897 3855/7897
f 4451/7845 3855/7897 4436/7845
f 3855/7897 3839/7897 4436/7845
f 4987/7779 4959/7779 4918/7779
f 4959/7779 4473/7834 4918/7779
f 4473/7834 4468/7834 4918/7779
f 3416/7807 3170/7807 2774/7799
f 2774/7799 3170/7807 2721/7799
f 2721/7799 3170/7807 2730/7841
f 1771/8047 1753/8042 1746/8047
f 1315/8075 1185/8076 1746/8047
f 1746/8047 1185/8076 1753/8042
f 1185/8076 1755/8043 1753/8042
f 1755/8043 1808/8030 1753/8042
f 1808/8030 1755/8043 1890/8004
f 1755/8043 2052/7984 1890/8004
f 1903/7879 1892/7879 1680/7880
f 1680/7880 1892/7879 1341/7880
f 1892/7879 1893/7908 1341/7880
f 1064/1167 1217/1164 1201/1163
f 1217/1164 1367/1164 1201/1163
f 1351/1163 1201/1163 1136/1164
f 1201/1163 1367/1164 1136/1164
f 1136/1164 1367/1164 1254/1165
f 1367/1164 1217/1164 1254/1165
f 1275/1157 1147/1157 1289/1158
f 1147/1157 1381/1157 1289/1158
f 1289/1158 1381/1157 1387/1158
f 1381/1157 1070/1159 1387/1158
f 1070/1159 989/1162 1387/1158
f 1468/1158 1387/1158 1080/1160
f 1080/1160 1387/1158 1008/1160
f 1387/1158 989/1162 1008/1160
f 989/1162 1046/1162 1008/1160
f 1008/1160 1046/1162 1160/1160
f 1109/1161 1046/1162 988/1161
f 1046/1162 989/1162 988/1161
f 989/1162 1070/1159 988/1161
f 1070/1159 1381/1157 988/1161
f 1678/1156 1042/1161 1378/1156
f 1042/1161 988/1161 1378/1156
f 988/1161 1381/1157 1378/1156
f 1381/1157 1147/1157 1378/1156
f 1147/1157 1275/1157 1378/1156
f 1275/1157 1254/1156 1378/1156
f 1254/1165 1217/1164 1378/1165
f 1217/1164 1064/1167 1378/1165
f 1678/1165 1378/1165 1073/1168
f 1073/1168 1378/1165 988/1168
f 1378/1165 1064/1167 988/1168
f 1064/1167 987/1170 988/1168
f 987/1170 1019/1170 988/1168
f 988/1168 1019/1170 1109/1168
f 1109/1168 1019/1170 1105/1170
f 1105/1170 1019/1170 1101/1169
f 1101/1169 1019/1170 986/1169
f 1019/1170 987/1170 986/1169
f 987/1170 1064/1167 986/1169
f 1064/1167 1201/1166 986/1169
f 986/1169 1201/1163 1041/1169
f 1041/1169 1201/1163 1673/1163
f 1202/1139 1129/1141 1179/1140
f 1399/1150 1178/1149 1318/1151
f 1179/1144 1129/1145 1318/1142
f 1129/1145 1334/1143 1318/1142
f 1326/1147 1166/1148 980/1146
f 1673/1163 1041/1169 1201/1163
f 1041/1169 986/1169 1201/1163
f 986/1154 980/1155 1201/1153
f 980/1155 1166/1152 1201/1153
f 1351/1153 1201/1153 1165/1152
f 1201/1153 1166/1152 1165/1152
f 1166/1148 1326/1147 1165/1148
f 1165/1148 1326/1147 1307/1147
f 1307/1147 1326/1147 1122/1147
f 1326/1147 980/1146 1122/1147
f 980/1155 986/1154 1122/1155
f 986/1154 1101/1154 1122/1155
f 4946/1742 4923/1741 4965/1741
f 4965/1741 4923/1741 4985/1739
f 4985/1739 4923/1741 4865/1739
f 4865/1739 4923/1741 4846/1741
f 4846/1741 4923/1741 4854/1742
f 4923/1741 4946/1742 4854/1742
f 4950/1739 4927/1740 4985/1739
f 3558/1607 3359/1607 3395/1606
f 3532/1606 3395/1606 3449/1607
f 3395/1606 3359/1607 3449/1607
f 3449/1607 3359/1607 3399/1608
f 3359/1607 3558/1607 3399/1608
f 3558/1607 3508/1608 3399/1608
f 4948/1671 4938/1672 4989/1670
f 3822/1474 3821/1471 3806/1473
f 3350/1626 4446/1581 3559/1626
f 4446/1581 4341/1594 3559/1626
f 4341/1594 4307/1600 3559/1626
f 4307/1600 4219/1605 3559/1626
f 4219/1502 4158/1499 3559/1489
f 4158/1499 4119/1494 3559/1489
f 4119/1542 4074/1555 3559/1573
f 3539/1332 3523/1335 3387/1332
f 3387/1332 3523/1335 3388/1335
f 3412/1544 3388/1541 3528/1544
f 3388/1541 3523/1541 3528/1544
f 3638/1199 3866/1186 3911/1193
f 3866/1497 3638/1545 3617/1546
f 3528/1544 3523/1541 3617/1536
f 3523/1541 3794/1484 3617/1536
f 3897/1450 3559/1509 3913/1455
f 3913/1455 3559/1509 4048/1442
f 3559/1573 4074/1555 4048/1562
f 2787/1747 2822/1747 2777/1746
f 2777/1629 2855/1630 2813/1630
f 2813/1630 2855/1630 2800/1627
f 2800/1627 2855/1630 2959/1627
f 2959/1627 2855/1630 2971/1630
f 2971/1630 2855/1630 2927/1629
f 2855/1630 2777/1629 2927/1629
f 2927/1746 2777/1746 2913/1747
f 2777/1746 2822/1747 2913/1747
f 2913/1628 2822/1628 2869/1623
f 2822/1628 2787/1628 2869/1623
f 2787/1628 2803/1623 2869/1623
f 2778/1622 2803/1623 2840/1622
f 3368/1200 3447/1202 3394/1201
f 3394/1201 3447/1202 3506/1203
f 3506/1462 3447/1413 3357/1412
f 3357/1412 3447/1413 3391/1348
f 3391/1348 3447/1413 3546/1350
f 3447/1566 3368/1571 3546/1572
f 3391/1297 3529/1297 3528/1302
f 4934/1743 4947/1760 4916/1743
f 4916/1743 4947/1760 4906/1760
f 4947/1760 4948/1786 4906/1760
f 5564/1744 5425/1744 5474/1787
f 5474/1787 5425/1744 4948/1786
f 4906/1760 4948/1786 4916/1743
f 4948/1786 5425/1744 4916/1743
f 3714/1791 3872/1799 3706/1792
f 3706/1792 3872/1799 3878/1800
f 3878/1797 3872/1796 4025/1793
f 4758/1745 4457/1761 4586/1749
f 4586/1749 4457/1761 4236/1781
f 4087/1789 4184/1782 4256/1776
f 4256/1776 4184/1782 4442/1763
f 4184/1782 4236/1781 4442/1763
f 4236/1781 4457/1761 4442/1763
f 4442/1763 4457/1761 4566/1752
f 4457/1761 4758/1745 4566/1752
f 4547/1752 4566/1752 4875/1740
f 4990/1739 4949/1740 4985/1739
f 4985/1739 4949/1740 4927/1740
f 4949/1740 4909/1740 4927/1740
f 4909/1740 4875/1740 4927/1740
f 4875/1740 4566/1752 4927/1740
f 4985/1739 4927/1740 4965/1741
f 4927/1740 4566/1752 4965/1741
f 4566/1752 4758/1745 4965/1741
f 4965/1741 4758/1745 4946/1742
f 4758/1745 4586/1749 4946/1742
f 4586/1749 4236/1781 4946/1742
f 4946/1742 4236/1781 4863/1742
f 4863/1742 4236/1781 4160/1781
f 4160/1781 4236/1781 4136/1782
f 4236/1781 4184/1782 4136/1782
f 4136/1782 4184/1782 4148/1782
f 3854/1801 4148/1782 3888/1801
f 4148/1782 4184/1782 3888/1801
f 4184/1782 4087/1789 3888/1801
f 4087/1789 4078/1790 3888/1801
f 3864/1754 3888/1754 3865/1753
f 3888/1754 4078/1759 3865/1753
f 4078/1759 4025/1757 3865/1753
f 4025/1757 3872/1748 3865/1753
f 3872/1799 3714/1791 3865/1798
f 3714/1791 3682/1788 3865/1798
f 3890/1798 3865/1798 3593/1768
f 1846/1352 1870/1363 1989/1384
f 2091/1404 1989/1384 2277/1453
f 1989/1384 2185/1434 2277/1453
f 2439/1483 2277/1453 2356/1465
f 2277/1453 2185/1434 2356/1465
f 2101/1403 2356/1465 2074/1403
f 2356/1465 2185/1434 2074/1403
f 2185/1434 1989/1384 2074/1403
f 1989/1384 1870/1363 2074/1403
f 2074/1403 1870/1363 1815/1349
f 1870/1363 1846/1352 1815/1349
f 1846/1352 1749/1333 1815/1345
f 1815/1345 1749/1333 1638/1327
f 1638/1327 1749/1333 1438/1324
f 1749/1333 1846/1352 1438/1324
f 1438/1323 1846/1351 1872/1357
f 1846/1351 1989/1380 1872/1357
f 1989/1380 2091/1401 1872/1357
f 1872/1357 2091/1401 2187/1433
f 2091/1401 2277/1452 2187/1433
f 2187/1433 2277/1452 2363/1468
f 2363/1469 2277/1453 2563/1506
f 2277/1453 2439/1483 2563/1506
f 2439/1483 2652/1534 2563/1506
f 2654/1535 2563/1506 2813/1557
f 2563/1506 2652/1534 2813/1557
f 2813/1557 2652/1534 2800/1556
f 2652/1534 2439/1483 2800/1556
f 2439/1483 2356/1465 2800/1556
f 2928/1556 2800/1556 2384/1465
f 2800/1556 2356/1465 2384/1465
f 2384/1465 2356/1465 2119/1403
f 2356/1465 2101/1403 2119/1403
f 2119/1403 2101/1403 1845/1345
f 2101/1403 2074/1403 1845/1345
f 2074/1403 1815/1349 1845/1345
f 1845/1345 1815/1345 1842/1345
f 1842/1345 1815/1345 1829/1345
f 1829/1345 1815/1345 1705/1326
f 1705/1326 1815/1345 1595/1326
f 1815/1345 1638/1327 1595/1326
f 1676/1376 1595/1376 1541/1281
f 1595/1376 1642/1281 1541/1281
f 1541/1209 1642/1211 1613/1210
f 1592/1213 1613/1210 1520/1212
f 1613/1210 1642/1211 1520/1212
f 1642/1281 1595/1376 1520/1281
f 1595/1376 1638/1330 1520/1281
f 1520/1281 1638/1330 1412/1259
f 1638/1330 1438/1270 1412/1259
f 1412/1259 1438/1270 1592/1219
f 1438/1323 1872/1357 1592/1322
f 1592/1322 1872/1357 1722/1322
f 1722/1322 1872/1357 1891/1357
f 1872/1357 2187/1433 1891/1357
f 1891/1357 2187/1433 2205/1433
f 2187/1433 2456/1488 2205/1433
f 2205/1433 2456/1488 2488/1488
f 2488/1340 2456/1340 2899/1368
f 2899/1368 2456/1340 2777/1368
f 2777/1368 2456/1340 2449/1340
f 2456/1488 2187/1433 2449/1488
f 2187/1433 2363/1468 2449/1488
f 2363/1372 2563/1449 2449/1340
f 2563/1449 2654/1400 2449/1340
f 2449/1340 2654/1400 2777/1368
f 2654/1400 2813/1457 2777/1368
f 2777/1629 2813/1630 3050/1620
f 3050/1620 2813/1630 3508/1608
f 2813/1630 2800/1627 3508/1608
f 2800/1627 2928/1627 3508/1608
f 2928/1627 3593/1608 3508/1608
f 3593/1768 3865/1798 3508/1768
f 3865/1798 3682/1788 3508/1768
f 3508/1768 3682/1788 3610/1771
f 3682/1788 3714/1791 3610/1771
f 3610/1771 3714/1791 3630/1775
f 3714/1791 3706/1792 3630/1775
f 3706/1792 3878/1800 3630/1775
f 3664/1654 3630/1663 3707/1646
f 3630/1663 3878/1635 3707/1646
f 3707/1646 3878/1635 3886/1634
f 3886/1675 3878/1674 4093/1661
f 4609/1617 4489/1625 4309/1640
f 4339/1639 4309/1640 4345/1638
f 4309/1640 4489/1625 4345/1638
f 4345/1638 4489/1625 4506/1624
f 4489/1625 4609/1617 4506/1624
f 4506/1624 4609/1617 4546/1621
f 4546/1692 4609/1690 4781/1679
f 4389/1481 4404/1480 4961/1548
f 4961/1548 4404/1480 4973/1547
f 4482/1493 4973/1547 4137/1458
f 4973/1547 4404/1480 4137/1458
f 4137/1458 4404/1480 3870/1432
f 4404/1480 4389/1481 3870/1432
f 4961/1548 4973/1547 4986/1550
f 4989/1467 4986/1377 4948/1466
f 4986/1377 4973/1436 4948/1466
f 4948/1346 4973/1383 4477/1347
f 4973/1487 4482/1460 4477/1463
f 4477/1463 4482/1460 3866/1421
f 4482/1493 4137/1458 3866/1431
f 4137/1458 3870/1432 3866/1431
f 5029/1565 4986/1550 5000/1565
f 4986/1377 4989/1467 5000/1377
f 5000/1377 4989/1467 5015/1467
f 5015/1467 4989/1467 4988/1467
f 4988/1670 4989/1670 4908/1670
f 4908/1670 4989/1670 4845/1672
f 4989/1670 4938/1672 4845/1672
f 4845/1672 4938/1672 4835/1673
f 4835/1673 4938/1672 4927/1673
f 4938/1672 4781/1679 4927/1673
f 4781/1679 4609/1690 4927/1673
f 4927/1673 4609/1690 4875/1673
f 4875/1673 4609/1690 4577/1690
f 4609/1617 4309/1640 4577/1617
f 4577/1617 4309/1640 4296/1643
f 3395/1669 3584/1669 3630/1663
f 3584/1669 3648/1663 3630/1663
f 3630/1663 3648/1663 3878/1635
f 3648/1663 3879/1635 3878/1635
f 3878/1674 3879/1674 4113/1657
f 3879/1674 4097/1657 4113/1657
f 4097/1657 4253/1643 4113/1657
f 4113/1657 4253/1643 4309/1643
f 4253/1643 4265/1643 4309/1643
f 4265/1643 4296/1643 4309/1643
f 4339/1639 4255/1649 4309/1643
f 4309/1643 4255/1649 4113/1657
f 4255/1649 4230/1651 4113/1657
f 4230/1651 4093/1661 4113/1657
f 4093/1661 3878/1674 4113/1657
f 3878/1797 4025/1793 4113/1785
f 4025/1793 4078/1790 4113/1785
f 4113/1785 4078/1790 4309/1772
f 4078/1790 4087/1789 4309/1772
f 4087/1789 4256/1776 4309/1772
f 4256/1776 4442/1763 4309/1772
f 4442/1763 4566/1752 4309/1772
f 4566/1752 4547/1752 4309/1772
f 4547/1752 4253/1772 4309/1772
f 4309/1772 4253/1772 4113/1785
f 4253/1772 4097/1785 4113/1785
f 4097/1785 3879/1797 4113/1785
f 4113/1785 3879/1797 3878/1797
f 3879/1800 3648/1775 3878/1800
f 3878/1800 3648/1775 3630/1775
f 3648/1775 3584/1770 3630/1775
f 3630/1775 3584/1770 3395/1770
f 3584/1606 2899/1629 3395/1606
f 2899/1629 2777/1629 3395/1606
f 3395/1606 2777/1629 3558/1607
f 2777/1629 3050/1620 3558/1607
f 3050/1620 3508/1608 3558/1607
f 3508/1768 3610/1771 3558/1769
f 3558/1769 3610/1771 3395/1770
f 3610/1771 3630/1775 3395/1770
f 3630/1663 3664/1654 3395/1669
f 3664/1654 3446/1668 3395/1669
f 3558/1769 3359/1769 3508/1768
f 3399/1768 3508/1768 3449/1769
f 3508/1768 3359/1769 3449/1769
f 3449/1769 3359/1769 3532/1770
f 3359/1769 3558/1769 3532/1770
f 3558/1769 3395/1770 3532/1770
f 3532/1669 3395/1669 3561/1668
f 3395/1669 3446/1668 3561/1668
f 3561/1668 3446/1668 3412/1667
f 3412/1667 3446/1668 3528/1667
f 3446/1668 3664/1654 3528/1667
f 3911/1633 3595/1667 3866/1633
f 3595/1667 3528/1667 3866/1633
f 3528/1667 3664/1654 3866/1633
f 3664/1654 3707/1646 3866/1633
f 3707/1646 3886/1634 3866/1633
f 3886/1677 4093/1691 3866/1678
f 4482/1715 4477/1715 4384/1704
f 4477/1472 3866/1402 4384/1461
f 4409/1543 4384/1549 3889/1537
f 4384/1461 3866/1402 3889/1397
f 3837/1678 3866/1678 4343/1703
f 4377/1703 4343/1703 4362/1703
f 4343/1703 3866/1678 4362/1703
f 3866/1678 4093/1691 4362/1703
f 4093/1691 4230/1695 4362/1703
f 4230/1695 4255/1696 4362/1703
f 4362/1703 4255/1696 4384/1704
f 4255/1696 4339/1701 4384/1704
f 4339/1701 4345/1702 4384/1704
f 4345/1702 4506/1717 4384/1704
f 4506/1717 4546/1720 4384/1704
f 4384/1704 4546/1720 4482/1715
f 4546/1692 4781/1679 4482/1697
f 4384/1704 4482/1715 4471/1715
f 4471/1697 4482/1697 4948/1671
f 4482/1697 4781/1679 4948/1671
f 4781/1679 4938/1672 4948/1671
f 4938/1616 5093/1588 4948/1596
f 4864/1591 4948/1596 4956/1591
f 4948/1596 4992/1591 4956/1591
f 4956/1591 4992/1591 5374/1575
f 5374/1575 4992/1591 5474/1575
f 4992/1591 4948/1596 5474/1575
f 4948/1596 5093/1588 5474/1575
f 5474/1575 5093/1588 5583/1582
f 5583/1750 5093/1758 5555/1751
f 4910/1773 5257/1751 4985/1773
f 5257/1751 5555/1751 4985/1773
f 5555/1751 5093/1758 4985/1773
f 5093/1758 4938/1774 4985/1773
f 4917/1531 4898/1532 4962/1525
f 4962/1525 4898/1532 4940/1526
f 4940/1526 4898/1532 4985/1523
f 4985/1523 4898/1532 4876/1533
f 3401/1321 3538/1321 3350/1417
f 3350/1417 3538/1321 3559/1417
f 3559/1417 3538/1321 3415/1321
f 3415/1311 3538/1311 3505/1312
f 3538/1311 3401/1311 3384/1312
f 4916/1510 4961/1511 4913/1505
f 4913/1505 4961/1511 4882/1470
f 4961/1464 4947/1420 4882/1423
f 4882/1760 4947/1760 4906/1760
f 4905/1760 4906/1760 4944/1760
f 4944/1760 4906/1760 4947/1760
f 4981/1179 4969/1182 5033/1194
f 5106/1207 5033/1194 5103/1204
f 5033/1194 4969/1182 5103/1204
f 5584/1698 5510/1698 5558/1699
f 5510/1698 5511/1698 5558/1699
f 5558/1699 5511/1698 5463/1699
f 5511/1698 5103/1714 5463/1699
f 5103/1714 4969/1722 5463/1699
f 5463/1699 4969/1722 5361/1699
f 5361/1699 4969/1722 4951/1722
f 4877/1307 4951/1313 4946/1307
f 4951/1313 4969/1313 4946/1307
f 4946/1307 4969/1313 4965/1308
f 4969/1313 4981/1314 4965/1308
f 4965/1308 4870/1308 4946/1307
f 4946/1307 4870/1308 4854/1307
f 4985/1315 4984/1315 4927/1309
f 4984/1315 4945/1309 4927/1309
f 4945/1309 4853/1309 4927/1309
f 4853/1309 4835/1309 4927/1309
f 4835/1309 4870/1308 4927/1309
f 4870/1308 4965/1308 4927/1309
f 4965/1308 4981/1314 4927/1309
f 4927/1309 4981/1314 4985/1315
f 4981/1179 5033/1194 4985/1180
f 5033/1194 5106/1207 4985/1180
f 4927/1309 4985/1315 4909/1309
f 4909/1180 4985/1180 5089/1207
f 4985/1180 5106/1207 5089/1207
f 5089/1713 5106/1713 5257/1700
f 5257/1700 5106/1713 5555/1700
f 5106/1713 5103/1714 5555/1700
f 5103/1714 5511/1698 5555/1700
f 5511/1698 5510/1698 5555/1700
f 5510/1698 5584/1698 5555/1700
f 5584/1698 5477/1700 5555/1700
f 5555/1570 5477/1559 5506/1569
f 5477/1559 5505/1567 5506/1569
f 5505/1567 5457/1568 5506/1569
f 3505/1260 3538/1261 3415/1261
f 3415/1261 3538/1261 3559/1262
f 3559/1262 3538/1261 3350/1262
f 3350/1262 3538/1261 3401/1261
f 3401/1261 3538/1261 3384/1260
f 2787/1196 2883/1196 2803/1181
f 2803/1181 2883/1196 2963/1181
f 2963/1181 2883/1196 2944/1196
f 2927/1368 2855/1457 2971/1457
f 2971/1557 2855/1557 2959/1556
f 2959/1556 2855/1557 2800/1556
f 2800/1556 2855/1557 2813/1557
f 2813/1457 2855/1457 2777/1368
f 2855/1457 2927/1368 2777/1368
f 2927/1195 2883/1176 2777/1195
f 2883/1176 2787/1176 2777/1195
f 1663/1435 1670/1441 1567/1444
f 2981/1683 2963/1632 2838/1683
f 2963/1632 2803/1632 2838/1683
f 3819/1280 4173/1258 3415/1311
f 2597/1229 3415/1261 2330/1206
f 3415/1261 2611/1230 2330/1206
f 2611/1230 2560/1228 2330/1206
f 2560/1228 2540/1227 2330/1206
f 2330/1583 2540/1597 2257/1578
f 2540/1293 2530/1317 2257/1294
f 2257/1294 2530/1317 2271/1331
f 2530/1317 2525/1334 2271/1331
f 2271/1331 2525/1334 2537/1343
f 2537/1343 2525/1334 3027/1342
f 2560/1228 2611/1230 3028/1251
f 2611/1230 3415/1261 3559/1262
f 3415/1321 3838/1361 3559/1417
f 4156/1416 3559/1417 4147/1416
f 3559/1417 3838/1361 4147/1416
f 3838/1361 4173/1320 4147/1416
f 4513/1360 4173/1320 5077/1319
f 4173/1258 4685/1224 5077/1198
f 5481/1177 5424/1177 5559/1178
f 5424/1177 5077/1198 5559/1178
f 5077/1198 4685/1224 5559/1178
f 4425/1245 5559/1178 4411/1245
f 5559/1178 4685/1224 4411/1245
f 4685/1224 4173/1258 4411/1245
f 4173/1258 3819/1280 4411/1245
f 3819/1280 3415/1311 3505/1312
f 3415/1261 2597/1229 3505/1260
f 2328/1205 3505/1260 2320/1205
f 3505/1260 2597/1229 2320/1205
f 2597/1229 2330/1206 2320/1205
f 2320/1485 2330/1486 2000/1456
f 2330/1486 2257/1482 2000/1456
f 2000/1456 2257/1482 1967/1454
f 2257/1218 2271/1197 1967/1217
f 1967/1217 2271/1197 1971/1208
f 1971/1208 2271/1197 1952/1189
f 1955/1174 1952/1189 2255/1175
f 1952/1189 2271/1197 2255/1175
f 2271/1331 2537/1343 2255/1344
f 2255/1730 2537/1710 2538/1707
f 2537/1710 3027/1685 2538/1707
f 2506/1706 2538/1707 2838/1684
f 2538/1707 3027/1685 2838/1684
f 2838/1684 3027/1685 2924/1684
f 4147/1416 4513/1360 4906/1415
f 4513/1360 5077/1319 4906/1415
f 5077/1319 5086/1359 4906/1415
f 5481/1177 5559/1178 5549/1178
f 5549/1178 5559/1178 4425/1245
f 4425/1245 4411/1245 3384/1312
f 4411/1245 3505/1312 3384/1312
f 3384/1260 3505/1260 2317/1205
f 3505/1260 2328/1205 2317/1205
f 2317/1485 2328/1485 1605/1405
f 2328/1485 2320/1485 1605/1405
f 1134/1173 1103/1216 1618/1173
f 1618/1173 1103/1216 1464/1216
f 1103/1216 1131/1216 1464/1216
f 1131/1405 1605/1405 1464/1405
f 1605/1405 2320/1485 1464/1405
f 2320/1485 2000/1456 1464/1405
f 2000/1456 1967/1454 1464/1405
f 1967/1217 1971/1208 1464/1216
f 1971/1208 1952/1189 1464/1216
f 1464/1216 1952/1189 1618/1173
f 1952/1189 1955/1174 1618/1173
f 1955/1712 1966/1711 1618/1735
f 1906/1637 1885/1637 2174/1636
f 2458/1631 2174/1636 2445/1631
f 2445/1631 2174/1636 2194/1645
f 2194/1645 2174/1636 1884/1662
f 2174/1636 1885/1637 1884/1662
f 1916/1767 1884/1780 1437/1756
f 1884/1780 1885/1794 1437/1756
f 1606/1216 1464/1216 1671/1173
f 1464/1216 1618/1173 1671/1173
f 1618/1735 1437/1729 1671/1729
f 1610/1795 1671/1756 1444/1795
f 1671/1756 1437/1756 1444/1795
f 1437/1756 1885/1794 1444/1795
f 1885/1794 1906/1794 1444/1795
f 1444/1795 1906/1794 1707/1795
f 3595/1171 2934/1214 3391/1171
f 3391/1171 3523/1172 3546/1171
f 3546/1171 3523/1172 3388/1172
f 3523/1593 3540/1592 3388/1592
f 3388/1784 3540/1784 3525/1783
f 2839/1765 2989/1766 2832/1766
f 2832/1585 2989/1586 2755/1585
f 2989/1586 3540/1592 2755/1585
f 3540/1592 3523/1593 2755/1585
f 2924/1215 2755/1215 2902/1214
f 2902/1214 2755/1215 2803/1214
f 2755/1215 3523/1172 2803/1214
f 3523/1172 3391/1171 2803/1214
f 3391/1171 2934/1214 2803/1214
f 2934/1632 2458/1631 2803/1632
f 2458/1631 2445/1631 2803/1632
f 2469/1658 2803/1632 2476/1644
f 2803/1632 2445/1631 2476/1644
f 2476/1644 2445/1631 2237/1660
f 2445/1631 2194/1645 2237/1660
f 2194/1645 1884/1662 2237/1660
f 1884/1662 1916/1666 2237/1660
f 2237/1660 1916/1666 1909/1680
f 1916/1767 1437/1756 1909/1755
f 1909/1708 1437/1729 1954/1709
f 1437/1729 1618/1735 1954/1709
f 1618/1735 1966/1711 1954/1709
f 1954/1709 1966/1711 2266/1687
f 1966/1711 1955/1712 2266/1687
f 1955/1712 2255/1688 2266/1687
f 2255/1730 2538/1707 2266/1728
f 2538/1707 2506/1706 2266/1728
f 2266/1728 2506/1706 2468/1705
f 2506/1706 2838/1684 2468/1705
f 2838/1683 2803/1632 2468/1682
f 2803/1632 2469/1658 2468/1682
f 2468/1682 2469/1658 2222/1681
f 2469/1658 2476/1644 2222/1681
f 2476/1644 2237/1660 2222/1681
f 2237/1660 1909/1680 2222/1681
f 1909/1708 1954/1709 2222/1686
f 1954/1709 2266/1687 2222/1686
f 2013/1665 2068/1659 2099/1659
f 2068/1659 2116/1653 2099/1659
f 2099/1659 2116/1653 2135/1653
f 1828/1336 1934/1296 2071/1283
f 2071/1283 1934/1296 2068/1284
f 1934/1296 1828/1336 1833/1338
f 1828/1336 1765/1353 1833/1338
f 1833/1338 1765/1353 1770/1354
f 1770/1354 1765/1353 1727/1362
f 1727/1362 1765/1353 1663/1371
f 1727/1388 1425/1374 1770/1391
f 1446/1374 1425/1374 1445/1374
f 1445/1374 1425/1374 1672/1375
f 1672/1375 1425/1374 1669/1375
f 1669/1375 1425/1374 1566/1375
f 1425/1373 1727/1388 1566/1375
f 1727/1388 1770/1391 1566/1375
f 1566/1375 1770/1391 1738/1375
f 1738/1375 1770/1391 1793/1391
f 1793/1391 1770/1391 1794/1391
f 1794/1391 1770/1391 1805/1391
f 2195/1267 2198/1267 2163/1267
f 2198/1642 2135/1653 2163/1642
f 2135/1653 2116/1653 2163/1642
f 2163/1642 2116/1653 2131/1648
f 2116/1653 2068/1659 2131/1648
f 2187/1220 2066/1233 1872/1254
f 1832/1272 1776/1275 1852/1269
f 1852/1269 1776/1275 1855/1264
f 1855/1264 1776/1275 1872/1254
f 2449/1242 2470/1242 2777/1195
f 2575/1222 2396/1252 2787/1196
f 2396/1244 2573/1221 2787/1176
f 3528/1595 2840/1622 3450/1602
f 2840/1622 3064/1618 3450/1602
f 3450/1602 3064/1618 3402/1612
f 3064/1618 3051/1619 3402/1612
f 3051/1619 2787/1628 3402/1612
f 3402/1762 2787/1747 2777/1746
f 2787/1176 2573/1221 2777/1195
f 2573/1221 2572/1223 2777/1195
f 2777/1195 2572/1223 2449/1242
f 2188/1285 2449/1242 2296/1265
f 2296/1265 2449/1242 2388/1247
f 2449/1242 2572/1223 2388/1247
f 2572/1223 2573/1221 2388/1247
f 2573/1221 2396/1244 2388/1247
f 2388/1253 2396/1252 2199/1279
f 2199/1279 2396/1252 2211/1278
f 2211/1278 2396/1252 2212/1276
f 2212/1276 2396/1252 2401/1243
f 2396/1252 2575/1222 2401/1243
f 2420/1243 2408/1243 2934/1181
f 2408/1243 2401/1243 2803/1181
f 2401/1243 2575/1222 2803/1181
f 2575/1222 2787/1196 2803/1181
f 2787/1628 3051/1619 2803/1623
f 3051/1619 3064/1618 2803/1623
f 3064/1618 2840/1622 2803/1623
f 3601/1297 3528/1302 3391/1297
f 3391/1297 3528/1302 3451/1298
f 3528/1302 3450/1303 3451/1298
f 3450/1303 3402/1304 3451/1298
f 3451/1298 3402/1304 3414/1299
f 3414/1299 3402/1304 3506/1300
f 3402/1762 2777/1746 3506/1764
f 3602/1764 3506/1764 2899/1746
f 3506/1764 2777/1746 2899/1746
f 2899/1195 2777/1195 2488/1242
f 2777/1195 2470/1242 2488/1242
f 2488/1242 2470/1242 2215/1286
f 2470/1242 2449/1242 2215/1286
f 2449/1242 2188/1285 2215/1286
f 2188/1285 2187/1286 2215/1286
f 2215/1286 2187/1286 2214/1286
f 2214/1220 2187/1220 2205/1220
f 2205/1220 2187/1220 1891/1254
f 2187/1220 1872/1254 1891/1254
f 1891/1254 1872/1254 1798/1275
f 1872/1254 1776/1275 1798/1275
f 1798/1275 1776/1275 1722/1287
f 1722/1287 1776/1275 1592/1287
f 1776/1275 1832/1272 1592/1287
f 1832/1272 1639/1292 1592/1287
f 1639/1292 1405/1292 1592/1287
f 1449/1287 1592/1287 1537/1292
f 1592/1287 1405/1292 1537/1292
f 1537/1395 1405/1395 1610/1385
f 1405/1395 1639/1395 1610/1385
f 1610/1385 1639/1395 1444/1385
f 1639/1395 1832/1365 1444/1385
f 1707/1385 1444/1385 1963/1329
f 1444/1385 1832/1365 1963/1329
f 1832/1365 1852/1356 1963/1329
f 1852/1356 1855/1355 1963/1329
f 1963/1329 1855/1355 1982/1328
f 1982/1328 1855/1355 1894/1341
f 1855/1264 1872/1254 1894/1257
f 1872/1254 2066/1233 1894/1257
f 1894/1257 2066/1233 2073/1235
f 2066/1295 2187/1286 2073/1291
f 2187/1286 2188/1285 2073/1291
f 2073/1291 2188/1285 2080/1290
f 2080/1290 2188/1285 2093/1288
f 2188/1285 2296/1265 2093/1288
f 2296/1265 2388/1247 2093/1288
f 2388/1253 2199/1279 2093/1301
f 2093/1301 2199/1279 2003/1316
f 2199/1279 2211/1278 2003/1316
f 2211/1278 2212/1276 2003/1316
f 2003/1316 2212/1276 2017/1305
f 2212/1276 2401/1243 2017/1305
f 2401/1243 2408/1243 2017/1305
f 1982/1328 1894/1341 1983/1325
f 1894/1341 2073/1310 1983/1325
f 2073/1310 2080/1306 1983/1325
f 2080/1306 2093/1301 1983/1325
f 2093/1301 2003/1316 1983/1325
f 2468/1248 2222/1225 2266/1226
f 1038/4423 984/4423 983/4422
f 984/4423 1055/4407 983/4422
f 1055/4407 1322/4391 983/4422
f 1649/4390 1034/4422 1164/4390
f 1034/4422 983/4422 1164/4390
f 983/4422 1322/4391 1164/4390
f 1322/4391 1321/4391 1164/4390
f 1702/5476 1164/5476 1089/5447
f 1164/5476 1051/5447 1089/5447
f 1089/4759 1051/4759 1088/4759
f 1088/4759 1051/4759 996/4769
f 996/4769 1051/4759 983/4769
f 1049/4768 983/4769 993/4768
f 983/4769 1051/4759 993/4768
f 1051/5447 1164/5476 993/5448
f 993/4762 1164/4743 1077/4755
f 1077/4755 1164/4743 1159/4738
f 1159/4738 1158/4738 1261/4742
f 1151/4742 1261/4742 1295/4738
f 1261/4742 1158/4738 1295/4738
f 1295/4738 1158/4738 1304/4743
f 1158/4738 1159/4738 1304/4743
f 1159/4738 1164/4743 1304/4743
f 1304/4390 1164/4390 1186/4391
f 1164/4390 1321/4391 1186/4391
f 1186/4391 1321/4391 1199/4392
f 1321/4391 1322/4391 1199/4392
f 1199/4392 1322/4391 1332/4392
f 1322/4391 1055/4407 1332/4392
f 1055/4407 984/4423 1332/4392
f 1557/4392 1332/4392 1062/4414
f 1062/4414 1332/4392 997/4414
f 1332/4392 984/4423 997/4414
f 984/4423 1038/4423 997/4414
f 997/4414 1038/4423 1133/4414
f 1133/4414 1038/4423 1095/4423
f 1095/4423 1038/4423 1089/4422
f 1038/4423 983/4422 1089/4422
f 1089/4769 983/4769 1049/4768
f 1049/4768 993/4768 1111/4767
f 1111/4767 993/4768 990/4767
f 993/4762 1077/4755 990/4767
f 1077/4755 1159/4738 990/4767
f 1159/4738 1261/4742 990/4767
f 990/4767 1261/4742 1047/4767
f 1047/4767 1261/4742 1682/4742
f 4842/561 4862/612 4830/612
f 4830/612 4862/612 4839/681
f 4839/681 4862/612 4932/681
f 4932/681 4862/612 4942/612
f 4942/612 4862/612 4955/561
f 4862/612 4842/561 4955/561
f 2416/646 2412/645 2429/648
f 4901/556 4829/556 4914/557
f 4914/557 4829/556 4821/557
f 4821/557 4829/556 4809/556
f 4809/556 4829/556 4801/555
f 4801/555 4829/556 4915/555
f 4829/556 4901/556 4915/555
f 3343/699 3234/693 3151/686
f 3306/686 3151/686 3233/693
f 3151/686 3234/693 3233/693
f 3233/530 3234/530 3157/527
f 3234/530 3343/526 3157/527
f 3236/700 3344/702 3163/701
f 3292/707 3163/701 3218/706
f 3163/701 3344/702 3218/706
f 3218/613 3344/613 3288/682
f 3344/613 3236/613 3288/682
f 3236/613 3157/682 3288/682
f 3157/527 3343/526 3288/527
f 2738/616 2770/616 2746/617
f 2746/617 2770/616 2876/617
f 2876/617 2770/616 2860/616
f 2860/633 2770/633 2847/635
f 2385/534 2245/517 2258/518
f 1737/639 1810/629 1856/619
f 1821/558 1869/569 1856/568
f 1856/568 1869/569 1988/575
f 1988/494 1869/485 2258/518
f 2258/621 1869/576 2148/604
f 2148/604 1869/576 2067/595
f 1869/576 1821/563 2067/595
f 2067/595 1821/563 1708/549
f 1821/618 1856/650 1708/591
f 1856/650 1810/615 1708/591
f 1708/591 1810/615 1681/588
f 1810/629 1737/639 1681/643
f 1681/643 1737/639 1690/644
f 1690/456 1737/463 1773/469
f 1737/463 1856/483 1773/469
f 1856/483 1988/494 1773/469
f 1773/469 1988/494 2075/501
f 1988/494 2258/518 2075/501
f 2258/518 2245/517 2075/501
f 2075/501 2245/517 2353/533
f 2245/517 2385/534 2353/533
f 2353/533 2385/534 2450/547
f 2450/649 2593/670 2616/674
f 2641/680 2616/674 2685/691
f 2616/674 2593/670 2685/691
f 2878/704 2763/704 2710/691
f 2763/704 2685/691 2710/691
f 2710/691 2685/691 2441/637
f 2441/637 2685/691 2416/637
f 2685/691 2593/670 2416/637
f 2593/670 2450/649 2416/637
f 2450/649 2385/632 2416/636
f 2413/634 2416/636 2403/634
f 2416/636 2385/632 2403/634
f 2385/632 2258/621 2403/634
f 2258/621 2148/604 2403/634
f 2148/604 2067/595 2403/634
f 2067/595 2070/595 2403/634
f 2412/634 2403/634 2079/595
f 2403/634 2070/595 2079/595
f 2079/595 2070/595 1767/549
f 2070/595 2067/595 1767/549
f 2067/595 1708/549 1767/549
f 1767/591 1708/591 1743/591
f 1743/591 1708/591 1752/588
f 1708/591 1681/588 1752/588
f 1752/643 1681/643 1700/653
f 1700/653 1681/643 1239/653
f 1681/643 1690/644 1239/653
f 1690/644 1310/652 1239/653
f 1310/652 1309/652 1239/653
f 1369/653 1239/653 1192/652
f 1239/653 1309/652 1192/652
f 1192/451 1309/451 1268/453
f 1309/451 1310/451 1268/453
f 1268/453 1310/451 1365/453
f 1310/451 1690/456 1365/453
f 1690/456 1773/469 1365/453
f 1365/453 1773/469 1655/453
f 1655/453 1773/469 1779/469
f 1773/469 2075/501 1779/469
f 1779/469 2075/501 2111/501
f 2075/501 2353/533 2111/501
f 2111/501 2353/533 2404/533
f 3572/682 2814/683 3288/682
f 2739/614 3003/607 2856/640
f 2856/640 3003/607 3116/664
f 3288/682 3116/664 3218/613
f 3218/613 3116/664 3262/606
f 3116/664 3003/607 3262/606
f 3262/606 3003/607 3292/565
f 3545/565 3292/565 2784/562
f 2784/562 3292/565 2729/562
f 3292/565 3003/607 2729/562
f 3003/607 2739/614 2729/562
f 2739/614 2771/614 2729/562
f 2729/562 2771/614 2848/562
f 2848/562 2771/614 2862/614
f 2862/614 2771/614 2847/683
f 2847/551 2770/552 2860/552
f 2860/663 2770/663 2876/669
f 2876/669 2770/663 2746/669
f 2746/669 2770/663 2738/663
f 2738/552 2770/552 2728/551
f 2770/552 2847/551 2728/551
f 2847/683 2771/614 2728/683
f 2771/614 2739/614 2728/683
f 2739/614 2856/640 2728/683
f 2856/640 3116/664 2728/683
f 3116/664 3288/682 2728/683
f 3288/682 2814/683 2728/683
f 2814/585 2588/564 2728/585
f 2728/585 2588/564 2564/564
f 2588/564 2558/554 2564/564
f 2564/564 2558/554 2521/554
f 2558/554 2404/533 2521/554
f 2404/533 2353/533 2521/554
f 2353/533 2450/547 2521/554
f 2450/547 2616/570 2521/554
f 2616/570 2641/572 2521/554
f 2521/554 2641/572 2564/564
f 2641/572 2650/574 2564/564
f 2728/585 2564/564 2731/584
f 2564/564 2650/574 2731/584
f 2731/605 2650/611 2750/661
f 2650/611 2641/625 2750/661
f 2641/680 2685/691 2750/705
f 2685/691 2763/704 2750/705
f 2750/628 2763/641 2754/608
f 2754/608 2763/641 2739/587
f 2763/641 2848/641 2739/587
f 2848/641 2828/587 2739/587
f 2739/688 2828/694 2728/689
f 2828/694 2862/696 2728/689
f 2862/696 2847/697 2728/689
f 2847/635 2770/633 2728/635
f 2770/633 2738/633 2728/635
f 5140/659 5026/675 5112/665
f 5112/665 5026/678 5110/667
f 5026/678 5017/679 5110/667
f 4915/695 5110/667 4901/692
f 5110/667 5017/679 4901/692
f 4094/492 4376/479 3844/505
f 3844/505 4376/479 4098/497
f 4098/497 4376/479 4367/487
f 4367/487 4376/479 4555/470
f 4555/470 4376/479 4553/465
f 4553/465 4403/474 4556/462
f 4901/556 4731/550 4915/555
f 4915/555 4731/550 4570/538
f 4731/450 4556/462 4570/452
f 4556/462 4403/474 4570/452
f 4570/460 4403/474 4391/475
f 4403/474 4553/465 4391/475
f 4553/465 4376/479 4391/475
f 4376/479 4094/492 4391/475
f 4391/475 4094/492 3833/500
f 4094/492 3844/505 3833/500
f 3844/513 3670/521 3833/514
f 3833/514 3670/521 3568/536
f 3568/536 3670/521 3651/522
f 3651/522 3670/521 3805/511
f 3805/579 3670/571 3832/581
f 3670/521 3844/513 3832/512
f 3844/505 4098/497 3832/510
f 4098/497 4367/487 3832/510
f 4367/487 4357/487 3832/510
f 3551/559 3832/581 3835/581
f 3832/510 4357/487 3835/510
f 3835/510 4357/487 4350/487
f 4350/487 4357/487 4840/449
f 4840/449 4357/487 4914/449
f 4357/487 4367/487 4914/449
f 4367/487 4555/470 4914/449
f 4555/470 4553/465 4914/449
f 4553/465 4556/462 4914/449
f 4556/462 4731/450 4914/449
f 4731/550 4901/556 4914/557
f 4901/486 5017/478 4914/484
f 5017/478 5026/477 4914/484
f 5026/476 5140/466 4914/480
f 4857/484 4914/480 5138/457
f 5138/457 4914/480 5246/457
f 4914/480 5140/466 5246/457
f 5140/466 5299/458 5246/457
f 5299/458 5298/458 5246/457
f 5256/457 5246/457 5401/458
f 5246/457 5298/458 5401/458
f 5401/654 5298/654 5358/658
f 5298/654 5299/654 5358/658
f 5304/504 5305/504 5362/503
f 5305/504 5235/504 5362/503
f 5362/503 5235/504 5336/503
f 5235/504 5126/502 5336/503
f 5126/502 5019/493 5336/503
f 5336/503 5060/495 5145/503
f 5145/503 5060/495 5043/495
f 5043/495 5060/495 4885/488
f 5060/495 5336/503 4885/488
f 5336/503 5019/493 4885/488
f 5019/493 4903/489 4885/488
f 4903/489 4850/489 4885/488
f 4885/488 4850/489 4803/488
f 4803/488 4850/489 4810/489
f 4810/506 4850/506 4801/507
f 4801/695 4829/692 4809/692
f 4809/486 4829/486 4821/484
f 4931/480 4907/484 4914/484
f 4907/484 4800/484 4914/484
f 4800/484 4821/484 4914/484
f 4821/484 4829/486 4914/484
f 4914/484 4829/486 4901/486
f 4901/692 4829/692 4915/695
f 4829/692 4801/695 4915/695
f 4801/507 4850/506 4915/507
f 4850/506 4903/506 4915/507
f 4903/506 5019/515 4915/507
f 4915/507 5019/515 5110/519
f 5019/515 5126/520 5110/519
f 5126/520 5235/524 5110/519
f 4841/507 4915/507 5095/519
f 4915/507 5110/519 5095/519
f 5095/519 5110/519 5184/525
f 5184/525 5110/519 5247/525
f 5110/519 5235/524 5247/525
f 5235/524 5305/524 5247/525
f 5305/524 5304/524 5247/525
f 5304/524 5358/525 5247/525
f 5358/658 5299/654 5247/658
f 5299/654 5140/659 5247/658
f 5140/659 5112/665 5247/658
f 5247/658 5112/665 5184/658
f 5184/658 5112/665 5111/665
f 5111/665 5112/665 5102/665
f 5112/665 5110/667 5102/665
f 5102/665 5110/667 5084/667
f 5110/667 4915/695 5084/667
f 5084/667 4915/695 4841/695
f 4915/555 4570/538 4841/555
f 4841/555 4570/538 4551/538
f 4570/460 4391/475 4551/460
f 4551/460 4391/475 4348/475
f 4348/475 4391/475 3823/500
f 4391/475 3833/500 3823/500
f 3823/514 3833/514 3609/536
f 3833/514 3568/536 3609/536
f 3609/536 3568/536 3572/544
f 3572/544 3568/536 3158/544
f 3568/539 3651/522 3158/544
f 3651/522 3112/543 3158/544
f 3112/543 3234/543 3158/544
f 4391/624 4254/627 4459/610
f 4459/609 4254/627 4510/600
f 4881/541 4565/567 4879/545
f 4879/545 4565/567 4452/580
f 4565/567 4510/573 4452/580
f 4510/573 4254/594 4452/580
f 4452/580 4254/594 4054/602
f 4054/602 4254/594 4103/598
f 4254/627 4391/624 4103/630
f 4391/624 3833/660 4103/630
f 4103/630 3833/660 3829/651
f 3277/655 3646/656 3139/603
f 3646/656 3829/642 3139/603
f 3829/642 3833/590 3139/603
f 3139/603 3833/590 3158/589
f 3158/589 3833/590 3424/589
f 3424/589 3833/590 3823/590
f 4563/638 4550/638 4559/638
f 4550/638 4551/638 4559/638
f 4551/638 3823/586 4559/638
f 3823/586 3833/586 4559/638
f 3833/586 4391/626 4559/638
f 4391/624 4459/610 4559/599
f 4558/597 4559/599 4570/597
f 4559/599 4459/609 4570/597
f 4459/609 4510/600 4570/597
f 4510/600 4565/596 4570/597
f 4570/597 4565/596 4915/583
f 4565/596 4881/582 4915/583
f 4563/597 4570/597 4841/583
f 4570/597 4915/583 4841/583
f 4841/560 4915/560 4868/560
f 4868/560 4915/560 4887/560
f 4887/560 4915/560 4955/561
f 4915/560 4881/601 4955/561
f 4955/561 4881/601 4942/612
f 4881/601 4900/631 4942/612
f 4942/612 4900/631 4932/681
f 4900/631 4879/647 4932/681
f 4879/545 4452/580 4932/546
f 4932/546 4452/580 4855/546
f 4855/546 4452/580 4416/580
f 3807/620 4416/580 3863/620
f 4416/580 4452/580 3863/620
f 4452/580 4054/602 3863/620
f 4054/602 4103/598 3863/620
f 3853/623 3863/620 3820/623
f 3863/620 4103/598 3820/623
f 4103/598 3829/622 3820/623
f 3829/481 3646/496 3820/482
f 3646/496 3277/508 3820/482
f 3853/482 3820/482 3574/509
f 3574/509 3820/482 3292/509
f 3820/482 3277/508 3292/509
f 3277/508 3148/508 3292/509
f 3162/509 3292/509 3303/508
f 3292/509 3148/508 3303/508
f 3148/655 3277/655 3285/603
f 3277/655 3139/603 3285/603
f 3285/603 3139/603 3310/589
f 3139/603 3158/589 3310/589
f 3310/544 3158/544 3232/543
f 3158/544 3234/543 3232/543
f 3232/543 3234/543 3306/542
f 3234/543 3112/543 3306/542
f 3306/542 3112/543 3151/542
f 3112/543 3651/522 3151/542
f 3651/522 3805/511 3151/542
f 3805/579 3832/581 3151/559
f 3832/581 3551/559 3151/559
f 3551/686 2812/669 3151/686
f 3151/686 2812/669 2746/669
f 2812/617 2362/566 2746/617
f 2783/671 3019/677 3234/693
f 3234/530 3019/540 3101/532
f 3019/540 2954/548 3101/532
f 3101/532 2954/548 3062/535
f 3062/535 2954/548 2738/552
f 2544/593 2738/616 2746/617
f 2738/663 2954/672 2746/669
f 2954/672 3019/677 2746/669
f 3019/677 2783/671 2746/669
f 2746/669 2783/671 3151/686
f 2783/671 3234/693 3151/703
f 3151/703 3234/693 3343/699
f 3343/526 3234/530 3288/527
f 3234/530 3101/532 3288/527
f 3573/532 3288/527 3423/532
f 3288/527 3101/532 3423/532
f 3423/532 3101/532 3552/532
f 3552/532 3101/532 3093/535
f 3101/532 3062/535 3093/535
f 3093/535 3062/535 2814/551
f 2370/531 2392/529 2368/531
f 2392/531 2404/531 2368/531
f 2380/529 2368/531 2353/529
f 1697/455 1756/461 1736/459
f 1736/459 1756/461 1777/471
f 1756/468 1783/472 1777/473
f 1777/473 1783/472 1897/491
f 1783/472 1899/490 1897/491
f 1897/491 1899/490 2075/499
f 2075/499 1899/490 1773/467
f 1899/490 1783/472 1773/467
f 1783/472 1756/468 1773/467
f 1756/461 1697/455 1773/464
f 2392/529 2353/529 2111/499
f 2353/529 2075/499 2111/499
f 2111/499 2075/499 1779/467
f 2075/499 1773/467 1779/467
f 1779/464 1773/464 1760/455
f 1773/464 1697/455 1760/455
f 1760/455 1697/455 1656/446
f 1656/446 1697/455 1238/446
f 1697/454 1736/459 1238/446
f 1736/459 1305/447 1238/446
f 1364/446 1238/446 1189/447
f 1238/446 1305/447 1189/447
f 1189/447 1305/447 1262/448
f 1262/448 1305/447 1361/448
f 1305/447 1736/459 1361/448
f 1736/459 1777/471 1361/448
f 1361/448 1777/471 1650/448
f 1650/448 1777/471 1812/471
f 2362/523 2090/498 2077/498
f 2090/498 1812/473 2077/498
f 1812/473 1777/473 2077/498
f 2077/498 1777/473 2061/498
f 1777/473 1897/491 2061/498
f 2061/498 1897/491 2218/516
f 1897/491 2075/499 2218/516
f 2075/499 2353/529 2218/516
f 2218/516 2353/529 2347/528
f 2353/529 2368/531 2347/528
f 2564/668 2424/698 2521/676
f 2424/537 2347/528 2521/553
f 2347/528 2368/531 2521/553
f 2368/531 2404/531 2521/553
f 2404/531 2558/553 2521/553
f 2521/676 2558/676 2564/668
f 2558/676 2588/668 2564/668
f 2564/668 2588/668 2728/635
f 2588/668 2814/635 2728/635
f 2814/551 3062/535 2728/551
f 3062/535 2738/552 2728/551
f 2564/668 2728/635 2609/662
f 2609/662 2728/635 2644/657
f 2728/635 2738/633 2644/657
f 2644/657 2738/633 2534/673
f 2534/592 2738/616 2422/577
f 2738/616 2544/593 2422/577
f 2422/577 2544/593 2341/566
f 2544/593 2746/617 2341/566
f 2746/617 2362/566 2341/566
f 2362/523 2077/498 2341/523
f 2077/498 2061/498 2341/523
f 2061/498 2218/516 2341/523
f 2218/516 2347/528 2341/523
f 2347/528 2424/537 2341/523
f 2341/666 2424/684 2443/687
f 2424/698 2564/668 2443/690
f 2564/668 2609/662 2443/690
f 2609/662 2644/657 2443/690
f 2644/657 2534/673 2443/690
f 2534/592 2422/577 2443/578
f 2341/666 2443/687 2422/685
f 1522/8186 1076/8184 1336/8186
f 1076/8184 1004/8184 1336/8186
f 1522/8191 1336/8191 1076/8199
f 1336/8191 1004/8199 1076/8199
f 1031/8197 1138/8194 1081/8193
f 1081/8193 1138/8192 1227/8190
f 1227/8190 1138/8192 1336/8191
f 1138/8192 1031/8197 1336/8191
f 1190/8188 1336/8186 1258/8188
f 1258/8188 1336/8186 1067/8185
f 1045/8183 998/8183 1004/8184
f 998/8183 1067/8185 1004/8184
f 1067/8185 1336/8186 1004/8184
f 1336/8195 1031/8197 1004/8199
f 1031/8197 985/8198 1004/8199
f 1004/8199 985/8198 1033/8198
f 1033/8198 985/8198 994/8196
f 985/8198 1031/8197 994/8196
f 1031/8197 1081/8193 994/8196
f 994/8196 1081/8193 1025/8196
f 1025/8196 1081/8193 1196/8193
f 1196/8193 1081/8193 1416/8193
f 1679/8189 1416/8193 1248/8189
f 1416/8193 1081/8193 1248/8189
f 1081/8193 1227/8190 1248/8189
f 1227/8190 1226/8190 1248/8189
f 1263/8189 1248/8189 1237/8190
f 1248/8189 1226/8190 1237/8190
f 1237/8190 1226/8190 1220/8191
f 1226/8190 1227/8190 1220/8191
f 1227/8190 1336/8191 1220/8191
f 1220/8186 1336/8186 1331/8188
f 1336/8186 1190/8188 1331/8188
f 1331/8188 1190/8188 1242/8187
f 1190/8188 1258/8188 1242/8187
f 1242/8187 1258/8188 1231/8187
f 1258/8188 1067/8185 1231/8187
f 1622/8187 1231/8187 1068/8182
f 1068/8182 1231/8187 1013/8182
f 1231/8187 1067/8185 1013/8182
f 1067/8185 998/8183 1013/8182
f 998/8183 1045/8183 1013/8182
f 1013/8182 1045/8183 1113/8182
f 1113/8182 1045/8183 1119/8183
f 1119/8183 1045/8183 1128/8184
f 1045/8183 1004/8184 1128/8184
f 1004/8199 1033/8198 1128/8199
f 1128/8199 1033/8198 1100/8198
f 1100/8198 1033/8198 1069/8196
f 1033/8198 994/8196 1069/8196
f 4816/5679 4820/5676 4895/5679
f 4895/5679 4820/5676 4899/5676
f 4899/5843 4820/5843 4878/5824
f 4878/5824 4820/5843 4794/5824
f 3258/5790 3125/5787 3207/5741
f 3332/5735 3207/5741 3126/5784
f 3207/5741 3125/5787 3126/5784
f 3126/5784 3125/5787 3146/5874
f 3125/5787 3258/5790 3146/5874
f 3258/5790 3172/5875 3146/5874
f 3332/5701 3113/5696 3331/5701
f 5245/6037 5139/6037 5005/5995
f 5139/6037 4991/5995 5005/5995
f 5005/5995 4991/5995 4878/5983
f 4991/5995 4825/5983 4878/5983
f 2733/5501 2734/5516 2766/5501
f 2898/5501 2865/5501 2766/5501
f 2865/5501 2764/5501 2766/5501
f 2766/5501 2805/5517 2898/5501
f 2891/5864 2805/5864 2857/5887
f 2857/5887 2805/5864 2743/5887
f 2743/5887 2805/5864 2744/5864
f 2805/5517 2766/5501 2744/5517
f 2744/5517 2766/5501 2734/5516
f 2766/5501 2764/5501 2734/5516
f 3078/5689 2991/5685 3111/5750
f 3111/5750 2991/5685 3008/5729
f 2415/5766 2448/5791 2642/5848
f 2642/5848 2448/5791 2487/5816
f 2487/5816 2448/5791 2279/5755
f 2448/5791 2415/5766 2279/5755
f 2279/5755 2415/5766 2182/5719
f 2415/5766 2371/5751 2182/5719
f 2182/5719 2371/5751 2181/5716
f 2371/5629 2336/5647 2181/5692
f 2336/5647 2137/5706 2181/5692
f 2181/5716 2137/5700 1911/5653
f 1911/5891 1974/5871 1853/5907
f 1853/5907 1974/5871 2019/5865
f 2019/5731 1974/5736 2088/5715
f 1974/5736 1911/5747 2088/5715
f 1911/5747 2137/5706 2088/5715
f 2137/5706 2336/5647 2088/5715
f 2088/5715 2336/5647 2338/5647
f 2338/5647 2336/5647 2570/5572
f 2336/5647 2371/5629 2570/5572
f 2371/5629 2415/5620 2570/5572
f 2415/5620 2642/5545 2570/5572
f 2570/5572 2642/5545 2647/5544
f 2647/5836 2642/5848 2744/5864
f 2744/5864 2642/5848 2743/5887
f 2642/5848 2487/5816 2743/5887
f 2513/5816 2743/5887 2486/5816
f 2743/5887 2487/5816 2486/5816
f 2486/5816 2487/5816 2302/5755
f 2487/5816 2279/5755 2302/5755
f 2302/5755 2279/5755 2059/5703
f 2059/5703 2279/5755 2045/5703
f 2045/5703 2279/5755 2026/5703
f 2279/5755 2182/5719 2026/5703
f 2026/5703 2182/5719 1964/5671
f 2182/5719 2181/5716 1964/5671
f 2181/5716 1911/5653 1964/5671
f 1964/5873 1911/5891 1790/5931
f 1911/5891 1853/5907 1790/5931
f 1790/5931 1853/5907 1785/5933
f 1785/5933 1853/5907 1844/5919
f 1853/5907 2019/5865 1844/5919
f 1376/5968 1844/5919 1385/5967
f 1844/5919 2019/5865 1385/5967
f 1187/5973 1385/5967 1709/5973
f 1385/5967 2019/5865 1709/5973
f 1709/5973 2019/5865 2041/5865
f 2019/5731 2088/5715 2041/5731
f 2041/5731 2088/5715 2117/5715
f 2088/5715 2338/5647 2117/5715
f 2117/5715 2338/5647 2349/5647
f 2349/5647 2338/5647 2592/5572
f 2338/5647 2570/5572 2592/5572
f 2751/5516 2592/5572 2734/5516
f 2592/5572 2570/5572 2734/5516
f 2570/5572 2647/5544 2734/5516
f 2647/5544 2744/5517 2734/5516
f 2744/5962 3008/5986 2734/5963
f 3008/5986 2991/5987 2734/5963
f 2991/5987 3078/6000 2734/5963
f 2734/5963 3078/6000 3014/5988
f 2734/5963 3014/5988 2785/5963
f 2785/5963 3014/5988 3074/5988
f 3494/5852 3074/5828 3146/5852
f 3074/5828 3014/5828 3146/5852
f 3146/5852 3014/5828 3238/5851
f 3014/5828 3078/5844 3238/5851
f 3078/5689 3111/5750 3238/5691
f 3238/5691 3111/5750 3119/5758
f 3119/5758 3111/5750 3332/5846
f 3583/5701 3332/5701 3582/5696
f 3440/5846 3571/5846 3113/5846
f 3571/5696 3582/5696 3113/5696
f 3582/5696 3332/5701 3113/5696
f 3332/5701 3111/5697 3113/5696
f 3111/5750 3008/5729 3113/5846
f 3008/5729 2744/5724 3113/5846
f 2744/5724 2743/5832 3113/5846
f 3440/5846 3113/5846 2827/5832
f 3113/5846 2743/5832 2827/5832
f 2827/5887 2743/5887 2523/5816
f 2743/5887 2513/5816 2523/5816
f 2523/5816 2513/5816 2301/5755
f 2513/5816 2486/5816 2301/5755
f 2486/5816 2302/5755 2301/5755
f 2301/5755 2302/5755 2053/5703
f 2302/5755 2059/5703 2053/5703
f 2053/5908 2059/5908 1818/5979
f 2059/5908 2045/5908 1818/5979
f 2045/5908 2026/5908 1818/5979
f 1236/6002 1620/6002 1799/5979
f 1620/6002 1818/5979 1799/5979
f 1818/5979 2026/5908 1799/5979
f 2026/5908 1964/5928 1799/5979
f 1964/5928 1790/5982 1799/5979
f 1799/5979 1790/5982 1236/6002
f 1790/5982 1785/6029 1236/6002
f 1785/5933 1844/5919 1236/5969
f 1844/5919 1376/5968 1236/5969
f 1376/5968 1169/5968 1236/5969
f 1236/5969 1169/5968 1352/5969
f 1352/5969 1169/5968 1288/5968
f 1288/5968 1169/5968 1391/5973
f 1380/5967 1171/5973 1385/5967
f 1385/5967 1171/5973 1187/5973
f 1171/5973 1384/5973 1187/5973
f 1384/5973 1391/5973 1187/5973
f 1391/5973 1169/5968 1187/5973
f 1169/5968 1376/5968 1187/5973
f 1376/5968 1385/5967 1187/5973
f 4925/5821 4859/5820 4929/5820
f 4929/5820 4859/5820 4957/5819
f 4957/5819 4859/5820 4819/5819
f 4819/5819 4859/5820 4827/5820
f 4827/5820 4859/5820 4843/5821
f 4859/5820 4925/5821 4843/5821
f 4922/5819 4894/5825 4957/5819
f 4825/5886 4991/5876 4878/5886
f 4878/5886 4991/5876 5005/5876
f 4991/5876 5139/5868 5005/5876
f 5005/5876 5139/5868 5245/5868
f 2399/5737 2562/5709 2680/5662
f 2680/5662 2562/5709 2724/5663
f 2724/5663 2562/5709 2571/5710
f 2562/5709 2399/5737 2571/5710
f 2399/5737 2501/5718 2571/5710
f 2571/5533 2501/5546 2640/5504
f 2640/5504 2501/5546 2649/5518
f 2501/5546 2500/5547 2649/5518
f 2377/5601 2649/5518 2354/5601
f 2649/5518 2500/5547 2354/5601
f 2354/5673 2500/5704 2244/5624
f 2244/5624 2276/5610 2118/5581
f 1951/5549 1880/5538 1823/5522
f 1823/5522 1880/5538 1847/5503
f 1848/5745 1211/5785 2021/5707
f 1211/5785 1847/5743 2021/5707
f 2021/5553 1847/5503 2037/5558
f 1847/5503 1880/5538 2037/5558
f 1880/5538 1951/5549 2037/5558
f 1951/5549 2118/5581 2037/5558
f 2037/5558 2118/5581 2229/5600
f 2118/5581 2276/5610 2229/5600
f 2229/5600 2276/5610 2398/5640
f 2276/5610 2244/5624 2398/5640
f 2244/5624 2500/5704 2398/5640
f 2500/5720 2501/5718 2398/5740
f 2501/5718 2399/5737 2398/5740
f 2398/6016 2058/5924 2025/5924
f 2025/5924 2058/5924 1349/5847
f 1349/5847 2058/5924 1617/5847
f 1617/5847 2058/5924 2063/5924
f 2063/5924 2058/5924 2418/6016
f 2058/5924 2398/6016 2418/6016
f 2418/6016 2398/6016 2426/6016
f 2426/5740 2398/5740 2433/5740
f 2398/5740 2399/5737 2433/5740
f 2399/5737 2680/5662 2433/5740
f 2433/5740 2680/5662 2712/5662
f 3000/5646 3175/5680 3001/5599
f 3001/5599 3175/5680 3314/5594
f 3175/5680 3174/5680 3314/5594
f 3341/5499 3224/5499 3201/5594
f 3224/5499 3314/5594 3201/5594
f 3201/5594 3314/5594 3109/5680
f 3314/5594 3174/5680 3109/5680
f 3109/5964 3174/5964 3171/5965
f 3174/5964 3175/5964 3171/5965
f 3171/5965 3175/5964 3284/5965
f 3175/5964 3000/5989 3284/5965
f 3000/5989 2844/6001 3284/5965
f 4405/5972 3970/5899 4433/5972
f 4433/5972 3970/5899 4429/5971
f 4880/6038 4883/6039 4768/6032
f 4883/6039 4578/6019 4768/6032
f 4768/5665 4578/5650 4599/5667
f 4599/5667 4578/5650 4467/5633
f 3887/5542 4467/5633 4379/5605
f 4467/5633 4578/5650 4379/5605
f 4578/6019 4883/6039 4379/5961
f 4883/6039 4429/5971 4379/5961
f 4379/5961 4429/5971 3894/5895
f 4429/5971 3970/5899 3894/5895
f 3894/5895 3970/5899 3876/5892
f 3970/5899 3841/5880 3876/5892
f 3876/5892 3841/5880 3826/5885
f 3826/5957 3841/5958 3696/5934
f 3696/5934 3605/5903 3632/5916
f 3605/5903 3311/5889 3632/5916
f 3632/5916 3311/5889 3284/5888
f 3311/5889 3196/5889 3284/5888
f 5005/5876 5035/5802 4889/5811
f 4831/5727 4889/5728 4891/5727
f 4891/5727 4889/5728 5071/5705
f 4889/5811 5035/5802 5071/5734
f 5071/5734 5035/5802 5100/5759
f 5035/5802 5005/5876 5100/5759
f 5370/5753 5100/5759 5245/5868
f 5100/5759 5005/5876 5245/5868
f 5318/6035 5245/6037 5240/6035
f 5245/6037 5005/5995 5240/6035
f 5240/6035 5005/5995 5097/6017
f 5097/6017 5005/5995 5092/6010
f 5005/5995 4964/5980 5092/6010
f 5092/5576 4964/5592 5219/5560
f 5219/5560 4964/5635 4895/5622
f 4298/5746 4388/5760 4467/5762
f 4467/5762 4388/5760 4599/5788
f 4388/5760 4437/5763 4599/5788
f 4592/5799 4599/5788 4481/5769
f 4599/5788 4437/5763 4481/5769
f 4437/5604 4337/5589 4481/5616
f 4481/5623 4337/5589 4590/5654
f 4590/5654 4337/5589 4895/5679
f 4895/5679 4337/5589 4116/5570
f 4337/5589 4437/5604 4116/5570
f 4437/5604 4388/5593 4116/5570
f 4116/5570 4388/5593 4089/5557
f 4388/5593 4298/5580 4089/5557
f 4089/5557 4298/5580 4132/5563
f 4298/5746 4467/5762 4132/5733
f 4467/5762 3850/5681 4132/5732
f 4132/5732 3850/5681 3848/5695
f 3848/5812 3850/5813 3763/5806
f 3850/5813 3767/5807 3763/5806
f 3763/5806 3767/5803 3740/5800
f 3740/5800 3767/5803 3719/5795
f 3641/6009 3607/5991 3141/5974
f 3141/5913 3607/5914 3322/5786
f 3607/5914 3626/5915 3322/5786
f 3626/5915 3652/5905 3322/5786
f 3284/5774 3322/5786 3632/5775
f 3322/5786 3652/5905 3632/5775
f 3652/5905 3719/5906 3632/5775
f 3719/5906 3767/5776 3632/5775
f 3284/5774 3632/5775 3565/5774
f 3565/5774 3632/5775 3650/5775
f 3632/5775 3767/5776 3650/5775
f 3650/5775 3767/5776 3801/5776
f 3767/5803 3850/5813 3801/5803
f 3801/5803 3850/5813 3851/5803
f 3850/5681 4467/5762 3851/5681
f 3851/5681 4467/5762 4450/5762
f 4450/5762 4467/5762 4573/5788
f 4467/5762 4599/5788 4573/5788
f 4573/5788 4599/5788 4856/5824
f 4856/5824 4599/5788 4878/5824
f 4599/5788 4592/5799 4878/5824
f 4878/5824 4592/5799 4899/5843
f 4592/5799 4481/5769 4899/5843
f 4481/5623 4590/5654 4899/5676
f 4590/5654 4895/5679 4899/5676
f 4895/5622 4964/5635 4899/5639
f 4899/5975 4964/5980 4878/5983
f 4964/5980 5005/5995 4878/5983
f 5005/5876 4889/5811 4878/5886
f 4878/5983 4820/5975 4899/5975
f 4899/5639 4820/5639 4895/5622
f 4895/5622 4820/5639 4816/5622
f 4820/5975 4878/5983 4794/5983
f 4878/5886 4889/5811 4794/5886
f 4794/5886 4889/5811 4813/5811
f 4889/5728 4831/5727 4813/5728
f 4813/5728 4831/5727 4814/5727
f 4814/5608 4831/5608 4815/5502
f 4815/5502 4831/5608 4894/5502
f 4831/5608 4891/5608 4894/5502
f 4891/5608 5071/5609 4894/5502
f 4833/5502 4894/5502 5164/5530
f 5164/5530 4894/5502 5384/5530
f 4894/5502 5071/5609 5384/5530
f 5071/5609 5100/5651 5384/5530
f 5100/5651 5370/5655 5384/5530
f 5370/5655 5369/5655 5384/5530
f 5297/5530 5384/5530 5278/5655
f 5384/5530 5369/5655 5278/5655
f 5278/5753 5369/5753 5254/5868
f 5369/5753 5370/5753 5254/5868
f 5370/5753 5245/5868 5254/5868
f 5254/6037 5245/6037 5317/6035
f 5245/6037 5318/6035 5317/6035
f 5317/5552 5318/5552 5302/5556
f 5318/5552 5240/5552 5302/5556
f 5302/5556 5240/5552 5386/5556
f 5240/5552 5097/5574 5386/5556
f 5097/5574 5092/5576 5386/5556
f 5092/5576 5219/5560 5386/5556
f 5219/5560 4895/5622 5386/5556
f 5386/5556 4895/5622 5167/5556
f 5167/5556 4895/5622 4834/5622
f 4895/5679 4116/5570 4834/5679
f 4834/5679 4116/5570 4100/5570
f 4116/5570 4089/5557 4100/5570
f 4100/5570 4089/5557 4041/5557
f 4041/5557 4089/5557 4052/5557
f 3812/5529 4052/5557 3869/5529
f 4052/5557 4089/5557 3869/5529
f 4089/5557 4132/5563 3869/5529
f 3843/5529 3869/5529 3830/5526
f 3869/5529 4132/5561 3830/5526
f 4132/5561 3848/5497 3830/5526
f 3848/5812 3763/5806 3830/5817
f 3856/5817 3830/5817 3739/5792
f 3700/5792 3718/5792 3698/5792
f 3718/5792 3739/5792 3698/5792
f 3739/5792 3830/5817 3698/5792
f 3830/5817 3763/5806 3698/5792
f 3763/5806 3740/5800 3698/5792
f 3740/5800 3719/5795 3698/5792
f 3692/6030 3698/6033 3685/6030
f 3698/6033 3719/6034 3685/6030
f 3719/6034 3652/6020 3685/6030
f 3652/6020 3626/5998 3685/6030
f 3626/5998 3607/5991 3685/6030
f 3607/5991 3641/6009 3685/6030
f 3718/6030 3685/6030 3669/6009
f 3685/6030 3641/6009 3669/6009
f 3669/6009 3641/6009 3440/5977
f 3440/5977 3641/6009 3113/5977
f 3641/6009 3141/5974 3113/5977
f 3141/5974 3273/5974 3113/5977
f 3226/5977 3113/5977 3149/5974
f 3113/5977 3273/5974 3149/5974
f 3149/5913 3273/5913 3205/5786
f 3273/5913 3141/5913 3205/5786
f 3141/5913 3322/5786 3205/5786
f 3205/5786 3322/5786 3171/5774
f 3322/5786 3284/5774 3171/5774
f 3171/5888 3284/5888 3328/5889
f 3284/5888 3196/5889 3328/5889
f 3328/5889 3196/5889 3341/5890
f 3196/5889 3311/5889 3341/5890
f 3341/5890 3311/5889 3224/5890
f 3311/5889 3605/5903 3224/5890
f 3605/5903 3696/5934 3224/5890
f 3696/5934 3841/5958 3224/5890
f 2826/5498 3224/5499 3438/5499
f 3224/5890 3841/5958 3438/5890
f 3438/5890 3841/5958 3831/5958
f 3841/5880 3970/5899 3831/5880
f 3831/5880 3970/5899 3895/5880
f 3895/5880 3970/5899 4387/5972
f 3970/5899 4405/5972 4387/5972
f 4387/5972 4405/5972 4833/6040
f 4405/5972 4433/5972 4833/6040
f 4833/6040 4433/5972 4894/6040
f 4433/5972 4429/5971 4894/6040
f 4429/5971 4883/6039 4894/6040
f 4833/5825 4894/5825 4852/5825
f 4852/5825 4894/5825 4871/5825
f 4936/5819 4871/5825 4957/5819
f 4871/5825 4894/5825 4957/5819
f 4894/5825 4883/5826 4957/5819
f 4957/5819 4883/5826 4929/5820
f 4883/5826 4880/5827 4929/5820
f 4929/5820 4880/5827 4925/5821
f 4880/5677 4768/5665 4925/5699
f 4768/5665 4599/5667 4925/5699
f 4925/5699 4599/5667 4856/5699
f 4856/5699 4599/5667 4573/5667
f 4599/5667 4467/5633 4573/5667
f 4573/5667 4467/5633 4450/5633
f 3851/5686 4450/5612 3861/5686
f 4450/5612 4467/5612 3861/5686
f 4467/5612 3887/5682 3861/5686
f 3887/5542 4379/5605 3861/5539
f 4379/5605 3894/5525 3861/5539
f 3894/5525 3876/5521 3861/5539
f 3861/5539 3876/5521 3850/5537
f 3876/5521 3826/5500 3850/5537
f 3826/5957 3696/5934 3850/5951
f 3696/5934 3632/5916 3850/5951
f 3851/5951 3850/5951 3650/5916
f 3850/5951 3632/5916 3650/5916
f 3650/5916 3632/5916 3565/5888
f 3632/5916 3284/5888 3565/5888
f 3565/5965 3284/5965 3074/5990
f 2734/6023 2785/6023 3014/5990
f 2785/6023 3074/5990 3014/5990
f 3074/5990 3284/5965 3014/5990
f 3284/5965 2844/6001 3014/5990
f 2734/5963 2762/5962 2744/5962
f 2744/5724 2762/5724 2743/5832
f 2743/5832 2762/5724 2857/5832
f 2857/5832 2762/5724 2891/5724
f 2891/5962 2762/5962 2898/5963
f 2762/5962 2734/5963 2898/5963
f 2734/6023 2791/6022 2898/6023
f 2898/6023 2791/6022 2852/6022
f 2852/5644 2791/5644 2885/5498
f 2885/5498 2791/5644 2742/5498
f 2742/5498 2791/5644 2740/5644
f 2791/6022 2734/6023 2740/6022
f 2734/6023 3014/5990 2740/6022
f 3014/5990 2844/6001 2740/6022
f 2740/5644 2844/5645 2742/5498
f 2844/5645 3000/5646 2742/5498
f 3000/5646 3001/5599 2742/5498
f 3001/5599 3314/5594 2742/5498
f 3314/5594 3224/5499 2742/5498
f 3224/5499 2826/5498 2742/5498
f 2826/5649 2712/5662 2742/5649
f 2712/5662 2680/5662 2742/5649
f 2742/5649 2680/5662 2740/5657
f 2680/5662 2724/5663 2740/5657
f 2740/5657 2791/5657 2742/5649
f 2885/5649 2742/5649 2852/5657
f 2742/5649 2791/5657 2852/5657
f 2852/5833 2791/5833 2898/5829
f 2791/5833 2740/5833 2898/5829
f 2898/5829 2740/5833 2766/5829
f 2740/5833 2724/5839 2766/5829
f 2724/5839 2571/5872 2766/5829
f 2571/5872 2640/5860 2766/5829
f 2640/5860 2649/5856 2766/5829
f 2871/5829 2766/5829 2665/5856
f 2766/5829 2649/5856 2665/5856
f 2665/5518 2649/5518 2402/5601
f 2649/5518 2377/5601 2402/5601
f 2402/5673 2377/5673 2107/5595
f 2377/5673 2354/5673 2107/5595
f 1385/5782 1686/5782 2089/5683
f 1686/5782 2107/5683 2089/5683
f 2107/5595 2354/5673 2089/5595
f 2354/5673 2244/5624 2089/5595
f 2244/5624 2118/5581 2089/5595
f 2118/5581 1951/5549 2089/5595
f 1951/5549 1823/5522 2089/5595
f 2089/5683 1823/5749 1385/5782
f 1823/5749 1847/5743 1385/5782
f 1847/5743 1211/5785 1385/5782
f 1211/5785 1330/5785 1385/5782
f 1306/5782 1385/5782 1329/5785
f 1385/5782 1330/5785 1329/5785
f 1329/5785 1330/5785 1259/5789
f 1330/5785 1211/5785 1259/5789
f 1259/5789 1211/5785 1349/5789
f 1211/5785 1848/5745 1349/5789
f 2398/6016 2025/5924 2024/5922
f 2025/5924 1349/5847 2024/5922
f 1349/5847 1848/5850 2024/5922
f 1848/5850 2021/5849 2024/5922
f 2024/5922 2021/5849 2200/5921
f 2021/5553 2037/5558 2200/5600
f 2200/5583 2037/5613 2216/5582
f 2037/5613 2229/5579 2216/5582
f 2216/5596 2229/5600 2383/5636
f 2229/5600 2398/5640 2383/5636
f 2398/6016 2024/5922 2383/6003
f 2024/5922 2200/5921 2383/6003
f 2216/5596 2383/5636 2200/5590
f 6074/3917 6095/3913 6492/3916
f 6492/4043 6438/4066 6479/4043
f 6479/4043 6438/4066 6495/4066
f 6479/3890 6492/3916 6085/3891
f 6492/3916 6095/3913 6085/3891
f 6085/3891 6095/3913 5742/3892
f 6095/3913 6074/3917 5742/3892
f 6074/3917 5743/3918 5742/3892
f 5743/4122 5312/4096 5742/4122
f 5742/4122 5312/4096 5296/4096
f 5420/4355 5371/4353 5381/4354
f 5371/4353 5419/4350 5381/4354
f 5419/4260 5296/4227 5381/4260
f 5296/4227 5312/4227 5381/4260
f 6492/3916 6479/3890 6509/3915
f 6479/3890 6494/3889 6509/3915
f 6948/4014 6898/4014 6878/4014
f 6790/4018 6781/4018 6787/4018
f 6781/4018 6773/4023 6787/4018
f 6787/4018 6773/4023 6898/4014
f 6480/4045 6428/4045 6569/4048
f 6428/4045 6507/4048 6569/4048
f 6787/4057 6773/4059 6759/4060
f 6787/3974 6759/3960 6773/3968
f 6569/4118 6190/4164 6041/4190
f 6190/4164 5931/4202 6041/4190
f 6174/4250 5928/4271 5977/4266
f 5977/4266 5928/4271 5611/4289
f 5928/4271 5738/4284 5611/4289
f 5611/4037 5738/4053 5392/4029
f 6174/4250 5977/4266 6553/4228
f 6161/3956 6569/4012 5978/3927
f 6569/4229 6553/4228 5978/4267
f 6553/4228 5977/4266 5978/4267
f 5977/4266 5611/4289 5978/4267
f 6161/4063 5978/4112 5905/4119
f 5978/4112 5611/4191 5905/4119
f 5931/3928 6007/3934 6041/3938
f 6041/3938 6007/3934 6569/4007
f 6007/4329 6179/4341 6569/4348
f 6569/4118 6198/4164 6190/4164
f 6190/4164 6198/4164 5931/4202
f 5931/4202 6198/4164 5950/4202
f 5950/4202 6198/4164 6206/4164
f 6206/4164 6198/4164 6602/4118
f 6198/4164 6569/4118 6602/4118
f 6602/4118 6569/4118 6625/4118
f 6625/4323 6569/4323 6621/4319
f 6621/4319 6569/4323 6436/4319
f 5392/4196 5756/4153 5618/4186
f 5756/3954 5931/3888 5618/3988
f 6782/4018 6898/4014 6787/4018
f 6898/4014 6948/4014 6787/4018
f 6787/4018 6780/4021 6773/4023
f 6780/4021 6480/4045 6773/4023
f 6773/4023 6480/4045 6759/4024
f 6480/4045 6569/4048 6759/4024
f 6759/3960 6569/3929 6773/3968
f 6773/3968 6569/3929 6765/3968
f 6765/3968 6569/3929 6370/3929
f 6370/3929 6569/3929 6413/3929
f 6413/3929 6569/3929 6602/3929
f 6639/3921 6602/3887 6629/3921
f 6602/3887 6569/3887 6629/3921
f 6569/3887 6480/3886 6629/3921
f 6629/3921 6480/3886 6898/3967
f 6480/3886 6574/3905 6898/3967
f 6572/4358 6519/4358 6454/4338
f 6544/4338 6454/4338 6518/4358
f 6454/4338 6519/4358 6518/4358
f 6518/4159 6519/4159 6474/4216
f 6519/4159 6572/4159 6474/4216
f 6572/4159 6557/4216 6474/4216
f 6963/4351 6905/4351 6919/4351
f 6905/4351 6835/4351 6919/4351
f 6570/3940 6504/3941 6434/3997
f 6434/4268 6504/4265 6513/4264
f 6539/4092 6457/4094 6475/4093
f 6563/4098 6475/4093 6546/4097
f 6475/4093 6457/4094 6546/4097
f 6546/4097 6457/4094 6512/4095
f 6457/4094 6539/4092 6512/4095
f 6539/4092 6514/4090 6512/4095
f 6884/4346 6902/4337 6922/4345
f 5405/4291 5269/4292 5404/4290
f 6567/4104 6513/4103 6512/4106
f 6170/4058 5920/4105 5926/4102
f 5926/4102 5920/4105 5734/4133
f 5920/4105 5849/4116 5734/4133
f 5734/4133 5849/4116 5696/4139
f 5696/4139 5837/4117 5694/4142
f 5691/4146 5694/4142 5824/4121
f 6170/4058 5926/4102 6465/4042
f 5926/4102 5940/4102 6465/4042
f 6459/4042 6465/4042 5922/4102
f 6465/4042 5940/4102 5922/4102
f 5922/4102 5940/4102 5365/4173
f 5940/4102 5926/4102 5365/4173
f 5365/4073 5295/4077 5393/4074
f 5403/4085 5295/4077 5379/4084
f 5365/4173 5926/4102 5379/4173
f 5926/4102 5734/4133 5379/4173
f 5696/4139 5694/4142 5379/4173
f 5694/4142 5691/4146 5379/4173
f 5379/4173 5691/4146 5403/4172
f 5691/4020 5824/4006 5403/4039
f 5824/4006 5689/4019 5403/4039
f 6512/4089 6433/4089 6513/4088
f 5896/4189 5886/4192 5817/4198
f 5817/4198 5886/4192 5806/4200
f 5806/4200 5886/4192 5802/4205
f 5802/4205 5886/4192 5831/4204
f 5831/4204 5886/4192 5981/4187
f 5981/4187 5886/4192 6018/4180
f 5886/4192 5896/4189 6018/4180
f 6018/4180 5896/4189 5999/4176
f 5999/4176 5896/4189 6000/4174
f 6000/4174 6001/4162 6148/4143
f 6270/4124 6148/4143 6437/4101
f 6437/4101 6148/4143 6271/4113
f 6271/4113 6148/4143 6149/4125
f 6148/4143 6001/4162 6149/4125
f 6143/4125 6149/4125 5882/4177
f 6149/4125 6001/4162 5882/4177
f 6001/4162 6000/4174 5882/4177
f 6000/4174 5896/4189 5882/4177
f 5896/4189 5817/4198 5882/4177
f 5882/4224 5817/4237 5714/4248
f 5817/4237 5806/4238 5714/4248
f 5806/4238 5802/4240 5714/4248
f 5714/4248 5802/4240 5693/4251
f 5802/4286 5831/4287 5693/4283
f 5693/4283 5831/4287 5686/4282
f 5831/4287 5741/4285 5686/4282
f 5686/4282 5741/4285 5651/4279
f 5651/4279 5741/4285 5301/4276
f 5301/4276 5741/4285 5647/4280
f 5647/4280 5741/4285 5826/4288
f 5741/4285 5831/4287 5826/4288
f 5826/4288 5831/4287 5910/4293
f 5831/4204 5981/4187 5910/4197
f 5910/4197 5981/4187 6141/4163
f 5981/4187 6018/4180 6141/4163
f 6018/4180 5999/4176 6141/4163
f 5999/4176 6000/4174 6141/4163
f 6000/4174 6148/4143 6141/4163
f 6148/4143 6270/4124 6141/4163
f 5186/4277 5252/4277 5893/4293
f 5252/4277 5910/4293 5893/4293
f 5893/4197 5910/4197 6135/4163
f 5910/4197 6141/4163 6135/4163
f 6135/4163 6141/4163 6401/4114
f 6401/4114 6141/4163 6475/4114
f 6141/4163 6270/4124 6475/4114
f 6270/4124 6437/4101 6475/4114
f 6437/4101 6519/4101 6475/4114
f 6475/4219 6450/4218 6582/4221
f 6582/4221 6450/4218 6570/4220
f 6330/4220 6570/4220 6314/4217
f 6622/3987 6575/3987 6430/3981
f 6575/3987 6359/3981 6430/3981
f 6359/3981 6326/3981 6430/3981
f 6326/4217 6314/4217 6430/4217
f 6314/4217 6570/4220 6430/4217
f 6570/4220 6450/4218 6430/4217
f 6430/3900 6450/3901 6534/3901
f 6450/3901 6475/3924 6534/3901
f 6534/3901 6475/3924 6563/3924
f 6563/4114 6475/4114 6517/4101
f 6475/4114 6519/4101 6517/4101
f 6517/4101 6519/4101 6544/4075
f 6519/4101 6437/4101 6544/4075
f 6544/4075 6437/4101 6454/4075
f 6437/4101 6271/4113 6454/4075
f 6271/4113 6149/4125 6454/4075
f 6149/4125 6143/4125 6454/4075
f 6937/4127 6709/4182 6711/4140
f 6709/4182 6564/4211 6711/4140
f 6711/4140 6564/4211 6700/4141
f 6564/4211 6520/4155 6700/4141
f 6520/4155 6706/4111 6700/4141
f 6700/4141 6706/4111 6927/4056
f 6927/4316 6706/4342 6454/4338
f 6706/4342 6520/4357 6454/4338
f 6454/4338 6520/4357 6572/4358
f 6572/4159 6520/4155 6557/4216
f 6520/4155 6564/4211 6557/4216
f 6346/4225 6557/4225 6901/4236
f 6901/4236 6557/4225 6933/4236
f 6557/4225 6564/4233 6933/4236
f 6564/4233 6709/4254 6933/4236
f 6709/4254 6937/4273 6933/4236
f 6937/4273 6885/4273 6933/4236
f 6183/3925 6171/3931 5930/3896
f 5930/3896 6171/3931 5947/3926
f 6500/4154 6176/4123 6191/4131
f 6191/4241 5946/4245 6168/4239
f 5946/3984 5935/3958 6168/3983
f 6168/3983 5935/3958 6187/3965
f 6187/3965 5935/3958 6192/3946
f 5935/3958 5947/3926 6192/3946
f 5947/3926 6171/3931 6192/3946
f 6192/3946 6171/3931 6467/3933
f 6171/3931 6183/3925 6467/3933
f 6467/3933 6183/3925 6189/3895
f 6183/3925 5930/3896 6189/3895
f 5930/4215 5947/4207 5739/4214
f 5739/4214 5947/4207 5750/4208
f 5947/4207 5935/4185 5750/4208
f 5750/4208 5935/4185 5746/4201
f 5746/4201 5935/4185 5735/4170
f 5935/4185 5946/4158 5735/4170
f 5946/4158 5749/4157 5735/4170
f 5735/4170 5749/4157 5405/4156
f 6513/4128 6501/4129 6499/4128
f 6499/4128 6501/4129 6483/4129
f 6498/4165 6483/4154 6513/4165
f 6483/4154 6500/4154 6513/4165
f 6500/4154 6191/4131 6513/4165
f 6191/4131 6168/4135 6513/4165
f 6168/3983 6187/3965 6513/3982
f 6187/3965 6192/3946 6513/3982
f 6192/3946 6467/3933 6513/3982
f 6513/4088 6467/4132 6512/4089
f 6512/4089 6467/4132 6430/4159
f 6467/3933 6189/3895 6430/3894
f 6040/3992 6062/3991 6156/3959
f 6062/3991 6162/3955 6156/3959
f 6156/3959 6162/3955 6257/3985
f 6257/3932 6162/3955 6258/3937
f 6664/4339 6633/4333 6714/4343
f 6588/4210 6714/4199 6475/4212
f 6714/4199 6633/4209 6475/4212
f 6146/3966 6475/3924 6258/3935
f 6258/3935 6475/3924 6418/3904
f 6418/3904 6475/3924 6450/3901
f 6475/4212 6633/4209 6450/4222
f 6450/4327 6633/4333 6430/4328
f 6633/4333 6664/4339 6430/4328
f 6664/4339 6622/4328 6430/4328
f 6431/3981 6430/3981 6434/3893
f 6434/3893 6430/3981 6513/3893
f 6513/3893 6430/3981 6704/3945
f 6704/3945 6430/3981 6879/3951
f 6430/3981 6622/3987 6879/3951
f 6879/3951 6622/3987 6919/3990
f 6622/4328 6664/4339 6919/4351
f 6919/4351 6664/4339 6963/4351
f 6664/4339 6714/4343 6963/4351
f 6714/4343 6959/4349 6963/4351
f 6919/4351 6963/4351 6925/4349
f 6963/4351 6959/4349 6925/4349
f 6868/3952 6912/3953 6933/3898
f 6912/3953 6925/3994 6933/3898
f 6925/4171 6959/4171 6933/4178
f 6959/4171 6714/4199 6933/4166
f 6714/4199 6588/4210 6933/4166
f 6588/4210 6475/4212 6933/4178
f 6933/4178 6475/4212 6901/4178
f 6901/4178 6475/4212 6401/4212
f 5186/4062 5893/4015 5252/4062
f 5252/4062 5893/4015 5910/4015
f 5893/4015 6135/3969 5910/4015
f 5910/4015 6135/3969 6141/3969
f 6135/3969 6401/3924 6141/3969
f 6401/3924 6475/3924 6141/3969
f 6475/3924 6146/3966 6141/3970
f 6146/3966 6258/3937 6141/3969
f 6258/3937 6162/3955 6141/3969
f 6162/3955 6062/3991 6141/3969
f 6141/3969 6062/3991 5910/4015
f 6062/3991 6040/3992 5910/4015
f 5721/4047 5482/4061 5733/4046
f 5482/4061 5910/4015 5733/4035
f 5733/4035 5910/4015 5918/4004
f 5910/4015 6040/3992 5918/4004
f 6040/3992 6156/3959 5918/4004
f 5918/4004 6156/3975 6154/3998
f 6156/3975 6257/3985 6154/3998
f 6154/4270 6257/4278 6409/4281
f 6257/4137 6258/4136 6409/4160
f 6258/4138 6418/4168 6409/4160
f 6418/3904 6450/3901 6409/3910
f 6450/3901 6430/3900 6409/3910
f 6430/3894 6189/3895 6409/3894
f 6189/3895 5930/3896 6409/3894
f 6409/4223 5930/4169 5916/4169
f 5916/4169 5930/4169 5286/4100
f 5930/4215 5739/4214 5286/4213
f 5739/4214 5750/4208 5286/4213
f 5750/4208 5746/4201 5286/4213
f 5746/4201 5735/4170 5286/4213
f 5735/4170 5405/4156 5286/4213
f 5286/4213 5405/4156 5281/4156
f 6984/4184 6980/4188 6969/4184
f 6969/4184 6980/4188 6884/4184
f 6980/4188 6501/4129 6884/4184
f 6501/4129 6513/4128 6884/4184
f 6513/3893 6704/3945 6884/3909
f 6704/3945 6879/3951 6884/3909
f 6879/3951 6919/3990 6884/3909
f 6919/4091 6896/4147 6884/4161
f 6896/4145 6912/4144 6884/4151
f 6912/4144 6868/4150 6884/4151
f 6884/4151 6868/4150 6838/4152
f 6838/3912 6868/3902 6819/3911
f 6819/4257 6868/4259 6873/4258
f 6868/3952 6933/3898 6873/3897
f 6933/4236 6885/4273 6873/4236
f 6873/4236 6885/4273 6857/4273
f 6857/4127 6885/4127 6846/4055
f 6846/4055 6885/4127 6927/4055
f 6885/4127 6937/4127 6927/4055
f 6937/4127 6711/4140 6927/4055
f 6711/4140 6700/4141 6927/4055
f 6947/4055 6927/4056 6914/4056
f 6914/4056 6927/4056 6848/4056
f 6927/4316 6454/4338 6848/4316
f 6848/4316 6454/4338 6383/4338
f 6454/4075 6143/4125 6383/4075
f 6143/4125 5882/4177 5869/4177
f 5882/4224 5714/4248 5869/4224
f 5869/4224 5714/4248 5701/4248
f 5142/4263 5701/4248 5337/4263
f 5701/4248 5714/4248 5337/4263
f 5714/4248 5693/4251 5337/4263
f 5693/4251 5686/4252 5337/4263
f 5686/4252 5651/4256 5337/4263
f 5651/4279 5301/4276 5337/4275
f 5301/4276 5300/4276 5337/4275
f 5416/4275 5337/4275 5407/4276
f 5337/4275 5300/4276 5407/4276
f 5407/4276 5300/4276 5377/4277
f 5300/4276 5301/4276 5377/4277
f 5338/4181 5339/4179 5404/4206
f 5405/4203 5404/4206 5241/4175
f 5404/4206 5339/4179 5241/4175
f 5241/4330 5339/4332 5252/4331
f 5339/4332 5338/4334 5252/4331
f 5338/4334 5377/4335 5252/4331
f 5377/4277 5301/4276 5252/4277
f 5301/4276 5647/4280 5252/4277
f 5647/4280 5826/4288 5252/4277
f 5826/4288 5910/4293 5252/4277
f 5910/4015 5482/4061 5252/4062
f 5482/4061 5721/4047 5252/4062
f 5252/4062 5721/4047 5323/4064
f 5323/4064 5728/4049 5286/4065
f 6409/4223 5916/4169 5912/4167
f 5916/4169 5286/4100 5912/4167
f 5286/4065 5728/4049 5912/4031
f 5912/4031 5728/4049 5913/4028
f 5728/4049 5323/4064 5913/4028
f 5323/4064 5721/4047 5913/4028
f 5721/4047 5733/4046 5913/4009
f 5733/4046 5918/4004 5913/4009
f 5913/4009 5918/4004 6154/3999
f 6409/4281 5912/4247 6154/4269
f 5913/4009 6154/3999 5912/4031
f 6573/6021 6435/6021 6584/6018
f 6545/6018 6584/6018 6521/6021
f 6584/6018 6435/6021 6521/6021
f 6521/5666 6435/5666 6565/5669
f 6435/5666 6573/5666 6565/5669
f 6573/5666 6425/5669 6565/5669
f 5637/5694 5706/5661 5249/5713
f 5249/5713 5706/5661 5635/5688
f 5635/5688 5706/5661 5814/5631
f 5814/5631 5706/5661 5797/5638
f 5797/5638 5706/5661 5690/5670
f 5706/5661 5637/5694 5690/5670
f 6456/5883 6515/5882 6540/5883
f 6540/5883 6515/5882 6235/5930
f 6515/5882 6193/5940 6235/5930
f 6235/5930 6193/5940 6105/5985
f 6105/5985 6193/5940 5963/6024
f 5690/5670 5963/5578 6023/5555
f 5963/6024 6193/5940 6023/5997
f 6193/5940 6515/5882 6023/5997
f 6023/5997 6515/5882 6159/5946
f 6147/5945 6153/5945 6358/5881
f 6153/5945 6164/5945 6358/5881
f 6705/5794 6717/5794 6910/5756
f 6910/5756 6717/5794 6939/5756
f 6583/5626 6663/5587 6634/5606
f 6663/5587 6763/5550 6634/5606
f 6634/5845 6763/5780 6674/5814
f 6674/5814 6763/5780 6939/5756
f 6763/5780 6931/5757 6939/5756
f 6931/5757 6869/5757 6939/5756
f 6939/5756 6869/5757 6843/5756
f 6305/5870 6211/5822 6220/5835
f 6631/5999 6697/5960 6721/5949
f 6721/5949 6697/5960 6792/5927
f 6792/5927 6697/5960 6584/6018
f 6697/5960 6631/5999 6584/6018
f 6631/5999 6573/6021 6584/6018
f 6573/5878 6218/5834 6584/5877
f 6218/5834 6022/5767 6584/5877
f 6584/5877 6022/5767 6012/5767
f 6012/5894 6022/5894 5688/6007
f 6022/5894 5835/5938 5688/6007
f 5835/5938 5836/5941 5688/6007
f 5836/5941 5821/5950 5688/6007
f 5688/5711 5821/5742 5671/5702
f 5821/5950 5789/5966 5671/5994
f 5789/5966 5763/5976 5671/5994
f 5671/5994 5763/5976 5266/6026
f 5760/5981 5266/6026 5843/5944
f 5266/6026 5763/5976 5843/5944
f 5763/5976 5789/5966 5843/5944
f 5843/5944 5789/5966 5891/5932
f 5789/5966 5821/5950 5891/5932
f 5891/5932 5821/5950 5987/5920
f 5821/5950 5836/5942 5987/5920
f 5987/5920 5836/5941 5998/5918
f 5836/5941 5835/5938 5998/5918
f 5998/5898 5835/5938 6030/5893
f 5835/5938 6022/5894 6030/5893
f 6022/5767 6218/5834 6030/5768
f 6218/5834 6573/5878 6030/5768
f 6573/5878 6220/5835 6030/5768
f 6220/5835 6211/5822 6030/5768
f 6030/5768 6211/5822 6197/5818
f 6211/5822 6305/5870 6197/5818
f 6197/5818 6305/5870 6188/5815
f 5843/5505 6093/5584 6205/5641
f 6093/5772 6126/5783 6205/5823
f 6126/5783 6188/5815 6205/5823
f 6188/5815 6305/5870 6205/5823
f 6205/5823 6305/5870 6425/5879
f 6305/5870 6220/5835 6425/5879
f 6220/5835 6573/5878 6425/5879
f 6573/5666 6631/5675 6425/5669
f 6425/5669 6631/5675 6653/5693
f 6631/5675 6721/5717 6653/5693
f 6721/5717 6748/5725 6653/5693
f 6653/5693 6748/5725 6747/5726
f 6747/5726 6748/5725 6958/5752
f 6872/5911 6865/5910 6961/5911
f 6865/5910 6958/5910 6961/5911
f 6958/5910 6748/5937 6961/5911
f 6748/5937 6721/5949 6961/5911
f 6721/5949 6792/5927 6961/5911
f 6792/5927 6584/6018 6961/5911
f 6961/5911 6584/6018 6899/5911
f 6899/5911 6584/6018 6382/6018
f 6584/5877 6012/5767 6382/5877
f 6382/5877 6012/5767 5997/5767
f 5997/5894 6012/5894 5680/6007
f 6012/5894 5688/6007 5680/6007
f 5688/5711 5671/5702 5680/5711
f 5680/5711 5671/5702 5649/5702
f 5189/6025 5649/5994 5423/6025
f 5649/5994 5671/5994 5423/6025
f 5671/5994 5266/6026 5423/6025
f 5383/6025 5423/6025 5428/6026
f 5423/6025 5266/6026 5428/6026
f 5428/6026 5266/6026 5415/6028
f 5415/6028 5266/6026 5333/6028
f 5333/6028 5266/6026 5334/6028
f 5334/6028 5266/6026 5616/6014
f 5266/6026 5760/5981 5616/6014
f 5616/5902 5760/5939 5685/5912
f 5760/5939 5963/6008 5685/5912
f 5760/5939 5843/5984 5963/6015
f 5843/5505 6205/5641 5963/5571
f 5667/5925 5685/5925 5948/6015
f 5685/5925 5963/6015 5948/6015
f 5948/5571 5963/5571 6186/5641
f 5963/5571 6205/5641 6186/5641
f 6186/5823 6205/5823 6345/5879
f 6205/5823 6425/5879 6345/5879
f 6345/5669 6425/5669 6644/5693
f 6425/5669 6653/5693 6644/5693
f 6644/5693 6653/5693 6904/5754
f 6904/5754 6653/5693 6935/5754
f 6653/5693 6747/5726 6935/5754
f 6747/5726 6958/5752 6935/5754
f 6958/5752 6865/5752 6935/5754
f 6865/5752 6880/5754 6935/5754
f 6880/5507 6869/5506 6935/5507
f 6869/5506 6931/5506 6935/5507
f 6931/5506 6763/5550 6935/5507
f 6763/5550 6663/5587 6935/5507
f 6935/5507 6663/5587 6904/5507
f 6904/5507 6663/5587 6651/5587
f 6345/5627 6651/5587 6558/5627
f 6651/5587 6663/5587 6558/5627
f 6663/5587 6583/5626 6558/5627
f 6583/5626 6449/5626 6558/5627
f 6558/5627 6449/5626 6473/5627
f 6473/5627 6449/5626 6541/5626
f 6541/5855 6449/5855 6503/5854
f 6503/5854 6449/5855 6429/5854
f 6449/5855 6583/5855 6429/5854
f 6583/5855 6634/5845 6429/5854
f 6634/5845 6674/5814 6429/5854
f 6674/5814 6939/5756 6429/5854
f 6939/5756 6717/5794 6429/5854
f 6717/5794 6705/5794 6429/5854
f 6705/5794 6358/5854 6429/5854
f 6358/5881 6164/5945 6429/5881
f 6164/5945 6159/5946 6429/5881
f 6159/5946 6515/5882 6429/5881
f 6503/5881 6429/5881 6577/5882
f 6429/5881 6515/5882 6577/5882
f 6577/5882 6515/5882 6455/5883
f 6515/5882 6456/5883 6455/5883
f 6455/5883 6456/5883 6565/5884
f 6456/5883 6540/5883 6565/5884
f 6521/5878 6435/5878 6545/5877
f 6584/5877 6545/5877 6573/5878
f 6545/5877 6435/5878 6573/5878
f 6573/5878 6435/5878 6425/5879
f 6435/5878 6521/5878 6425/5879
f 6521/5878 6565/5879 6425/5879
f 6565/5884 6540/5883 6425/5884
f 6540/5883 6235/5930 6425/5884
f 6235/5930 6105/5985 6425/5884
f 6425/5884 6105/5985 6345/5884
f 6345/5884 6105/5985 6088/5985
f 6105/5985 5963/6024 6088/5985
f 6088/5985 5963/6024 5921/6024
f 5963/5578 5690/5670 5921/5578
f 5921/5578 5690/5670 5681/5670
f 5204/5723 5681/5670 5432/5723
f 5681/5670 5690/5670 5432/5723
f 5690/5670 5637/5694 5432/5723
f 5637/5694 5249/5713 5432/5723
f 5249/5713 5248/5713 5432/5723
f 5402/5723 5432/5723 5372/5713
f 5432/5723 5248/5713 5372/5713
f 5372/5713 5248/5713 5413/5712
f 5248/5713 5249/5713 5413/5712
f 5413/5712 5249/5713 5238/5712
f 5249/5713 5635/5688 5238/5712
f 5635/5688 5814/5631 5238/5712
f 5158/5712 5238/5712 5866/5607
f 5892/5588 5866/5607 5879/5607
f 5866/5607 5238/5712 5879/5607
f 5238/5712 5814/5631 5879/5607
f 5814/5631 5797/5638 5879/5607
f 5879/5607 5797/5638 5811/5632
f 5797/5638 5690/5670 5811/5632
f 5690/5670 6023/5555 5811/5632
f 6023/5555 6159/5509 5811/5632
f 5811/5632 6159/5509 5908/5588
f 6159/5509 6164/5508 5908/5588
f 6164/5508 6153/5508 5908/5588
f 6153/5508 6147/5508 5908/5588
f 6147/5508 5892/5588 5908/5588
f 5892/5588 5879/5607 5908/5588
f 5811/5632 5908/5588 5879/5603
f 6030/8117 6197/8079 5998/8123
f 6197/8079 6188/8081 5998/8123
f 5998/8123 6188/8081 5987/8133
f 6188/8081 6126/8110 5987/8133
f 6126/8110 6093/8122 5987/8133
f 5987/8133 6093/8122 5891/8144
f 6093/8122 5843/8154 5891/8144
f 5415/8137 5333/8137 5402/8138
f 5333/8137 5334/8137 5402/8138
f 5402/8138 5334/8137 5432/8138
f 5334/8137 5616/8145 5432/8138
f 5616/8145 5685/8166 5432/8138
f 5204/8138 5432/8138 5667/8166
f 5432/8138 5685/8166 5667/8166
f 6384/5954 6415/5948 6416/5948
f 6416/5948 6415/5948 6371/5947
f 6371/5947 6415/5948 6411/5947
f 6411/5947 6415/5948 6337/5948
f 6337/5948 6415/5948 6391/5954
f 6415/5948 6384/5954 6391/5954
f 6391/5796 6384/5796 6355/5797
f 6384/5796 6394/5797 6355/5797
f 6355/5797 6394/5797 6407/5798
f 6394/5797 6360/5798 6407/5798
f 5989/5615 5983/5615 5657/5730
f 5636/5520 5648/5520 5639/5514
f 5648/5514 5657/5524 5639/5514
f 5639/5730 5657/5730 5979/5615
f 5657/5730 5983/5615 5979/5615
f 5979/5684 5983/5684 6309/5778
f 5983/5684 5989/5684 6309/5778
f 6309/5778 5989/5684 6360/5778
f 5970/5652 5838/5687 5949/5660
f 5949/5660 5838/5690 5929/5664
f 5768/5614 5865/5648 5858/5642
f 5858/5801 5865/5804 5975/5837
f 5883/5674 5884/5678 5984/5656
f 5884/5678 5799/5722 5984/5656
f 5799/5773 5975/5837 5984/5840
f 5975/5837 5865/5804 5984/5840
f 6133/5866 5984/5841 6113/5861
f 5984/5840 5865/5804 6113/5867
f 6113/5863 5865/5929 6196/5830
f 5865/5929 5768/5955 6196/5830
f 6269/5781 6196/5830 6091/5857
f 6196/5830 5768/5955 6091/5857
f 5768/5955 5840/5923 6091/5857
f 6091/5698 5840/5628 5915/5659
f 5915/5659 5840/5628 5661/5562
f 5840/5923 5768/5955 5661/5993
f 5768/5611 5858/5642 5679/5573
f 5679/5738 5858/5801 5609/5714
f 5858/5801 5975/5837 5609/5714
f 5975/5837 5799/5764 5609/5714
f 5609/5771 5799/5722 5695/5739
f 5695/5739 5799/5722 5812/5708
f 5799/5722 5884/5678 5812/5708
f 5884/5678 5883/5674 5812/5708
f 5883/5674 5907/5668 5812/5708
f 5907/5668 5929/5664 5812/5708
f 5929/5664 5838/5690 5812/5708
f 5710/5585 5812/5625 5716/5586
f 5812/5625 5838/5634 5716/5586
f 5716/5586 5838/5634 5730/5591
f 5730/5591 5838/5637 5755/5598
f 5838/5637 5970/5672 5755/5598
f 5755/5598 5970/5672 5810/5621
f 5810/5621 5970/5672 5857/5643
f 5857/5643 5970/5672 6137/5721
f 6137/5721 5970/5672 6232/5744
f 6232/5569 5970/5652 6094/5630
f 5970/5652 5949/5660 6094/5630
f 5949/5660 5929/5664 6094/5630
f 5929/5664 5907/5668 6094/5630
f 5907/5668 5883/5674 6094/5630
f 5883/5674 5984/5656 6094/5630
f 5984/5841 6133/5866 6094/5858
f 6094/5510 6234/5568 6421/5618
f 6421/5618 6234/5568 6342/5617
f 6342/5602 6234/5567 6237/5566
f 6234/5568 6094/5510 6237/5566
f 6237/5566 6094/5510 6224/5564
f 6094/5510 6133/5531 6224/5564
f 6133/5859 6113/5863 6224/5809
f 6113/5863 6196/5830 6224/5809
f 6196/5830 6269/5781 6224/5809
f 6224/5564 6269/5577 6335/5597
f 6269/5748 6091/5698 6335/5770
f 6091/5698 5915/5659 6335/5770
f 6335/5770 5915/5659 5909/5659
f 5909/5659 5915/5659 5408/5527
f 5915/5659 5661/5562 5408/5527
f 5408/5527 5661/5562 5659/5559
f 5661/5993 5768/5959 5659/5996
f 5659/5996 5768/5959 5593/6036
f 5768/5611 5679/5573 5593/5543
f 5679/5573 5609/5536 5593/5543
f 5593/5543 5609/5536 5508/5540
f 5150/5534 5508/5540 5234/5511
f 5508/5540 5609/5536 5234/5511
f 5212/5779 5234/5793 5213/5779
f 5213/5779 5234/5793 5608/5765
f 5234/5793 5609/5771 5608/5765
f 5608/5765 5609/5771 5619/5761
f 5609/5771 5695/5739 5619/5761
f 5695/5739 5812/5708 5619/5761
f 5812/5625 5710/5585 5619/5548
f 5619/5548 5710/5585 5648/5551
f 5710/5585 5716/5586 5648/5551
f 5716/5586 5730/5591 5648/5554
f 5730/5591 5755/5598 5648/5554
f 5648/5554 5755/5598 5657/5565
f 5755/5598 5810/5621 5657/5565
f 5810/5621 5857/5643 5657/5565
f 5657/5730 5857/5658 5989/5615
f 5857/5658 6137/5575 5989/5615
f 5989/5684 6137/5721 6360/5778
f 6137/5721 6232/5744 6360/5778
f 6578/5805 6636/5810 6668/5842
f 6668/5842 6636/5810 6753/5862
f 6753/5853 6636/5810 6669/5831
f 6669/5831 6636/5810 6630/5808
f 6630/5808 6636/5810 6360/5798
f 6636/5810 6578/5805 6360/5798
f 6332/5798 6360/5798 6407/5805
f 6360/5798 6578/5805 6407/5805
f 6407/5805 6578/5805 6829/5900
f 6829/5900 6578/5805 6883/5900
f 6578/5805 6668/5842 6883/5900
f 6668/5842 6753/5862 6883/5900
f 6753/5862 6900/5897 6883/5900
f 6900/5897 6828/5897 6883/5900
f 6883/5900 6828/5897 6815/5900
f 6815/5900 6828/5897 6821/5897
f 6821/5897 6828/5897 6812/5896
f 6779/5935 6694/5917 6734/5926
f 6694/5917 6672/5904 6734/5926
f 6734/5926 6672/5904 6690/5909
f 6690/5956 6672/5970 6628/5992
f 6628/5992 6672/5970 6660/5978
f 6672/5904 6694/5917 6660/5901
f 6694/5917 6779/5935 6660/5901
f 6660/5901 6779/5935 6798/5943
f 6798/5943 6779/5935 6784/5936
f 6779/5935 6734/5926 6784/5936
f 6812/6011 6834/6012 6818/6012
f 6818/6012 6834/6012 6824/6013
f 6824/6013 6834/6012 6908/6013
f 6834/6012 6893/6012 6908/6013
f 6893/6012 6784/6031 6908/6013
f 6784/6031 6734/6041 6908/6013
f 6908/6013 6734/6041 6832/6013
f 6832/6013 6734/6041 6719/6041
f 6719/5926 6734/5926 6716/5926
f 6734/5926 6690/5909 6716/5926
f 6716/5926 6690/5909 6681/5909
f 6315/6006 6681/5956 6371/6006
f 6681/5956 6690/5956 6371/6006
f 6690/5956 6628/5992 6371/6006
f 6628/5992 6338/6005 6371/6006
f 6315/5952 6371/5952 6306/5952
f 6306/5952 6371/5952 6307/5952
f 6307/5952 6371/5952 6304/5947
f 6371/5952 6338/5953 6416/5948
f 6416/5948 6338/5953 6384/5954
f 6338/6005 6628/5992 6384/6004
f 6628/5992 6660/5978 6384/6004
f 5799/5773 5784/5773 5609/5714
f 5136/5511 5234/5511 5598/5536
f 5234/5511 5609/5536 5598/5536
f 5598/5714 5609/5714 5778/5773
f 5609/5714 5784/5773 5778/5773
f 5778/5773 5784/5773 5973/5840
f 5784/5773 5799/5773 5973/5840
f 5799/5773 5984/5840 5973/5840
f 5973/5841 5984/5841 6052/5858
f 5984/5841 6094/5858 6052/5858
f 6052/5510 6094/5510 6317/5619
f 6094/5510 6384/5619 6317/5619
f 6317/6004 6384/6004 6650/5978
f 6384/6004 6660/5978 6650/5978
f 6650/5901 6660/5901 6789/5943
f 6660/5901 6798/5943 6789/5943
f 6789/6027 6798/6027 6840/6011
f 6840/6011 6798/6027 6913/6011
f 6798/6027 6784/6031 6913/6011
f 6784/6031 6893/6012 6913/6011
f 6893/6012 6834/6012 6913/6011
f 6834/6012 6812/6011 6913/6011
f 6812/5896 6828/5897 6913/5896
f 6828/5897 6900/5897 6913/5896
f 6900/5897 6753/5853 6913/5896
f 6753/5853 6669/5831 6913/5869
f 6913/5896 6669/5831 6840/5896
f 6840/5896 6669/5831 6656/5831
f 5973/5656 5784/5722 5778/5722
f 5136/5793 5598/5771 5234/5793
f 5234/5793 5598/5771 5609/5771
f 5598/5771 5784/5722 5609/5771
f 5609/5771 5784/5722 5799/5722
f 5799/5722 5784/5722 5984/5656
f 5784/5722 5973/5656 5984/5656
f 5973/5656 6052/5630 5984/5656
f 5984/5656 6052/5630 6094/5630
f 6052/5630 6317/5535 6094/5630
f 6094/5630 6317/5535 6384/5535
f 6317/5796 6656/5831 6384/5796
f 6656/5831 6669/5831 6384/5796
f 6384/5796 6669/5838 6394/5797
f 6669/5838 6630/5808 6394/5797
f 6630/5808 6360/5798 6394/5797
f 6360/5778 6232/5744 6394/5777
f 6394/5513 6232/5569 6371/5947
f 6232/5569 6094/5630 6371/5947
f 6094/5510 6421/5618 6384/5619
f 6421/5618 6334/5947 6384/5619
f 6415/5948 6384/5796 6371/5947
f 6416/5948 6394/5797 6337/5948
f 6394/5797 6384/5535 6337/5948
f 6411/5947 6384/5619 6391/5796
f 6384/5619 6334/5947 6391/5796
f 6334/5947 6421/5618 6391/5954
f 6421/5618 6342/5602 6391/5954
f 6391/5954 6342/5602 6355/5797
f 6355/5797 6342/5602 6407/5798
f 6342/5602 6237/5566 6407/5798
f 6237/5566 6224/5564 6407/5798
f 6224/5564 6335/5597 6407/5798
f 6407/5798 6335/5597 5989/5615
f 6360/5798 6335/5770 5989/5684
f 6335/5770 5909/5659 5989/5684
f 5989/5684 5909/5659 5983/5684
f 5909/5659 5408/5527 5983/5615
f 5983/5615 5408/5527 5657/5524
f 5408/5527 5659/5559 5657/5524
f 5659/5559 5593/5532 5657/5524
f 5593/5532 5508/5528 5657/5524
f 5657/5524 5508/5528 5636/5520
f 5508/5528 5150/5512 5636/5520
f 5150/5512 5648/5514 5636/5520
f 5636/5520 5648/5514 5639/5514
f 5639/5514 5648/5520 5979/5615
f 5648/5520 5150/5534 5979/5615
f 5150/5534 5234/5511 5979/5615
f 5979/5684 5234/5793 6360/5778
f 5234/5793 5212/5779 6360/5778
f 6309/5778 5212/5523 5640/5515
f 5212/5523 5213/5523 5640/5515
f 5640/5515 5213/5523 5648/5519
f 5213/5523 5608/5541 5648/5519
f 5970/5672 5648/5519 5838/5637
f 5648/5519 5608/5541 5838/5637
f 5608/5541 5619/5548 5838/5637
f 5619/5548 5648/5551 5838/5637
f 5648/5514 5838/5687 5970/5652
f 4726/6798 4701/6798 4705/6801
f 4698/6802 4600/6802 4726/6798
f 4627/6798 4726/6798 4643/6798
f 4726/6798 4600/6802 4643/6798
f 4238/7583 4311/7583 4011/7699
f 4011/7699 4311/7583 3953/7699
f 4311/7583 4125/7698 3953/7699
f 4125/7168 4128/7221 3953/7169
f 3953/7169 4128/7221 3898/7222
f 3898/7538 4128/7543 4312/7632
f 4312/6755 4128/6756 4311/6682
f 4128/6756 4125/6683 4311/6682
f 4311/7267 4125/7348 4643/7170
f 4643/7170 4125/7348 4172/7496
f 4125/6460 3953/6392 4172/6654
f 4172/7347 3197/7517 4169/7325
f 4487/6930 4169/7133 4284/7072
f 4284/7072 4169/7133 4167/7123
f 4167/6042 4169/6354 3862/6111
f 4169/6354 3808/6238 3862/6111
f 3862/6111 3808/6238 3209/6138
f 3242/6138 3209/6138 3197/6403
f 3197/6403 3209/6138 3202/6403
f 3202/6403 3209/6138 3221/6403
f 3209/6138 3808/6238 3221/6403
f 3808/6238 4169/6354 3221/6403
f 3255/7239 3221/7254 3215/7239
f 3221/7254 4169/7484 3215/7239
f 4169/7162 3197/7140 3215/7161
f 3215/7161 3197/7140 3250/7161
f 3250/7161 3197/7140 3231/7140
f 3231/7140 3197/7140 3178/7140
f 3235/6391 3178/6438 3256/6391
f 3178/6438 3197/6438 3256/6391
f 3197/6438 4172/6654 3256/6391
f 4172/6654 3953/6392 3256/6391
f 3235/6391 3256/6391 3952/6392
f 3256/6391 3953/6392 3952/6392
f 3952/6392 3953/6392 3991/6392
f 3991/7169 3953/7169 4010/7169
f 3953/7169 3898/7222 4010/7169
f 4010/7169 3898/7222 3994/7222
f 3994/7538 3898/7538 4233/7632
f 3898/7538 4312/7632 4233/7632
f 4312/6755 4311/6682 4233/6755
f 4233/6755 4311/6682 4234/6682
f 4234/6682 4311/6682 4261/6682
f 4261/7267 4311/7267 4318/7267
f 4318/7267 4311/7267 4639/7170
f 4311/7267 4643/7170 4639/7170
f 4639/7529 4643/7529 4719/7529
f 4719/7529 4643/7529 4720/7529
f 4720/7529 4643/7529 4723/7507
f 4723/7507 4643/7529 4647/7507
f 4643/7529 4172/7530 4647/7507
f 4172/6797 4169/6820 4647/6645
f 4697/7144 4647/7144 4705/7139
f 4647/7144 4169/7333 4705/7139
f 4169/7133 4487/6930 4705/6801
f 4726/6798 4705/6801 4698/6802
f 4705/6801 4487/6930 4698/6802
f 4487/6930 4284/7072 4698/6802
f 4698/6802 4284/7072 4617/6802
f 4617/6802 4284/7072 4208/7072
f 4284/7072 4167/7123 4208/7072
f 4208/7072 4167/7123 4174/7072
f 4174/6042 4167/6042 3899/6111
f 4167/6042 3862/6111 3899/6111
f 3899/6111 3862/6111 3524/6138
f 3862/6111 3209/6138 3524/6138
f 3197/6418 3225/6418 3204/6792
f 3225/6418 3217/6792 3204/6792
f 2930/6410 2933/6785 2775/6410
f 2933/6785 2772/6785 2775/6410
f 2772/6785 3203/6712 2775/6410
f 2866/7700 2775/7701 2977/7700
f 2977/7508 2973/7487 2811/7487
f 2811/7487 2973/7487 2863/7487
f 2863/7487 2973/7487 2970/7487
f 2970/7574 2973/7574 3235/7573
f 3235/7573 2973/7574 3256/7573
f 3239/7537 3252/7573 3215/7537
f 3252/7573 3256/7573 3215/7537
f 3256/7573 2973/7574 3215/7537
f 2973/7487 2977/7508 3215/7509
f 3251/7616 3215/7637 3225/7616
f 3215/7637 2977/7700 3225/7616
f 2977/7700 2775/7701 3225/7616
f 2775/6410 3203/6712 3225/6418
f 3225/6418 3203/6712 3217/6792
f 3203/6712 2772/6785 3217/6792
f 3530/6792 3217/6792 2874/6785
f 3217/6792 2772/6785 2874/6785
f 1554/7595 1453/7601 1611/7634
f 1611/7634 1453/7601 1525/7633
f 1525/7633 1453/7601 1421/7633
f 1421/7633 1453/7601 1524/7601
f 1524/7601 1453/7601 1536/7601
f 1536/7601 1453/7601 1467/7601
f 1453/7601 1554/7595 1467/7601
f 1467/7601 1554/7595 1473/7595
f 1473/7595 1554/7595 1578/7595
f 1578/7595 1554/7595 1484/7595
f 1554/7595 1611/7634 1484/7595
f 1484/7595 1611/7634 1521/7634
f 1521/7634 1611/7634 1506/7633
f 1611/7634 1525/7633 1506/7633
f 1506/7633 1525/7633 1585/7633
f 1525/7633 1421/7633 1585/7633
f 442/6821 444/6825 380/6821
f 444/6825 375/6825 380/6821
f 419/6821 380/6821 198/6746
f 769/7152 977/7303 771/7145
f 754/7105 757/7124 924/7286
f 757/7124 771/7145 924/7286
f 771/7145 977/7303 924/7286
f 924/7286 977/7303 972/7316
f 977/7303 769/7152 972/7316
f 769/7152 780/7187 972/7316
f 972/7316 780/7187 856/7293
f 856/7293 780/7187 796/7281
f 825/6219 1427/6308 632/6132
f 1427/6308 824/6220 632/6132
f 824/6220 821/6215 632/6132
f 810/6044 619/6098 807/6099
f 619/6098 616/6121 807/6099
f 807/6099 616/6121 804/6122
f 616/7099 632/7106 804/7240
f 632/6132 821/6215 804/6212
f 804/6212 821/6215 1174/6302
f 821/6215 824/6220 1174/6302
f 1174/6302 824/6220 1477/6309
f 824/6220 1427/6308 1477/6309
f 1477/6309 1427/6308 1497/6308
f 1497/6308 1427/6308 1458/6307
f 1427/6308 825/6219 1458/6307
f 1483/6175 982/6144 1523/6174
f 1523/6174 982/6144 979/6143
f 982/6329 1501/6419 979/6315
f 1501/6419 1458/6394 979/6315
f 979/7315 708/7436 739/7356
f 739/7302 708/7334 444/7544
f 444/7544 708/7334 603/7411
f 708/7436 979/7315 603/7523
f 979/7438 1458/7349 603/7610
f 603/7610 1458/7349 634/7561
f 1458/6307 825/6219 634/6131
f 825/6219 632/6132 634/6131
f 634/7388 632/7387 466/7531
f 632/7387 616/7394 466/7531
f 466/7531 616/7394 452/7539
f 616/6121 619/6098 452/6120
f 452/6120 619/6098 451/6112
f 454/6097 451/6112 609/6043
f 451/6112 619/6098 609/6043
f 619/6098 810/6044 609/6043
f 810/7056 796/7073 609/7201
f 609/6258 796/6168 600/6266
f 796/7281 780/7187 600/7050
f 780/7187 769/7152 600/7050
f 600/7050 769/7152 589/6979
f 769/7152 771/7145 589/6979
f 771/7145 757/7124 589/6979
f 757/7124 754/7105 589/6979
f 589/6602 754/6461 576/6627
f 576/6627 754/6461 578/6626
f 754/6461 924/6314 578/6626
f 924/6314 588/6626 578/6626
f 578/7437 588/7452 406/7304
f 406/6684 588/6886 117/6498
f 117/6498 588/6886 595/6887
f 595/6626 588/6626 957/6314
f 588/6626 924/6314 957/6314
f 924/7286 972/7316 957/7286
f 957/7286 972/7316 1021/7316
f 1230/6160 1021/6180 1056/6160
f 1021/6180 972/6180 1056/6160
f 1174/6161 1390/6160 1063/6161
f 1390/6160 1056/6160 1063/6161
f 1056/6160 972/6180 1063/6161
f 972/6180 856/6239 1063/6161
f 856/6239 796/6301 1063/6161
f 796/6424 810/6439 1063/6570
f 1130/6583 1063/6570 1152/6583
f 1063/6570 810/6439 1152/6583
f 810/6044 807/6099 1152/6045
f 807/6099 804/6122 1152/6045
f 804/6122 1174/6123 1152/6045
f 1152/6045 1174/6123 1048/6045
f 1048/6045 1174/6123 1058/6123
f 1058/6123 1174/6123 1072/6123
f 1072/6302 1174/6302 1224/6302
f 1224/6302 1174/6302 1454/6309
f 1174/6302 1477/6309 1454/6309
f 1477/6309 1497/6308 1454/6309
f 1454/6309 1497/6308 1488/6308
f 1488/6308 1497/6308 1528/6307
f 1497/6308 1458/6307 1528/6307
f 1528/6307 1458/6307 1539/6307
f 1539/6394 1458/6394 1469/6394
f 1469/6394 1458/6394 1417/6419
f 1458/6394 1501/6419 1417/6419
f 1429/7074 1417/7074 1611/7074
f 1417/7074 1501/7125 1611/7074
f 1501/7125 982/7038 1611/7074
f 982/7038 1483/7014 1611/7074
f 1450/7074 1611/7074 1521/7074
f 1521/7074 1611/7074 1548/7014
f 1611/7074 1483/7014 1548/7014
f 1548/6175 1483/6175 1505/6174
f 1483/6175 1523/6174 1505/6174
f 1505/6174 1523/6174 1584/6174
f 1584/7261 1523/7261 1420/7261
f 1504/7183 1420/7261 1601/7183
f 1420/7261 1523/7261 1601/7183
f 1523/7261 979/7315 1601/7183
f 979/7315 739/7356 1601/7183
f 739/7356 741/7356 1601/7183
f 1504/7183 1601/7183 740/7356
f 1601/7183 741/7356 740/7356
f 740/7302 741/7302 436/7544
f 741/7302 739/7302 436/7544
f 739/7302 444/7544 436/7544
f 436/7544 444/7544 382/7544
f 382/7665 444/7665 371/7665
f 371/7665 444/7665 385/7665
f 385/7665 444/7665 438/7638
f 412/7584 438/7584 375/7562
f 375/7562 438/7584 99/7453
f 438/7638 444/7665 99/7666
f 444/7544 603/7411 99/7705
f 603/7411 634/7388 99/7705
f 634/7388 466/7531 99/7705
f 466/7531 452/7539 99/7705
f 452/6120 451/6112 99/6119
f 451/6112 454/6097 99/6119
f 99/6267 454/6181 423/6188
f 454/6341 609/6258 423/6347
f 609/6258 600/6266 423/6347
f 600/6592 589/6602 423/6727
f 423/6727 589/6602 408/6734
f 408/6734 589/6602 404/6747
f 589/6602 576/6627 404/6747
f 404/6747 576/6627 386/6759
f 576/6627 578/6626 386/6759
f 386/6759 578/6626 384/6758
f 384/6757 578/6551 80/6939
f 578/6316 406/6530 80/6735
f 406/6343 117/6497 80/6525
f 80/6670 117/6670 174/6746
f 117/6670 198/6746 174/6746
f 198/6746 380/6821 174/6746
f 174/6746 380/6821 69/6671
f 380/6821 375/6825 69/6671
f 375/6321 99/6357 69/6393
f 99/6357 423/6306 69/6393
f 423/6980 408/7055 69/6995
f 408/6734 404/6747 69/6931
f 404/6747 386/6759 69/6931
f 386/6759 384/6757 69/6931
f 384/6757 80/6939 69/6931
f 1573/6133 1494/6139 1490/6140
f 1590/6661 1530/6661 1490/6666
f 1530/6661 1570/6666 1490/6666
f 339/7328 422/7298 343/7327
f 422/7298 402/7301 343/7327
f 1478/6660 1415/6666 1570/6666
f 727/7703 422/7704 732/7703
f 732/7703 422/7704 722/7510
f 722/6966 724/6955 1494/6965
f 1494/6965 724/6955 728/6946
f 710/6885 565/7048 709/7049
f 1478/6660 913/6560 792/6444
f 913/6560 709/6355 792/6444
f 792/7263 709/7049 352/7231
f 709/7049 565/7048 352/7231
f 352/7231 565/7048 339/6884
f 565/7048 710/6885 339/6884
f 710/6550 725/6561 339/6313
f 387/6328 339/6313 429/6328
f 339/6313 725/6561 429/6328
f 725/6561 728/6562 429/6328
f 728/6946 724/6955 429/6947
f 724/6955 722/6966 429/6947
f 722/6966 422/6967 429/6947
f 429/6947 422/6967 348/6967
f 348/6967 422/6967 338/6967
f 338/6967 422/6967 382/6967
f 382/7704 422/7704 424/7704
f 424/7704 422/7704 726/7703
f 422/7704 727/7703 726/7703
f 726/7703 727/7703 1504/7702
f 727/7703 732/7703 1504/7702
f 1504/7702 732/7703 1601/7702
f 732/7703 722/7510 1601/7702
f 722/7510 1494/7326 1601/7702
f 1601/7702 1494/7326 1504/7702
f 1504/7702 1494/7326 1472/7326
f 1472/6965 1494/6965 1572/6965
f 1572/6965 1494/6965 1589/6965
f 1589/6965 1494/6965 1513/6945
f 1513/6945 1494/6965 1598/6945
f 1494/6965 728/6946 1598/6945
f 728/6562 725/6561 1598/6779
f 1514/6778 1598/6779 1530/6778
f 1598/6779 725/6561 1530/6778
f 725/6561 710/6550 1530/6778
f 710/6356 709/6355 1530/6661
f 709/6355 913/6560 1530/6661
f 913/6560 1478/6660 1530/6661
f 1530/6661 1478/6660 1570/6666
f 1723/6666 1570/6666 1725/6660
f 1570/6666 1478/6660 1725/6660
f 1725/6660 1478/6660 1726/6660
f 1726/6660 1478/6660 1698/6660
f 1698/6660 1478/6660 798/6444
f 1478/6660 792/6444 798/6444
f 798/7263 792/7263 379/7262
f 379/7262 792/7263 343/7262
f 792/7263 352/7231 343/7262
f 174/6746 69/6671 80/6670
f 3677/6137 3622/6136 3676/6137
f 3676/6137 3580/6150 3695/6151
f 3959/6178 3695/6046 3680/6177
f 3695/6046 3580/6107 3680/6177
f 3680/6963 3580/6964 3590/6936
f 3580/6150 3676/6137 3590/6136
f 3676/6137 3622/6136 3590/6136
f 3590/6936 3622/6936 3687/6935
f 3622/6936 3675/6935 3687/6935
f 3675/6483 3824/6482 3687/6483
f 3687/6483 3824/6482 3951/6482
f 3824/6548 3677/6549 3951/6548
f 3677/6549 3676/6549 3951/6548
f 3676/6549 3695/6524 3951/6548
f 3695/6524 3959/6523 3951/6548
f 3959/6519 3680/6520 3951/6482
f 3951/6482 3680/6520 3687/6483
f 3680/6963 3590/6936 3687/6935
f 3223/6770 3192/6771 3241/6770
f 3192/6771 3121/6771 3241/6770
f 3223/6770 3241/6770 3663/6662
f 3663/6662 3241/6770 3701/6662
f 3241/6770 3121/6771 3701/6662
f 3270/7311 3316/7417 3761/7418
f 3797/7418 3761/7418 3750/7418
f 3750/7418 3761/7418 3302/7417
f 3761/7418 3316/7417 3302/7417
f 3316/7417 3270/7311 3302/7417
f 3302/7417 3270/7311 3253/7311
f 3270/7311 3136/7311 3253/7311
f 3136/7197 3270/7197 3253/7197
f 3270/7197 3316/7174 3253/7197
f 3253/7197 3316/7174 3302/7174
f 3302/7174 3316/7174 3315/7174
f 3315/7174 3316/7174 3329/7174
f 2664/7478 3241/7477 3223/7495
f 2014/7408 2048/7409 1969/7408
f 2048/7409 1347/7236 1969/7408
f 1969/7408 1347/7236 1362/7269
f 1347/7236 1252/7269 1362/7269
f 2946/6417 2761/6417 3088/6471
f 3088/6471 2761/6417 3316/6471
f 2761/6417 2893/6429 3316/6471
f 2483/6897 2582/6929 2587/6894
f 2587/6894 2582/6929 3270/7104
f 2582/6929 2667/6991 3270/7104
f 2667/7120 2671/7101 3270/7197
f 3316/7174 3270/7197 2893/7119
f 3270/7197 2671/7101 2893/7119
f 2671/7101 2646/7043 2893/7119
f 2893/7119 2646/7043 2761/7100
f 2890/7100 2761/7100 2757/7100
f 2757/7100 2761/7100 2645/7043
f 2761/7100 2646/7043 2645/7043
f 2645/7043 2646/7043 2623/7043
f 2623/7207 2646/7207 2620/7207
f 2604/7208 2620/7207 2651/7208
f 2620/7207 2646/7207 2651/7208
f 2646/7207 2671/7277 2651/7208
f 2651/7208 2671/7277 2675/7278
f 2671/7277 2667/7320 2675/7278
f 2675/7278 2667/7320 2660/7321
f 2667/7320 2582/7385 2660/7321
f 2660/7321 2582/7385 2485/7428
f 2582/7385 2483/7427 2485/7428
f 2485/7428 2483/7427 2411/7528
f 2483/7427 2409/7527 2411/7528
f 2411/7528 2409/7527 2446/7569
f 2259/7450 2303/7450 2305/7450
f 2305/7450 2303/7450 2435/7521
f 2303/7450 2440/7521 2435/7521
f 2440/7521 2454/7521 2435/7521
f 2454/7568 2462/7568 2435/7568
f 2462/7568 2465/7569 2435/7568
f 2465/7569 2446/7569 2435/7568
f 2446/7569 2409/7527 2435/7568
f 2435/7521 2409/7534 2305/7450
f 2409/7534 2483/7623 2305/7450
f 2483/6601 2587/6697 2305/6428
f 2478/6716 2081/6337 2094/6336
f 2094/7012 2081/7136 1221/7013
f 1221/7013 2081/7136 1340/7235
f 2081/7136 2083/7234 1340/7235
f 2083/6204 1286/6351 1340/6352
f 1340/6352 1286/6351 1285/6351
f 1285/6978 1286/6978 1313/6977
f 2078/6773 1313/6977 2086/6773
f 1313/6977 1286/6978 2086/6773
f 1286/6978 2083/6774 2086/6773
f 2086/6773 2083/6774 2480/6547
f 2083/6338 2081/6337 2480/6717
f 2081/6337 2478/6716 2480/6717
f 2480/6717 2478/6716 2491/6722
f 2478/7375 2094/7607 2491/7364
f 2491/7364 2094/7607 2105/7591
f 2094/6726 1221/6926 2105/6714
f 2120/6715 2105/6714 1337/6927
f 2105/6714 1221/6926 1337/6927
f 1337/6927 1221/6926 1388/6927
f 1388/7013 1221/7013 1267/7235
f 1221/7013 1340/7235 1267/7235
f 1267/7235 1340/7235 1240/7235
f 1240/6352 1340/6352 1225/6352
f 1340/6352 1285/6351 1225/6352
f 1225/6352 1285/6351 1270/6351
f 1270/6978 1285/6978 1297/6977
f 1285/6978 1313/6977 1297/6977
f 1297/6977 1313/6977 2084/6773
f 1313/6977 2078/6773 2084/6773
f 2084/6773 2078/6773 2479/6547
f 2078/6773 2086/6773 2479/6547
f 2086/6773 2480/6547 2479/6547
f 2479/6717 2480/6717 2498/6717
f 2498/6717 2480/6717 2518/6717
f 2518/6717 2480/6717 2529/6722
f 2480/6717 2491/6722 2529/6722
f 2529/7339 2491/7364 2531/7339
f 2491/7364 2105/7591 2531/7339
f 2105/7591 2120/7592 2531/7339
f 2120/7200 2294/7376 2531/7624
f 2531/7098 2294/6860 2304/6866
f 2304/6065 2294/6118 2044/6272
f 2635/7210 2636/7103 3323/7209
f 3323/7209 2636/7103 3228/6993
f 2636/7103 2633/6994 3228/6993
f 3228/7433 2633/7554 3340/7419
f 2044/7198 2552/7030 2039/7029
f 2039/7393 2365/7572 2307/7533
f 2307/7533 2365/7572 2543/7710
f 2542/6056 2543/6056 2684/6167
f 2684/6167 2543/6056 2686/6167
f 2543/6056 2365/6114 2686/6167
f 2686/6167 2365/6114 2431/6149
f 2431/7614 2365/7572 2151/7447
f 2365/7572 2039/7393 2151/7447
f 2039/6709 2552/6342 2151/6649
f 2151/6649 2552/6342 2390/6468
f 2552/7560 3340/7419 2390/7712
f 3340/7419 2633/7554 2390/7712
f 2633/6994 2636/7103 2390/7000
f 2390/7000 2636/7103 2387/7219
f 2636/7103 2635/7210 2387/7219
f 2635/7191 2643/7270 2387/7008
f 2643/7270 2528/7312 2387/7008
f 2387/7008 2528/7312 2143/7113
f 2143/7113 2528/7312 2430/7313
f 2430/7313 2528/7312 2690/7536
f 2690/7536 2528/7312 3241/7535
f 2528/7312 2643/7270 3241/7535
f 2643/7270 2635/7191 3241/7535
f 2635/7191 3323/7410 3241/7535
f 3223/7535 3241/7535 3287/7410
f 3241/7535 3323/7410 3287/7410
f 3287/7209 3323/7209 3325/6993
f 3323/7209 3228/6993 3325/6993
f 3325/6993 3228/6993 3213/6993
f 3213/7433 3228/7433 3211/7433
f 3228/7433 3340/7419 3211/7433
f 3211/7433 3340/7419 3330/7419
f 3330/7419 3340/7419 3240/7419
f 3240/6372 3340/6372 3261/6372
f 3261/6372 3340/6372 3110/6567
f 3118/6814 3189/6814 3191/6607
f 3189/6814 3110/6607 3191/6607
f 3110/6567 3340/6372 3191/6567
f 3340/6372 2552/6381 3191/6567
f 3118/6814 3191/6607 2585/6617
f 2020/6696 2585/6312 2549/6334
f 2585/6617 3191/6607 2549/6590
f 3191/6567 2552/6381 2549/6557
f 2552/7030 2044/7198 2549/7199
f 2549/6063 2044/6147 2020/6152
f 2044/6272 2294/6118 2020/6276
f 2294/7097 2120/7258 2020/7331
f 2120/7258 1337/7664 2020/7331
f 2282/6141 2311/6141 2265/6116
f 2311/6141 2585/6237 2265/6116
f 2265/6116 2585/6237 2554/6225
f 2585/7630 2020/7297 2554/7608
f 2554/6049 2020/6048 2556/6217
f 2556/7251 2139/7250 2275/7476
f 2293/7476 2275/7476 2274/7476
f 2274/7476 2275/7476 2055/7475
f 2008/7475 2055/7475 2056/7475
f 2055/7475 2275/7476 2056/7475
f 1389/7296 1212/7296 1382/7296
f 1316/7664 1294/7716 1337/7664
f 1337/7664 1294/7716 1301/7716
f 1294/7716 1183/7716 1301/7716
f 1183/7285 1293/7285 1301/7285
f 1293/7285 1198/7296 1301/7285
f 1212/7296 2056/7475 1301/7285
f 1301/7285 2056/7475 2042/7249
f 2056/7475 2275/7476 2042/7249
f 2275/7476 2139/7250 2042/7249
f 2042/6249 2139/6288 2027/6236
f 2139/6288 2556/6495 2027/6236
f 2556/6217 2020/6048 2027/6216
f 2020/7331 1337/7664 2027/7340
f 1337/7664 1301/7716 2027/7340
f 2018/7493 1972/7493 1996/7493
f 1996/7493 1972/7493 1970/7493
f 1970/7493 1972/7493 1338/7492
f 1338/7492 1972/7493 1277/7492
f 1292/7354 1370/7354 1197/7354
f 1370/7354 1182/7354 1197/7354
f 1182/7354 1338/7492 1197/7354
f 1338/7492 1277/7492 1197/7354
f 1277/7492 1972/7493 1197/7354
f 3144/7615 3309/7500 3264/7615
f 3309/7500 3227/7500 3264/7615
f 3227/7500 3619/7542 3264/7615
f 3302/6375 3316/6375 3729/6470
f 3857/6831 3802/6831 3747/6810
f 3802/6831 3792/6873 3747/6810
f 3747/6810 3792/6873 3731/6873
f 3792/6873 3780/6873 3731/6873
f 3780/6470 3729/6470 3731/6470
f 3729/6470 3316/6375 3731/6470
f 3316/6375 3577/6409 3731/6470
f 3244/7406 3154/7407 3245/7406
f 3154/7407 3857/7248 3245/7406
f 3245/7406 3857/7248 3755/7280
f 3857/6831 3747/6810 3755/6818
f 3755/6818 3747/6810 3761/6874
f 3747/6810 3731/6873 3761/6874
f 3731/7266 3577/7324 3761/7253
f 3577/7622 3618/7713 3761/7652
f 3117/7143 3199/7143 3297/7143
f 3297/7143 3199/7143 3186/7143
f 3168/7114 3186/7143 3282/7114
f 3186/7143 3199/7143 3282/7114
f 3199/7143 3761/6938 3282/7114
f 3761/6938 3618/7022 3282/7114
f 3336/6465 3316/6465 3282/6536
f 3316/6465 3577/6496 3282/6536
f 3577/6496 3618/6535 3282/6536
f 4966/6400 4568/6591 5267/6213
f 3787/7047 4206/7046 4204/7071
f 4204/6710 4206/6710 4264/6710
f 4264/6710 4206/6710 4288/6710
f 4686/6742 4601/6742 4210/6839
f 4601/6742 4285/6839 4210/6839
f 4285/6711 4288/6710 4210/6711
f 4288/6710 4206/6710 4210/6711
f 4210/7499 4206/7498 4159/7504
f 4792/7109 4783/7279 4542/7218
f 4502/7257 4542/7218 4568/7346
f 4542/7218 4783/7279 4568/7346
f 4783/6596 5040/6364 4568/6591
f 4568/6591 5040/6364 5267/6213
f 4133/7121 4129/6934 3790/7102
f 4129/6934 3800/7007 3790/7102
f 4155/7355 4202/7378 4499/7494
f 4202/7118 4532/6910 4499/6909
f 4383/6398 4499/6453 4787/6577
f 4787/6577 4499/6453 4953/6608
f 4499/6453 4532/6467 4953/6608
f 4532/6843 4536/6809 4953/7035
f 4953/7035 4536/6809 4958/7017
f 4958/7017 4536/6809 4975/6962
f 4536/6679 4527/6794 4975/6680
f 4975/6680 4527/6794 4952/6743
f 4527/6794 4522/6870 4952/6743
f 4952/6743 4522/6870 4976/6795
f 4976/6795 4522/6870 4978/6871
f 4967/6832 4978/6844 4534/6600
f 4978/6844 4522/6659 4534/6600
f 4534/6600 4522/6659 4207/6450
f 4522/6674 4527/6581 4207/6673
f 4207/6673 4527/6581 4212/6644
f 4527/6581 4536/6458 4212/6644
f 4212/6644 4536/6458 4205/6580
f 4205/6580 4536/6458 4203/6457
f 4536/6974 4532/6910 4203/7149
f 4532/6910 4202/7118 4203/7149
f 4203/7377 4202/7378 3857/7238
f 4202/7378 4155/7355 3857/7238
f 3857/7238 4155/7355 4127/7341
f 4155/7355 4499/7494 4127/7341
f 4499/7494 4383/7434 4127/7341
f 4127/7341 4383/7434 4076/7314
f 4076/7314 4383/7434 3916/7259
f 3950/7260 3916/7259 4394/7435
f 3916/7259 4383/7434 4394/7435
f 4383/6398 4787/6577 4394/6399
f 4133/6317 4394/6399 5378/6730
f 4394/6399 4787/6577 5378/6730
f 4787/6577 4953/6608 5378/6730
f 4953/6621 4958/6620 5378/6730
f 4958/6620 4975/6619 5378/6730
f 5378/6730 4975/6619 5260/6729
f 4975/6680 4952/6743 5260/6681
f 4952/6743 4976/6795 5260/6681
f 4976/6795 4978/6871 5260/6681
f 5260/6681 4978/6871 5279/6872
f 4978/6844 4967/6832 5279/7054
f 5279/7054 4967/6832 5368/6923
f 4967/6832 4534/6600 5368/6923
f 5368/7653 5096/7654 5243/7581
f 5096/7654 5094/7582 5243/7581
f 5243/6765 5094/6764 5239/6829
f 5094/6362 5096/6436 5239/6363
f 5239/6363 5096/6436 5329/6437
f 5096/6051 5125/6264 5329/6145
f 5329/6145 5125/6264 5267/6435
f 5267/6435 5125/6264 5004/6325
f 5125/6264 5096/6051 5004/6325
f 5004/6325 5096/6051 4575/6284
f 5096/6834 5368/6923 4575/6582
f 5368/6923 4534/6600 4575/6582
f 3689/7230 3824/7190 3951/7190
f 3951/6815 3824/6815 3687/6777
f 3824/6815 3675/6777 3687/6777
f 3675/6703 3622/6633 3687/6703
f 3687/6703 3622/6633 3590/6633
f 3951/6815 3687/6777 3793/6618
f 3793/6618 3687/6777 3688/6441
f 3688/6702 3687/6703 3579/6632
f 3687/6703 3590/6633 3579/6632
f 3579/7506 3590/7505 3671/7631
f 3590/7505 3622/7505 3671/7631
f 3622/7505 3689/7631 3671/7631
f 3689/7230 3951/7190 3671/7230
f 3671/7230 3951/7190 3776/7432
f 3776/7432 3951/7190 3915/7635
f 3951/7247 3793/7481 3915/7685
f 3793/6158 3688/6201 3915/6047
f 3915/6047 3688/6201 3615/6262
f 3615/6688 3688/6622 3130/6695
f 3130/6695 3688/6622 3294/6653
f 3688/6622 3579/6631 3294/6653
f 3294/7482 3579/7506 3249/7483
f 3249/7483 3579/7506 3683/7636
f 3579/7506 3671/7631 3683/7636
f 3671/7230 3776/7432 3683/7663
f 3776/7432 3915/7635 3683/7663
f 4575/7205 4206/7498 4569/7206
f 4288/7498 4267/7498 4206/7498
f 4206/7498 4267/7498 4159/7504
f 4159/7504 4267/7498 4210/7499
f 4267/7498 4285/7499 4210/7499
f 4210/6768 4285/6768 4686/6849
f 4285/6768 4601/6849 4686/6849
f 4601/7706 4584/7707 4686/7706
f 4584/7707 4634/7707 4686/7706
f 4634/7707 5004/7516 4686/7706
f 5004/7516 5007/7515 4686/7706
f 5007/7004 4569/7005 4686/6849
f 4686/6849 4569/7005 4210/6768
f 4569/7206 4206/7498 4210/7499
f 4479/6880 4686/6742 4122/6879
f 4686/6742 4210/6839 4122/6879
f 4122/6752 4210/6711 4121/6751
f 4210/6711 4206/6710 4121/6751
f 4206/7036 3683/6817 4121/7006
f 3683/6817 3915/6816 4121/7006
f 4121/7006 3915/6816 4281/6975
f 4249/7309 4162/7309 4095/7308
f 4162/7309 4044/7308 4095/7308
f 4044/6331 4235/6275 4095/6331
f 4095/6331 4235/6275 4275/6275
f 4507/6050 4351/6207 4364/6207
f 4351/6226 4275/6275 4364/6226
f 4275/6275 4235/6275 4364/6226
f 4364/6226 4235/6275 4037/6332
f 4235/6275 4044/6331 4037/6332
f 4044/7308 4162/7309 4037/6918
f 4037/6918 4162/7309 4228/7096
f 4228/7096 4162/7309 4314/7310
f 4162/7309 4249/7309 4314/7310
f 4249/7309 4316/7310 4314/7310
f 4462/6270 4314/6408 4545/6454
f 4314/6408 4316/6408 4545/6454
f 4316/6408 4507/6454 4545/6454
f 4507/6050 4364/6207 4545/6050
f 4545/6050 4364/6207 4399/6209
f 4364/6226 4037/6332 4399/6218
f 4399/7684 4037/7709 4326/7613
f 4037/7709 3967/7620 4326/7613
f 4330/7718 4326/7643 3965/7717
f 4326/7643 3967/7642 3965/7717
f 3967/6917 4037/6918 3965/6893
f 3965/6893 4037/6918 4281/6881
f 4037/6918 4228/7096 4281/6881
f 4228/7096 4314/7310 4281/6881
f 4314/6408 4462/6270 4281/6054
f 4281/6054 4462/6270 4560/6148
f 4462/6270 4545/6454 4560/6148
f 4545/6050 4399/6209 4560/6108
f 4399/6209 4326/6253 4560/6108
f 4326/6253 4330/6254 4560/6108
f 4604/7449 4683/7449 4607/7449
f 4607/7449 4683/7449 4680/7449
f 4680/7449 4683/7449 5255/7323
f 5255/7323 4683/7449 5267/7323
f 4683/7449 4476/7621 5267/7323
f 4476/7621 4560/7677 5267/7323
f 5267/7132 4560/6819 4966/6883
f 4568/6937 4966/7122 4515/6875
f 4966/6883 4560/6819 4515/6665
f 4185/6664 4515/6875 4245/6745
f 4515/6665 4560/6819 4245/6509
f 4560/6819 4330/6642 4245/6509
f 4245/6509 4330/6642 4086/6402
f 4330/6235 3965/6159 4086/6374
f 4086/6374 3965/6159 3881/6311
f 3881/6311 3965/6159 3620/6214
f 3965/7486 4281/7271 3620/7715
f 4281/7271 3915/7455 3620/7715
f 3915/6047 3615/6262 3620/6263
f 3620/7593 3615/7594 3179/7540
f 3615/7594 3130/7541 3179/7540
f 3114/6327 3179/6194 3307/6327
f 3290/6327 3307/6327 3159/6194
f 3307/6327 3179/6194 3159/6194
f 3159/6194 3179/6194 3160/6194
f 3160/7540 3179/7540 3276/7540
f 3276/7540 3179/7540 3115/7541
f 3179/7540 3130/7541 3115/7541
f 3130/6695 3294/6653 3115/6695
f 3115/6695 3294/6653 3180/6653
f 3180/7482 3294/7482 3143/7483
f 3294/7482 3249/7483 3143/7483
f 3143/6669 3249/6669 3132/6669
f 3132/6669 3249/6669 3124/6669
f 3166/6750 3164/6750 3183/6750
f 3164/6750 3124/6669 3183/6750
f 3124/6669 3249/6669 3183/6750
f 3249/6669 3683/6817 3183/6750
f 3683/6817 4206/7036 3183/6750
f 3183/6750 4206/7036 3871/6976
f 4206/6426 4575/6222 3871/6539
f 4575/6222 4534/6221 3871/6539
f 4534/6221 4207/6326 3871/6539
f 4207/6673 4212/6644 3871/6672
f 4212/6644 4205/6580 3871/6672
f 4205/6580 4203/6457 3871/6672
f 4203/6457 3857/6456 3871/6672
f 4288/7053 3871/7052 3858/7082
f 3858/6672 3871/6672 3795/6672
f 3795/6672 3871/6672 3787/6672
f 3871/6672 3857/6456 3787/6672
f 3787/6672 3857/6456 3802/6456
f 3802/7192 3857/7238 3765/7192
f 3857/7238 4127/7341 3765/7192
f 4127/7341 4076/7314 3765/7192
f 4076/7314 3916/7259 3765/7192
f 3765/7192 3916/7259 3118/7083
f 3916/7259 3950/7260 3118/7083
f 3118/7083 3950/7260 3191/7084
f 3950/7260 4394/7435 3191/7084
f 4394/7435 3790/7211 3191/7084
f 3790/7102 3800/7007 3191/7089
f 3118/7083 3191/7084 3189/7083
f 3189/7083 3191/7084 3110/7084
f 3339/6911 3345/6911 3142/6911
f 3345/6911 3110/7089 3142/6911
f 3110/7089 3191/7089 3142/6911
f 3142/6911 3191/7089 3782/6921
f 3191/7089 3800/7007 3782/6921
f 3800/7007 4129/6934 3782/6921
f 3782/7422 4129/7284 3333/7549
f 3333/7549 4129/7284 3704/7448
f 3678/7448 3704/7448 3702/7448
f 3702/7448 3704/7448 4126/7284
f 3704/7448 4129/7284 4126/7284
f 4126/6934 4129/6934 4149/6934
f 4149/6934 4129/6934 4171/6934
f 4171/6934 4129/6934 4209/7121
f 4129/6934 4133/7121 4209/7121
f 4209/6317 4133/6317 5276/6730
f 4133/6317 5378/6730 5276/6730
f 5276/6730 5378/6730 5321/6729
f 5378/6730 5260/6729 5321/6729
f 5321/6681 5260/6681 5355/6872
f 5260/6681 5279/6872 5355/6872
f 5355/6872 5279/6872 5265/6872
f 5265/7054 5279/7054 5264/7054
f 5279/7054 5368/6923 5264/7054
f 5264/7054 5368/6923 5263/6923
f 5263/6923 5368/6923 5275/6923
f 5368/7653 5243/7581 5311/7581
f 5311/6765 5243/6765 5270/6829
f 5243/6765 5239/6829 5270/6829
f 5270/6363 5239/6363 5320/6437
f 5239/6363 5329/6437 5320/6437
f 5320/6437 5329/6437 5242/6437
f 5242/6437 5329/6437 5319/6437
f 5329/6145 5267/6435 5319/6145
f 5319/6145 5267/6435 5255/6435
f 5290/6373 5255/6213 5306/6373
f 5255/6213 5267/6213 5306/6373
f 5306/6373 5267/6213 5307/6373
f 5267/6213 5040/6364 5307/6373
f 5040/6364 4783/6596 5307/6373
f 5307/6373 4783/6596 5055/6609
f 4783/7279 4792/7109 5055/7175
f 5055/6919 4792/6731 5262/6928
f 4792/6731 4744/6718 5262/6928
f 4744/6718 4613/6610 5262/6928
f 5261/7678 5262/7678 5271/7678
f 5271/7678 5262/7678 5273/7644
f 5262/7678 4613/7679 5273/7644
f 5272/6256 5273/6257 5287/6256
f 5283/7570 5342/7580 5284/7580
f 5342/7580 5343/7580 5284/7580
f 5343/7580 5268/7580 5284/7580
f 5268/7580 5351/7571 5284/7580
f 5351/7571 5287/7571 5284/7580
f 5284/7580 5287/7571 5283/7570
f 5287/7571 5059/7443 5283/7570
f 5059/7443 4804/7292 5283/7570
f 5284/7580 5283/7570 5135/7580
f 5283/7570 4804/7292 5135/7580
f 5135/7580 4804/7292 4785/7292
f 4785/7292 4804/7292 4695/7245
f 4613/7246 4596/7245 4700/7246
f 4596/7245 4695/7245 4700/7246
f 4695/7245 4804/7292 4700/7246
f 4804/7292 5059/7443 4700/7246
f 5059/7443 5287/7571 4700/7246
f 4638/6060 4700/6115 4616/6060
f 4700/6115 5287/6256 4616/6060
f 5287/6256 5273/6257 4616/6060
f 5273/7644 4613/7679 4616/7645
f 4616/7645 4613/7679 4693/7645
f 4693/7645 4613/7679 4673/7679
f 4673/7679 4613/7679 4713/7679
f 4713/6610 4613/6610 4611/6610
f 4611/6610 4613/6610 4303/6481
f 4246/7112 4242/7111 4301/7112
f 4045/7131 3817/7130 4043/7185
f 4043/7185 3817/7130 3811/7184
f 4024/6192 4021/6193 3976/6192
f 4021/6193 3971/6193 3976/6192
f 3971/6193 3811/6164 3976/6192
f 3811/6164 3817/6163 3976/6192
f 4252/6224 3976/6300 4305/6224
f 3976/6300 3817/6330 4305/6224
f 4305/6224 3817/6330 4365/6223
f 3817/6330 4045/6324 4365/6223
f 4045/7589 4043/7675 4365/7590
f 4043/7675 4372/7676 4365/7590
f 4372/7160 4301/7112 4365/7159
f 4365/7159 4301/7112 4305/7111
f 4301/7112 4242/7111 4305/7111
f 4242/7111 4258/7111 4305/7111
f 4258/6481 4303/6481 4305/6481
f 4303/6481 4613/6610 4305/6481
f 4613/6610 4744/6718 4305/6481
f 4744/6718 4792/6731 4305/6481
f 4305/6481 4792/6731 4365/6528
f 4792/7109 4542/7218 4365/7178
f 4542/7218 4502/7257 4365/7178
f 4365/7178 4502/7257 4045/7322
f 4502/6766 4568/6937 4045/6559
f 4568/6937 4515/6875 4045/6559
f 4515/6875 4185/6664 4045/6559
f 4045/6559 4185/6664 3817/6423
f 4185/6664 4245/6745 3817/6423
f 4245/6745 4086/6650 3817/6423
f 4086/6374 3881/6311 3817/6558
f 3881/6311 3620/6214 3817/6558
f 3817/6558 3620/6214 3656/6333
f 3620/6214 3179/6194 3656/6333
f 3179/6194 3114/6327 3656/6333
f 2275/6953 2305/6953 2280/6953
f 2280/6953 2305/6953 2303/6953
f 2303/6953 2305/6953 2440/6896
f 2305/6953 2435/6896 2440/6896
f 2440/6896 2435/6896 2454/6896
f 2454/6896 2435/6896 2462/6896
f 3144/6052 3264/6052 3195/6053
f 3195/6053 3264/6052 3227/6053
f 3227/6053 3264/6052 2707/6179
f 3264/6052 3103/6109 2707/6179
f 2707/6179 3103/6109 2669/6191
f 2669/6191 3103/6109 2782/6166
f 2900/6166 2782/6166 3077/6109
f 2782/6166 3103/6109 3077/6109
f 3077/7470 3103/7470 3070/7469
f 3070/7469 3103/7470 3120/7469
f 3103/7470 3264/7457 3120/7469
f 3120/7469 3264/7457 3316/7456
f 3316/7456 3264/7457 3216/7451
f 3264/7457 3144/7457 3216/7451
f 3295/6157 3133/6058 3129/6156
f 3133/6058 3293/6057 3129/6156
f 2465/6184 2438/6184 2626/6233
f 2626/6233 2438/6184 2659/6233
f 2438/6184 2608/6211 2659/6233
f 2625/7090 2657/7090 2464/7186
f 2464/7186 2657/7090 2435/7186
f 2657/7090 2499/7150 2435/7186
f 2193/7137 2030/7237 2209/7110
f 2030/7237 2038/7220 2209/7110
f 2038/6954 2372/6791 2209/6858
f 2305/6953 2193/7023 2435/6896
f 2627/6319 2657/6319 2630/6319
f 2630/6319 2657/6319 2656/6319
f 2656/6319 2657/6319 2757/6289
f 2943/6289 2890/6289 2761/6289
f 2890/6289 2757/6289 2761/6289
f 2757/6289 2657/6319 2761/6289
f 2761/6289 2657/6319 2668/6305
f 3268/6365 3282/6365 3267/6365
f 3297/6339 3281/6339 3298/6339
f 3281/6339 3267/6365 3298/6339
f 3267/6365 3282/6365 3298/6339
f 3298/6339 3282/6365 2703/6255
f 3282/6365 2937/6346 2703/6255
f 2937/7522 2704/7550 2703/7386
f 2704/7550 2668/7609 2703/7386
f 2668/7609 2657/7714 2703/7386
f 2657/7714 2499/7686 2703/7386
f 2499/6878 2435/6896 2703/6990
f 2435/6896 2193/7023 2703/6990
f 2193/7137 2209/7110 2703/6784
f 2703/6784 2209/7110 2698/6775
f 3131/6186 3246/6165 3155/6186
f 3246/6165 2698/6227 3155/6186
f 3155/6186 2698/6227 2722/6265
f 2698/6611 2209/6858 2722/6599
f 2209/6858 2372/6791 2722/6599
f 2722/6599 2372/6791 2346/6800
f 2346/6800 2372/6791 1938/6992
f 2372/6791 2038/6954 1938/6992
f 1935/6992 1938/6992 1980/6992
f 1938/6992 2038/6954 1980/6992
f 2038/7220 2030/7237 1980/7220
f 1980/7220 2030/7237 1979/7237
f 1979/6634 2030/6634 2002/6634
f 2002/6634 2030/6634 2029/6634
f 2029/6634 2030/6634 2285/6689
f 2314/6689 2309/6689 2275/6689
f 2309/6689 2285/6689 2275/6689
f 2285/6689 2030/6634 2275/6689
f 2030/6634 2193/6641 2275/6689
f 2310/7708 2305/7674 2283/7708
f 2305/7674 2275/7674 2283/7708
f 2275/7674 2193/7579 2283/7708
f 2300/7138 2283/7151 2311/7138
f 2311/7138 2283/7151 2209/7182
f 2283/7708 2193/7579 2209/7599
f 2197/6796 2180/6805 2434/6663
f 2578/6427 2434/6340 2999/6569
f 2999/6569 2434/6340 2658/6469
f 2595/6442 2632/6459 2386/6320
f 2632/6459 2658/6469 2386/6320
f 2658/6469 2434/6340 2386/6320
f 2434/6663 2180/6805 2386/6690
f 2180/6805 2028/6859 2386/6690
f 2028/6859 1921/6902 2386/6690
f 2386/6690 1921/6902 2252/6776
f 2373/6443 2566/6271 2375/6290
f 2566/6271 2796/6142 2375/6290
f 2796/6142 2228/6187 2375/6290
f 2375/6290 2228/6187 1825/6335
f 1937/6772 1826/6956 1355/6865
f 1266/6793 1355/6790 1233/6466
f 1233/6466 1355/6790 1287/6434
f 1355/6061 1826/6208 1287/6169
f 1826/6208 1825/6210 1287/6169
f 1825/6335 2228/6183 1287/6280
f 2228/6183 2234/6173 1287/6280
f 2234/6732 2243/6744 1287/6518
f 2243/6744 2242/6754 1287/6518
f 1345/6518 1287/6518 1251/6529
f 1287/6518 2242/6754 1251/6529
f 2242/7429 2252/7600 1251/7711
f 2252/6776 1921/6902 1251/7045
f 1344/7045 1251/7045 1250/7045
f 1250/7045 1251/7045 1335/7045
f 1335/7045 1251/7045 1233/7045
f 1338/7044 1233/7045 1277/7044
f 1233/7045 1251/7045 1277/7044
f 1251/7045 1921/6902 1277/7044
f 1921/6902 2028/6859 1277/7044
f 2028/6859 2180/6805 1277/7044
f 1338/7044 1277/7044 1918/6901
f 1918/6901 1277/7044 1919/6901
f 1277/7044 2180/6805 1919/6901
f 2180/6805 2197/6796 1919/6901
f 1919/6901 2197/6796 2340/6719
f 2197/6796 2434/6663 2340/6719
f 2434/6663 2578/6597 2340/6719
f 2340/6719 2578/6597 2718/6505
f 2578/6427 2999/6569 2718/6516
f 3266/7037 3184/7037 3165/7037
f 3133/6058 3194/6057 3293/6057
f 3293/6057 3194/6057 3129/6156
f 3194/6057 3208/6156 3129/6156
f 3129/6156 3208/6156 3295/6157
f 3208/6156 3181/6157 3295/6157
f 3295/6157 3181/6157 3133/6058
f 3181/6157 3342/6058 3133/6058
f 3342/6058 3334/6058 3133/6058
f 3334/7018 3327/7018 3133/7018
f 3327/7018 3165/7037 3133/7018
f 3165/7037 3184/7037 3133/7018
f 3184/7037 2718/6922 3133/7018
f 3133/6625 2718/6516 3291/6624
f 2718/6516 2999/6569 3291/6624
f 3291/6624 2999/6569 3127/6623
f 2999/6569 2658/6469 3127/6623
f 2658/6469 2632/6459 3127/6623
f 2632/6459 2595/6442 3127/6623
f 3229/7688 3176/7687 3275/7719
f 3275/6117 3176/6129 3321/6062
f 3176/6129 3127/6130 3321/6062
f 2895/6568 3037/6568 3005/6568
f 3037/6568 3127/6623 3005/6568
f 3127/6623 2595/6442 3005/6568
f 2595/6442 2524/6401 3005/6568
f 2524/6912 2242/7070 3005/6733
f 2242/6753 2243/6744 3005/6882
f 2243/6744 2234/6732 3005/6882
f 2917/6882 3005/6882 2875/6857
f 3005/6882 2234/6732 2875/6857
f 2234/6170 2228/6183 2875/6064
f 2228/6183 2796/6142 2875/6064
f 2993/6055 2985/6318 2824/6110
f 2985/6318 2875/6353 2824/6110
f 2875/6064 2796/6142 2824/6366
f 2796/6142 2566/6271 2824/6366
f 2566/6271 2373/6443 2824/6366
f 2373/6443 2389/6443 2824/6366
f 2920/6366 2824/6366 2381/6443
f 2824/6366 2389/6443 2381/6443
f 2381/6443 2389/6443 1981/6517
f 2389/6443 2373/6443 1981/6517
f 1355/6865 1644/6865 1950/6769
f 1644/6865 1981/6769 1950/6769
f 1981/6517 2373/6443 1950/6517
f 2373/6443 2375/6290 1950/6517
f 2375/6290 1825/6335 1950/6517
f 1825/6824 1826/6828 1950/6769
f 1826/6828 1937/6772 1950/6769
f 1937/6772 1355/6865 1950/6769
f 2042/6249 2027/6236 1301/6059
f 4538/2562 4544/2564 4364/2497
f 4364/2497 4544/2564 4361/2493
f 4361/2362 4544/2360 4295/2285
f 4544/2918 4538/2916 4295/3041
f 4295/3041 4538/2916 4314/3033
f 4225/2160 4314/2097 4316/2097
f 4314/3033 4538/2916 4316/3033
f 4316/3033 4538/2916 4501/2916
f 4538/2562 4364/2497 4501/2562
f 4501/2562 4364/2497 4351/2497
f 4351/2407 4364/2407 4102/2482
f 4102/2482 4364/2407 4044/2482
f 4364/2407 4361/2411 4044/2482
f 4044/2482 4361/2411 4039/2488
f 4361/2362 4295/2285 4039/2284
f 4039/2209 4295/2104 4161/2160
f 4295/2104 4314/2097 4161/2160
f 4314/2097 4225/2160 4161/2160
f 4225/2160 4102/2206 4161/2160
f 4102/2206 4044/2206 4161/2160
f 3118/3047 3189/3047 3270/3046
f 3189/3047 3254/3046 3270/3046
f 3254/3046 3136/3046 3270/3046
f 4133/2402 3790/2344 4394/2296
f 3338/2986 3142/2986 3128/2986
f 3678/2100 3665/2100 3704/2100
f 3665/2100 3663/2099 3704/2100
f 3663/2099 3701/2099 3704/2100
f 3704/2100 3701/2099 3333/2217
f 3701/2099 3121/2216 3333/2217
f 3121/2216 3192/2216 3333/2217
f 3192/2216 3122/2217 3333/2217
f 3122/2217 3212/2217 3333/2217
f 3212/3042 3210/3042 3333/3042
f 3210/3042 3128/2986 3333/3042
f 3128/2986 3142/2986 3333/3042
f 3142/2986 3782/2921 3333/3042
f 5255/2600 5267/2600 4659/2706
f 4585/2706 4591/2706 4634/2706
f 4591/2706 4659/2706 4634/2706
f 4659/2706 5267/2600 4634/2706
f 5267/2600 5006/2569 4634/2706
f 5008/2926 5006/2927 4569/2808
f 5006/2927 4575/2809 4569/2808
f 2761/2648 2782/2602 2893/2635
f 3316/2601 2893/2635 3265/2554
f 2893/2635 2782/2602 3265/2554
f 3316/2601 3265/2554 3088/2601
f 3088/2601 3265/2554 3090/2554
f 3090/2554 3265/2554 2900/2602
f 3265/2554 2782/2602 2900/2602
f 2900/2602 2782/2602 2943/2648
f 2782/2602 2761/2648 2943/2648
f 2761/2648 2890/2648 2943/2648
f 2014/3186 2009/3018 2048/3186
f 1252/3185 1347/3185 1389/3017
f 1389/3017 1347/3185 1212/3017
f 1212/3017 1347/3185 2056/3018
f 1347/3185 2048/3186 2056/3018
f 2048/3186 2009/3018 2056/3018
f 2009/3018 2008/3018 2056/3018
f 2553/2516 2545/2516 2531/2522
f 2504/2516 2553/2516 2489/2523
f 2553/2516 2543/2523 2489/2523
f 2489/2523 2543/2523 2509/2523
f 2543/2523 2542/2523 2509/2523
f 2604/2906 2651/2906 2465/2866
f 2465/2866 2651/2906 2446/2866
f 2651/2906 2675/2949 2446/2866
f 2675/2949 2660/2974 2446/2866
f 2446/2866 2660/2974 2411/2889
f 2660/2974 2485/2956 2411/2889
f 3189/2781 3118/2781 3254/2922
f 3118/2781 3270/2922 3254/2922
f 3254/2922 3270/2922 3136/2922
f 2483/3139 2582/3151 2409/3198
f 2409/3198 2582/3151 2435/3226
f 2582/3151 2667/3184 2435/3226
f 2464/3226 2435/3226 2603/3270
f 2603/3270 2435/3226 2646/3270
f 2667/3184 2671/3219 2646/3270
f 2431/2812 2423/2811 2686/3005
f 2684/3005 2686/3005 2711/3005
f 2711/3005 2686/3005 2753/3005
f 2753/3005 2686/3005 2765/3010
f 2686/3005 2700/3010 2765/3010
f 2765/3010 2700/3010 2752/3010
f 2752/3010 2700/3010 2694/3010
f 2664/3004 2694/3010 2690/3004
f 2694/3010 2700/3010 2690/3004
f 2700/3010 2686/3005 2690/3004
f 2686/3005 2423/2811 2690/3004
f 2690/3004 2423/2811 2430/2810
f 2430/2264 2423/2314 2143/2257
f 2390/2660 2387/2659 2151/2771
f 2387/2659 2143/2770 2151/2771
f 2143/2257 2423/2314 2151/2384
f 2423/2314 2431/2387 2151/2384
f 2307/3085 2306/3155 2039/3087
f 2039/3087 2306/3155 2044/3222
f 2044/3222 2306/3155 2304/3221
f 2304/2649 2306/2650 2531/2522
f 2553/2516 2531/2522 2543/2523
f 2531/2522 2306/2650 2543/2523
f 2306/2650 2307/2651 2543/2523
f 2264/2802 2275/2674 2311/2802
f 2311/2802 2275/2674 2305/2674
f 2275/2665 2293/2665 2305/2665
f 2259/2665 2305/2665 2275/2665
f 2305/2665 2297/2542 2275/2665
f 2297/2542 2265/2542 2275/2665
f 2265/2542 2554/2550 2275/2665
f 2554/2550 2556/2661 2275/2665
f 1292/2224 1197/2224 1253/2225
f 1253/2225 1197/2224 1362/2225
f 2018/2330 2014/2331 1972/2330
f 2014/2331 1969/2331 1972/2330
f 1969/2331 1362/2225 1972/2330
f 1362/2225 1197/2224 1972/2330
f 3144/2907 3265/2907 3336/2914
f 3265/2907 3316/2914 3336/2914
f 3168/2780 3282/2780 3299/2780
f 3282/2780 3187/2768 3299/2780
f 3299/2780 3187/2768 3309/2769
f 3187/2768 3227/2769 3309/2769
f 3187/2768 3282/2780 3227/2769
f 3227/2769 3282/2780 3619/2849
f 3282/2780 3618/2848 3619/2849
f 3618/2848 3577/2890 3619/2849
f 3577/2890 3316/2914 3619/2849
f 3316/2914 3265/2907 3619/2849
f 3329/2601 3316/2601 3161/2554
f 3161/2554 3316/2601 3265/2554
f 3265/2907 3316/2914 3079/2907
f 3079/2907 3316/2914 3086/2914
f 3086/2914 3316/2914 3100/2914
f 3316/2914 3302/2914 3100/2914
f 3802/2397 3857/2397 3813/2510
f 3788/2510 3813/2510 3871/2510
f 3813/2510 3857/2397 3871/2510
f 3857/2397 3152/2396 3871/2510
f 3871/2510 3152/2396 3183/2509
f 3152/2396 3244/2396 3183/2509
f 3244/2396 3280/2509 3183/2509
f 3280/2509 3166/2509 3183/2509
f 4247/2838 4301/2838 4021/2752
f 4021/2752 4301/2838 3971/2752
f 4301/2838 4372/2862 3971/2752
f 3971/2752 4372/2862 3811/2746
f 4372/2862 4043/2863 3811/2746
f 3244/2464 3245/2464 3117/2552
f 3117/2552 3245/2464 3199/2552
f 3245/2464 3755/2471 3199/2552
f 3755/2471 3761/2547 3199/2552
f 5290/2335 5306/2335 5251/2435
f 5261/2435 5251/2435 5262/2435
f 5251/2435 5306/2335 5262/2435
f 5306/2335 5307/2335 5262/2435
f 5307/2335 5055/2378 5262/2435
f 4123/2935 4121/2934 4479/3079
f 4604/2218 4601/2219 4683/2218
f 4601/2219 4686/2219 4683/2218
f 4686/2219 4479/2102 4683/2218
f 4683/2218 4479/2102 4476/2101
f 4479/3079 4121/2934 4476/3078
f 4560/2458 4476/2419 4281/2379
f 4476/2419 4121/2336 4281/2379
f 3656/2248 3114/2277 3818/2154
f 3114/2277 3127/2199 3818/2154
f 3818/2154 3127/2199 3976/2103
f 3976/2103 3127/2199 3321/2199
f 3290/2277 3321/2199 3308/2277
f 3321/2199 3127/2199 3308/2277
f 3127/2199 3114/2277 3308/2277
f 2627/2656 2626/2655 2657/2656
f 2626/2655 2659/2655 2657/2656
f 2659/2655 2608/2700 2657/2656
f 2657/2656 2608/2700 2499/2720
f 2608/2700 2438/2741 2499/2720
f 2499/2720 2438/2741 2435/2742
f 2435/2742 2438/2741 2462/2742
f 2438/2741 2465/2741 2462/2742
f 2900/2518 2943/2517 2782/2518
f 2943/2517 2761/2517 2782/2518
f 1917/2425 1938/2424 1949/2425
f 1980/2425 1985/2426 1917/2425
f 1917/2425 1985/2426 1919/2426
f 1985/2426 1970/2426 1919/2426
f 1970/2426 1918/2426 1919/2426
f 2275/2237 2281/2229 2305/2237
f 2281/2229 2311/2229 2305/2237
f 3797/3180 3815/3180 3761/3180
f 3815/3180 3802/3181 3761/3180
f 3802/3181 3765/3181 3761/3180
f 3765/3181 3118/3047 3761/3180
f 3761/3180 3118/3047 3270/3046
f 3118/2781 2585/2787 3270/2922
f 3270/2922 2585/2787 2587/2919
f 2585/2799 2311/2802 2587/2682
f 2587/2682 2311/2802 2305/2674
f 2305/2237 2311/2229 2193/2286
f 2311/2229 2209/2276 2193/2286
f 3297/2098 3298/2098 3312/2098
f 3312/2098 3298/2098 3131/2227
f 3131/2227 3298/2098 3246/2227
f 3246/2227 3298/2098 2698/2223
f 3298/2098 2703/2105 2698/2223
f 3070/3124 3120/3124 2946/3057
f 2946/3057 3120/3124 2761/3057
f 3120/3124 2668/3016 2761/3057
f 2782/2518 2761/2517 2670/2549
f 2761/2517 2668/2548 2670/2549
f 2670/2549 2668/2548 2707/2571
f 2668/2548 2704/2570 2707/2571
f 2704/2570 2937/2604 2707/2571
f 2707/2571 2937/2604 3227/2641
f 3195/2641 3227/2641 3168/2652
f 3268/2652 3168/2652 3282/2652
f 3168/2652 3227/2641 3282/2652
f 3227/2641 2937/2604 3282/2652
f 3188/3133 3282/3133 3216/3132
f 3282/3133 2937/3082 3216/3132
f 3120/3124 3316/3131 3216/3132
f 2386/3152 2252/3084 2595/3248
f 2595/3248 2252/3084 2524/3214
f 2252/3084 2242/3083 2524/3214
f 2340/2287 2343/2280 1919/2426
f 1917/2425 1919/2426 1938/2424
f 1919/2426 2343/2280 1938/2424
f 1938/2424 2343/2280 2346/2279
f 2346/2431 2343/2489 2722/2432
f 3131/2759 3153/2759 3167/2758
f 3266/2758 3167/2758 3185/2758
f 3167/2758 3153/2759 3185/2758
f 3153/2759 2722/2658 3185/2758
f 3185/2758 2722/2658 2718/2657
f 2722/2432 2343/2489 2718/2540
f 2343/2489 2340/2539 2718/2540
f 4039/2209 4161/2160 4044/2206
f 6392/6388 6361/6397 6378/6389
f 6361/6397 6638/6473 6378/6389
f 6638/7306 6388/7369 6378/7299
f 6751/6676 6998/6430 6727/6707
f 6727/6704 6998/6932 6732/6705
f 6372/6903 6733/6888 6361/7091
f 6799/6968 6361/7091 7002/6850
f 6361/7091 6733/6888 7002/6850
f 6733/6997 6730/6987 7002/6996
f 6730/7444 6754/7445 7002/7241
f 7002/6826 6754/6876 7045/6803
f 6754/7445 6749/7458 7045/7232
f 6749/6723 6732/6705 7045/6982
f 6732/6705 6998/6932 7045/6982
f 7045/6982 6998/6932 7047/6981
f 6998/6430 6751/6676 7047/6386
f 7047/6386 6751/6676 6722/6676
f 6722/6676 6751/6676 6395/6933
f 6751/6676 6727/6707 6395/6933
f 6727/6067 6732/6228 6395/6068
f 6389/6068 6395/6068 6372/6368
f 6372/6368 6395/6068 6379/6368
f 6395/6068 6732/6228 6379/6368
f 6732/6228 6749/6367 6379/6368
f 6749/7458 6754/7445 6379/7728
f 6374/7728 6379/7728 6375/7669
f 6379/7728 6754/7445 6375/7669
f 6754/7445 6730/7444 6375/7669
f 6730/6987 6733/6997 6375/6983
f 6733/6997 6372/6998 6375/6983
f 6375/6983 6372/6998 6343/6998
f 6343/6998 6372/6998 6404/6998
f 6404/6903 6372/6903 6398/6903
f 6372/6903 6361/7091 6398/6903
f 6398/6903 6361/7091 6387/7091
f 6387/6397 6361/6397 6364/6397
f 6361/6397 6392/6388 6364/6397
f 6364/6397 6392/6388 6367/6389
f 6392/6388 6378/6389 6367/6389
f 6378/7299 6388/7369 6367/7299
f 6367/7299 6388/7369 6354/7369
f 6354/6957 6388/6957 6373/6907
f 6373/6907 6388/6957 6368/6907
f 6388/6957 6638/6970 6368/6907
f 6638/7724 6361/7656 6368/7597
f 6361/7091 6799/6968 6368/7164
f 6365/7164 6368/7164 6797/6968
f 6368/7164 6799/6968 6797/6968
f 6797/7294 6799/7294 6811/7294
f 6811/7294 6799/7294 6839/7294
f 6839/7294 6799/7294 6795/7282
f 6799/7294 7002/7295 6795/7282
f 6813/7430 6795/7460 6854/7430
f 6795/7460 7002/7359 6854/7430
f 7002/7402 7045/7425 6854/7380
f 6801/7153 6806/7154 6860/7153
f 6806/7154 6854/7154 6860/7153
f 6854/7154 7045/7032 6860/7153
f 7045/7032 7047/7031 6860/7153
f 6808/7153 6860/7153 6987/7031
f 6860/7153 7047/7031 6987/7031
f 7047/6386 6722/6676 6987/6386
f 6987/6386 6722/6676 6715/6676
f 6715/6676 6722/6676 6311/6933
f 6722/6676 6395/6933 6311/6933
f 6228/7640 6032/7404 6157/7556
f 6032/7404 5841/7166 6157/7556
f 5712/6675 5720/6748 5829/6614
f 5720/6748 5844/6656 5829/6614
f 5880/7272 5990/7273 5795/7163
f 5795/7163 5990/7273 5873/7171
f 5873/6540 5990/6541 5991/6487
f 5990/6274 5880/6273 5991/6296
f 5991/6296 5880/6273 5881/6295
f 5881/6382 5880/6445 5796/6383
f 5880/6445 5795/6446 5796/6383
f 5795/7627 5873/7626 5796/7730
f 5796/7730 5873/7626 5875/7729
f 5873/6540 5991/6487 5875/6486
f 5875/6405 5991/6296 5796/6404
f 5991/6296 5881/6295 5796/6404
f 5218/6586 5191/6586 6031/6969
f 6079/6479 6061/6479 6037/6479
f 5791/6379 6059/6278 5792/6310
f 5669/6281 5792/6310 5786/6196
f 5792/6310 6059/6278 5786/6196
f 6051/7689 6037/7690 6071/7689
f 6037/7690 5788/7395 6071/7689
f 5788/7395 5787/7389 6071/7689
f 5787/6101 5786/6196 6071/6102
f 5786/6196 6059/6278 6071/6102
f 6027/6102 6071/6102 6026/6102
f 6071/6102 6059/6278 6026/6102
f 6026/6102 6059/6278 6002/6102
f 6002/6102 6059/6278 6009/6278
f 6014/6380 6009/6278 6065/6380
f 6009/6278 6059/6278 6065/6380
f 6059/6278 5791/6379 6065/6380
f 5791/6379 5781/6379 6065/6380
f 6379/7176 6226/7379 6298/7194
f 6298/7194 6226/7379 6065/7587
f 6016/7357 6014/7723 6071/7317
f 6014/7587 6065/7587 6071/7586
f 6065/7587 6226/7379 6071/7586
f 6226/7379 6379/7176 6071/7586
f 5839/7040 5832/7039 5719/7165
f 5719/7165 5832/7039 5711/7155
f 5711/7332 5832/7412 5829/7667
f 5832/6699 5839/6613 5829/6698
f 5829/6698 5839/6613 5844/6612
f 5844/6500 5839/6499 5720/6604
f 5839/6499 5719/6603 5720/6604
f 5720/6484 5719/6485 5712/6376
f 5719/6485 5711/6377 5712/6376
f 5711/7332 5829/7667 5712/7585
f 5881/7617 5796/7618 5823/7520
f 5823/7365 6120/7179 5991/7252
f 5590/7588 5684/7628 5607/7524
f 5604/6511 5607/6578 5687/6512
f 5607/6578 5684/6579 5687/6512
f 5684/6451 5590/6452 5687/6384
f 5626/7725 5687/7413 5617/7639
f 5617/7639 5687/7413 5591/7511
f 5687/6384 5590/6452 5591/6385
f 5203/7692 5591/7647 5222/7691
f 5591/7647 5590/7646 5222/7691
f 5222/7555 5590/7588 5198/7513
f 5590/7588 5607/7524 5198/7513
f 5198/6153 5607/6154 5173/6070
f 5607/6154 5604/6071 5173/6070
f 5173/7366 5604/7305 5166/7188
f 5182/7726 5170/7727 5645/7575
f 5645/7721 5170/7519 5644/7720
f 5170/7519 5166/7518 5644/7720
f 5166/7188 5604/7305 5644/7092
f 5604/7305 5687/7413 5644/7092
f 5889/7156 5644/7092 5895/7156
f 5923/7335 5895/7156 5699/7488
f 5895/7156 5644/7092 5699/7488
f 5644/7092 5687/7413 5699/7488
f 5687/7413 5626/7725 5699/7488
f 5626/7076 5709/7024 5699/7115
f 5712/7075 5699/7115 5720/7020
f 5699/7115 5709/7024 5720/7020
f 5844/6760 5720/6807 5855/6728
f 5720/6807 5709/6804 5855/6728
f 5709/6924 5697/6971 5855/6812
f 5697/6628 5875/6780 5855/6822
f 5994/7026 5855/6822 6118/7025
f 5855/6822 5875/6780 6118/7025
f 6118/6677 5875/6396 6131/6658
f 5875/6396 5991/6387 6131/6658
f 6131/6658 5991/6387 6165/6657
f 6165/6657 5991/6387 6200/6685
f 6361/6958 6200/6685 6406/6700
f 6200/6685 5991/6387 6406/6700
f 5991/6387 6120/6431 6406/6700
f 6120/6431 6219/6480 6406/6700
f 6406/6861 6219/6799 6215/6806
f 6229/6811 6215/6806 6071/6767
f 6033/6767 6071/6767 6002/6736
f 6071/6767 6215/6806 6002/6736
f 6215/6806 6219/6799 6002/6736
f 6219/7085 6120/7179 6002/7193
f 6120/7179 5823/7365 6002/7193
f 6048/7193 6002/7193 6025/7193
f 6025/7193 6002/7193 6016/7193
f 6016/7193 6002/7193 5822/7365
f 6002/7193 5823/7365 5822/7365
f 5822/7520 5823/7520 5218/7358
f 5218/7358 5823/7520 5191/7358
f 5823/7520 5796/7618 5191/7358
f 5796/6651 5875/6780 5191/6390
f 5875/6780 5697/6628 5191/6390
f 5697/6205 5709/6291 5191/6069
f 5709/6291 5626/6240 5191/6069
f 5626/6240 5617/6277 5191/6069
f 5617/6277 5591/6369 5191/6069
f 5591/6369 5203/6395 5191/6069
f 5191/6069 5203/6395 5218/6069
f 5218/6069 5203/6395 5196/6395
f 5196/6395 5203/6395 5197/6395
f 5197/7692 5203/7692 5228/7692
f 5228/7692 5203/7692 5216/7691
f 5203/7692 5222/7691 5216/7691
f 5222/7555 5198/7513 5216/7555
f 5216/7555 5198/7513 5156/7513
f 5156/6153 5198/6153 5181/6070
f 5198/6153 5173/6070 5181/6070
f 5181/7366 5173/7366 5172/7366
f 5172/7366 5173/7366 5232/7366
f 5173/7366 5166/7188 5232/7366
f 5232/7366 5166/7188 5199/7188
f 5199/7188 5166/7188 5200/7188
f 5200/7188 5166/7188 5159/7188
f 5159/7518 5166/7518 5229/7519
f 5166/7518 5170/7519 5229/7519
f 5170/7727 5182/7726 5229/7727
f 5229/7727 5182/7726 5206/7726
f 5206/7726 5182/7726 5624/7575
f 5182/7726 5645/7575 5624/7575
f 5645/7721 5644/7720 5624/7721
f 5624/7721 5644/7720 5622/7720
f 5622/7092 5644/7092 5629/7092
f 5629/7092 5644/7092 5646/7092
f 5646/7092 5644/7092 5887/7156
f 5644/7092 5889/7156 5887/7156
f 5889/6066 5895/6066 6223/6268
f 6301/7490 6329/7480 6294/7490
f 6595/7490 6313/7490 6316/7490
f 6294/7490 6329/7480 6316/7490
f 6316/7490 6329/7480 6368/7479
f 6228/7127 6368/7126 6408/7134
f 6368/7479 6329/7480 6408/7471
f 6408/7471 6329/7480 6388/7472
f 6388/6241 6329/6250 6347/6202
f 6361/7424 6347/7368 6290/7367
f 6347/6202 6329/6250 6290/6195
f 6155/6298 6290/6195 6233/6297
f 6290/6195 6329/6250 6233/6297
f 6329/6250 6301/6250 6233/6297
f 6301/6250 6247/6297 6233/6297
f 6233/7596 6247/7596 6228/7655
f 6247/7596 6249/7655 6228/7655
f 6249/7655 6244/7655 6228/7655
f 6244/7655 6223/7655 6228/7655
f 6223/6268 5895/6066 6228/6268
f 5895/6066 5923/6100 6228/6268
f 6228/6268 5923/6100 6032/6162
f 6032/7009 5923/7060 5841/7003
f 5923/7060 5699/7115 5841/7003
f 5699/7115 5712/7075 5841/7003
f 5712/7585 5829/7667 5841/7722
f 5829/6614 5844/6656 5841/6593
f 5844/7019 5855/7033 5841/7001
f 5855/6706 5994/6510 5841/6598
f 5841/6598 5994/6510 6157/6304
f 5994/6510 6118/6571 6157/6304
f 6157/6304 6118/6571 6291/6420
f 6118/6677 6131/6658 6291/6898
f 6131/6658 6165/6657 6291/6898
f 6165/6657 6200/6685 6291/6898
f 6200/6685 6361/6958 6291/6898
f 6361/7424 6290/7367 6291/7423
f 6291/6543 6290/6489 6157/6542
f 6290/6489 6155/6488 6157/6542
f 6155/7602 6233/7596 6157/7668
f 6233/7596 6228/7655 6157/7668
f 6157/7180 6228/7127 6291/7283
f 6228/7127 6408/7134 6291/7283
f 6291/7283 6408/7134 6361/7223
f 6361/7223 6408/7134 6393/7223
f 6393/7223 6408/7134 6351/7134
f 6351/7472 6408/7471 6354/7472
f 6408/7471 6388/7472 6354/7472
f 6354/6241 6388/6241 6402/6202
f 6388/6241 6347/6202 6402/6202
f 6402/7368 6347/7368 6387/7424
f 6347/7368 6361/7424 6387/7424
f 6387/6958 6361/6958 6414/6958
f 6414/6958 6361/6958 6353/6958
f 6361/6958 6406/6700 6353/6958
f 6353/6958 6406/6700 6399/6700
f 6399/6700 6406/6700 6405/6700
f 6405/6861 6406/6861 6410/6861
f 6410/6861 6406/6861 6376/6889
f 6406/6861 6215/6806 6376/6889
f 6215/6806 6229/6811 6376/6889
f 6344/7489 6376/7512 6350/7489
f 6376/7512 6229/7318 6350/7489
f 6229/7459 6071/7274 6350/7625
f 6071/7274 6379/7619 6350/7625
f 6406/7172 6350/7172 6390/7173
f 6390/7173 6350/7172 6362/7173
f 6350/7172 6379/7176 6362/7173
f 6379/7176 6298/7194 6362/7173
f 6362/7173 6298/7194 6320/7173
f 6320/7173 6298/7194 6287/7194
f 6298/7194 6065/7587 6287/7194
f 6287/7194 6065/7587 6019/7587
f 6065/6380 5781/6379 6019/6380
f 6019/6380 5781/6379 5776/6379
f 5128/6378 5781/6379 5194/6378
f 5781/6379 5791/6379 5194/6378
f 5791/6379 5792/6310 5194/6378
f 5792/6310 5669/6281 5194/6378
f 5190/6378 5194/6378 5161/6072
f 5161/6072 5194/6378 5180/6072
f 5194/6378 5669/6281 5180/6072
f 5669/6281 5786/6196 5180/6072
f 5786/6196 5787/6101 5180/6072
f 5787/7389 5788/7395 5180/7093
f 5169/7093 5180/7093 5215/7116
f 5180/7093 5788/7395 5215/7116
f 5217/6585 5174/6585 5161/6584
f 5215/7116 5161/7135 5168/7135
f 5168/7135 5161/7135 5231/7135
f 5231/6584 5161/6584 5227/6584
f 5161/6584 5174/6585 5227/6584
f 5227/6584 5174/6585 5165/6585
f 5165/6585 5174/6585 5218/6586
f 5218/6586 5174/6585 5191/6586
f 5174/6585 5217/6585 5191/6586
f 5191/6586 5217/6585 5782/6786
f 5217/6585 5161/6584 5782/6786
f 5161/7135 5215/7116 5782/7414
f 5782/7414 5215/7116 5783/7403
f 5215/7116 5788/7395 5783/7403
f 5783/6472 5788/6478 6026/6463
f 5788/6478 6037/6479 6026/6463
f 6037/6479 6061/6479 6026/6463
f 6061/6479 6068/6463 6026/6463
f 6068/6463 6057/6463 6026/6463
f 6057/6463 6031/6463 6026/6463
f 6031/6969 5191/6586 6026/6969
f 5191/6586 5782/6786 6026/6969
f 5783/6472 6026/6463 5782/6462
f 1703/8200 1107/8202 1510/8200
f 1107/8202 1023/8202 1510/8200
f 1500/8200 1510/8200 1509/8201
f 1509/8201 1510/8200 1543/8201
f 1510/8200 1023/8202 1543/8201
f 1516/8207 1543/8207 1507/8206
f 1481/8209 1507/8209 1527/8210
f 1527/8210 1507/8209 1499/8210
f 1191/8208 1499/8210 1057/8208
f 1057/8208 1499/8210 1172/8208
f 1499/8210 1507/8209 1172/8208
f 1507/8206 1543/8207 1172/8204
f 1104/8205 1172/8204 1024/8205
f 1172/8204 1543/8207 1024/8205
f 1543/8201 1023/8202 1024/8203
f 1024/8203 1023/8202 1173/8203
f 1173/8203 1023/8202 1170/8202
f 4858/6105 4873/6082 4896/6105
f 4867/6105 4896/6105 4943/6105
f 4896/6105 4873/6082 4943/6105
f 4873/6082 4979/6082 4943/6105
f 4924/6082 4954/6104 4979/6082
f 3500/6749 3358/6738 3499/6749
f 3497/6687 3358/6687 3389/6988
f 3389/6988 3358/6687 3383/6988
f 3383/6739 3358/6738 3500/6749
f 3500/6749 3409/6749 3383/6739
f 3409/6749 3389/6739 3383/6739
f 4890/6104 4954/6104 4912/6104
f 4912/6104 4954/6104 4937/6104
f 4982/6082 4937/6104 4979/6082
f 4937/6104 4954/6104 4979/6082
f 4979/6082 4954/6104 4943/6105
f 4943/6411 4954/6412 4858/6411
f 4954/6412 4847/6412 4858/6411
f 3417/6359 3495/6349 3408/6359
f 3428/6720 3422/6721 2717/6552
f 2717/6552 3422/6721 2702/6553
f 2702/7473 3422/7565 2565/7370
f 2565/7370 3422/7565 3374/7566
f 5525/7545 4823/7204 5118/7485
f 5120/7307 5003/7215 5009/7214
f 5118/6076 5009/6189 5119/6077
f 5009/6189 5003/6190 5119/6077
f 5119/7010 5003/6916 5488/6925
f 5003/7215 5120/7307 5488/7336
f 5488/6788 5120/6713 5435/6787
f 5435/7002 5120/7062 5462/7203
f 5120/7062 5009/7061 5462/7203
f 5009/7061 4589/7202 5462/7203
f 5462/7399 4589/7094 4595/7087
f 4277/7189 4031/7051 4828/7426
f 4031/7051 4297/7177 4828/7426
f 4824/6447 4828/6629 4495/6532
f 4495/6532 4828/6629 4143/6635
f 4828/7426 4297/7177 4143/7057
f 4143/7057 4297/7177 3716/6915
f 4297/7177 4031/7051 3716/6915
f 3716/6544 4031/6370 3711/6531
f 3711/6531 4031/6370 4038/6358
f 4031/7212 3662/7397 4038/7213
f 4038/7034 3662/6913 3427/6846
f 3427/6830 3662/6724 3511/6835
f 3511/6835 3662/6724 3661/6737
f 3662/7397 4031/7212 3661/7396
f 4031/7051 4277/7189 3661/6984
f 3661/6667 4277/6474 4075/6655
f 4277/6474 4828/6299 4075/6655
f 4828/6761 4824/6899 4075/6762
f 4075/6762 4824/6899 4079/6900
f 3392/7242 4079/6989 4084/6950
f 4079/7649 4824/7276 4084/7695
f 4824/7276 4594/7384 4084/7695
f 4594/7461 4595/7563 4084/7462
f 4084/7462 4595/7563 4071/7732
f 4595/7563 4589/7731 4071/7732
f 4589/7465 5009/7491 4071/7158
f 5009/7491 5118/7485 4071/7158
f 5118/7485 4823/7204 4071/7158
f 4823/7204 4150/7015 4071/7158
f 4071/7158 4150/7015 3445/6833
f 4150/7015 4139/7015 3445/6833
f 2254/6252 2261/6246 2514/6421
f 2514/6421 2261/6246 2519/6416
f 2598/6414 2555/6415 2321/6245
f 2555/6415 2519/6416 2321/6245
f 2519/6416 2261/6246 2321/6245
f 2410/6084 2321/6245 2206/6085
f 2206/6073 2321/6242 1999/6074
f 2321/6242 2261/6243 1999/6074
f 1999/6074 2261/6243 1942/6075
f 2261/6243 2254/6251 1942/6075
f 1942/6075 2254/6251 1929/6103
f 1929/6103 2254/6251 1930/6113
f 1943/6554 1930/6563 2270/6546
f 1930/6563 2254/6564 2270/6546
f 2467/6292 2474/6348 2231/6198
f 2231/6198 2474/6348 2230/6293
f 2474/6282 2367/6361 2230/6502
f 2230/6502 2367/6361 2096/6640
f 2096/6640 2367/6361 1936/6741
f 1873/6089 1936/6146 2150/6260
f 1873/6089 2150/6260 2167/6260
f 2167/6574 2150/6574 2382/6345
f 2150/6574 1936/6741 2382/6345
f 1936/6741 2367/6361 2382/6345
f 2382/6345 2367/6361 2808/6106
f 2367/6361 2474/6282 2808/6106
f 2474/6282 2467/6283 2808/6106
f 2808/6155 2467/6279 2475/6406
f 2467/6292 2231/6198 2475/6197
f 2231/6960 2262/6985 2475/7108
f 2475/7146 2262/7337 2484/7147
f 2484/7147 2262/7337 2516/7148
f 2262/7337 2256/7350 2516/7148
f 2516/7148 2256/7350 2522/7157
f 2256/7383 2270/7372 2522/7382
f 2522/7382 2270/7372 2515/7371
f 2515/7371 2270/7372 2520/7360
f 2270/7372 2254/7352 2520/7360
f 2254/7352 2514/7351 2520/7360
f 2520/6526 2514/6533 2957/6534
f 2514/6421 2519/6416 2957/6638
f 2519/6416 2555/6415 2957/6638
f 2555/6415 2598/6414 2957/6638
f 2957/6638 2598/6414 3445/6637
f 3445/6637 2598/6414 3040/6413
f 3040/6413 2598/6414 2691/6244
f 2598/6414 2321/6245 2691/6244
f 2321/6245 2410/6084 2691/6244
f 2691/6244 2410/6084 2621/6083
f 2621/7657 2410/7658 2505/7440
f 2106/7441 2505/7440 2102/7441
f 2505/7440 2410/7658 2102/7441
f 2410/7658 2206/7659 2102/7441
f 2206/7659 1999/7660 2102/7441
f 2102/7441 1999/7660 1534/7442
f 1999/7660 1942/7661 1534/7442
f 1942/7661 1929/7672 1534/7442
f 1929/7672 1930/7680 1534/7442
f 1534/7442 1930/7680 1615/7454
f 1930/7400 1943/7405 1615/7401
f 2270/6546 2256/6538 1943/6545
f 1943/6545 2256/6538 1931/6537
f 2256/7648 2262/7670 1931/7439
f 1931/7439 2262/7670 1932/7446
f 1932/7446 2262/7670 1944/7463
f 2262/7670 2231/7671 1944/7463
f 1944/7463 2231/7671 1910/7464
f 2231/7142 2230/7141 1910/7392
f 1910/7392 2230/7141 1908/7391
f 1908/7391 2230/7141 1830/7514
f 2230/6502 2096/6640 1830/6838
f 2096/6640 1936/6741 1830/6838
f 1936/6741 1873/6783 1830/6838
f 1830/6838 1873/6783 1814/6853
f 1814/6853 1873/6783 1648/6959
f 1470/7733 1648/7693 1728/7733
f 1648/6959 1873/6783 1728/6959
f 1728/6959 1873/6783 1904/6783
f 1873/6089 2167/6260 1904/6089
f 1904/6089 2167/6260 2192/6260
f 2192/6574 2167/6574 2417/6345
f 2167/6574 2382/6345 2417/6345
f 2950/6086 2417/6345 2858/6086
f 2417/6345 2382/6345 2858/6086
f 2382/6345 2808/6106 2858/6086
f 2957/6371 2968/6078 2807/6371
f 2968/6078 2858/6078 2807/6371
f 2858/6078 2808/6155 2807/6371
f 2808/6155 2475/6406 2807/6371
f 2475/7146 2484/7147 2807/6951
f 2484/7147 2516/7148 2807/6951
f 2867/6952 2807/6951 2958/6952
f 2807/6951 2516/7148 2958/6952
f 2516/7148 2522/7157 2958/6952
f 2522/6513 2515/6521 2958/6514
f 2515/6521 2520/6526 2958/6514
f 2520/6526 2957/6534 2958/6514
f 2958/6514 2957/6534 2780/6534
f 2780/6638 2957/6638 2843/6638
f 2843/6638 2957/6638 2952/6638
f 2952/6638 2957/6638 3439/6637
f 2957/6638 3445/6637 3439/6637
f 3439/6833 3445/6833 4138/7015
f 3445/6833 4139/7015 4138/7015
f 4138/7015 4139/7015 4822/7204
f 4139/7015 4150/7015 4822/7204
f 4150/7015 4823/7204 4822/7204
f 4822/7204 4823/7204 4893/7204
f 4893/7525 4823/7525 4926/7525
f 4926/7525 4823/7525 4812/7501
f 4867/6555 4812/6587 4943/6555
f 4152/6942 4896/6943 4164/6942
f 4164/6942 4896/6943 4406/6823
f 4406/6847 4407/6840 3873/6708
f 4407/6840 4381/6836 3873/6708
f 3873/6708 4381/6836 3868/6686
f 4381/6422 4408/6425 3868/6269
f 3383/6988 3667/6890 3883/7107
f 3667/6890 3868/6808 3883/7107
f 3883/6501 3868/6506 4257/6323
f 4257/6323 3868/6506 4401/6285
f 3868/6506 4408/6286 4401/6285
f 4401/6285 4408/6286 4567/6203
f 4567/6203 4408/6286 4943/6105
f 4408/6425 4381/6422 4943/6643
f 4928/6630 4943/6643 4869/6630
f 4943/6643 4381/6422 4869/6630
f 4381/6836 4407/6840 4869/7021
f 4407/6840 4406/6847 4869/7021
f 4406/6847 4896/7027 4869/7021
f 4869/7021 4896/7027 4941/7021
f 4941/7021 4896/7027 4971/7027
f 4971/7027 4896/7027 4960/7027
f 4960/7027 4896/7027 4968/7027
f 4968/6943 4896/6943 4872/6943
f 4872/6943 4896/6943 4163/6942
f 4896/6943 4152/6942 4163/6942
f 4163/6942 4152/6942 3439/6941
f 4152/6942 4164/6942 3439/6941
f 3439/6941 4164/6942 3445/6941
f 4164/6942 4406/6823 3445/6941
f 4406/6823 3873/6678 3445/6941
f 3873/6678 3496/6851 3445/6941
f 3445/6941 3496/6851 3439/6941
f 3439/6941 3496/6851 3476/6851
f 3476/6594 3496/6594 3397/6594
f 3397/6594 3496/6594 3477/6594
f 3477/6594 3496/6594 3429/6572
f 3496/6594 3873/6595 3429/6572
f 3873/6837 3868/6852 3429/6725
f 3498/6490 3429/6522 3358/6490
f 3429/6522 3868/6303 3358/6490
f 3868/6808 3667/6890 3358/6687
f 3667/6890 3383/6988 3358/6687
f 3358/6589 3510/6565 3478/6589
f 3510/6124 3497/6087 3478/6087
f 3478/6087 3497/6087 3398/6087
f 3398/6647 3497/6647 3396/6647
f 3439/6646 3396/6647 3445/6646
f 3396/6647 3497/6647 3445/6646
f 3439/6646 3445/6646 2886/6573
f 2798/6573 2843/6573 2888/6573
f 2843/6573 2886/6573 2888/6573
f 2886/6573 3445/6646 2888/6573
f 3445/6646 3497/6647 2888/6573
f 3497/6087 3510/6124 2888/6088
f 2888/6088 3510/6124 2807/6125
f 3510/6565 3358/6589 2807/6464
f 2968/7564 2886/7559 2816/7547
f 2886/6588 2807/6639 2816/6287
f 2807/6615 3358/6738 2816/6616
f 3358/6738 3383/6739 2816/6616
f 2816/6616 3383/6739 2904/6616
f 2904/6616 3383/6739 3594/6739
f 3383/6988 3883/7107 3594/6988
f 3594/6988 3883/7107 3884/7107
f 3883/6501 4257/6323 3884/6501
f 3884/6501 4257/6323 4193/6323
f 4193/6323 4257/6323 4890/6104
f 4890/6104 4257/6323 4954/6104
f 4257/6323 4401/6285 4954/6104
f 4401/6285 4567/6203 4954/6104
f 4567/6203 4943/6105 4954/6104
f 4890/6412 4954/6412 5253/6606
f 5253/6606 4954/6412 5567/6606
f 5513/7567 5567/7598 5517/7578
f 5517/7216 5567/7546 5538/7181
f 5567/6606 4954/6412 5538/6605
f 4954/6412 4943/6411 5538/6605
f 4943/6555 4812/6587 5538/6407
f 5538/7502 4812/7501 5526/7526
f 4812/7501 4823/7525 5526/7526
f 4823/7204 5525/7545 5526/7431
f 5574/7431 5526/7431 5518/7431
f 5518/7431 5526/7431 5517/7431
f 5526/7431 5525/7545 5517/7431
f 5517/7431 5525/7545 5515/7545
f 5515/7545 5525/7545 5524/7545
f 5524/7603 5525/7603 5534/7603
f 5534/7603 5525/7603 5544/7604
f 5544/7604 5525/7603 5431/7604
f 5525/7603 5118/7681 5431/7604
f 5118/7681 5119/7682 5431/7604
f 5545/6986 5431/6986 5551/6961
f 5431/6986 5119/7010 5551/6961
f 5119/7010 5488/6925 5551/6961
f 5472/6961 5551/6961 5471/6925
f 5551/6961 5488/6925 5471/6925
f 5471/6788 5488/6788 5479/6787
f 5488/6788 5435/6787 5479/6787
f 5479/7002 5435/7002 5533/7002
f 5533/7002 5435/7002 5532/7002
f 5435/7002 5462/7203 5532/7002
f 5532/7002 5462/7203 5512/7203
f 5512/7399 5462/7399 5521/7399
f 5529/7399 5462/7399 5469/7398
f 5462/7399 5458/7398 5469/7398
f 5469/7398 5458/7398 5539/7398
f 5539/7398 5458/7398 5540/7398
f 5449/7390 5540/7398 5459/7390
f 5540/7398 5458/7398 5459/7390
f 5458/7398 5462/7399 5459/7390
f 5462/7399 4595/7087 5459/7390
f 4595/7087 4594/7086 5459/7390
f 4594/7384 4824/7276 5459/7088
f 5459/7330 4824/7167 5436/7329
f 5449/6949 5436/6948 5537/6972
f 5537/7329 5436/7329 4186/6914
f 4186/6914 5436/7329 4200/6914
f 5436/7329 4824/7167 4200/6914
f 4198/6906 4200/6914 4140/6906
f 4200/6914 4824/7167 4140/6906
f 4824/6447 4495/6532 4140/6440
f 4495/6532 4143/6635 4140/6440
f 4140/6440 4143/6635 4220/6440
f 4220/6440 4143/6635 4227/6635
f 4227/6635 4143/6635 4201/6635
f 4134/7057 4143/7057 3708/6915
f 4143/7057 3716/6915 3708/6915
f 3708/6915 3716/6915 3686/6915
f 3686/6544 3716/6544 3673/6544
f 3716/6544 3711/6531 3673/6544
f 3673/6544 3711/6531 3668/6531
f 3668/6940 3711/6940 3403/6845
f 3403/6845 3711/6940 3413/6845
f 3711/6940 4038/7034 3413/6845
f 4038/7034 3427/6846 3413/6845
f 3413/6845 3427/6846 3403/6845
f 3403/6845 3427/6846 3365/6846
f 3365/6830 3427/6830 3430/6835
f 3427/6830 3511/6835 3430/6835
f 3430/6835 3511/6835 3420/6835
f 3420/6691 3511/6691 3410/6691
f 3417/6359 3555/6359 3441/6360
f 3555/6359 3433/6360 3441/6360
f 3433/6360 3517/6360 3441/6360
f 3517/6740 3369/6740 3441/6740
f 3369/6740 3410/6691 3441/6740
f 3410/6691 3511/6691 3441/6740
f 3511/6691 3661/6667 3441/6740
f 3661/6667 4075/6655 3441/6740
f 3417/6359 3441/6360 3495/6349
f 3441/6360 4075/6080 3495/6349
f 4075/6080 4079/6079 3495/6349
f 4079/6989 3392/7242 3495/7275
f 3495/7275 3392/7242 3475/7275
f 3475/7275 3392/7242 3555/7275
f 3555/7129 3392/7129 3481/7128
f 3392/7129 3400/7128 3481/7128
f 3481/7128 3400/7128 3470/7128
f 3470/7128 3400/7128 3452/7128
f 3453/6636 3504/6652 3493/6652
f 3493/6652 3504/6652 3439/6668
f 3439/6668 3504/6652 3445/6668
f 3445/6668 3504/6652 3364/6652
f 3364/6652 3504/6652 3472/6636
f 3504/6652 3453/6636 3472/6636
f 3453/7117 3452/7128 3472/7117
f 3452/7128 3400/7128 3472/7117
f 3400/7128 3392/7129 3472/7117
f 3392/7129 4084/6782 3472/7117
f 4084/6782 4071/6781 3472/7117
f 3472/6636 4071/6841 3364/6652
f 4071/6841 3445/6668 3364/6652
f 3445/6637 3040/6413 3364/6344
f 3040/6413 2691/6244 3364/6344
f 3364/6344 2691/6244 3472/6171
f 2691/6244 2621/6083 3472/6171
f 2621/7415 2505/7557 3472/7195
f 2505/6182 2692/6259 3472/6432
f 2692/6259 3393/6322 3472/6432
f 3472/6171 3504/6344 3364/6344
f 3364/6344 3504/6344 3445/6637
f 3445/6637 3504/6344 3439/6637
f 3439/6637 3504/6344 3493/6344
f 3493/6344 3504/6344 3453/6171
f 3504/6344 3472/6171 3453/6171
f 3453/6171 3472/6171 3471/6171
f 3471/6171 3472/6171 3482/6171
f 3482/6432 3472/6432 3465/6322
f 3472/6432 3393/6322 3465/6322
f 3393/7577 3495/7576 3465/7576
f 3465/7077 3495/7077 3434/6904
f 3495/7077 3374/6904 3434/6904
f 3434/6904 3374/6904 3518/6904
f 3518/7566 3374/7566 3516/7566
f 3374/7566 3422/7565 3516/7566
f 3516/7566 3422/7565 3411/7565
f 3411/7565 3422/7565 3421/7565
f 3421/7565 3422/7565 3431/7565
f 3431/6721 3422/6721 3507/6720
f 3422/6721 3428/6720 3507/6720
f 3403/7343 3507/7344 3413/7343
f 3507/7344 3428/7344 3413/7343
f 3428/7344 2717/7243 3413/7343
f 3403/7343 3413/7343 2809/7243
f 3413/7343 2717/7243 2809/7243
f 2717/6552 2702/6553 2809/6552
f 2758/7473 2702/7473 2714/7473
f 2714/7473 2702/7473 2559/7370
f 2702/7473 2565/7370 2559/7370
f 2559/7370 2565/7370 2533/7370
f 2533/6905 2565/6905 2517/6905
f 2510/7078 2517/6905 2561/7078
f 2517/6905 2565/6905 2561/7078
f 2565/6905 3374/6904 2561/7078
f 3374/6904 3495/7077 2561/7078
f 2532/7342 2561/7381 2494/7342
f 2561/7381 3495/7576 2494/7342
f 3495/7576 3393/7577 2494/7342
f 3393/6322 2692/6259 2494/6081
f 2692/6259 2505/6182 2494/6081
f 2494/6081 2505/6182 2547/6081
f 2547/6081 2505/6182 2541/6182
f 2527/7440 2505/7440 2492/7440
f 2492/7440 2505/7440 2115/7441
f 2505/7440 2106/7441 2115/7441
f 2115/7441 2106/7441 1608/7442
f 2106/7441 2102/7441 1608/7442
f 2102/7441 1534/7442 1608/7442
f 1534/7442 1615/7454 1608/7442
f 1608/7442 1615/7454 1491/7454
f 1491/7454 1615/7454 1492/7454
f 1492/7454 1615/7454 1609/7454
f 1609/7401 1615/7401 1625/7421
f 1615/7401 1943/7416 1625/7421
f 1943/7416 1931/7420 1625/7421
f 1931/7439 1932/7446 1625/7224
f 1932/7446 1944/7463 1625/7224
f 1519/7255 1625/7224 1616/7255
f 1625/7224 1944/7463 1616/7255
f 1944/7463 1910/7464 1616/7255
f 1910/7392 1908/7391 1616/7641
f 1908/7391 1830/7514 1616/7641
f 1830/7514 1814/7532 1616/7641
f 1814/7558 1648/7693 1616/7694
f 1555/7693 1634/7733 1648/7693
f 1648/7693 1634/7733 1470/7733
f 1634/7733 1647/7733 1470/7733
f 1647/7733 1487/7733 1470/7733
f 1487/7733 1518/7694 1470/7733
f 1518/7694 1616/7694 1470/7733
f 1616/7694 1648/7693 1470/7733
f 6478/6234 6477/6234 6532/6247
f 6478/6234 6484/6248 6524/6234
f 6484/6248 6489/6248 6524/6234
f 6693/6848 6695/6842 6688/6848
f 6478/6234 6532/6247 6484/6248
f 6532/6868 6547/6908 6484/7229
f 6484/7696 6547/7673 6489/7662
f 6505/7256 6463/7256 6548/7256
f 6463/7256 6524/7256 6548/7256
f 6548/7256 6524/7256 6547/7256
f 6535/7363 6547/7256 6496/7363
f 6547/7256 6524/7256 6496/7363
f 6272/7345 6172/7467 6182/7468
f 6182/7081 5932/7288 6173/7066
f 6173/7066 5932/7288 5939/7289
f 6181/7474 5939/7268 5936/7338
f 5936/6477 5601/6200 5953/6494
f 5993/7069 5877/6891 5724/6895
f 5902/6095 5724/6128 5656/6206
f 5656/7196 5724/7079 5650/7217
f 5724/7079 5723/7095 5650/7217
f 5650/6185 5723/6229 5310/6134
f 5310/6134 5723/6229 5313/6135
f 5723/7058 5724/7063 5313/6862
f 5313/6862 5724/7063 5316/6867
f 5316/6294 5724/6491 5308/6199
f 5724/6491 5877/6492 5308/6199
f 5877/6492 5944/6493 5308/6199
f 5944/6493 5953/6494 5308/6199
f 5953/6494 5601/6200 5308/6199
f 5308/7374 5601/7373 5400/7606
f 5601/7373 5602/7605 5400/7606
f 5400/7606 5602/7605 5335/7651
f 5335/6476 5602/6449 5324/6475
f 5602/6449 5601/6448 5324/6475
f 5601/6200 5936/6477 5324/6172
f 5936/6477 5939/6433 5324/6172
f 5324/6172 5939/6433 5744/6261
f 5939/7300 5932/7319 5744/7362
f 5744/7503 5932/7551 5745/7497
f 5745/7497 5932/7551 5933/7548
f 5932/7551 6182/7650 5933/7548
f 6182/7468 6172/7467 5933/7735
f 6172/7467 6184/7466 5933/7735
f 6184/7466 5942/7734 5933/7735
f 5933/6856 5942/6694 5747/6855
f 5747/6855 5942/6694 5748/6789
f 5942/6694 5941/6507 5748/6789
f 5748/6789 5941/6507 5740/6693
f 5652/6692 5740/6693 5751/6515
f 5740/6693 5941/6507 5751/6515
f 5725/6515 5751/6515 5919/6507
f 5751/6515 5941/6507 5919/6507
f 5919/6232 5941/6232 6160/6231
f 6160/6231 5941/6232 6166/6231
f 6166/6231 5941/6232 6175/6231
f 5941/6232 5942/6094 6175/6231
f 5942/6094 6184/6176 6175/6231
f 6175/6231 6184/6176 6484/6230
f 6184/6176 6172/6093 6484/6230
f 6172/6093 6272/6092 6484/6230
f 6693/6848 6484/6920 6695/6842
f 6484/6920 6710/6701 6695/6842
f 6682/6842 6695/6842 6686/6842
f 6686/6842 6695/6842 6728/6827
f 6695/6842 6746/6827 6728/6827
f 6728/6827 6746/6827 6881/6763
f 6881/6763 6746/6827 6950/6763
f 6853/6455 6855/6763 6951/6455
f 6855/6763 6950/6763 6951/6455
f 6950/6763 6746/6827 6951/6455
f 6746/6827 6695/6842 6951/6455
f 6695/6842 6710/6701 6951/6455
f 6889/7228 6951/7228 6849/7227
f 6524/7041 6496/7225 6853/7226
f 6849/6091 6853/6127 6923/6091
f 6923/6091 6853/6127 6954/6127
f 6954/6127 6853/6127 6921/6127
f 6921/6127 6853/6127 6852/6127
f 6852/7226 6853/7226 6535/7225
f 6853/7226 6496/7225 6535/7225
f 6496/7225 6524/7041 6535/7225
f 6535/7225 6524/7041 6547/7041
f 6547/7041 6524/7041 6505/7041
f 6505/6126 6524/6126 6516/6126
f 6516/6126 6524/6126 6536/6090
f 6524/6126 6853/6127 6536/6090
f 6853/6127 6849/6091 6536/6090
f 6525/7042 6536/7042 6532/7028
f 6536/7042 6849/7227 6532/7028
f 6849/7227 6951/7228 6532/7028
f 6951/6527 6710/6350 6532/6247
f 6710/6350 6484/6248 6532/6247
f 6484/7244 6272/7345 6532/7233
f 6272/7345 6182/7468 6532/7233
f 6182/7081 6173/7066 6532/6864
f 6173/7066 5939/7289 6532/6864
f 5939/7289 6181/7067 6532/6864
f 6532/6973 6181/7011 6524/6944
f 6181/7474 5936/7338 6524/7697
f 5936/7338 5953/7353 6524/7697
f 5953/7353 5944/7361 6524/7697
f 5944/6892 5877/6891 6524/7256
f 6496/7363 6524/7256 6275/7265
f 6524/7256 5877/6891 6275/7265
f 5877/6891 5993/7069 6275/7265
f 6275/7265 5993/7069 6238/7264
f 5993/7069 5724/6895 6238/7264
f 5724/6895 5902/7068 6238/7264
f 5902/7068 5903/7068 6238/7264
f 6496/6566 6277/6504 6427/6508
f 6427/6576 6277/6575 6236/6648
f 6236/7611 6277/7612 6238/7552
f 6238/7552 6277/7612 6275/7553
f 6277/6504 6496/6566 6275/6556
f 6275/6869 6496/6877 6238/6813
f 6256/6813 6238/6813 6327/6877
f 6238/6813 6496/6877 6327/6877
f 6496/6566 6427/6508 6327/6566
f 6327/6566 6427/6508 6328/6508
f 6328/6576 6427/6576 6253/6648
f 6427/6576 6236/6648 6253/6648
f 6236/7611 6238/7552 6253/7611
f 6253/7611 6238/7552 6255/7552
f 6255/7552 6238/7552 6248/7552
f 6248/7264 6238/7264 6240/7264
f 6240/7264 6238/7264 5900/7068
f 6238/7264 5903/7068 5900/7068
f 5900/6095 5903/6095 5653/6206
f 5903/6095 5902/6095 5653/6206
f 5902/6095 5656/6206 5653/6206
f 5653/6206 5656/6206 5638/6206
f 5638/6206 5656/6206 5634/6206
f 5656/7196 5650/7217 5634/7196
f 5634/7196 5650/7217 5627/7217
f 5627/6185 5650/6185 5353/6134
f 5650/6185 5310/6134 5353/6134
f 5310/6134 5313/6135 5353/6134
f 5353/6134 5313/6135 5366/6135
f 5366/6862 5313/6862 5382/6867
f 5313/6862 5316/6867 5382/6867
f 5382/6294 5316/6294 5315/6294
f 5315/6294 5316/6294 5360/6294
f 5316/6294 5308/6199 5360/6294
f 5360/6294 5308/6199 5289/6199
f 5289/6199 5308/6199 5389/6199
f 5389/7374 5308/7374 5394/7374
f 5394/7374 5308/7374 5385/7606
f 5308/7374 5400/7606 5385/7606
f 5400/7606 5335/7651 5385/7606
f 5385/7606 5335/7651 5328/7606
f 5328/6476 5335/6476 5331/6475
f 5335/6476 5324/6475 5331/6475
f 5331/6475 5324/6475 5380/6475
f 5380/6172 5324/6172 5314/6172
f 5347/6096 5396/6096 5303/6096
f 5303/6096 5396/6096 5367/6096
f 5396/6096 5346/6096 5367/6096
f 5346/6096 5314/6172 5367/6096
f 5314/6172 5324/6172 5367/6096
f 5324/6172 5744/6261 5367/6096
f 5744/7080 5745/7064 5367/6863
f 5745/7064 5933/7287 5367/6863
f 5933/7287 5747/7065 5367/6863
f 5367/7016 5747/7059 5375/6999
f 5747/6855 5748/6789 5375/6854
f 5748/6789 5740/6693 5375/6854
f 5740/6693 5652/6692 5375/6854
f 5325/7290 5346/7629 5411/7291
f 5346/7629 5375/7683 5411/7291
f 5375/6854 5652/6692 5411/6503
f 5652/6692 5751/6515 5411/6503
f 5751/6515 5725/6515 5411/6503
f 5725/6515 5731/6515 5411/6503
f 5176/6503 5411/6503 5718/6515
f 5411/6503 5731/6515 5718/6515
f 5718/6515 5731/6515 5914/6507
f 5731/6515 5725/6515 5914/6507
f 5725/6515 5919/6507 5914/6507
f 5914/6232 5919/6232 6152/6231
f 5919/6232 6160/6231 6152/6231
f 6152/6231 6160/6231 6363/6230
f 6160/6231 6166/6231 6363/6230
f 6166/6231 6175/6231 6363/6230
f 6175/6231 6484/6230 6363/6230
f 6363/6920 6484/6920 6682/6848
f 6682/6848 6484/6920 6693/6848
f 4276/2182 4214/2181 4182/2184
f 4214/2210 4064/2256 4170/2214
f 4214/2210 4170/2214 4182/2211
f 4064/3098 3320/3068 4151/3096
f 4064/3098 4151/3096 4170/3097
f 4151/2608 3320/2883 3108/2883
f 4151/2608 3108/2883 4124/2621
f 4214/2892 4064/2885 4170/2884
f 4214/2892 4170/2884 4182/2888
f 4170/3061 4064/3060 4046/3069
f 3108/2883 4099/2643 4166/2607
f 3108/2883 4166/2607 4124/2621
f 4099/2537 4272/2573 4270/2575
f 4282/3662 4214/3664 4182/3670
f 4282/3662 4182/3670 4223/3669
f 4282/3662 4223/3669 4260/3667
f 4214/3102 4064/3098 4170/3097
f 4214/3102 4170/3097 4182/3099
f 4064/2256 3961/2292 4165/2215
f 4064/2256 4165/2215 4170/2214
f 3961/3364 3907/3364 4144/3395
f 3961/3364 4144/3395 4165/3398
f 3907/3364 4168/3399 4144/3395
f 4179/2188 4562/2281 4571/2288
f 4179/2188 4571/2288 4180/2190
f 4197/2185 4178/2189 4552/2288
f 4180/2190 4571/2288 4552/2288
f 4180/2190 4552/2288 4178/2189
f 914/3278 906/3279 863/3238
f 914/3278 863/3238 854/3232
f 53/2108 40/2128 24/2128
f 53/2108 24/2128 27/2126
f 40/2128 18/2128 20/2128
f 40/2128 20/2128 24/2128
f 393/3872 298/3872 301/3872
f 263/3239 269/3239 249/3239
f 285/3239 269/3239 263/3239
f 297/3252 269/3239 285/3239
f 301/3253 298/3253 269/3239
f 301/3253 269/3239 297/3252
f 39/3500 22/3496 75/3520
f 435/2915 172/2804 189/2805
f 189/3611 172/3611 152/3611
f 189/3611 152/3611 164/3611
f 164/3611 152/3611 140/3611
f 164/3611 140/3611 138/3611
f 79/3023 30/3007 129/3014
f 79/3023 129/3014 116/3034
f 138/3636 140/3622 134/3623
f 138/3636 134/3623 129/3636
f 129/3141 134/3161 110/3144
f 129/3141 110/3144 66/3062
f 75/3520 22/3496 66/3496
f 75/3520 66/3496 110/3526
f 19/3674 22/3674 2/3674
f 2/3674 22/3674 3/3672
f 11/3671 17/3671 12/3671
f 6/3671 17/3671 11/3671
f 3/3672 22/3674 17/3671
f 3/3672 17/3671 6/3671
f 126/3807 138/3807 137/3804
f 154/3800 170/3800 157/3800
f 137/3804 138/3807 170/3800
f 137/3804 170/3800 154/3800
f 153/3796 170/3800 189/3791
f 153/3796 189/3791 160/3791
f 5/3681 16/3677 14/3680
f 22/3496 39/3500 42/3493
f 22/3496 42/3493 16/3487
f 16/3487 42/3493 21/3486
f 914/2745 905/2721 893/2744
f 126/3636 138/3636 132/3618
f 132/3618 138/3636 142/3621
f 142/3621 138/3636 189/3611
f 142/3621 189/3611 169/3611
f 172/3611 189/3611 183/3611
f 183/3611 189/3611 199/3604
f 189/3611 246/3594 226/3594
f 189/3611 226/3594 199/3604
f 226/3594 246/3594 276/3581
f 456/3548 478/3548 474/3541
f 456/3548 474/3541 459/3547
f 490/3541 475/3541 471/3541
f 490/3541 471/3541 474/3541
f 468/3544 474/3541 471/3541
f 474/3541 468/3544 459/3547
f 276/3581 246/3594 448/3555
f 554/3521 479/3535 561/3513
f 474/3541 459/3547 433/3560
f 506/2891 547/2902 518/2886
f 506/2891 518/2886 499/2886
f 503/2232 518/2232 495/2232
f 503/2232 495/2232 497/2232
f 321/2576 269/2582 259/2591
f 321/2576 259/2591 262/2589
f 269/2582 249/2594 259/2591
f 28/3842 53/3835 29/3838
f 34/3841 53/3835 28/3842
f 65/3839 76/3835 53/3835
f 65/3839 53/3835 34/3841
f 201/1966 193/1966 191/1966
f 201/1966 191/1966 189/1966
f 169/1964 189/1964 191/1965
f 170/1962 189/1964 161/1964
f 170/1962 161/1964 149/1963
f 189/1964 172/1964 161/1964
f 8/1949 16/1952 21/1954
f 8/1949 21/1954 1/1947
f 13/1950 16/1952 9/1949
f 14/1948 16/1952 15/1951
f 16/1952 13/1950 15/1951
f 542/1946 553/1945 572/1953
f 505/1944 553/1945 542/1946
f 553/1945 505/1944 477/1943
f 553/1945 477/1943 479/1941
f 474/1937 479/1941 453/1938
f 474/1937 453/1938 362/1936
f 453/1938 479/1941 473/1940
f 479/1941 477/1943 473/1940
f 247/1932 54/1939 26/1939
f 249/1931 269/1931 54/1939
f 249/1931 54/1939 247/1932
f 5221/2685 5141/2685 5157/2846
f 5221/2685 5157/2846 5208/2842
f 5221/2685 5208/2842 5211/2841
f 5155/2685 5221/2685 5205/2844
f 5221/2685 5211/2841 5207/2843
f 5221/2685 5207/2843 5205/2844
f 4356/3063 4793/3011 4370/3063
f 2683/3013 2829/3015 2835/2994
f 2683/3013 2835/2994 2688/2999
f 2610/3315 2605/3315 2601/3315
f 2601/3315 2605/3315 2584/3319
f 2614/3313 2605/3315 2606/3314
f 2605/3315 2601/3315 2606/3314
f 3983/3691 3969/3694 3893/3698
f 3983/3691 3893/3698 3847/3711
f 3828/3706 3847/3711 3893/3698
f 3762/2834 3836/2793 3827/2793
f 3762/2834 3827/2793 3804/2803
f 3846/2786 3762/2834 3804/2803
f 3725/2834 3762/2834 3846/2786
f 4117/2940 4375/2901 4109/2952
f 4796/2688 4421/2687 4579/2732
f 4579/2732 4421/2687 4110/2822
f 4579/2732 4110/2822 4464/2825
f 4420/2687 4441/2687 4818/2690
f 4420/2687 4818/2690 4811/2691
f 4441/2687 4421/2687 4805/2689
f 4441/2687 4805/2689 4818/2690
f 4421/2687 4796/2688 4805/2689
f 4289/3462 4114/3432 4294/3466
f 4114/3432 4289/3462 4291/3461
f 4114/3432 4291/3461 4120/3433
f 4112/3434 4120/3433 4299/3465
f 4112/3434 4299/3465 4287/3468
f 4120/3433 4291/3461 4299/3465
f 4463/2825 4438/2824 4400/2850
f 4395/2852 4396/2855 4400/2850
f 4438/2824 4349/2823 4395/2852
f 4438/2824 4395/2852 4400/2850
f 4378/2874 4385/2875 4426/2867
f 4378/2874 4426/2867 4396/2855
f 4344/2868 4378/2874 4396/2855
f 4344/2868 4396/2855 4395/2852
f 4349/2823 4110/2822 4344/2868
f 4349/2823 4344/2868 4395/2852
f 4386/2876 4110/2822 4118/2835
f 4386/2876 4118/2835 4369/2877
f 4386/2876 4369/2877 4373/2878
f 4308/2966 4266/2954 4310/2967
f 4266/2925 4308/2929 4293/2923
f 4266/2925 4293/2923 4239/2920
f 3631/2131 3634/2114 3653/2151
f 3631/2131 3653/2151 3640/2143
f 4004/3882 4035/3867 4036/3869
f 4004/3882 4036/3869 4014/3881
f 4014/3881 4036/3869 4032/3870
f 4014/3881 4032/3870 4030/3871
f 4035/3867 4004/3882 4001/3883
f 4035/3867 4001/3883 4033/3868
f 4001/2677 4004/2678 3992/2669
f 4004/2678 4014/2679 3993/2667
f 4004/2678 3993/2667 3992/2669
f 3860/2616 3882/2631 3845/2615
f 3993/2667 4014/2679 3914/2647
f 3914/2640 4014/2679 3962/2642
f 3962/2642 4014/2679 4006/2679
f 4006/3881 4014/3881 4009/3881
f 4009/3881 4014/3881 4018/3875
f 4014/3881 4030/3871 4018/3875
f 3983/3357 3980/3355 3982/3356
f 3902/3322 3905/3320 3909/3325
f 4019/3318 3905/3320 3902/3322
f 3973/3467 3905/3458 4019/3470
f 3969/2743 3983/2739 3958/2747
f 3983/2739 3905/2754 3885/2763
f 3983/2739 3885/2763 3958/2747
f 3885/2763 3905/2754 3852/2782
f 3749/3037 3713/3037 3694/3037
f 3749/3037 3694/3037 3691/3037
f 3691/3037 3694/3037 3684/3037
f 3785/3786 3783/3787 3754/3797
f 3785/3786 3754/3797 3759/3795
f 3768/3070 3752/3059 3734/3058
f 3768/3070 3734/3058 3754/3064
f 3728/3036 3754/3030 3734/3029
f 3754/3008 3728/3095 3720/2950
f 3754/3008 3720/2950 3723/2932
f 3735/2828 3723/2832 3720/2833
f 3852/2782 3905/2754 3723/2832
f 3852/2782 3723/2832 3735/2828
f 3905/2754 3877/2772 3727/2831
f 3905/2754 3727/2831 3723/2832
f 3723/3378 3727/3375 3717/3377
f 3877/2772 3905/2754 3891/2760
f 3905/3458 3973/3467 3891/3469
f 3955/3597 3892/3607 3874/3606
f 3901/2636 3892/2624 3955/2653
f 3882/2631 3860/2616 3892/2624
f 3882/2631 3892/2624 3901/2636
f 3860/2968 3814/2978 3803/2987
f 3860/2968 3803/2987 3892/2969
f 3775/2998 3892/2969 3803/2987
f 3892/2969 3775/2998 3746/3012
f 3892/2969 3746/3012 3748/3009
f 3732/2179 3748/2183 3746/2180
f 3748/2183 3732/2179 3709/2174
f 3653/2151 3634/2114 3625/2127
f 3634/3856 3608/3840 3621/3827
f 3634/3856 3621/3827 3625/3832
f 3621/3223 3608/3235 3578/3260
f 3578/3260 3608/3235 3363/3276
f 3363/3829 3608/3840 3542/3859
f 3363/3829 3542/3859 3362/3830
f 3473/3859 3542/3859 3563/3861
f 3542/3859 3631/3880 3629/3880
f 3542/3859 3629/3880 3563/3861
f 3629/2131 3631/2131 3636/2139
f 3636/2139 3631/2131 3639/2142
f 3631/2131 3640/2143 3639/2142
f 3814/2978 3860/2968 3816/2985
f 3860/2968 3845/2975 3816/2985
f 2677/2261 2701/2267 2674/2259
f 2701/3692 2677/3690 3098/3661
f 2701/3692 3098/3661 3514/3660
f 3296/3658 3514/3660 3098/3661
f 3513/3656 3514/3660 3296/3658
f 3503/3657 3514/3660 3513/3656
f 3514/3660 3503/3657 3474/3655
f 3514/3660 3474/3655 3488/3660
f 3488/3660 3474/3655 3487/3654
f 3541/2897 3542/2894 3527/2895
f 3542/2894 3541/2897 3535/2898
f 3542/2894 3535/2898 3519/2894
f 3519/2894 3535/2898 3469/2896
f 3527/2895 3542/2894 3362/2893
f 3448/2894 3542/2894 3541/2897
f 3073/3389 3066/3393 3072/3388
f 3349/3111 3542/3103 3448/3103
f 3362/2957 3542/3103 3348/3067
f 3542/3103 3349/3111 3348/3067
f 2747/3481 2735/3482 2736/3480
f 2735/2961 2747/2960 2720/3006
f 2736/3480 2735/3482 2726/3479
f 4067/3745 4062/3746 4060/3744
f 3987/3737 4034/3738 4060/3744
f 4062/3746 3515/3747 3556/3735
f 4062/3746 3556/3735 3987/3737
f 4062/3746 3987/3737 4060/3744
f 4062/3242 4067/3243 4058/3215
f 3515/3241 4062/3242 4058/3215
f 3515/3241 4058/3215 4051/3195
f 4263/3121 4088/3120 4085/3153
f 4263/3121 4085/3153 4259/3143
f 4088/2821 4263/2859 4283/2854
f 4088/2821 4283/2854 4096/2813
f 4002/2297 4108/2243 4319/2245
f 4002/2297 4319/2245 4323/2260
f 4319/3167 4108/3280 4317/3216
f 4108/3799 4096/3793 4304/3805
f 4108/3799 4304/3805 4317/3806
f 4096/3793 4283/3803 4304/3805
f 3556/3735 3515/3747 3512/3736
f 3512/3736 3515/3747 3501/3739
f 3474/3741 3488/3747 3487/3740
f 3501/3739 3515/3747 3488/3747
f 3501/3739 3488/3747 3474/3741
f 3515/3241 4055/3189 3483/3116
f 4085/3153 4088/3120 4083/3119
f 4085/3153 4083/3119 4073/3146
f 4063/3145 4059/3178 4073/3146
f 4083/3119 4069/3118 4063/3145
f 4083/3119 4063/3145 4073/3146
f 4050/3188 4055/3189 4059/3178
f 3900/3117 3483/3116 4050/3188
f 3900/3117 4050/3188 4059/3178
f 3900/3117 4059/3178 4063/3145
f 4069/3118 3900/3117 4063/3145
f 4002/2297 4323/2260 4321/2294
f 4002/2297 4321/2294 4082/2363
f 4131/3490 4082/3517 4315/3476
f 4082/2363 4321/2294 4315/2321
f 2726/2457 2735/2456 2720/2500
f 4111/8086 4286/8108 4320/8100
f 4111/8086 4320/8100 4117/8080
f 4359/8102 4332/8097 4329/8098
f 4359/8102 4329/8098 4355/8103
f 4278/8095 4320/8100 4329/8098
f 4332/8097 4117/8080 4278/8095
f 4332/8097 4278/8095 4329/8098
f 3905/7938 3983/7937 3981/7940
f 3905/7938 3981/7940 3908/7945
f 4118/7964 4104/7974 4363/7971
f 4118/7964 4363/7971 4369/7965
f 4371/7985 4107/7994 4374/7993
f 4363/7971 4104/7974 4107/7994
f 4363/7971 4107/7994 4371/7985
f 3874/8152 3892/8153 3849/8151
f 3892/8153 3748/8158 3741/8156
f 3892/8153 3741/8156 3849/8151
f 3748/8158 3709/8157 3741/8156
f 3722/7989 3723/7988 3717/7987
f 3721/7990 3723/7988 3722/7989
f 3723/7988 3721/7990 3742/8000
f 3723/7988 3742/8000 3753/7999
f 3743/8001 3753/7999 3742/8000
f 3789/8015 3783/8009 3785/8011
f 3783/8009 3789/8015 3771/8012
f 3783/8009 3771/8012 3768/8010
f 3770/8090 3768/8084 3771/8091
f 3758/8092 3753/8085 3768/8084
f 3758/8092 3768/8084 3770/8090
f 3768/8029 3753/8026 3744/8023
f 3753/8026 3743/8024 3744/8023
f 3847/7881 3828/7885 3842/7888
f 3066/7782 3073/7781 3067/7786
f 3067/7786 3073/7781 3071/7784
f 3073/8146 3072/8149 3071/8148
f 3980/8175 3983/8176 3847/8179
f 3980/8175 3847/8179 3842/8178
f 2673/8167 2713/8167 2676/8167
f 2672/8167 2701/8167 2713/8167
f 2672/8167 2713/8167 2673/8167
f 870/2492 874/2499 869/2499
f 874/2499 870/2492 871/2486
f 899/3701 908/3700 896/3702
f 883/3709 904/3714 875/3714
f 898/3700 908/3700 904/3714
f 898/3700 904/3714 883/3709
f 904/3714 908/3700 868/3708
f 904/3714 868/3708 857/3728
f 908/3700 899/3701 868/3708
f 88/3140 43/3104 50/3115
f 43/3104 88/3140 241/3202
f 43/3104 241/3202 282/3205
f 282/3205 241/3202 223/3201
f 229/3296 231/3296 227/3295
f 231/3296 229/3296 228/3296
f 50/3790 43/3788 32/3785
f 32/3345 43/3344 33/3346
f 43/3344 57/3343 37/3350
f 43/3344 37/3350 33/3346
f 37/3350 57/3343 41/3349
f 41/3349 57/3343 64/3343
f 353/3755 281/3755 292/3755
f 146/3323 292/3340 281/3340
f 64/3298 57/3298 292/3340
f 64/3298 292/3340 146/3323
f 282/3334 223/3334 221/3338
f 282/3334 221/3338 292/3340
f 233/3340 292/3340 221/3338
f 234/3340 242/3340 292/3340
f 234/3340 292/3340 233/3340
f 215/3237 230/3237 194/3237
f 194/3558 184/3558 163/3558
f 194/3558 163/3558 181/3558
f 144/3564 139/3571 107/3571
f 163/3558 184/3558 139/3571
f 163/3558 139/3571 144/3564
f 108/3750 139/3750 23/3730
f 178/3090 165/3090 158/3090
f 23/2680 148/2619 145/2666
f 23/2680 145/2666 92/2701
f 148/2996 469/3196 337/3156
f 148/2996 337/3156 145/3044
f 583/3585 575/3590 501/3598
f 583/3585 501/3598 292/3601
f 292/3608 501/3609 268/3605
f 673/2939 702/2955 672/2944
f 633/3376 697/3387 646/3379
f 633/3376 646/3379 618/3372
f 282/3321 239/3316 618/3372
f 282/3321 618/3372 617/3371
f 618/3372 646/3379 617/3371
f 667/3382 697/3387 633/3376
f 675/3383 681/3385 676/3384
f 682/3386 667/3382 676/3384
f 697/3387 682/3386 676/3384
f 697/3387 676/3384 681/3385
f 697/3387 681/3385 1271/3456
f 671/3417 1271/3403 674/3402
f 866/3415 1271/3403 671/3417
f 866/3415 671/3417 670/3423
f 1271/3403 865/3414 1177/3429
f 239/3316 282/3321 223/3321
f 221/3752 292/3751 233/3751
f 223/3753 282/3753 292/3751
f 223/3753 292/3751 221/3752
f 1271/3403 1177/3429 1168/3444
f 1271/3403 1168/3444 1274/3444
f 1274/2496 1168/2496 1163/2496
f 1274/2496 1163/2496 1156/2496
f 1156/2496 1163/2496 1218/2496
f 2204/5311 2224/5312 1811/5205
f 2224/5312 2204/5311 2223/5327
f 1939/4948 1941/4948 1948/4951
f 2682/4524 2679/4524 2681/4524
f 2471/5209 2460/5209 2451/5209
f 2471/5209 2451/5209 2461/5209
f 2461/5209 2451/5209 2339/5140
f 2461/5209 2339/5140 2325/5125
f 2325/5125 2339/5140 2322/5125
f 1406/4751 1400/4751 1474/4749
f 1406/4751 1474/4749 1624/4750
f 5523/8125 5535/8112 5108/8124
f 5523/8125 5108/8124 5209/8131
f 5018/8119 5053/8132 5108/8124
f 4838/8087 5018/8119 5108/8124
f 4838/8087 5108/8124 5535/8112
f 4838/8087 5535/8112 5579/8074
f 5579/8074 5468/8128 5485/8074
f 5418/8074 5485/8074 5514/8126
f 5418/8074 5514/8126 5456/8127
f 5485/8074 5468/8128 5514/8126
f 4790/8037 4422/8082 4788/8038
f 4422/8082 4790/8037 4795/8035
f 4422/8082 4795/8035 4424/8082
f 4424/8082 4795/8035 4791/8036
f 4424/8082 4791/8036 4410/8082
f 5054/8061 5051/8062 5028/8059
f 5054/8061 5028/8059 5027/8058
f 5024/8056 5025/8053 5027/8058
f 5028/8059 5023/8057 5024/8056
f 5028/8059 5024/8056 5027/8058
f 5020/8049 5032/8050 5025/8053
f 4930/8041 5020/8049 5025/8053
f 4930/8041 5025/8053 5024/8056
f 5023/8057 4930/8041 5024/8056
f 5051/8062 5036/8064 5028/8059
f 5036/8064 4844/8104 5023/8057
f 5036/8064 5023/8057 5028/8059
f 4844/8104 4410/8082 4775/8039
f 4844/8104 4775/8039 4930/8041
f 4844/8104 4930/8041 5023/8057
f 2706/8164 2709/8164 2697/8163
f 2706/8164 2697/8163 2689/8160
f 2697/8163 2709/8164 2695/8161
f 2695/8161 2709/8164 2696/8162
f 2709/8164 2224/8115 2223/8118
f 2709/8164 2223/8118 2696/8162
f 1645/8014 1664/8013 1433/8018
f 1645/8014 1433/8018 1443/8017
f 1433/8018 1664/8013 1549/8019
f 1549/8019 1664/8013 1651/8013
f 1549/8019 1651/8013 1547/8020
f 1661/8016 1662/8014 1400/8022
f 1661/8016 1400/8022 1406/8022
f 1645/8014 1443/8017 1404/8021
f 1645/8014 1404/8021 1400/8022
f 1400/8022 1404/8021 1858/8078
f 1400/8022 1858/8078 2210/8141
f 2210/8141 1858/8078 1835/8063
f 2210/8141 1835/8063 2208/8140
f 1811/8048 2224/8143 2208/8140
f 1811/8048 2208/8140 1835/8063
f 7082/2622 7077/2629 7081/2623
f 7077/2629 6918/2719 7073/2630
f 7077/2629 7073/2630 7081/2623
f 5437/3420 5410/3418 5214/3428
f 5410/3418 5437/3420 5530/3418
f 5577/3418 5541/3418 5490/3418
f 5541/3418 5577/3418 5595/3416
f 5541/3418 5595/3416 5603/3409
f 5610/3409 5603/3409 5613/3409
f 5610/3409 5613/3409 5614/3409
f 5603/3409 5595/3416 5613/3409
f 6918/2733 6936/2737 7071/2827
f 6936/2737 7072/2870 7071/2827
f 5623/8135 5615/8134 5620/8134
f 5410/8121 5531/8121 5596/8121
f 7086/234 7085/232 7087/233
f 7085/350 7086/351 7069/345
f 7085/350 7069/345 7056/344
f 6794/190 6777/185 6618/181
f 6794/190 6618/181 6677/183
f 6608/182 6777/185 7061/198
f 6608/182 7061/198 7015/196
f 6777/185 6794/190 7084/201
f 6777/185 7084/201 7083/202
f 6777/185 7083/202 7061/198
f 7083/202 7084/201 7089/203
f 7075/252 6946/242 7078/247
f 6946/242 7075/252 7076/253
f 6946/242 7076/253 6943/256
f 6943/399 7076/413 7079/406
f 5969/420 5956/420 6127/414
f 5969/420 6127/414 6128/415
f 5956/420 5966/420 6125/416
f 5956/420 6125/416 6127/414
f 5966/420 6119/417 6125/416
f 5827/288 5772/278 5470/302
f 5827/288 5470/302 5702/303
f 7030/332 6608/329 7008/328
f 7032/333 6606/334 6608/329
f 7032/333 6608/329 7030/332
f 6614/341 6599/341 6596/348
f 6614/341 6596/348 6610/346
f 6596/348 6599/341 6600/349
f 6599/341 6618/341 6615/347
f 6599/341 6615/347 6600/349
f 6618/341 6204/343 6250/354
f 6618/341 6250/354 6615/347
f 6250/418 6204/421 5969/420
f 6250/418 5969/420 6128/415
f 5772/278 5827/288 5971/276
f 5772/278 5971/276 5969/261
f 6034/274 5969/261 5971/276
f 5969/261 6034/274 6128/264
f 5966/261 5956/261 6121/265
f 5966/261 6121/265 6119/262
f 5956/261 5969/261 6124/263
f 5956/261 6124/263 6121/265
f 5969/261 6128/264 6124/263
f 7022/7832 6944/7812 7080/7820
f 7022/7832 7080/7820 7088/7835
f 6976/7812 6944/7812 7013/7830
f 6976/7812 7013/7830 7025/7828
f 6944/7812 7022/7832 7013/7830
f 6614/7933 6610/7932 6596/7930
f 6614/7933 6596/7930 6599/7933
f 6600/7929 6599/7933 6596/7930
f 6599/7933 6600/7929 6615/7931
f 6599/7933 6615/7931 6618/7933
f 6645/7942 6618/7933 6615/7931
f 6618/7933 6645/7942 6676/7947
f 5454/8027 5484/8107 5543/8105
f 5454/8027 5543/8105 5563/8027
f 5548/8101 5563/8027 5543/8105
f 5563/8027 5548/8101 5497/8099
f 5563/8027 5497/8099 5470/8027
f 5642/8054 5630/8044 5631/8065
f 5628/8066 5632/8067 5631/8065
f 5630/8044 5470/8027 5473/8033
f 5630/8044 5473/8033 5628/8066
f 5630/8044 5628/8066 5631/8065
f 5633/8077 5641/8072 5632/8067
f 5491/8089 5497/8099 5633/8077
f 5491/8089 5633/8077 5632/8067
f 5491/8089 5632/8067 5628/8066
f 5473/8033 5491/8089 5628/8066
f 5470/8027 5643/8055 5702/8028
f 928/1925 921/1925 902/1927
f 928/1925 902/1927 909/1929
f 897/1928 909/1929 902/1927
f 909/1884 892/1886 881/1887
f 909/1884 881/1887 903/1885
f 882/1849 903/1852 881/1853
f 1493/1833 1556/1832 1515/1834
f 903/1911 886/1915 929/1918
f 879/1830 929/1831 886/1829
f 879/1802 929/1804 880/1803
f 929/1861 903/1844 876/1846
f 929/1861 876/1846 880/1854
f 876/1819 903/1815 877/1818
f 877/1818 903/1815 878/1816
f 903/1815 945/1814 895/1817
f 903/1815 895/1817 878/1816
f 895/1817 945/1814 930/1820
f 945/1814 1358/1821 1108/1822
f 945/1814 1108/1822 930/1820
f 1485/1824 1465/1828 1434/1827
f 1485/1824 1434/1827 1403/1824
f 1407/1826 1403/1824 1434/1827
f 1371/1825 1403/1824 1407/1826
f 1108/1822 1358/1821 1403/1824
f 1108/1822 1403/1824 1371/1825
f 1659/1836 1408/1835 1403/1835
f 1562/1835 1637/1835 1403/1835
f 1562/1835 1403/1835 1408/1835
f 948/1877 946/1873 934/1874
f 948/1877 934/1874 928/1875
f 928/1857 934/1858 946/1859
f 928/1857 946/1859 948/1855
f 892/1891 909/1891 907/1891
f 931/1810 928/1813 934/1809
f 923/1811 928/1813 931/1810
f 920/1812 928/1813 923/1811
f 894/1808 928/1813 920/1812
f 890/1926 909/1929 928/1925
f 890/1926 928/1925 894/1925
f 928/1882 1626/1883 967/1890
f 928/1882 967/1890 934/1888
f 967/1890 1626/1883 1560/1889
f 967/1890 1560/1889 970/1897
f 964/1882 928/1882 894/1882
f 894/1882 928/1882 921/1882
f 921/1925 928/1925 937/1924
f 928/1925 976/1923 971/1923
f 928/1925 971/1923 937/1924
f 971/1923 976/1923 999/1922
f 999/1922 976/1923 1556/1920
f 909/1864 892/1863 881/1865
f 909/1864 881/1865 903/1866
f 903/1866 881/1865 888/1867
f 903/1866 888/1867 912/1868
f 910/1893 912/1893 885/1893
f 910/1893 885/1893 872/1893
f 912/1893 888/1892 885/1893
f 4478/908 4472/908 5072/918
f 5072/918 4472/908 5064/917
f 5399/884 5236/884 5322/878
f 5363/879 5391/884 5344/880
f 5063/826 4461/827 5069/828
f 3623/799 3839/791 3937/789
f 3839/791 3867/793 3934/790
f 3839/791 3934/790 3937/789
f 3934/783 3904/782 3933/781
f 3932/779 3964/778 3933/781
f 3867/780 3932/779 3933/781
f 3867/780 3933/781 3904/782
f 2054/952 2072/952 2065/952
f 2072/952 2054/952 2040/952
f 2072/952 2040/952 2032/952
f 1735/812 1753/812 1740/810
f 1753/812 1768/807 1748/807
f 1753/812 1748/807 1740/810
f 1769/812 1759/811 1740/810
f 1769/812 1740/810 1753/812
f 1744/812 1753/812 1740/810
f 1735/812 1753/812 1744/812
f 1984/736 1945/737 1958/735
f 1914/891 1945/893 1907/890
f 1907/890 1945/893 1883/889
f 1377/813 1366/808 1333/809
f 1343/796 1327/796 1339/796
f 1883/889 1945/893 1922/892
f 1945/893 1984/894 1922/892
f 2051/950 2052/949 2022/944
f 2052/949 2051/950 2134/956
f 2168/958 2127/958 2123/957
f 2168/958 2123/957 2072/952
f 2054/952 2072/952 2123/957
f 2072/952 2054/952 2049/951
f 2072/952 2049/951 2033/943
f 2033/943 2049/951 2023/947
f 2033/943 2023/947 2001/943
f 1991/940 2001/943 2023/947
f 1958/939 1945/934 1946/937
f 1961/936 1962/932 1968/932
f 1962/932 1961/936 1928/938
f 1962/932 1928/938 1924/932
f 1924/932 1928/938 1912/932
f 1946/937 1945/934 1925/933
f 1945/905 1914/904 1925/903
f 1867/785 1871/786 1864/784
f 1806/885 1808/885 1813/885
f 1808/821 1806/822 1774/820
f 1808/821 1774/820 1768/817
f 1768/807 1774/802 1748/807
f 1780/794 1753/812 1740/810
f 1753/812 1780/794 1788/788
f 1753/812 1788/788 1766/797
f 1734/795 1766/797 1788/788
f 1366/808 1377/813 1766/797
f 1366/808 1766/797 1734/795
f 3925/738 3839/751 3936/739
f 3936/739 3921/742 3935/741
f 3931/747 3979/740 3935/741
f 3921/742 3839/751 3880/751
f 3921/742 3880/751 3931/747
f 3921/742 3931/747 3935/741
f 3623/7774 3920/7817 3919/7819
f 1905/8004 1890/8004 1924/8004
f 1905/8004 1924/8004 1912/8004
f 1871/8004 1867/8004 1890/8004
f 1871/8004 1890/8004 1905/8004
f 1753/8042 1735/8042 1733/8045
f 1753/8042 1733/8045 1746/8047
f 2060/7976 2052/7984 2134/7966
f 1255/8075 1315/8075 1392/8073
f 1754/8047 1745/8047 1733/8047
f 1754/8047 1733/8047 1746/8047
f 1392/8073 1315/8075 1746/8047
f 1392/8073 1746/8047 1733/8047
f 1740/8042 1753/8042 1763/8034
f 1753/8042 1808/8030 1800/8030
f 1753/8042 1800/8030 1763/8034
f 1800/8030 1808/8030 1801/8030
f 1801/8030 1808/8030 1816/8025
f 1882/8004 1890/8004 1905/8004
f 1877/8004 1890/8004 1882/8004
f 1816/8025 1808/8030 1890/8004
f 1816/8025 1890/8004 1877/8004
f 1905/8004 1890/8004 2007/7991
f 1890/8004 2052/7984 2051/7983
f 1890/8004 2051/7983 2007/7991
f 2052/7984 2060/7976 2051/7983
f 2032/7982 2040/7982 2031/7982
f 2168/7968 2165/7968 2138/7968
f 2168/7968 2138/7968 2127/7968
f 2165/7968 2155/7968 2138/7968
f 1203/1138 1202/1139 1179/1140
f 915/8006 901/8006 889/8006
f 901/7846 915/7846 922/7846
f 901/7846 922/7846 949/7846
f 1544/7808 949/7846 1098/7810
f 1544/7808 1098/7810 1132/7808
f 949/7846 922/7846 1098/7810
f 1318/7800 1149/7805 1176/7802
f 1318/7800 1176/7802 1180/7801
f 1167/7804 1180/7801 1176/7802
f 1175/7803 1180/7801 1167/7804
f 1180/7801 1175/7803 1181/7798
f 4446/1581 4574/1580 4447/1587
f 4446/1581 4447/1587 4341/1594
f 4074/1555 4119/1542 4135/1540
f 4074/1555 4135/1540 4115/1551
f 4135/1492 4119/1494 4145/1495
f 4119/1494 4158/1499 4226/1500
f 4119/1494 4226/1500 4145/1495
f 4226/1778 4158/1779 4231/1777
f 4158/1499 4219/1502 4271/1504
f 4158/1499 4271/1504 4231/1501
f 4271/1604 4219/1605 4280/1603
f 4219/1605 4307/1600 4335/1599
f 4219/1605 4335/1599 4280/1603
f 4335/1599 4307/1600 4338/1598
f 4307/1600 4341/1594 4393/1590
f 4307/1600 4393/1590 4338/1598
f 4393/1590 4341/1594 4397/1589
f 4341/1594 4447/1587 4397/1589
f 4574/1521 4446/1558 5046/1518
f 4446/1558 4432/1558 5049/1516
f 4446/1558 5049/1516 5046/1518
f 5045/1517 4412/1558 5034/1519
f 5049/1516 4432/1558 4412/1558
f 5049/1516 4412/1558 5045/1517
f 3523/1541 3943/1477 3941/1476
f 3523/1541 3941/1476 3794/1484
f 3794/1484 3941/1476 3940/1475
f 3942/1407 3906/1408 3944/1409
f 3945/1411 3954/1410 3944/1409
f 3906/1408 3523/1459 3945/1411
f 3906/1408 3945/1411 3944/1409
f 3975/1386 3539/1332 3998/1381
f 3954/1387 3523/1335 3539/1332
f 3954/1387 3539/1332 3975/1386
f 3988/1515 3911/1522 3966/1514
f 3910/1239 3928/1240 3929/1238
f 3929/1238 3966/1236 3930/1232
f 3911/1231 3866/1237 3910/1239
f 3911/1231 3910/1239 3929/1238
f 3911/1231 3929/1238 3930/1232
f 3794/1484 3940/1475 3939/1478
f 3794/1484 3939/1478 3617/1536
f 3617/1536 3939/1478 3927/1479
f 3998/1737 3539/1738 4007/1736
f 3539/1738 3544/1724 4008/1727
f 3539/1738 4008/1727 4007/1736
f 4008/1727 3544/1724 3999/1723
f 4017/1426 3897/1450 4022/1428
f 3999/1429 3544/1490 3897/1450
f 3999/1429 3897/1450 4017/1426
f 4048/1562 4074/1555 4105/1552
f 4048/1562 4105/1552 4072/1561
f 4074/1555 4115/1551 4105/1552
f 4022/1428 3897/1450 4028/1427
f 3897/1450 3913/1455 4061/1430
f 3897/1450 4061/1430 4028/1427
f 3913/1455 4048/1442 4065/1438
f 3913/1455 4065/1438 4061/1430
f 4065/1438 4048/1442 4066/1439
f 4048/1440 4072/1424 4066/1425
f 4993/1731 4916/1731 5048/1733
f 4993/1731 5048/1733 5050/1732
f 5048/1733 4916/1731 5056/1734
f 4916/1731 5425/1719 5451/1725
f 4916/1731 5451/1725 5056/1734
f 4358/1693 4389/1694 4961/1721
f 4358/1693 4961/1721 4687/1716
f 4389/1574 4358/1579 4013/1601
f 4389/1574 4013/1601 3870/1611
f 3956/1609 3870/1611 4013/1601
f 3946/1491 3870/1496 3947/1498
f 3947/1615 3918/1614 3948/1613
f 3949/1610 3956/1609 3948/1613
f 3870/1611 3949/1610 3948/1613
f 3870/1611 3948/1613 3918/1614
f 4687/1716 4961/1721 4789/1718
f 4789/1718 4961/1721 5031/1726
f 5031/1564 4961/1548 4986/1550
f 5031/1564 4986/1550 5030/1563
f 3870/1496 3946/1491 3938/1437
f 3870/1496 3938/1437 3866/1419
f 3866/1419 3938/1437 3926/1422
f 5030/1563 4986/1550 5029/1565
f 4000/1520 3911/1522 3988/1515
f 3988/1448 3911/1451 3966/1447
f 3929/1238 3910/1239 3928/1240
f 3966/1236 3930/1232 3929/1238
f 3930/1232 3911/1231 3866/1237
f 3930/1232 3866/1237 3910/1239
f 3930/1232 3910/1239 3929/1238
f 5562/1512 5564/1508 5560/1513
f 5568/1507 5572/1503 5564/1508
f 5568/1507 5564/1508 5562/1512
f 1607/1577 1495/1576 1424/1584
f 1559/1445 1567/1444 1568/1446
f 1593/1443 1663/1435 1567/1444
f 1593/1443 1567/1444 1559/1445
f 5047/1185 4906/1187 5058/1188
f 5041/1184 4905/1183 4906/1187
f 5041/1184 4906/1187 5047/1185
f 4906/1415 5086/1359 5163/1396
f 4906/1415 5163/1396 5052/1414
f 5086/1359 5424/1318 5489/1394
f 5086/1359 5489/1394 5163/1396
f 5424/1318 5481/1318 5504/1393
f 5424/1318 5504/1393 5489/1394
f 5504/1393 5481/1318 5492/1392
f 1564/1369 1588/1370 1607/1370
f 1564/1369 1607/1370 1489/1367
f 2036/1664 2068/1659 2013/1665
f 2036/1664 2013/1665 1990/1665
f 2099/1659 2046/1659 2068/1659
f 2064/1284 2068/1284 2046/1284
f 2069/1282 2068/1284 2064/1284
f 2098/1274 2068/1284 2069/1282
f 1742/1553 1765/1554 1828/1538
f 1742/1553 1828/1538 1809/1539
f 2064/1659 2068/1659 2036/1664
f 2068/1284 1934/1296 1965/1296
f 2068/1284 1965/1296 2036/1289
f 1965/1296 1934/1296 1923/1296
f 1923/1190 1934/1192 1881/1191
f 1849/1530 1833/1527 1820/1529
f 1881/1528 1934/1524 1833/1527
f 1881/1528 1833/1527 1849/1530
f 1822/1338 1833/1338 1770/1354
f 1607/1370 1663/1371 1496/1366
f 1607/1370 1496/1366 1489/1367
f 1663/1371 1765/1353 1687/1358
f 1663/1371 1687/1358 1496/1366
f 1765/1554 1742/1553 1687/1560
f 1784/1398 1770/1391 1741/1390
f 1770/1391 1425/1374 1426/1378
f 1770/1391 1426/1378 1741/1390
f 1426/1378 1425/1374 1431/1379
f 1431/1379 1425/1374 1446/1374
f 1431/1379 1446/1374 1447/1382
f 1770/1391 1784/1398 1807/1406
f 1770/1391 1807/1406 1805/1391
f 1805/1391 1807/1406 1824/1418
f 1805/1391 1824/1418 1833/1418
f 1833/1418 1824/1418 1834/1418
f 1833/1418 1834/1418 1843/1418
f 1993/1296 1934/1296 1965/1296
f 1993/1296 1965/1296 1986/1296
f 1934/1255 1868/1263 1915/1256
f 1934/1255 1915/1256 1965/1249
f 1868/1246 1843/1250 1886/1241
f 1868/1246 1886/1241 1915/1234
f 1843/1689 1834/1689 1886/1676
f 1809/1337 1828/1339 1900/1364
f 1828/1339 2071/1389 2100/1399
f 1828/1339 2100/1399 1900/1364
f 2071/1283 2068/1284 2092/1277
f 2071/1283 2092/1277 2100/1273
f 2068/1284 2098/1274 2092/1277
f 2149/1271 2163/1267 2152/1268
f 2161/1267 2163/1267 2149/1271
f 2179/1267 2195/1267 2163/1267
f 2179/1267 2163/1267 2161/1267
f 2068/1659 2036/1664 2103/1656
f 2068/1659 2103/1656 2131/1652
f 2131/1648 2103/1655 2128/1650
f 2152/1268 2163/1267 2158/1266
f 2163/1642 2131/1648 2136/1647
f 2163/1642 2136/1647 2158/1641
f 2131/1648 2128/1650 2136/1647
f 6438/4066 6439/4080 6491/4078
f 6438/4066 6491/4078 6495/4066
f 7034/4296 6479/4295 7039/4294
f 7036/4298 6492/4299 6479/4295
f 7036/4298 6479/4295 7034/4297
f 5359/4352 5371/4353 5373/4356
f 5373/4356 5371/4353 5420/4355
f 6494/3889 6488/3903 6502/3914
f 6494/3889 6502/3914 6509/3915
f 7021/4071 6459/4115 7006/4072
f 7017/4070 6459/4115 7021/4071
f 6459/4115 7017/4070 7019/4069
f 6459/4115 7019/4069 6465/4115
f 6786/4110 6465/4115 7019/4069
f 6724/3944 6465/3899 6786/3947
f 6702/3948 6465/3899 6724/3944
f 6701/3949 6465/3899 6702/3948
f 6683/3943 6465/3899 6701/3949
f 6641/4099 6465/4126 6683/4107
f 6589/4087 6465/4126 6641/4099
f 6522/4086 6465/4126 6589/4087
f 6451/4081 6465/4126 6522/4086
f 6465/4126 6451/4081 6447/4083
f 6465/4126 6447/4083 6459/4126
f 5837/4002 5906/3986 5897/3989
f 5906/3986 5837/4002 5917/3979
f 5837/4002 5849/4001 5927/3978
f 5837/4002 5927/3978 5917/3979
f 5927/3978 5849/4001 5938/3977
f 5938/3977 5849/4001 5951/3976
f 6013/3964 5920/3980 6116/3957
f 5988/3971 5920/3980 6013/3964
f 5951/3976 5849/4001 5920/3980
f 5951/3976 5920/3980 5988/3971
f 5837/4002 5897/3989 5890/3993
f 5837/4002 5890/3993 5824/4006
f 5689/4019 5824/4006 5825/4005
f 5689/4019 5825/4005 5704/4017
f 5824/4006 5890/3993 5825/4005
f 6116/4068 5920/4105 6260/4050
f 5920/4105 6170/4058 6292/4044
f 5920/4105 6292/4044 6260/4050
f 6292/4044 6170/4058 6465/4042
f 6292/4044 6465/4042 6453/4041
f 5393/4074 5295/4077 5326/4076
f 5326/4076 5295/4077 5244/4082
f 5244/4082 5295/4077 5403/4085
f 5403/4039 5689/4019 5625/4027
f 5403/4039 5625/4027 5350/4038
f 5689/4019 5704/4017 5625/4027
f 6459/4309 6523/4310 6465/4312
f 6465/4312 6523/4310 6453/4311
f 5749/4040 5946/4022 5934/4025
f 5749/4040 5934/4025 5874/4033
f 6176/4242 6177/4243 6158/4244
f 6262/4235 6500/4226 6267/4234
f 6177/4243 6176/4242 6500/4226
f 6177/4243 6500/4226 6262/4235
f 6176/4242 6158/4244 6086/4246
f 6176/4242 6086/4246 6191/4241
f 5934/4249 5946/4245 6191/4241
f 5934/4249 6191/4241 6086/4246
f 5749/3922 5874/3908 5830/3923
f 5749/3922 5830/3923 5405/3939
f 5658/3936 5405/3939 5830/3923
f 5405/3939 5658/3936 5354/3950
f 6856/4183 6980/4188 7011/4194
f 6980/4188 6856/4183 6559/4130
f 6980/4188 6559/4130 6501/4129
f 6481/4304 6483/4302 6482/4305
f 6483/4302 6501/4302 6497/4303
f 6483/4302 6497/4303 6482/4305
f 6501/4302 6559/4306 6497/4303
f 6267/4234 6500/4226 6493/4232
f 6482/4231 6483/4226 6481/4230
f 6493/4232 6500/4226 6483/4226
f 6493/4232 6483/4226 6482/4231
f 5405/3939 5354/3950 5277/3942
f 5405/3939 5277/3942 5281/3939
f 7011/4194 6980/4188 7016/4195
f 7016/4195 6980/4188 6984/4188
f 7016/4195 6984/4188 7018/4193
f 3320/3290 3324/3287 3206/3288
f 3320/3290 3206/3288 3108/3290
f 3177/3174 3198/3174 3243/3172
f 3177/3174 3243/3172 3230/3173
f 3198/3174 3259/3169 3243/3172
f 3259/2485 3198/2565 3219/2487
f 3177/3174 3198/3174 3243/3172
f 3177/3174 3243/3172 3230/3173
f 3198/3174 3259/3169 3243/3172
f 3039/2751 2788/2790 2926/2764
f 3326/2725 3304/2724 2788/2790
f 3326/2725 2788/2790 3039/2751
f 3198/2715 3304/2724 3279/2722
f 3198/2715 3279/2722 3219/2716
f 3304/2724 3326/2725 3279/2722
f 2926/2764 2788/2790 2789/2783
f 2789/2783 2788/2790 2801/2788
f 2788/2790 2773/2791 2801/2788
f 4068/2532 4099/2537 3760/2472
f 2797/3360 2788/3309 2773/3359
f 2960/3358 2788/3309 2797/3360
f 2851/3229 2853/3231 2984/3217
f 2788/3231 2853/3231 2799/3230
f 2853/3231 2851/3229 2799/3230
f 4064/3569 3773/3543 3712/3557
f 4064/3569 3712/3557 3320/3641
f 3320/3641 3712/3557 3286/3582
f 3324/2558 3320/2694 3286/2557
f 3259/2485 3198/2565 3219/2487
f 3182/3171 3198/3174 3259/3169
f 3198/3174 3182/3171 3237/3170
f 3198/3174 3237/3170 3320/3174
f 3091/3193 3320/3174 3237/3170
f 2984/3217 2853/3231 3320/3174
f 2984/3217 3320/3174 3091/3193
f 3108/2388 3320/2388 3286/2395
f 3108/2388 3286/2395 3140/2394
f 3219/3351 3198/3286 3220/3353
f 3220/3353 3198/3286 3108/3285
f 3220/3353 3108/3285 3140/3352
f 2788/3309 2960/3358 3087/3354
f 2788/3309 3087/3354 3108/3285
f 3108/3285 3087/3354 3140/3352
f 3592/2410 3108/2388 3140/2394
f 3681/2446 3108/2388 3592/2410
f 3760/2472 4099/2537 3108/2388
f 3760/2472 3108/2388 3681/2446
f 2853/3231 2851/3229 2820/3228
f 2853/3231 2820/3228 2788/3231
f 2788/2860 2820/2730 2773/2729
f 3907/3364 3977/3367 4029/3380
f 3320/3290 3247/3289 3324/3287
f 3977/3367 3907/3364 3660/3328
f 3320/3290 3324/3287 3206/3288
f 3320/3290 3206/3288 3108/3290
f 3660/3328 3907/3364 3108/3290
f 3660/3328 3108/3290 3206/3288
f 4562/2281 4512/2263 4518/2265
f 4562/2281 4518/2265 4571/2288
f 4582/2299 4571/2288 4518/2265
f 4588/2301 4571/2288 4582/2299
f 4605/3837 4571/3819 4588/3831
f 4571/3819 4605/3837 4689/3849
f 4571/3819 4689/3849 4684/3850
f 4667/3848 4684/3850 4689/3849
f 4684/3850 4667/3848 4618/3847
f 4684/3850 4618/3847 4598/3850
f 2853/3231 2851/3229 2820/3228
f 2853/3231 2820/3228 2788/3231
f 2788/2389 2820/2475 2773/2474
f 298/3129 325/3127 378/3126
f 298/3129 378/3126 394/3129
f 325/3127 298/3129 308/3128
f 269/3239 298/3253 289/3250
f 269/3239 289/3250 279/3240
f 298/3253 315/3254 289/3250
f 290/3771 246/3781 273/3775
f 290/3771 273/3775 283/3772
f 273/3775 246/3781 187/3789
f 246/3781 189/3791 180/3792
f 246/3781 180/3792 187/3789
f 180/3792 189/3791 130/3811
f 189/3791 170/3800 128/3814
f 189/3791 128/3814 130/3811
f 170/3800 138/3807 125/3815
f 170/3800 125/3815 128/3814
f 125/3640 138/3636 16/3677
f 125/3640 16/3677 106/3642
f 479/3535 474/3541 264/3587
f 479/3535 264/3587 270/3586
f 236/3599 246/3594 135/3637
f 246/3594 189/3611 130/3639
f 246/3594 130/3639 135/3637
f 189/3611 138/3636 125/3640
f 189/3611 125/3640 130/3639
f 138/2165 129/2168 122/2170
f 138/2165 122/2170 125/2169
f 129/2168 113/2177 119/2173
f 129/2168 119/2173 122/2170
f 1222/3274 1256/3277 1223/3275
f 1290/3273 1256/3277 1222/3274
f 1296/3272 1282/3277 1256/3277
f 1296/3272 1256/3277 1290/3273
f 394/2167 363/2156 317/2158
f 394/2167 317/2158 298/2167
f 308/2159 298/2167 317/2158
f 298/2167 394/2167 355/2157
f 298/2167 355/2157 308/2159
f 269/3419 253/3421 213/3425
f 962/2429 764/2354 765/2341
f 764/2354 962/2429 1368/2469
f 764/2354 1368/2469 1256/2476
f 1291/2470 1256/2476 1368/2469
f 1282/2476 1256/2476 1291/2470
f 298/2167 308/2159 476/2193
f 298/2167 476/2193 518/2232
f 518/2232 476/2193 482/2195
f 518/2232 482/2195 538/2242
f 538/2242 482/2195 485/2194
f 538/2242 485/2194 547/2241
f 705/2303 547/2241 485/2194
f 765/2341 764/2354 547/2246
f 765/2341 547/2246 705/2304
f 68/3824 101/3836 133/3845
f 389/2275 520/2306 533/2348
f 533/2348 520/2306 642/2430
f 707/3546 818/3485 711/3540
f 711/3668 818/3624 720/3659
f 720/3659 818/3624 749/3649
f 941/3562 1020/3553 992/3533
f 1020/3553 941/3562 867/3573
f 1020/3553 867/3573 822/3619
f 750/3646 822/3619 867/3573
f 749/3649 818/3624 822/3619
f 749/3649 822/3619 750/3647
f 818/3485 707/3546 701/3552
f 818/3485 701/3552 789/3509
f 642/2430 520/2306 789/2502
f 642/2430 789/2502 701/2461
f 520/2306 389/2275 218/2239
f 520/2306 218/2239 40/2107
f 558/2937 700/3024 694/3048
f 700/3024 823/3168 694/3048
f 1350/3630 1356/3673 1303/3629
f 1298/3632 1356/3673 1350/3630
f 1356/3673 1298/3632 1229/3631
f 1356/3673 1229/3631 1232/3673
f 844/3584 1232/3673 1229/3631
f 823/3575 700/3591 1232/3673
f 823/3575 1232/3673 844/3584
f 700/3024 558/2937 511/2908
f 700/3024 511/2908 269/2792
f 269/2792 511/2908 279/2814
f 926/3203 1257/3268 864/3194
f 864/2401 1257/2450 859/2393
f 1257/2450 831/2361 850/2383
f 1257/2450 850/2383 859/2393
f 850/2383 831/2361 782/2334
f 831/2361 746/2313 782/2334
f 659/2278 687/2282 614/2262
f 735/2305 687/2282 659/2278
f 746/2313 831/2361 687/2282
f 746/2313 687/2282 735/2305
f 1223/3275 1256/3277 1283/3271
f 1256/3277 1257/3268 1284/3267
f 1256/3277 1284/3267 1283/3271
f 1257/3268 926/3203 1284/3267
f 614/2262 687/2282 604/2255
f 687/2282 298/2106 440/2166
f 687/2282 440/2166 604/2255
f 440/2166 298/2106 308/2138
f 298/3776 53/3825 136/3802
f 298/3776 136/3802 308/3777
f 136/3802 53/3825 56/3826
f 53/2108 40/2128 45/2125
f 53/2108 45/2125 56/2109
f 45/2125 40/2128 36/2129
f 36/3436 40/3440 70/3448
f 40/2107 218/2239 70/2164
f 992/3020 1020/2887 1009/3021
f 1009/3021 1020/2887 1032/3027
f 1020/2887 1143/2887 1099/3022
f 1020/2887 1099/3022 1032/3027
f 1143/2887 1125/3019 1099/3022
f 717/3851 636/3877 719/3846
f 713/3857 636/3877 717/3851
f 636/2178 713/2205 712/2204
f 636/2178 712/2204 627/2171
f 693/2192 627/2171 712/2204
f 627/3052 550/3227 500/3266
f 627/3052 500/3266 367/3207
f 196/3477 293/3503 257/3489
f 293/3503 367/3516 303/3494
f 293/3503 303/3494 257/3489
f 367/3516 500/3545 370/3508
f 550/3187 627/3052 582/3134
f 582/3134 627/3052 686/3028
f 627/2171 693/2192 686/2191
f 1099/3022 1143/2887 1125/3019
f 1143/2887 1099/3022 1032/3027
f 1143/2887 1032/3027 1020/2887
f 1009/3021 1020/2887 1032/3027
f 900/2473 1020/2572 1009/2501
f 758/3823 1020/3734 900/3768
f 719/3846 636/3877 1020/3734
f 719/3846 1020/3734 758/3823
f 293/3503 196/3477 70/3451
f 293/3503 70/3451 40/3446
f 45/2141 40/2140 70/2152
f 87/3833 40/3820 45/3818
f 91/3834 40/3820 87/3833
f 101/3836 68/3824 40/3820
f 101/3836 40/3820 91/3834
f 68/3824 133/3845 288/3876
f 68/3824 288/3876 298/3872
f 298/3129 288/3125 308/3128
f 325/3127 298/3129 308/3128
f 298/3253 286/3256 315/3254
f 286/3256 298/3253 238/3253
f 286/3256 238/3253 251/3255
f 298/3129 325/3127 378/3126
f 298/3129 378/3126 394/3129
f 290/1972 283/1970 272/1969
f 290/1972 272/1969 245/1971
f 245/1971 272/1969 261/1968
f 245/1971 261/1968 189/1966
f 180/1961 189/1964 261/1967
f 189/1964 180/1961 177/1960
f 189/1964 177/1960 170/1962
f 170/1962 177/1960 168/1959
f 170/1962 168/1959 129/1958
f 123/1956 129/1958 168/1959
f 118/1955 113/1957 129/1958
f 118/1955 129/1958 123/1956
f 54/1939 269/1931 155/1935
f 54/1939 155/1935 51/1942
f 155/1935 269/1931 203/1934
f 269/1931 278/1933 203/1934
f 1861/3483 2312/3596 2233/3568
f 1082/3439 1078/3443 2169/3554
f 1114/3437 1078/3443 1083/3438
f 1078/3443 1082/3439 1083/3438
f 1097/2373 1079/2369 1075/2370
f 1096/2371 1079/2369 1097/2373
f 1110/2372 1114/2369 1079/2369
f 1110/2372 1079/2369 1096/2371
f 2748/3729 2756/3726 2793/3725
f 2748/3729 2793/3725 2825/3729
f 2846/3723 2825/3729 2793/3725
f 2568/3675 2825/3729 2846/3723
f 2825/3729 2568/3675 2535/3663
f 2825/3729 2535/3663 2337/3602
f 2335/3603 2337/3602 2535/3663
f 2312/3596 1861/3483 2337/3602
f 2312/3596 2337/3602 2335/3603
f 1861/3483 2233/3568 2220/3567
f 1861/3483 2220/3567 1714/3459
f 2186/3559 1714/3459 2220/3567
f 2169/3554 1078/3443 1714/3459
f 2169/3554 1714/3459 2186/3559
f 2087/2197 1973/2244 1987/2240
f 1097/2373 1079/2369 1075/2370
f 1096/2371 1079/2369 1097/2373
f 1079/2369 1096/2371 1110/2372
f 1079/2369 1110/2372 1114/2369
f 1757/2326 1114/2369 1110/2372
f 1973/2244 2087/2197 1114/2369
f 1973/2244 1114/2369 1757/2326
f 2087/2710 1987/2662 2004/2668
f 2087/2710 2004/2668 2114/2714
f 2344/2839 2292/2789 2369/2853
f 2196/2738 2114/2714 2190/2735
f 2260/2773 2114/2714 2196/2738
f 2292/2789 2344/2839 2114/2714
f 2292/2789 2114/2714 2260/2773
f 2344/2988 2507/3101 2569/3135
f 2344/2988 2569/3135 2748/3234
f 2748/3234 2569/3135 2745/3233
f 2507/2930 2344/2839 2425/2882
f 2344/2839 2369/2853 2425/2882
f 2190/2735 2114/2714 2047/2698
f 2047/2698 2114/2714 2034/2693
f 2114/2714 2004/2668 2034/2693
f 2082/2590 2087/2503 1789/2581
f 2087/2338 2082/2337 2217/2398
f 2087/2338 2217/2398 2482/2507
f 2240/2406 2482/2507 2217/2398
f 2482/2507 2240/2406 2269/2413
f 2482/2507 2269/2413 2577/2529
f 2455/2490 2577/2529 2323/2434
f 2455/2490 2323/2434 2355/2449
f 2577/2529 2269/2413 2323/2434
f 1114/2494 1126/2580 1087/2495
f 1789/2581 2087/2503 1087/2495
f 1789/2581 1087/2495 1126/2580
f 2748/2583 2455/2490 2511/2515
f 2748/2583 2511/2515 2745/2588
f 2455/2490 2355/2449 2511/2515
f 2760/2463 2748/2551 2745/2462
f 2825/3729 2748/3729 2794/3724
f 2825/3729 2794/3724 2846/3723
f 2748/3729 2760/3722 2794/3724
f 2760/2463 2748/2551 2745/2462
f 2825/3729 2748/3729 2794/3724
f 2825/3729 2794/3724 2846/3723
f 2748/3729 2760/3722 2794/3724
f 5038/7749 4996/7746 4995/7747
f 5038/7749 4995/7747 5039/7750
f 5014/7748 5039/7750 4995/7747
f 5070/7751 5039/7750 5014/7748
f 5121/7756 5105/7753 5114/7755
f 5114/7755 5105/7753 5109/7754
f 5105/7753 5039/7750 5085/7752
f 5105/7753 5085/7752 5109/7754
f 5039/7750 5070/7751 5085/7752
f 4580/7744 4587/7741 4624/7742
f 4580/7744 4624/7742 4648/7744
f 4644/7740 4648/7744 4624/7742
f 4773/7745 4648/7738 4644/7739
f 4996/7746 5038/7749 4648/7738
f 4996/7746 4648/7738 4773/7745
f 5105/7753 5121/7756 5143/7758
f 5105/7753 5143/7758 5146/7757
f 5177/7761 5146/7757 5143/7758
f 5183/7757 5146/7757 5151/7759
f 5183/7757 5151/7759 5175/7760
f 5146/7757 5177/7761 5151/7759
f 5715/3695 5692/3683 5664/3676
f 5692/3683 5715/3695 5804/3731
f 5692/3683 5804/3731 5801/3717
f 5801/3043 5804/2951 5870/3035
f 5801/3043 5870/3035 5898/3100
f 5898/3784 5870/3762 5958/3801
f 6953/2683 6960/2718 6968/2675
f 6960/3743 6981/3767 6968/3765
f 6665/3556 6627/3528 6652/3537
f 6627/3528 6665/3556 6675/3563
f 6627/3528 6675/3563 6692/3572
f 6699/3577 6692/3572 6675/3563
f 6692/3572 6699/3580 6703/3583
f 6692/3572 6703/3583 6696/3574
f 6718/3593 6696/3574 6703/3583
f 6696/3574 6718/3593 6783/3634
f 6442/3518 6462/3515 6530/3514
f 6442/3518 6530/3514 6537/3518
f 6637/3530 6537/3518 6530/3514
f 6643/3531 6537/3518 6637/3530
f 6652/3537 6627/3528 6537/3518
f 6652/3537 6537/3518 6643/3531
f 6696/3574 6783/3634 6807/3648
f 6696/3574 6807/3648 7059/3716
f 7024/3704 7059/3716 6807/3648
f 7059/3716 7024/3704 7023/3705
f 7059/3716 7023/3705 7060/3721
f 7058/3720 7060/3721 7023/3705
f 7020/3769 7060/3712 7058/3770
f 6981/3767 6960/3743 7060/3712
f 6981/3767 7060/3712 7020/3769
f 6918/3707 6960/3743 6949/3764
f 6918/3707 6949/3764 6911/3763
f 6960/2718 6953/2683 6949/2684
f 5341/3302 5387/3305 5395/3304
f 5387/3305 5341/3302 5291/3303
f 5387/3305 5291/3303 5282/3305
f 5349/3307 5282/3305 5291/3303
f 5282/3305 5349/3307 5465/3311
f 5282/3305 5465/3311 5588/3312
f 5664/3676 5692/3683 5588/3635
f 5664/3676 5588/3635 5465/3638
f 6441/3249 6460/3251 6530/3261
f 6441/3249 6530/3261 6537/3265
f 6555/3264 6537/3265 6530/3261
f 6581/3265 6537/3265 6556/3262
f 6581/3265 6556/3262 6579/3263
f 6537/3265 6555/3264 6556/3262
f 6460/2400 6441/2386 6300/2359
f 6300/2359 6441/2386 6297/2358
f 6441/2386 6273/2315 6297/2358
f 6053/2779 6080/2702 6104/2779
f 6100/2699 6104/2779 6080/2702
f 6169/2734 6104/2779 6100/2699
f 6273/2815 6441/2965 6104/2779
f 6273/2815 6104/2779 6169/2734
f 5898/3784 5958/3801 6100/3852
f 5898/3784 6100/3852 6104/3843
f 6087/3853 6104/3843 6100/3852
f 6104/3843 6087/3853 6069/3855
f 6104/3843 6069/3855 6053/3843
f 6053/3843 6069/3855 6046/3854
f 1466/1906 1393/1907 1411/1910
f 1393/1907 1466/1906 1558/1905
f 1393/1907 1558/1905 1461/1904
f 1325/1896 1461/1895 1558/1894
f 1144/1898 1461/1895 1325/1896
f 1461/1845 1144/1843 1029/1842
f 1461/1845 1029/1842 1036/1841
f 1052/1903 1036/1899 1029/1901
f 1036/1899 1052/1903 1135/1902
f 1036/1899 1135/1902 1216/1899
f 1216/1899 1135/1902 1184/1900
f 1393/1907 1599/1907 1565/1909
f 1393/1907 1565/1909 1411/1910
f 1599/1907 1621/1908 1565/1909
f 1325/1807 1461/1806 1558/1805
f 1144/1862 1461/1856 1325/1860
f 1461/1895 1144/1898 1029/1901
f 1461/1895 1029/1901 1036/1899
f 1052/1903 1036/1899 1029/1901
f 1036/1899 1052/1903 1135/1902
f 1036/1899 1135/1902 1216/1899
f 1216/1899 1135/1902 1184/1900
f 3169/825 3123/805 3137/806
f 3317/870 3289/871 3272/869
f 3214/868 3289/871 3317/870
f 3289/871 3214/868 3134/867
f 3289/871 3134/867 3170/871
f 3317/870 3289/871 3272/869
f 3214/868 3289/871 3317/870
f 3134/867 3170/871 3289/871
f 3134/867 3289/871 3214/868
f 5122/915 5285/912 5258/911
f 5285/912 5122/915 5001/919
f 5285/912 5001/919 4918/923
f 4465/727 4380/729 4474/726
f 4474/726 4380/729 4918/713
f 4474/726 4918/713 4749/714
f 4380/729 4465/727 4458/728
f 4380/729 4458/728 4352/730
f 4336/731 4352/730 4458/728
f 4195/931 4352/927 4336/928
f 4352/927 4195/931 3960/935
f 4352/927 3960/935 3839/942
f 3839/942 3960/935 3834/941
f 4749/714 4918/713 4911/712
f 4918/923 5001/919 4911/922
f 4935/866 4974/861 4972/864
f 4974/861 4935/866 4902/865
f 4974/861 4902/865 4918/861
f 4886/863 4918/861 4902/865
f 4918/861 4886/863 4911/862
f 2146/746 1997/759 2157/745
f 2157/745 1997/759 2376/733
f 2157/745 2376/733 2219/734
f 2817/709 2889/711 2884/710
f 2889/711 2817/709 2732/708
f 2889/711 2732/708 2721/711
f 2579/723 2721/711 2732/708
f 2526/725 2376/733 2721/711
f 2526/725 2721/711 2579/723
f 2126/752 1997/760 2146/748
f 1857/765 1874/763 1997/760
f 1857/765 1997/760 1863/764
f 1874/763 1802/770 1781/771
f 1874/763 1781/771 1341/773
f 1234/773 1341/773 1278/775
f 1234/773 1278/775 1209/777
f 1278/775 1341/773 1372/776
f 1372/776 1341/773 1320/774
f 1341/773 1781/771 1320/774
f 1802/770 1874/763 1851/769
f 1874/763 1857/765 1851/769
f 1863/764 1997/760 1887/762
f 1887/762 1997/760 2035/757
f 1997/760 2126/752 2035/757
f 2219/734 2376/733 2374/732
f 2376/733 2526/725 2374/732
f 2358/823 2436/829 2452/830
f 2191/883 2189/882 2436/888
f 2191/883 2436/888 2358/886
f 2189/882 2191/883 2005/881
f 2189/882 2005/881 1893/876
f 1893/876 2005/881 1895/877
f 3772/754 3839/751 3834/750
f 3756/755 3839/751 3772/754
f 3839/751 3756/755 3724/756
f 3839/751 3724/756 3777/753
f 3777/753 3724/756 3672/758
f 3777/753 3672/758 3644/761
f 3777/753 3644/761 3169/768
f 3352/766 3169/768 3644/761
f 3169/768 3352/766 3137/767
f 3084/838 3169/859 3137/839
f 3059/837 3169/859 3084/838
f 3137/873 3169/874 3135/872
f 3135/872 3169/874 3170/871
f 3135/872 3170/871 3134/867
f 3169/920 3059/913 2911/914
f 3169/920 2911/914 2730/916
f 2730/895 2911/898 2737/896
f 2634/843 2730/860 2737/857
f 2629/842 2730/860 2634/843
f 2508/836 2730/860 2629/842
f 2457/831 2730/860 2508/836
f 2452/830 2436/829 2730/860
f 2452/830 2730/860 2457/831
f 2845/860 2819/858 2737/857
f 2845/860 2737/857 2730/860
f 2730/895 2737/896 2727/897
f 3169/7769 3623/7774 3502/7772
f 3169/7769 3502/7772 3123/7770
f 4918/7779 4468/7834 4623/7792
f 4918/7779 4623/7792 4919/7780
f 4623/7792 4468/7834 4543/7813
f 4468/7834 4453/7839 4533/7814
f 4468/7834 4533/7814 4543/7813
f 4533/7814 4453/7839 4523/7816
f 4523/7816 4453/7839 4346/7853
f 4453/7839 4436/7845 4334/7854
f 4453/7839 4334/7854 4346/7853
f 4334/7854 4436/7845 4327/7856
f 4327/7856 4436/7845 4313/7858
f 4436/7845 3839/7897 4003/7891
f 4436/7845 4003/7891 4313/7858
f 3839/7897 3834/7901 4003/7891
f 3089/7866 3170/7807 3134/7869
f 3069/7868 3170/7807 3089/7866
f 2719/7865 2721/7799 2730/7841
f 2719/7865 2730/7841 2727/7864
f 3170/7807 3069/7868 2955/7867
f 3170/7807 2955/7867 2730/7841
f 2741/7862 2730/7841 2955/7867
f 2730/7841 2741/7862 2737/7863
f 4918/7996 5062/7960 5082/7959
f 4918/7996 5082/7959 5285/7995
f 5285/7995 5082/7959 5258/7958
f 5062/7960 4918/7996 5001/7961
f 4918/7996 4911/7962 5001/7961
f 1234/7880 1341/7880 1379/7925
f 1379/7925 1341/7880 1299/7924
f 1299/7924 1341/7880 1210/7923
f 1341/7880 1893/7908 1837/7921
f 1341/7880 1837/7921 1210/7923
f 1893/7908 1895/7920 1837/7921
f 6574/3905 6566/3907 6568/3906
f 6527/4320 6562/4319 6436/4319
f 6527/4320 6436/4319 6444/4321
f 5937/4109 5928/4108 6049/4120
f 5850/4079 5928/4108 5937/4109
f 5928/4108 5850/4079 5834/4067
f 5928/4108 5834/4067 5738/4053
f 5738/4053 5834/4067 5736/4054
f 6049/4120 5928/4108 6140/4134
f 6185/4255 6174/4253 6254/4261
f 6140/4134 5928/4108 6174/4148
f 6140/4134 6174/4148 6185/4149
f 5738/4053 5736/4054 5717/4052
f 5738/4053 5717/4052 5392/4029
f 5707/4051 5392/4029 5717/4052
f 5392/4029 5707/4051 5376/4030
f 6283/4262 6553/4272 6543/4274
f 6254/4261 6174/4253 6553/4272
f 6254/4261 6553/4272 6283/4262
f 5976/4326 6007/4329 5846/4318
f 6007/4329 5976/4326 6122/4336
f 6007/4329 6122/4336 6179/4341
f 6179/4341 6122/4336 6178/4340
f 5752/4313 5756/4314 5621/4308
f 5756/4314 5752/4313 5816/4315
f 5756/4314 5816/4315 5931/4325
f 5828/4317 5931/4325 5816/4315
f 5846/4318 6007/4329 5931/4325
f 5846/4318 5931/4325 5828/4317
f 6179/4341 6178/4340 6264/4344
f 6179/4341 6264/4344 6569/4348
f 6444/4321 6436/4319 6466/4322
f 6436/4319 6569/4323 6560/4324
f 6436/4319 6560/4324 6466/4322
f 6569/4348 6264/4344 6560/4347
f 5348/4301 5392/4307 5274/4300
f 5621/4308 5756/4314 5392/4307
f 5621/4308 5392/4307 5348/4301
f 6755/4016 6780/4021 6788/4011
f 6780/4021 6755/4016 6646/4026
f 6780/4021 6646/4026 6480/4045
f 6635/4032 6480/4045 6646/4026
f 6464/4034 6480/4045 6635/4032
f 6569/4013 6480/4003 6506/3961
f 6569/4013 6506/3961 6560/3963
f 6506/3961 6480/4003 6538/3962
f 6480/4045 6464/4034 6538/4036
f 6568/3906 6574/3905 6566/3907
f 6619/3919 6574/3905 6568/3906
f 6624/3920 6574/3905 6619/3919
f 6574/3905 6624/3920 6648/3930
f 6917/3973 6898/3967 6892/3972
f 6898/4014 6917/3996 6941/3995
f 6898/4014 6941/3995 6948/4014
f 6886/4000 6948/4014 6941/3995
f 6948/4014 6886/4000 6793/4008
f 6948/4014 6793/4008 6787/4018
f 6791/4010 6787/4018 6793/4008
f 6788/4011 6780/4021 6787/4018
f 6788/4011 6787/4018 6791/4010
f 6574/3905 6648/3930 6892/3972
f 6574/3905 6892/3972 6898/3967
f 6917/3973 6898/3967 6892/3972
f 6898/4014 6917/3996 6941/3995
f 6898/4014 6941/3995 6948/4014
f 4099/2537 4068/2532 4194/2559
f 4099/2537 4194/2559 4273/2574
f 4099/2537 4273/2574 4272/2573
f 4224/3507 4064/3569 4292/3551
f 4224/3507 4292/3551 4290/3501
f 3773/3543 4064/3569 4142/3519
f 4142/3519 4064/3569 4224/3507
f 3907/3364 4029/3380 4141/3394
f 3907/3364 4141/3394 4168/3399
f 4157/3397 4168/3399 4141/3394
f 4324/2175 4181/2124 4176/2148
f 4512/2263 4562/2281 4179/2123
f 4512/2263 4179/2123 4325/2176
f 4325/2176 4179/2123 4181/2124
f 4325/2176 4181/2124 4324/2175
f 97/3645 7/3678 10/3682
f 7/3678 97/3645 100/3644
f 7/3678 100/3644 4/3679
f 4/3679 100/3644 102/3643
f 4/3679 102/3643 5/3681
f 5/3681 102/3643 106/3642
f 5/3681 106/3642 16/3677
f 573/3495 554/3521 580/3491
f 554/3521 561/3513 579/3492
f 554/3521 579/3492 580/3491
f 561/3513 479/3535 270/3586
f 561/3513 270/3586 437/3561
f 561/3513 437/3561 540/3525
f 474/3541 433/3560 260/3588
f 474/3541 260/3588 264/3587
f 448/3555 246/3594 236/3599
f 448/3555 236/3599 256/3589
f 448/3555 256/3589 260/3588
f 448/3555 260/3588 433/3560
f 222/3424 212/3427 252/3422
f 252/3422 212/3427 213/3425
f 252/3422 213/3425 253/3421
f 35/3617 29/3616 53/3625
f 35/3617 53/3625 52/3626
f 7072/2826 6936/2737 6999/2774
f 6991/2753 6918/2733 6903/2728
f 6995/2761 6918/2733 6991/2753
f 6999/2774 6936/2737 6918/2733
f 6999/2774 6918/2733 6997/2762
f 6997/2762 6918/2733 6995/2761
f 3859/953 3924/946 3923/948
f 3924/946 3859/953 3796/954
f 3924/946 3796/954 3784/955
f 3924/946 3784/955 3917/945
f 3896/744 3839/751 3925/738
f 3896/744 3925/738 3922/743
f 3834/750 3839/751 3875/749
f 3875/749 3839/751 3896/744
f 3623/7774 3919/7819 3637/7775
f 3623/7774 3637/7775 3502/7772
f 3917/7818 3784/7793 3642/7778
f 3917/7818 3642/7778 3637/7775
f 3917/7818 3637/7775 3919/7819
