# Shibuya_T4 - extracted from TY_Shibuya_large_ctr_packed (original mesh frame, metres, Y up)
# faces 10361 vertices 7043
mtllib Shibuya_T4.mtl
o Shibuya_T4
v -63.381630 12.854812 275.845245
v -63.322220 40.772392 276.070251
v -63.321465 40.192734 275.741486
v -63.319954 65.478951 275.794800
v -63.312476 -13.596287 276.119341
v -63.307167 65.416351 275.614716
v -63.305336 31.200668 275.862000
v -63.301262 49.839077 276.028870
v -63.296646 40.647186 275.710052
v -63.292380 -13.607866 276.173509
v -63.288471 49.776474 275.848755
v -63.288471 49.840500 275.758911
v -63.288250 71.928589 275.920471
v -63.288250 72.120674 275.650940
v -63.280304 58.905758 275.987457
v -63.267517 58.907181 275.717529
v -63.265503 21.973888 275.815247
v -63.255691 -13.491856 270.789207
v -63.248600 65.419418 276.023315
v -63.209541 3.755039 275.889008
v -63.151669 65.426765 275.622131
v -63.149376 31.092964 275.785248
v -63.132973 49.850914 275.766357
v -63.131618 49.854778 275.845306
v -63.126835 4.683622 275.948486
v -63.121979 22.951151 275.810455
v -63.118565 4.309475 276.161102
v -63.117126 41.107643 275.828217
v -63.114727 3.765591 273.887695
v -63.095130 -13.605021 276.595605
v -63.093410 12.874115 275.859009
v -63.093183 -9.226149 277.429817
v -63.088985 70.920135 275.791229
v -63.088982 70.920135 275.791229
v -63.088882 -2.625266 276.208984
v -63.087915 -7.664988 277.435085
v -63.077282 3.882050 275.979492
v -63.073128 -3.655591 277.449872
v -63.062534 13.765769 276.077637
v -63.062534 13.876804 275.921814
v -63.062271 2.512346 277.460729
v -63.059900 0.636701 277.463100
v -63.059200 -9.442091 276.091431
v -63.057682 31.922260 276.095398
v -63.057682 32.033295 275.939575
v -63.057682 32.144329 275.783783
v -63.040965 -13.665787 276.070003
v -63.027832 72.225998 275.717438
v -63.015488 58.973885 275.815308
v -63.003090 4.691420 276.188995
v -62.998600 12.884665 273.857697
v -62.998238 22.958946 276.050934
v -62.996652 -13.668527 276.072086
v -62.993385 41.115440 276.068695
v -62.985649 40.668015 275.724915
v -62.980915 4.693888 275.720886
v -62.977283 21.993191 275.829010
v -62.974255 64.893158 275.764893
v -62.959526 40.754974 275.889069
v -62.956520 58.928009 275.732391
v -62.953640 -3.465341 277.008301
v -62.953465 -13.646814 276.227338
v -62.947138 -3.694871 277.575862
v -62.945425 -3.833352 277.577575
v -62.933922 -2.732284 276.132721
v -62.922306 31.230524 273.874451
v -62.921318 3.774342 275.902740
v -62.916615 13.776033 275.850006
v -62.915645 -13.571261 274.195482
v -62.911762 32.043556 275.711975
v -62.905644 -12.866409 270.108294
v -62.901345 -9.211744 277.621655
v -62.900986 40.339046 275.845764
v -62.893333 49.803219 275.732361
v -62.886818 -2.727039 275.138489
v -62.882497 -13.672549 276.253456
v -62.880291 4.152649 276.117004
v -62.878878 -9.211537 277.644122
v -62.878577 -13.672226 276.263020
v -62.876442 -13.672983 276.250477
v -62.867535 71.638046 275.713440
v -62.861156 31.112265 275.799011
v -62.852318 22.969212 275.823334
v -62.847466 41.125702 275.841095
v -62.846083 -13.608278 276.572342
v -62.845358 2.386807 277.677642
v -62.845024 22.120197 275.919525
v -62.843399 49.874084 275.859070
v -62.836098 3.272507 276.426117
v -62.832191 4.328653 276.174774
v -62.830345 -2.904411 276.471710
v -62.830151 40.678429 275.732330
v -62.827885 65.256927 275.636566
v -62.827267 40.881985 275.979584
v -62.821064 -4.888810 276.227966
v -62.818935 13.016951 272.947540
v -62.818094 2.362991 277.704906
v -62.815303 2.088264 277.707697
v -62.805191 12.893417 275.872742
v -62.802498 -9.300138 276.361420
v -62.801022 58.938423 275.739807
v -62.788804 -13.645375 276.235768
v -62.788418 58.992771 274.071045
v -62.770889 65.028076 274.354431
v -62.765145 -13.654799 276.483359
v -62.756996 4.160418 276.356628
v -62.745026 40.231339 275.769012
v -62.737988 4.339138 274.186279
v -62.733429 4.709480 276.201874
v -62.727268 58.993187 275.829071
v -62.711254 4.600912 275.889557
v -62.711254 4.711946 275.733765
v -62.707054 -2.564747 276.245605
v -62.686035 64.912460 275.778656
v -62.675674 -4.989216 276.156403
v -62.671307 40.774277 275.902832
v -62.647549 -2.713103 276.146393
v -62.646957 13.794092 275.862885
v -62.644802 70.831726 275.728241
v -62.642101 32.061619 275.724823
v -62.639271 12.911882 272.370453
v -62.615837 -13.688788 276.169511
v -62.611610 4.170643 276.129822
v -62.595009 59.120197 275.919586
v -62.587513 4.719744 275.974243
v -62.583027 4.232121 274.110016
v -62.583027 4.350039 273.944550
v -62.582657 22.987270 275.836182
v -62.577805 41.143761 275.853943
v -62.565334 4.611176 275.661926
v -62.559952 71.665527 275.820221
v -62.555180 49.893387 275.872803
v -62.545818 4.347832 276.188446
v -62.538292 3.804195 273.915192
v -62.537315 -13.052117 276.263184
v -62.523144 22.030958 272.340454
v -62.523144 22.149635 272.173950
v -62.488316 4.178411 276.369446
v -62.486454 -9.403732 276.118744
v -62.466217 4.180872 275.903046
v -62.452793 59.017349 273.084137
v -62.452038 22.038872 270.839478
v -62.406990 -4.971222 276.169250
v -62.391074 -13.566210 273.379537
v -62.389259 49.911850 272.370514
v -62.379528 35.768700 271.333191
v -62.359499 -13.689723 276.275752
v -62.342926 4.188637 276.142639
v -62.342926 4.299273 275.987396
v -62.319778 22.047203 271.096527
v -62.312206 31.160585 270.309174
v -62.296654 4.133383 274.289154
v -62.296074 21.931164 270.762726
v -62.236328 8.447023 270.192993
v -62.234928 22.050261 272.354218
v -62.141693 4.262199 273.881958
v -62.135559 -0.198913 270.952240
v -62.132542 31.174194 269.565552
v -62.108841 31.176830 269.065216
v -62.078964 21.942554 272.277466
v -62.078964 22.061230 272.110931
v -62.053635 49.936432 271.383606
v -62.032314 59.163662 273.188416
v -62.031559 22.066505 271.110291
v -62.029930 49.939064 270.883301
v -62.022072 -12.777342 276.224213
v -62.010281 4.270479 274.137360
v -62.007858 21.950468 270.776489
v -62.007210 72.413551 275.348877
v -62.004826 64.969109 270.545837
v -62.004147 -0.190634 271.207642
v -62.004147 -0.072717 271.042175
v -62.000282 31.182526 269.822601
v -61.988121 -12.544714 276.125793
v -61.981125 64.853073 270.212036
v -61.960808 -4.889784 270.852753
v -61.932961 26.693087 268.632019
v -61.916832 17.701019 268.752533
v -61.916187 71.131012 269.161713
v -61.899300 22.074839 271.367340
v -61.868782 70.424225 269.160217
v -61.864994 74.684242 269.182861
v -61.833378 3.744810 268.348602
v -61.680790 40.317848 268.548645
v -61.633385 40.323124 267.548004
v -61.622265 65.464027 276.326050
v -61.607067 40.742111 268.848969
v -61.604263 71.034271 268.841675
v -61.596256 4.310211 268.427277
v -61.590782 49.825577 276.290192
v -61.559662 40.866058 267.681793
v -61.559662 40.866062 267.681793
v -61.556679 -4.857500 268.380798
v -61.546146 31.220295 266.334076
v -61.545162 3.764112 268.362366
v -61.523232 -13.101597 276.227936
v -61.488337 -13.674302 268.687443
v -61.484707 -12.741351 276.249878
v -61.463448 54.479897 267.841705
v -61.451103 40.753078 268.605682
v -61.446257 -13.675601 268.331843
v -61.440514 -13.289597 276.093262
v -61.430897 11.809528 262.348910
v -61.427383 13.438691 262.332565
v -61.426276 12.895952 262.327413
v -61.423461 13.107025 262.314321
v -61.422349 12.900552 262.309148
v -61.422147 12.599866 262.308205
v -61.416691 3.784796 262.601715
v -61.415375 -12.506356 276.153137
v -61.412903 3.772446 268.619415
v -61.392570 40.218475 268.728943
v -61.392570 40.337151 268.562408
v -61.390186 31.112587 266.257294
v -61.376914 -13.674077 267.999369
v -61.366887 -13.675692 267.938232
v -61.357925 12.891101 266.831390
v -61.356525 31.122721 262.497986
v -61.350885 -13.676268 267.827008
v -61.345165 40.223747 267.728302
v -61.340393 22.130655 262.618500
v -61.339317 -12.841756 276.178314
v -61.318848 40.761410 268.862732
v -61.300564 12.903872 262.571716
v -61.288555 74.604172 269.376892
v -61.240395 40.241795 262.467987
v -61.221233 71.420158 266.354523
v -61.216694 40.244434 261.967651
v -61.216461 49.885376 266.074036
v -61.200562 31.133690 262.254700
v -61.200562 31.252365 262.088165
v -61.189205 40.234718 267.485016
v -61.186817 31.128834 265.013367
v -61.186588 40.888420 268.953247
v -61.183784 73.198090 266.114929
v -61.176861 31.017651 261.920898
v -61.170689 22.018091 265.300415
v -61.168304 13.030881 262.662231
v -61.166672 40.784733 262.601746
v -61.162888 40.772381 268.619446
v -61.160732 22.025585 262.041412
v -61.157696 64.569519 262.476837
v -61.154919 4.222374 268.364655
v -61.144600 13.033518 262.161926
v -61.132759 -9.409071 265.885620
v -61.132759 -9.291154 265.720154
v -61.128471 3.804100 262.615479
v -61.120899 12.798804 261.994629
v -61.110939 8.415272 264.897217
v -61.107906 49.891068 266.831421
v -61.104767 3.806736 262.115143
v -61.092762 70.135399 262.425690
v -61.090374 59.130653 262.618500
v -61.087124 36.703449 276.448547
v -61.084206 49.893707 266.331085
v -61.068306 31.142023 262.511719
v -61.066673 58.895939 262.451233
v -61.051170 13.788948 276.564026
v -61.050819 4.358221 262.972565
v -61.050541 49.903839 262.571747
v -61.044601 31.144661 262.011414
v -61.040585 45.401615 265.640839
v -61.030628 40.780716 268.876495
v -61.028473 21.915241 262.464966
v -61.028473 22.033918 262.298431
v -61.028473 22.152594 262.131927
v -61.027679 27.629101 276.559906
v -61.026840 49.906479 262.071411
v -61.025436 64.696533 262.567352
v -61.023510 4.348568 268.454590
v -61.017376 -0.230460 265.690369
v -61.014729 22.029060 265.057129
v -61.012344 12.923174 262.585480
v -61.011242 -4.809489 262.926117
v -61.001736 64.580490 262.233551
v -60.987694 -4.924786 262.594452
v -60.983219 40.785988 267.875824
v -60.973080 -13.649296 262.881301
v -60.972511 3.696394 262.538727
v -60.972245 -13.649306 262.869309
v -60.967495 -13.649793 262.878563
v -60.962882 -13.650277 262.881779
v -60.952179 40.261097 262.481750
v -60.949539 -13.648313 262.390178
v -60.948807 3.699032 262.038391
v -60.943962 -13.648714 262.381466
v -60.933732 -13.649578 262.381960
v -60.928474 40.263737 261.981415
v -60.927490 12.926231 263.843170
v -60.927425 13.907779 276.648682
v -60.918282 50.030846 262.662262
v -60.910713 59.025585 262.041412
v -60.896969 59.020729 264.800110
v -60.896969 59.139404 264.633575
v -60.896214 22.042252 262.555481
v -60.895859 4.251204 262.896301
v -60.895859 4.369122 262.730835
v -60.894581 50.033485 262.161926
v -60.881763 27.528328 276.488098
v -60.878448 40.804035 262.615509
v -60.872513 22.044888 262.055145
v -60.872307 4.253826 262.399170
v -60.870880 49.798771 261.994659
v -60.856281 -4.916506 262.849854
v -60.854748 40.806675 262.115173
v -60.846386 -9.271975 265.733826
v -60.845776 64.591461 261.990265
v -60.832729 -4.913885 262.352722
v -60.832680 12.818106 262.008392
v -60.816547 3.707363 262.295441
v -60.816547 3.826042 262.128906
v -60.796215 40.153389 262.404968
v -60.796215 40.272068 262.238464
v -60.795231 12.934565 264.100220
v -60.780838 70.157341 261.939117
v -60.780087 31.161327 262.525482
v -60.778450 58.915241 262.464996
v -60.778450 59.033916 262.298462
v -60.778450 59.152592 262.131927
v -60.764709 59.029060 265.057159
v -60.763958 22.050583 262.812531
v -60.762875 9.379633 276.710815
v -60.762321 49.923141 262.585510
v -60.756386 31.163963 262.025177
v -60.741005 59.031696 264.556824
v -60.740894 4.262104 262.654572
v -60.740894 4.380020 262.489105
v -60.740253 21.934546 262.478729
v -60.740253 22.053221 262.312195
v -60.738621 49.925781 262.085175
v -60.737221 64.715836 262.581116
v -60.726509 21.929688 265.237396
v -60.726509 22.048363 265.070862
v -60.724869 -4.790310 262.939789
v -60.724125 12.942478 262.599243
v -60.717346 4.146809 262.322906
v -60.716141 72.293213 275.638428
v -60.712116 74.761452 269.237885
v -60.710079 -14.040359 276.899273
v -60.707993 3.831734 262.886261
v -60.700420 12.945114 262.098907
v -60.692200 74.539085 263.052917
v -60.686504 -13.676981 262.894736
v -60.684292 3.715696 262.552490
v -60.681718 -13.677419 262.892389
v -60.677776 71.721237 275.637238
v -60.673278 -12.926823 258.530595
v -60.663960 40.161728 262.662018
v -60.663960 40.280403 262.495483
v -60.663728 -13.228210 258.624507
v -60.654755 72.282005 268.475342
v -60.646194 59.042252 262.555511
v -60.640255 40.283039 261.995178
v -60.631699 21.940239 263.236084
v -60.628662 64.484177 263.671539
v -60.622490 59.044888 262.055176
v -60.616955 9.278864 276.639008
v -60.607994 21.942877 262.735779
v -60.600422 31.056255 261.948395
v -60.594250 22.056696 265.327911
v -60.591866 12.950809 262.856293
v -60.590229 40.823341 262.629242
v -60.584293 21.945515 262.235443
v -60.584293 22.064190 262.068909
v -60.578928 -13.233481 257.172253
v -60.576892 -13.221661 257.168289
v -60.575737 3.721390 263.309845
v -60.569908 -4.897326 262.863525
v -60.566528 40.707298 262.295471
v -60.566528 40.825977 262.128937
v -60.557556 64.610764 262.004028
v -60.556156 75.128448 268.495026
v -60.552032 3.724030 262.809509
v -60.546356 -4.894706 262.366394
v -60.544460 12.837408 262.022156
v -60.544460 12.956085 261.855621
v -60.531700 40.288734 262.752533
v -60.528328 3.726665 262.309204
v -60.528328 3.845343 262.142670
v -60.521507 49.937168 263.599915
v -60.516319 70.174004 262.453186
v -60.513935 59.050583 262.812561
v -60.512789 -12.849592 257.043518
v -60.507996 40.172695 262.418732
v -60.507996 40.291374 262.252197
v -60.504627 3.729305 261.808868
v -60.496898 -12.757365 257.012587
v -60.496407 64.611183 263.762054
v -60.491867 31.061951 262.705780
v -60.490231 59.053219 262.312225
v -60.484295 40.175331 261.918396
v -60.476486 59.048363 265.070892
v -60.474102 49.942444 262.599274
v -60.468166 31.183266 262.038910
v -60.454521 4.163366 262.833710
v -60.454165 -13.706857 263.284239
v -60.452848 -13.706536 263.267028
v -60.452785 59.050999 264.570587
v -60.452034 21.953846 262.492493
v -60.450401 49.945084 262.098938
v -60.448997 64.616463 262.761383
v -60.448997 64.735138 262.594849
v -60.434269 40.715633 262.552490
v -60.431396 -13.709468 263.265618
v -60.413937 77.161789 262.662048
v -60.412201 12.964418 262.112671
v -60.410568 40.718269 262.052185
v -60.399372 77.279037 262.960327
v -60.387215 77.280396 262.703674
v -60.381975 -13.700131 262.567242
v -60.379892 -13.696873 262.408701
v -60.370928 -13.701090 262.567807
v -60.357975 58.942875 262.735779
v -60.357975 59.061550 262.569275
v -60.350291 -13.698994 262.482409
v -60.347294 9.296923 276.651855
v -60.343479 21.959541 263.249847
v -60.341843 49.950775 262.856293
v -60.341843 49.950779 262.856293
v -60.334270 58.945511 262.235474
v -60.334270 59.064190 262.068939
v -60.323112 4.171646 263.089111
v -60.320526 59.059334 264.827606
v -60.319778 22.080856 262.583008
v -60.310570 59.066826 261.568604
v -60.302010 40.723965 262.809540
v -60.299561 4.174267 262.591980
v -60.299561 4.292183 262.426514
v -60.299210 71.965546 261.470001
v -60.292978 -13.725576 263.275532
v -60.287518 3.740692 263.323608
v -60.286682 -13.436033 277.627472
v -60.283077 62.736095 261.923553
v -60.278309 40.726601 262.309204
v -60.278309 40.845280 262.142670
v -60.274375 -13.725368 263.155595
v -60.269337 64.511391 262.184296
v -60.269337 64.630066 262.017792
v -60.264908 -13.726512 263.161713
v -60.263813 3.743332 262.823273
v -60.259983 -4.875527 262.380066
v -60.257977 77.172760 262.418762
v -60.243484 40.308037 262.766296
v -60.219780 40.191998 262.432495
v -60.204399 70.195946 261.966614
v -60.202011 58.953846 262.492493
v -60.187519 22.089188 262.840027
v -60.165501 72.266350 275.619293
v -60.162182 49.964386 262.112671
v -60.152122 -4.869869 263.132568
v -60.146049 40.734932 262.566254
v -60.140114 21.975786 262.005920
v -60.127117 62.628387 261.846802
v -60.107853 3.754301 262.579987
v -60.085136 31.213120 260.051361
v -60.084152 3.756939 262.079651
v -60.084152 3.875614 261.913147
v -60.069756 59.080856 262.583008
v -60.067368 49.856262 260.277893
v -60.065968 63.934254 261.773010
v -60.063820 40.321648 262.022675
v -60.061432 31.215757 259.551025
v -60.056007 59.075996 265.341705
v -60.042267 63.936890 261.272675
v -60.031998 -13.196853 257.198364
v -60.013790 40.861942 262.656769
v -60.011532 77.244949 262.678406
v -60.009258 8.974263 259.269104
v -60.007854 21.984119 262.262970
v -60.007854 22.102795 262.096436
v -60.006427 -13.819283 276.988705
v -60.006333 -13.820468 277.017466
v -59.989674 72.311317 275.778259
v -59.983062 -13.299366 256.012442
v -59.965969 71.957924 275.777496
v -59.961201 57.781105 265.172211
v -59.961197 57.781105 265.172211
v -59.956013 77.187202 265.191193
v -59.953892 9.433813 276.749420
v -59.947453 62.641998 261.103180
v -59.943687 77.249222 262.810272
v -59.939880 68.195107 265.311707
v -59.937496 59.089188 262.840057
v -59.935108 49.864594 260.534943
v -59.931534 77.250580 262.553619
v -59.921600 40.218796 259.187256
v -59.913795 58.973148 262.506256
v -59.905472 31.226730 259.307739
v -59.881775 4.319641 262.695587
v -59.881535 40.870277 262.913818
v -59.881531 40.870277 262.913818
v -59.866386 58.978424 261.505615
v -59.834362 31.115965 257.973297
v -59.818233 22.005222 258.260345
v -59.813797 77.321701 262.022705
v -59.807972 9.333044 276.677612
v -59.800781 58.945854 276.828888
v -59.795280 58.986336 260.004608
v -59.783920 68.087402 265.234955
v -59.781441 -13.219734 276.143738
v -59.757832 59.102795 262.096436
v -59.744087 58.979263 265.021667
v -59.724442 -4.834964 260.163513
v -59.712814 68.213989 263.567444
v -59.701870 40.765209 262.336731
v -59.691910 40.654026 259.244232
v -59.691910 40.772701 259.077698
v -59.673580 -12.742410 276.234406
v -59.663685 -3.183715 259.593781
v -59.660164 77.328552 262.995605
v -59.633385 40.238098 259.200989
v -59.619705 58.959114 276.296448
v -59.614868 21.902792 257.182922
v -59.568008 77.274651 262.699585
v -59.562275 40.246010 257.700012
v -59.561672 -13.574799 257.130264
v -59.561138 58.898159 276.794891
v -59.550739 77.279846 260.771240
v -59.550678 62.666992 261.874329
v -59.549690 -8.582502 258.740295
v -59.549278 77.219696 262.703308
v -59.538260 -13.883048 277.484876
v -59.525574 77.222328 262.202972
v -59.514870 40.251289 256.699371
v -59.513885 14.219223 256.729309
v -59.512325 77.277573 263.088074
v -59.512325 77.338448 263.002655
v -59.500168 77.278931 262.831421
v -59.496353 20.491863 256.679657
v -59.489529 63.854179 261.967041
v -59.482800 -12.689449 257.060974
v -59.471249 35.284504 256.675262
v -59.470264 9.133764 256.871735
v -59.467893 -13.588322 257.082451
v -59.465076 28.658470 256.724182
v -59.458908 21.913763 256.939636
v -59.458908 22.032438 256.773132
v -59.455868 58.998562 265.035400
v -59.447311 46.589542 257.949890
v -59.417019 77.228027 262.960358
v -59.417019 77.346703 262.793823
v -59.402943 3.813591 256.846863
v -59.398502 57.824566 262.441040
v -59.393318 77.230667 262.460022
v -59.393318 77.349342 262.293488
v -59.383358 74.864624 262.531586
v -59.374802 59.013973 260.275421
v -59.371666 12.098875 256.724884
v -59.371014 62.680603 261.130707
v -59.353485 68.003853 262.413269
v -59.349697 72.382538 262.269379
v -59.346922 -13.598051 257.219340
v -59.345913 76.167847 262.958130
v -59.339741 70.135178 262.174408
v -59.337353 59.011753 262.533783
v -59.322298 -13.581291 258.228859
v -59.322270 -13.578003 258.186039
v -59.322208 76.170486 262.457794
v -59.314304 9.026058 256.794983
v -59.309864 63.867790 261.223450
v -59.309116 28.550766 256.647430
v -59.293445 -13.581699 258.034503
v -59.280735 -13.498724 256.983246
v -59.279017 -13.604626 257.148567
v -59.274055 40.265312 257.713776
v -59.271431 40.800339 259.348511
v -59.264843 77.251350 256.699371
v -59.261059 77.238998 262.717072
v -59.259556 -3.151430 257.121857
v -59.258671 70.625290 256.748291
v -59.252176 -13.608322 257.133749
v -59.251993 -13.607234 257.150127
v -59.243942 46.605789 256.705933
v -59.241795 21.925152 258.454376
v -59.241795 22.043829 258.287842
v -59.231182 74.531914 256.770203
v -59.218586 79.677834 256.684021
v -59.211266 69.918503 256.746826
v -59.211266 69.918510 256.746826
v -59.208881 59.032440 256.773132
v -59.208366 77.311401 256.672028
v -59.206322 -10.437301 257.169006
v -59.206322 -10.319384 257.003540
v -59.202709 52.406380 256.822052
v -59.202709 52.406384 256.822052
v -59.194389 22.049105 257.287201
v -59.181377 4.260635 257.164612
v -59.163860 69.211723 256.745331
v -59.157688 62.704346 256.627747
v -59.152916 40.813530 256.846863
v -59.122205 -13.989015 277.393993
v -59.118095 40.157608 257.637024
v -59.114723 3.714216 257.027161
v -59.111683 46.732796 256.796448
v -59.109085 -14.007766 277.500227
v -59.105751 28.567013 255.403488
v -59.099579 21.940977 255.452423
v -59.091892 77.260208 255.862732
v -59.083450 12.118177 256.738647
v -59.071160 -13.731435 252.312585
v -59.055958 17.092873 255.261780
v -59.039375 77.252953 261.009674
v -59.038429 22.060074 257.043915
v -59.036045 12.123453 255.737976
v -59.031601 69.576088 256.502808
v -59.026085 9.045361 256.808716
v -59.020897 28.570068 256.661194
v -59.014729 21.944035 256.710114
v -58.996212 3.727406 254.525513
v -58.994362 -13.597461 257.162384
v -58.975502 23.005304 277.023712
v -58.973183 -3.132252 257.135498
v -58.970850 -13.656268 251.879670
v -58.958763 3.725185 256.783875
v -58.938431 40.171215 256.893402
v -58.938431 40.289894 256.726868
v -58.937447 14.257828 256.756836
v -58.933006 68.150162 262.517548
v -58.932213 4.164103 255.099869
v -58.926079 -3.009092 255.975800
v -58.923046 69.937813 256.760590
v -58.919918 20.530470 256.707153
v -58.899345 69.584419 256.759827
v -58.896214 21.957226 254.208481
v -58.894814 35.323109 256.702759
v -58.889030 31.978882 276.840546
v -58.882469 21.952368 256.967163
v -58.878681 28.704571 253.492691
v -58.875641 70.180435 255.426865
v -58.875641 70.180443 255.426865
v -58.864700 40.714149 257.027161
v -58.859831 -13.648051 257.094780
v -58.851936 69.589691 255.759186
v -58.818218 -3.239268 257.059235
v -58.814842 -14.070594 277.378866
v -58.814491 70.536888 256.685303
v -58.788536 -10.174009 257.107117
v -58.787003 74.443512 256.707214
v -58.785271 12.026299 253.659912
v -58.777252 4.175003 254.858139
v -58.767086 69.711426 256.850342
v -58.765289 32.097710 276.925232
v -58.764984 -10.525139 257.106384
v -58.764843 77.219353 256.864044
v -58.764702 58.944035 256.710114
v -58.764698 58.944035 256.710114
v -58.758530 52.317978 256.759064
v -58.743385 69.476715 256.683075
v -58.740044 4.172798 257.102020
v -58.720253 4.187691 250.625748
v -58.708740 40.725121 256.783875
v -58.707989 -13.578282 257.176056
v -58.705845 23.023365 277.036591
v -58.700420 12.860090 253.751907
v -58.698763 3.830009 250.423816
v -58.692570 22.027426 250.388948
v -58.690571 -4.869549 253.651962
v -58.689804 62.143871 256.730530
v -58.688404 77.171280 256.893402
v -58.688404 77.289955 256.726868
v -58.686810 -3.113072 257.149170
v -58.684845 77.285858 256.653839
v -58.683688 3.842725 250.338941
v -58.683666 23.025833 276.568481
v -58.683063 12.590016 250.335423
v -58.683013 13.563460 250.335140
v -58.682293 12.974406 250.331086
v -58.682278 27.769057 250.331004
v -58.682232 70.663895 256.775818
v -58.682015 13.174641 250.329524
v -58.680676 -4.862101 250.413834
v -58.676716 12.981403 253.085052
v -58.676163 31.180885 250.296573
v -58.675308 3.776523 250.291763
v -58.675273 22.098576 250.291567
v -58.675138 40.271074 250.290806
v -58.673192 32.838664 250.279846
v -58.670746 79.289742 256.665070
v -58.667829 -13.988014 254.799723
v -58.667503 46.644394 256.733459
v -58.665097 22.018176 250.234271
v -58.664830 21.981072 250.232769
v -58.664703 76.936562 256.726135
v -58.660444 21.981418 250.208075
v -58.658850 21.968825 250.199100
v -58.658531 70.310509 256.775085
v -58.658531 70.429184 256.608551
v -58.658527 70.429184 256.608551
v -58.657543 46.651886 253.474442
v -58.655349 21.981820 250.179391
v -58.654743 74.570518 256.797729
v -58.651831 40.235702 250.159581
v -58.651139 55.227727 250.155684
v -58.646249 46.297095 250.128156
v -58.642565 -13.935071 250.107416
v -58.641592 49.854880 250.101934
v -58.634827 69.957115 256.774323
v -58.632442 58.952366 256.967163
v -58.631626 52.545290 250.045826
v -58.629311 12.868004 252.250931
v -58.620438 49.856548 249.982837
v -58.612526 59.086033 250.282608
v -58.611126 69.603722 256.773590
v -58.609955 78.383392 256.663147
v -58.609665 21.932608 249.922184
v -58.609399 47.203637 249.920687
v -58.607994 21.976528 254.222244
v -58.607338 73.982407 256.629700
v -58.604843 77.291489 256.529022
v -58.604473 40.208279 249.892953
v -58.604282 40.209328 249.891877
v -58.604229 21.889661 249.891576
v -58.604036 40.208313 249.890488
v -58.603767 40.208334 249.888975
v -58.599850 21.986198 249.866925
v -58.595227 3.764114 249.840897
v -58.590744 79.234497 256.625702
v -58.588663 3.764632 249.803938
v -58.588603 21.960552 249.803601
v -58.584645 3.764949 249.781314
v -58.582651 21.987555 249.770091
v -58.582236 7.271342 249.767753
v -58.580528 77.233315 256.101166
v -58.578385 12.876667 249.746071
v -58.576013 16.329573 249.732714
v -58.575733 3.755041 254.796310
v -58.574333 21.986660 250.462906
v -58.574333 22.105337 250.296387
v -58.572689 49.859222 250.235840
v -58.572125 21.988385 249.710825
v -58.569889 75.641670 256.556641
v -58.568285 40.176121 249.689208
v -58.567391 -11.146800 249.684174
v -58.565913 31.118962 249.675852
v -58.565896 31.054305 249.675757
v -58.565865 31.100104 249.675580
v -58.564969 -10.527386 249.670535
v -58.561387 -10.319891 249.650368
v -58.559158 -4.861270 253.907364
v -58.556561 40.867123 250.356354
v -58.550632 21.870621 250.129105
v -58.550632 21.989298 249.962585
v -58.549263 -4.853823 250.669220
v -58.548988 49.861858 249.735519
v -58.547588 64.651909 250.231445
v -58.537750 22.925060 276.496674
v -58.537003 77.295761 256.660889
v -58.534500 12.759879 250.416153
v -58.532444 77.182251 256.650116
v -58.532444 77.300926 256.483582
v -58.532440 77.182251 256.650116
v -58.525711 -4.851202 250.172104
v -58.525284 46.660221 253.731476
v -58.523888 64.535873 249.897644
v -58.518372 3.767813 250.536652
v -58.514427 4.309479 255.203461
v -58.510799 12.881194 249.749298
v -58.509689 -14.021532 250.622772
v -58.502567 70.084122 256.864838
v -58.502567 70.202797 256.698303
v -58.500481 13.848245 277.076141
v -58.494667 3.651773 250.202866
v -58.494667 3.770451 250.036331
v -58.486137 -14.018913 250.125641
v -58.484051 52.816845 253.348007
v -58.482651 70.099113 250.346817
v -58.479378 79.727341 256.719299
v -58.478123 34.413689 252.288116
v -58.474335 40.216476 250.145874
v -58.458950 70.220428 249.679962
v -58.458206 31.105736 250.432907
v -58.456566 58.978325 250.205841
v -58.455162 69.496017 256.696838
v -58.455063 79.425667 256.633118
v -58.442902 79.244400 256.632751
v -58.442818 58.973469 252.964539
v -58.440434 49.986229 250.326355
v -58.432861 58.980965 249.705521
v -58.421616 -13.441186 257.024261
v -58.418373 21.997631 250.219620
v -58.416729 49.870193 249.992554
v -58.410328 4.327408 249.976837
v -58.402241 12.886889 250.506668
v -58.394669 22.000269 249.719299
v -58.394302 -4.960840 250.592957
v -58.378277 -14.013253 250.878159
v -58.376900 40.762054 249.779266
v -58.370750 -4.958219 250.095840
v -58.367928 64.546844 249.654358
v -58.365780 40.222172 250.903244
v -58.362408 3.778782 250.293381
v -58.359467 4.202461 255.127197
v -58.357094 -4.963046 252.836853
v -58.354836 12.773487 249.672531
v -58.354725 -14.010633 250.381042
v -58.346607 69.976418 256.788086
v -58.342079 40.224808 250.402924
v -58.342079 40.343487 250.236389
v -58.338707 3.781422 249.793045
v -58.333477 81.082817 251.760345
v -58.325947 31.114069 250.689957
v -58.324306 59.105335 250.296356
v -58.318375 40.227448 249.902588
v -58.317516 -14.012838 252.624924
v -58.302467 4.333065 250.729355
v -58.300602 58.870621 250.129089
v -58.300602 58.989296 249.962555
v -58.299202 70.100365 255.620911
v -58.286858 58.984440 252.721252
v -58.286118 22.005962 250.476669
v -58.284473 49.878525 250.249603
v -58.278919 4.217770 250.397690
v -58.278542 31.000668 249.855835
v -58.278542 31.119345 249.689301
v -58.275497 69.509621 255.953217
v -58.262890 -4.952562 250.848358
v -58.262890 -4.834644 250.682892
v -58.262413 21.889925 250.142868
v -58.262413 22.008602 249.976334
v -58.260769 49.881161 249.749268
v -58.259369 64.552536 250.411728
v -58.246281 12.779182 250.429901
v -58.244640 40.651711 250.202835
v -58.244640 40.770386 250.036316
v -58.234268 81.696060 251.939774
v -58.230820 13.866305 277.089020
v -58.230152 3.668438 250.716949
v -58.230152 3.787115 250.550415
v -58.222580 12.900496 249.763046
v -58.209820 40.114468 250.826492
v -58.206451 3.789755 250.050095
v -58.199619 49.881577 251.507294
v -58.199615 49.881580 251.507294
v -58.186119 40.235779 250.159637
v -58.186104 -14.004560 252.880325
v -58.169987 31.006363 250.613190
v -58.169987 31.125038 250.446671
v -58.168343 58.997627 250.219604
v -58.162415 40.119743 249.825836
v -58.161324 77.260315 256.635620
v -58.149414 75.787979 256.660919
v -58.147507 4.343966 250.487625
v -58.144638 59.000267 249.719269
v -58.144054 79.700500 251.290451
v -58.139454 77.219597 251.403549
v -58.139454 77.338272 251.237015
v -58.135666 77.325920 257.254730
v -58.130154 22.016933 250.233383
v -58.123955 4.346588 249.990509
v -58.112381 40.778717 250.293350
v -58.111965 77.328560 256.754395
v -58.106453 21.900896 249.899582
v -58.104805 49.773453 249.672516
v -58.103695 79.691895 256.694031
v -58.093427 -9.007743 247.015691
v -58.090321 12.908829 250.020096
v -58.088676 40.781357 249.793030
v -58.088264 76.975166 256.753662
v -58.086430 78.357841 256.644958
v -58.084377 -4.939040 250.109497
v -58.079704 64.566147 249.668121
v -58.078304 74.609123 256.825226
v -58.067712 -10.283280 246.870915
v -58.058388 69.995720 256.801849
v -58.050488 3.800724 249.806808
v -58.044643 75.806030 251.400589
v -58.043991 45.337540 277.156006
v -58.038471 59.092438 265.604523
v -58.036087 59.005962 250.476639
v -58.032295 62.791267 251.165405
v -58.030899 74.021011 256.657227
v -58.016094 4.352245 250.743027
v -58.014771 58.976398 265.270721
v -58.012383 58.889923 250.142853
v -58.012383 59.008598 249.976318
v -57.998638 58.885067 252.901535
v -57.998638 59.003742 252.735001
v -57.996254 49.779148 250.429886
v -57.992546 4.119034 250.576828
v -57.992546 4.236950 250.411362
v -57.991104 77.279259 253.042633
v -57.990326 31.019970 249.869583
v -57.984894 62.677868 250.331268
v -57.980278 -13.175274 256.465271
v -57.980122 40.668373 250.716919
v -57.980122 40.787052 250.550400
v -57.976517 -4.933383 250.862030
v -57.974194 21.909227 250.156616
v -57.972549 49.781788 249.929550
v -57.971149 63.978455 251.258133
v -57.971149 64.571838 250.425491
v -57.936939 -14.101093 250.815567
v -57.918232 3.690380 250.230377
v -57.913387 -13.980555 250.152985
v -57.906212 70.137718 250.374329
v -57.902428 69.888016 256.725098
v -57.902424 69.888016 256.725098
v -57.897900 40.255081 250.173386
v -57.882507 70.140350 249.874008
v -57.882507 70.140358 249.874008
v -57.880123 59.016933 250.233353
v -57.874195 40.257721 249.673065
v -57.872688 77.221733 255.320099
v -57.866379 59.012077 252.992050
v -57.861134 4.245228 250.666763
v -57.857365 77.294144 250.219589
v -57.856422 58.900894 249.899567
v -57.851234 77.238899 251.417313
v -57.841934 22.036236 250.247131
v -57.840290 49.908798 250.020065
v -57.838974 -11.154964 250.669647
v -57.837582 4.247849 250.169632
v -57.824158 40.798019 250.307114
v -57.816174 72.457405 275.631256
v -57.809677 3.814751 250.821213
v -57.800457 40.681984 249.973312
v -57.800457 40.800659 249.806778
v -57.798004 -4.919861 250.123169
v -57.792473 71.985336 275.797028
v -57.791485 63.992065 250.514526
v -57.791485 64.466766 249.848404
v -57.790745 81.725761 251.960938
v -57.789345 40.260780 250.930756
v -57.785973 3.698713 250.487411
v -57.767780 64.588089 249.181549
v -57.765640 40.263416 250.430435
v -57.763252 31.038855 248.125320
v -57.754662 -10.326511 250.761063
v -57.741936 40.147377 250.096634
v -57.724163 58.909225 250.156601
v -57.709679 21.925892 250.670700
v -57.707561 -12.915436 253.406982
v -57.706169 4.256128 250.425034
v -57.695274 77.131195 251.340546
v -57.685974 22.047207 250.003845
v -57.682621 4.258751 249.927902
v -57.668198 40.690315 250.230347
v -57.653717 3.707045 250.744461
v -57.630009 3.828360 250.077606
v -57.629524 77.248795 250.187271
v -57.613220 49.927681 248.275803
v -57.611820 64.480377 249.104782
v -57.607292 31.049824 247.882034
v -57.603954 -11.146772 244.259890
v -57.593429 -10.926506 244.200637
v -57.591904 59.036236 250.247116
v -57.589392 -10.414291 244.177907
v -57.585976 40.158348 249.853348
v -57.559643 40.696011 250.987717
v -57.559643 40.814690 250.821198
v -57.547581 77.248085 253.149231
v -57.535938 40.698647 250.487396
v -57.535938 40.817326 250.320862
v -57.520794 59.044147 248.746124
v -57.520794 59.044151 248.746124
v -57.497089 58.928108 248.412323
v -57.495064 81.745560 251.975052
v -57.493839 77.257339 250.450958
v -57.480221 12.838890 246.454803
v -57.476257 71.932816 277.142761
v -57.459648 58.925892 250.670685
v -57.459648 59.044567 250.504150
v -57.455860 62.711197 251.359436
v -57.443760 40.292854 246.684860
v -57.443348 4.272688 250.935822
v -57.435944 59.047207 250.003830
v -57.433556 49.822609 247.698715
v -57.433556 49.941288 247.532181
v -57.432522 70.084335 277.180176
v -57.427628 31.063431 247.138428
v -57.419796 4.275307 250.438705
v -57.408451 64.615303 247.694321
v -57.401680 77.264320 250.069534
v -57.394707 63.898384 251.452179
v -57.385639 83.583984 247.102661
v -57.379978 40.828297 250.077576
v -57.364094 21.957966 246.424805
v -57.359646 77.274445 250.187119
v -57.335945 77.158409 249.853317
v -57.277596 49.833580 247.455429
v -57.276196 62.724804 250.615829
v -57.267223 81.700218 251.942734
v -57.266228 -8.640358 247.222275
v -57.264835 4.168289 250.362427
v -57.264835 4.286207 250.196976
v -57.264095 40.187782 246.107773
v -57.241283 4.170914 249.865311
v -57.238914 -4.994593 247.574951
v -57.232574 58.944775 248.926407
v -57.224262 31.079679 245.894485
v -57.215042 64.030670 250.542038
v -57.214058 40.728085 246.741806
v -57.208374 82.322067 246.718567
v -57.200562 31.082317 245.394165
v -57.179985 75.863937 251.441864
v -57.178272 49.864128 277.265961
v -57.176857 30.966278 245.060364
v -57.152176 13.827509 277.296295
v -57.148468 -10.278088 247.053131
v -57.137024 21.858173 244.847076
v -57.132576 75.631851 250.774261
v -57.109871 4.297108 249.955246
v -57.094147 54.463234 246.234863
v -57.084435 40.201393 245.364166
v -57.076614 58.955746 248.683121
v -57.070457 2.773098 278.176941
v -57.058098 40.857731 246.332001
v -57.024025 75.756226 251.365097
v -57.020897 31.095924 244.650543
v -57.014061 77.187843 246.107742
v -57.001480 -6.219572 241.296064
v -56.988550 -6.140222 241.235531
v -56.981064 21.987820 244.437256
v -56.979851 -9.135365 278.819672
v -56.979851 -7.559929 245.746780
v -56.979737 -6.374683 241.194268
v -56.969261 3.663464 277.641052
v -56.964935 12.877077 244.724289
v -56.957756 -9.132904 278.353271
v -56.957359 21.990456 243.936935
v -56.952175 40.209724 245.621201
v -56.947166 3.334026 277.640350
v -56.946815 4.652390 277.335846
v -56.941410 -3.617322 278.772675
v -56.934395 58.971573 245.681152
v -56.925068 2.230160 278.726379
v -56.924641 4.654858 276.867737
v -56.919312 -3.172332 277.685303
v -56.915466 77.186043 250.124115
v -56.913559 -9.349254 277.730927
v -56.909523 79.734436 245.647308
v -56.909294 70.203957 250.672638
v -56.903164 -6.048818 240.835768
v -56.895550 72.216606 250.600327
v -56.893829 12.766315 243.389847
v -56.890316 77.298302 250.222549
v -56.882519 13.845570 277.309174
v -56.880405 74.066025 272.006653
v -56.869461 64.537453 245.630005
v -56.867321 40.212780 246.878891
v -56.859314 -7.942492 240.630472
v -56.858101 77.198814 245.864456
v -56.856850 -8.772466 240.618934
v -56.854572 -1.085953 246.119019
v -56.853872 -7.832395 240.604994
v -56.852792 -8.874353 240.599935
v -56.843620 40.215416 246.378571
v -56.843620 40.334095 246.212036
v -56.841232 30.990858 244.073456
v -56.834100 -8.924591 240.512425
v -56.828228 70.812752 245.080002
v -56.823074 4.771219 277.420532
v -56.818259 -7.825799 240.438258
v -56.806908 77.191742 250.881500
v -56.793583 40.755718 247.012604
v -56.793306 -6.165827 240.321431
v -56.792614 -8.896111 240.318192
v -56.787655 21.877895 246.618851
v -56.787655 21.996572 246.452316
v -56.786991 77.206726 244.363464
v -56.785271 12.890684 243.980682
v -56.783207 77.194374 250.381165
v -56.777695 22.004066 243.193314
v -56.768898 -6.317260 240.207158
v -56.758652 -7.830003 240.159189
v -56.758518 77.258644 244.398148
v -56.754238 -13.790749 252.783203
v -56.752653 -6.357225 240.131103
v -56.749402 -7.825294 240.115880
v -56.737865 12.777286 243.146561
v -56.737865 12.895960 242.980026
v -56.721733 3.785215 243.267059
v -56.716545 21.885809 245.117874
v -56.714275 83.568344 247.091507
v -56.690674 77.262924 244.529999
v -56.667496 49.882320 243.723602
v -56.663795 -14.003824 245.146484
v -56.648815 36.667095 277.362366
v -56.646175 58.872196 245.861450
v -56.646175 58.872200 245.861450
v -56.631031 77.217697 244.120178
v -56.622826 -13.074970 252.045822
v -56.608002 32.020119 277.339813
v -56.599380 4.129295 277.738953
v -56.599380 4.239929 277.583710
v -56.577286 4.131756 277.272522
v -56.569881 77.218117 245.878204
v -56.565777 3.677511 243.190308
v -56.558205 12.909569 242.236420
v -56.552197 54.438416 277.409943
v -56.536884 21.899416 244.374252
v -56.495426 79.392334 248.365982
v -56.484261 32.138954 277.424500
v -56.481907 31.136749 242.419708
v -56.481659 40.777657 246.526031
v -56.475071 77.228668 243.876892
v -56.465775 21.907330 242.873276
v -56.462241 -8.872203 238.771449
v -56.437622 77.345123 245.968719
v -56.436638 -7.803046 238.651577
v -56.434181 -8.581955 238.640076
v -56.432693 80.671135 248.375702
v -56.432296 -8.891014 238.631250
v -56.387833 68.007133 242.829468
v -56.387833 68.125809 242.662949
v -56.387318 -10.454590 243.434402
v -56.380924 21.910387 244.130966
v -56.380924 22.029060 243.964447
v -56.378536 12.804502 241.659332
v -56.366516 77.234360 244.634262
v -56.362408 3.693758 241.946365
v -56.362373 4.243341 243.430038
v -56.340534 84.817604 242.185654
v -56.340214 -11.156853 243.432938
v -56.339314 77.224770 245.018021
v -56.333519 21.915663 243.130310
v -56.314995 77.227478 244.504745
v -56.311108 79.406296 247.603119
v -56.308167 49.790859 242.402893
v -56.277554 3.696815 243.204071
v -56.271931 -1.040149 242.908218
v -56.270752 83.598053 247.112671
v -56.260265 18.536459 277.597961
v -56.247154 77.231750 244.636597
v -56.241325 85.430847 242.365082
v -56.234993 77.233101 244.379944
v -56.234257 77.242699 244.891312
v -56.210552 77.126656 244.557510
v -56.201260 21.923996 243.387360
v -56.186852 77.129295 244.057175
v -56.186852 77.247971 243.890656
v -56.181492 -6.323639 242.386383
v -56.151470 12.823386 239.915070
v -56.149403 77.245750 246.149002
v -56.135338 3.712645 240.202103
v -56.133274 68.253654 246.269516
v -56.116966 -0.675499 242.170090
v -56.114635 79.421616 246.583603
v -56.114346 18.435688 277.526154
v -56.111469 77.179420 244.985718
v -56.109573 68.018936 246.102249
v -56.108585 45.309738 241.469376
v -56.104706 -14.078555 242.598267
v -56.093483 85.440742 242.372131
v -56.093441 59.026844 246.222748
v -56.076000 4.144606 243.609161
v -56.074188 3.713060 241.960129
v -56.054592 77.137627 244.314224
v -56.050079 -6.079528 242.310852
v -56.028503 68.153023 241.175720
v -56.027767 31.055840 239.097702
v -56.012375 58.923573 241.629288
v -56.012375 58.923576 241.629288
v -56.011639 21.945099 239.384750
v -56.003082 3.720974 240.459152
v -56.002975 -5.838453 240.985687
v -55.995510 12.834354 239.671783
v -55.993443 77.256721 245.905716
v -55.990604 18.554518 277.610840
v -55.971806 12.836994 239.171448
v -55.961685 82.235596 240.989609
v -55.959782 74.655968 245.810028
v -55.934692 4.160332 240.626434
v -55.895508 31.182850 239.188217
v -55.891354 -0.774652 240.602463
v -55.887939 40.177555 238.567383
v -55.879379 21.953430 239.641785
v -55.879089 -14.059791 240.865173
v -55.872543 68.045319 241.098953
v -55.871807 31.066811 238.854416
v -55.866371 57.740280 246.310303
v -55.861671 -7.827310 240.815811
v -55.861183 77.265060 246.162766
v -55.855537 -14.057173 240.368042
v -55.848106 31.069450 238.354095
v -55.836082 74.374901 270.971252
v -55.831974 21.840029 238.807663
v -55.826004 79.443909 245.182663
v -55.815845 12.847963 238.928177
v -55.815788 77.199226 244.999817
v -55.815788 77.260101 244.914398
v -55.808273 21.961342 238.140808
v -55.803818 74.785614 245.400208
v -55.797802 85.460548 242.386246
v -55.792141 12.850603 238.427841
v -55.791016 -8.880697 240.813599
v -55.790073 77.154297 244.828308
v -55.779732 4.171230 240.384705
v -55.770157 72.184860 245.304504
v -55.769173 49.831684 240.172058
v -55.768761 72.377655 266.283569
v -55.759941 -0.766376 240.857864
v -55.755680 40.185886 238.824432
v -55.753807 -6.288734 239.417313
v -55.752312 3.623817 238.381088
v -55.728607 3.745136 237.714233
v -55.724152 58.942875 241.643036
v -55.724152 58.942879 241.643036
v -55.717567 73.676025 269.468781
v -55.715847 31.077782 238.611130
v -55.714863 3.740276 240.472900
v -55.712841 -0.879047 240.029068
v -55.708275 40.191162 237.823761
v -55.692142 31.080418 238.110809
v -55.689289 -0.876427 239.531952
v -55.682392 63.561661 277.544342
v -55.676014 21.969677 238.397842
v -55.668442 31.083057 237.610474
v -55.665737 -1.109640 239.365753
v -55.659885 12.858934 238.684891
v -55.652309 21.853638 238.064056
v -55.649261 59.057114 245.993225
v -55.643753 3.748192 238.971924
v -55.636181 12.861570 238.184555
v -55.636181 12.980247 238.018036
v -55.629921 -14.038409 238.634949
v -55.622398 -6.162539 239.507248
v -55.614113 -13.944489 237.828445
v -55.612480 12.745532 237.850754
v -55.612480 12.864209 237.684235
v -55.609234 4.327047 237.846329
v -55.596352 3.753466 237.971268
v -55.595772 -13.564894 278.706055
v -55.591896 57.645763 243.731903
v -55.586708 77.170540 243.584366
v -55.582924 67.545364 263.090942
v -55.577667 4.187374 239.148727
v -55.563007 76.817146 243.583618
v -55.563004 76.817146 243.583618
v -55.558903 3.632570 240.396149
v -55.558903 3.751247 240.229614
v -55.558235 58.842667 238.307266
v -55.558235 58.961342 238.140747
v -55.552315 40.202133 237.580490
v -55.549675 40.737156 239.215149
v -55.549408 -4.804797 237.958389
v -55.547981 -2.393619 238.700226
v -55.542103 49.850571 238.427780
v -55.536182 31.091389 237.867523
v -55.530746 59.070305 243.491577
v -55.525974 40.739792 238.714813
v -55.520054 21.980644 238.154556
v -55.514538 -4.859799 238.439667
v -55.498512 -14.030128 238.890335
v -55.496349 21.983286 237.654236
v -55.494286 70.502991 266.203094
v -55.493298 58.949409 245.916473
v -55.481094 -7.797648 238.840988
v -55.478569 40.745068 237.714157
v -55.467461 40.086514 239.004700
v -55.463673 -1.800999 239.122559
v -55.454453 61.276176 266.156342
v -55.442749 63.513966 277.510345
v -55.440121 -1.798376 238.625427
v -55.435200 21.865026 239.578781
v -55.435200 21.983704 239.412262
v -55.419392 73.821503 266.057007
v -55.418404 68.083084 237.610413
v -55.411499 21.986340 238.911926
v -55.410439 -8.851032 238.838776
v -55.409843 49.858902 238.684830
v -55.402271 58.853638 238.063980
v -55.399155 4.200893 238.409882
v -55.393715 40.748127 238.971863
v -55.387794 21.988979 238.411606
v -55.386139 49.742863 238.351028
v -55.386139 49.980217 238.017960
v -55.383751 77.339066 237.597015
v -55.380249 -4.791985 237.258255
v -55.380222 31.102360 237.624237
v -55.375603 4.203518 237.912750
v -55.370491 59.027889 237.705765
v -55.362442 49.745502 237.850693
v -55.362442 49.864178 237.684158
v -55.361946 4.198690 240.653763
v -55.361328 84.031746 243.042450
v -55.360100 82.343765 237.589020
v -55.359573 -4.966815 238.363403
v -55.359573 -4.848899 238.197952
v -55.359253 76.845619 237.495819
v -55.358883 59.087303 237.379181
v -55.357933 -4.789501 236.787170
v -55.357231 40.774834 237.732941
v -55.357231 40.891075 237.569839
v -55.356941 81.924316 237.477295
v -55.355534 3.648817 239.152206
v -55.354633 87.003021 237.458786
v -55.346310 40.753403 237.971207
v -55.344734 68.185516 237.714325
v -55.342747 -13.926315 237.841400
v -55.342117 85.369858 242.321609
v -55.336025 -5.082109 238.031754
v -55.331833 3.770132 238.485352
v -55.331474 49.932465 237.741516
v -55.324852 87.383926 237.574387
v -55.324261 12.883513 237.697983
v -55.320427 -14.370785 237.997498
v -55.320000 -14.016609 238.151489
v -55.315353 77.187492 237.649689
v -55.311501 40.097481 238.761429
v -55.311501 40.216160 238.594894
v -55.302277 77.202194 237.580414
v -55.298111 -13.921348 236.899246
v -55.293228 4.350191 236.917114
v -55.291294 4.206553 239.162384
v -55.286144 67.972740 238.033997
v -55.286144 68.091415 237.867462
v -55.281609 -8.797579 237.950027
v -55.278042 -4.786622 237.971344
v -55.264828 77.199974 239.838776
v -55.264095 40.221436 237.594238
v -55.261456 40.756458 239.228912
v -55.255539 21.997311 238.668640
v -55.246311 58.983284 237.654175
v -55.243488 49.939129 237.377350
v -55.242783 -3.224375 237.902557
v -55.240536 -13.473998 237.927322
v -55.233532 68.194763 236.860107
v -55.231880 49.940418 237.132324
v -55.231834 21.881275 238.334839
v -55.218216 82.085571 236.546341
v -55.217731 59.096756 237.385910
v -55.208130 22.002586 237.667984
v -55.207775 77.294273 236.950241
v -55.207142 82.085648 236.864700
v -55.204472 40.843700 237.413101
v -55.196938 77.251717 239.756317
v -55.196575 76.814957 236.882812
v -55.194515 58.983101 237.058975
v -55.194515 59.099339 236.895859
v -55.182855 -15.077568 278.050631
v -55.180370 68.139435 237.312576
v -55.180370 68.197556 237.231018
v -55.178719 49.943207 237.503220
v -55.175873 3.781103 238.242065
v -55.168762 68.140732 237.067551
v -55.168297 12.775806 237.621231
v -55.167110 49.944500 237.258194
v -55.159882 4.214832 239.417786
v -55.152168 3.665064 237.908264
v -55.152168 3.783741 237.741745
v -55.146255 13.486509 237.534058
v -55.144913 73.964340 263.145538
v -55.143894 49.947083 236.768143
v -55.137756 58.988976 238.411545
v -55.133759 40.839050 237.597015
v -55.131836 40.229767 237.851288
v -55.131199 -4.888032 237.899078
v -55.130184 68.102386 237.624176
v -55.122150 40.782223 237.433533
v -55.120499 22.527893 237.705750
v -55.108891 22.529184 237.460724
v -55.108891 22.587303 237.379166
v -55.107239 4.274849 237.732925
v -55.106529 59.047882 236.613251
v -55.105495 40.648750 239.152145
v -55.104782 77.197823 239.460297
v -55.094742 31.685513 237.714325
v -55.092003 31.121662 237.638000
v -55.086563 -4.771326 236.800125
v -55.085163 77.213585 239.095154
v -55.083138 31.686804 237.469299
v -55.081482 13.432470 237.741501
v -55.075874 21.892242 238.091553
v -55.074932 40.793739 237.746414
v -55.074219 49.883480 237.697922
v -55.071377 -13.908141 237.854355
v -55.068342 -10.889456 236.250032
v -55.067513 49.952454 236.649002
v -55.066494 4.251659 238.029022
v -55.066494 4.363398 237.872223
v -55.064423 82.363571 237.603134
v -55.056716 -13.937860 236.242127
v -55.055016 77.305023 236.711945
v -55.053047 82.075523 236.402756
v -55.049652 -5.062932 238.045425
v -55.049175 49.951370 237.754990
v -55.043411 77.248192 236.548477
v -55.042480 76.804832 236.420868
v -55.035370 87.326706 236.370743
v -55.033627 -13.997429 238.165161
v -55.033299 -8.777314 236.226204
v -55.029167 85.394852 240.407379
v -55.028500 40.857029 236.684753
v -55.019450 -6.600826 236.216786
v -55.014053 77.221497 237.594177
v -55.012623 77.265678 238.993439
v -55.012444 -3.414305 237.972839
v -55.010239 -8.779406 237.962982
v -55.004395 68.152763 236.584229
v -54.995962 -10.088427 235.830279
v -54.986053 68.151680 237.690216
v -54.985919 -13.940717 235.846285
v -54.985645 85.883423 240.369156
v -54.983540 31.694761 236.860092
v -54.981888 13.440426 237.132309
v -54.981796 58.881271 238.334778
v -54.981796 58.999950 238.168259
v -54.981369 4.228354 238.678940
v -54.979945 -8.772960 235.855806
v -54.973077 -7.301913 235.866752
v -54.970280 13.441719 236.887283
v -54.969391 40.792969 237.195251
v -54.969101 -8.467206 238.114334
v -54.958092 59.002586 237.667923
v -54.957817 4.113056 238.347275
v -54.952904 77.103241 239.518738
v -54.951832 77.211563 237.795654
v -54.949532 40.659721 238.908859
v -54.945553 -8.818335 238.113586
v -54.944527 22.599339 236.895844
v -54.944344 58.997726 240.426605
v -54.941986 31.696259 237.476028
v -54.933781 40.803192 237.753159
v -54.930378 31.639429 237.312561
v -54.925835 40.781036 238.242004
v -54.924854 86.925064 237.633789
v -54.918770 31.640722 237.067535
v -54.917805 85.887695 240.501007
v -54.913864 77.314468 236.718689
v -54.912216 59.118244 236.909332
v -54.912061 -14.660219 236.834954
v -54.904621 40.797050 237.321136
v -54.902214 -13.753315 238.089630
v -54.902130 40.665001 237.908203
v -54.902130 40.783676 237.741669
v -54.901119 -4.767765 236.136321
v -54.897331 4.264469 237.328888
v -54.895527 77.313385 237.824677
v -54.894054 -4.318448 236.131516
v -54.893795 76.855110 237.639008
v -54.885212 76.834579 237.487946
v -54.883919 77.314682 237.579636
v -54.882271 59.060329 237.851852
v -54.881798 77.229828 237.851212
v -54.881332 85.343880 240.499863
v -54.879898 -14.004582 236.839935
v -54.878788 86.563499 237.463867
v -54.878662 -14.104446 238.088898
v -54.878218 -4.871215 236.017934
v -54.876335 -8.764504 235.136520
v -54.873248 -4.383721 236.025855
v -54.871830 77.217194 237.670868
v -54.870659 59.003502 237.688385
v -54.868053 77.106293 240.776428
v -54.857479 -3.639238 238.062027
v -54.856537 22.547884 236.613235
v -54.841961 68.121689 237.637924
v -54.840565 64.872864 263.446320
v -54.833000 -4.361297 236.090000
v -54.826408 4.239252 238.437210
v -54.825832 58.892242 238.091492
v -54.821115 -14.661044 237.870607
v -54.817524 13.452465 236.648987
v -54.810688 62.759171 256.666809
v -54.804516 67.882118 240.229340
v -54.802853 4.241875 237.940079
v -54.800007 -13.889967 237.867310
v -54.799183 13.451376 237.754974
v -54.796944 76.639503 239.941559
v -54.794281 59.066994 237.487686
v -54.793419 40.748180 236.548462
v -54.792246 -14.661840 237.872000
v -54.786987 62.287102 256.832611
v -54.784325 77.322632 236.970444
v -54.778507 4.357042 236.684738
v -54.775078 40.805214 237.572891
v -54.771065 59.011459 237.079178
v -54.769417 40.815231 237.269836
v -54.763169 -14.662692 237.873404
v -54.754402 31.652760 236.584213
v -54.753414 77.159676 239.948318
v -54.752654 -4.316532 236.218052
v -54.749531 81.529984 239.971542
v -54.747250 -13.978251 238.178818
v -54.738869 -8.761232 237.975937
v -54.736061 31.651670 237.690201
v -54.731117 76.824448 237.026001
v -54.729099 77.162376 239.435043
v -54.726070 -3.395127 237.986496
v -54.723434 -14.056697 278.121490
v -54.719551 77.268600 237.177887
v -54.717903 59.072365 237.368530
v -54.716255 40.876141 237.559189
v -54.704643 40.819313 237.395721
v -54.700043 -3.188026 237.928467
v -54.697800 -13.437651 237.953217
v -54.693573 57.713806 240.013840
v -54.688389 77.238579 239.866287
v -54.688385 77.238579 239.866287
v -54.686387 -4.464194 235.990303
v -54.685440 22.557541 237.480927
v -54.683788 4.303207 237.753143
v -54.664684 77.122543 239.532486
v -54.662224 22.502007 237.072433
v -54.659180 -8.799155 238.127258
v -54.658035 13.460830 237.761719
v -54.656128 58.898354 240.606903
v -54.648556 67.893089 239.986053
v -54.644768 72.153107 240.008698
v -54.642303 18.533783 277.830994
v -54.633926 40.814667 237.579636
v -54.633907 41.120117 277.246704
v -54.632423 58.900993 240.106567
v -54.632423 59.019669 239.940033
v -54.630844 -14.435846 237.951126
v -54.620667 22.503506 237.688370
v -54.619019 4.307289 237.879028
v -54.615837 -13.616222 237.937836
v -54.589573 86.561478 237.462433
v -54.578403 77.278046 237.184616
v -54.569874 67.401588 251.186584
v -54.569099 77.173630 239.185455
v -54.566795 77.337463 236.858032
v -54.555187 77.280632 236.694565
v -54.547558 -3.971185 238.074966
v -54.543823 -5.517147 237.923584
v -54.543823 -4.734978 236.826035
v -54.532684 22.568287 237.242645
v -54.532341 41.236481 277.799500
v -54.521072 22.511459 237.079163
v -54.508724 77.252190 239.122681
v -54.508568 -3.954899 237.854797
v -54.496384 18.433012 277.759186
v -54.481171 40.767292 237.422897
v -54.481171 40.825409 237.341339
v -54.476223 85.558487 237.947937
v -54.472103 31.671665 236.597687
v -54.469563 40.768581 237.177872
v -54.460899 81.552284 238.570602
v -54.454750 -14.038702 278.134338
v -54.445183 -8.964050 237.831390
v -54.443047 4.320618 237.150681
v -54.439796 68.190582 236.611176
v -54.414036 77.290085 236.701309
v -54.407677 -13.964056 232.613190
v -54.404114 -13.640470 237.808685
v -54.400698 -15.256616 278.194838
v -54.400269 40.664764 277.890167
v -54.387482 40.794243 277.440552
v -54.386421 41.135712 277.727692
v -54.384041 -3.835315 237.940018
v -54.374664 -5.951288 237.850616
v -54.365005 -14.743581 232.498816
v -54.359478 -14.305934 237.807297
v -54.344204 58.920296 240.120316
v -54.332275 4.303305 236.883713
v -54.330952 31.681118 236.604431
v -54.328411 40.778034 237.184601
v -54.317696 13.428076 236.631607
v -54.315151 22.524994 237.211792
v -54.305916 -14.066089 238.116226
v -54.305409 -14.750198 232.210881
v -54.305359 62.908535 258.028778
v -54.298645 68.141907 236.699463
v -54.289963 87.453232 237.623779
v -54.281654 63.267204 257.028870
v -54.279842 -14.678127 237.896731
v -54.278893 86.239464 237.460312
v -54.278210 87.010918 237.464417
v -54.274837 -5.833849 237.995010
v -54.262680 41.143501 277.968201
v -54.261185 -3.952006 238.088623
v -54.257271 -13.853619 237.893204
v -54.253487 86.909416 237.622650
v -54.240501 41.145973 277.500061
v -54.240501 41.257004 277.344269
v -54.237198 -3.936725 237.867752
v -54.230068 4.420403 237.440002
v -54.220505 63.623653 258.287323
v -54.218445 -8.280412 237.845749
v -54.196129 -8.613144 237.845047
v -54.174004 22.534447 237.218521
v -54.173813 -8.945877 237.844345
v -54.173100 63.984959 256.787079
v -54.167274 9.265690 278.039215
v -54.164047 40.790070 236.701294
v -54.159153 -15.316214 278.209981
v -54.157494 68.151367 236.706207
v -54.150787 22.537029 236.728470
v -54.149399 62.444801 258.451630
v -54.147842 40.746548 277.406555
v -54.134991 -3.484409 237.953674
v -54.128407 86.742416 237.454956
v -54.125614 -5.600384 237.864273
v -54.119877 -6.058783 238.084213
v -54.116760 41.042732 277.896362
v -54.116760 41.264801 277.584747
v -54.103294 -6.044854 238.020370
v -54.102982 18.458866 278.012543
v -54.086430 -8.642880 237.989136
v -54.068329 59.493286 257.854858
v -54.060905 4.321478 236.896667
v -54.054588 62.217999 256.783356
v -54.048653 31.641905 236.699463
v -54.032852 22.543900 237.225266
v -54.030533 -8.700439 231.635818
v -54.017139 63.877254 256.710297
v -54.000546 59.062805 237.238754
v -53.997871 23.005072 277.963287
v -53.995277 -7.138191 231.567032
v -53.988995 87.008896 237.462967
v -53.975697 23.007540 277.495178
v -53.970623 13.451063 236.770966
v -53.964916 -6.165798 238.007950
v -53.955017 -8.398767 237.913605
v -53.946030 62.817078 256.708099
v -53.878445 4.300310 237.259186
v -53.874924 60.926163 257.871582
v -53.868488 22.555935 236.741943
v -53.866951 -3.455504 238.192963
v -53.857056 -5.688473 238.098618
v -53.854244 -5.582211 237.877228
v -53.851955 22.904301 277.891479
v -53.836178 59.074841 236.755432
v -53.833504 -5.921684 237.932419
v -53.829777 22.906769 277.423370
v -53.829472 13.460517 236.777695
v -53.823730 63.767326 258.891907
v -53.823730 63.767330 258.891907
v -53.817730 86.420410 237.452850
v -53.797165 49.979416 236.791183
v -53.794624 59.076340 237.371368
v -53.790070 61.403923 258.463165
v -53.790070 62.709370 256.631317
v -53.783012 59.019512 237.207901
v -53.777916 -8.808117 237.942520
v -53.771814 -15.491323 278.314636
v -53.766365 62.237301 256.797119
v -53.748901 4.366590 237.429398
v -53.728920 63.896557 256.724060
v -53.714081 4.312347 236.775864
v -53.711987 -3.562522 238.116699
v -53.706036 23.025600 277.508057
v -53.705215 63.543163 256.723328
v -53.685085 -6.128089 237.961044
v -53.681515 63.545803 256.222992
v -53.678543 -6.146620 238.021622
v -53.675705 -8.244064 237.871643
v -53.671555 60.823730 256.794159
v -53.669731 86.558891 237.460587
v -53.653473 59.085793 237.378098
v -53.645096 -8.848635 238.091995
v -53.625202 31.670265 236.719666
v -53.610405 69.250206 246.728607
v -53.582916 64.730774 258.574097
v -53.582916 65.205475 257.907959
v -53.570683 -5.669292 238.112289
v -53.563000 61.422810 256.718872
v -53.539295 61.069416 256.718140
v -53.537235 -8.253391 238.017197
v -53.531372 4.323296 237.398529
v -53.511806 63.551914 258.738403
v -53.501850 62.728672 256.645081
v -53.489105 59.097828 236.894791
v -53.459110 49.856533 278.073395
v -53.452538 -7.213582 231.749741
v -53.403248 77.205444 240.344879
v -53.393291 72.228516 244.080109
v -53.379547 65.221725 256.664032
v -53.369591 62.855682 256.735596
v -53.367008 4.277214 236.996780
v -53.308441 64.517578 256.162201
v -53.303612 49.866947 278.080811
v -53.294697 65.699486 257.255615
v -53.279816 -5.536321 234.363571
v -53.264874 13.440208 236.886200
v -53.264874 13.498329 236.804642
v -53.237331 61.677246 258.657928
v -53.232563 49.959106 236.899689
v -53.223587 64.995338 256.753784
v -53.223587 77.100380 239.767792
v -53.202293 82.070427 236.717438
v -53.186981 -4.867584 237.204376
v -53.179970 60.028542 256.729675
v -53.169441 68.159416 236.834915
v -53.155289 -5.640213 234.762375
v -53.142521 61.569122 256.823151
v -53.123592 -8.088921 234.672272
v -53.121181 22.604698 237.391571
v -53.118816 61.334404 256.655884
v -53.118816 61.690434 256.156281
v -53.108856 67.987801 244.071228
v -53.091415 49.968559 236.906433
v -53.077095 -14.416345 276.288971
v -53.071373 -15.064952 225.988593
v -53.068939 -15.066136 225.976404
v -53.067627 64.887634 256.677032
v -53.053883 65.950867 257.936951
v -53.047685 -15.076009 225.869902
v -53.043922 72.248238 245.851883
v -53.006477 64.532021 258.934662
v -52.999805 72.810844 275.600891
v -52.994165 -13.963373 225.432074
v -52.993000 -13.989153 225.430000
v -52.988973 -13.845560 225.426705
v -52.988353 -13.809471 225.426198
v -52.984681 -14.226902 225.423194
v -52.974228 72.365501 275.689941
v -52.956818 22.616735 236.908249
v -52.956491 -15.117909 225.421967
v -52.922131 -14.523361 276.212708
v -52.920716 -13.960561 225.370858
v -52.915611 -4.849410 237.217331
v -52.911667 64.661247 256.766815
v -52.903993 -10.918091 225.357176
v -52.899323 77.223236 239.993622
v -52.898867 -10.922069 225.352982
v -52.891747 60.047844 256.743439
v -52.869880 -15.145976 225.329266
v -52.868046 59.694450 256.742706
v -52.864258 62.411667 258.930206
v -52.862112 -13.966015 225.322910
v -52.856401 -11.052663 225.318237
v -52.852927 -10.954672 225.315395
v -52.848125 66.711372 240.399429
v -52.843636 77.226158 240.382111
v -52.840599 -13.955512 225.526566
v -52.837116 49.834160 278.192932
v -52.826809 77.244049 240.372391
v -52.814270 -13.928120 276.137909
v -52.803108 77.246689 239.872070
v -52.784180 73.031242 275.789093
v -52.762684 34.822609 278.162323
v -52.742638 -14.079829 238.605423
v -52.739288 22.573441 236.877396
v -52.736774 72.443130 275.621063
v -52.728542 40.893536 237.571594
v -52.718254 64.788681 258.615356
v -52.710072 -14.469144 276.188995
v -52.647148 65.033943 256.781311
v -52.647144 77.257660 239.628784
v -52.644241 -4.831236 237.230286
v -52.637154 31.678318 236.848373
v -52.635757 -14.504182 276.226379
v -52.627235 87.079208 237.614838
v -52.608871 -14.021307 276.274048
v -52.606735 -8.378641 229.973755
v -52.590923 10.645456 237.108047
v -52.583710 87.567772 237.576614
v -52.564178 40.847450 237.169830
v -52.527897 -13.908941 276.151581
v -52.518677 60.188881 257.848358
v -52.514889 65.279633 256.705292
v -52.491188 64.926239 256.704559
v -52.463486 -14.121712 276.202484
v -52.462128 85.755058 237.572815
v -52.437813 85.392517 237.572052
v -52.431480 77.194771 239.586929
v -52.423027 40.856907 237.176559
v -52.408230 58.993038 277.675354
v -52.400112 77.255859 240.403290
v -52.375797 77.197693 239.975418
v -52.372673 63.159275 256.700836
v -52.358929 65.053253 256.795074
v -52.358929 65.171928 256.628540
v -52.357363 -14.770462 237.364716
v -52.352310 40.794140 237.442032
v -52.349663 58.932083 278.173798
v -52.348969 62.805882 256.700104
v -52.329094 40.796722 236.951981
v -52.314285 85.764954 237.579865
v -52.302132 85.461937 237.750336
v -52.296001 -14.551555 276.130249
v -52.278309 58.936581 278.312500
v -52.277863 62.220413 256.031769
v -52.258602 85.889633 237.797516
v -52.250374 65.652328 256.719788
v -52.240414 63.286285 256.791351
v -52.235738 -15.262428 225.566213
v -52.226669 65.298935 256.719055
v -52.216713 62.932892 256.790619
v -52.187946 40.806175 236.958710
v -52.160336 72.481735 275.648590
v -52.159348 59.978741 256.694183
v -52.141815 65.301987 257.976746
v -52.141815 65.301994 257.976746
v -52.141815 66.132729 256.811035
v -52.138998 -14.778233 237.417064
v -52.103363 49.918495 237.116699
v -52.070709 65.072548 256.808807
v -52.051781 72.962143 275.739838
v -52.028076 72.608742 275.739105
v -51.989639 61.646332 256.878174
v -51.977364 87.186699 237.453262
v -51.971268 86.715714 237.435928
v -51.965939 61.411613 256.710907
v -51.959671 59.024872 237.703613
v -51.944095 -15.316833 225.675192
v -51.936455 59.027454 237.213562
v -51.928490 62.952194 256.804382
v -51.917152 -13.807150 237.453476
v -51.914749 64.964844 256.732056
v -51.901966 -14.004885 225.964233
v -51.873870 -15.332253 225.692190
v -51.868004 16.836548 237.093079
v -51.866631 31.671543 237.089493
v -51.840588 22.927479 278.377869
v -51.819935 64.025978 256.062988
v -51.818520 59.034325 237.710342
v -51.814682 86.726204 237.443405
v -51.795303 59.036907 237.220291
v -51.777443 -13.885302 226.049454
v -51.776638 -14.902483 276.184265
v -51.755119 -13.994555 225.735168
v -51.687675 62.491516 258.484924
v -51.663975 63.324890 256.818878
v -51.661273 -15.368732 225.700917
v -51.657005 -14.089023 278.483429
v -51.657005 -14.089022 278.483429
v -51.654156 59.046360 237.227036
v -51.654015 61.314880 256.390869
v -51.650230 65.337540 256.746552
v -51.639854 -8.765642 279.575134
v -51.628742 4.200375 278.989990
v -51.626526 63.560024 258.744171
v -51.626526 64.984146 256.745819
v -51.616570 62.262077 257.316986
v -51.610634 -15.476961 279.459381
v -51.610634 -15.360870 279.296478
v -51.605556 4.202955 278.500549
v -51.587444 -15.242197 278.644165
v -51.584332 31.632328 237.184525
v -51.577998 -15.390033 225.688864
v -51.576332 -3.669284 280.013794
v -51.576332 -3.321008 279.525116
v -51.570297 -9.338360 278.921356
v -51.568535 22.534325 237.710327
v -51.559181 2.466742 279.965210
v -51.559181 3.047199 279.150696
v -51.559181 3.279383 278.824890
v -51.553146 -3.782793 279.687286
v -51.552021 68.151245 237.198013
v -51.550812 -13.967360 279.061401
v -51.547112 -9.335777 278.431946
v -51.545460 61.557926 256.815186
v -51.541073 -16.165770 278.968506
v -51.537762 -11.083204 225.682129
v -51.535999 3.049778 278.661285
v -51.535999 3.165871 278.498383
v -51.527069 -5.642908 234.996887
v -51.521759 61.323212 256.647919
v -51.517883 -16.163191 278.479095
v -51.517883 -14.537907 276.198456
v -51.517883 -14.537906 276.198456
v -51.516376 4.266930 238.039902
v -51.512810 2.123627 279.475067
v -51.512810 2.587994 278.823456
v -51.511939 -15.355526 225.991528
v -51.508766 71.947456 278.372467
v -51.508015 63.217186 256.742126
v -51.506069 -13.867127 226.062408
v -51.504440 -14.890932 279.385742
v -51.498943 -8.526938 229.868073
v -51.497272 -15.017275 280.998478
v -51.496204 49.796761 278.030792
v -51.495377 -8.203352 235.063568
v -51.494057 4.269415 237.568832
v -51.493757 -15.397750 225.740154
v -51.490604 72.529175 275.535645
v -51.488159 4.268175 238.026321
v -51.487289 -9.219276 279.988770
v -51.483757 -13.976380 225.748123
v -51.483189 72.206413 277.473206
v -51.481255 -14.772263 278.733429
v -51.473991 49.960388 237.269516
v -51.473061 -8.200869 234.592499
v -51.471085 77.320259 237.888336
v -51.470402 71.439507 278.281403
v -51.464104 -8.868420 279.010620
v -51.460117 -8.764133 237.973862
v -51.460117 -6.305886 234.524414
v -51.458595 40.733154 278.480804
v -51.457615 71.504959 277.921631
v -51.456692 59.051926 237.756622
v -51.456554 -4.753178 237.995178
v -51.452991 4.097595 278.425476
v -51.450741 -8.757077 234.905396
v -51.450741 -8.533600 234.591797
v -51.445950 -14.971656 276.097168
v -51.444824 71.762489 277.292328
v -51.444824 72.979012 275.585266
v -51.442598 -15.407672 281.030621
v -51.440918 -8.981934 278.684113
v -51.439617 40.830246 237.738434
v -51.437801 -6.526880 234.366928
v -51.437637 49.799835 278.439423
v -51.434235 -4.862433 237.680893
v -51.433121 59.059055 267.087372
v -51.433018 40.671974 278.030792
v -51.429466 58.993145 278.488281
v -51.427361 -4.786323 237.821503
v -51.426991 -8.351494 238.408707
v -51.424850 49.801258 278.169495
v -51.424622 71.953377 278.241211
v -51.423771 -3.078094 278.961304
v -51.421291 68.250488 278.447296
v -51.419250 72.533669 275.674316
v -51.411835 71.762718 278.240784
v -51.407585 40.295521 237.384308
v -51.404167 22.546362 237.227020
v -51.403889 58.931965 278.038239
v -51.402733 -8.348793 237.896606
v -51.396732 -13.885025 238.107254
v -51.395718 68.189308 277.997253
v -51.391109 -13.731272 263.873718
v -51.390923 -11.519828 226.080231
v -51.390923 -11.184612 225.609848
v -51.389500 61.450222 256.738403
v -51.389240 -13.956918 238.254852
v -51.388664 -6.896163 238.674820
v -51.387238 -14.108316 270.544220
v -51.386261 71.445427 278.150146
v -51.383030 -14.793084 238.241051
v -51.379539 62.644485 251.814117
v -51.378475 -8.710497 237.895844
v -51.377041 -13.979177 267.038147
v -51.374416 -13.882541 237.636169
v -51.374184 28.408970 278.537659
v -51.373802 -13.930754 226.258408
v -51.372459 -5.569101 234.860641
v -51.371017 76.834282 237.624161
v -51.370178 -10.308287 226.917526
v -51.366554 -13.954393 237.776047
v -51.364407 -7.014929 238.333160
v -51.363542 -15.334935 226.267495
v -51.363031 -14.805534 237.821012
v -51.361591 4.389719 238.112946
v -51.360695 87.248520 238.168655
v -51.358086 -14.039701 238.724152
v -51.357910 -8.200080 237.902985
v -51.357844 -14.807326 237.762542
v -51.356564 34.833302 278.320343
v -51.354932 -14.776571 238.729239
v -51.352783 -14.462345 267.207825
v -51.352100 -14.550488 238.105865
v -51.351116 -13.928228 225.779602
v -51.350723 81.395164 238.655029
v -51.350357 28.411621 278.034760
v -51.349781 -8.178720 238.047241
v -51.349781 -6.134436 235.178650
v -51.349556 76.836670 237.171127
v -51.348907 -14.717923 273.707886
v -51.348389 3.839340 237.829620
v -51.345137 -15.396545 225.889249
v -51.344563 -14.807087 237.792373
v -51.343559 77.319817 237.829254
v -51.340269 -15.412893 225.789209
v -51.340248 -8.285119 235.087784
v -51.340176 13.082971 237.878754
v -51.339886 85.126816 238.830246
v -51.339886 85.346954 238.521347
v -51.338943 41.257633 278.103027
v -51.338909 4.278673 237.793503
v -51.336183 -15.413475 225.788629
v -51.335594 -5.962828 234.296051
v -51.334839 -14.358492 276.020111
v -51.333828 -14.037003 238.212051
v -51.333159 -14.793499 238.271482
v -51.331387 87.105026 237.755875
v -51.331387 87.251785 237.549942
v -51.330299 59.066765 237.856445
v -51.329781 -14.548004 237.634781
v -51.329750 59.002979 240.681458
v -51.328350 62.756084 256.664612
v -51.327095 -5.904768 234.381119
v -51.326534 27.937117 278.201385
v -51.326080 -5.681065 238.769730
v -51.325226 85.055069 238.623856
v -51.325226 85.421959 238.109024
v -51.324646 -14.229353 272.514038
v -51.323795 59.060829 237.762970
v -51.323753 77.223495 240.184601
v -51.322674 3.713448 237.467484
v -51.318462 87.219002 237.859039
v -51.317566 -8.623308 235.087082
v -51.317566 -8.509737 234.927719
v -51.317566 -8.282595 234.608978
v -51.317379 82.265854 237.871002
v -51.317039 40.813709 237.883621
v -51.316730 86.886520 237.755417
v -51.316730 87.253418 237.240585
v -51.315262 49.949989 237.753876
v -51.314457 12.957075 237.516602
v -51.311752 -14.885612 276.204041
v -51.310581 -14.841661 276.189789
v -51.310574 85.130081 238.211533
v -51.310574 85.203453 238.108566
v -51.310478 68.174103 237.310669
v -51.310478 68.228821 237.233887
v -51.309097 77.225128 239.875244
v -51.307102 87.830307 237.685333
v -51.306721 40.839149 237.744781
v -51.306519 22.942028 278.680054
v -51.306244 22.071949 237.746399
v -51.305618 -13.922558 265.663055
v -51.304646 73.795670 240.677063
v -51.304413 -6.470101 234.699142
v -51.304329 50.005924 237.446396
v -51.303509 87.992699 237.382141
v -51.302998 82.267456 237.567459
v -51.301998 87.525856 237.544525
v -51.301937 59.063259 237.301575
v -51.301819 -6.042764 238.768967
v -51.301819 -5.921297 238.598526
v -51.301819 -5.799831 238.428085
v -51.300789 -4.891921 238.226852
v -51.300385 -14.591055 272.513275
v -51.298405 87.364258 237.695953
v -51.298260 81.543808 239.226730
v -51.298027 31.315582 237.795532
v -51.296234 77.331970 237.896683
v -51.295918 84.764816 238.417007
v -51.295673 72.658325 275.523315
v -51.294724 77.315109 237.427658
v -51.293724 82.573509 237.404724
v -51.293404 49.952423 237.292480
v -51.291626 -8.342966 238.671783
v -51.290901 59.074883 264.085388
v -51.290901 72.010658 245.933685
v -51.290638 34.809669 278.622955
v -51.290302 14.022804 278.633820
v -51.290195 -14.097515 268.495850
v -51.287498 58.992271 264.547394
v -51.287216 -14.099234 238.342102
v -51.284863 40.841579 237.283386
v -51.284246 -14.793235 238.346895
v -51.282688 22.944679 278.177155
v -51.280941 73.560951 240.509796
v -51.280525 21.946056 237.384247
v -51.279785 77.081635 239.462463
v -51.279694 -5.869610 238.718018
v -51.279694 -5.751694 238.552551
v -51.279541 70.193451 266.484711
v -51.278919 87.327049 238.224609
v -51.278919 87.400429 238.121643
v -51.278919 87.767319 237.606827
v -51.278107 -4.889397 237.748047
v -51.277557 -6.040065 238.256882
v -51.277523 40.682388 278.038208
v -51.275105 81.542435 240.623077
v -51.274086 5.103580 278.587555
v -51.273373 64.991516 264.535309
v -51.272312 31.189686 237.433380
v -51.271973 73.729050 273.524231
v -51.268959 77.287567 237.668976
v -51.268463 34.812134 278.154846
v -51.268410 -14.396429 268.568787
v -51.267365 -8.340265 238.159698
v -51.267197 63.349888 257.589996
v -51.266472 13.906169 278.298279
v -51.266472 14.025457 278.130890
v -51.265934 -14.459217 268.495087
v -51.264267 87.255302 238.018219
v -51.264095 40.304562 237.663177
v -51.263412 62.744152 264.440338
v -51.263412 76.629341 244.956406
v -51.263412 76.748016 244.789871
v -51.263016 22.555813 237.233749
v -51.262688 28.390678 278.512238
v -51.260422 68.176727 237.659882
v -51.257240 61.339874 257.161987
v -51.257240 73.444916 240.175995
v -51.256760 -11.544950 226.276520
v -51.256760 -11.204236 225.798431
v -51.256634 77.227020 240.652878
v -51.253139 87.596008 237.725540
v -51.253139 87.717758 237.554688
v -51.250263 4.748363 278.586792
v -51.250263 4.986942 278.252014
v -51.249668 64.875481 264.201508
v -51.249664 76.980515 247.215500
v -51.249611 87.256935 237.708878
v -51.248390 58.942379 278.045685
v -51.248268 73.494331 273.356964
v -51.247284 67.993271 244.577332
v -51.247101 77.290001 237.207596
v -51.246246 -8.571625 238.788391
v -51.246246 -8.335794 238.457474
v -51.245892 -5.561129 235.106613
v -51.245792 81.398941 240.210297
v -51.244865 82.009552 239.154083
v -51.243496 63.233849 257.256195
v -51.243103 -8.823433 238.329376
v -51.242924 84.742577 238.396912
v -51.241821 13.778217 278.670776
v -51.240982 87.292984 237.895996
v -51.240509 28.393145 278.044128
v -51.239712 62.509438 264.273071
v -51.239712 62.746788 263.940033
v -51.239708 71.766228 251.283783
v -51.239708 76.394623 244.789139
v -51.238632 16.878443 237.245911
v -51.237801 -14.226227 273.801300
v -51.229752 77.232857 240.364426
v -51.228821 87.111717 237.895615
v -51.228165 68.171646 237.827423
v -51.227364 61.481037 247.218414
v -51.226440 4.751015 278.083893
v -51.225658 81.704033 240.739594
v -51.224567 75.158447 270.525238
v -51.223621 34.841675 278.578705
v -51.223579 62.774132 251.404297
v -51.223209 -5.785747 234.946548
v -51.222698 -8.804836 238.622192
v -51.222698 -8.333170 237.960358
v -51.220924 -10.752074 227.322174
v -51.219646 13.780685 278.202667
v -51.217384 77.152451 240.715988
v -51.216667 87.052193 237.724396
v -51.216667 87.113068 237.638977
v -51.216560 68.231056 237.500839
v -51.216007 62.393398 263.939270
v -51.216003 76.278587 244.455338
v -51.215443 79.337608 240.727600
v -51.215443 80.311607 239.360870
v -51.214905 49.918587 237.854599
v -51.214611 81.773911 237.324631
v -51.213501 81.583641 240.653793
v -51.211555 85.108047 238.786163
v -51.209831 72.263420 240.840622
v -51.209812 87.324539 237.142242
v -51.208435 70.557396 264.484161
v -51.208389 81.465736 239.152939
v -51.208389 81.830986 238.640411
v -51.207653 -14.631845 270.646484
v -51.206047 57.891174 267.008392
v -51.206047 58.247204 266.508789
v -51.206047 76.286079 241.196320
v -51.206047 76.286087 241.196320
v -51.206047 76.642113 240.696732
v -51.206047 77.235497 239.864090
v -51.206001 41.146717 278.528778
v -51.204948 68.174225 237.337372
v -51.204506 87.053543 237.467758
v -51.204506 87.175293 237.296906
v -51.203888 -14.408286 276.294708
v -51.203541 81.773987 237.643005
v -51.203346 -14.580256 270.464905
v -51.203300 49.978001 237.528015
v -51.202453 -14.255475 265.714166
v -51.202408 77.329269 237.835999
v -51.202263 76.629761 246.714432
v -51.202259 76.629761 246.714432
v -51.201866 -14.031301 225.706146
v -51.200527 -5.896793 234.627106
v -51.199875 62.183388 251.736618
v -51.199875 62.302063 251.570084
v -51.199799 34.844330 278.075806
v -51.199398 85.413773 238.102417
v -51.199245 82.053848 237.160355
v -51.199142 -8.802219 238.125076
v -51.198738 87.324615 237.460602
v -51.198013 77.233543 239.415466
v -51.197456 87.598930 238.114029
v -51.196938 87.025093 237.292618
v -51.196232 81.588837 238.725464
v -51.196091 57.661312 264.082428
v -51.196091 62.171032 257.754303
v -51.196091 74.276070 240.768311
v -51.196087 74.276070 240.768311
v -51.194447 87.475533 237.158890
v -51.193993 -14.165007 272.725647
v -51.193703 58.880280 247.122726
v -51.193592 27.826202 278.627167
v -51.193066 77.155151 240.202713
v -51.192974 76.847160 237.178604
v -51.192642 86.724686 237.624222
v -51.191689 49.921173 237.364548
v -51.191124 79.340317 240.214325
v -51.190903 72.320335 270.762604
v -51.190903 76.711380 264.601013
v -51.190903 77.067413 264.101410
v -51.189182 81.525467 240.225937
v -51.189148 59.076218 237.863174
v -51.188211 -14.775106 238.868087
v -51.187765 -14.772875 238.924553
v -51.187241 85.110748 238.272873
v -51.187241 85.232498 238.102036
v -51.187119 73.020050 275.781097
v -51.186192 76.825264 237.617737
v -51.185295 87.356781 238.199066
v -51.185295 87.417656 238.113647
v -51.184734 70.560028 263.983826
v -51.182472 72.215103 240.745331
v -51.182472 72.571983 240.244553
v -51.182377 4.814903 278.626343
v -51.182346 72.253708 246.358002
v -51.182346 77.119461 239.530289
v -51.182175 41.149368 278.025879
v -51.181072 70.742905 264.111725
v -51.179356 -13.975656 238.929153
v -51.179192 77.331856 237.345947
v -51.177845 -8.619984 237.973068
v -51.177525 22.971395 278.644104
v -51.177162 74.214310 270.856812
v -51.177162 77.062553 266.860107
v -51.175892 40.823158 237.890350
v -51.175079 84.929474 238.272491
v -51.173325 -14.774394 238.897003
v -51.172672 41.238922 278.506073
v -51.172386 61.698963 257.920105
v -51.172386 61.817642 257.753571
v -51.172386 69.294281 247.262222
v -51.172386 74.278709 240.267990
v -51.170990 70.436501 266.909027
v -51.170990 70.555176 266.742493
v -51.170444 -14.516135 272.724915
v -51.167202 71.966942 270.761841
v -51.167202 72.322975 270.262268
v -51.165932 59.078800 237.373123
v -51.164818 63.810440 266.957977
v -51.163418 72.666656 275.780365
v -51.162750 22.209747 237.844604
v -51.160545 -13.919106 268.659454
v -51.160202 4.817371 278.158234
v -51.158646 58.964539 264.508972
v -51.155350 22.973864 278.175995
v -51.154919 72.205360 246.275940
v -51.154854 72.243996 251.875366
v -51.152676 40.825745 237.400299
v -51.150494 41.241386 278.037933
v -51.149723 74.527557 270.332733
v -51.148827 87.239090 237.599976
v -51.148685 62.176308 256.753662
v -51.148682 69.296921 246.761887
v -51.148281 -5.743414 238.807953
v -51.148281 -5.625498 238.642487
v -51.147598 80.437630 239.321884
v -51.147285 71.863258 264.410339
v -51.147285 72.219292 263.910767
v -51.145546 77.235435 240.193100
v -51.145252 12.840221 237.433334
v -51.144936 61.625294 257.865784
v -51.144936 61.744255 257.698853
v -51.144936 61.863216 257.531921
v -51.144901 59.078358 267.101105
v -51.144897 59.078362 267.101105
v -51.144718 34.930969 278.239532
v -51.143715 85.416695 238.490906
v -51.143501 71.850906 270.428040
v -51.141113 63.813080 266.457642
v -51.139713 73.974739 273.448212
v -51.136997 -14.034401 268.327789
v -51.136337 57.706284 244.528351
v -51.136028 71.889633 277.210327
v -51.135944 72.619301 275.768921
v -51.135944 72.738266 275.601990
v -51.134941 71.784271 246.023453
v -51.133652 -14.385173 266.320766
v -51.131557 85.113670 238.661362
v -51.131153 76.756348 245.046921
v -51.131153 77.112381 244.547333
v -51.130009 58.985741 278.083313
v -51.129753 76.593124 266.525543
v -51.127365 72.195625 251.806549
v -51.125923 22.836418 278.100006
v -51.124981 68.943527 246.761154
v -51.122597 57.701427 247.287033
v -51.121197 59.080997 266.600800
v -51.121178 61.508976 257.531189
v -51.121178 61.627937 257.364258
v -51.121178 69.122520 246.847733
v -51.119774 70.148514 266.708618
v -51.119774 71.813980 264.371613
v -51.118809 66.708511 240.648499
v -51.117386 58.998398 267.068848
v -51.115982 71.801598 270.403748
v -51.115224 -14.816700 237.773694
v -51.114838 -8.327515 238.712875
v -51.114208 77.298897 237.213928
v -51.113449 -14.385529 268.327057
v -51.111240 58.257755 264.507477
v -51.107452 76.758987 244.546585
v -51.107449 76.758987 244.546585
v -51.107399 63.407494 257.625641
v -51.107399 71.734802 245.940598
v -51.103607 62.800301 264.492401
v -51.103603 76.599846 245.128647
v -51.103603 76.718811 244.961716
v -51.103603 77.075699 244.460938
v -51.103104 31.072834 237.350098
v -51.102680 72.561249 275.569183
v -51.102676 57.716415 240.769012
v -51.101280 61.113495 257.251770
v -51.100029 -14.817059 237.784115
v -51.099792 -14.154523 270.737152
v -51.097492 77.122513 240.787994
v -51.097420 61.273697 257.363525
v -51.097420 61.392658 257.196594
v -51.097416 73.288818 240.503693
v -51.097416 73.526741 240.169830
v -51.094887 40.316463 237.399231
v -51.093624 59.001045 266.567291
v -51.093571 40.819809 237.829239
v -51.091320 62.663788 251.827866
v -51.091286 -8.796558 238.877594
v -51.090736 -13.935922 237.789200
v -51.089828 64.936745 264.252991
v -51.089828 77.070831 247.226242
v -51.088425 74.171089 272.595764
v -51.085770 4.294619 238.285477
v -51.083641 63.172215 257.457947
v -51.083641 63.410137 257.124084
v -51.080311 22.566765 237.856430
v -51.079849 62.802948 263.990875
v -51.079845 71.844025 251.304276
v -51.079845 76.483536 244.794052
v -51.079845 76.721458 244.460190
v -51.076336 72.058762 277.860809
v -51.076336 72.392708 277.392212
v -51.073788 77.125153 240.287659
v -51.073658 61.038418 257.195831
v -51.073658 61.157379 257.028931
v -51.073658 61.276340 256.862000
v -51.071266 59.048347 244.702530
v -51.069862 77.085854 240.692566
v -51.067474 61.534157 247.229156
v -51.067051 4.313723 237.883606
v -51.064667 73.816849 272.595032
v -51.064667 75.244385 270.591888
v -51.063675 62.592430 251.758942
v -51.059883 62.936935 257.290283
v -51.059879 74.357246 241.265106
v -51.056084 76.248253 244.626373
v -51.053780 -15.020056 276.264557
v -51.053642 58.989746 278.616119
v -51.052948 40.676559 278.637177
v -51.052471 -3.555803 279.986938
v -51.052471 -3.223906 279.521210
v -51.049896 72.461372 240.669128
v -51.048496 70.632294 264.536316
v -51.048313 65.233902 278.296509
v -51.048313 65.317390 278.179352
v -51.046104 57.935677 267.066620
v -51.046104 58.292564 266.565826
v -51.046101 73.638611 245.031982
v -51.046101 76.374725 241.192612
v -51.046101 76.731613 240.691833
v -51.046101 77.088501 240.191040
v -51.046101 77.207458 240.024109
v -51.045227 77.165054 240.209763
v -51.044956 49.750595 278.567810
v -51.044956 49.917568 278.333496
v -51.042988 71.394577 278.094055
v -51.042988 71.645035 277.742615
v -51.042988 73.064316 275.751038
v -51.042309 76.719231 246.723969
v -51.040966 -15.467113 279.457214
v -51.040905 74.652222 270.925018
v -51.040905 74.890144 270.591156
v -51.040905 75.009109 270.424225
v -51.039917 62.238190 251.758194
v -51.039917 62.357151 251.591263
v -51.039917 62.357155 251.591263
v -51.039917 62.595074 251.257401
v -51.037743 59.009926 246.712906
v -51.036274 40.761902 278.168060
v -51.036125 57.705269 264.133636
v -51.036121 62.225807 257.790344
v -51.036121 74.359894 240.763580
v -51.036060 86.864128 237.450745
v -51.035690 3.731525 238.025223
v -51.035690 3.860283 237.844543
v -51.034721 72.292885 264.964600
v -51.033730 58.927158 247.133240
v -51.032326 62.213428 263.822479
v -51.030922 72.399467 270.829834
v -51.030922 77.157928 264.152649
v -51.030376 -3.110815 278.899567
v -51.028282 49.835938 278.098694
v -51.027130 73.100853 275.860382
v -51.024624 -9.287733 278.945160
v -51.022343 73.522293 244.697388
v -51.022343 77.210098 239.522583
v -51.017147 74.773834 270.256561
v -51.017147 77.153061 266.917969
v -51.014282 4.716600 278.086426
v -51.014034 2.183502 279.629456
v -51.014034 2.294136 279.474213
v -51.014034 2.957932 278.542755
v -51.014034 3.068565 278.387512
v -51.013763 58.823223 240.766495
v -51.012766 -15.558158 281.283324
v -51.012360 61.752605 257.956512
v -51.012360 61.990532 257.622650
v -51.012360 62.109493 257.455719
v -51.012360 62.704300 256.621094
v -51.012360 69.366150 247.273056
v -51.010960 70.511108 266.967010
v -51.010960 71.938644 264.963867
v -51.009636 72.567108 275.750000
v -51.009430 22.873093 278.104187
v -51.008282 -3.108355 278.433136
v -51.007164 72.045227 270.829071
v -51.007164 72.402115 270.328308
v -51.007164 76.565765 264.485779
v -51.004772 63.869152 267.016083
v -51.004574 41.140617 277.966125
v -51.002675 -16.607164 278.949647
v -51.002529 -9.285275 278.478760
v -51.002289 -4.870924 237.761215
v -51.002010 -16.593555 279.063542
v -51.001762 12.978018 237.531525
v -50.999969 71.979279 278.510742
v -50.998585 59.011620 264.561188
v -50.992397 66.288170 245.079544
v -50.988602 61.636292 257.621918
v -50.988602 61.755253 257.454987
v -50.988602 61.993176 257.121124
v -50.988602 62.231098 256.787262
v -50.987198 72.298172 263.961548
v -50.983963 -14.028501 279.077911
v -50.981010 63.871796 266.514557
v -50.979549 16.836645 237.830994
v -50.979126 4.172821 278.940369
v -50.978176 31.671638 237.827408
v -50.976227 57.750347 244.532639
v -50.974827 59.014267 264.059662
v -50.974823 71.981079 245.864395
v -50.971947 65.404884 278.595001
v -50.969627 76.682503 266.582611
v -50.968636 66.171860 244.744949
v -50.968636 66.290817 244.578018
v -50.967941 16.837936 237.585968
v -50.967827 21.966999 237.399170
v -50.966774 11.274218 237.925049
v -50.966568 31.731052 237.500824
v -50.964844 61.638935 257.120392
v -50.964844 69.014557 246.770798
v -50.964840 73.416130 240.594421
v -50.963440 70.159508 266.464752
v -50.962448 57.745476 247.297943
v -50.961868 -14.026042 278.611511
v -50.958656 66.655212 240.810394
v -50.958652 66.655212 240.810394
v -50.957253 64.945091 264.510651
v -50.957031 4.175282 278.473969
v -50.956333 16.839226 237.340942
v -50.954960 31.674223 237.337357
v -50.952583 -14.461584 276.194366
v -50.952419 40.829262 237.835983
v -50.949059 -16.643211 278.863572
v -50.945526 -9.284883 280.117615
v -50.945526 -8.842354 279.496643
v -50.943924 58.913975 278.562103
v -50.943558 11.276800 237.434998
v -50.942486 57.760502 240.764267
v -50.941925 46.702431 237.291992
v -50.939770 -14.908642 279.387024
v -50.939163 22.576218 237.863159
v -50.934722 -16.684176 278.569425
v -50.933495 64.828773 264.176056
v -50.933495 64.828781 264.176056
v -50.932257 -15.199435 281.330656
v -50.929203 40.831844 237.345917
v -50.929180 -3.216139 279.760834
v -50.927307 63.064247 257.381012
v -50.927250 58.999321 278.092987
v -50.925903 4.323175 237.890350
v -50.923512 62.457058 264.247803
v -50.923424 -8.839897 279.030243
v -50.915947 22.578800 237.373108
v -50.913525 77.215813 240.281769
v -50.912838 2.410080 280.024994
v -50.912838 3.184505 278.938324
v -50.902687 4.325758 237.400299
v -50.901333 -8.948069 278.719055
v -50.892200 3.869322 238.123428
v -50.890739 3.186966 278.471893
v -50.884987 -3.100586 278.672760
v -50.877396 59.057117 246.722443
v -50.866486 3.872185 237.580597
v -50.866009 77.102135 239.445648
v -50.864128 59.091370 237.900513
v -50.852167 -16.098864 281.377742
v -50.846760 -13.244699 281.380921
v -50.839882 68.205856 237.217529
v -50.834409 -12.487526 281.388182
v -50.832707 -13.973456 281.389183
v -50.832554 12.861164 237.448257
v -50.828307 -13.219802 281.391770
v -50.809948 4.313091 238.298630
v -50.804714 59.020393 266.581085
v -50.797179 -13.432281 281.410071
v -50.790405 31.093777 237.365021
v -50.787270 4.315619 237.819824
v -50.774133 -16.328861 281.423620
v -50.766296 -14.119100 281.428227
v -50.751271 -12.280346 281.437060
v -50.746100 -13.468893 281.440100
v -50.706985 68.214760 237.223862
v -50.688347 4.193275 278.486786
v -50.680847 22.113834 237.776245
v -50.659325 59.050606 237.871460
v -50.637466 59.053040 237.410065
v -50.584206 -13.986261 237.991211
v -50.575459 77.205757 237.687820
v -50.567897 -15.326485 281.544868
v -50.567703 -14.111476 281.544983
v -50.566093 87.888443 237.537872
v -50.564060 4.212568 237.853500
v -50.556019 13.382496 237.724792
v -50.547985 22.426453 237.772858
v -50.544124 -14.829993 237.978859
v -50.542642 -14.020724 281.559716
v -50.539944 31.596382 237.644150
v -50.538006 52.567116 237.419128
v -50.537354 22.122875 238.055115
v -50.531906 40.640339 237.692215
v -50.530540 82.570541 237.554962
v -50.526428 59.059509 237.877808
v -50.519855 12.882105 237.463181
v -50.519596 65.119164 252.049362
v -50.513111 68.227501 237.348724
v -50.504570 59.061943 237.416412
v -50.497007 -12.305964 281.586546
v -50.496026 -16.640186 280.802182
v -50.481857 4.550753 237.837158
v -50.474342 82.480499 237.565384
v -50.457600 4.189051 237.836411
v -50.444675 40.633812 278.783356
v -50.441090 -5.014460 237.959747
v -50.419578 -14.056528 281.632067
v -50.409790 49.855762 237.648041
v -50.405281 -5.623932 237.945480
v -50.393536 59.068409 237.884155
v -50.373344 3.849089 237.594467
v -50.370603 -14.022065 281.660860
v -50.368149 22.006023 237.971848
v -50.368149 22.134777 237.791168
v -50.367939 76.854065 237.592438
v -50.350384 -8.450995 237.853195
v -50.349480 77.140411 237.710968
v -50.296135 82.492439 237.573898
v -50.293385 58.996750 237.617966
v -50.292721 -13.929541 281.706648
v -50.274195 -14.834576 238.031041
v -50.272217 52.584915 237.431808
v -50.270485 -13.997190 279.040131
v -50.253000 -12.323325 281.730000
v -50.253000 -13.940691 281.730000
v -50.250076 13.402985 237.739395
v -50.247295 -14.110703 278.713623
v -50.238785 59.079742 237.429108
v -50.237286 40.734123 237.691895
v -50.234001 31.616871 237.658752
v -50.224659 22.143818 238.070053
v -50.224331 88.130814 237.555344
v -50.220452 -16.611108 278.714491
v -50.213528 40.379883 237.691162
v -50.198940 22.017923 237.707901
v -50.198940 22.146679 237.527222
v -50.176975 68.018776 237.754837
v -50.173225 21.634518 237.707092
v -50.162601 4.208809 237.850479
v -50.146095 -4.994702 237.973831
v -50.140644 -14.844378 237.922155
v -50.136703 -13.872531 238.074677
v -50.129585 -14.076743 237.926727
v -50.126299 -14.844343 237.932028
v -50.122612 77.163033 237.657364
v -50.117928 82.504372 237.582397
v -50.117725 4.241903 238.140945
v -50.103805 -13.409715 281.730000
v -50.101646 22.455788 238.060303
v -50.093961 -16.425109 281.730000
v -50.093300 76.726028 237.656448
v -50.092952 -14.845161 237.932787
v -50.092567 4.118727 237.786621
v -50.091339 -14.435339 237.913895
v -50.090663 -14.838293 238.082295
v -50.085571 40.669670 237.979660
v -50.084526 13.288656 237.657913
v -50.076488 22.332615 237.705978
v -50.068451 31.502542 237.577271
v -50.067413 52.544155 237.402756
v -50.067406 3.743603 237.785828
v -50.065163 -13.989801 281.730000
v -50.065163 -13.989801 281.730000
v -50.060413 40.546497 237.625336
v -50.055489 77.166550 238.125656
v -50.053000 -12.337260 281.730000
v -50.053000 -12.901486 281.730000
v -50.053000 -13.441938 281.730000
v -50.053000 -13.994275 281.730000
v -50.051495 4.700504 237.943878
v -50.038620 -15.480579 276.263550
v -50.031471 87.924240 237.563400
v -50.021523 31.144699 237.673752
v -50.011455 -16.823234 277.689830
v -50.004471 59.016098 237.631760
v -49.999275 72.282761 246.331100
v -49.994313 -12.341313 281.715773
v -49.987503 87.268730 237.562012
v -49.964767 -14.313793 238.000519
v -49.964542 49.767147 237.584885
v -49.959805 4.257463 238.018692
v -49.957283 76.830391 237.458954
v -49.954105 3.932148 238.168198
v -49.954105 4.318417 237.626175
v -49.946117 40.750313 278.866394
v -49.944138 13.423475 237.753998
v -49.939720 82.516304 237.590897
v -49.935036 87.784271 237.618896
v -49.933872 59.098953 238.021698
v -49.932764 -13.508989 281.700852
v -49.932764 -13.508989 281.700852
v -49.932426 -14.894550 276.189941
v -49.927727 41.313820 237.619934
v -49.924660 77.333588 238.202515
v -49.923878 -3.889841 237.990173
v -49.921684 -4.572416 237.973938
v -49.920547 68.212219 237.569397
v -49.916798 40.822552 238.080292
v -49.912449 87.367485 237.698257
v -49.911957 22.164761 238.084976
v -49.911957 22.422272 237.723633
v -49.911789 77.802032 237.736588
v -49.909241 -15.240245 276.189209
v -49.903477 49.935822 237.627991
v -49.894924 -14.050273 281.691678
v -49.894924 -14.050273 281.691678
v -49.894459 12.795235 237.673691
v -49.892326 28.750700 237.748535
v -49.891869 4.225864 238.376648
v -49.888065 68.038124 237.768616
v -49.886242 22.038864 237.722824
v -49.883568 -13.515868 238.088562
v -49.879230 -8.973414 237.965485
v -49.879227 58.612549 237.559280
v -49.879032 77.325691 237.927704
v -49.872887 59.540558 237.525940
v -49.872608 -13.965407 276.606445
v -49.871895 58.905487 238.056351
v -49.869812 40.268616 238.182419
v -49.867607 4.228565 237.864563
v -49.863735 -14.247066 269.931335
v -49.860527 21.655460 237.722015
v -49.852310 31.156601 237.409805
v -49.848557 35.033970 237.695023
v -49.848137 58.908134 237.554825
v -49.844093 40.271477 237.639603
v -49.841763 14.000528 278.870331
v -49.835457 21.092911 237.622147
v -49.831970 49.894459 237.675613
v -49.819729 40.759888 278.343262
v -49.818382 39.888069 237.638794
v -49.815796 40.642860 238.130280
v -49.811783 4.262392 238.155548
v -49.803009 66.732613 240.865555
v -49.802475 -17.090426 279.995486
v -49.802258 29.761742 237.669418
v -49.795418 77.295433 238.073151
v -49.792038 40.645508 237.628754
v -49.786621 4.139217 237.801224
v -49.784897 3.815294 238.084915
v -49.784897 4.072807 237.723572
v -49.783901 40.831451 238.086639
v -49.783901 41.159775 237.625931
v -49.779118 59.110283 237.566650
v -49.771660 77.179115 237.738556
v -49.769863 77.326035 238.197128
v -49.769863 77.650024 237.742508
v -49.768280 40.172306 237.794937
v -49.766197 77.186905 237.674377
v -49.764248 -4.000080 237.911621
v -49.763405 76.897850 237.507034
v -49.763145 45.908028 237.536331
v -49.762043 40.833885 237.625244
v -49.761513 82.528244 237.599411
v -49.761463 3.764091 237.800430
v -49.759182 3.689400 237.722778
v -49.757084 88.006035 237.696304
v -49.756832 87.869583 237.524445
v -49.756500 4.720261 237.957962
v -49.753376 -9.204001 238.037476
v -49.748295 77.328438 237.741837
v -49.747295 82.586838 237.718903
v -49.746330 58.621452 237.565628
v -49.746140 77.334587 237.934052
v -49.742752 22.047905 238.001694
v -49.742752 22.305416 237.640350
v -49.740639 52.565796 237.533966
v -49.739319 59.032803 238.147079
v -49.736885 76.749893 237.673462
v -49.736599 -3.201185 237.989944
v -49.729065 59.058189 237.992645
v -49.729065 59.386513 237.531937
v -49.728260 12.558900 237.670944
v -49.725250 12.549625 237.771088
v -49.724281 77.337021 237.472656
v -49.720047 -14.070767 276.531372
v -49.719818 2.801630 237.942398
v -49.715744 68.171463 237.540359
v -49.708820 31.165642 237.688675
v -49.699074 77.190422 238.142670
v -49.696861 -14.184278 276.204834
v -49.696857 -14.184279 276.204834
v -49.685150 -11.867023 237.959427
v -49.683414 -12.331563 276.296997
v -49.683224 40.770176 238.221008
v -49.677116 -16.886101 276.222317
v -49.675972 -14.853118 276.181641
v -49.675632 49.786495 237.598679
v -49.675252 -17.196734 279.799864
v -49.670433 66.740967 241.123215
v -49.645866 -4.553945 237.987106
v -49.616158 82.595619 237.725159
v -49.614071 82.900871 237.714203
v -49.612930 66.158958 237.687973
v -49.607475 13.199581 237.689423
v -49.604706 68.506256 237.547379
v -49.599155 68.057472 237.782410
v -49.593277 88.026642 237.636368
v -49.590668 -13.946526 276.619904
v -49.587631 50.229851 237.605972
v -49.582848 68.180359 237.546692
v -49.578625 87.881516 237.532944
v -49.577816 -5.568514 237.984985
v -49.577225 -14.067369 279.481384
v -49.565773 49.903961 237.605286
v -49.565331 31.432194 237.606201
v -49.559227 58.927483 237.568604
v -49.554035 -14.064788 278.991974
v -49.542614 35.054459 237.709625
v -49.535465 58.454281 237.734802
v -49.531399 40.292419 237.654526
v -49.519295 49.559570 237.688660
v -49.510303 73.282471 237.730392
v -49.503128 40.664856 237.642532
v -49.496613 -4.770590 238.073013
v -49.492989 -0.693838 238.094681
v -49.480350 77.352386 237.946747
v -49.480062 -14.854963 238.040789
v -49.479370 40.191654 237.808716
v -49.472202 3.836235 238.099838
v -49.465082 -14.855756 238.031760
v -49.463276 59.075989 238.005341
v -49.462360 77.329666 237.742706
v -49.461361 82.588066 237.719788
v -49.458492 77.354820 237.485352
v -49.449955 68.189262 237.553040
v -49.447495 87.990929 237.685547
v -49.446484 3.710342 237.737701
v -49.446201 40.799591 238.063934
v -49.445334 -14.855611 238.042497
v -49.445251 77.276253 240.222198
v -49.441418 59.078423 237.543945
v -49.440216 77.330200 238.200104
v -49.438271 12.953972 237.786819
v -49.438103 -14.051886 276.544830
v -49.435814 -13.938659 238.027557
v -49.432880 49.912865 237.611633
v -49.430847 4.291882 238.523819
v -49.430054 22.068848 238.016617
v -49.424343 40.802025 237.602539
v -49.415939 77.206131 239.706451
v -49.408165 4.294407 238.045013
v -49.404335 21.942951 237.654465
v -49.396122 31.186584 237.703598
v -49.387905 40.172707 238.114075
v -49.371105 87.383072 237.643494
v -49.332455 -15.435295 276.023743
v -49.285538 -14.041155 276.306824
v -49.235168 66.287949 244.827682
v -49.187691 -14.291689 265.934526
v -49.167740 40.605171 238.200241
v -49.108780 59.138710 264.400055
v -49.096279 35.209770 237.820312
v -49.061718 -15.053838 276.038574
v -49.057465 62.819427 264.254333
v -49.002190 40.742790 237.765228
v -48.999130 -13.838739 276.133514
v -48.973858 -14.000417 238.495132
v -48.966969 -12.399159 276.248810
v -48.964821 72.314659 264.225006
v -48.949600 -14.119184 238.153488
v -48.880472 -16.918527 276.229102
v -48.877876 22.411770 238.295486
v -48.852715 22.414572 237.764389
v -48.851036 -14.127632 276.245209
v -48.849827 -14.167744 264.528690
v -48.814232 -14.110655 238.416565
v -48.808037 77.176720 238.288162
v -48.796108 67.488014 252.227280
v -48.796108 67.488022 252.227280
v -48.721405 40.634502 238.487686
v -48.696953 77.185135 237.828369
v -48.683498 72.239807 252.341446
v -48.569897 58.986370 241.134460
v -48.555855 40.772121 238.052673
v -48.485832 70.213852 263.231293
v -48.437325 58.994720 241.392120
v -48.409439 23.016762 278.985718
v -48.385612 22.900124 278.650208
v -48.385239 17.546803 238.027023
v -48.359444 77.102081 263.106049
v -48.350861 77.154251 238.475952
v -48.248497 -13.952374 238.786377
v -48.237003 -14.861679 238.174609
v -48.206295 -8.136873 239.075668
v -48.193604 34.924786 279.142731
v -48.176956 67.512108 260.550781
v -48.143814 -8.416787 238.117874
v -48.133514 -8.493176 238.050720
v -48.109257 -8.733409 237.879517
v -48.095909 22.919527 278.664032
v -48.088871 -14.062613 238.707825
v -48.084358 40.678280 237.985794
v -48.081120 -5.706674 239.265503
v -48.064613 -14.059916 238.195724
v -48.061951 77.173599 238.489746
v -48.038189 77.176247 237.988220
v -48.024605 54.446770 279.264832
v -48.008339 -5.820041 237.899658
v -47.994564 -8.519860 238.044418
v -47.949627 -8.843647 237.800964
v -47.945698 -14.849891 238.345524
v -47.926842 31.519997 237.856262
v -47.922890 -5.457680 238.063965
v -47.922882 45.296967 279.280182
v -47.911301 -8.238585 239.260193
v -47.900208 -5.795870 238.063248
v -47.892601 12.555864 237.935333
v -47.892474 -13.530398 225.935154
v -47.876627 -14.237862 225.938334
v -47.872971 -5.690046 237.992310
v -47.869335 -14.261395 226.022766
v -47.867996 -8.284744 237.971680
v -47.858906 -3.873014 238.259186
v -47.845314 -8.622932 237.970963
v -47.842429 -13.919716 225.945197
v -47.838516 -8.351951 237.894363
v -47.833500 -13.241375 226.749695
v -47.827518 -13.998131 225.948190
v -47.811523 -14.249868 225.951400
v -47.811025 -13.917622 225.951500
v -47.803800 -14.243932 225.952950
v -47.786125 -5.686918 239.279572
v -47.782005 -14.227182 225.957324
v -47.773640 -5.674324 238.149872
v -47.773037 77.192947 238.503540
v -47.769615 -14.161623 238.380249
v -47.765450 -14.028803 226.428833
v -47.765450 -13.915232 226.269470
v -47.749279 77.195595 238.002014
v -47.748096 -13.956743 225.964129
v -47.741692 70.152100 259.915100
v -47.713345 -5.800285 237.913742
v -47.708454 0.178836 279.808563
v -47.702415 -6.186790 279.693512
v -47.691339 -14.022882 225.975519
v -47.654633 -8.823892 237.815033
v -47.624390 -5.777399 238.076416
v -47.614189 34.844303 279.337769
v -47.614189 34.963593 279.170380
v -47.604835 -13.951185 225.992880
v -47.592175 -8.266271 237.984848
v -47.585354 72.304405 256.666504
v -47.577976 -5.670290 238.006378
v -47.573404 -13.922600 225.999188
v -47.569492 -8.604462 237.984131
v -47.558697 -13.940020 226.002139
v -47.553715 -5.910524 237.835175
v -47.552579 -14.843474 238.436395
v -47.545645 -14.045541 226.004759
v -47.543522 -8.332194 237.908447
v -47.533653 -5.540157 235.842468
v -47.527908 9.515874 279.460358
v -47.521667 62.701210 256.618896
v -47.519264 -8.693894 237.907684
v -47.513710 22.502577 238.626740
v -47.501442 -8.142603 235.910263
v -47.501148 -17.400290 279.316895
v -47.499528 -14.010098 226.014014
v -47.497906 62.228004 256.785065
v -47.497818 -5.542282 238.003677
v -47.496586 13.335445 238.224350
v -47.496586 13.335446 238.224350
v -47.492865 -13.585668 226.015351
v -47.491127 -4.938358 238.270981
v -47.486636 -14.844791 238.428133
v -47.442924 -8.482916 238.070755
v -47.424324 45.413475 279.363220
v -47.418144 -16.004198 278.592377
v -47.418140 -16.004200 278.592377
v -47.407375 22.964054 279.452972
v -47.383896 -8.563900 238.000320
v -47.383553 22.966705 278.950043
v -47.348156 22.388248 238.545258
v -47.339249 -14.011873 238.486969
v -47.316406 76.948227 256.703735
v -47.314014 67.463577 254.726929
v -47.314014 72.341003 247.882843
v -47.286461 69.952034 256.752045
v -47.257835 -5.521687 235.855637
v -47.236549 64.636330 247.929672
v -47.235146 67.803635 264.785828
v -47.225624 -8.124130 235.923416
v -47.218975 72.708466 245.375946
v -47.208996 62.366318 256.631927
v -47.208992 73.191826 241.441391
v -47.207764 22.523064 238.641342
v -47.196133 -4.918603 238.285065
v -47.182606 22.525866 238.110245
v -47.116348 71.742584 256.769531
v -47.110161 73.308975 245.300491
v -47.108582 -5.624760 235.782181
v -47.039753 -14.129614 279.928314
v -47.039749 -14.129610 279.928314
v -47.039749 -14.013517 279.765411
v -47.018806 45.440632 279.382568
v -47.016567 -14.127031 279.438873
v -47.016563 -14.127032 279.438873
v -47.016563 -14.010941 279.275970
v -46.960899 22.875195 279.389648
v -46.947636 71.674408 238.094650
v -46.943844 62.739906 256.646454
v -46.937077 22.877846 278.886719
v -46.909092 45.364864 279.328583
v -46.901138 -4.898847 238.299149
v -46.880753 -10.592453 239.638779
v -46.864975 70.217659 256.689636
v -46.847401 76.505371 256.639832
v -46.837075 -15.530317 226.672535
v -46.827961 23.002859 279.480621
v -46.817451 72.364258 252.681839
v -46.804134 23.005510 278.977692
v -46.802208 -15.520381 226.725290
v -46.753765 62.642097 252.801163
v -46.746174 70.111916 254.348907
v -46.724213 36.247108 238.293030
v -46.708637 69.990730 256.779602
v -46.668902 -17.566046 279.848887
v -46.653159 -14.823497 238.623332
v -46.585754 -10.572697 239.652847
v -46.578754 13.396914 238.268158
v -46.503578 45.392021 279.347931
v -46.502785 -14.079470 239.723831
v -46.475868 -14.091846 279.955231
v -46.455925 73.122169 275.792267
v -46.452682 -14.089265 279.465790
v -46.434906 66.133873 238.173508
v -46.410534 45.397881 279.528748
v -46.361237 54.040001 238.364563
v -46.346489 -13.967606 280.043762
v -46.345066 45.145287 238.318436
v -46.333267 74.489029 273.074066
v -46.332275 63.264610 252.237961
v -46.323303 -14.197206 279.880127
v -46.290760 -10.552941 239.666931
v -46.235836 77.030075 252.231323
v -46.205887 70.033875 252.279633
v -46.170738 -14.070384 279.479248
v -46.170738 -14.070383 279.479248
v -46.153400 79.396431 241.577881
v -46.145996 59.015526 248.203033
v -46.098476 58.307045 248.201553
v -46.095585 18.532106 279.575745
v -46.084702 60.324524 248.129059
v -46.064552 -13.948723 280.057220
v -46.041363 -13.946142 279.567780
v -46.002033 77.306824 240.850037
v -46.000069 4.265162 238.957169
v -46.000069 4.265163 238.957153
v -45.983955 -14.023565 226.913162
v -45.974907 4.141985 238.602829
v -45.974907 4.141985 238.602844
v -45.921551 4.248293 239.163666
v -45.897289 4.250992 238.651566
v -45.883236 75.297691 241.180191
v -45.737659 4.140755 238.573013
v -45.724506 66.180923 238.458740
v -45.585785 -4.932761 238.789001
v -45.492157 72.516602 277.833801
v -45.450413 -4.802764 238.881638
v -45.290787 -4.913003 238.803070
v -45.266502 27.864754 279.664246
v -45.226463 18.471027 279.784607
v -45.151470 72.341072 260.468231
v -45.033463 4.687031 279.805084
v -44.996536 72.634651 238.527252
v -44.989201 41.085384 279.747070
v -44.965378 41.088036 279.244171
v -44.936756 18.490429 279.798431
v -44.927650 61.308952 268.212036
v -44.917671 58.937237 268.283783
v -44.917671 59.056198 268.116852
v -44.900524 4.814695 279.896088
v -44.885857 49.828026 279.859528
v -44.877865 58.902058 279.790161
v -44.843994 68.137489 238.594559
v -44.838963 3.727396 280.126709
v -44.784824 58.991405 279.853821
v -44.784130 40.678223 279.874908
v -44.768150 58.909775 279.619019
v -44.767456 40.763565 279.405762
v -44.754105 -13.941702 227.211807
v -44.732773 4.197332 280.215973
v -44.707623 72.653999 238.541046
v -44.704674 -9.355127 238.978500
v -44.701439 58.993309 248.438904
v -44.701439 59.112270 248.271988
v -44.690052 77.157288 240.995193
v -44.687660 68.029526 238.517609
v -44.671494 59.015846 238.638412
v -44.658432 59.000980 279.330719
v -44.640141 60.183346 248.531860
v -44.631104 73.327866 275.762238
v -44.604996 77.279312 242.088974
v -44.604851 -14.044776 227.138351
v -44.586628 31.616608 238.724747
v -44.581238 77.281960 241.587448
v -44.575047 72.781311 238.631775
v -44.557476 77.165642 241.252838
v -44.523132 -15.570798 227.206538
v -44.514107 18.518206 280.070648
v -44.450832 4.216215 280.229431
v -44.412529 58.893696 248.619629
v -44.412529 59.012657 248.452698
v -44.401138 77.295601 240.842041
v -44.351231 60.202694 248.545654
v -44.335304 73.430801 275.835571
v -44.301956 73.017075 275.717377
v -44.275078 3.649067 280.316528
v -44.256191 59.023655 248.208832
v -44.168888 4.235096 280.242889
v -44.145702 4.121586 279.916351
v -44.045738 73.094673 275.855988
v -44.035553 -17.135611 280.507708
v -43.994835 8.921722 238.810562
v -43.987137 41.271255 279.879517
v -43.963310 41.154617 279.544006
v -43.961094 58.824974 239.257507
v -43.961090 58.824978 239.257507
v -43.936920 73.695190 275.780518
v -43.870566 -17.112251 280.460848
v -43.817387 2.288162 281.557404
v -43.804756 58.954933 238.846710
v -43.804756 58.954937 238.846710
v -43.780586 73.587219 275.703583
v -43.722309 -9.279183 280.928619
v -43.717865 4.656376 279.783264
v -43.711197 3.686831 280.343445
v -43.705162 -3.607529 281.531616
v -43.699123 -9.276603 280.439178
v -43.697430 41.171368 280.060760
v -43.688011 2.644588 281.320129
v -43.688011 2.876772 280.994324
v -43.688011 2.992863 280.831421
v -43.688011 3.225046 280.505615
v -43.681973 -3.140580 280.390594
v -43.680855 17.986168 238.873230
v -43.673607 41.174019 279.557831
v -43.669308 49.826012 280.034729
v -43.661320 58.900043 279.965363
v -43.661320 58.983532 279.848206
v -43.649922 -17.054931 280.466304
v -43.639431 61.394703 268.524841
v -43.629448 59.022984 268.596588
v -43.623528 -16.679314 280.321960
v -43.616119 -9.157520 281.506592
v -43.600491 73.006058 275.792816
v -43.592300 -12.618128 227.193848
v -43.584923 4.664753 280.041626
v -43.552521 4.177130 239.427521
v -43.527359 4.179930 238.896423
v -43.527359 4.179932 238.896423
v -43.497948 -10.575565 228.168869
v -43.490265 86.382736 239.880524
v -43.488789 78.771301 241.132370
v -43.486889 58.919888 265.754333
v -43.486889 59.038849 265.587433
v -43.469452 84.040894 240.851013
v -43.468201 13.830931 280.011475
v -43.468018 -6.962396 234.108017
v -43.467110 87.482033 239.732391
v -43.465733 -12.496583 227.280457
v -43.463295 81.624039 242.233826
v -43.462986 33.217911 280.197937
v -43.457138 80.161110 242.278076
v -43.454796 83.749008 240.953522
v -43.452579 -10.911230 227.689362
v -43.452454 87.410286 239.526001
v -43.452454 87.483665 239.423035
v -43.449352 58.441818 268.685852
v -43.441761 70.194252 264.224152
v -43.440140 83.236992 241.364929
v -43.440140 83.970772 240.335266
v -43.439159 32.862694 280.197205
v -43.431641 85.361961 240.084625
v -43.427826 80.751396 240.835648
v -43.423145 86.679764 239.936951
v -43.422653 -7.298062 233.628494
v -43.407215 -11.246895 227.209839
v -43.386971 4.188774 239.169266
v -43.386967 4.188774 239.169266
v -43.380909 -9.552620 230.099380
v -43.380463 76.856522 256.638367
v -43.378929 13.358706 239.040558
v -43.373512 49.845451 280.225250
v -43.356705 76.502281 256.637634
v -43.350517 61.414051 268.538635
v -43.340538 59.161293 268.443451
v -43.326759 75.216240 248.673340
v -43.326759 77.000671 246.169403
v -43.315372 77.082481 264.098907
v -43.302998 76.765388 246.001740
v -43.301598 75.888000 268.533478
v -43.296810 72.859550 242.211426
v -43.287819 74.693512 272.968079
v -43.283035 58.103439 265.675934
v -43.273048 72.386345 242.377609
v -43.270660 57.786346 247.578766
v -43.269257 76.775543 242.233383
v -43.266586 4.183168 239.631271
v -43.264061 75.053040 271.965759
v -43.260677 57.793858 244.311935
v -43.259274 57.749199 265.675171
v -43.250694 58.990990 239.375809
v -43.249290 67.511566 248.720169
v -43.246578 4.197617 239.442123
v -43.242325 4.064402 239.289612
v -43.241699 77.003731 247.430130
v -43.240299 77.196991 268.459503
v -43.239307 69.779350 242.281693
v -43.230316 72.327080 272.036774
v -43.226936 58.993629 238.874283
v -43.226933 58.993633 238.874283
v -43.221416 4.200420 238.911026
v -43.219791 61.343353 280.116760
v -43.218803 71.998367 280.114197
v -43.213379 13.244375 238.959091
v -43.213379 13.244377 238.959091
v -43.211754 72.386765 244.139862
v -43.210350 72.342110 265.503113
v -43.207958 76.656998 244.162552
v -43.202129 72.000229 279.762207
v -43.199379 57.794281 246.074188
v -43.197979 58.939236 265.768127
v -43.196571 72.337234 268.268402
v -43.194595 40.728359 239.449738
v -43.194595 40.728363 239.449738
v -43.194595 40.847321 239.282806
v -43.194595 40.847324 239.282806
v -43.187008 49.625717 238.994339
v -43.187004 49.625717 238.994339
v -43.185604 57.789410 248.839493
v -43.185455 71.918594 279.527405
v -43.185455 72.085571 279.293091
v -43.185455 72.252541 279.058777
v -43.178013 68.233269 246.214005
v -43.178013 71.088348 242.207718
v -43.174217 57.752266 266.935913
v -43.172813 73.886383 265.596802
v -43.170837 40.731003 238.948212
v -43.170834 40.731007 238.948212
v -43.170422 76.892700 246.092468
v -43.169022 73.636078 271.962799
v -43.169022 77.204926 266.954926
v -43.165638 57.804436 242.305817
v -43.160439 77.257095 242.324844
v -43.156647 64.872711 265.717590
v -43.156647 77.006790 248.690842
v -43.146310 -16.968449 280.566781
v -43.139076 69.138077 268.505615
v -43.139072 72.350037 263.998505
v -43.138096 67.758492 280.095642
v -43.136681 77.259743 241.823318
v -43.133329 -15.577654 227.450667
v -43.131218 4.313164 239.723907
v -43.131127 -16.965111 280.505432
v -43.116714 72.278381 242.300674
v -43.112923 57.871647 268.531219
v -43.106956 4.194397 239.382263
v -43.097740 77.093903 265.617279
v -43.061035 49.783260 280.180908
v -43.045528 -16.951345 280.544455
v -42.991978 77.192520 242.336136
v -42.977322 77.267532 241.923828
v -42.971588 4.202925 239.645340
v -42.880890 79.255524 238.993317
v -42.858280 49.796841 280.190613
v -42.847767 77.160126 242.004044
v -42.836056 87.964890 238.989685
v -42.821404 87.673012 239.092194
v -42.811962 4.214153 239.396332
v -42.799114 77.279465 241.932327
v -42.785484 54.396858 239.122299
v -42.779778 84.456894 238.973862
v -42.754986 27.091595 238.965088
v -42.746651 78.161896 241.474380
v -42.731995 77.209610 242.503571
v -42.715191 77.168488 242.261703
v -42.694183 78.824188 241.325333
v -42.688221 -8.250495 238.737686
v -42.688026 77.214500 241.575516
v -42.667854 45.314220 280.352386
v -42.635563 77.216393 242.353149
v -42.615437 -8.728264 237.883194
v -42.591595 77.221283 241.425095
v -42.576939 77.222916 241.115738
v -42.539131 77.296555 242.099762
v -42.504330 -8.236567 237.976593
v -42.480068 -8.598269 237.975830
v -42.465096 45.327797 280.362061
v -42.432785 -8.599651 237.987564
v -42.428673 72.278130 264.450684
v -42.328899 -8.139916 238.074890
v -42.325455 77.243004 239.577469
v -42.319859 72.283836 265.209869
v -42.306213 -8.478106 238.074173
v -42.296593 40.686859 239.324646
v -42.243793 68.073708 239.052521
v -42.237469 -14.037287 240.524918
v -42.214367 77.178040 239.220657
v -42.214367 77.251419 239.117691
v -42.176430 13.916914 280.325134
v -42.174908 58.889317 265.732574
v -42.168060 79.229889 239.130310
v -42.166492 -5.635495 236.976044
v -42.161129 72.208145 249.801819
v -42.156200 40.695709 239.597488
v -42.155155 13.314691 239.275742
v -42.155155 13.314692 239.275742
v -42.134281 -8.237941 237.043823
v -42.131042 40.698509 239.066391
v -42.105030 58.822948 243.031662
v -42.105030 58.941910 242.864731
v -42.075760 -6.988255 236.973206
v -42.045830 -5.060081 239.469284
v -41.948696 58.952908 242.620865
v -41.942474 -14.017529 240.539001
v -41.938599 -8.442688 238.857727
v -41.918747 54.454903 239.163666
v -41.901176 58.244427 242.619385
v -41.890671 -5.617023 236.989197
v -41.890671 -5.503451 236.829834
v -41.876011 -8.320793 240.486649
v -41.857250 4.291225 239.242279
v -41.849213 13.335178 239.290344
v -41.849213 13.335179 239.290344
v -41.825687 -15.863900 280.166168
v -41.806137 58.968773 239.611679
v -41.806137 58.968773 239.611694
v -41.786175 54.582218 239.254395
v -41.743439 63.207150 256.727722
v -41.735995 -15.594902 227.864375
v -41.729954 13.708765 280.429199
v -41.705898 77.123428 239.460815
v -41.705898 77.123436 239.460815
v -41.665970 67.993439 239.247025
v -41.649803 58.979767 239.367813
v -41.646072 54.372658 280.448547
v -41.630848 16.569901 280.448975
v -41.614853 -5.484979 236.843002
v -41.589737 73.615044 275.790222
v -41.583199 15.859468 280.447510
v -41.573322 77.131783 239.718475
v -41.573322 77.131790 239.718475
v -41.556389 73.117836 275.789185
v -41.549564 77.134430 239.216949
v -41.534723 -15.599741 227.912460
v -41.533394 68.120758 239.337753
v -41.480286 23.002609 280.490051
v -41.470695 72.240173 256.620728
v -41.446938 71.766968 256.786926
v -41.433388 -6.827641 234.924957
v -41.401199 30.620255 280.365936
v -41.380856 58.389282 246.749924
v -41.352482 -14.099484 240.737610
v -41.341141 16.589304 280.462830
v -41.340927 54.374641 239.358170
v -41.335728 63.120758 254.400803
v -41.323517 22.894346 280.412872
v -41.323517 23.013634 280.245483
v -41.314362 72.013245 256.710724
v -41.312958 73.634048 275.736969
v -41.306335 77.231712 242.674591
v -41.289200 73.279808 275.736206
v -41.244431 30.511992 280.288788
v -41.237324 13.376159 239.319550
v -41.237324 13.376160 239.319550
v -41.161819 70.133240 253.105576
v -41.161819 72.274551 250.100845
v -41.158028 71.786316 256.800690
v -41.154343 9.346278 280.601501
v -41.151909 -11.653349 280.956116
v -41.147518 54.489166 280.531555
v -41.138058 77.154617 242.755234
v -41.131874 63.137043 253.153885
v -41.118980 -14.081360 280.699585
v -41.101929 58.995926 249.195892
v -41.086746 72.270096 254.628403
v -41.074248 -15.563643 227.938105
v -41.049863 -16.615898 280.889955
v -41.049210 72.386833 256.725250
v -41.002384 77.253685 241.913956
v -40.989605 -14.073210 280.951050
v -40.985390 79.008759 242.854187
v -40.948505 22.437803 239.913315
v -40.931381 13.270672 239.510925
v -40.931381 13.270674 239.510925
v -40.902855 77.029823 253.237976
v -40.873600 -13.944332 239.820145
v -40.867714 74.378166 274.505310
v -40.825386 77.176613 242.267487
v -40.808113 22.572624 240.009384
v -40.782951 22.449450 239.655060
v -40.762489 -14.059969 240.765762
v -40.743137 49.788864 239.362320
v -40.681427 76.909897 260.955414
v -40.669052 77.187607 242.023621
v -40.642559 22.458294 239.927917
v -40.617401 22.335121 239.573578
v -40.520309 63.185902 249.413101
v -40.467495 -14.040214 240.779846
v -40.441856 49.874451 280.775848
v -40.418972 -14.034812 239.755661
v -40.321651 49.816559 239.633759
v -40.321651 49.816566 239.633759
v -40.319496 13.311653 239.540131
v -40.133724 54.473579 280.697113
v -40.129387 49.812256 280.731537
v -40.106033 -7.716385 239.889343
v -40.085381 61.302441 280.794189
v -40.032742 49.835915 239.647552
v -40.012779 45.211433 239.624115
v -39.930969 54.487156 280.706787
v -39.837284 0.240591 281.326355
v -39.831245 -6.125036 281.211334
v -39.814941 72.813332 278.221893
v -39.743828 49.855263 239.661331
v -39.728210 54.500736 280.716461
v -39.705807 9.323999 280.838013
v -39.635170 54.506596 280.897278
v -39.571236 8.839500 239.818146
v -39.525452 54.430828 280.843292
v -39.491051 63.512764 239.577759
v -39.454918 49.874611 239.675125
v -39.418785 22.414280 240.163086
v -39.418369 70.494766 249.587616
v -39.383224 71.055077 266.347839
v -39.338470 -1.609907 240.128983
v -39.333313 73.233948 247.008957
v -39.288216 -16.042234 280.776001
v -39.266819 73.415253 275.832733
v -39.264278 77.221390 243.133011
v -39.253235 22.425922 239.904846
v -39.225899 63.648426 239.926147
v -39.158005 74.015770 275.757294
v -39.153191 77.229805 242.673233
v -39.126392 9.243516 281.033051
v -38.874290 58.984035 269.575653
v -38.836685 9.262918 281.046875
v -38.724556 45.297188 239.936935
v -38.683723 4.753363 281.114380
v -38.666508 22.464104 240.465149
v -38.648075 63.687126 239.953735
v -38.641350 22.466902 239.934052
v -38.609047 58.903717 281.027863
v -38.592377 58.989059 280.558746
v -38.588184 49.813698 239.883423
v -38.588181 49.813698 239.883423
v -38.531670 72.828110 239.923660
v -38.378437 -16.210384 281.455813
v -38.369148 58.940498 249.911514
v -38.357761 77.223434 242.300858
v -38.327366 31.531347 239.996719
v -38.161816 31.417017 239.915237
v -38.146732 45.335884 239.964508
v -38.138729 77.190201 265.182495
v -38.122822 54.524025 281.263000
v -38.118744 4.175407 281.428528
v -38.108780 70.194000 265.230804
v -38.068851 77.123825 242.481583
v -38.056477 58.962490 249.423767
v -37.923901 58.851883 249.848358
v -37.912514 77.253784 242.070786
v -37.818340 45.387802 281.288055
v -37.810349 54.461834 281.218689
v -37.791325 58.979195 249.939087
v -37.725246 45.363583 240.235962
v -37.592865 -10.832991 279.575653
v -37.592861 -10.832991 279.575653
v -37.554718 72.371368 262.755188
v -37.550922 76.760559 262.610931
v -37.549927 31.332024 240.121216
v -37.540909 -15.998205 279.513770
v -37.540905 -15.998204 279.513770
v -37.513565 -14.068483 279.480591
v -37.513561 -14.068483 279.480591
v -37.436333 45.382935 240.249741
v -37.334862 -15.964400 279.523247
v -37.315701 -5.829508 237.892914
v -37.305508 -8.251181 237.966171
v -37.287735 -10.927620 279.262573
v -37.256989 -8.853113 237.794220
v -37.231625 -14.049602 279.494049
v -37.231621 -14.049602 279.494049
v -37.213505 59.017895 249.966675
v -37.184544 70.264847 261.002258
v -37.181541 -10.457685 279.351837
v -37.164640 -15.770608 276.919556
v -37.158356 -10.803377 279.351135
v -37.134089 -15.767890 276.947031
v -37.126470 -15.811142 277.510213
v -37.125427 -11.141741 276.162384
v -37.119671 13.273445 240.312531
v -37.119671 13.273447 240.312531
v -37.109470 73.472366 261.022736
v -37.092503 -14.034118 276.557465
v -37.074988 -15.722320 276.492572
v -37.072516 -15.921669 279.555037
v -37.061951 72.406998 261.522034
v -37.058155 76.796196 261.377808
v -37.044380 76.910286 263.976196
v -37.042938 -8.238180 238.004868
v -37.037064 -15.777097 277.139779
v -37.024414 72.285812 263.952759
v -37.020706 -5.809753 237.906998
v -37.020256 -8.576368 238.004150
v -36.986252 -8.593124 237.979492
v -36.982605 -10.325698 277.972107
v -36.963127 -14.025969 276.808929
v -36.959419 -10.323119 277.482666
v -36.957530 -15.691372 276.309863
v -36.953136 76.457397 256.605652
v -36.953133 76.457397 256.605652
v -36.948586 -5.514189 238.023697
v -36.939938 -14.023387 276.319489
v -36.939938 -14.023385 276.319489
v -36.933768 -15.899480 279.601577
v -36.896356 -15.685462 276.312794
v -36.866676 -10.777162 276.176575
v -36.866673 -11.009347 276.502380
v -36.866673 -10.777163 276.176575
v -36.865967 -10.723119 275.783752
v -36.862305 40.794510 240.755417
v -36.861599 4.142998 281.896698
v -36.850883 -8.341661 237.901703
v -36.838547 40.678192 240.420822
v -36.838413 4.145576 281.407257
v -36.814373 69.942757 256.745422
v -36.767120 -8.219707 238.018021
v -36.760483 -10.423317 276.428741
v -36.738308 58.832855 240.269943
v -36.737297 -10.769014 276.428009
v -36.730595 -10.714590 276.046844
v -36.714111 -10.998616 276.264374
v -36.690926 -11.228219 276.100769
v -36.681183 -14.123178 276.985291
v -36.681183 -14.007087 276.822388
v -36.677462 -15.604538 275.806517
v -36.672764 -5.495716 238.036865
v -36.671883 -13.859663 276.118591
v -36.658695 -15.635450 276.089277
v -36.650448 76.947723 258.717010
v -36.647625 -13.978429 275.776947
v -36.640786 -15.603219 275.826095
v -36.630482 72.323250 258.693573
v -36.589631 -15.628716 276.091552
v -36.584732 -10.758281 276.190033
v -36.562093 -15.644748 276.265427
v -36.549221 70.316345 256.759949
v -36.549221 70.316353 256.759949
v -36.533051 66.180099 250.036667
v -36.525459 69.962112 256.759216
v -36.505436 -14.109864 276.257874
v -36.505428 -14.109866 276.257874
v -36.434342 -15.630933 276.270604
v -36.432171 -10.863641 276.114929
v -36.408985 -15.504726 282.141571
v -36.400475 66.307419 250.127396
v -36.399071 76.850342 256.633972
v -36.395386 59.051235 281.486298
v -36.285671 58.975464 281.432281
v -36.279846 -15.286711 276.129639
v -36.276478 76.970139 259.991516
v -36.271084 -5.880478 237.856598
v -36.260723 40.716892 240.448395
v -36.256516 72.345665 259.968079
v -36.251713 -11.166774 275.981598
v -36.247837 -15.587736 276.044029
v -36.225006 -6.032079 238.135223
v -36.218960 22.502045 240.758728
v -36.217262 -13.950146 276.054108
v -36.215477 -8.182762 238.044357
v -36.202885 40.715931 240.678085
v -36.193798 22.378872 240.404404
v -36.193001 -14.311847 276.053345
v -36.189030 70.224670 255.436081
v -36.186680 4.049990 240.821396
v -36.186680 4.171457 240.650955
v -36.177723 40.592758 240.323761
v -36.159283 58.901550 281.026337
v -36.157681 76.983360 257.483887
v -36.137714 72.358887 257.460449
v -36.135715 -5.750483 237.949234
v -36.120156 -15.570509 276.030347
v -36.115932 -3.332470 282.710175
v -36.115929 -3.332470 282.710175
v -36.111458 -6.112186 237.948486
v -36.109894 -9.233730 281.943542
v -36.098782 2.687460 282.824493
v -36.098782 3.267918 282.009979
v -36.086704 -9.231150 281.454102
v -36.080669 -15.596775 281.339081
v -36.078571 22.510889 241.031570
v -36.077095 -14.042515 228.822083
v -36.076355 4.689404 281.573578
v -36.075596 2.341766 282.823761
v -36.075596 3.270500 281.520538
v -36.075596 3.270502 281.520538
v -36.062492 40.724777 240.950928
v -36.053780 -10.730429 279.894379
v -36.053780 -10.266062 279.242767
v -36.053776 -10.730429 279.894379
v -36.053776 -10.382154 279.405670
v -36.052406 1.996071 282.823029
v -36.052406 2.112162 282.660126
v -36.051311 4.058519 241.084488
v -36.030590 -10.727848 279.404968
v -36.026890 -9.230740 283.173828
v -36.025249 -15.849582 281.796166
v -36.024555 -15.236006 276.683502
v -36.021913 -15.845987 281.725879
v -36.020851 -15.015906 282.244293
v -36.020851 -14.899815 282.081390
v -36.020851 -14.667633 281.755585
v -36.020851 -10.720514 276.216919
v -36.015778 4.199644 281.937073
v -36.015121 77.118187 254.307785
v -36.013028 -15.558609 276.016456
v -36.007408 -10.376992 278.426819
v -36.007408 -10.260901 278.263916
v -36.007404 -10.260902 278.263916
v -36.003700 -8.763792 282.032806
v -36.001369 -15.233427 276.194061
v -35.998410 -15.842299 281.733982
v -35.997665 -15.013327 281.754883
v -35.997662 -15.361603 282.243591
v -35.997662 -15.245510 282.080688
v -35.997662 -15.129419 281.917786
v -35.997662 -15.013329 281.754883
v -35.997662 -11.298395 276.542023
v -35.992929 -15.748088 279.834952
v -35.992588 4.202221 281.447632
v -35.992103 -15.753303 279.952574
v -35.989872 58.994904 281.622803
v -35.989702 -15.580946 276.291705
v -35.986553 -3.556503 283.287415
v -35.986553 -3.324320 282.961609
v -35.985176 70.121994 254.356094
v -35.984852 -15.145488 275.973267
v -35.984219 -10.606596 278.263184
v -35.984219 -10.258320 277.774475
v -35.980515 -8.877303 281.706268
v -35.979144 -15.752131 279.975451
v -35.976622 -15.596353 276.529828
v -35.975039 -15.727888 279.462989
v -35.974480 -15.475113 281.917053
v -35.974476 -15.475115 281.917053
v -35.974476 -15.359023 281.754150
v -35.974476 -15.242931 281.591248
v -35.974476 -14.082016 279.962219
v -35.973198 58.996761 281.270813
v -35.971870 -5.561844 237.989731
v -35.971813 40.617279 240.629105
v -35.971813 40.736240 240.462189
v -35.969402 2.695610 283.075928
v -35.964737 -13.958591 276.611298
v -35.963367 -3.553922 282.798004
v -35.963367 -2.973465 281.983490
v -35.962154 -15.732740 279.617715
v -35.961917 -15.745310 279.895268
v -35.961783 -15.847736 282.014670
v -35.961033 -10.720109 277.936676
v -35.961033 -10.720108 277.936676
v -35.961033 -10.371833 277.447968
v -35.961033 -10.371832 277.447968
v -35.957406 -15.575681 276.276106
v -35.956178 -15.846761 282.014288
v -35.951444 -15.841679 281.915283
v -35.951294 -15.472532 281.427612
v -35.951290 -15.820808 281.916321
v -35.951290 -14.079433 279.472809
v -35.951290 -12.105875 276.703461
v -35.946217 2.233826 283.238098
v -35.945677 -15.555521 276.058501
v -35.941547 -14.072101 276.284790
v -35.940182 -3.086974 281.656952
v -35.940182 -2.970882 281.494049
v -35.940178 -3.086975 281.656952
v -35.940178 -2.970883 281.494049
v -35.937847 -13.968092 282.008484
v -35.937847 -10.833616 277.610138
v -35.937847 -10.253160 276.795624
v -35.929092 4.182674 241.030746
v -35.928104 -12.103294 276.214050
v -35.923031 2.120314 282.911591
v -35.923031 2.236404 282.748688
v -35.923031 2.932955 281.771271
v -35.923031 3.165140 281.445465
v -35.922264 -13.930387 276.068176
v -35.919590 4.700432 281.329041
v -35.915943 4.188515 241.177124
v -35.914661 -13.965512 281.519043
v -35.914658 -10.482763 276.632019
v -35.913017 22.396559 240.950104
v -35.912495 76.866081 264.699799
v -35.912491 76.866081 264.699799
v -35.899403 -15.568624 276.278892
v -35.897511 -8.758223 282.773682
v -35.896942 40.610447 240.869461
v -35.892529 72.241600 264.676361
v -35.891476 -10.828457 276.631287
v -35.875328 41.218075 281.103638
v -35.875172 -4.890830 240.617935
v -35.871780 40.235321 240.868668
v -35.871780 40.613247 240.338364
v -35.863480 58.920990 281.216827
v -35.863213 4.326466 281.536194
v -35.860523 16.597427 281.730621
v -35.858788 72.251762 260.907990
v -35.852600 59.066917 270.138153
v -35.849483 -15.015492 276.065918
v -35.845303 -5.781014 238.554443
v -35.842903 22.902472 281.680664
v -35.842869 77.235916 240.969742
v -35.840721 -7.795667 240.860870
v -35.840721 -5.852196 238.133759
v -35.840721 -5.730726 237.963318
v -35.836697 16.600080 281.227692
v -35.830528 -8.273865 238.207016
v -35.822777 -1.496994 240.980469
v -35.822777 -1.375527 240.810028
v -35.822617 -5.778490 238.075638
v -35.819077 22.905121 281.177765
v -35.818928 28.181530 240.541473
v -35.818851 87.700096 240.819336
v -35.817375 78.767845 243.924576
v -35.816460 -6.092429 237.962555
v -35.815033 82.649261 242.188156
v -35.812695 86.017029 241.172501
v -35.806267 -8.271165 237.694931
v -35.799934 -6.116679 238.074936
v -35.798038 85.358253 241.789825
v -35.798038 85.871902 241.069077
v -35.797787 22.906504 241.046967
v -35.794025 -9.050543 233.340805
v -35.792202 -8.883471 241.370697
v -35.792202 -6.332664 237.791351
v -35.790463 -15.531125 275.980450
v -35.789539 86.969574 241.230286
v -35.789539 87.116333 241.024353
v -35.789539 87.409843 240.612503
v -35.788704 4.317493 241.126816
v -35.786896 -14.043327 276.501709
v -35.786648 4.708805 281.587402
v -35.782845 8.871521 281.777557
v -35.781910 77.234802 243.453079
v -35.780666 13.361448 241.174881
v -35.780663 13.361449 241.174881
v -35.780575 4.318508 241.269760
v -35.777225 82.649521 243.275146
v -35.775245 -15.560550 276.403384
v -35.774967 -10.739769 229.493652
v -35.774883 86.971207 240.920929
v -35.774883 87.044579 240.817963
v -35.774258 -2.341865 241.149399
v -35.774258 -2.220398 240.978958
v -35.774258 -1.977462 240.638062
v -35.772625 22.531380 241.046173
v -35.771816 -13.969744 241.858093
v -35.768726 85.288139 241.274094
v -35.764587 31.701309 240.917465
v -35.763813 30.520115 281.556580
v -35.763813 30.639404 281.389191
v -35.763542 4.194319 240.772491
v -35.763542 4.194321 240.772491
v -35.762821 4.592169 281.251892
v -35.762634 -14.040627 275.989624
v -35.762569 82.431015 243.274689
v -35.759018 8.874172 281.274658
v -35.758194 -8.030523 234.067719
v -35.756550 40.745266 240.965530
v -35.756550 40.871239 240.788757
v -35.756313 4.199741 240.928116
v -35.756265 -15.528715 275.999897
v -35.755505 13.238276 240.820557
v -35.755505 13.364250 240.643784
v -35.755501 13.238276 240.820557
v -35.755501 13.364250 240.643784
v -35.753876 -7.185204 241.295914
v -35.753876 -6.820802 240.784592
v -35.751340 -15.550681 229.223708
v -35.750256 80.092178 242.539474
v -35.750256 81.192856 240.994995
v -35.747913 82.506027 242.862366
v -35.747559 -13.967043 241.346008
v -35.747467 22.408203 240.691849
v -35.747467 22.534180 240.515076
v -35.745575 86.020546 241.640778
v -35.745201 10.539342 281.704132
v -35.742386 41.107162 281.529388
v -35.739986 30.522768 281.053650
v -35.739429 31.326187 240.916687
v -35.739429 31.452160 240.739914
v -35.739429 31.578136 240.563141
v -35.738597 -15.563245 228.943504
v -35.737942 77.239693 242.525024
v -35.737076 87.411736 241.390137
v -35.737076 87.485107 241.287170
v -35.735600 81.267860 240.582672
v -35.735508 -8.595856 234.385742
v -35.733261 81.553741 243.891571
v -35.733261 82.287521 242.861908
v -35.732056 3.716574 241.097809
v -35.732056 3.959509 240.756912
v -35.732056 4.080975 240.586472
v -35.731785 77.244324 240.509964
v -35.731388 40.244167 241.141510
v -35.731388 40.370140 240.964752
v -35.731388 40.622093 240.611206
v -35.731388 40.748066 240.434433
v -35.729614 -7.182502 240.783829
v -35.729603 -11.416148 229.492249
v -35.729603 -11.075434 229.014145
v -35.727581 16.844383 281.654205
v -35.727100 82.145401 241.052780
v -35.724838 33.714554 240.486389
v -35.723297 -13.964342 240.833908
v -35.722420 87.266609 241.286713
v -35.722420 87.560120 240.874847
v -35.722420 87.853630 240.462982
v -35.722420 87.927010 240.360016
v -35.722416 76.768272 260.854492
v -35.721378 10.184125 281.703400
v -35.721378 10.541992 281.201233
v -35.718731 -5.545897 238.481705
v -35.714787 77.238319 243.921371
v -35.714115 -15.128430 276.499451
v -35.712444 82.147034 240.743423
v -35.712444 82.440544 240.331573
v -35.710239 -10.768262 276.522614
v -35.708547 -15.538796 229.459369
v -35.706661 40.633980 241.144424
v -35.706661 40.752945 240.977493
v -35.706287 78.776260 243.464798
v -35.706230 40.246967 240.610428
v -35.705353 -8.273007 241.805740
v -35.705353 -8.273005 241.805740
v -35.705353 -5.722200 238.226410
v -35.705353 -5.722198 238.226410
v -35.703949 81.410248 243.478790
v -35.703949 82.657677 241.728378
v -35.703754 16.608456 281.486053
v -35.703754 16.727745 281.318665
v -35.703754 16.847034 281.151276
v -35.697552 10.186776 281.200470
v -35.697388 -13.905022 229.400665
v -35.696049 -5.884088 238.480988
v -35.696049 -5.543373 238.002899
v -35.695659 -15.551050 229.185831
v -35.693108 86.976357 241.079865
v -35.693108 87.269867 240.667999
v -35.692535 -14.063131 279.975677
v -35.691635 79.071404 242.743576
v -35.687408 -1.488467 241.243561
v -35.686951 85.366669 241.330048
v -35.686279 77.286552 241.087311
v -35.685982 -10.765562 276.010529
v -35.684727 38.018475 281.599854
v -35.681091 -8.270307 241.293640
v -35.681091 -5.840965 237.884750
v -35.674706 -13.902498 228.921860
v -35.673367 -6.108705 238.320923
v -35.670822 77.243210 242.993301
v -35.667458 -8.701855 233.108688
v -35.664665 77.247849 240.978241
v -35.663151 -1.485765 240.731476
v -35.663151 -1.364300 240.561020
v -35.660900 38.021126 281.096924
v -35.656834 -8.267607 240.781555
v -35.656834 -6.202668 237.884003
v -35.656834 -6.081201 237.713562
v -35.656834 -6.081198 237.713547
v -35.646641 -8.867272 238.298141
v -35.646641 -8.867270 238.298141
v -35.646641 -8.624337 237.957260
v -35.646641 -8.624336 237.957260
v -35.631622 -7.908978 234.154343
v -35.630184 59.023926 241.161224
v -35.630184 59.023926 241.161240
v -35.629883 4.719833 281.342865
v -35.625717 -11.183558 229.898300
v -35.624985 77.168007 243.016479
v -35.616405 59.019058 243.926529
v -35.609802 77.118484 267.145020
v -35.603699 77.246735 243.461594
v -35.602627 58.181458 247.860336
v -35.593636 67.866882 267.599701
v -35.593636 68.223770 267.098907
v -35.590256 49.774971 241.114365
v -35.590256 50.012894 240.780502
v -35.586346 -10.806994 276.155304
v -35.585621 41.237476 281.117462
v -35.579857 72.382553 264.021698
v -35.577465 71.820023 249.525223
v -35.577465 76.340569 243.181931
v -35.571331 45.038105 281.745422
v -35.566986 40.710735 281.311249
v -35.566696 73.602829 275.781525
v -35.566494 49.777615 240.612823
v -35.566494 49.896576 240.445892
v -35.566082 76.898232 260.443695
v -35.562286 71.770500 273.653778
v -35.562286 74.506615 269.814423
v -35.559891 72.278625 257.654938
v -35.559891 72.278625 257.654968
v -35.559734 77.251633 242.533524
v -35.558998 49.784767 281.241882
v -35.556099 76.905746 257.176849
v -35.556095 76.905746 257.176849
v -35.552303 76.298553 264.043640
v -35.550613 -10.635567 276.103180
v -35.550493 -15.519943 276.229384
v -35.550327 40.763943 240.733627
v -35.550327 40.882904 240.566696
v -35.549908 76.687714 248.211746
v -35.549908 76.806671 248.044815
v -35.549908 76.806679 248.044815
v -35.549908 77.044601 247.710953
v -35.549908 77.044601 247.710968
v -35.546799 -5.760017 238.088806
v -35.546116 71.797905 261.087982
v -35.546116 72.273750 260.420258
v -35.540352 72.265472 279.244659
v -35.540352 72.515938 278.893188
v -35.536133 72.043343 257.487274
v -35.536133 72.281265 257.153412
v -35.536133 77.039734 250.476257
v -35.536133 77.039734 250.476273
v -35.536011 65.934410 281.622101
v -35.534729 74.258957 275.678864
v -35.534729 74.377914 275.511963
v -35.533741 66.246498 250.335693
v -35.530682 71.928108 281.653931
v -35.529949 58.501614 267.218201
v -35.529945 75.156235 243.848160
v -35.529945 77.178589 241.010361
v -35.529369 22.924524 281.191589
v -35.526150 76.452438 248.044083
v -35.526150 76.690353 247.710220
v -35.526150 76.690361 247.710220
v -35.524662 60.026058 281.121124
v -35.524113 -6.098207 238.088104
v -35.522987 51.950455 281.725372
v -35.522354 71.800552 260.586456
v -35.522354 71.919510 260.419525
v -35.522354 72.038475 260.252594
v -35.522354 72.157433 260.085663
v -35.519962 68.145020 250.430130
v -35.519337 65.769295 281.504425
v -35.518562 76.546631 259.941406
v -35.518562 76.546631 259.941437
v -35.516167 77.054756 243.942596
v -35.514008 71.762993 281.536285
v -35.514008 72.347404 280.716217
v -35.513775 68.164909 241.131165
v -35.512371 71.927025 257.152679
v -35.512371 72.283913 256.651886
v -35.510971 73.785751 275.845062
v -35.510971 74.023674 275.511200
v -35.509983 66.130180 250.001099
v -35.508579 66.799294 270.362762
v -35.507046 -14.158580 276.223145
v -35.506310 51.952312 281.373383
v -35.506310 52.035797 281.256256
v -35.506187 72.184845 247.519852
v -35.506184 74.683037 244.014343
v -35.506184 77.181229 240.508835
v -35.502663 65.771149 281.152435
v -35.502392 76.336121 247.709473
v -35.497334 71.514389 281.535767
v -35.496204 72.311317 244.086090
v -35.494801 71.790817 266.117065
v -35.492413 57.904583 270.316650
v -35.492409 76.343628 244.442642
v -35.492409 76.700516 243.941849
v -35.492409 77.057404 243.441071
v -35.490620 40.798225 281.726898
v -35.490330 74.024277 275.728577
v -35.490017 68.048592 240.796570
v -35.490017 68.048599 240.796570
v -35.490017 68.167557 240.629639
v -35.488613 71.810707 256.818085
v -35.488613 76.688133 249.973999
v -35.487213 73.669434 275.510468
v -35.487213 73.788399 275.343536
v -35.487213 75.096977 273.507324
v -35.484821 66.801941 269.861237
v -35.482632 49.872261 281.657532
v -35.482430 57.793133 267.216736
v -35.482426 71.830605 247.519104
v -35.482426 74.685684 243.512817
v -35.480659 71.432755 281.300934
v -35.480659 71.516243 281.183777
v -35.480659 72.768547 279.426514
v -35.480659 73.019012 279.075073
v -35.480034 58.896065 250.383255
v -35.478981 63.524124 281.670868
v -35.477230 72.368370 274.079865
v -35.474640 58.946293 281.588165
v -35.473846 58.915958 241.084290
v -35.471043 71.793457 265.615509
v -35.468647 72.301582 249.616699
v -35.467247 76.777466 264.636658
v -35.465958 49.790630 281.422699
v -35.463985 71.768555 280.480347
v -35.463451 74.385849 274.007355
v -35.463451 77.121964 270.167999
v -35.462307 63.609467 281.201752
v -35.461060 68.232124 267.356567
v -35.461060 72.395775 261.514038
v -35.457966 58.948151 281.236176
v -35.457680 50.021248 241.038162
v -35.456978 73.610550 275.610382
v -35.453468 72.133095 273.912170
v -35.453468 72.371017 273.578308
v -35.453468 76.653633 267.568878
v -35.450089 58.918602 240.582764
v -35.450089 58.918606 240.582764
v -35.448296 60.030064 281.653900
v -35.447311 73.022720 278.371124
v -35.447281 72.271950 264.446289
v -35.444939 45.047676 281.222321
v -35.442497 65.079842 243.966736
v -35.441509 41.126534 240.992035
v -35.437298 72.398422 261.012512
v -35.436310 58.199966 244.349640
v -35.433918 49.785965 240.870483
v -35.433506 76.311775 261.536011
v -35.433506 76.668655 261.035217
v -35.431110 73.370010 250.378113
v -35.430637 72.189705 279.190643
v -35.429710 74.396004 270.239014
v -35.425446 40.642582 240.625809
v -35.423523 71.798744 264.612457
v -35.423523 72.036667 264.278595
v -35.422535 57.719250 247.782654
v -35.420967 71.935829 281.482788
v -35.417747 40.653336 241.158218
v -35.415932 76.651413 269.832642
v -35.413540 72.401062 260.510986
v -35.408756 57.714382 250.547958
v -35.407352 73.372650 249.876587
v -35.401165 71.013321 243.916199
v -35.399761 76.440887 257.600708
v -35.399761 76.440895 257.600708
v -35.393990 40.774937 240.489761
v -35.389778 72.284752 260.176392
v -35.388790 57.729408 244.014297
v -35.385986 72.391327 266.041595
v -35.381599 58.952156 281.768982
v -35.377407 66.257500 250.091827
v -35.373608 77.308548 240.599564
v -35.364231 40.724312 281.320923
v -35.362225 72.275009 265.707001
v -35.359833 77.184715 243.531799
v -35.348248 58.872379 281.182190
v -35.320229 51.964035 281.735046
v -35.312313 77.190002 242.528748
v -35.285053 40.651428 240.898651
v -35.284008 13.270409 240.576920
v -35.194530 74.127197 275.801941
v -35.178841 58.965736 281.778656
v -35.162167 58.967590 281.426697
v -35.144592 76.925934 260.715149
v -35.128838 40.672676 241.172012
v -35.124630 72.301453 260.691711
v -35.110851 76.936089 256.946777
v -35.105080 40.675327 240.670486
v -35.094681 77.201416 244.047119
v -35.090885 72.311615 256.923340
v -35.070919 77.204063 243.545593
v -35.052448 58.891819 281.372681
v -34.914585 77.096100 243.468643
v -34.883236 68.270821 267.384125
v -34.857327 34.400291 240.708527
v -34.854797 22.466873 241.266754
v -34.829636 22.469673 240.735657
v -34.821598 31.513630 240.783722
v -34.792565 -15.630441 282.338440
v -34.664082 22.355343 240.654175
v -34.647515 -15.423671 276.465928
v -34.604984 30.478436 281.779266
v -34.580547 72.329994 264.487640
v -34.576752 76.719193 264.343414
v -34.570564 72.337509 261.220825
v -34.568748 16.802702 281.876892
v -34.566769 76.726700 261.076569
v -34.566769 76.726707 261.076569
v -34.528137 -14.105865 282.401581
v -34.477921 77.312195 267.534790
v -34.437988 68.063240 267.487915
v -34.421822 59.049568 267.608704
v -34.390469 68.187492 266.317932
v -34.350101 31.419788 240.716843
v -34.249901 -14.074900 276.528412
v -34.100787 -15.500265 282.479315
v -34.086441 40.730583 241.488159
v -33.920887 40.616257 241.406693
v -33.895729 40.619057 240.875595
v -33.886856 -6.084128 237.968475
v -33.883926 72.262955 262.174500
v -33.881535 58.971531 265.539459
v -33.881535 59.090492 265.372528
v -33.869190 -5.873802 238.007721
v -33.840614 40.758430 241.484818
v -33.822628 77.021835 257.259583
v -33.818832 76.890495 263.458649
v -33.812649 72.389847 260.502991
v -33.802666 72.397362 257.236145
v -33.798870 72.266014 263.435211
v -33.755337 40.753876 240.971664
v -33.747555 76.779465 262.121002
v -33.719936 -5.976875 237.934265
v -33.697254 -6.428636 238.092926
v -33.685168 -15.465404 282.559342
v -33.676277 76.906357 260.449493
v -33.666682 -15.310789 276.607626
v -33.660522 40.653107 240.906357
v -33.618774 66.688461 270.535492
v -33.614944 40.636742 241.421295
v -33.592625 58.990879 265.553223
v -33.589787 40.639545 240.890198
v -33.552940 -13.924976 282.530487
v -33.552940 -13.924974 282.530487
v -33.497585 68.161499 250.693588
v -33.460049 59.118195 265.643951
v -33.415960 -15.261097 276.671311
v -33.392300 22.946774 282.217041
v -33.368473 22.949427 281.714142
v -33.361214 72.559052 250.807007
v -33.355026 57.827705 262.207245
v -33.343639 70.757370 262.108398
v -33.326069 77.045090 262.058594
v -33.319706 -3.494503 283.822876
v -33.319702 -3.494504 283.822876
v -33.290532 -15.251005 276.702414
v -33.235535 22.838511 282.139893
v -33.223438 74.413750 275.789185
v -33.175919 73.824226 275.620789
v -33.149769 68.148987 267.800720
v -33.014576 -2.892583 282.532410
v -33.014576 -2.892582 282.532410
v -32.979652 76.958275 257.969421
v -32.979652 76.958282 257.969421
v -32.959690 72.214836 258.112915
v -32.959690 72.214844 258.112915
v -32.894600 76.842377 259.397064
v -32.889812 68.103775 241.087601
v -32.874634 72.217903 259.373627
v -32.853680 54.465626 241.184952
v -32.849564 27.123436 241.120148
v -32.833717 49.841148 241.161514
v -32.733479 67.995811 241.010651
v -32.677380 49.733185 241.084579
v -32.604359 65.879921 282.289856
v -32.582245 10.750115 282.359131
v -32.555321 54.479088 282.290863
v -32.550980 49.817768 282.325287
v -32.520294 46.323708 282.308319
v -32.388470 49.752533 241.098373
v -32.368252 65.396286 282.298492
v -32.359512 57.668564 256.807983
v -32.331055 4.111500 276.224670
v -32.331055 4.227591 276.061768
v -32.298214 58.977562 256.734009
v -32.292091 -5.030414 276.341827
v -32.292091 -4.914323 276.178925
v -32.253124 -14.056235 276.296082
v -32.241703 72.356087 270.295502
v -32.224865 4.697529 276.151031
v -32.224367 -15.152919 276.291665
v -32.215549 70.725548 256.799866
v -32.209362 64.202553 256.681976
v -32.202082 -15.148404 276.305223
v -32.201679 4.235743 276.313202
v -32.199383 57.786140 262.429321
v -32.197975 77.013260 256.750061
v -32.157196 4.726498 275.794830
v -32.139530 -5.019683 276.103851
v -32.112934 41.124855 275.736786
v -32.096722 32.086338 275.857910
v -32.082699 4.366682 276.345886
v -32.080683 -15.137417 276.072732
v -32.080509 23.047827 275.979065
v -32.079563 -4.831746 276.127136
v -32.063053 -13.913788 276.080017
v -32.060490 13.758321 282.483734
v -32.057537 4.369480 275.814789
v -32.056683 22.811901 275.810913
v -32.049500 13.413435 275.862854
v -32.049114 4.246473 276.075226
v -32.041462 22.583366 275.734131
v -32.040470 13.773388 275.932068
v -32.037846 77.130836 262.371399
v -32.033794 -15.128984 276.074997
v -32.033424 31.627323 275.782196
v -32.033424 31.753296 275.605438
v -32.033424 31.753298 275.605438
v -32.025387 40.797249 275.653503
v -32.024258 4.734875 276.053192
v -32.000427 4.737526 275.550262
v -31.982178 -15.119592 276.077490
v -31.979994 41.133228 275.995178
v -31.971184 -14.037353 276.309540
v -31.947807 8.845045 241.421371
v -31.939955 31.978077 275.780762
v -31.936445 4.261526 275.925232
v -31.936445 4.382994 275.754761
v -31.927549 13.885985 282.574707
v -31.926638 70.744896 256.813660
v -31.923742 22.939564 275.901917
v -31.919935 -4.941985 276.048553
v -31.917147 4.252352 276.264404
v -31.917147 4.504301 275.910858
v -31.912186 4.264223 275.413116
v -31.909109 13.674231 275.782166
v -31.903427 -13.902560 275.831024
v -31.902880 70.509613 256.645996
v -31.899086 61.337189 275.531647
v -31.896549 4.141111 276.000122
v -31.893032 31.762142 275.878296
v -31.891987 4.255152 275.733307
v -31.887926 4.388391 274.730591
v -31.883949 13.425081 275.604614
v -31.883703 13.665125 275.854889
v -31.882915 57.795750 267.973724
v -31.877716 77.248413 267.992737
v -31.876728 59.005260 257.005463
v -31.875910 22.469036 275.652679
v -31.872934 49.951797 275.724182
v -31.867872 31.638966 275.523956
v -31.867872 31.638968 275.523956
v -31.867489 4.626610 275.976044
v -31.867489 4.745899 275.808655
v -31.859835 40.682922 275.572021
v -31.859835 40.808899 275.395264
v -31.859322 -15.083731 274.939334
v -31.858349 63.945774 275.788696
v -31.857584 -5.000801 276.117310
v -31.856766 40.938126 275.845001
v -31.853578 -15.089726 276.239127
v -31.845377 73.258537 248.536728
v -31.845322 49.878330 276.009125
v -31.837332 58.952362 275.939758
v -31.836639 40.722664 275.843689
v -31.828648 49.796700 275.774292
v -31.827034 32.090675 282.423431
v -31.823229 41.144257 275.750610
v -31.823229 41.263546 275.583221
v -31.818621 -14.142713 276.234467
v -31.810648 49.791229 241.125946
v -31.805449 58.180462 256.669373
v -31.801498 -14.068783 242.815552
v -31.790359 4.494957 276.252289
v -31.776756 4.765095 275.830170
v -31.776491 63.955185 275.383698
v -31.768059 -14.015499 276.264557
v -31.768059 -13.894032 276.094116
v -31.767172 4.265354 276.088684
v -31.766975 22.950592 275.657349
v -31.756527 58.973824 275.861053
v -31.743599 40.728527 276.024506
v -31.743557 13.559901 275.700684
v -31.728970 76.570404 256.686188
v -31.727615 58.960079 275.768616
v -31.727480 31.647812 275.796814
v -31.719444 40.817741 275.668091
v -31.709007 58.979111 274.858002
v -31.709007 59.098076 274.691071
v -31.705212 68.126778 268.036591
v -31.702541 -15.056719 280.585547
v -31.700430 40.830158 275.768066
v -31.651505 70.769112 254.062134
v -31.650248 31.997480 275.794586
v -31.641449 4.281281 275.939301
v -31.634575 58.965942 275.949432
v -31.634033 22.958965 275.915741
v -31.633883 40.652756 275.970520
v -31.633827 17.909489 241.484039
v -31.630859 27.263010 273.471619
v -31.630857 27.263008 273.471619
v -31.625891 49.810280 275.783997
v -31.624939 -4.922227 276.062653
v -31.622822 36.306965 273.519684
v -31.622822 36.432938 273.342926
v -31.617205 40.654613 275.618530
v -31.611206 4.398815 276.102234
v -31.608431 -14.004270 276.015533
v -31.607452 -15.054774 276.023290
v -31.600191 58.984821 275.617188
v -31.584023 49.971146 275.737976
v -31.577784 4.765305 275.822479
v -31.569967 22.489525 275.667267
v -31.569967 22.489527 275.667267
v -31.558859 68.130257 271.059570
v -31.553890 40.829388 275.409851
v -31.533520 41.163658 275.764435
v -31.481823 4.292509 275.690277
v -31.481823 4.413975 275.519836
v -31.478259 -14.992153 280.281493
v -31.471914 -15.011964 276.481243
v -31.467617 58.993172 275.874847
v -31.442451 77.271248 271.029510
v -31.432108 36.447384 272.553589
v -31.431122 40.749825 275.863037
v -31.416302 68.146126 268.050385
v -31.415142 58.981377 275.607147
v -31.411520 40.849510 275.781830
v -31.407303 -14.115680 276.499359
v -31.407299 -14.115681 276.499359
v -31.389160 49.818932 241.397400
v -31.366322 -14.992557 276.506698
v -31.350220 58.932091 252.170883
v -31.346455 4.301039 275.953369
v -31.342628 68.186333 251.214706
v -31.330091 49.913204 275.857330
v -31.322100 58.987236 275.787964
v -31.315876 -0.170229 272.252930
v -31.312655 -14.959376 272.139643
v -31.299366 -9.252270 272.205811
v -31.298355 -14.153864 241.726883
v -31.295113 49.990494 275.751770
v -31.293707 72.667503 265.231598
v -31.285885 -14.956509 272.100366
v -31.245369 -14.918473 271.705203
v -31.198669 68.157539 269.568756
v -31.195093 31.567528 271.208313
v -31.176881 -14.914914 272.015895
v -31.168722 59.020035 272.621796
v -31.164324 -4.954885 276.395660
v -31.156248 -0.158999 272.003906
v -31.149128 77.644409 266.102234
v -31.127388 68.165474 268.064178
v -31.119818 77.280777 265.998352
v -31.075085 57.647732 251.255585
v -31.074799 8.840509 271.537781
v -31.069885 77.219353 251.107697
v -31.069885 77.219360 251.107681
v -31.066759 18.010441 271.409088
v -31.054703 31.702347 271.304413
v -31.053719 68.086716 251.395416
v -31.053719 68.086723 251.395416
v -31.038406 13.839969 276.231903
v -31.013790 58.837769 251.348541
v -30.996220 49.898396 272.665649
v -30.994814 68.173828 268.321838
v -30.982552 2.519529 270.828674
v -30.972458 49.901039 272.164124
v -30.972359 -0.145073 271.242828
v -30.972359 -0.145072 271.242828
v -30.970310 79.171371 241.417480
v -30.948700 49.903683 271.662598
v -30.948700 50.022648 271.495667
v -30.948099 -0.263840 270.901184
v -30.948097 -0.263838 270.901184
v -30.945908 -14.676027 282.486511
v -30.937601 63.924320 275.773407
v -30.928734 58.959793 252.442337
v -30.916000 -15.563522 229.919623
v -30.915943 77.317039 266.027985
v -30.901869 -14.926383 280.699765
v -30.899534 -14.090408 280.693146
v -30.899532 -14.090410 280.693146
v -30.872219 72.338318 266.003815
v -30.865473 36.299171 241.528671
v -30.854647 77.198494 267.957184
v -30.841183 41.195770 282.602142
v -30.821413 77.198822 244.824768
v -30.817358 41.198425 282.099243
v -30.813667 31.596416 269.629639
v -30.813667 31.596418 269.629639
v -30.806759 77.273834 244.412445
v -30.777182 64.021584 275.682739
v -30.770157 -13.966166 280.781677
v -30.770155 -13.966167 280.781677
v -30.759607 77.209076 265.951050
v -30.754826 57.882885 262.498260
v -30.753006 -4.811760 276.497650
v -30.743439 70.812553 262.399414
v -30.737507 60.857567 275.884308
v -30.733456 68.202911 262.805023
v -30.725864 77.100266 262.349609
v -30.703941 31.536892 241.599930
v -30.703510 55.853443 270.365143
v -30.699921 36.184845 241.447205
v -30.661140 61.279007 275.831360
v -30.658890 4.210129 282.681458
v -30.652136 27.212059 269.170593
v -30.646009 58.483402 262.422821
v -30.640078 40.652020 269.419464
v -30.640078 40.777992 269.242676
v -30.627031 77.336388 266.041779
v -30.607849 -14.180287 277.681488
v -30.607849 -14.064196 277.518585
v -30.603271 77.339027 265.540253
v -30.595739 4.697529 282.841370
v -30.571913 4.700180 282.338470
v -30.570541 77.318214 265.714508
v -30.561430 77.215912 244.992203
v -30.519169 -13.915730 268.625397
v -30.517464 77.220802 244.064148
v -30.511419 -4.830988 268.160431
v -30.511417 -4.952456 268.330872
v -30.511417 -4.830988 268.160431
v -30.511398 -13.949865 281.284576
v -30.511305 77.225433 242.049088
v -30.500290 -3.537867 284.283234
v -30.500290 -3.537865 284.283234
v -30.494907 -14.034496 268.283752
v -30.470695 77.347382 265.797913
v -30.459953 2.252464 284.233917
v -30.458990 13.878774 276.259552
v -30.438971 4.708555 282.596832
v -30.416000 58.891491 244.842453
v -30.411247 -9.203952 284.421112
v -30.411247 -9.203951 284.421112
v -30.405210 -14.060385 282.188354
v -30.400219 77.233856 241.589310
v -30.394711 41.226200 282.371429
v -30.392244 40.930935 269.547211
v -30.385942 27.108931 266.964722
v -30.385942 27.108932 266.964722
v -30.382025 -13.593438 281.047302
v -30.382023 -13.593440 281.047302
v -30.359541 -14.025969 268.546844
v -30.359297 40.921658 269.611603
v -30.358477 31.964174 276.275665
v -30.353912 79.212326 241.601929
v -30.352022 72.275307 281.724731
v -30.344725 40.817261 268.711090
v -30.343753 -14.866347 280.809096
v -30.340925 62.099003 244.862930
v -30.338459 22.913246 282.445557
v -30.334135 40.798485 269.257294
v -30.322245 13.755445 282.734070
v -30.321953 61.442287 275.858246
v -30.319561 55.764408 268.539734
v -30.318441 77.238998 241.748230
v -30.314362 77.239418 265.720978
v -30.306030 4.716930 282.855194
v -30.297203 59.023674 242.167877
v -30.282207 4.719582 282.352295
v -30.275833 -14.516601 283.091400
v -30.274433 60.852768 275.689850
v -30.273441 59.026318 241.666351
v -30.265646 4.381912 267.294189
v -30.261768 41.234573 282.629791
v -30.258381 4.841522 281.682007
v -30.257608 13.425867 267.342255
v -30.257479 77.237892 244.231583
v -30.245556 32.076775 282.918304
v -30.241535 -2.825014 283.808716
v -30.229460 -14.047074 281.460938
v -30.229458 -14.047075 281.460938
v -30.228088 4.251827 276.570312
v -30.225534 32.091839 276.366638
v -30.216370 31.642551 266.730499
v -30.212351 36.290504 266.577789
v -30.212351 36.416481 266.401001
v -30.212311 -9.188058 283.204254
v -30.205517 22.921621 282.703918
v -30.205517 23.040913 282.536530
v -30.204903 4.254404 276.080872
v -30.201202 3.313591 283.270691
v -30.201199 3.313589 283.270691
v -30.196964 77.178337 242.017014
v -30.189302 13.883109 282.825073
v -30.188389 40.828255 268.467194
v -30.185497 22.936687 276.152252
v -30.184412 4.276211 267.197418
v -30.181690 22.924273 282.201019
v -30.173204 77.180984 241.515488
v -30.169641 -14.046663 283.180664
v -30.162853 -14.975748 283.186676
v -30.161671 22.820053 275.816742
v -30.160152 4.278910 266.685333
v -30.146393 77.246307 243.771805
v -30.128828 41.242950 282.888153
v -30.128078 76.559189 256.678192
v -30.128077 76.559189 256.678192
v -30.127090 58.910843 244.856247
v -30.123270 -13.925410 282.038910
v -30.123266 -13.925412 282.038910
v -30.119381 -4.800431 266.126129
v -30.118193 4.245314 283.197784
v -30.112655 -14.950439 282.878541
v -30.109896 58.971264 282.489197
v -30.109203 40.658081 282.510254
v -30.105003 41.245602 282.385254
v -30.101612 4.733259 281.604858
v -30.093220 58.889633 282.254364
v -30.088789 31.968510 282.841156
v -30.084017 22.481468 267.132080
v -30.080000 27.129421 266.979340
v -30.079998 27.129419 266.979340
v -30.076897 -14.036343 281.222931
v -30.075777 46.650700 267.079010
v -30.072577 22.929998 282.962280
v -30.072577 23.049286 282.794922
v -30.071981 58.296558 256.752106
v -30.071960 36.299351 266.850616
v -30.065784 -2.927793 283.244202
v -30.065783 -2.927793 283.244202
v -30.055813 40.836609 268.724854
v -30.052917 1.017772 265.903320
v -30.040628 77.189331 241.773148
v -30.028730 22.947716 275.907715
v -30.017620 40.700951 265.989227
v -30.016325 4.736334 282.869049
v -30.008289 59.043022 242.181671
v -29.996304 4.751402 276.317352
v -29.987394 17.970692 264.983643
v -29.984013 -4.791903 266.389221
v -29.972477 4.754051 275.814453
v -29.972061 41.134689 282.811005
v -29.972061 41.253975 282.643616
v -29.959703 4.276426 267.485565
v -29.955849 32.096176 282.932129
v -29.934204 74.783531 261.202026
v -29.924334 -14.141703 281.147858
v -29.924332 -14.141703 281.147858
v -29.917549 1.026300 266.166412
v -29.915810 22.821735 282.885132
v -29.915810 22.941023 282.717743
v -29.899597 13.902512 282.838898
v -29.891983 22.824387 282.382233
v -29.889416 4.295967 267.211487
v -29.883383 4.863998 282.960022
v -29.880499 70.645058 256.742493
v -29.864511 -13.444744 281.890198
v -29.859556 4.628071 282.791870
v -29.859556 4.747360 282.624481
v -29.835117 -14.747916 276.726808
v -29.830589 52.719421 265.614624
v -29.830078 40.759151 282.935577
v -29.829691 -8.123510 242.940308
v -29.829691 -8.123508 242.940308
v -29.828196 58.937702 241.603195
v -29.823765 58.910633 280.856140
v -29.822086 49.833183 282.866211
v -29.820509 22.951630 280.706116
v -29.813404 40.761009 282.583618
v -29.811907 4.752663 281.618683
v -29.792664 22.507113 264.218353
v -29.784626 31.551067 264.266418
v -29.778074 22.501957 267.146667
v -29.777870 74.675568 261.125092
v -29.762848 22.964468 276.424438
v -29.758324 -11.001247 279.210114
v -29.755480 -9.254212 264.751221
v -29.747923 70.891335 256.666321
v -29.739023 22.967117 275.921539
v -29.731220 -9.372980 264.409576
v -29.730350 77.060089 256.783447
v -29.721693 -10.306870 280.441864
v -29.721689 -10.422960 280.604767
v -29.721689 -10.306870 280.441864
v -29.721054 58.996567 282.860504
v -29.720362 40.766869 282.764435
v -29.718473 -10.923636 280.247264
v -29.715654 -14.118479 276.742981
v -29.715652 -14.118478 276.742981
v -29.714182 68.165375 256.737305
v -29.704517 -5.571844 242.959686
v -29.703781 32.117805 280.675964
v -29.698505 -10.884748 280.766937
v -29.698505 -10.768656 280.604034
v -29.698505 -10.304289 279.952423
v -29.698505 -10.072105 279.626648
v -29.695179 13.799552 281.755920
v -29.689491 4.286161 271.490692
v -29.681454 13.456090 271.361969
v -29.675320 -10.417799 279.625916
v -29.675320 -10.185616 279.300110
v -29.674253 58.916424 256.690430
v -29.670063 -8.233748 242.861755
v -29.670063 -8.233747 242.861740
v -29.667912 -2.663824 280.484711
v -29.667383 71.902611 282.872314
v -29.655834 -14.001977 278.299835
v -29.653131 4.302654 271.585388
v -29.652134 -10.183037 278.810669
v -29.644234 31.685888 264.362488
v -29.639360 65.411705 282.839417
v -29.636623 -4.900856 271.708740
v -29.636623 -4.779389 271.538300
v -29.628946 -10.296548 278.484161
v -29.627321 40.772728 282.945251
v -29.627111 22.392784 264.136871
v -29.627111 22.518759 263.960083
v -29.624693 41.166927 278.543182
v -29.624693 41.286217 278.375793
v -29.620113 -13.982900 271.661621
v -29.619328 49.846764 282.875885
v -29.616640 -14.794208 271.667225
v -29.616589 -14.792136 271.647666
v -29.615055 36.210667 263.855438
v -29.609463 -14.112907 277.483856
v -29.607737 -10.998814 279.206418
v -29.605759 -10.293965 277.994720
v -29.605757 -10.293967 277.994720
v -29.602974 57.734737 256.855133
v -29.600868 41.050289 278.207672
v -29.593912 31.565514 263.477081
v -29.583248 -14.789524 271.668802
v -29.582571 -10.639664 277.993988
v -29.582571 -10.523569 277.831085
v -29.581604 77.214813 244.308365
v -29.581202 4.176489 277.990417
v -29.571285 40.730289 266.276672
v -29.569126 -10.760504 280.855499
v -29.569126 -10.644412 280.692596
v -29.569126 -10.528320 280.529694
v -29.559383 -10.869266 277.830383
v -29.558014 4.062977 277.663879
v -29.558014 4.179068 277.500977
v -29.549644 -12.835491 277.411682
v -29.549101 4.420979 271.586761
v -29.547331 -9.359052 263.648468
v -29.544888 -5.682084 242.881134
v -29.544888 -5.682083 242.881134
v -29.541061 13.464935 271.634827
v -29.530802 22.971033 280.719940
v -29.521946 49.866589 276.530701
v -29.520634 77.256714 258.839294
v -29.516947 40.848751 271.425476
v -29.515347 -2.537003 280.083832
v -29.514475 87.607689 242.306076
v -29.499569 -10.288397 278.735596
v -29.498198 4.063385 279.383636
v -29.496296 65.423134 281.964325
v -29.494160 52.744061 264.625336
v -29.493504 4.313881 271.336395
v -29.492161 -2.650514 279.757294
v -29.476585 59.031776 264.575562
v -29.476379 -12.375466 281.178406
v -29.476263 49.858192 282.000793
v -29.453522 31.700333 263.573151
v -29.453194 -10.515421 278.082550
v -29.448456 8.967270 263.098663
v -29.439751 -10.752354 281.106934
v -29.432699 87.466080 242.670944
v -29.430468 58.962761 242.376175
v -29.419277 13.366073 262.768372
v -29.418043 87.467712 242.361588
v -29.412228 49.790817 276.476715
v -29.393921 65.902336 271.485504
v -29.383549 4.306648 271.505280
v -29.383549 4.306650 271.505280
v -29.375655 -14.721117 270.492911
v -29.375069 -5.663183 239.296494
v -29.370161 65.786018 271.150909
v -29.366444 77.224182 244.377075
v -29.363976 59.025101 271.366882
v -29.358387 4.309448 270.974182
v -29.358135 4.322409 271.599487
v -29.356413 32.150047 276.408142
v -29.345411 57.776207 245.306183
v -29.332451 81.541496 245.124908
v -29.325449 40.779724 262.643372
v -29.325209 58.943653 281.056335
v -29.325117 -13.963142 271.675720
v -29.321613 77.274918 256.523407
v -29.313980 77.226074 245.154709
v -29.311256 74.676285 275.724579
v -29.310173 13.948851 279.590698
v -29.307774 4.676640 277.273682
v -29.300835 40.721085 278.315613
v -29.300161 11.809174 279.327881
v -29.300161 13.837094 276.482269
v -29.292694 76.639351 245.156799
v -29.284115 57.776627 247.068436
v -29.282711 72.364243 247.899414
v -29.277443 -10.734289 277.680908
v -29.268932 77.236801 243.820633
v -29.268845 1.078884 261.834747
v -29.267532 72.671600 271.527161
v -29.261952 -14.667518 278.446602
v -29.255356 77.232597 243.917297
v -29.254494 77.498566 256.682770
v -29.254257 -10.847800 277.354401
v -29.246849 -1.700727 276.258362
v -29.243773 72.674248 271.025635
v -29.239838 77.280060 256.682312
v -29.236595 58.376724 245.230728
v -29.229698 4.203112 276.535583
v -29.229506 -6.861656 237.928391
v -29.226616 43.632999 262.663086
v -29.222767 4.330938 271.862549
v -29.221331 -14.088454 278.238190
v -29.216507 27.072426 261.874359
v -29.212488 31.720379 261.721619
v -29.209658 32.034248 279.606812
v -29.209658 32.153542 279.439423
v -29.207882 -11.539193 277.352936
v -29.206514 4.205690 276.046143
v -29.204836 74.695686 275.677124
v -29.203405 13.383318 261.447937
v -29.203403 13.383318 261.447937
v -29.202890 77.234489 244.694931
v -29.197496 -1.418225 242.064636
v -29.191118 40.728806 278.144470
v -29.189749 -6.545125 261.541687
v -29.187328 31.597204 261.367279
v -29.185843 40.746063 271.085754
v -29.183434 22.883982 276.619507
v -29.180775 22.548092 264.247559
v -29.178680 74.803596 275.815308
v -29.178221 41.197357 278.312469
v -29.177397 81.554802 243.737061
v -29.175301 40.889786 271.531525
v -29.171488 74.198479 275.676086
v -29.164219 77.280579 258.856323
v -29.158062 77.578735 256.429382
v -29.155296 -9.449963 261.784607
v -29.155296 -9.328497 261.614166
v -29.155293 4.275812 242.524368
v -29.151543 40.773468 271.196930
v -29.148733 71.257286 271.022675
v -29.147545 -0.608154 261.660522
v -29.143406 77.213470 256.634857
v -29.143394 11.700911 279.250702
v -29.143394 11.820199 279.083344
v -29.141558 58.982109 242.389969
v -29.134623 -7.596416 276.232605
v -29.131161 74.214073 275.646881
v -29.131076 -14.688316 270.530286
v -29.131033 4.035580 242.353180
v -29.131033 4.278513 242.012283
v -29.128582 -14.078134 276.280487
v -29.126377 68.092621 253.664978
v -29.117796 58.984753 241.888443
v -29.115139 -12.921968 277.350037
v -29.098076 40.734665 278.325287
v -29.094139 -6.610194 237.850586
v -29.088835 -13.956456 276.049622
v -29.088833 -3.631759 261.561829
v -29.085045 71.765831 256.786102
v -29.082443 77.285736 259.015259
v -29.080070 -5.764896 239.481018
v -29.080070 -5.764895 239.481018
v -29.077602 4.201164 271.696655
v -29.077602 4.327139 271.519897
v -29.070890 -7.536317 275.998779
v -29.069880 -8.186563 239.554276
v -29.069878 -7.093361 238.020264
v -29.064571 -9.338011 269.060638
v -29.063744 49.890625 279.727478
v -29.063139 4.342167 271.613556
v -29.059093 41.210613 275.797913
v -29.057945 4.264368 242.155136
v -29.050955 27.210045 261.439331
v -29.046936 31.606049 261.640137
v -29.045620 -10.491738 242.280624
v -29.045279 41.205734 278.570831
v -29.038879 4.223396 271.271912
v -29.037853 13.394962 261.189667
v -29.037853 13.394963 261.189667
v -29.030472 18.970875 275.850037
v -29.028688 -1.599348 276.117615
v -29.027542 77.250862 244.837479
v -29.025795 27.212845 260.908234
v -29.023264 4.949501 275.961578
v -29.023264 4.949503 275.961578
v -29.019951 77.345062 256.734833
v -29.017319 4.214252 278.017334
v -29.010452 13.856496 276.496094
v -29.010027 77.248055 244.394089
v -29.007578 72.269501 245.314819
v -29.006714 49.817974 276.496063
v -29.003782 77.253510 244.335953
v -29.002842 22.897661 275.872040
v -29.002842 23.016953 275.704651
v -29.000635 27.089670 260.553925
v -28.998585 75.055161 274.736053
v -28.995985 77.348991 266.512726
v -28.994133 4.100742 277.690796
v -28.986048 18.266285 275.856140
v -28.985220 58.874146 242.313019
v -28.980719 77.177940 243.878342
v -28.980022 77.137192 244.001343
v -28.976229 72.366348 256.710632
v -28.973696 85.593536 243.199570
v -28.972944 4.325228 275.783234
v -28.971405 4.168274 241.933716
v -28.966610 9.341219 275.802277
v -28.966246 72.611786 253.109955
v -28.965199 77.225403 256.643372
v -28.964909 -1.681845 276.271820
v -28.964844 72.329201 274.807068
v -28.962223 4.218855 275.894806
v -28.956867 22.539114 275.702606
v -28.952469 72.250031 256.376038
v -28.951023 -14.036440 260.829163
v -28.948830 31.583069 275.750671
v -28.946589 4.703995 275.778778
v -28.940792 40.752998 275.621979
v -28.938231 -14.714819 271.928102
v -28.920444 -5.753667 239.232010
v -28.918604 8.096958 275.805725
v -28.918602 8.096957 275.805725
v -28.917555 4.273211 242.427994
v -28.909939 32.061188 276.344788
v -28.905682 58.897869 276.607513
v -28.903963 40.807426 262.914825
v -28.903511 4.231928 271.535004
v -28.902327 41.221642 275.553375
v -28.895319 40.664757 278.452118
v -28.894966 77.259216 245.095139
v -28.894753 -13.934856 271.952881
v -28.892393 4.150040 242.073669
v -28.886112 32.063839 275.841888
v -28.885124 4.823708 277.378510
v -28.883421 87.723656 242.078201
v -28.876320 9.010604 260.730621
v -28.876320 9.010605 260.730621
v -28.875788 77.255096 245.330658
v -28.873707 17.431139 277.781555
v -28.869900 22.906036 276.130402
v -28.868767 77.085434 256.698883
v -28.863615 77.237099 256.657867
v -28.860245 27.098515 260.826752
v -28.859567 -14.704749 271.959734
v -28.852682 -7.577534 276.246063
v -28.846642 -14.059251 276.293945
v -28.843655 59.050999 275.664337
v -28.842251 74.233421 275.660675
v -28.841793 84.507538 241.959869
v -28.838484 -8.853127 276.088379
v -28.825092 49.474792 261.288696
v -28.818382 4.230146 276.800476
v -28.813705 68.114616 253.177246
v -28.812344 -1.787204 276.196747
v -28.809921 27.104116 259.764557
v -28.809921 27.230091 259.587799
v -28.802511 77.189873 243.886841
v -28.801647 77.235710 256.961243
v -28.801334 49.477436 260.787140
v -28.800823 31.947622 277.273468
v -28.800823 32.066910 277.106079
v -28.795197 4.116634 276.473969
v -28.788780 22.458965 259.386200
v -28.788467 77.290810 266.005493
v -28.787556 40.788368 275.738281
v -28.786991 77.237335 256.651886
v -28.786989 87.730438 241.927780
v -28.785076 -5.745139 239.495087
v -28.785076 -5.745138 239.495087
v -28.784054 -14.060473 280.714473
v -28.783760 55.765152 260.737366
v -28.779417 -4.911766 276.917664
v -28.778597 40.761230 275.871155
v -28.775221 -14.173133 282.088447
v -28.774883 -8.166808 239.568344
v -28.773380 -14.063593 280.712250
v -28.770607 49.835266 275.801788
v -28.765972 74.225632 275.695435
v -28.762615 58.992786 275.615265
v -28.751633 -4.841586 271.750977
v -28.750622 -10.471981 242.294708
v -28.748852 -14.033094 282.029260
v -28.747627 40.699459 262.837860
v -28.733692 -1.579590 276.131683
v -28.731378 -13.821644 281.941889
v -28.731039 77.245453 256.915527
v -28.730946 64.150055 278.407349
v -28.711079 59.059349 275.921997
v -28.707266 64.157181 275.762726
v -28.692558 40.761822 278.344635
v -28.671150 49.929359 275.708191
v -28.669575 58.998650 275.796112
v -28.668882 40.768951 275.700012
v -28.668589 69.653664 275.793518
v -28.668270 77.196915 244.823410
v -28.663557 72.031456 256.723694
v -28.658962 13.389673 275.845917
v -28.657206 -10.188583 279.411032
v -28.654980 40.915684 275.829010
v -28.654043 -10.410266 280.779479
v -28.651222 49.839569 277.571320
v -28.644371 27.241737 259.329559
v -28.642887 31.603558 275.765259
v -28.642632 4.243456 276.073059
v -28.632208 66.656059 275.798248
v -28.629816 59.074795 271.150574
v -28.620232 31.961298 276.526031
v -28.619209 27.118561 258.975220
v -28.614145 4.259523 258.677521
v -28.611393 -10.982719 279.181966
v -28.611172 36.162518 259.023285
v -28.608784 77.249275 256.660370
v -28.604019 22.922787 276.647156
v -28.603204 -12.155168 281.301022
v -28.596405 32.083241 275.855713
v -28.593000 -14.041210 280.728203
v -28.593000 -13.926426 280.810000
v -28.593000 -13.793723 280.904569
v -28.593000 -11.010281 279.706458
v -28.593000 -11.010281 279.706458
v -28.593000 -10.982422 279.181514
v -28.593000 -10.973851 279.090000
v -28.593000 -10.925993 280.810000
v -28.593000 -10.914164 280.964872
v -28.593000 -10.903900 278.343134
v -28.593000 -10.872469 278.007546
v -28.593000 -10.499785 280.705231
v -28.593000 -10.411169 280.837494
v -28.593000 -10.410237 280.810000
v -28.593000 -10.409541 280.789468
v -28.593000 -10.409541 280.789468
v -28.593000 -10.385410 279.859693
v -28.593000 -10.314143 280.655602
v -28.593000 -10.293041 280.538967
v -28.593000 -10.291145 280.133330
v -28.593000 -10.193059 279.589781
v -28.593000 -10.188770 279.418027
v -28.593000 -10.187006 279.090000
v -28.593000 -10.186548 279.004841
v -28.593000 -10.099497 279.864431
v -28.592005 4.279671 258.718628
v -28.590341 -10.759058 281.236704
v -28.584000 18.882015 275.786713
v -28.580193 22.925438 276.144226
v -28.579800 -14.031684 281.183998
v -28.578411 13.340460 241.959564
v -28.576571 -10.186602 279.007853
v -28.574703 77.137482 256.838593
v -28.574703 77.256447 256.671661
v -28.574147 -14.674485 281.155735
v -28.574062 -1.689829 276.053131
v -28.573568 -13.043324 281.152839
v -28.573210 -14.099448 281.151050
v -28.572908 22.476210 258.065765
v -28.566359 4.356920 273.673462
v -28.552598 -10.767055 281.047992
v -28.551769 4.855661 275.894714
v -28.550282 22.444830 273.769592
v -28.548602 -10.750990 281.028012
v -28.543488 -8.833372 276.102448
v -28.541662 77.252792 257.128662
v -28.541504 49.763798 277.517334
v -28.541504 49.847286 277.400177
v -28.539711 18.421595 275.966797
v -28.538123 -10.850826 280.975615
v -28.537946 -10.915629 280.974729
v -28.536086 -10.292467 278.805428
v -28.531860 4.368608 276.001526
v -28.530981 72.277725 256.647491
v -28.526608 4.480537 275.893921
v -28.523941 4.851063 275.883575
v -28.522794 -13.801582 280.898968
v -28.522714 -10.594755 280.898571
v -28.518167 -10.756325 280.847417
v -28.516171 77.610680 261.730957
v -28.514578 -10.689761 280.849211
v -28.513766 -10.410342 280.853831
v -28.513000 -10.926161 280.850000
v -28.513000 -10.410198 280.850000
v -28.513000 -13.870296 280.850000
v -28.513000 -10.757353 280.850000
v -28.513000 -10.756226 280.850000
v -28.513000 -10.688790 280.850000
v -28.510532 22.694424 275.813293
v -28.503504 41.127476 276.495880
v -28.502495 31.738380 275.861359
v -28.500164 58.925030 276.626862
v -28.498840 -13.916944 276.077759
v -28.496508 -10.299848 278.607538
v -28.494457 40.908310 275.732635
v -28.493410 13.275343 275.764435
v -28.492523 -14.018098 266.753418
v -28.481697 -14.037380 277.537689
v -28.480898 -7.496805 276.026917
v -28.479679 41.249420 275.825562
v -28.473753 4.394342 258.773590
v -28.472269 8.252267 275.916382
v -28.472267 8.252267 275.916382
v -28.460211 22.574049 274.927856
v -28.459766 -10.520028 278.229786
v -28.456638 -4.821830 271.765045
v -28.448593 4.271168 258.419250
v -28.447252 23.053102 276.235229
v -28.442129 77.502724 256.595459
v -28.431694 -11.155037 230.399231
v -28.430576 77.261208 256.668884
v -28.428141 64.174767 276.305176
v -28.427227 -10.483739 278.261137
v -28.423428 22.936466 275.899689
v -28.422074 -10.520203 278.235372
v -28.417512 -10.297904 278.212562
v -28.417512 -10.297906 278.212562
v -28.415115 49.773373 276.994202
v -28.413585 -10.661653 278.190498
v -28.413115 -10.661662 278.190577
v -28.413000 -10.522004 278.190000
v -28.413000 -10.887064 278.190000
v -28.413000 -10.662480 278.190000
v -28.413000 -10.661239 278.190000
v -28.411465 64.260109 275.836060
v -28.407356 22.487854 257.807526
v -28.407356 22.613829 257.630768
v -28.407124 58.930889 276.807709
v -28.387196 9.380022 275.829926
v -28.387163 -10.566565 278.060815
v -28.386342 -10.851467 278.056712
v -28.385123 -10.527538 278.050614
v -28.384729 22.582449 273.334595
v -28.384166 -10.873161 278.045831
v -28.382706 -9.571809 232.969330
v -28.382238 49.948708 275.721985
v -28.370564 41.255142 276.586853
v -28.367056 67.029648 275.812775
v -28.365091 49.862427 275.821136
v -28.363457 77.264732 257.137177
v -28.363457 77.558243 256.725311
v -28.346737 41.257793 276.083923
v -28.342445 22.614273 259.496887
v -28.337337 -9.907475 232.489807
v -28.330452 -5.835623 239.430618
v -28.327875 -13.979264 257.016790
v -28.327808 -10.808874 230.645920
v -28.327447 -13.979063 257.014146
v -28.326523 -13.978706 257.009516
v -28.326195 -13.978697 257.009568
v -28.326142 -13.978696 257.009534
v -28.326084 -13.978693 257.009648
v -28.326017 -13.978841 257.007107
v -28.317287 13.546894 271.693237
v -28.311947 74.861641 275.856689
v -28.309250 22.590851 271.741302
v -28.301750 64.184334 275.782074
v -28.301210 31.760780 271.612579
v -28.289593 12.324127 256.694916
v -28.284374 -7.928117 256.957977
v -28.284371 -10.570262 278.080570
v -28.280363 -10.849859 278.077160
v -28.273265 -10.527909 278.071121
v -28.272469 13.360949 241.974167
v -28.268470 -10.873545 278.067041
v -28.265831 58.970734 275.858856
v -28.264059 59.025806 275.815460
v -28.263365 40.712624 275.836517
v -28.263073 69.680824 275.812866
v -28.261715 -14.060718 278.061295
v -28.255375 49.786655 275.767151
v -28.252369 77.273148 256.677399
v -28.249662 50.076019 275.812714
v -28.242172 -1.869679 256.906372
v -28.239271 10.944004 257.577179
v -28.239271 10.944005 257.577179
v -28.237713 77.054642 256.676941
v -28.233492 59.025551 250.727249
v -28.218309 77.177147 249.315659
v -28.217911 -2.352847 257.076080
v -28.216644 22.376326 257.194946
v -28.215532 -4.990095 277.107452
v -28.212251 -10.867796 278.019213
v -28.210720 66.921684 275.735840
v -28.209734 40.827068 275.765839
v -28.208607 31.672230 256.889465
v -28.207561 4.165237 256.744507
v -28.206072 20.242710 256.740631
v -28.203948 -13.979005 257.332308
v -28.202141 68.163475 249.436462
v -28.200569 40.842159 256.760773
v -28.199968 4.188759 256.854767
v -28.199522 13.335169 256.615784
v -28.197582 32.108368 276.630829
v -28.195501 17.731173 256.816589
v -28.194553 61.357899 271.015686
v -28.194550 76.822906 249.314926
v -28.192064 -13.974006 257.276680
v -28.192044 -13.973995 257.276439
v -28.191484 22.379124 256.663849
v -28.191483 22.379124 256.663849
v -28.191048 74.763580 275.725494
v -28.189972 41.149529 276.006775
v -28.188951 10.823631 256.691772
v -28.188950 10.823629 256.691772
v -28.185249 77.276665 257.145691
v -28.185249 77.570175 256.733826
v -28.183460 -5.014751 256.978119
v -28.183445 31.675030 256.358398
v -28.182026 4.292610 265.667053
v -28.178381 67.928192 249.268784
v -28.178150 4.158501 271.996674
v -28.167812 4.288857 258.964966
v -28.167812 4.414833 258.788177
v -28.162210 58.914520 249.389587
v -28.161640 4.307953 258.995789
v -28.159775 4.262634 271.740448
v -28.153217 77.165184 257.110046
v -28.142651 4.291658 258.433868
v -28.141331 13.795415 276.704956
v -28.140419 77.327393 269.291992
v -28.135475 -6.508427 238.036057
v -28.133688 -13.973637 257.018792
v -28.133123 40.750809 242.568756
v -28.129457 77.167831 256.608521
v -28.126572 22.505543 258.353210
v -28.124746 -8.159822 257.049866
v -28.116005 9.286154 273.454651
v -28.116005 9.286155 273.454651
v -28.109493 72.424393 256.752014
v -28.107964 40.627632 242.214432
v -28.103947 22.600140 273.880280
v -28.096611 -9.262969 264.230957
v -28.094862 4.263079 273.606598
v -28.090933 57.851799 249.387360
v -28.082544 -2.101385 256.998260
v -28.067175 40.723969 272.923615
v -28.067169 4.300056 256.840576
v -28.064602 4.318754 256.947418
v -28.063324 77.567947 261.700500
v -28.062389 40.669563 242.428314
v -28.059132 13.469988 256.711884
v -28.058641 77.259163 269.553894
v -28.058641 77.332542 269.450928
v -28.057190 49.891529 256.803253
v -28.055953 -10.757267 277.886244
v -28.051094 10.168422 274.083374
v -28.051094 10.168423 274.083374
v -28.051090 22.513943 256.759949
v -28.049522 -6.661163 237.814255
v -28.045805 68.055511 249.359512
v -28.043055 31.557899 256.808014
v -28.042784 4.288496 272.089325
v -28.025932 22.516743 256.228851
v -28.025932 22.516745 256.228851
v -28.024605 22.961592 276.674805
v -28.022398 4.182371 265.588501
v -28.021914 15.323073 272.692474
v -28.020641 77.292496 257.200775
v -28.020641 77.649384 256.699982
v -28.019382 4.397453 271.836548
v -28.018522 4.291197 271.577240
v -28.013052 77.386696 269.098114
v -28.007042 77.582108 256.742310
v -28.003305 22.611340 271.755890
v -28.002258 4.300503 258.706726
v -28.000778 22.964241 276.171906
v -27.998138 -1.645347 273.257751
v -27.994221 4.274281 271.482208
v -27.989378 -7.908360 256.972046
v -27.983650 12.344618 256.709503
v -27.983648 22.422594 242.567932
v -27.978146 22.488163 271.401581
v -27.978146 22.488165 271.401581
v -27.970003 4.296597 270.553040
v -27.958359 52.744804 256.822968
v -27.954470 4.271923 273.879456
v -27.953159 72.316429 256.675079
v -27.952171 46.221809 256.705078
v -27.950768 61.404236 256.701416
v -27.942246 -14.118434 277.789508
v -27.940786 59.032516 256.773163
v -27.933590 -4.971211 277.120911
v -27.929815 40.677917 242.685974
v -27.929232 4.205814 257.380951
v -27.913235 22.488609 273.267700
v -27.911749 40.707649 270.258728
v -27.909216 27.136562 273.114960
v -27.903250 49.989208 271.723541
v -27.901176 36.180519 273.163025
v -27.893579 13.355659 256.630402
v -27.893456 4.132937 276.671328
v -27.892338 -8.019028 255.094131
v -27.888462 -4.994996 256.992188
v -27.887030 4.312366 265.681122
v -27.884686 40.769890 256.847107
v -27.884056 27.139362 272.583862
v -27.882299 -13.166034 277.738508
v -27.881521 15.331919 272.965332
v -27.874277 77.349106 267.444366
v -27.865778 77.272728 269.253052
v -27.864305 77.184540 257.123840
v -27.862770 -1.515349 273.350403
v -27.860380 22.528389 255.970596
v -27.849543 40.854347 274.275055
v -27.840546 77.187180 256.622314
v -27.825785 40.738033 273.940460
v -27.818096 22.560213 242.132904
v -27.816788 76.832939 256.621552
v -27.814180 77.448921 256.647400
v -27.810059 31.604168 242.180969
v -27.802021 52.636837 256.746033
v -27.802019 40.774097 242.052261
v -27.801523 -10.850768 277.669789
v -27.796824 72.089500 256.765045
v -27.796824 72.208466 256.598114
v -27.793028 71.363350 263.798767
v -27.793005 -11.396033 277.662541
v -27.792214 -12.063358 277.661869
v -27.784451 58.924553 256.696228
v -27.775011 -13.141473 277.647233
v -27.773064 71.735260 256.764313
v -27.769604 4.217041 257.131958
v -27.769604 4.338511 256.961487
v -27.769346 77.279510 269.102631
v -27.763758 17.387737 254.706024
v -27.763191 77.577660 266.675690
v -27.762272 22.631384 269.904358
v -27.761225 4.194572 257.031952
v -27.761225 4.320549 256.855194
v -27.759739 20.398020 256.851288
v -27.753094 -4.865000 257.084839
v -27.748535 77.359154 266.675232
v -27.747787 4.308252 272.103394
v -27.745150 22.534433 256.774536
v -27.736588 -13.947042 257.037750
v -27.732403 77.233940 257.115234
v -27.732403 77.527451 256.703369
v -27.731730 77.668732 256.713776
v -27.730560 13.585073 272.253540
v -27.730560 13.585074 272.253540
v -27.729073 40.622345 256.870667
v -27.729073 40.748322 256.693909
v -27.724140 77.287086 269.278839
v -27.719990 22.537233 256.243439
v -27.718504 27.276981 272.148865
v -27.717747 77.308945 256.702911
v -27.714027 -8.511921 234.926163
v -27.713440 4.417942 271.851135
v -27.709419 9.065897 271.698395
v -27.705402 13.461898 271.899200
v -27.700382 77.289734 268.777313
v -27.698589 -13.937182 230.579254
v -27.697361 22.631828 271.770508
v -27.693344 27.153807 271.794525
v -27.690811 15.220389 272.352753
v -27.689325 31.675783 271.818573
v -27.689325 31.675785 271.818573
v -27.688278 4.294769 271.496826
v -27.687719 -6.931217 237.975052
v -27.687572 77.284668 269.261566
v -27.681822 54.627747 272.763824
v -27.680241 13.716648 271.014557
v -27.672203 22.508656 271.416168
v -27.671555 -14.035124 243.353546
v -27.659931 -13.951584 261.660645
v -27.645689 40.870636 273.028137
v -27.641891 45.378792 272.716949
v -27.634384 41.066395 276.704742
v -27.633214 -14.512141 271.937229
v -27.629101 77.178696 267.439667
v -27.617144 40.699909 242.198242
v -27.615286 -13.933542 254.477280
v -27.611944 49.802910 256.740082
v -27.609976 4.228271 256.882935
v -27.595776 40.789238 256.860901
v -27.591141 77.291443 269.111115
v -27.583836 -6.471482 238.062393
v -27.575394 77.203888 257.137634
v -27.567806 77.298080 269.034973
v -27.565334 -11.422934 271.686920
v -27.565010 13.722692 271.818512
v -27.565010 13.848667 271.641754
v -27.562410 -15.561940 230.577143
v -27.561619 72.321587 266.747009
v -27.561150 -6.809671 238.061676
v -27.556969 36.245941 252.952194
v -27.556831 68.103523 242.094238
v -27.555141 -13.966070 271.930634
v -27.554436 22.422905 256.161957
v -27.551636 77.206528 256.636108
v -27.547888 4.303614 271.769653
v -27.541016 77.300972 266.167999
v -27.535469 59.032810 269.610413
v -27.531811 22.643475 271.512238
v -27.530880 -13.841904 271.248108
v -27.514370 -10.898710 254.326981
v -27.507912 72.227814 256.611908
v -27.506924 46.133194 256.641937
v -27.502630 27.168251 271.005188
v -27.501583 12.258732 253.183212
v -27.500301 -7.988472 253.059845
v -27.495539 58.943901 256.710022
v -27.485558 45.389790 272.473083
v -27.484152 71.754608 256.778107
v -27.479368 49.930225 256.830811
v -27.477615 41.196709 276.292816
v -27.477470 27.171053 270.474091
v -27.474609 -5.844964 271.292938
v -27.473452 31.693029 270.498138
v -27.473284 77.205193 244.208282
v -27.465412 40.736984 270.546173
v -27.461403 32.038910 276.581329
v -27.449007 77.192337 266.694244
v -27.439440 40.681274 256.783936
v -27.438206 -8.493448 234.939331
v -27.436089 77.378128 267.620300
v -27.426092 -6.568367 271.291412
v -27.422770 -13.918709 230.592422
v -27.411469 77.309082 268.791107
v -27.407137 -14.038382 253.374542
v -27.406162 77.208710 244.676559
v -27.401831 -6.930068 271.290649
v -27.399454 27.087658 252.822662
v -27.395435 31.609634 252.846695
v -27.392643 40.769089 276.760010
v -27.391418 22.526344 271.961884
v -27.383381 31.696274 271.833160
v -27.380011 4.214643 270.751648
v -27.370554 52.672050 253.750641
v -27.366257 22.529144 271.430786
v -27.337078 27.179897 270.746948
v -27.336031 12.270376 252.924973
v -27.325428 49.908947 271.918060
v -27.312538 -9.444790 260.503265
v -27.309334 -8.269842 277.251060
v -27.307899 31.704676 270.239868
v -27.307436 -14.116726 277.249445
v -27.298813 13.367615 269.966187
v -27.295078 77.217133 244.216782
v -27.292671 77.322296 266.283447
v -27.290777 22.537544 269.837494
v -27.281704 45.525036 271.059235
v -27.281034 77.318062 266.335449
v -27.274061 -0.096210 277.221052
v -27.270313 77.131683 244.752533
v -27.268887 -4.972312 277.216650
v -27.267921 68.122871 242.108032
v -27.266253 40.695175 276.354034
v -27.262366 -0.834785 277.211102
v -27.246557 59.052158 269.624207
v -27.246555 77.134323 244.251007
v -27.245960 13.407394 252.669083
v -27.231430 1.149042 277.184784
v -27.220506 -1.027945 277.175490
v -27.220383 4.225872 270.502655
v -27.213913 77.321579 266.803711
v -27.211911 4.268866 277.168178
v -27.207615 77.325363 267.544159
v -27.196876 4.259462 277.155387
v -27.181465 63.560738 271.075287
v -27.171482 61.307980 270.980103
v -27.167606 77.318840 269.596436
v -27.158424 13.376459 270.239044
v -27.146948 -13.900238 230.605591
v -27.126354 71.511688 270.952271
v -27.125225 22.549189 269.579254
v -27.125225 22.549191 269.579224
v -27.122559 77.328430 268.804901
v -27.108299 4.228509 277.080031
v -27.100065 22.677963 268.871368
v -27.090322 -1.902178 251.486053
v -27.090221 58.944195 269.547272
v -27.082630 65.819206 271.929657
v -27.077436 31.716764 271.847778
v -27.074053 50.049480 269.501129
v -27.073000 4.216176 277.050000
v -27.069399 40.760719 271.895844
v -27.069397 40.760719 271.895844
v -27.064186 58.938454 276.459778
v -27.044239 40.763519 271.364746
v -27.038754 32.066689 276.853516
v -27.035486 -11.107960 253.920853
v -27.027519 77.339005 266.798767
v -27.003761 77.222687 266.464172
v -26.991852 0.006495 268.523743
v -26.989983 77.217819 269.229492
v -26.989983 77.336777 269.062561
v -26.987820 59.025944 276.875427
v -26.981659 -4.965981 272.176331
v -26.979012 68.023262 242.288742
v -26.946194 -13.987082 243.644791
v -26.945274 45.430714 270.236908
v -26.939274 79.981918 262.955048
v -26.924377 -10.616262 254.014252
v -26.924377 -10.616261 254.014252
v -26.921513 45.433357 269.735352
v -26.906437 -13.913486 267.598969
v -26.903134 -13.981203 258.290904
v -26.900116 -10.856496 253.843048
v -26.897755 45.436005 269.233826
v -26.893955 49.944160 268.922668
v -26.886854 4.151136 276.891637
v -26.873993 45.319683 268.899231
v -26.857407 77.226166 269.487122
v -26.833647 77.347778 268.818665
v -26.831211 -14.115362 250.749603
v -26.831211 -13.993896 250.579147
v -26.799202 -4.906455 249.602066
v -26.786568 -14.097321 243.566238
v -26.771069 -14.026424 268.032501
v -26.765175 58.887016 250.628525
v -26.764940 40.702526 249.464539
v -26.764751 -10.240633 253.253906
v -26.746807 -14.023726 267.520416
v -26.742931 -9.299152 267.032257
v -26.738609 76.049774 268.648773
v -26.716228 -10.356701 252.400177
v -26.692230 4.140869 276.982483
v -26.690102 68.042610 242.302536
v -26.687790 79.561737 262.034576
v -26.687790 79.781876 261.725677
v -26.687712 40.832680 265.198181
v -26.683338 49.889721 276.900482
v -26.680344 4.184116 249.912262
v -26.680344 4.305584 249.741821
v -26.664635 79.927261 262.916077
v -26.656082 4.186815 249.400162
v -26.631538 4.286398 249.367569
v -26.631199 59.088631 271.915558
v -26.624550 40.711372 249.737381
v -26.620668 79.858772 262.090973
v -26.607437 59.091278 271.414032
v -26.607426 31.544241 249.334991
v -26.607426 31.670216 249.158218
v -26.606888 -4.995884 276.120789
v -26.606380 4.163223 249.013245
v -26.599388 40.714172 249.206284
v -26.598343 13.333155 248.884537
v -26.590303 22.377110 248.932602
v -26.590303 22.377111 248.932602
v -26.587181 -14.012497 267.271423
v -26.573620 49.813950 276.846497
v -26.569273 4.148950 277.061677
v -26.568909 49.886982 250.003922
v -26.567926 -14.137795 276.237976
v -26.546408 -10.945134 249.667755
v -26.532341 -10.342772 251.639069
v -26.520714 4.195343 249.663254
v -26.520714 4.316811 249.492813
v -26.518276 -12.169749 257.019287
v -26.516479 4.154181 276.255096
v -26.516479 4.270271 276.092194
v -26.496454 4.198044 249.151169
v -26.495987 4.629009 276.482544
v -26.487694 -14.090208 249.739487
v -26.486427 79.939194 262.924591
v -26.481627 13.417883 272.134369
v -26.479946 -5.005466 249.274506
v -26.479946 -4.883998 249.104050
v -26.473852 6.435947 277.019267
v -26.472469 64.009331 249.496506
v -26.472164 4.750954 275.812256
v -26.470364 20.856923 277.017718
v -26.468323 -4.193125 266.558929
v -26.468147 4.771331 277.016732
v -26.465988 4.172070 249.286087
v -26.463436 -14.087507 249.227402
v -26.457951 13.341999 249.157394
v -26.457512 40.675724 272.101807
v -26.451884 22.881897 277.009504
v -26.449913 22.385954 249.205460
v -26.449913 22.385956 249.205444
v -26.449913 22.511929 249.028687
v -26.449913 22.511930 249.028687
v -26.442627 4.266670 275.928894
v -26.441874 31.555885 249.076752
v -26.441874 31.681858 248.899979
v -26.441874 31.681862 248.899979
v -26.438725 61.283371 249.567505
v -26.433836 40.725815 248.948044
v -26.432116 26.706517 277.000718
v -26.430044 32.023907 276.999797
v -26.428743 59.030613 249.472321
v -26.427902 41.149307 275.754211
v -26.427288 14.544144 275.869019
v -26.426224 41.146813 276.998100
v -26.426119 -4.936839 276.052216
v -26.419300 22.950340 276.666779
v -26.411688 32.110794 275.875366
v -26.411421 40.591866 276.991520
v -26.409611 -14.018882 276.005127
v -26.405930 -13.933912 257.049618
v -26.405335 4.771885 276.988816
v -26.400139 -13.931087 257.015602
v -26.396404 40.765343 250.047775
v -26.395475 22.952991 276.163879
v -26.392338 77.238617 262.863129
v -26.388815 49.781662 249.425446
v -26.388815 49.900623 249.258514
v -26.372646 40.767990 249.546249
v -26.372611 38.219027 276.974272
v -26.371649 22.836353 275.828339
v -26.371649 22.955643 275.660950
v -26.359951 41.151322 276.968645
v -26.359844 4.374815 275.818573
v -26.355434 13.797842 275.949493
v -26.355228 59.024898 276.966546
v -26.348454 -10.328843 250.877975
v -26.348314 4.163976 276.963473
v -26.345253 6.511230 275.741821
v -26.343950 40.731372 276.961533
v -26.343767 22.588703 275.737946
v -26.339222 4.759327 276.070618
v -26.337963 58.918672 276.958872
v -26.335728 31.632658 275.786011
v -26.334150 57.504735 276.957178
v -26.333114 58.697251 276.956717
v -26.327690 40.802589 275.657318
v -26.326190 61.742076 276.953640
v -26.325596 4.306889 249.382172
v -26.325189 22.876109 276.953195
v -26.324949 -4.977002 276.134247
v -26.324192 -10.447612 250.536331
v -26.324192 -10.447611 250.536331
v -26.318787 41.155029 276.515503
v -26.316120 57.521783 276.949164
v -26.314550 39.475229 276.948467
v -26.313766 77.205574 246.226913
v -26.310184 61.236080 276.684021
v -26.309521 22.520775 249.301529
v -26.308220 79.951126 262.933105
v -26.305843 58.908832 276.944597
v -26.304884 13.810380 276.944170
v -26.299932 -10.566379 250.194687
v -26.292374 63.904011 248.918030
v -26.291960 40.813347 271.666779
v -26.290844 63.900837 276.816559
v -26.286186 40.726391 272.170227
v -26.281666 49.833349 276.933852
v -26.280987 71.242485 256.664856
v -26.275673 -10.928078 250.193924
v -26.274782 63.536252 276.930792
v -26.274115 46.418785 276.930496
v -26.271299 63.526536 276.929244
v -26.267940 58.907635 276.927751
v -26.265720 4.169593 276.926764
v -26.262972 53.379815 276.925543
v -26.260543 41.175416 276.924464
v -26.256668 63.934769 276.922741
v -26.256298 -4.796474 272.297150
v -26.253155 58.909279 276.615662
v -26.249979 4.333868 250.018982
v -26.248648 58.925293 248.893845
v -26.248648 63.564796 242.383621
v -26.247246 72.323296 251.394119
v -26.234838 58.909886 276.913039
v -26.234537 4.173063 276.268555
v -26.232481 49.911621 249.014648
v -26.229671 68.023430 266.201019
v -26.224307 -4.155495 276.908359
v -26.223488 61.381474 266.250061
v -26.220247 -4.971597 276.906554
v -26.219692 59.108822 275.453857
v -26.218758 -4.971431 276.875122
v -26.218297 4.729563 276.905688
v -26.217967 -5.429996 276.905541
v -26.209842 -7.063285 276.901930
v -26.198196 22.902467 276.896754
v -26.192551 40.662666 248.967773
v -26.185947 77.201141 246.312286
v -26.185204 4.315733 249.655014
v -26.176048 -14.094174 276.886910
v -26.174564 75.855423 266.244904
v -26.168377 62.432652 275.808929
v -26.167120 61.247509 275.808929
v -26.165495 40.706638 276.882220
v -26.160046 4.192558 249.300690
v -26.159607 31.652258 272.068329
v -26.159420 40.685444 276.700378
v -26.156605 -13.994672 276.339966
v -26.153053 40.617531 249.670502
v -26.153053 40.743507 249.493744
v -26.152487 58.998730 276.876439
v -26.148361 4.770444 276.874605
v -26.147378 63.910339 276.874168
v -26.143969 22.406445 249.220062
v -26.143969 22.406446 249.220047
v -26.143440 58.917000 276.444489
v -26.141123 -10.997687 276.871388
v -26.136679 41.166504 276.869413
v -26.133770 60.750298 275.807861
v -26.131123 -4.917084 276.066315
v -26.130840 64.095894 275.735687
v -26.129852 40.856350 271.759399
v -26.128448 53.064739 275.928986
v -26.126074 40.772644 275.879303
v -26.121346 14.564634 275.883606
v -26.118080 49.846680 275.809937
v -26.116043 -11.159784 250.285812
v -26.114431 63.498539 275.823273
v -26.110092 58.920708 275.740540
v -26.110092 59.004196 275.623413
v -26.110051 -13.923809 257.029373
v -26.109890 40.752419 265.392670
v -26.107080 63.622688 275.901886
v -26.105307 13.772433 276.855470
v -26.103220 22.883990 276.854542
v -26.097099 61.369930 275.806702
v -26.093160 9.466216 276.850071
v -26.089552 13.695303 276.633606
v -26.087116 58.998211 275.878448
v -26.087116 59.117172 275.711517
v -26.081974 4.183794 276.030548
v -26.076939 77.224030 244.998001
v -26.073338 61.015690 275.805939
v -26.066193 -4.960699 276.637146
v -26.066092 4.226330 249.428329
v -26.065727 13.817244 275.963318
v -26.063648 -12.260231 256.954803
v -26.062279 77.299042 244.585678
v -26.050724 17.525332 276.831210
v -26.050579 77.260857 263.189484
v -26.050415 -13.756916 276.755035
v -26.050398 58.922859 276.625336
v -26.048040 4.748684 276.830018
v -26.043007 -4.958119 276.147705
v -26.041470 77.231934 242.364227
v -26.039597 59.003502 274.875366
v -26.038063 63.919983 275.770325
v -26.031410 40.693775 276.822627
v -26.031017 40.854546 275.785431
v -26.029787 31.653147 275.800598
v -26.029079 41.174431 276.529327
v -26.026366 58.963239 276.820385
v -26.023426 67.953033 249.789902
v -26.021748 40.823074 275.671906
v -26.019761 -13.733457 276.817450
v -26.013447 47.023300 275.902557
v -26.013445 47.023300 275.902557
v -26.012433 -13.770755 276.814192
v -26.011600 31.958725 276.813822
v -26.011279 32.017948 276.813680
v -26.005705 -13.763606 276.811202
v -25.987499 40.755150 249.235489
v -25.974918 40.793045 250.319229
v -25.965214 32.021935 275.812042
v -25.959738 58.825680 249.074570
v -25.959738 58.825684 249.074570
v -25.955791 14.450304 275.802124
v -25.937030 58.976307 276.780680
v -25.932785 13.825618 276.221680
v -25.931909 22.906498 276.778404
v -25.927399 40.679375 249.483093
v -25.926987 65.777641 272.151764
v -25.919274 41.181287 276.772789
v -25.908962 13.708982 275.886169
v -25.906684 41.182143 276.767193
v -25.898918 6.666540 275.852509
v -25.897038 77.220490 246.326065
v -25.893367 40.557620 276.761274
v -25.892748 4.670467 276.007294
v -25.892748 4.789757 275.839905
v -25.890850 64.987343 254.220779
v -25.888348 4.280975 275.751709
v -25.887890 81.554649 244.358002
v -25.883263 59.014496 274.631500
v -25.880871 49.886730 272.153931
v -25.875668 77.190857 261.155640
v -25.873276 77.223137 245.824539
v -25.872372 77.272789 263.197998
v -25.872272 22.494862 275.671082
v -25.870029 79.980148 263.109039
v -25.866227 40.753961 276.749212
v -25.856098 32.146950 276.405914
v -25.852634 4.306183 275.957031
v -25.848488 41.188110 275.781860
v -25.845067 59.019634 276.739808
v -25.839539 53.084087 275.942749
v -25.837971 60.936714 275.764069
v -25.836126 -4.897327 276.080383
v -25.835741 72.700371 254.431625
v -25.832273 32.030312 276.070404
v -25.831727 -15.544768 230.947074
v -25.821049 -13.933769 254.220108
v -25.819616 -13.979369 276.033295
v -25.818630 63.684956 275.779480
v -25.818169 63.760998 275.748718
v -25.816059 22.991795 276.191528
v -25.811981 72.703011 253.930084
v -25.805609 49.784489 275.765594
v -25.792234 22.875158 275.856018
v -25.786777 77.290215 257.621124
v -25.784428 61.035042 275.819733
v -25.774601 4.208338 254.109756
v -25.770652 62.703979 276.706734
v -25.770649 71.260864 264.229156
v -25.757467 77.220100 257.105377
v -25.753098 59.003205 276.698932
v -25.750781 63.937309 276.697902
v -25.750687 59.022850 274.889160
v -25.750687 59.141811 274.722229
v -25.746469 22.382887 273.192352
v -25.742809 77.295105 256.693054
v -25.742107 40.873894 275.799225
v -25.740702 71.283409 254.428650
v -25.726925 59.025494 274.387634
v -25.713413 40.798642 276.681295
v -25.712566 49.873837 275.829285
v -25.709351 77.209366 257.644958
v -25.708818 82.199440 256.617157
v -25.704575 58.947868 275.759918
v -25.690346 77.517136 257.161774
v -25.689388 68.183311 263.797882
v -25.685593 64.007271 275.672546
v -25.685591 77.212013 257.143402
v -25.683203 52.976120 275.865814
v -25.683203 53.095081 275.698883
v -25.668601 -15.547294 230.957026
v -25.661835 63.534073 275.838715
v -25.661034 77.447014 256.646057
v -25.654659 49.950317 249.042236
v -25.654017 40.791284 276.654897
v -25.653324 43.576885 276.654588
v -25.651890 61.198898 275.774261
v -25.651852 61.281315 275.743530
v -25.649987 49.876306 276.653105
v -25.647105 58.951320 276.651824
v -25.645629 58.101758 276.651168
v -25.644882 58.950020 276.644684
v -25.641869 58.909595 275.815277
v -25.641869 59.028557 275.648346
v -25.639499 -15.551774 230.915789
v -25.636198 49.877842 276.362061
v -25.632549 63.947140 275.789673
v -25.617069 77.231773 256.026886
v -25.612387 82.059464 256.672668
v -25.611469 -13.962741 274.760101
v -25.610840 40.724030 275.844666
v -25.601276 -7.395849 262.220459
v -25.599527 14.602367 274.577759
v -25.599199 63.449928 275.788635
v -25.594959 -14.056222 262.100098
v -25.594349 59.033844 274.645294
v -25.590553 62.471352 275.836487
v -25.579258 77.232033 257.113861
v -25.577015 -7.636084 262.049255
v -25.571835 4.309420 272.306885
v -25.571835 4.435396 272.130127
v -25.568199 46.934681 275.839417
v -25.564604 77.307037 256.701538
v -25.545267 82.356506 256.729095
v -25.539680 40.737194 272.145599
v -25.529255 77.223007 256.899536
v -25.524044 31.617353 249.120560
v -25.509293 72.360611 257.209961
v -25.490847 22.523752 274.092377
v -25.475552 58.928104 272.304596
v -25.461773 59.042198 274.902954
v -25.459383 50.033394 272.258453
v -25.448835 82.289909 256.681641
v -25.438015 59.044842 274.401428
v -25.430363 77.314087 257.638123
v -25.424206 77.318718 255.623062
v -25.420439 77.228714 257.658722
v -25.409550 77.246971 255.416672
v -25.406284 4.321068 272.048645
v -25.396679 77.231361 257.157196
v -25.390205 22.660927 271.791229
v -25.380512 72.381348 251.435486
v -25.374130 40.874813 271.710602
v -25.372921 77.234009 256.655670
v -25.365746 49.969666 249.056015
v -25.363560 4.226070 272.044830
v -25.345779 49.865730 242.689285
v -25.342976 59.055420 272.395325
v -25.329197 72.255287 256.631500
v -25.319275 77.249115 257.281311
v -25.319216 59.058064 271.893799
v -25.305439 59.053196 274.659088
v -25.305437 71.782089 256.797699
v -25.300135 22.538197 273.303040
v -25.297846 77.229553 261.183228
v -25.295456 66.079445 261.543457
v -25.292097 31.708126 273.174347
v -25.291660 70.349678 261.566132
v -25.277882 72.367157 261.493652
v -25.265892 4.329910 272.321503
v -25.263119 40.795437 271.967712
v -25.260309 71.279251 271.793457
v -25.255974 82.083336 256.689667
v -25.242214 8.915092 242.804016
v -25.241776 31.587753 272.288910
v -25.241318 81.864838 256.689209
v -25.239357 58.999207 245.926041
v -25.222845 77.549416 256.719025
v -25.219433 -13.932185 272.725800
v -25.218100 31.637844 249.135147
v -25.210062 40.681801 249.183212
v -25.199013 72.588249 271.719482
v -25.192825 77.366608 255.743347
v -25.179741 77.214966 243.128433
v -25.162880 58.950100 271.816833
v -25.159542 82.016739 256.642212
v -25.158257 40.892059 270.390167
v -25.126411 77.336060 256.877502
v -25.125500 4.338757 272.594330
v -25.117462 13.508686 272.465637
v -25.111757 77.264313 256.671112
v -25.109423 22.552641 272.513702
v -25.109421 22.552641 272.513702
v -25.101383 31.722572 272.385010
v -25.100338 4.215580 272.240021
v -25.093346 40.766529 272.433044
v -25.092823 4.243128 272.571014
v -25.092421 82.313774 256.698639
v -25.076317 -4.838914 272.523895
v -25.076225 31.725372 271.853912
v -25.072643 13.322740 242.746567
v -25.072437 -0.114341 272.035736
v -25.063110 81.876770 256.697723
v -25.061657 50.058449 273.031433
v -25.055929 -9.317852 272.159088
v -25.052619 -13.911852 256.992699
v -25.037895 49.823170 272.863770
v -25.016525 71.920395 256.644531
v -25.015326 77.271103 256.520691
v -25.004154 46.978249 273.101685
v -25.001534 77.226898 243.136932
v -24.997967 40.812141 272.483032
v -24.967545 40.780529 269.777588
v -24.966679 81.810173 256.650269
v -24.962765 -13.910156 270.428436
v -24.960426 59.011040 249.206665
v -24.958460 22.443468 269.503906
v -24.958036 40.842194 259.415680
v -24.956703 85.862885 243.236267
v -24.955229 71.444969 259.074524
v -24.942383 40.657356 269.423248
v -24.942383 40.783329 269.246490
v -24.933550 77.276253 256.679596
v -24.928089 40.745773 249.782120
v -24.927675 65.844040 272.450775
v -24.927391 85.425880 243.235352
v -24.920195 27.149467 242.737976
v -24.912155 36.193424 242.786041
v -24.910673 31.611042 271.772430
v -24.907709 72.401955 256.736023
v -24.904331 40.748417 249.280594
v -24.896301 -9.428091 272.080536
v -24.890450 77.235313 242.677155
v -24.881561 49.834167 272.619904
v -24.881561 49.953133 272.452972
v -24.881561 50.072090 272.286041
v -24.879169 40.706402 270.142303
v -24.876427 13.402757 270.790863
v -24.876427 13.402758 270.790863
v -24.872042 -9.303925 271.397980
v -24.863983 77.059128 243.190598
v -24.860271 85.869667 243.085846
v -24.857800 49.836811 272.118347
v -24.830959 85.432663 243.084930
v -24.824804 77.292297 252.499069
v -24.811518 14.536974 271.066071
v -24.811518 14.662949 270.889313
v -24.803137 -13.898928 270.179443
v -24.801285 72.732269 272.325531
v -24.795097 77.272705 256.683258
v -24.783825 4.244026 268.795197
v -24.782724 65.773216 254.277420
v -24.778931 58.980026 269.824524
v -24.771338 76.918465 256.682526
v -24.765154 59.094116 272.422882
v -24.744421 -7.569572 256.956482
v -24.739113 4.275955 268.225281
v -24.736036 13.411604 271.063721
v -24.736034 13.411603 271.063721
v -24.731407 77.186440 243.281326
v -24.722832 40.955322 269.564575
v -24.712414 -9.292696 271.148987
v -24.709969 -4.886926 249.358978
v -24.707649 77.189087 242.779785
v -24.702221 -13.900772 274.290253
v -24.699074 40.839005 269.229980
v -24.686760 40.672241 270.500061
v -24.686760 40.798218 270.323273
v -24.682903 40.866409 256.664185
v -24.677704 49.969414 271.206024
v -24.667408 79.499321 251.743011
v -24.657574 -4.894169 254.493973
v -24.646355 59.107338 269.915253
v -24.645123 77.250763 243.153946
v -24.643433 4.378847 268.891266
v -24.641504 -13.983276 257.805728
v -24.638762 77.164742 256.606323
v -24.622593 68.151062 256.727112
v -24.622292 13.464937 249.244995
v -24.615372 -12.925907 274.213959
v -24.614250 22.508892 249.293060
v -24.606213 31.552849 249.341125
v -24.575073 77.078476 243.204376
v -24.567486 65.752357 271.126923
v -24.557800 82.349579 256.724152
v -24.549343 8.904068 270.250336
v -24.542789 13.334250 254.216232
v -24.534035 77.259186 242.694168
v -24.520775 -0.072558 269.752441
v -24.512125 22.598778 269.614563
v -24.511078 4.161964 256.742157
v -24.508064 -8.749988 234.996811
v -24.506199 77.242538 251.532043
v -24.505695 -14.089150 254.880402
v -24.504265 -12.312744 274.136902
v -24.504265 -9.276068 269.875793
v -24.504087 31.642733 269.662628
v -24.503044 4.387691 269.164124
v -24.503040 13.457870 256.436707
v -24.500000 70.650101 256.746094
v -24.496048 40.686687 269.710693
v -24.496048 40.812660 269.533936
v -24.480705 77.233528 256.649170
v -24.469841 22.504625 255.953659
v -24.469622 -13.917895 257.020895
v -24.467224 -13.917929 257.021011
v -24.466259 59.120979 269.169861
v -24.459620 -13.995239 269.339783
v -24.457680 40.853065 270.246826
v -24.455742 -0.767975 256.920471
v -24.449425 -7.549816 256.970581
v -24.449396 -13.776343 274.346310
v -24.444118 4.295712 268.239349
v -24.431188 -12.925366 274.264033
v -24.427793 -12.877168 274.248694
v -24.425167 -13.984868 265.492035
v -24.418737 77.208435 242.793579
v -24.412971 5.398735 269.084991
v -24.408164 -12.319498 274.159998
v -24.402949 -12.290708 274.136437
v -24.397032 -13.266008 270.116455
v -24.391182 71.250618 256.670624
v -24.389196 -12.207749 274.074292
v -24.386614 77.321327 252.675003
v -24.382965 -12.785113 272.258240
v -24.382965 -12.785111 272.258240
v -24.378284 40.726913 254.279724
v -24.377241 4.401691 266.508636
v -24.377239 4.401691 266.508636
v -24.372772 -13.992111 270.627045
v -24.371338 4.303810 266.703064
v -24.370247 40.700691 267.055237
v -24.370247 40.826668 266.878448
v -24.367426 61.498405 269.857300
v -24.357443 59.007729 270.095978
v -24.357441 72.331429 251.399918
v -24.347460 66.271896 256.646454
v -24.346462 82.377052 250.378128
v -24.345492 -13.985038 256.384395
v -24.345085 40.703491 266.524139
v -24.344120 85.011032 250.392120
v -24.337490 4.399336 268.905884
v -24.333683 68.170410 256.740906
v -24.325104 40.861416 270.504486
v -24.317390 40.740471 249.758118
v -24.310184 -13.870216 272.255951
v -24.309925 59.013016 269.092896
v -24.305336 40.827106 268.744598
v -24.293755 58.921463 256.694031
v -24.293755 59.040424 256.527100
v -24.292233 27.138000 268.318176
v -24.292233 40.743271 249.227020
v -24.288214 31.659977 268.342194
v -24.287357 -14.064852 250.271576
v -24.286161 77.097824 243.218170
v -24.279129 13.448893 267.891754
v -24.277584 40.747742 269.668365
v -24.275192 40.780022 254.337250
v -24.268589 77.318497 251.681763
v -24.263094 -13.697750 249.248154
v -24.262402 77.100464 242.716644
v -24.255344 -14.087435 262.077850
v -24.253826 40.750389 269.166840
v -24.238834 -14.059450 249.247391
v -24.237656 40.658833 256.767944
v -24.234848 74.830460 251.418900
v -24.217274 77.311401 256.710846
v -24.211088 74.714142 251.084305
v -24.201107 59.018723 269.852081
v -24.201107 68.416687 256.664703
v -24.193516 76.957161 256.710083
v -24.192757 -13.965541 263.706757
v -24.182545 48.490822 256.811859
v -24.178692 -14.091980 266.700745
v -24.170452 22.378073 265.992218
v -24.164623 -13.003747 267.990295
v -24.153585 77.225136 243.308899
v -24.149792 76.736908 250.008759
v -24.149120 4.315468 268.253418
v -24.139811 62.825912 266.272614
v -24.135027 40.763607 266.659180
v -24.132612 -4.766575 268.206329
v -24.129826 77.227783 242.807373
v -24.119976 -4.968880 249.557587
v -24.112255 77.091568 251.771744
v -24.112228 -12.403656 272.273071
v -24.112228 -12.403654 272.273071
v -24.100541 -12.256194 272.769999
v -24.097500 31.674423 267.552856
v -24.097500 40.744602 254.825424
v -24.084842 -12.809203 272.699066
v -24.084091 -4.882640 267.352600
v -24.078514 64.015945 266.365570
v -24.076340 4.323568 266.717163
v -24.075333 -13.939398 254.987122
v -24.072342 31.551249 267.198547
v -24.072342 31.677223 267.021759
v -24.071297 4.422180 266.523254
v -24.071297 4.422182 266.523254
v -24.067581 -13.964684 267.305481
v -24.067581 -13.843216 267.135040
v -24.067581 -4.854656 254.522141
v -24.066139 58.940392 254.945572
v -24.063707 -9.361578 266.987762
v -24.062344 63.567509 254.467484
v -24.046175 57.765800 250.081192
v -24.044773 61.408951 266.269653
v -24.023272 -12.405816 272.420857
v -24.020065 -12.216608 272.406366
v -24.008915 27.063896 252.805725
v -24.005079 -12.804260 272.338653
v -24.005079 -12.804261 272.338653
v -24.004415 -12.995790 272.335652
v -24.001323 -13.885867 272.321681
v -24.001045 67.969513 250.053345
v -24.001045 67.969513 250.053360
v -23.999119 -12.396150 272.311723
v -23.999119 -12.396148 272.311723
v -23.996619 -12.434977 272.300429
v -23.994328 31.593828 249.370331
v -23.984879 45.513176 269.037140
v -23.984877 58.955833 250.174149
v -23.984608 -4.960352 249.820663
v -23.979738 22.518494 265.026093
v -23.979679 77.218887 251.862473
v -23.978693 40.774605 266.415314
v -23.957323 49.905014 268.391357
v -23.954578 22.521294 264.494995
v -23.948723 -4.874112 267.615662
v -23.937357 58.842163 249.338028
v -23.932215 -13.956156 267.568573
v -23.932215 -12.984420 266.205017
v -23.931950 31.686069 267.294617
v -23.929768 63.694824 254.558212
v -23.922176 63.907986 266.288635
v -23.909801 58.951385 254.701706
v -23.909760 8.982027 253.513535
v -23.906010 63.578506 254.223618
v -23.905745 4.307850 266.441772
v -23.905743 4.307852 266.441772
v -23.902771 36.336819 266.610779
v -23.898752 40.606850 266.988342
v -23.898752 40.732826 266.811584
v -23.892231 65.358063 254.484985
v -23.892131 -14.595462 250.346093
v -23.877609 36.213646 266.256470
v -23.876564 18.028784 253.030502
v -23.874657 77.236969 246.589523
v -23.867198 -13.604146 270.440862
v -23.861973 22.558718 249.595123
v -23.849239 -7.502631 253.663086
v -23.823341 77.348839 251.451675
v -23.818840 -13.130892 270.212749
v -23.818560 58.974346 246.663452
v -23.813000 -13.396094 270.350000
v -23.807580 -13.642194 270.477364
v -23.804596 -5.784050 244.093506
v -23.804596 -5.784049 244.093506
v -23.794403 -8.205721 244.166763
v -23.794403 -8.205717 244.166763
v -23.790512 13.384076 254.518280
v -23.782475 22.554007 254.389572
v -23.781345 4.343323 266.731232
v -23.780334 -14.041109 255.171646
v -23.766396 40.767891 254.308929
v -23.765841 72.841103 253.525085
v -23.764835 -4.860183 266.854584
v -23.763866 22.535740 263.705658
v -23.763866 22.661713 263.528870
v -23.753468 58.962383 254.457840
v -23.743486 58.969898 251.190994
v -23.739057 -13.112247 270.226036
v -23.730383 4.138748 250.393936
v -23.729708 49.804985 266.809845
v -23.728134 18.011404 266.078857
v -23.728134 18.137379 265.902069
v -23.724115 22.407410 266.279663
v -23.724115 22.533382 266.102875
v -23.722630 40.752426 263.093903
v -23.721581 22.567562 249.867966
v -23.720095 27.181335 265.950134
v -23.713543 40.791309 266.930634
v -23.712496 4.230501 249.594284
v -23.712059 36.225288 265.998199
v -23.705505 40.655472 249.964096
v -23.704460 13.400430 249.465576
v -23.702152 63.594791 252.976685
v -23.698412 85.128632 249.854904
v -23.696421 22.444389 249.513641
v -23.696419 22.444387 249.513641
v -23.688383 31.614317 249.384933
v -23.686972 72.705307 264.251709
v -23.682188 58.970314 252.953247
v -23.674599 59.064514 264.850586
v -23.673796 22.538982 265.040680
v -23.669228 -5.654055 244.186142
v -23.668411 68.125488 242.865021
v -23.662945 85.430038 246.809265
v -23.662224 44.709949 266.451050
v -23.648634 22.541782 264.509583
v -23.640856 67.996796 248.562561
v -23.639454 71.996826 264.250214
v -23.638466 44.593632 266.116455
v -23.633266 63.927334 266.302429
v -23.627081 59.069801 263.847534
v -23.627079 65.731651 254.499512
v -23.624582 -14.017237 248.763458
v -23.597134 49.932297 266.900574
v -23.597132 49.932297 266.900574
v -23.592009 81.556778 246.998917
v -23.591934 71.288345 264.248718
v -23.579693 77.163353 249.146729
v -23.558880 77.242996 246.719360
v -23.557205 40.802307 266.686768
v -23.549612 58.978668 253.210907
v -23.545816 63.605789 252.732819
v -23.542023 59.072868 265.108246
v -23.542023 68.113953 252.421646
v -23.542021 68.113945 252.421646
v -23.525364 31.717758 265.184845
v -23.523462 40.812462 262.918396
v -23.519791 -3.464090 244.204773
v -23.518261 67.997635 252.087051
v -23.515869 58.988827 249.442535
v -23.514465 77.264252 245.098724
v -23.514048 85.878983 246.818680
v -23.508167 -4.838156 264.557190
v -23.507294 40.720909 250.519531
v -23.504292 -0.235052 264.239471
v -23.495140 8.861520 264.356018
v -23.495140 8.861521 264.356018
v -23.491121 13.383499 264.380066
v -23.490707 71.556740 252.609787
v -23.490707 71.675705 252.442856
v -23.484737 85.441971 246.817780
v -23.484568 13.404566 254.532883
v -23.484566 13.404566 254.532883
v -23.475147 -8.669131 244.350525
v -23.470745 59.080799 263.603668
v -23.465960 13.260323 264.025726
v -23.461081 -14.140120 254.844086
v -23.460110 82.451996 242.979126
v -23.453949 77.246773 248.274628
v -23.447792 77.251404 246.259583
v -23.439297 77.175026 248.068253
v -23.435389 4.158504 250.408020
v -23.434608 57.695694 246.507339
v -23.429411 72.865738 252.535812
v -23.418484 77.181290 245.743835
v -23.416685 40.772915 263.108521
v -23.415638 22.588053 249.882568
v -23.399563 40.675961 249.978699
v -23.398516 13.420920 249.480179
v -23.397072 59.002048 246.934891
v -23.390476 22.464878 249.528244
v -23.389481 67.899406 246.479492
v -23.385689 58.964901 265.031311
v -23.385689 59.083862 264.864380
v -23.385687 72.288605 246.335266
v -23.382439 31.634808 249.399536
v -23.381889 77.153641 245.523315
v -23.373356 4.227566 261.853271
v -23.373312 58.885731 246.600296
v -23.373312 59.004692 246.433365
v -23.344666 -0.223823 263.990479
v -23.341999 85.152496 249.871902
v -23.338167 68.011269 251.341644
v -23.338167 68.011276 251.341644
v -23.329586 -13.997481 248.777542
v -23.321999 58.997597 251.462448
v -23.317963 -13.306607 266.232422
v -23.315517 -8.779370 244.271973
v -23.314405 68.013916 250.840118
v -23.314405 68.132874 250.673187
v -23.314405 68.132881 250.673187
v -23.311211 81.580132 244.841934
v -23.307770 -13.906271 263.748993
v -23.307770 -12.691600 262.044556
v -23.307396 77.263084 245.181091
v -23.305473 36.256981 263.888428
v -23.300407 13.397943 263.590729
v -23.300018 4.167032 250.671112
v -23.296833 77.156708 246.784027
v -23.292370 22.441898 263.638763
v -23.292051 49.860092 254.515472
v -23.291321 4.257036 250.412827
v -23.291321 4.383011 250.236053
v -23.289825 1.623896 250.914810
v -23.284332 31.611828 263.510071
v -23.284330 31.611828 263.510071
v -23.283283 13.426966 250.284119
v -23.281898 82.463936 242.987625
v -23.279636 -13.916214 269.396088
v -23.275759 4.169731 250.159012
v -23.275246 22.596897 250.155411
v -23.273075 77.159355 246.282501
v -23.267208 31.640854 250.203476
v -23.267000 -14.118519 250.747345
v -23.267000 -13.997052 250.576904
v -23.267000 -13.875586 250.406464
v -23.265566 1.626595 250.402725
v -23.259171 31.488655 263.155762
v -23.259171 40.810783 250.074768
v -23.258125 13.303792 249.929794
v -23.251133 40.658585 263.027039
v -23.250088 22.473722 249.801086
v -23.249313 76.686150 246.448685
v -23.245520 77.268578 251.646179
v -23.242046 31.517677 249.849152
v -23.242046 31.643654 249.672379
v -23.241726 72.616692 264.188538
v -23.240276 77.266602 245.649368
v -23.235535 77.276093 248.379349
v -23.234550 40.831810 262.932190
v -23.218384 40.740261 250.533310
v -23.212193 -13.910426 268.792422
v -23.211823 4.252325 255.207291
v -23.211777 77.159775 248.044739
v -23.210791 49.994499 249.577133
v -23.204411 -5.736868 240.786026
v -23.204411 -5.736866 240.786026
v -23.198000 77.273865 250.643127
v -23.195229 4.152548 260.941101
v -23.195229 4.274014 260.770660
v -23.191948 -12.946055 269.308825
v -23.190984 -12.947167 269.307208
v -23.190633 -12.941177 269.306621
v -23.188911 -4.937167 264.229645
v -23.181599 -13.167321 267.746172
v -23.178036 72.768349 250.452759
v -23.178036 72.768356 250.452759
v -23.170586 22.469009 254.595551
v -23.169960 -14.107720 248.698975
v -23.169458 45.340393 264.383270
v -23.163609 -13.105064 268.938173
v -23.162209 -14.011538 260.846893
v -23.161865 63.635715 250.740479
v -23.161865 63.754677 250.573563
v -23.158073 58.983833 263.282867
v -23.155682 48.309563 262.975342
v -23.151978 22.576717 263.734863
v -23.145779 -13.093036 268.991663
v -23.141502 77.265747 249.219711
v -23.141326 -12.937238 269.005021
v -23.141326 -12.937238 269.005021
v -23.140388 4.178261 250.422104
v -23.140388 4.299728 250.251663
v -23.134312 68.146515 249.927795
v -23.133000 -12.939215 269.210000
v -23.133000 -12.937356 269.030000
v -23.133000 -12.912223 269.030000
v -23.133000 -12.854483 269.210000
v -23.120689 77.272018 246.895294
v -23.119545 43.593533 250.553040
v -23.116131 4.180960 249.910004
v -23.114347 53.767189 263.592529
v -23.112255 -0.325962 262.375641
v -23.111244 -14.094649 244.339157
v -23.109150 72.625046 264.446198
v -23.106033 77.200272 246.688904
v -23.100613 4.271481 249.623489
v -23.099167 70.253326 264.517944
v -23.094383 59.016525 249.713989
v -23.092979 77.172997 245.537109
v -23.092571 4.245255 262.398987
v -23.091379 77.201897 246.379547
v -23.090588 68.045227 243.059525
v -23.085581 40.796204 262.592010
v -23.084536 13.415188 262.270264
v -23.084534 22.359392 249.719620
v -23.083111 -14.104590 249.986252
v -23.079201 77.168121 248.302414
v -23.072477 27.107096 262.165588
v -23.060421 40.295105 262.768005
v -23.059860 4.282543 261.033752
v -23.055357 18.065941 261.586456
v -23.049255 58.989540 264.042053
v -23.049255 59.108501 263.875122
v -23.044781 -5.725637 240.537018
v -23.035599 4.163774 260.692108
v -23.034590 -8.147306 240.610275
v -23.031681 77.054451 247.466278
v -23.030697 40.848099 261.685272
v -23.025497 58.992184 263.540527
v -23.023106 48.317917 263.233002
v -23.021702 72.779350 250.208893
v -23.017094 4.379635 260.628937
v -23.017092 4.379633 260.628937
v -23.013124 45.351387 264.139404
v -23.011341 4.166473 260.179993
v -23.011341 4.287941 260.009552
v -23.003141 52.853485 250.356049
v -23.001104 77.204048 248.244186
v -22.997940 72.663033 249.874283
v -22.997940 72.781990 249.707352
v -22.991932 4.256458 260.274597
v -22.987080 4.290642 259.497467
v -22.985569 49.862190 263.326721
v -22.984161 77.178703 246.296295
v -22.981113 -13.006241 266.816509
v -22.980291 77.210312 245.919769
v -22.975878 -13.964655 244.431808
v -22.974182 62.791862 263.227875
v -22.969636 -13.446419 266.763291
v -22.969303 22.617388 250.170013
v -22.966772 4.259258 259.743500
v -22.961807 58.905918 250.138580
v -22.950422 72.668320 248.871231
v -22.945641 40.851162 262.945984
v -22.941841 58.920944 243.604919
v -22.941608 4.262056 259.212402
v -22.935459 87.387245 243.856827
v -22.929470 40.759609 250.547104
v -22.927021 4.256901 262.140747
v -22.918983 13.300858 262.188812
v -22.918983 13.426833 262.012024
v -22.918982 13.300858 262.188812
v -22.918083 58.923588 243.103378
v -22.915281 -14.987733 236.559036
v -22.911858 -9.272610 261.397003
v -22.904106 4.184946 254.796005
v -22.899223 -13.118927 247.861603
v -22.897842 8.907656 261.456909
v -22.889126 63.627655 263.320068
v -22.880718 4.275614 254.690796
v -22.875971 4.296471 260.272644
v -22.875347 77.303375 246.888550
v -22.869160 59.003178 263.296631
v -22.851711 4.177700 259.931000
v -22.851585 77.187057 246.553955
v -22.851540 4.265303 260.547455
v -22.845394 4.198019 250.436172
v -22.821133 4.200718 249.924088
v -22.819826 4.289169 250.169189
v -22.805473 49.994797 262.414368
v -22.801674 63.544033 249.416611
v -22.794664 4.165997 249.814865
v -22.790289 77.187469 248.316193
v -22.781124 36.202923 246.524445
v -22.778591 22.379881 249.734222
v -22.765545 49.786926 249.680908
v -22.764864 4.302298 261.047821
v -22.759981 22.487589 258.873535
v -22.741783 40.867447 261.699066
v -22.724251 22.498346 254.882996
v -22.723647 -13.490922 265.622628
v -22.711147 4.400122 260.643524
v -22.702843 59.021690 259.785950
v -22.702357 -13.054578 265.523908
v -22.695251 77.198051 246.310074
v -22.691053 27.135986 260.586914
v -22.691053 27.261961 260.410156
v -22.687035 31.657963 260.610962
v -22.685764 4.330713 250.016724
v -22.667602 -14.778417 238.011543
v -22.664845 8.827948 247.006638
v -22.664845 8.953923 246.829865
v -22.663361 22.511902 250.361389
v -22.661510 72.687668 248.885010
v -22.661510 72.687668 248.885025
v -22.661507 4.090477 249.845520
v -22.659063 -4.986593 246.974884
v -22.656807 17.997879 246.877930
v -22.640732 36.211765 246.797302
v -22.635666 4.282547 259.227020
v -22.632694 35.933594 259.926331
v -22.625380 50.008438 261.668976
v -22.623608 27.044636 246.394897
v -22.618006 -14.782222 238.013873
v -22.617786 68.065834 248.360046
v -22.615572 36.088593 246.442963
v -22.610195 77.201111 247.570801
v -22.610195 77.201118 247.570801
v -22.605236 4.192059 260.969269
v -22.605236 4.313526 260.798828
v -22.590158 -8.731328 244.563217
v -22.585449 40.759483 261.622101
v -22.581652 50.026104 254.633789
v -22.580975 4.316225 260.286713
v -22.573650 -13.683491 238.720993
v -22.570267 68.071121 247.356995
v -22.566738 13.466036 254.576691
v -22.566736 13.466034 254.576691
v -22.562828 -11.075155 253.316552
v -22.556713 4.197460 259.945068
v -22.550661 31.679920 254.496048
v -22.546505 58.913723 259.708984
v -22.546505 59.032684 259.542053
v -22.545597 4.285791 260.562042
v -22.544109 22.504833 257.553070
v -22.540321 52.152809 259.924988
v -22.540207 -4.763116 259.727539
v -22.537420 82.433922 246.226669
v -22.532455 4.200161 259.432983
v -22.530014 4.111649 243.949432
v -22.528032 40.718719 257.472443
v -22.523697 -13.966624 259.850861
v -22.523695 -4.856598 247.067520
v -22.522762 82.508926 245.814362
v -22.521254 -14.176601 244.537766
v -22.512400 13.458523 259.902252
v -22.512398 13.458524 259.902252
v -22.506630 77.173851 243.564911
v -22.505753 4.114349 243.437347
v -22.501825 22.536659 243.715393
v -22.500868 -14.161261 237.866501
v -22.499741 -14.057364 238.183258
v -22.499741 -13.943793 238.023895
v -22.497807 22.397572 250.279907
v -22.495274 4.165417 259.676636
v -22.495274 4.291391 259.499847
v -22.489635 77.241226 246.873352
v -22.487240 13.335348 259.547913
v -22.487238 13.335347 259.547913
v -22.477057 -14.281983 238.023193
v -22.472649 22.400372 249.748825
v -22.464609 31.570301 249.620117
v -22.462078 13.338148 259.016815
v -22.445606 4.203285 260.720245
v -22.436918 13.340948 258.485718
v -22.431690 -13.936218 236.587494
v -22.430099 77.214760 246.825394
v -22.427391 39.722122 256.762207
v -22.421347 4.205986 260.208160
v -22.417728 54.413918 260.277832
v -22.411156 4.213659 256.872528
v -22.407745 52.280121 260.015717
v -22.406340 77.217400 246.323868
v -22.395853 -13.484057 238.111221
v -22.389759 -13.669565 237.959900
v -22.378136 -14.071893 256.948761
v -22.371819 -7.370891 238.079498
v -22.370384 -5.230084 256.824677
v -22.370384 4.122879 243.700424
v -22.370384 4.244345 243.529984
v -22.369473 4.305393 256.844391
v -22.369473 4.431368 256.667603
v -22.364019 58.959641 243.632492
v -22.362480 40.730362 257.214203
v -22.362480 40.856339 257.037415
v -22.356318 -4.870655 259.136871
v -22.356318 -4.749187 258.966431
v -22.353397 22.519279 256.763733
v -22.353397 22.645254 256.586975
v -22.353397 22.645256 256.586975
v -22.352352 4.208441 243.714554
v -22.350487 -14.160438 238.109802
v -22.340294 13.365260 249.973602
v -22.337320 40.733166 256.683105
v -22.337320 40.859138 256.506317
v -22.336273 22.422329 243.633911
v -22.330280 44.694408 259.895599
v -22.328238 22.522079 256.232635
v -22.328236 22.522078 256.232635
v -22.325081 63.433300 260.916199
v -22.323296 -7.972828 237.907532
v -22.321865 -6.074954 256.993591
v -22.321686 13.472967 259.112915
v -22.320198 40.636215 243.553268
v -22.315548 -14.071464 258.748138
v -22.313648 22.516924 259.160980
v -22.307922 40.697014 243.706421
v -22.302914 -14.030835 239.758499
v -22.296526 13.475767 258.581818
v -22.296526 13.475769 258.581818
v -22.291286 -14.068766 258.236023
v -22.281355 59.049389 260.057373
v -22.281355 61.428623 256.718811
v -22.279663 -0.866786 258.135101
v -22.260796 13.360550 254.768066
v -22.260794 13.360549 254.768066
v -22.257595 59.052036 259.555847
v -22.252508 -7.246125 237.990936
v -22.246601 -13.587131 238.037781
v -22.246204 13.985268 256.812531
v -22.242767 -13.941896 257.041412
v -22.239651 7.077724 256.687714
v -22.238167 22.525324 257.567688
v -22.235016 4.131405 243.963516
v -22.235016 4.252872 243.793060
v -22.231142 -0.739918 256.940491
v -22.230042 72.722885 245.889633
v -22.227596 20.643660 256.759796
v -22.223917 -13.925321 238.037064
v -22.217026 17.376272 257.896393
v -22.214632 -4.963278 250.075592
v -22.211960 4.217287 243.987411
v -22.211960 4.343262 243.810638
v -22.206280 72.725525 245.388107
v -22.205872 -14.141503 237.880569
v -22.203922 4.191063 256.762909
v -22.203922 4.317038 256.586151
v -22.203918 4.191063 256.762909
v -22.203918 4.317038 256.586121
v -22.201233 -14.263511 238.036362
v -22.199104 40.702724 244.465607
v -22.197704 45.416531 259.151703
v -22.196690 -4.980894 259.058319
v -22.195885 12.353195 258.048370
v -22.194248 -4.947936 243.404327
v -22.187845 22.404949 256.682251
v -22.187845 22.530926 256.505493
v -22.187843 22.404949 256.682251
v -22.179806 31.196957 257.083862
v -22.179806 31.448906 256.730316
v -22.174742 13.250930 249.892120
v -22.171768 40.744808 256.424866
v -22.170723 22.307999 243.552444
v -22.169235 28.937366 256.806305
v -22.167755 49.840649 243.174820
v -22.164390 -14.812851 238.035209
v -22.162685 22.407749 256.151154
v -22.162235 -4.849055 255.040146
v -22.158760 63.927654 256.737793
v -22.154648 31.073780 256.729553
v -22.151171 72.587090 256.616241
v -22.145565 12.484772 256.809387
v -22.144295 -0.858257 258.398193
v -22.141188 77.234108 246.839188
v -22.135002 63.573418 256.737061
v -22.131207 77.241623 243.572357
v -22.130974 13.361439 258.500336
v -22.123909 4.258701 244.568253
v -22.122383 82.464310 245.006271
v -22.116158 4.233416 256.886597
v -22.115040 58.948940 256.713623
v -22.115040 59.067902 256.546692
v -22.114899 31.701298 258.242920
v -22.112364 22.539324 254.912201
v -22.100307 34.845512 256.752014
v -22.099651 -4.970094 257.009949
v -22.087204 22.416149 254.557877
v -22.087204 22.416151 254.557877
v -22.081699 40.874031 257.583130
v -22.081295 54.557518 259.121613
v -22.075109 58.860031 243.813202
v -22.075109 58.978992 243.646286
v -22.074665 -14.141965 238.122971
v -22.073704 72.852837 245.478836
v -22.072617 22.410994 257.486206
v -22.071568 4.226131 244.260254
v -22.070877 -15.516501 231.717819
v -22.058941 40.686310 256.787537
v -22.058941 40.805275 256.620605
v -22.057537 55.868740 256.783875
v -22.056538 40.624878 257.405579
v -22.056538 40.750854 257.228790
v -22.056538 40.876831 257.052032
v -22.056133 71.170128 256.613281
v -22.055492 13.495811 256.730286
v -22.055492 13.495813 256.730286
v -22.051985 -13.458012 236.687973
v -22.046406 4.102957 243.905930
v -22.046406 4.354906 243.552399
v -22.046246 -14.373208 237.972458
v -22.044811 -3.486774 244.445618
v -22.043379 4.241514 255.350327
v -22.042368 -14.021450 243.620300
v -22.033775 63.603886 245.431961
v -22.032372 70.696930 256.779480
v -22.021244 4.105755 243.374832
v -22.002426 63.819691 256.660858
v -22.000166 -8.813282 244.761810
v -21.990582 14.756005 256.828705
v -21.986099 -14.041337 254.914474
v -21.982464 59.076252 256.804352
v -21.974873 67.735687 256.682800
v -21.974871 77.133652 243.495407
v -21.972034 -13.924840 257.567566
v -21.971973 22.422195 255.361832
v -21.971075 72.005920 256.705505
v -21.969589 -14.134819 242.254471
v -21.964283 -4.961565 257.273041
v -21.959915 34.854355 257.024841
v -21.958702 58.959934 256.469757
v -21.955894 40.762054 255.104416
v -21.954849 13.381040 254.782669
v -21.952675 82.479256 243.309067
v -21.951073 -4.363974 243.022408
v -21.947771 -13.922142 257.055481
v -21.946814 22.424995 254.830734
v -21.946812 22.424994 254.830734
v -21.944117 -4.429071 242.916791
v -21.940262 14.005755 256.827148
v -21.940022 -5.080333 256.931396
v -21.934944 58.843620 256.135132
v -21.932224 22.545815 257.582275
v -21.926365 40.813625 256.878265
v -21.921650 20.664150 256.774414
v -21.916145 40.759697 257.501648
v -21.915760 4.153862 243.465500
v -21.899796 70.943199 256.703278
v -21.899252 -5.049646 243.588837
v -21.897978 4.211552 256.777496
v -21.897408 58.960354 258.231995
v -21.891502 -5.925201 257.100311
v -21.886616 -14.483446 237.893890
v -21.882740 -14.131688 243.541748
v -21.881905 22.425438 256.696869
v -21.881905 22.551413 256.520111
v -21.881901 22.425438 256.696869
v -21.880852 4.114601 243.647690
v -21.880852 4.240576 243.470917
v -21.875580 77.289818 243.337036
v -21.873863 31.469395 256.744934
v -21.873861 40.791523 243.663956
v -21.873000 -4.389686 242.990000
v -21.872818 13.284533 243.518982
v -21.872818 13.410506 243.342209
v -21.865826 40.639328 256.616211
v -21.864780 22.328487 243.567047
v -21.864780 22.454462 243.390274
v -21.856743 22.428240 256.165771
v -21.856741 22.428240 256.165771
v -21.856741 31.624393 243.261566
v -21.851559 87.680618 243.289597
v -21.848703 31.094273 256.744141
v -21.848701 31.094271 256.744141
v -21.848701 40.668350 243.309631
v -21.847496 48.410339 256.754517
v -21.839619 12.505260 256.824005
v -21.838499 72.252197 256.629303
v -21.827435 -7.444296 238.090012
v -21.826093 -11.379898 261.460638
v -21.825029 14.767650 256.570465
v -21.822496 4.219954 255.184219
v -21.821527 -13.785303 238.136841
v -21.821163 4.253172 256.900696
v -21.815506 39.763100 256.791412
v -21.815504 39.763100 256.791412
v -21.812405 -13.792147 257.148132
v -21.809959 49.954613 256.848206
v -21.806419 22.559814 254.926804
v -21.804653 -4.950337 257.024017
v -21.795893 -14.007094 244.658569
v -21.794363 34.866001 256.766602
v -21.790981 72.614372 255.125458
v -21.788143 -14.032379 256.976929
v -21.780396 -4.947637 256.511932
v -21.780392 4.162392 243.728592
v -21.776518 -0.830400 256.876007
v -21.775509 -13.991752 237.987289
v -21.770029 49.865704 243.947800
v -21.768623 55.888088 256.797668
v -21.757587 4.346371 256.873596
v -21.757587 4.346373 256.873596
v -21.756132 -4.823470 255.829391
v -21.754848 58.976223 255.222809
v -21.753860 40.614109 244.402451
v -21.751247 -14.353452 237.986542
v -21.749817 -13.913184 259.117920
v -21.749548 13.516303 256.744873
v -21.747886 -6.974780 243.118794
v -21.747374 -13.029959 242.270828
v -21.741510 22.560257 256.792938
v -21.739624 -14.026979 255.952744
v -21.731087 58.978867 254.721283
v -21.728409 13.406240 250.002808
v -21.725433 40.774147 256.712311
v -21.721172 -4.305601 243.146293
v -21.719903 -6.252262 243.147600
v -21.717726 -8.873129 243.149840
v -21.716634 -4.797380 243.150965
v -21.716351 22.437082 256.438629
v -21.716351 22.563057 256.261841
v -21.716351 22.563059 256.261841
v -21.714863 40.656124 253.429657
v -21.707329 58.981510 254.219757
v -21.706283 -10.575430 243.161620
v -21.703300 -7.498538 242.919558
v -21.699738 65.737556 256.769073
v -21.698750 40.713593 255.296738
v -21.698278 -11.309018 260.867957
v -21.697742 28.843527 256.739441
v -21.697422 -11.369619 260.673584
v -21.695942 71.197411 255.122482
v -21.693216 -12.469155 260.844483
v -21.691160 48.302372 256.677551
v -21.686427 -14.008365 248.769780
v -21.685959 77.153000 243.509201
v -21.685959 77.271965 243.342270
v -21.684639 14.776495 256.843323
v -21.682163 72.025269 256.719269
v -21.682106 4.228796 255.457062
v -21.675345 -8.882109 242.907954
v -21.668488 -11.367796 260.729817
v -21.663480 -11.899946 260.706595
v -21.662109 -11.280549 260.700237
v -21.660245 -4.459751 242.901686
v -21.659060 -11.435894 260.686100
v -21.658731 -11.363817 260.684573
v -21.658405 -10.862513 242.900923
v -21.658129 -6.778063 242.900808
v -21.657990 31.612614 255.247726
v -21.657757 -11.370229 260.680061
v -21.656944 4.231598 254.925980
v -21.653620 59.006691 243.917725
v -21.652646 -5.052922 242.898532
v -21.647419 28.597178 256.030792
v -21.646030 68.023010 243.295395
v -21.640869 22.445484 254.845337
v -21.637911 -13.716808 248.519541
v -21.637455 40.832977 256.892059
v -21.634644 71.316795 256.717804
v -21.629862 59.009338 243.416199
v -21.627766 7.118705 256.716919
v -21.624792 40.659370 254.764694
v -21.624640 -4.923766 250.103745
v -21.622196 -7.441617 238.029099
v -21.608131 -14.127277 250.227097
v -21.608131 -14.005809 250.056641
v -21.603651 35.006424 255.800491
v -21.601814 -13.985494 240.561829
v -21.596590 -14.026694 243.274539
v -21.596504 -4.812243 255.580399
v -21.589935 49.760384 243.369324
v -21.588753 4.151033 255.285843
v -21.588753 4.272501 255.115402
v -21.588017 9.509869 255.755524
v -21.583870 -8.901492 242.385880
v -21.580940 63.966354 256.765381
v -21.573765 40.746712 243.490128
v -21.573349 72.625786 256.643829
v -21.572245 -4.809543 255.068298
v -21.568679 -14.725878 250.240452
v -21.566174 40.840908 255.387466
v -21.562855 13.291909 249.921326
v -21.544109 -0.325205 254.408936
v -21.543400 65.867516 256.358276
v -21.537216 58.987637 256.741180
v -21.535439 -14.032708 242.849880
v -21.533676 13.407573 255.601212
v -21.531475 -14.010352 254.679550
v -21.528931 -7.764014 238.102478
v -21.517599 31.621460 255.520569
v -21.516554 4.240442 255.198822
v -21.513454 58.990280 256.239655
v -21.504772 -14.096161 238.683914
v -21.504772 -13.974694 238.513474
v -21.500477 22.454329 255.118179
v -21.497288 49.857647 256.527405
v -21.492439 31.624260 254.989471
v -21.492437 31.624260 254.989471
v -21.486828 -13.142040 246.303085
v -21.484402 40.668213 255.037537
v -21.484402 40.794189 254.860764
v -21.481117 40.725010 256.815125
v -21.479080 -13.045858 258.450989
v -21.449768 49.862934 255.524338
v -21.429127 4.162262 255.036835
v -21.425047 -7.190707 238.030441
v -21.424244 -8.768797 241.966431
v -21.412617 -4.919781 254.989746
v -21.410824 65.756905 256.782867
v -21.397049 67.774384 256.710388
v -21.396107 -14.123290 255.113083
v -21.393663 -14.090334 239.459091
v -21.393663 -13.968867 239.288651
v -21.371849 -13.999124 254.430542
v -21.364712 49.865997 256.785034
v -21.363942 -12.904596 259.317626
v -21.363892 -13.408419 247.106180
v -21.363308 65.881157 255.612885
v -21.351004 4.252089 254.940582
v -21.342964 13.296043 254.988647
v -21.342962 13.296043 254.988647
v -21.334927 22.465973 254.859940
v -21.334927 22.465975 254.859940
v -21.329149 -13.198854 259.156293
v -21.326612 -13.493270 246.913895
v -21.323118 -13.182897 259.128323
v -21.320883 -14.082234 237.922821
v -21.320009 -13.207726 259.113908
v -21.317192 49.871288 255.781998
v -21.309601 59.006565 254.992737
v -21.296659 9.031614 253.548874
v -21.296623 -14.443935 237.922058
v -21.288624 18.075571 253.596939
v -21.277264 40.860260 255.401260
v -21.275795 -7.407352 238.116348
v -21.275795 -7.293781 237.956985
v -21.268528 40.685459 253.717102
v -21.261808 -10.884991 255.108794
v -21.253504 40.743942 255.066666
v -21.251404 31.518330 253.314713
v -21.251404 31.644306 253.137939
v -21.247436 -13.222961 258.777386
v -21.247204 -14.086549 238.162476
v -21.215987 -13.452738 246.343302
v -21.212646 -13.172858 258.616064
v -21.189398 72.536751 254.818436
v -21.183212 65.894798 254.867477
v -21.163700 -14.103963 253.327805
v -21.163696 -14.103962 253.327805
v -21.161255 -14.313940 238.014694
v -21.156471 -11.010022 231.944382
v -21.153263 58.898602 254.915787
v -21.147188 -13.590109 239.815567
v -21.139488 63.890121 250.670074
v -21.137096 49.884926 255.036591
v -21.134925 -13.210343 243.996214
v -21.133640 22.614349 250.434402
v -21.129505 59.020206 254.247330
v -21.126541 -7.510425 238.042892
v -21.124557 4.151314 250.337494
v -21.122929 -14.073276 239.985260
v -21.120636 -13.851432 238.089722
v -21.108482 22.491177 250.080078
v -21.105743 61.283123 250.574158
v -21.103859 -7.848615 238.042175
v -21.103354 48.229622 253.605240
v -21.097952 -14.189622 238.089020
v -21.093685 -13.745859 258.064435
v -21.092405 40.705059 249.999435
v -21.075417 4.195087 250.691101
v -21.060694 31.658751 252.348602
v -21.050146 -13.700777 237.937653
v -21.025887 -14.062478 237.936890
v -20.998333 44.559902 253.507080
v -20.997749 -10.064009 237.959305
v -20.994064 -13.616314 238.016968
v -20.984165 4.286133 250.433563
v -20.983685 -8.004041 237.885300
v -20.973000 -13.548177 245.090000
v -20.971382 -13.954505 238.016266
v -20.963301 -14.062048 239.736252
v -20.952013 40.713905 250.272278
v -20.951546 -11.036778 254.690906
v -20.945297 -14.965991 238.035633
v -20.939430 58.922401 250.402039
v -20.939428 58.922401 250.402039
v -20.939041 -14.059348 239.224167
v -20.926018 -14.630883 238.014847
v -20.921160 -13.251834 242.594897
v -20.915789 4.206318 250.442093
v -20.914780 -14.056649 238.712067
v -20.911150 -10.538614 255.212552
v -20.909802 -14.985117 237.937526
v -20.901994 -10.430293 255.062547
v -20.896143 -11.028683 255.144298
v -20.893000 -11.028891 255.130000
v -20.893000 -10.476971 255.130000
v -20.890956 -11.028616 255.145332
v -20.890518 -13.932482 238.029541
v -20.884535 -10.886898 255.193488
v -20.884535 -10.886898 255.193488
v -20.883775 -10.563973 255.199190
v -20.883327 40.778732 250.309021
v -20.881197 -10.538228 255.218520
v -20.879048 -10.429585 255.066542
v -20.873405 -7.153763 238.056763
v -20.861409 -10.389860 254.986312
v -20.859570 40.662418 249.974426
v -20.853000 -10.888309 255.430000
v -20.843777 4.294979 250.706421
v -20.827932 -13.932053 239.828888
v -20.825754 -13.932184 232.024628
v -20.820952 -11.033667 254.802297
v -20.820335 -10.889771 255.674986
v -20.813000 -13.367245 242.550000
v -20.812431 -4.994064 251.852707
v -20.812431 -4.872596 251.682266
v -20.802536 22.385691 250.271454
v -20.796522 -10.497936 254.691179
v -20.786461 40.725548 250.014038
v -20.776766 -13.938957 236.825836
v -20.771664 -14.073406 251.293518
v -20.764289 -10.389315 254.544574
v -20.755150 -14.045421 238.463058
v -20.747517 -10.400350 254.468286
v -20.746836 -6.918647 237.984024
v -20.731398 -13.933908 235.868225
v -20.730907 -13.973217 236.112610
v -20.730907 -13.859432 235.952957
v -20.730890 -14.528588 238.632751
v -20.730890 -14.042720 237.950974
v -20.706633 -14.404422 237.950211
v -20.695564 -13.936030 238.029434
v -20.695564 -13.822458 237.870071
v -20.691390 -15.504064 232.039883
v -20.678223 4.180647 250.624939
v -20.678223 4.306623 250.448166
v -20.672880 -14.274220 238.028717
v -20.670183 13.476553 250.319458
v -20.662148 22.520510 250.367523
v -20.660911 -14.877130 250.364736
v -20.653061 4.183449 250.093842
v -20.650517 58.941750 250.415817
v -20.650517 59.060711 250.248886
v -20.646070 40.734394 250.286880
v -20.644043 -14.039593 239.238235
v -20.632375 -13.552296 242.420982
v -20.627514 -13.928458 236.593018
v -20.620794 4.226074 250.456177
v -20.613468 -14.038805 255.837650
v -20.605715 -13.313061 240.527023
v -20.602701 -11.275430 255.787725
v -20.601214 -10.893683 255.780829
v -20.599763 -11.232913 255.774101
v -20.594419 40.798084 250.322815
v -20.593151 -10.891015 255.743441
v -20.587776 -13.938010 250.361969
v -20.587772 -13.938012 250.361969
v -20.583703 -14.889648 250.368541
v -20.574902 -7.473481 238.069214
v -20.573000 -10.890582 255.650000
v -20.571389 -10.292508 253.667188
v -20.549934 -13.913713 232.037796
v -20.547005 -14.636127 238.042099
v -20.537130 -10.176067 253.511366
v -20.529668 -10.175469 253.477424
v -20.523628 -14.377295 237.955261
v -20.512669 4.318268 250.189911
v -20.512669 4.318268 250.189926
v -20.504631 13.362225 250.237991
v -20.500988 -10.517142 251.941992
v -20.496595 22.532154 250.109283
v -20.496593 22.532154 250.109283
v -20.494183 58.952744 250.171951
v -20.494183 58.952747 250.171951
v -20.488556 31.576111 250.157349
v -20.480518 40.620064 250.205414
v -20.480518 40.746040 250.028641
v -20.479641 -15.028462 238.059540
v -20.478012 49.939072 250.292755
v -20.471934 -10.167482 253.214829
v -20.461843 40.806435 250.580475
v -20.461164 4.115837 250.377609
v -20.460432 -10.288549 253.162512
v -20.454172 -10.288035 253.134039
v -20.450317 -15.034401 238.047377
v -20.444654 -4.966208 250.330505
v -20.438084 40.690117 250.245880
v -20.435896 -14.022964 237.965057
v -20.431348 -15.035320 238.060812
v -20.426882 -15.049338 237.960072
v -20.422295 -13.944993 232.521423
v -20.419743 -13.917560 238.042603
v -20.417953 -7.602826 237.914215
v -20.409115 -14.973717 236.603378
v -20.407761 -10.024494 237.987473
v -20.407217 -13.594969 241.774992
v -20.400791 -15.067053 237.872285
v -20.399569 -13.942464 232.041718
v -20.397598 -15.484367 232.514475
v -20.392309 -8.732036 236.236420
v -20.387760 -11.014038 251.391922
v -20.386391 -14.857402 235.964005
v -20.386391 -14.743616 235.804352
v -20.381569 63.823498 250.119186
v -20.381133 -15.496910 232.171722
v -20.374553 -15.501678 232.034681
v -20.369583 -8.843293 235.916382
v -20.364359 -10.408844 251.579128
v -20.361607 59.080059 250.262680
v -20.333000 -10.476786 251.830000
v -20.333000 -11.013698 251.830000
v -20.327761 -14.515645 237.170578
v -20.327761 -13.832934 236.212585
v -20.327761 -13.605364 235.893250
v -20.327761 -13.491579 235.733597
v -20.324131 -9.407159 235.755295
v -20.321678 49.831108 250.215805
v -20.317036 -14.042421 251.058594
v -20.313339 -10.519383 251.987289
v -20.313164 -10.532520 252.274872
v -20.307122 -15.354914 236.051790
v -20.306328 -14.359222 236.286041
v -20.306328 -13.677794 235.329834
v -20.305680 -14.939888 251.054399
v -20.305037 -14.626903 236.850540
v -20.305037 -13.944192 235.892548
v -20.305037 -13.830406 235.732880
v -20.305037 -11.554705 232.539581
v -20.305037 -11.213348 232.060577
v -20.300529 -14.864704 239.421249
v -20.290938 -10.284123 252.166496
v -20.290938 -10.284123 252.166496
v -20.290118 -10.281927 252.173056
v -20.288902 -10.408353 251.592331
v -20.286461 -13.533537 240.369904
v -20.283642 -15.038127 236.763428
v -20.283642 -14.470270 235.966599
v -20.283228 -10.530414 252.228175
v -20.282310 -15.079514 237.009491
v -20.282310 -14.510588 236.211166
v -20.282310 -14.396803 236.051498
v -20.280022 -9.825663 235.191437
v -20.280022 -9.484947 234.713333
v -20.279789 -10.470522 252.255689
v -20.274113 -13.895241 232.050964
v -20.273000 -11.013325 252.310000
v -20.270980 -13.773774 241.152196
v -20.262201 -14.016707 240.539597
v -20.260960 -14.922032 236.125244
v -20.260960 -14.694889 235.806519
v -20.260960 -14.354175 235.328430
v -20.259583 -14.849413 236.210464
v -20.259583 -14.735628 236.050797
v -20.259583 -14.508058 235.731461
v -20.257991 -15.498675 232.060707
v -20.257338 -9.936710 234.871994
v -20.255276 -14.104903 241.080403
v -20.249878 -13.634550 241.055730
v -20.249063 -11.132721 251.774042
v -20.244183 -8.805643 235.918350
v -20.243516 -11.011231 251.770344
v -20.243516 -11.011231 251.770344
v -20.240383 -11.010288 251.420380
v -20.240382 -11.258200 251.768255
v -20.240381 -11.131754 251.590820
v -20.240381 -11.010287 251.420380
v -20.237938 -14.014008 240.027496
v -20.235076 -10.453261 251.764717
v -20.228199 -11.434335 251.760133
v -20.227244 -10.591685 251.759496
v -20.221500 -9.030262 235.758270
v -20.221500 -8.916691 235.598907
v -20.218736 -11.472406 251.753824
v -20.216122 -11.493458 251.590057
v -20.216122 -11.371990 251.419617
v -20.216122 -11.007589 250.908279
v -20.213680 -14.497177 240.197189
v -20.213680 -14.375710 240.026733
v -20.210858 -11.498530 251.748572
v -20.205486 58.978071 250.185663
v -20.205472 58.972259 250.185703
v -20.205471 58.971371 250.185705
v -20.205471 58.972090 250.185706
v -20.205468 58.972098 250.185712
v -20.205460 58.972082 250.185736
v -20.205460 58.972082 250.185736
v -20.205447 58.972130 250.185770
v -20.205440 58.958645 250.185789
v -20.205438 58.972084 250.185795
v -20.205433 58.966664 250.185809
v -20.205428 58.972205 250.185823
v -20.205343 58.971949 250.186057
v -20.205341 58.972099 250.186062
v -20.205336 58.972096 250.186076
v -20.203964 -15.352889 236.110369
v -20.202442 -13.558773 235.895264
v -20.202442 -13.445202 235.735901
v -20.201601 -11.044930 251.742401
v -20.191456 -14.940567 251.424526
v -20.190434 -15.391180 235.853715
v -20.181669 -14.155360 251.492111
v -20.181574 42.422789 250.251422
v -20.181151 40.820419 250.252585
v -20.179758 -14.464821 236.691391
v -20.179758 -13.896963 235.894562
v -20.179758 -11.511964 232.547882
v -20.179758 -11.171249 232.069794
v -20.179098 40.707465 250.258232
v -20.177136 40.715035 250.263626
v -20.174746 -15.494000 232.160781
v -20.171716 -15.418359 235.598095
v -20.167369 -15.426563 235.504555
v -20.165161 -14.491775 239.173004
v -20.164767 -15.387882 235.903621
v -20.158327 -15.486782 232.382382
v -20.157074 -14.008011 235.575119
v -20.149438 -15.454843 235.119927
v -20.147543 -14.000839 232.456299
v -20.134390 -15.027629 236.530609
v -20.134390 -14.346200 235.574402
v -20.134390 -14.005486 235.096313
v -20.127052 -14.575962 240.134659
v -20.123230 -14.037744 232.214569
v -20.110050 -14.611324 235.657867
v -20.107134 -11.104030 251.679422
v -20.098553 -14.575467 238.054337
v -20.098145 -11.103416 251.673430
v -20.094688 -11.102646 251.416748
v -20.087392 -11.130918 251.666261
v -20.079889 -14.537989 239.262694
v -20.078312 -14.002779 239.778488
v -20.072813 -11.538346 251.569763
v -20.072813 -11.428812 251.416061
v -20.070717 -11.538384 251.655145
v -20.048795 -14.950665 251.490062
v -20.047205 -10.703068 251.639470
v -20.041746 -13.938738 251.481445
v -20.037280 -14.960298 251.245462
v -20.033547 -14.963518 251.166169
v -20.033256 -15.412564 234.615446
v -20.028488 -13.937262 251.201581
v -20.028329 -14.037316 240.042934
v -20.023258 -7.436536 238.095551
v -20.020821 -11.238923 251.255253
v -20.020254 -11.311137 251.621503
v -20.020029 -14.082124 240.004988
v -20.018237 -11.023341 251.620158
v -20.010673 -10.499082 251.615116
v -20.010343 -12.918763 251.328597
v -20.004982 -14.130137 239.757111
v -19.995893 -14.041877 239.894654
v -19.994910 -11.101358 251.436632
v -19.994499 -10.732912 251.604333
v -19.994499 -10.732910 251.604333
v -19.994499 -10.659254 251.500977
v -19.989497 -14.438528 239.865416
v -19.987617 -11.051787 251.487683
v -19.987246 -10.999466 251.490280
v -19.985757 -10.789581 251.500702
v -19.985473 -10.659312 251.502686
v -19.982630 -11.100018 251.522593
v -19.982214 -10.993396 251.525501
v -19.976997 -10.985908 251.592664
v -19.975906 -10.985787 251.569655
v -19.974566 -15.490462 232.169982
v -19.973000 -10.543370 251.590000
v -19.973000 -11.099946 251.590000
v -19.973000 -11.051261 251.590000
v -19.973000 -11.043679 251.590000
v -19.973000 -14.504683 239.570000
v -19.973000 -14.488956 239.590511
v -19.973000 -14.128056 239.787652
v -19.973000 -14.126458 239.790000
v -19.919677 -11.123295 232.124754
v -19.893761 -12.662267 232.195742
v -19.889036 -14.504888 232.208683
v -19.882698 -14.021634 232.226045
v -19.882696 -14.021634 232.226051
v -19.810986 -14.021362 234.393021
v -19.722941 -10.765113 232.663640
v -19.717690 -11.446407 232.678022
v -19.677285 -14.326408 232.788696
v -19.676999 -11.877706 232.789481
v -19.675770 -13.977412 232.792846
v -19.670921 -15.471830 232.806130
v -19.642416 -14.006896 232.884208
v -19.497281 -14.749095 235.835753
v -19.457830 -14.608519 235.659866
vt 0.4523106 0.5346502
vt 0.3456755 0.0227525
vt 0.3456755 0.0229397
vt 0.3456755 0.0288212
vt 0.8462679 0.5404792
vt 0.8462679 0.5573188
vt 0.8462679 0.5909974
vt 0.5441352 0.1998054
vt 0.2265997 0.4595207
vt 0.7218603 0.1849091
vt 0.6780215 0.4245465
vt 0.0441352 0.6240286
vt 0.0441352 0.6253239
vt 0.0441352 0.6577072
vt 0.0441352 0.6641841
vt 0.6341826 0.0573187
vt 0.6341826 0.0689766
vt 0.2585902 0.2373704
vt 0.2585902 0.2749354
vt 0.6519551 0.3261011
vt 0.9611968 0.6790802
vt 0.9611968 0.7127588
vt 0.9611968 0.7464380
vt 0.2179205 0.1746902
vt 0.2179247 0.1622410
vt 0.3461506 0.0228470
vt 0.2182571 0.1627484
vt 0.2182611 0.1628981
vt 0.2183058 0.1622410
vt 0.7224527 0.1641837
vt 0.7224527 0.1913860
vt 0.6786138 0.4672925
vt 0.6525475 0.3649613
vt 0.9617892 0.7127588
vt 0.3463859 0.0228667
vt 0.4534953 0.5365934
vt 0.4534953 0.5385363
vt 0.4534953 0.5650907
vt 0.4534953 0.5909974
vt 0.3468602 0.0288212
vt 0.6904621 0.6738988
vt 0.9623816 0.6790802
vt 0.9623816 0.7127588
vt 0.9623816 0.7464380
vt 0.3473164 0.0230855
vt 0.9629740 0.7464380
vt 0.3476341 0.0232618
vt 0.9635663 0.7179404
vt 0.3486291 0.0234582
vt 0.5470971 0.2270077
vt 0.9647511 0.7464380
vt 0.2307463 0.4219557
vt 0.0488745 0.6253239
vt 0.0488745 0.6305049
vt 0.6940167 0.6972147
vt 0.6940167 0.7231218
vt 0.3506542 0.0288212
vt 0.3507930 0.0238775
vt 0.8515996 0.5404792
vt 0.8515996 0.5573188
vt 0.6839456 0.4245465
vt 0.6578792 0.3649613
vt 0.5506517 0.2270077
vt 0.5506517 0.2308935
vt 0.5512441 0.2270077
vt 0.6963862 0.6972147
vt 0.6963862 0.7192360
vt 0.2343009 0.4595207
vt 0.0518364 0.6007127
vt 0.5524288 0.1998054
vt 0.5524288 0.2101681
vt 0.2348933 0.4595207
vt 0.0524288 0.6318008
vt 0.6869075 0.4245465
vt 0.6987561 0.6959195
vt 0.0542063 0.6007127
vt 0.2686612 0.2555053
vt 0.7787323 0.1913861
vt 0.6454384 0.0560234
vt 0.6454384 0.0573187
vt 0.0861967 0.0223447
vt 0.6632109 0.3261011
vt 0.6632109 0.3649613
vt 0.8581161 0.5573188
vt 0.2218602 0.1298575
vt 0.6898696 0.4672925
vt 0.7011256 0.7205313
vt 0.6904620 0.4672925
vt 0.0885662 0.0223447
vt 0.6922395 0.4672925
vt 0.7034954 0.6959195
vt 0.7828724 0.1837819
vt 0.7831194 0.1833283
vt 0.0903437 0.0288209
vt 0.7845762 0.1837193
vt 0.8065758 0.1033031
vt 0.0607227 0.5981215
vt 0.7849679 0.1832054
vt 0.8071682 0.1033031
vt 0.0927132 0.0275257
vt 0.7082347 0.7036916
vt 0.7088271 0.7205313
vt 0.2787323 0.2373704
vt 0.0654621 0.6162564
vt 0.7106042 0.7464377
vt 0.2799170 0.2490284
vt 0.2799170 0.2736402
vt 0.4979265 0.9141841
vt 0.4985189 0.9556349
vt 0.7005331 0.4245465
vt 0.0666468 0.6318008
vt 0.4754146 0.5346502
vt 0.7011255 0.4245465
vt 0.6572866 0.0689766
vt 0.7913690 0.1842809
vt 0.8136850 0.1227333
vt 0.7017181 0.4245465
vt 0.7129741 0.7036916
vt 0.4765996 0.5346502
vt 0.4765996 0.5385363
vt 0.4765996 0.5644430
vt 0.4765996 0.5909974
vt 0.2420025 0.1849093
vt 0.2420025 0.1913859
vt 0.8705570 0.5909974
vt 0.7029029 0.4245465
vt 0.7141588 0.6738988
vt 0.7141588 0.6855568
vt 0.7935427 0.1641838
vt 0.7034953 0.4245465
vt 0.7147512 0.7218265
vt 0.7939929 0.1828056
vt 0.7479265 0.1706606
vt 0.5026659 0.9789508
vt 0.7485189 0.1862044
vt 0.0707938 0.6162564
vt 0.0713862 0.6395723
vt 0.5038506 0.9957904
vt 0.5038506 0.9970857
vt 0.8178316 0.1220856
vt 0.7497037 0.1862044
vt 0.0719785 0.5981215
vt 0.5044430 0.9957904
vt 0.2461494 0.1628886
vt 0.0731636 0.6318008
vt 0.0731636 0.6641841
vt 0.5056281 0.9970857
vt 0.0743484 0.6641841
vt 0.7994668 0.1641838
vt 0.7994668 0.1797278
vt 0.7994668 0.1827083
vt 0.7994668 0.1842431
vt 0.7994668 0.1913861
vt 0.5085900 0.9349095
vt 0.5085900 0.9763603
vt 0.8794433 0.5482514
vt 0.8794433 0.5573188
vt 0.2437797 0.1298575
vt 0.2437797 0.1557645
vt 0.0779029 0.6318008
vt 0.4061019 0.2205312
vt 0.8812204 0.5391840
vt 0.8818128 0.5741578
vt 0.5121445 0.9957904
vt 0.4070482 0.2282907
vt 0.4072867 0.2062824
vt 0.6703198 0.0599092
vt 0.4078791 0.2205312
vt 0.0026658 0.3273966
vt 0.0808648 0.6033032
vt 0.0808648 0.6408676
vt 0.7159362 0.4659973
vt 0.0820499 0.6033032
vt 0.2562205 0.1849093
vt 0.7603674 0.1654790
vt 0.0826423 0.6408676
vt 0.4106920 0.2311012
vt 0.2734005 0.4556349
vt 0.0844194 0.6641841
vt 0.0850118 0.6033032
vt 0.0850118 0.6641841
vt 0.2589466 0.1849093
vt 0.2589555 0.1792613
vt 0.2589715 0.1628886
vt 0.2680686 0.4672929
vt 0.0856042 0.6033032
vt 0.5186610 0.9141841
vt 0.5186610 0.9957904
vt 0.2603505 0.1849093
vt 0.8634480 0.0456603
vt 0.5192537 0.9556349
vt 0.2605414 0.1628886
vt 0.2606103 0.1758441
vt 0.3018366 0.2490284
vt 0.3018366 0.2736402
vt 0.8776660 0.0391841
vt 0.2769551 0.4439770
vt 0.2769551 0.4672928
vt 0.0986375 0.0599090
vt 0.0986375 0.0612049
vt 0.1004148 0.0417744
vt 0.8231636 0.1033030
vt 0.4321683 0.0365933
vt 0.4321683 0.0456607
vt 0.4321683 0.0469560
vt 0.9920025 0.0152199
vt 0.0879740 0.6033032
vt 0.0879740 0.6408676
vt 0.5328792 0.7615088
vt 0.5328792 0.7930699
vt 0.5328792 0.8305796
vt 0.8646328 0.0469562
vt 0.1010072 0.0352981
vt 0.1010072 0.0417744
vt 0.4327607 0.0443655
vt 0.5328800 0.8306319
vt 0.5329406 0.7542096
vt 0.5329951 0.7546846
vt 0.1318128 0.0534327
vt 0.5334716 0.7542096
vt 0.2781398 0.4284326
vt 0.4333531 0.0443655
vt 0.9931872 0.0139246
vt 0.2787316 0.4284326
vt 0.2787319 0.4284340
vt 0.8794431 0.0391841
vt 0.2787322 0.4284326
vt 0.4339455 0.0430702
vt 0.9937796 0.0152199
vt 0.2793246 0.4219556
vt 0.2793246 0.4426810
vt 0.9943720 0.0139246
vt 0.3018364 0.4005827
vt 0.6803909 0.0650909
vt 0.6803909 0.0663861
vt 0.6803909 0.0689766
vt 0.8806279 0.0469556
vt 0.2799170 0.4219556
vt 0.9949644 0.0152199
vt 0.8930686 0.5573188
vt 0.6809833 0.0650909
vt 0.7656989 0.9206603
vt 0.2805093 0.4426810
vt 0.2805093 0.4439770
vt 0.8936613 0.5391840
vt 0.0915286 0.6318008
vt 0.9961494 0.0152199
vt 0.3640404 0.4109458
vt 0.7260072 0.4232512
vt 0.7372631 0.6738988
vt 0.9967418 0.0152199
vt 0.8948460 0.5650904
vt 0.7704384 0.1875003
vt 0.7265996 0.4232512
vt 0.2668839 0.1628886
vt 0.2668839 0.1849093
vt 0.7384479 0.7101686
vt 0.7680687 0.9582253
vt 0.7390403 0.7101686
vt 0.7390403 0.7464377
vt 0.8705569 0.0391840
vt 0.1051540 0.0534327
vt 0.1051540 0.0612049
vt 0.3664099 0.3733808
vt 0.1057464 0.0534327
vt 0.7698459 0.9206603
vt 0.1081160 0.0417744
vt 0.8723335 0.0391846
vt 0.7734003 0.1771376
vt 0.7408174 0.6738988
vt 0.7408174 0.7101686
vt 0.7408174 0.7464377
vt 0.7704383 0.9582253
vt 0.7704383 0.9970856
vt 0.8314572 0.1188474
vt 0.4404620 0.0365933
vt 0.0026657 0.0035624
vt 0.0026657 0.0048577
vt 0.0180689 0.3403498
vt 0.3071684 0.2749350
vt 0.7710309 0.9582253
vt 0.8320499 0.1201427
vt 0.0032584 0.0035624
vt 0.1401067 0.0534327
vt 0.1401067 0.0689767
vt 0.0968603 0.6641841
vt 0.3077608 0.2373707
vt 0.1081162 0.0573185
vt 0.8326423 0.1188474
vt 0.0974527 0.5981215
vt 0.0974527 0.6318008
vt 0.5423579 0.7930699
vt 0.7722157 0.9206603
vt 0.7722157 0.9245467
vt 0.7722157 0.9582253
vt 0.7722157 0.9970856
vt 0.1087086 0.0573185
vt 0.9001777 0.5650904
vt 0.0980450 0.6253239
vt 0.0980450 0.6641841
vt 0.7728081 0.9167745
vt 0.7728081 0.9543396
vt 0.1093010 0.0586138
vt 0.7734005 0.9543396
vt 0.8344194 0.1214379
vt 0.3711492 0.3733808
vt 0.6892772 0.0560234
vt 0.5441350 0.7930699
vt 0.4937796 0.0275258
vt 0.8350118 0.1214379
vt 0.8350118 0.1227332
vt 0.4677132 0.0430700
vt 0.5660544 0.0048578
vt 0.4683056 0.0365930
vt 0.4683056 0.0430700
vt 0.4813387 0.0443654
vt 0.1436610 0.0469558
vt 0.1134477 0.0365934
vt 0.0228082 0.3494173
vt 0.3729267 0.4122410
vt 0.4819314 0.0365932
vt 0.1442537 0.0352979
vt 0.4286138 0.2030439
vt 0.3130925 0.3759715
vt 0.8373816 0.1227332
vt 0.0239929 0.3494173
vt 0.7876185 0.5255831
vt 0.7360783 0.4621115
vt 0.1152252 0.0365934
vt 0.9049171 0.5378887
vt 0.3142773 0.3759715
vt 0.7366706 0.4232512
vt 0.7366706 0.4621115
vt 0.1460308 0.0352979
vt 0.9055095 0.5637951
vt 0.1033768 0.6020080
vt 0.9061018 0.5871117
vt 0.4315435 0.2283816
vt 0.1045615 0.6318008
vt 0.4320804 0.2283116
vt 0.4292060 0.1020079
vt 0.1057466 0.6020080
vt 0.4457939 0.5255830
vt 0.5512442 0.7542096
vt 0.5512442 0.8306349
vt 0.9339455 0.0864636
vt 0.5524289 0.7930699
vt 0.4523104 0.0404790
vt 0.1081161 0.6641841
vt 0.3190166 0.2373707
vt 0.4760071 0.0469557
vt 0.4801540 0.0152204
vt 0.9351303 0.0864636
vt 0.4327606 0.1227333
vt 0.7941350 0.4854276
vt 0.5536137 0.7930699
vt 0.4896326 0.0391837
vt 0.4333530 0.1020079
vt 0.1045615 0.3248058
vt 0.1093009 0.6318008
vt 0.9363150 0.0942358
vt 0.3818127 0.3746760
vt 0.3207937 0.2373707
vt 0.3207937 0.2555049
vt 0.4546800 0.0378885
vt 0.4499409 0.5255830
vt 0.1104859 0.5981215
vt 0.4552726 0.0365933
vt 0.4505333 0.5003239
vt 0.1063390 0.3248058
vt 0.7965048 0.4841323
vt 0.1110783 0.5981215
vt 0.1110783 0.6318008
vt 0.5559835 0.7930699
vt 0.5559835 0.8293396
vt 0.1223342 0.0689765
vt 0.1116707 0.6641841
vt 0.5565759 0.7542096
vt 0.4564574 0.0365933
vt 0.7976896 0.5035624
vt 0.1252962 0.0469561
vt 0.4570498 0.0378885
vt 0.4523104 0.5003239
vt 0.9392772 0.0922929
vt 0.7988744 0.5035624
vt 0.4943720 0.0417749
vt 0.9737466 0.0604377
vt 0.9740148 0.0607308
vt 0.7040876 0.0689766
vt 0.4949644 0.0378885
vt 0.1270734 0.0443656
vt 0.4866705 0.0139251
vt 0.2491115 0.1544690
vt 0.4546802 0.5003239
vt 0.8006518 0.5022665
vt 0.3267181 0.4148318
vt 0.4961494 0.0378885
vt 0.4961494 0.0443654
vt 0.1264812 0.0689765
vt 0.1282584 0.0378886
vt 0.4549187 0.4919168
vt 0.4550736 0.4755052
vt 0.4551594 0.4754071
vt 0.4398698 0.1227333
vt 0.0376186 0.3636657
vt 0.1288508 0.0352981
vt 0.4558650 0.4996763
vt 0.4611967 0.0378885
vt 0.4563435 0.4918281
vt 0.9771920 0.0566710
vt 0.9434242 0.0780441
vt 0.8024289 0.5022665
vt 0.2295616 0.5340029
vt 0.2295616 0.5624998
vt 0.2295616 0.5909973
vt 0.1170024 0.6318008
vt 0.7070498 0.0560234
vt 0.5115522 0.0288210
vt 0.1300356 0.0378886
vt 0.3972156 0.6713084
vt 0.3972156 0.6751942
vt 0.3972156 0.7011009
vt 0.3972156 0.7276556
vt 0.3972156 0.7460978
vt 0.9777843 0.0566710
vt 0.9440166 0.0793394
vt 0.4623815 0.0378885
vt 0.3978080 0.6998056
vt 0.5127369 0.0236400
vt 0.4991113 0.0365932
vt 0.3983065 0.7461413
vt 0.3984004 0.6713084
vt 0.3984004 0.7095207
vt 0.3984004 0.7461484
vt 0.3984004 0.7461639
vt 0.3984004 0.7463654
vt 0.4997037 0.0378885
vt 0.2527099 0.1555930
vt 0.1146326 0.3649610
vt 0.2533713 0.1547744
vt 0.2538508 0.1298575
vt 0.0417655 0.3390546
vt 0.2325238 0.5624998
vt 0.3924764 0.4135363
vt 0.8059835 0.5009713
vt 0.6590641 0.0890545
vt 0.6590641 0.0942355
vt 0.1347749 0.0378886
vt 0.9821835 0.0687009
vt 0.2562204 0.1298575
vt 0.2348933 0.5909973
vt 0.2354857 0.5624998
vt 0.6614336 0.0890545
vt 0.4505331 0.1991582
vt 0.5393956 0.0139246
vt 0.1235189 0.6641841
vt 0.2366705 0.5340029
vt 0.1241112 0.6641841
vt 0.9848935 0.0657384
vt 0.3361968 0.3746763
vt 0.2420025 0.5560236
vt 0.1247039 0.5981215
vt 0.1247039 0.6318008
vt 0.3356044 0.2373707
vt 0.5909362 0.0048578
vt 0.9854859 0.0650908
vt 0.0470973 0.3649610
vt 0.3361968 0.2749350
vt 0.1383295 0.0417744
vt 0.4528912 0.2240306
vt 0.8113152 0.4996760
vt 0.6158176 0.7425516
vt 0.4534953 0.1991582
vt 0.4539228 0.2238630
vt 0.4540622 0.2239511
vt 0.8125000 0.4996760
vt 0.2443720 0.5754531
vt 0.6170024 0.7101682
vt 0.0494668 0.3636657
vt 0.2449644 0.5560236
vt 0.5085900 0.0417749
vt 0.5085900 0.0443654
vt 0.4549313 0.2248599
vt 0.6181871 0.6777849
vt 0.4558648 0.1991582
vt 0.1288506 0.6447540
vt 0.1288506 0.6590024
vt 0.6673577 0.0851681
vt 0.7123816 0.0573184
vt 0.4013627 0.3759713
vt 0.2467418 0.5702720
vt 0.7129740 0.0689764
vt 0.4019551 0.3759713
vt 0.1300356 0.6318008
vt 0.1300356 0.6447540
vt 0.6685427 0.0838728
vt 0.5962679 0.0048578
vt 0.0524290 0.3649610
vt 0.6691351 0.0877593
vt 0.6691351 0.0890545
vt 0.8166469 0.5191062
vt 0.7864337 0.2062824
vt 0.8172393 0.5191062
vt 0.3433057 0.3941064
vt 0.4594194 0.2237693
vt 0.1324052 0.6447540
vt 0.7159359 0.0573184
vt 0.4049170 0.3759713
vt 0.1329975 0.6253239
vt 0.1329975 0.6447540
vt 0.0980449 0.0288211
vt 0.1335899 0.6447540
vt 0.5056278 0.0152204
vt 0.1341826 0.6447540
vt 0.6241115 0.7101682
vt 0.5062205 0.0139251
vt 0.5360522 0.0238869
vt 0.1347750 0.6641841
vt 0.7899882 0.2011007
vt 0.6685427 0.3299867
vt 0.8557465 0.2270077
vt 0.8207939 0.4789506
vt 0.8207939 0.5178109
vt 0.5162915 0.0469559
vt 0.4078792 0.3759713
vt 0.1359597 0.5981215
vt 0.5305095 0.0236400
vt 0.7911730 0.2011007
vt 0.8569313 0.2011009
vt 0.1365521 0.5981215
vt 0.1365521 0.6641841
vt 0.6264810 0.6894429
vt 0.6762440 0.0799871
vt 0.6762440 0.0812823
vt 0.6715046 0.3261010
vt 0.2556278 0.5599093
vt 0.2556278 0.5702720
vt 0.1241112 0.1227333
vt 0.2562205 0.5508419
vt 0.1389219 0.6641841
vt 0.6288508 0.6972150
vt 0.5109598 0.0152204
vt 0.2568129 0.5676815
vt 0.9404622 0.2749350
vt 0.2574053 0.5702720
vt 0.6786138 0.0916450
vt 0.6786138 0.0942355
vt 0.4126185 0.3954014
vt 0.4126185 0.4148315
vt 0.1406991 0.6641841
vt 0.6306280 0.7425516
vt 0.1057465 0.0275258
vt 0.7005332 0.3636658
vt 0.1412915 0.6641841
vt 0.7965047 0.2192356
vt 0.3178317 0.5715675
vt 0.1418838 0.6447540
vt 0.9428317 0.2412564
vt 0.7017179 0.3261008
vt 0.3184241 0.5340024
vt 0.8279027 0.5165156
vt 0.1424762 0.6318008
vt 0.6324051 0.7179404
vt 0.7260070 0.0573184
vt 0.3190165 0.5340024
vt 0.0654622 0.3390546
vt 0.9446091 0.2749350
vt 0.5986376 0.0417747
vt 0.1039693 0.5715676
vt 0.1442536 0.6641841
vt 0.7420025 0.4297279
vt 0.7420025 0.4672929
vt 0.1300356 0.1214380
vt 0.6347749 0.7179404
vt 0.7283768 0.0689764
vt 0.1454384 0.0534327
vt 0.1312204 0.1227333
vt 0.5624999 0.0152205
vt 0.2639217 0.5702720
vt 0.6365521 0.7179404
vt 0.1116706 0.0275258
vt 0.5488743 0.0242874
vt 0.7301539 0.0560232
vt 0.3587084 0.3733810
vt 0.6371445 0.7438468
vt 0.5491994 0.0275575
vt 0.1478079 0.5981215
vt 0.1478079 0.6318008
vt 0.8030212 0.2179404
vt 0.0724057 0.0140479
vt 0.0725712 0.0113343
vt 0.0702016 0.3507125
vt 0.1484006 0.6641841
vt 0.6869077 0.0851681
vt 0.5503254 0.0276044
vt 0.7959124 0.5534326
vt 0.6875001 0.0838728
vt 0.6152252 0.0048578
vt 0.6827608 0.3649612
vt 0.1140404 0.0275258
vt 0.9155806 0.2011009
vt 0.7965048 0.5365930
vt 0.0085901 0.0035621
vt 0.0085901 0.0048574
vt 0.1146328 0.0262306
vt 0.3261256 0.5521373
vt 0.3261256 0.5909976
vt 0.1359597 0.1084841
vt 0.1359597 0.1214380
vt 0.0725711 0.3558936
vt 0.3267180 0.5521373
vt 0.0097749 0.0048574
vt 0.5228080 0.0126292
vt 0.1371445 0.1007126
vt 0.1371445 0.1084841
vt 0.0103672 0.0048574
vt 0.1164099 0.0275258
vt 0.5044430 0.0676813
vt 0.0737558 0.3429404
vt 0.3279027 0.5521373
vt 0.7497037 0.4297279
vt 0.6904620 0.0890545
vt 0.0109596 0.0035621
vt 0.3284951 0.5521373
vt 0.7994667 0.5909976
vt 0.7502961 0.4297279
vt 0.9191352 0.2205310
vt 0.0749409 0.3429404
vt 0.1128556 0.5521375
vt 0.5062205 0.0553758
vt 0.9197276 0.2075778
vt 0.0755333 0.3442356
vt 0.7129740 0.3455309
vt 0.5696091 0.0126293
vt 0.1329977 0.0288214
vt 0.6922394 0.0877593
vt 0.1395143 0.1007126
vt 0.1395143 0.1188468
vt 0.9203200 0.2075778
vt 0.1401067 0.1136658
vt 0.5263626 0.0126292
vt 0.6448460 0.7399611
vt 0.0909360 0.0139251
vt 0.5269550 0.0139251
vt 0.5275474 0.0126292
vt 0.3320497 0.5340024
vt 0.2734004 0.5715673
vt 0.2734004 0.5858158
vt 0.6946089 0.0825776
vt 0.3326421 0.5340024
vt 0.6466231 0.6816707
vt 0.6952013 0.0799871
vt 0.4179501 0.4148317
vt 0.5287321 0.0126292
vt 0.8776657 0.2283033
vt 0.8036136 0.0132772
vt 0.6957937 0.0877593
vt 0.3338271 0.5715675
vt 0.6478082 0.6842618
vt 0.1229267 0.0262306
vt 0.0820927 0.0152126
vt 0.8788508 0.2023965
vt 0.9244669 0.2308937
vt 0.2757702 0.5391840
vt 0.6134480 0.0378883
vt 0.0944906 0.0113340
vt 0.5305096 0.0139251
vt 0.0828883 0.0151830
vt 0.0950830 0.0126292
vt 0.0162915 0.0035620
vt 0.1241114 0.0249353
vt 0.1241114 0.0275258
vt 0.1039692 0.0113343
vt 0.0838270 0.0113343
vt 0.3356043 0.5340024
vt 0.7574052 0.4297279
vt 0.7574052 0.4672929
vt 0.6981635 0.0942355
vt 0.0168839 0.0035620
vt 0.1247038 0.0249353
vt 0.1247038 0.0288211
vt 0.5127369 0.0553758
vt 0.2775474 0.5780442
vt 0.4760071 0.1810231
vt 0.4760071 0.1887953
vt 0.7579976 0.4232510
vt 0.7579976 0.4400906
vt 0.7579976 0.4491581
vt 0.7579976 0.4621113
vt 0.8154621 0.2308936
vt 0.5749407 0.0126298
vt 0.0962678 0.0113340
vt 0.0174763 0.0035620
vt 0.0174763 0.0048573
vt 0.1252962 0.0249353
vt 0.5133293 0.0689766
vt 0.4765995 0.1913858
vt 0.7585900 0.4621113
vt 0.4220971 0.3785619
vt 0.0968601 0.0113340
vt 0.1258886 0.0262306
vt 0.1258886 0.0275258
vt 0.0856042 0.0113343
vt 0.0856042 0.0139248
vt 0.3373814 0.5715675
vt 0.6952013 0.3455311
vt 0.0186610 0.0035620
vt 0.1264809 0.0249353
vt 0.1264809 0.0275258
vt 0.5334715 0.0139251
vt 0.1057972 0.0155131
vt 0.4037321 0.6713083
vt 0.4037321 0.7082254
vt 0.4037321 0.7464377
vt 0.4777842 0.1849095
vt 0.1412913 0.0275262
vt 0.0980449 0.0152204
vt 0.1270733 0.0223448
vt 0.5340638 0.0139251
vt 0.5340638 0.0152204
vt 0.1276652 0.0223450
vt 0.1276656 0.0223448
vt 0.8095380 0.5702722
vt 0.6525475 0.7360753
vt 0.1418840 0.0275262
vt 0.8178319 0.2036919
vt 0.4238745 0.3785619
vt 0.0986376 0.0139251
vt 0.1276660 0.0223448
vt 0.1276660 0.0249353
vt 0.1229266 0.5327074
vt 0.6181873 0.0469557
vt 0.4244669 0.3733809
vt 0.4244669 0.4135365
vt 0.3397512 0.5521373
vt 0.4061019 0.7082254
vt 0.9303910 0.2283032
vt 0.3403436 0.5521373
vt 0.6543247 0.7036920
vt 0.8196090 0.2295983
vt 0.9309834 0.2192358
vt 0.1649881 0.0612049
vt 0.6549170 0.7464380
vt 0.7248222 0.3649611
vt 0.3415284 0.5909976
vt 0.1655805 0.0534327
vt 0.4813388 0.1823183
vt 0.4078791 0.6719559
vt 0.4078791 0.7082254
vt 0.4078791 0.7464377
vt 0.1258885 0.5845208
vt 0.7639217 0.4569302
vt 0.7260070 0.3273961
vt 0.1264809 0.5365931
vt 0.8136847 0.5702722
vt 0.2846565 0.5391840
vt 0.7058651 0.0838728
vt 0.5820499 0.0126298
vt 0.5186612 0.0689768
vt 0.3438982 0.5715675
vt 0.7064574 0.0825776
vt 0.5192536 0.0553757
vt 0.7662915 0.4672929
vt 0.4297986 0.4135365
vt 0.1288507 0.5521375
vt 0.7674763 0.4452723
vt 0.8249407 0.2011007
vt 0.3462677 0.5909976
vt 0.7088270 0.0942355
vt 0.3468601 0.5909976
vt 0.7686610 0.4621113
vt 0.9374999 0.2218263
vt 0.3474525 0.5650905
vt 0.3474525 0.5728627
vt 0.3474525 0.5884064
vt 0.3474525 0.5909976
vt 0.2888032 0.5340023
vt 0.8184240 0.5430699
vt 0.8184240 0.5508421
vt 0.1318129 0.5340026
vt 0.1318129 0.5547280
vt 0.6620262 0.7244174
vt 0.7106044 0.0942355
vt 0.5739346 0.0283993
vt 0.5739808 0.0284033
vt 0.9683058 0.1330958
vt 0.9683058 0.1557641
vt 0.1324053 0.5340026
vt 0.6626186 0.7244174
vt 0.4884480 0.1784326
vt 0.5743844 0.0284360
vt 0.0950830 0.3248055
vt 0.2905806 0.5909974
vt 0.4345380 0.3733809
vt 0.4345380 0.4135365
vt 0.9694905 0.1330958
vt 0.1335901 0.5547280
vt 0.1531398 0.0223445
vt 0.4351304 0.3746762
vt 0.4499408 0.3733807
vt 0.0962678 0.3261007
vt 0.0962678 0.3351682
vt 0.3504147 0.5378889
vt 0.4505332 0.4070593
vt 0.5761575 0.0236528
vt 0.5761628 0.0237626
vt 0.5761652 0.0247758
vt 0.5762371 0.0285855
vt 0.9706753 0.1330958
vt 0.9706753 0.1557641
vt 0.4908175 0.1784326
vt 0.7135663 0.0799871
vt 0.4511255 0.3733807
vt 0.8219786 0.0132772
vt 0.1353672 0.5327074
vt 0.1353672 0.5378884
vt 0.1353672 0.5715676
vt 0.2929501 0.5586141
vt 0.7141587 0.0773966
vt 0.7141587 0.0786918
vt 0.4369075 0.3746762
vt 0.4517179 0.3837434
vt 0.4517179 0.3889251
vt 0.1201951 0.0113343
vt 0.6661729 0.7231215
vt 0.5216231 0.0469556
vt 0.4523103 0.4148315
vt 0.0986376 0.3377593
vt 0.1365523 0.5547280
vt 0.1365523 0.5560233
vt 0.6667655 0.6726039
vt 0.6946091 0.2004535
vt 0.0992300 0.3390546
vt 0.5228082 0.0365930
vt 0.4534954 0.3837434
vt 0.5287323 0.0553757
vt 0.5287323 0.0689768
vt 0.9440166 0.2140541
vt 0.1199645 0.3248058
vt 0.1199645 0.3442359
vt 0.1199645 0.3649613
vt 0.7763626 0.4323184
vt 0.7763626 0.4672929
vt 0.8338270 0.2153498
vt 0.1389218 0.5637954
vt 0.6691351 0.6751944
vt 0.5245853 0.0365930
vt 0.4404621 0.3785619
vt 0.4404621 0.3876294
vt 0.1211493 0.3248058
vt 0.6967619 0.2089628
vt 0.6968904 0.2094705
vt 0.9001777 0.2295985
vt 0.6969786 0.2004535
vt 0.1395142 0.5637954
vt 0.6697274 0.7257126
vt 0.1537322 0.5981215
vt 0.1537322 0.6305049
vt 0.1537322 0.6641841
vt 0.1217416 0.3442359
vt 0.1217416 0.3649613
vt 0.6970492 0.2091833
vt 0.6973663 0.2086100
vt 0.3261255 0.4750645
vt 0.3261255 0.4919041
vt 0.3261255 0.5229922
vt 0.7313388 0.3261012
vt 0.7313388 0.3649608
vt 0.1223340 0.3571891
vt 0.6977391 0.2097128
vt 0.9013624 0.2036918
vt 0.4422392 0.3785619
vt 0.4422392 0.3876294
vt 0.1229264 0.3558939
vt 0.1229264 0.3571891
vt 0.9019551 0.2036918
vt 0.7325238 0.3261012
vt 0.7200831 0.0903498
vt 0.4428319 0.4148317
vt 0.1235191 0.3558939
vt 0.6993484 0.2004535
vt 0.1418840 0.5845208
vt 0.6720973 0.7308936
vt 0.1561020 0.6318008
vt 0.7331162 0.3261012
vt 0.7331162 0.3649608
vt 0.4434243 0.4148317
vt 0.1241115 0.3558939
vt 0.9031399 0.2302461
vt 0.4985190 0.1628889
vt 0.6732820 0.6907381
vt 0.4446090 0.4148317
vt 0.4997038 0.1628889
vt 0.8314573 0.5871112
vt 0.1845379 0.0689765
vt 0.1584715 0.6318008
vt 0.1584715 0.6641841
vt 0.1264810 0.3649613
vt 0.9055094 0.2308938
vt 0.7023103 0.2308936
vt 0.5008885 0.1654794
vt 0.1590639 0.6551167
vt 0.4452013 0.1020080
vt 0.4452013 0.1227333
vt 0.1596563 0.6318008
vt 0.9066944 0.2049870
vt 0.5020736 0.1667746
vt 0.1602489 0.6641841
vt 0.1282584 0.3261011
vt 0.9072868 0.2308938
vt 0.7040878 0.2172928
vt 0.6768366 0.6946245
vt 0.1288508 0.3649613
vt 0.7046802 0.2302460
vt 0.1478081 0.5391836
vt 0.9090640 0.2295985
vt 0.1454384 0.1007124
vt 0.1454384 0.1227330
vt 0.1484005 0.5832256
vt 0.3504146 0.0547281
vt 0.1489928 0.5832256
vt 0.1632108 0.6551167
vt 0.9102487 0.2049870
vt 0.1466231 0.1007124
vt 0.1495852 0.5340026
vt 0.1495852 0.5391836
vt 0.1495852 0.5767486
vt 0.4493482 0.1020080
vt 0.6797985 0.7088730
vt 0.3515994 0.0689765
vt 0.3664098 0.5663858
vt 0.1501776 0.5871113
vt 0.9499406 0.2412562
vt 0.9499406 0.2749354
vt 0.2615520 0.1298576
vt 0.1478082 0.1007124
vt 0.1478082 0.1227330
vt 0.4505333 0.1020080
vt 0.4505333 0.1227333
vt 0.1329978 0.3261011
vt 0.1329978 0.3649613
vt 0.3350119 0.0119819
vt 0.3350119 0.0152287
vt 0.3350119 0.0152404
vt 0.3350119 0.0154414
vt 0.2627371 0.1557640
vt 0.3415285 0.2412567
vt 0.3415285 0.2749353
vt 0.3351379 0.0152172
vt 0.1661730 0.6641841
vt 0.3101304 0.5793395
vt 0.9523104 0.2464378
vt 0.3427133 0.2749353
vt 0.2645142 0.1298576
vt 0.1673578 0.6318008
vt 0.8486374 0.2011007
vt 0.3373815 0.0119819
vt 0.1537322 0.5352979
vt 0.8409360 0.5495468
vt 0.8492298 0.2011007
vt 0.3403435 0.4996763
vt 0.3403435 0.5255827
vt 0.6845378 0.6751944
vt 0.1685426 0.5981215
vt 0.3444904 0.2412567
vt 0.3444904 0.2749353
vt 0.3563387 0.0657384
vt 0.8415283 0.0152201
vt 0.3409359 0.4750645
vt 0.1549169 0.5352979
vt 0.1549169 0.5560233
vt 0.1549169 0.5909971
vt 0.3124999 0.5456609
vt 0.6851302 0.7153499
vt 0.6851302 0.7231215
vt 0.8504146 0.2270078
vt 0.6098932 0.0152203
vt 0.3450828 0.2373702
vt 0.0026659 0.2809568
vt 0.0026659 0.3190945
vt 0.5619076 0.7924972
vt 0.5619076 0.8306346
vt 0.9114338 0.5385362
vt 0.9114338 0.5644429
vt 0.9114338 0.5909973
vt 0.2491115 0.0463082
vt 0.6128556 0.5255831
vt 0.1531399 0.1123706
vt 0.1531399 0.1201428
vt 0.5074053 0.1628886
vt 0.5074053 0.1913862
vt 0.1223343 0.9413858
vt 0.1223343 0.9621112
vt 0.6531399 0.6033031
vt 0.6531399 0.6343912
vt 0.6531399 0.6641840
vt 0.6892774 0.6033030
vt 0.6892774 0.6292101
vt 0.6892774 0.6305054
vt 0.6892774 0.6641840
vt 0.0026660 0.8416453
vt 0.0026660 0.9219556
vt 0.0032572 0.2809568
vt 0.5624989 0.7924972
vt 0.2497039 0.0359455
vt 0.1229266 0.9413858
vt 0.0032584 0.9323183
vt 0.0038483 0.2809568
vt 0.6904621 0.6641840
vt 0.0038508 0.8390541
vt 0.1549171 0.1201428
vt 0.1241114 0.9970857
vt 0.0044431 0.8792096
vt 0.0044431 0.9647023
vt 0.0050355 0.8416453
vt 0.0050355 0.9970857
vt 0.6158175 0.5022665
vt 0.1258885 0.9297278
vt 0.0062203 0.9167746
vt 0.1264809 0.9193651
vt 0.1264809 0.9595207
vt 0.6187797 0.4789506
vt 0.2556280 0.0469558
vt 0.6596564 0.6343912
vt 0.6199644 0.5022665
vt 0.1294431 0.9595207
vt 0.0103522 0.3190945
vt 0.2568127 0.0359455
vt 0.0109435 0.3190945
vt 0.5701853 0.8112426
vt 0.1306279 0.9595207
vt 0.6975710 0.6473443
vt 0.0115347 0.3003488
vt 0.5707764 0.7731049
vt 0.5707764 0.8112426
vt 0.6981634 0.6641840
vt 0.6993484 0.6033030
vt 0.6993484 0.6292101
vt 0.6999408 0.6058936
vt 0.6999408 0.6227332
vt 0.6999408 0.6292101
vt 0.1359596 0.9608159
vt 0.6276660 0.4789506
vt 0.7254148 0.0786918
vt 0.6685427 0.6071889
vt 0.7052725 0.6058936
vt 0.7052725 0.6227332
vt 0.7052725 0.6292101
vt 0.7052725 0.6305054
vt 0.7052725 0.6641840
vt 0.0186612 0.8908676
vt 0.0186612 0.9439770
vt 0.5784628 0.7924972
vt 0.1389218 0.9608159
vt 0.5790541 0.7543595
vt 0.5790541 0.8306346
vt 0.1395142 0.9193651
vt 0.1395142 0.9543396
vt 0.1738744 0.5981219
vt 0.0198459 0.9763603
vt 0.5796453 0.7543595
vt 0.5796453 0.7924972
vt 0.5796453 0.8306346
vt 0.5802366 0.7924972
vt 0.1750591 0.6318005
vt 0.0346563 0.5048577
vt 0.5808279 0.7543595
vt 0.5808279 0.7924972
vt 0.5808279 0.8306346
vt 0.0352489 0.5009713
vt 0.0216234 0.9206604
vt 0.5814191 0.8299883
vt 0.1418840 0.9530437
vt 0.1762442 0.6641839
vt 0.0222157 0.9258421
vt 0.5820104 0.7550058
vt 0.5820104 0.7815081
vt 0.5820104 0.8080107
vt 0.1424764 0.9530437
vt 0.0376185 0.5191062
vt 0.5293246 0.1771371
vt 0.5293246 0.1913862
vt 0.6353672 0.4776554
vt 0.0393956 0.5061530
vt 0.0393956 0.5191062
vt 0.0393956 0.5255831
vt 0.9351305 0.5385362
vt 0.9351305 0.5644429
vt 0.9351305 0.5909973
vt 0.1768366 0.1007126
vt 0.1768366 0.1201428
vt 0.1460309 0.8960492
vt 0.1205570 0.2308936
vt 0.7544432 0.1042908
vt 0.7544432 0.1227330
vt 0.1472157 0.9413858
vt 0.0275475 0.9245468
vt 0.1478081 0.9919040
vt 0.0281398 0.9193651
vt 0.0281398 0.9245468
vt 0.5879230 0.7815081
vt 0.1484005 0.9919040
vt 0.1827606 0.6318005
vt 0.0423578 0.5100387
vt 0.0423578 0.5152204
vt 0.0287322 0.9258421
vt 0.0299170 0.9180699
vt 0.0305093 0.8908676
vt 0.0311020 0.8649612
vt 0.3462679 0.5100387
vt 0.0316944 0.8416453
vt 0.5914704 0.8299883
vt 0.1519550 0.9530437
vt 0.0322868 0.8805049
vt 0.0322868 0.9167746
vt 0.5920617 0.8299883
vt 0.1525474 0.9323183
vt 0.6436611 0.5229919
vt 0.6839455 0.6253238
vt 0.5932442 0.7550058
vt 0.0476895 0.4828371
vt 0.0340639 0.8364636
vt 0.0340639 0.8403500
vt 0.5938355 0.7550058
vt 0.6448459 0.5152204
vt 0.1543245 0.9025262
vt 0.1543245 0.9530437
vt 0.1543245 0.9919040
vt 0.1886847 0.5981219
vt 0.1886847 0.6033030
vt 0.1886847 0.6434585
vt 0.7624908 0.1026556
vt 0.5944267 0.7550058
vt 0.1549169 0.9232516
vt 0.1549169 0.9530437
vt 0.0352487 0.9556349
vt 0.5950180 0.7550058
vt 0.0358414 0.9893135
vt 0.0358414 0.9970857
vt 0.2698460 0.1298575
vt 0.0370261 0.8805049
vt 0.1310552 0.2242640
vt 0.1880924 0.1201428
vt 0.1880924 0.1227333
vt 0.7455569 0.0786918
vt 0.0376185 0.8545985
vt 0.0376185 0.8766191
vt 0.7384478 0.3261011
vt 0.7384478 0.3273964
vt 0.7384478 0.3649611
vt 0.0388033 0.9426810
vt 0.3539691 0.4880181
vt 0.0393956 0.8895723
vt 0.7393654 0.3461922
vt 0.3545615 0.4880181
vt 0.1596563 0.9919040
vt 0.7399656 0.3504134
vt 0.7399970 0.3502803
vt 0.7354859 0.0689767
vt 0.0405807 0.8805049
vt 0.0411731 0.9180699
vt 0.7414100 0.3299869
vt 0.6519550 0.4919038
vt 0.3569313 0.4880181
vt 0.1963863 0.6033030
vt 0.1963863 0.6434585
vt 0.0423578 0.8403500
vt 0.0423578 0.8766191
vt 0.0423578 0.8805049
vt 0.6021131 0.7931435
vt 0.1626185 0.9724739
vt 0.7106042 0.6240284
vt 0.7106042 0.6615935
vt 0.0429502 0.8429405
vt 0.0429502 0.8494168
vt 0.0429502 0.8830960
vt 0.0429502 0.9167746
vt 0.6027044 0.7737515
vt 0.6027044 0.7931435
vt 0.7111966 0.6033030
vt 0.7437795 0.3571892
vt 0.7437795 0.3597797
vt 0.1638032 0.9724739
vt 0.5814573 0.0236398
vt 0.0441350 0.8481215
vt 0.7443719 0.3571892
vt 0.1389219 0.2147020
vt 0.1963864 0.1201428
vt 0.3610783 0.5255831
vt 0.1661730 0.9724739
vt 0.0465048 0.8468263
vt 0.3616706 0.5255831
vt 0.1981635 0.1007126
vt 0.1981635 0.1201428
vt 0.0613151 0.5100387
vt 0.0476896 0.8494168
vt 0.1418838 0.2147020
vt 0.6572867 0.5255831
vt 0.0619075 0.5126292
vt 0.0482819 0.8830960
vt 0.6578791 0.4776554
vt 0.6578791 0.4996760
vt 0.1685426 0.9776555
vt 0.0488743 0.8468263
vt 0.1428575 0.2162990
vt 0.0630923 0.5074482
vt 0.7775475 0.1227330
vt 0.0500594 0.9439770
vt 0.7450611 0.0566613
vt 0.6103907 0.8306346
vt 0.2840640 0.1557645
vt 0.7591825 0.0942355
vt 0.0512441 0.9685881
vt 0.6109819 0.7931435
vt 0.7467337 0.0560235
vt 0.3664100 0.4854276
vt 0.0654621 0.4919038
vt 0.0654621 0.5126292
vt 0.0518365 0.9167746
vt 0.6115732 0.7569450
vt 0.6115732 0.7937898
vt 0.3670024 0.4854276
vt 0.0536136 0.8494168
vt 0.0536136 0.8830960
vt 0.0536136 0.9167746
vt 0.3687795 0.4776554
vt 0.1738743 0.9919040
vt 0.3652250 0.9206608
vt 0.3693722 0.5048577
vt 0.3658177 0.9582252
vt 0.3658177 0.9957902
vt 0.0547987 0.9310231
vt 0.7502963 0.0560235
vt 0.3699645 0.5048577
vt 0.1750593 0.9232516
vt 0.1750593 0.9530437
vt 0.0690167 0.4750649
vt 0.0690167 0.5229919
vt 0.8426090 0.1224974
vt 0.5228081 0.5352980
vt 0.7236375 0.6615935
vt 0.0559835 0.9310231
vt 0.2893958 0.1298575
vt 0.3711493 0.5048577
vt 0.5234005 0.5624997
vt 0.5234005 0.5909973
vt 0.3717417 0.4776554
vt 0.7651066 0.0786918
vt 0.3681872 0.9582252
vt 0.1774289 0.9919040
vt 0.7656990 0.0773966
vt 0.1786136 0.9543396
vt 0.0589454 0.9193651
vt 0.2525545 0.0944197
vt 0.7870262 0.1026556
vt 0.6389219 0.9284326
vt 0.6389219 0.9582254
vt 0.6389219 0.9970857
vt 0.7271921 0.6421633
vt 0.0731636 0.4789506
vt 0.3705570 0.9957902
vt 0.5269551 0.5624997
vt 0.7680688 0.0929403
vt 0.6204421 0.8125355
vt 0.7692536 0.0773966
vt 0.1552982 0.2057136
vt 0.6210334 0.8125355
vt 0.0619076 0.9504532
vt 0.0624999 0.9504532
vt 0.6222159 0.7756907
vt 0.6222159 0.8125355
vt 0.3776658 0.4983808
vt 0.6726894 0.5126292
vt 0.5305093 0.5909973
vt 0.7716231 0.0916450
vt 0.8508865 0.1031054
vt 0.6233984 0.8306346
vt 0.1578793 0.1985103
vt 0.4558651 0.1020075
vt 0.4558651 0.1136661
vt 0.4558651 0.1227328
vt 0.0779030 0.4802459
vt 0.8514778 0.1031054
vt 0.5316944 0.5624997
vt 0.7728082 0.0812823
vt 0.6744669 0.5126292
vt 0.7739929 0.0864640
vt 0.0660545 0.9206604
vt 0.0660545 0.9504532
vt 0.1599355 0.2018826
vt 0.0666469 0.9802461
vt 0.0666469 0.9957904
vt 0.2602409 0.0756740
vt 0.5222156 0.1227333
vt 0.8610781 0.9957904
vt 0.3835902 0.4750649
vt 0.7366707 0.6421633
vt 0.7366707 0.6615935
vt 0.0826423 0.4776554
vt 0.3800357 0.9582252
vt 0.8628556 0.9737691
vt 0.6489930 0.9582254
vt 0.3847749 0.5204014
vt 0.6495854 0.9582254
vt 0.0838271 0.4750649
vt 0.0838271 0.4996760
vt 0.6797986 0.4776554
vt 0.6797986 0.4893133
vt 0.3853673 0.4815411
vt 0.3853673 0.5204014
vt 0.8652251 0.9504532
vt 0.6310847 0.8306346
vt 0.2034952 0.1007125
vt 0.2034952 0.1214379
vt 0.3865521 0.5204014
vt 0.0856042 0.4750649
vt 0.0856042 0.4983808
vt 0.8658175 0.9180699
vt 0.8658175 0.9517485
vt 0.8591642 0.1224974
vt 0.3871445 0.5255831
vt 0.5399880 0.5352980
vt 0.6104856 0.0288215
vt 0.8012442 0.1026556
vt 0.8012442 0.1227330
vt 0.5405807 0.5624997
vt 0.5405807 0.5897020
vt 0.8330943 0.4810726
vt 0.6334497 0.7569450
vt 0.6334497 0.7937898
vt 0.6334497 0.8306346
vt 0.3889219 0.5035624
vt 0.5453200 0.1020076
vt 0.5453200 0.1227330
vt 0.7420025 0.6045983
vt 0.7420025 0.6149610
vt 0.6116707 0.0236398
vt 0.6116707 0.0262303
vt 0.3853674 0.9193656
vt 0.7425948 0.6615935
vt 0.0885664 0.4763601
vt 0.0885664 0.4893133
vt 0.3083531 0.1298575
vt 0.5309619 0.1081627
vt 0.2076422 0.1007125
vt 0.8366419 0.5256743
vt 0.3924762 0.5009713
vt 0.0915283 0.4996760
vt 0.3889217 0.9206608
vt 0.6875001 0.5255831
vt 0.1649882 0.2140541
vt 0.0933057 0.4763601
vt 0.6596564 0.9284326
vt 0.6596564 0.9582254
vt 0.6596564 0.9970857
vt 0.5355001 0.1020079
vt 0.9493483 0.2011007
vt 0.9493483 0.2308936
vt 0.6602488 0.9349095
vt 0.6602488 0.9582254
vt 0.6614336 0.9970857
vt 0.3978082 0.4750649
vt 0.8770736 0.9672928
vt 0.3948461 0.9970854
vt 0.8776660 0.9672928
vt 0.8428500 0.4804259
vt 0.6638034 0.9970857
vt 0.0980451 0.5100387
vt 0.3954384 0.9970854
vt 0.8782584 0.9349095
vt 0.2776830 0.0756740
vt 0.8434413 0.4804259
vt 0.5399882 0.1020079
vt 0.6643958 0.9970857
vt 0.0986375 0.5100387
vt 0.0986375 0.5204014
vt 0.0992298 0.4828371
vt 0.0992298 0.5204014
vt 0.7793246 0.0773965
vt 0.4777843 0.1020075
vt 0.0998222 0.4828371
vt 0.0998222 0.5204014
vt 0.4013625 0.5216967
vt 0.5577606 0.1020076
vt 0.1004146 0.4828371
vt 0.3978080 0.9970854
vt 0.5583529 0.1020076
vt 0.5583529 0.1227330
vt 0.4025475 0.5242878
vt 0.3989930 0.9193656
vt 0.3995854 0.9970854
vt 0.5601304 0.1020076
vt 0.6703198 0.9349095
vt 0.6703198 0.9582254
vt 0.6709122 0.9569302
vt 0.6709122 0.9582254
vt 0.6715046 0.9569302
vt 0.2242300 0.1110752
vt 0.2242300 0.1214379
vt 0.4072869 0.5255831
vt 0.6720973 0.9582254
vt 0.4843011 0.1020075
vt 0.4037324 0.9582252
vt 0.2859607 0.0944197
vt 0.6726897 0.9582254
vt 0.4043247 0.9582252
vt 0.4084716 0.5087435
vt 0.6732820 0.9582254
vt 0.2260071 0.1110752
vt 0.4860782 0.1020075
vt 0.4860782 0.1227328
vt 0.7621446 0.6615935
vt 0.4055095 0.9582252
vt 0.7627369 0.6615935
vt 0.8889218 0.9970857
vt 0.6750592 0.9776555
vt 0.8895142 0.9841318
vt 0.8546753 0.4797796
vt 0.7893956 0.0858160
vt 0.4108411 0.5087435
vt 0.8552665 0.4797796
vt 0.7899880 0.0832255
vt 0.4078790 0.9582252
vt 0.8906989 0.9517485
vt 0.8906989 0.9893135
vt 0.8558578 0.5237350
vt 0.8912916 0.9180699
vt 0.8912916 0.9776555
vt 0.8564489 0.5237350
vt 0.4126186 0.5242878
vt 0.4090641 0.9582252
vt 0.1839456 0.2140541
vt 0.6780214 0.9297278
vt 0.1122631 0.4828371
vt 0.4096565 0.9102981
vt 0.4096565 0.9582252
vt 0.4096565 0.9776553
vt 0.8924764 0.9193651
vt 0.8924764 0.9893135
vt 0.8308649 0.6933292
vt 0.6786138 0.9297278
vt 0.8930687 0.9582254
vt 0.4143957 0.5126292
vt 0.6792061 0.9297278
vt 0.4914099 0.1020075
vt 0.7674763 0.6330959
vt 0.8936611 0.9970857
vt 0.1140402 0.4828371
vt 0.4155805 0.5191062
vt 0.9694904 0.2011007
vt 0.9694904 0.2308936
vt 0.8599965 0.4791333
vt 0.4161729 0.5009713
vt 0.9748221 0.2011009
vt 0.9748221 0.2308937
vt 0.4126184 0.9206608
vt 0.8338271 0.7075777
vt 0.2017181 0.6201424
vt 0.1158177 0.4828371
vt 0.8960309 0.9970857
vt 0.8611790 0.4791333
vt 0.7497039 0.3261011
vt 0.7497039 0.3643134
vt 0.8344195 0.6933292
vt 0.2023105 0.6201424
vt 0.1164100 0.4828371
vt 0.8350119 0.6933292
vt 0.8350119 0.7140546
vt 0.8350119 0.7192356
vt 0.8350119 0.7451427
vt 0.7716232 0.6641840
vt 0.8361967 0.6933292
vt 0.7722156 0.6330959
vt 0.1904620 0.1985104
vt 0.2046800 0.6356868
vt 0.7728080 0.6045983
vt 0.4161729 0.9102981
vt 0.4161729 0.9193656
vt 0.7988743 0.0832255
vt 0.6851302 0.9582254
vt 0.2562203 0.5981220
vt 0.2562203 0.6318006
vt 0.2562203 0.6641840
vt 0.8995852 0.9970857
vt 0.5773103 0.1123703
vt 0.9795615 0.2023961
vt 0.4173577 0.9102981
vt 0.6863153 0.9569302
vt 0.4179504 0.9206608
vt 0.8659091 0.5011109
vt 0.7544432 0.3261011
vt 0.8665004 0.5011109
vt 0.6875001 0.9582254
vt 0.4191351 0.9102981
vt 0.8670916 0.5011109
vt 0.7556280 0.3261011
vt 0.4197275 0.9206608
vt 0.4197275 0.9582252
vt 0.4197275 0.9970854
vt 0.7562204 0.3261011
vt 0.6886848 0.9970857
vt 0.4203199 0.9323188
vt 0.4203199 0.9647021
vt 0.4203199 0.9970854
vt 0.1241113 0.5204014
vt 0.8694567 0.4836581
vt 0.9843008 0.2023961
vt 0.9843008 0.2308937
vt 0.9049169 0.9387953
vt 0.2431873 0.1020078
vt 0.1969788 0.2308937
vt 0.2111968 0.6641837
vt 0.0026660 0.1615933
vt 0.0026660 0.1913861
vt 0.9055096 0.9763603
vt 0.2437797 0.1227332
vt 0.2117892 0.6473447
vt 0.4232821 0.9647021
vt 0.7597749 0.3643134
vt 0.2123816 0.6473447
vt 0.8718217 0.4998183
vt 0.7603673 0.3643134
vt 0.6928318 0.9582254
vt 0.6934242 0.9970857
vt 0.1276659 0.5204014
vt 0.7893957 0.1324482
vt 0.4250592 0.9154791
vt 0.4250592 0.9323188
vt 0.7615521 0.3261011
vt 0.6940165 0.9310231
vt 0.6940165 0.9776555
vt 0.6940165 0.9802461
vt 0.1282582 0.5204014
vt 0.4256516 0.9323188
vt 0.4256516 0.9647021
vt 0.4256516 0.9970854
vt 0.6946089 0.9310231
vt 0.2473340 0.1020078
vt 0.6952013 0.9802461
vt 0.8747780 0.5198566
vt 0.6957940 0.9154794
vt 0.8753693 0.5198566
vt 0.7639219 0.3261011
vt 0.7645143 0.3261011
vt 0.7645143 0.3649610
vt 0.8492299 0.6790801
vt 0.8765518 0.5224421
vt 0.2686612 0.6641840
vt 0.3717417 0.5871113
vt 0.8771431 0.5036964
vt 0.2692535 0.6149610
vt 0.2692535 0.6486396
vt 0.8777343 0.5036964
vt 0.3729265 0.5495463
vt 0.8783256 0.5036964
vt 0.0109596 0.1615933
vt 0.7005333 0.9582254
vt 0.8800994 0.5036964
vt 0.7011257 0.9582254
vt 0.2722157 0.6486396
vt 0.8806905 0.5036964
vt 0.2218602 0.6473447
vt 0.7982820 0.1363340
vt 0.7029028 0.9426810
vt 0.7029028 0.9582254
vt 0.1371445 0.4970855
vt 0.9173578 0.9193651
vt 0.8170019 0.0941640
vt 0.8170312 0.0941517
vt 0.9179502 0.9569302
vt 0.8172757 0.0940766
vt 0.8563388 0.6998055
vt 0.8563388 0.7192356
vt 0.8563388 0.7451427
vt 0.2100118 0.1985104
vt 0.5956753 0.1227330
vt 0.7040876 0.9271373
vt 0.9185426 0.9193651
vt 0.9185426 0.9582254
vt 0.9185426 0.9944945
vt 0.8184240 0.0890544
vt 0.8569311 0.6894428
vt 0.5168838 0.1020075
vt 0.5168838 0.1214376
vt 0.9191349 0.9582254
vt 0.7555772 0.0615596
vt 0.9197276 0.9970857
vt 0.7058650 0.9413858
vt 0.4463864 0.5994170
vt 0.9203200 0.9970857
vt 0.7064574 0.9970857
vt 0.9209124 0.9206604
vt 0.8860119 0.5224421
vt 0.7574052 0.0657384
vt 0.8866031 0.5224421
vt 0.7579976 0.0657384
vt 0.7585801 0.0607076
vt 0.0198459 0.1615933
vt 0.0198459 0.1900909
vt 0.7591414 0.0603956
vt 0.5459122 0.5352976
vt 0.5459122 0.5637952
vt 0.5459122 0.5909975
vt 0.6335900 0.2749355
vt 0.5465046 0.5352976
vt 0.7607189 0.0596590
vt 0.2307038 0.5981542
vt 0.2307294 0.5981350
vt 0.2307468 0.5981232
vt 0.2307471 0.5981218
vt 0.2313389 0.5981218
vt 0.9256517 0.9582254
vt 0.8907419 0.5224421
vt 0.3560575 0.0232979
vt 0.3504147 0.2749353
vt 0.7117891 0.9413858
vt 0.7117891 0.9582254
vt 0.4523104 0.6318003
vt 0.3569114 0.0236181
vt 0.3510071 0.2373703
vt 0.0251777 0.1615933
vt 0.0251777 0.1913861
vt 0.1466232 0.4737696
vt 0.8919245 0.5224421
vt 0.7129739 0.9763603
vt 0.6377369 0.2386657
vt 0.8925157 0.4843044
vt 0.8095378 0.1363340
vt 0.3877369 0.5625002
vt 0.9280212 0.9582254
vt 0.3593011 0.0281736
vt 0.6395144 0.2386657
vt 0.8681873 0.6790801
vt 0.3545617 0.2373703
vt 0.2360783 0.6279146
vt 0.4564574 0.5994170
vt 0.9303911 0.9970857
vt 0.6150379 0.0152140
vt 0.7165285 0.9970857
vt 0.1507702 0.4737696
vt 0.1507702 0.5255831
vt 0.6157613 0.0152447
vt 0.3616706 0.0288212
vt 0.8693720 0.6777848
vt 0.4576422 0.6318003
vt 0.8699644 0.7011007
vt 0.5547985 0.5637952
vt 0.9321682 0.9206604
vt 0.0168838 0.2807643
vt 0.0168838 0.3189766
vt 0.6928317 0.5242873
vt 0.4588269 0.6641836
vt 0.2775473 0.6641840
vt 0.1525473 0.5139251
vt 0.0174762 0.2807643
vt 0.5559833 0.5352976
vt 0.1531397 0.5229919
vt 0.8717418 0.7062824
vt 0.6940167 0.5009714
vt 0.2787324 0.6318007
vt 0.9339456 0.9582254
vt 0.0186612 0.3189766
vt 0.2402252 0.6266194
vt 0.2402252 0.6473447
vt 0.1543247 0.5165156
vt 0.6193721 0.0126296
vt 0.2799171 0.5981215
vt 0.1549171 0.5255831
vt 0.9351304 0.9582254
vt 0.9351304 0.9957904
vt 0.7716232 0.0562866
vt 0.7716232 0.0564896
vt 0.7716232 0.0566796
vt 0.7716232 0.0571161
vt 0.7716232 0.0689765
vt 0.0198460 0.2807643
vt 0.8735190 0.7075777
vt 0.2414100 0.6266194
vt 0.2414100 0.6473447
vt 0.6957939 0.4776555
vt 0.8747037 0.6998055
vt 0.5595379 0.5637952
vt 0.6217416 0.0126296
vt 0.8190165 0.1557641
vt 0.9374999 0.9206604
vt 0.9374999 0.9582254
vt 0.9374999 0.9957904
vt 0.3678683 0.0246516
vt 0.1578790 0.5126292
vt 0.7242300 0.9750650
vt 0.6993484 0.5022667
vt 0.2840641 0.6318007
vt 0.8776659 0.6777848
vt 0.8776659 0.6998055
vt 0.8776659 0.7075777
vt 0.8776659 0.7464379
vt 0.2455569 0.6641837
vt 0.9398697 0.9206604
vt 0.9398697 0.9582254
vt 0.2461493 0.6201424
vt 0.9404621 0.9582254
vt 0.0251777 0.2807643
vt 0.5636848 0.5884070
vt 0.0257701 0.2807643
vt 0.1614336 0.5126292
vt 0.5299170 0.0365934
vt 0.5299170 0.0469561
vt 0.9416469 0.9582254
vt 0.9416469 0.9970857
vt 0.1620260 0.4906086
vt 0.4019549 0.5884066
vt 0.9422392 0.9206604
vt 0.9422392 0.9582254
vt 0.9422392 0.9970857
vt 0.0370364 0.2809266
vt 0.0370364 0.3190643
vt 0.0269548 0.2807643
vt 0.7029027 0.5255826
vt 0.8243482 0.1479919
vt 0.4025473 0.5754534
vt 0.9428316 0.9582254
vt 0.9428316 0.9970857
vt 0.0376278 0.2809266
vt 0.0382191 0.2809266
vt 0.0382191 0.3190643
vt 0.6170025 0.0288213
vt 0.8818129 0.6998055
vt 0.2497039 0.6266194
vt 0.7040878 0.5022667
vt 0.4037323 0.5365931
vt 0.2502963 0.6266194
vt 0.2502963 0.6473447
vt 0.4043247 0.5909971
vt 0.9446091 0.9582254
vt 0.6181844 0.0236521
vt 0.2508886 0.6486400
vt 0.2508886 0.6564122
vt 0.7052725 0.4802461
vt 0.2899882 0.5981215
vt 0.8047986 0.1913862
vt 0.4049171 0.5625002
vt 0.0299170 0.3189766
vt 0.5340640 0.0365934
vt 0.7319312 0.9763603
vt 0.2911729 0.6318007
vt 0.4061018 0.5340026
vt 0.4061018 0.5625002
vt 0.4061018 0.5909971
vt 0.0435450 0.2808975
vt 0.0435450 0.3190352
vt 0.6194350 0.0235021
vt 0.9469786 0.9582254
vt 0.9469786 0.9957904
vt 0.0441362 0.2808975
vt 0.0316942 0.2807643
vt 0.0316942 0.3189766
vt 0.8853672 0.7218261
vt 0.3717416 0.2373703
vt 0.3717416 0.2593910
vt 0.0459122 0.1615933
vt 0.0459122 0.1913861
vt 0.2923577 0.6641840
vt 0.8071681 0.1641839
vt 0.8071681 0.1913862
vt 0.8290875 0.1415156
vt 0.0447275 0.2808975
vt 0.0447275 0.3190352
vt 0.4979267 0.1376294
vt 0.4979267 0.1531735
vt 0.1383295 0.3481216
vt 0.6389219 0.7988989
vt 0.6389219 0.8241580
vt 0.4985191 0.1376294
vt 0.4997038 0.1531735
vt 0.6412915 0.7891838
vt 0.6418838 0.7891838
vt 0.6430686 0.8306346
vt 0.6436613 0.7924223
vt 0.6448460 0.7542099
vt 0.6448460 0.7924223
vt 0.6448460 0.8306346
vt 0.1444517 0.3433740
vt 0.1444920 0.3434621
vt 0.1445151 0.3435125
vt 0.6454384 0.7697540
vt 0.6454384 0.7704016
vt 0.6454384 0.7736398
vt 0.6454384 0.8157385
vt 0.6454384 0.8176814
vt 0.6454384 0.8189766
vt 0.5056279 0.1311528
vt 0.5056279 0.1421632
vt 0.6466232 0.8099092
vt 0.6466232 0.8176814
vt 0.6472155 0.8306346
vt 0.1472155 0.3494172
vt 0.1519548 0.3487696
vt 0.1525475 0.3507125
vt 0.1525475 0.3591323
vt 0.5139218 0.1311528
vt 0.5139218 0.1415155
vt 0.1549170 0.3565414
vt 0.1555094 0.3597799
vt 0.6561018 0.8306346
vt 0.1561018 0.3565414
vt 0.1596564 0.3487696
vt 0.6608412 0.7665155
vt 0.1608411 0.3558938
vt 0.1608411 0.3584843
vt 0.6614336 0.7665155
vt 0.6620259 0.7671632
vt 0.6620259 0.8105571
vt 0.6620259 0.8150905
vt 0.5216234 0.1557643
vt 0.6626186 0.8105571
vt 0.1629838 0.3336456
vt 0.1646929 0.3325776
vt 0.6655805 0.8125000
vt 0.6655805 0.8131476
vt 0.1654832 0.3322197
vt 0.1655805 0.3643136
vt 0.6661729 0.8131476
vt 0.1661729 0.3623704
vt 0.6667653 0.8299869
vt 0.1667655 0.3565414
vt 0.1673579 0.3565414
vt 0.5287322 0.1311528
vt 0.5287322 0.1421632
vt 0.6709122 0.8150905
vt 0.1705107 0.3296176
vt 0.6720973 0.8273964
vt 0.1720973 0.3448835
vt 0.6726897 0.8248056
vt 0.6732820 0.8248056
vt 0.6750592 0.8273964
vt 0.6756516 0.8183290
vt 0.6756516 0.8306346
vt 0.6762439 0.7749353
vt 0.6762439 0.7775258
vt 0.6768366 0.7956607
vt 0.6768366 0.8047278
vt 0.6768366 0.8073187
vt 0.1768366 0.3390545
vt 0.1780213 0.3448835
vt 0.1786137 0.3325776
vt 0.6247037 0.0255829
vt 0.6247037 0.0288214
vt 0.6809833 0.8170337
vt 0.8237561 0.0916451
vt 0.6821683 0.7626294
vt 0.1821683 0.3325776
vt 0.1827607 0.3338732
vt 0.6833531 0.7626294
vt 0.1833531 0.3299871
vt 0.6839455 0.7723445
vt 0.8267180 0.0773963
vt 0.1839454 0.3338732
vt 0.1845378 0.3248057
vt 0.1845378 0.3604275
vt 0.6863153 0.8086139
vt 0.6863153 0.8286917
vt 0.9760072 0.1330960
vt 0.9765995 0.1557642
vt 0.6880924 0.8254532
vt 0.6341824 0.0236400
vt 0.6347747 0.0236400
vt 0.1906934 0.3396110
vt 0.1907276 0.3604275
vt 0.1908192 0.3604275
vt 0.1908719 0.3604275
vt 0.1909488 0.3253898
vt 0.9807465 0.1330960
vt 0.8350119 0.0773963
vt 0.8350119 0.0942359
vt 0.6940165 0.8170337
vt 0.6946089 0.8170337
vt 0.9860782 0.1330960
vt 0.9860782 0.1557642
vt 0.1969787 0.3649612
vt 0.6975711 0.8157385
vt 0.9576421 0.2419042
vt 0.6999406 0.8157385
vt 0.7023104 0.7574481
vt 0.9629214 0.2409860
vt 0.9629610 0.2410184
vt 0.7046800 0.7574481
vt 0.9635665 0.2419042
vt 0.9641589 0.2412566
vt 0.9641589 0.2749352
vt 0.7058650 0.7580957
vt 0.7058650 0.7775258
vt 0.7058650 0.7820596
vt 0.7058650 0.8112048
vt 0.7058650 0.8170337
vt 0.7058650 0.8176814
vt 0.7058650 0.8202719
vt 0.7064574 0.7988989
vt 0.7064574 0.8021373
vt 0.7064574 0.8228627
vt 0.7064574 0.8273964
vt 0.7064574 0.8286917
vt 0.7070498 0.8176814
vt 0.7767802 0.0559988
vt 0.5601304 0.0372410
vt 0.5613151 0.0372410
vt 0.5619075 0.0463084
vt 0.5624999 0.0463084
vt 0.5630923 0.0469560
vt 0.7822867 0.0631475
vt 0.7828791 0.0689768
vt 0.7855839 0.0565933
vt 0.7857087 0.0567656
vt 0.6270734 0.0126295
vt 0.8469739 0.0150658
vt 0.6306280 0.0145727
vt 0.8474601 0.0149595
vt 0.8474679 0.0148567
vt 0.8476116 0.0136754
vt 0.8476466 0.0134186
vt 0.6312204 0.0145727
vt 0.8486374 0.0145726
vt 0.6318127 0.0152203
vt 0.8492298 0.0145726
vt 0.2621445 0.0359456
vt 0.2621445 0.0469559
vt 0.2633295 0.0359456
vt 0.2633295 0.0469559
vt 0.8024289 0.0644431
vt 0.8030212 0.0644431
vt 0.8033769 0.0583520
vt 0.8033801 0.0582965
vt 0.8033930 0.0580760
vt 0.8033973 0.0580028
vt 0.6430689 0.0139247
vt 0.6430689 0.0145727
vt 0.0026660 0.0398317
vt 0.0032584 0.0417745
vt 0.0038507 0.0398317
vt 0.0044431 0.0404793
vt 0.0050355 0.0469559
vt 0.0051569 0.0397876
vt 0.0051646 0.0393319
vt 0.3425823 0.0117935
vt 0.0239469 0.0035621
vt 0.0242161 0.0046960
vt 0.0242472 0.0047835
vt 0.0242713 0.0047716
vt 0.3433056 0.0152202
vt 0.0245852 0.0048574
vt 0.0251779 0.0035621
vt 0.3443058 0.0116663
vt 0.0074887 0.0394442
vt 0.0079977 0.0469559
vt 0.0128120 0.0383683
vt 0.2834716 0.0359456
vt 0.2834716 0.0417746
vt 0.2834716 0.0469559
vt 0.8125000 0.1706607
vt 0.8125000 0.1913861
vt 0.8136848 0.1700131
vt 0.8136848 0.1913861
vt 0.3972158 0.0042097
vt 0.3978082 0.0042097
vt 0.3978082 0.0048574
vt 0.3984005 0.0042097
vt 0.3995853 0.0048574
vt 0.4012787 0.0044871
vt 0.4014324 0.0042804
vt 0.0265254 0.0351895
vt 0.0266465 0.0350211
vt 0.0273418 0.0350731
vt 0.8219787 0.1641838
vt 0.8219787 0.1913861
vt 0.8225711 0.1641838
vt 0.8225711 0.1913861
vt 0.1584715 0.0223447
vt 0.1602489 0.0223447
vt 0.1602489 0.0288213
vt 0.0322867 0.0417745
vt 0.0334715 0.0417745
vt 0.0340058 0.0347657
vt 0.1252963 0.0113342
vt 0.1254522 0.0153410
vt 0.1655806 0.0223446
vt 0.1655806 0.0282642
vt 0.1655806 0.0283007
vt 0.1655806 0.0284279
vt 0.1665250 0.0285216
vt 0.1666452 0.0285216
vt 0.1667654 0.0223446
vt 0.1667654 0.0285147
vt 0.1275165 0.0151703
vt 0.1276658 0.0113342
vt 0.1276658 0.0151828
vt 0.1276658 0.0153020
vt 0.1675973 0.0284512
vt 0.8978081 0.5242874
vt 0.1744006 0.0271797
vt 0.1750593 0.0223446
vt 0.1750593 0.0270361
vt 0.1756517 0.0223446
vt 0.1756517 0.0259298
vt 0.1756517 0.0260315
vt 0.1756517 0.0260961
vt 0.1756517 0.0261087
vt 0.9031398 0.5029144
vt 0.1766927 0.0260374
vt 0.1767633 0.0261018
vt 0.1768364 0.0223446
vt 0.6205570 0.0048576
vt 0.9061020 0.5255830
vt 0.1798371 0.0264107
vt 0.1803910 0.0223446
vt 0.9078791 0.5029144
vt 0.9083883 0.5207653
vt 0.9084715 0.5204017
vt 0.9091365 0.5215382
vt 0.6400116 0.0239434
vt 0.6400168 0.0242108
vt 0.6400196 0.0243561
vt 0.6241112 0.0048576
vt 0.9096563 0.4789509
vt 0.9096563 0.5204017
vt 0.6401065 0.0241296
vt 0.6401065 0.0288211
vt 0.4816967 0.5843468
vt 0.4843008 0.5385362
vt 0.4843008 0.5463084
vt 0.4843008 0.5521373
vt 0.4843008 0.5761012
vt 0.4848935 0.5722151
vt 0.4854859 0.5385362
vt 0.4860783 0.5463084
vt 0.4866706 0.5521373
vt 0.4867119 0.5782099
vt 0.4873365 0.5842247
vt 0.4878554 0.5761012
vt 0.4883504 0.5771834
vt 0.4884478 0.5599092
vt 0.4884478 0.5625000
vt 0.4890402 0.5495465
vt 0.4890402 0.5514897
vt 0.4931871 0.5909973
vt 0.2888033 0.0359455
vt 0.2888033 0.0463082
vt 0.5085902 0.5897020
vt 0.5091826 0.5897020
vt 0.8545043 0.0144139
vt 0.2970972 0.0359455
vt 0.2970972 0.0469558
vt 0.8551540 0.0132773
vt 0.8559580 0.0154643
vt 0.4065195 0.0046098
vt 0.4066918 0.0046412
vt 0.4067095 0.0047154
vt 0.4071168 0.0039051
vt 0.4078790 0.0048575
vt 0.8587086 0.0132773
vt 0.5162914 0.5346504
vt 0.5162914 0.5903496
vt 0.5162914 0.5909973
vt 0.5168838 0.5663861
vt 0.5168838 0.5709198
vt 0.5168838 0.5715675
vt 0.5174762 0.5463084
vt 0.5174762 0.5495465
vt 0.2591826 0.5113341
vt 0.2591826 0.5132773
vt 0.2609597 0.5022669
vt 0.2615521 0.4996761
vt 0.2633293 0.5255828
vt 0.2662915 0.4906087
vt 0.2668838 0.4906087
vt 0.2674762 0.4744170
vt 0.2692536 0.4744170
vt 0.2787323 0.4938471
vt 0.4878553 0.0884066
vt 0.4890404 0.0767487
vt 0.4902251 0.0767487
vt 0.2893958 0.5126296
vt 0.2899881 0.4808939
vt 0.2905805 0.5255828
vt 0.2917653 0.5249352
vt 0.2929503 0.5132773
vt 0.2929503 0.5249352
vt 0.2935427 0.4815416
vt 0.5340640 0.0553758
vt 0.5340640 0.0631476
vt 0.2953198 0.4996761
vt 0.5364335 0.0631476
vt 0.5388033 0.0689766
vt 0.5399881 0.0663861
vt 0.5399881 0.0689766
vt 0.5405805 0.0663861
vt 0.1857228 0.0288212
vt 0.1862421 0.0223446
vt 0.1864904 0.0223446
vt 0.1865194 0.0223446
vt 0.1898698 0.0223446
vt 0.5168840 0.0942356
vt 0.1904622 0.0281736
vt 0.5174764 0.0922927
vt 0.5180688 0.0864638
vt 0.1957937 0.0223447
vt 0.2005331 0.0223447
vt 0.2034953 0.0288213
vt 0.0393959 0.0372410
vt 0.0423578 0.0346501
vt 0.0435425 0.0346501
vt 0.0435425 0.0469560
vt 0.7816943 0.4236618
vt 0.4588270 0.3769234
vt 0.4588270 0.4150611
vt 0.0962678 0.9188710
vt 0.0962678 0.9201636
vt 0.0962678 0.9583013
vt 0.7100120 0.2004533
vt 0.7100120 0.2153498
vt 0.7100120 0.2308938
vt 0.8865523 0.0249352
vt 0.1329978 0.0113342
vt 0.1329978 0.0151959
vt 0.9203200 0.0244511
vt 0.9203200 0.0288212
vt 0.3729267 0.0232783
vt 0.3729267 0.0288213
vt 0.2153437 0.1985105
vt 0.2153437 0.2147022
vt 0.2153437 0.2295986
vt 0.4132110 0.0042099
vt 0.3731343 0.0229325
vt 0.9206878 0.0243985
vt 0.0968591 0.9970853
vt 0.3735191 0.0228863
vt 0.3735191 0.0288213
vt 0.0974502 0.8813796
vt 0.3024290 0.0540804
vt 0.4143958 0.0042099
vt 0.7834681 0.4669709
vt 0.7129739 0.2004533
vt 0.7129739 0.2308938
vt 0.9234871 0.0241645
vt 0.8900836 0.0289567
vt 0.9238743 0.0242193
vt 0.9238743 0.0288212
vt 0.0026657 0.1227331
vt 0.3788506 0.0233520
vt 0.3788506 0.0288213
vt 0.2200831 0.2211788
vt 0.2200831 0.2271792
vt 0.4179504 0.0042099
vt 0.4179504 0.0048575
vt 0.3796004 0.0232469
vt 0.1380716 0.0149187
vt 0.2204780 0.2272246
vt 0.2206755 0.2211788
vt 0.2206755 0.2274302
vt 0.7162969 0.2039349
vt 0.1395142 0.0113342
vt 0.2218602 0.2147022
vt 0.2218664 0.2173401
vt 0.7168669 0.2266377
vt 0.3083531 0.0540804
vt 0.3083531 0.0689768
vt 0.3818128 0.0236747
vt 0.3818128 0.0288213
vt 0.2224526 0.2172927
vt 0.1039541 0.8813796
vt 0.6232980 0.0376204
vt 0.1045454 0.8813796
vt 0.2236373 0.2308938
vt 0.6241112 0.0469558
vt 0.4682872 0.3769234
vt 0.1069104 0.9744615
vt 0.1075017 0.8813796
vt 0.6264811 0.0456606
vt 0.6484005 0.0126296
vt 0.0302568 0.0037106
vt 0.0304908 0.0038130
vt 0.6489928 0.0126296
vt 0.1092754 0.9195173
vt 0.5459122 0.0553757
vt 0.9001776 0.0249352
vt 0.6289626 0.0430986
vt 0.9003189 0.0287969
vt 0.6290272 0.0432746
vt 0.4730173 0.3769234
vt 0.1104580 0.9201636
vt 0.5470973 0.0553757
vt 0.5470973 0.0689765
vt 0.7964757 0.4230155
vt 0.4736084 0.3769234
vt 0.0328792 0.0048576
vt 0.1128230 0.8813796
vt 0.1140055 0.8813796
vt 0.4777473 0.4150611
vt 0.1151881 0.9195173
vt 0.4783385 0.4150611
vt 0.0180688 0.1071890
vt 0.1163706 0.9201636
vt 0.1163706 0.9524840
vt 0.1163706 0.9744615
vt 0.1169617 0.9964390
vt 0.8029796 0.4230155
vt 0.2022687 0.3263278
vt 0.2022687 0.3644655
vt 0.7123398 0.8099500
vt 0.7129311 0.7543595
vt 0.7129311 0.7821547
vt 0.7129311 0.8306346
vt 0.7135223 0.7543595
vt 0.4818861 0.4150611
vt 0.6596563 0.0152201
vt 0.7147048 0.7543595
vt 0.8059359 0.4230155
vt 0.9112852 0.0286733
vt 0.6294432 0.0048576
vt 0.4842511 0.3769234
vt 0.7164786 0.8306346
vt 0.0245853 0.1000648
vt 0.8083009 0.4230155
vt 0.7176610 0.7924972
vt 0.0251777 0.1000648
vt 0.8088922 0.4611532
vt 0.4860249 0.3769234
vt 0.8094835 0.4230155
vt 0.8094835 0.4611532
vt 0.4866162 0.3769234
vt 0.7188437 0.7543595
vt 0.8100747 0.4230155
vt 0.2093638 0.3263278
vt 0.9149883 0.0242876
vt 0.4883898 0.3769234
vt 0.4889812 0.3769234
vt 0.8130309 0.4230155
vt 0.7223911 0.8306346
vt 0.6649881 0.0152203
vt 0.7229824 0.7924972
vt 0.8142134 0.4611532
vt 0.7235736 0.7924972
vt 0.8148047 0.4230155
vt 0.8153961 0.4230155
vt 0.4925288 0.3963154
vt 0.6384955 0.0048576
vt 0.7259387 0.7924972
vt 0.2164588 0.3644655
vt 0.2170501 0.3644655
vt 0.6406990 0.0048576
vt 0.8201261 0.4611532
vt 0.8207173 0.4611532
vt 0.2205977 0.3651118
vt 0.3498223 0.0119818
vt 0.3498223 0.0150282
vt 0.3498223 0.0152559
vt 0.3498223 0.0154296
vt 0.3498223 0.0154306
vt 0.8218998 0.4230155
vt 0.8224911 0.4230155
vt 0.2223715 0.3651118
vt 0.7330338 0.8306346
vt 0.2235540 0.3263278
vt 0.7336251 0.7543595
vt 0.7336251 0.7924972
vt 0.7336251 0.8293420
vt 0.8248561 0.4230155
vt 0.2241452 0.3263278
vt 0.7342163 0.7582380
vt 0.7342163 0.7924972
vt 0.7342163 0.8306346
vt 0.8254474 0.4611532
vt 0.5025801 0.3769234
vt 0.8260387 0.4230155
vt 0.7353989 0.7543595
vt 0.7353989 0.7582380
vt 0.7353989 0.7924972
vt 0.8266299 0.4230155
vt 0.2259190 0.3263278
vt 0.7359901 0.7924972
vt 0.2265103 0.3263278
vt 0.7365814 0.7924972
vt 0.7365814 0.8306346
vt 0.3557464 0.0119818
vt 0.8278124 0.4230155
vt 0.8278124 0.4611532
vt 0.7371725 0.7543595
vt 0.7371725 0.7924972
vt 0.7371725 0.8306346
vt 0.8284037 0.4230155
vt 0.7377639 0.7543595
vt 0.7377639 0.7924972
vt 0.7377639 0.8306346
vt 0.0500591 0.2917748
vt 0.8289950 0.4230155
vt 0.8289950 0.4611532
vt 0.2282841 0.3263278
vt 0.7383552 0.7924972
vt 0.8295862 0.4230155
vt 0.7389464 0.7543595
vt 0.8301775 0.4230155
vt 0.8301775 0.4611532
vt 0.7395377 0.7543595
vt 0.7395377 0.7924972
vt 0.7395377 0.8306346
vt 0.0518303 0.3053281
vt 0.0518365 0.2917748
vt 0.8307686 0.4230155
vt 0.7401288 0.7924972
vt 0.7401288 0.8196458
vt 0.7401288 0.8306346
vt 0.0524289 0.2807641
vt 0.0524289 0.3189767
vt 0.3617047 0.0553969
vt 0.0606254 0.2805172
vt 0.0606254 0.3186549
vt 0.2306491 0.3450735
vt 0.7407202 0.7543595
vt 0.7407202 0.7924972
vt 0.7407202 0.8196458
vt 0.0612167 0.2805172
vt 0.7413115 0.7543595
vt 0.7413115 0.7924972
vt 0.7413115 0.8306346
vt 0.3628431 0.0628852
vt 0.7378554 0.0385363
vt 0.7378554 0.0391839
vt 0.7378554 0.0417748
vt 0.7378554 0.0469561
vt 0.0536137 0.3189767
vt 0.0618078 0.2805172
vt 0.0618078 0.3186549
vt 0.5096751 0.3769234
vt 0.7419026 0.7543595
vt 0.7419026 0.7924972
vt 0.7419026 0.8196458
vt 0.0542061 0.3189767
vt 0.6845378 0.0126295
vt 0.3636890 0.0689765
vt 0.7424725 0.7924972
vt 0.7424747 0.7912565
vt 0.7424803 0.7931255
vt 0.0623992 0.2805172
vt 0.0623992 0.3186549
vt 0.5102665 0.4144145
vt 0.7424940 0.7933798
vt 0.7424940 0.8306346
vt 0.7425525 0.7924972
vt 0.7425635 0.7947402
vt 0.0547984 0.2807641
vt 0.0547984 0.3189767
vt 0.7426349 0.7879511
vt 0.0629903 0.2805172
vt 0.5108576 0.3769234
vt 0.5108576 0.4144145
vt 0.0553911 0.2807641
vt 0.0553911 0.3189767
vt 0.0635816 0.2805172
vt 0.7436764 0.7543595
vt 0.7436764 0.7924972
vt 0.7436764 0.8306346
vt 0.0641730 0.3186549
vt 0.7442678 0.7543595
vt 0.7442678 0.7924972
vt 0.7442678 0.8306346
vt 0.3660429 0.0546166
vt 0.0647641 0.2805172
vt 0.7448589 0.7924972
vt 0.0653555 0.2805172
vt 0.0653555 0.3186549
vt 0.7454502 0.7924972
vt 0.7454502 0.8306346
vt 0.3673317 0.0544772
vt 0.7460414 0.7543595
vt 0.0665379 0.2805172
vt 0.7466327 0.7543595
vt 0.7466327 0.7924972
vt 0.7466327 0.8306346
vt 0.7472240 0.7543595
vt 0.7472240 0.7924972
vt 0.7472240 0.8306346
vt 0.0677204 0.3186549
vt 0.7478152 0.7543595
vt 0.7478152 0.7924972
vt 0.3693722 0.0689765
vt 0.0683117 0.3186549
vt 0.7484065 0.7924972
vt 0.7484065 0.8306346
vt 0.7487773 0.8067124
vt 0.7487835 0.7855901
vt 0.7488401 0.7543595
vt 0.7488536 0.7924972
vt 0.7488916 0.8306346
vt 0.0689029 0.2805172
vt 0.2389266 0.3256815
vt 0.0694942 0.2805172
vt 0.2395179 0.3256815
vt 0.7495890 0.8306346
vt 0.5179528 0.3769234
vt 0.7501803 0.7543595
vt 0.7501803 0.7924972
vt 0.7501803 0.8306346
vt 0.7507715 0.7543595
vt 0.7507715 0.7924972
vt 0.7513628 0.7543595
vt 0.7513628 0.7924972
vt 0.7513628 0.8306346
vt 0.7518479 0.7543595
vt 0.7519161 0.7900514
vt 0.7519230 0.7924972
vt 0.7519286 0.7941365
vt 0.7519293 0.7917007
vt 0.7521029 0.8306346
vt 0.7525453 0.7543595
vt 0.7525453 0.8306346
vt 0.5209091 0.3769234
vt 0.7531366 0.7543595
vt 0.7531366 0.7924972
vt 0.7531366 0.8306346
vt 0.7537278 0.7924972
vt 0.7537278 0.8306346
vt 0.2442480 0.3256815
vt 0.2448393 0.3644655
vt 0.7549104 0.7924972
vt 0.5232741 0.3736913
vt 0.5232741 0.3769234
vt 0.7555016 0.7543595
vt 0.7555016 0.7924972
vt 0.7555016 0.8306346
vt 0.2526658 0.1007125
vt 0.2526658 0.1227331
vt 0.0491459 0.0466930
vt 0.0759981 0.2805172
vt 0.7560929 0.7543595
vt 0.0765893 0.2805172
vt 0.7566841 0.7924972
vt 0.7566841 0.8306346
vt 0.2538506 0.1007125
vt 0.2538506 0.1220855
vt 0.5250479 0.4144145
vt 0.7572754 0.7924972
vt 0.7578667 0.7543595
vt 0.7578667 0.7924972
vt 0.7578667 0.8306346
vt 0.0512442 0.0346502
vt 0.0783631 0.2805172
vt 0.6462964 0.0048574
vt 0.7017180 0.0126295
vt 0.2722156 0.1007124
vt 0.2722156 0.1227330
vt 0.6476724 0.0048574
vt 0.2728080 0.1007124
vt 0.6482637 0.0048574
vt 0.2734004 0.1007124
vt 0.2734004 0.1227330
vt 0.0813194 0.2805172
vt 0.0813194 0.3186549
vt 0.5291867 0.3937299
vt 0.6553715 0.0050072
vt 0.6608411 0.0048577
vt 0.7579975 0.0385363
vt 0.6557773 0.0050072
vt 0.0819107 0.2805172
vt 0.0553911 0.0346502
vt 0.6498249 0.0048574
vt 0.0825018 0.3186549
vt 0.5303691 0.4137682
vt 0.6500374 0.0048574
vt 0.0830932 0.2805172
vt 0.5309605 0.3736913
vt 0.7631879 0.7543595
vt 0.7631879 0.7924972
vt 0.7631879 0.8306346
vt 0.2603674 0.1007125
vt 0.2537082 0.3250352
vt 0.7637793 0.7543595
vt 0.7637793 0.7924972
vt 0.7643704 0.7924972
vt 0.7643704 0.8306346
vt 0.8640403 0.0132773
vt 0.7883082 0.0389406
vt 0.2548907 0.3638192
vt 0.2548907 0.3644655
vt 0.7649617 0.7543595
vt 0.7615521 0.0385363
vt 0.8314573 0.7542100
vt 0.8314573 0.7924223
vt 0.8314573 0.8292603
vt 0.8646326 0.0152202
vt 0.7651352 0.8306346
vt 0.8314997 0.8292669
vt 0.7651892 0.8159585
vt 0.7653289 0.7780448
vt 0.7654143 0.7924972
vt 0.7654162 0.7543595
vt 0.0854581 0.2805172
vt 0.0854581 0.3186549
vt 0.2554818 0.3638192
vt 0.7655529 0.7924972
vt 0.5684241 0.0372409
vt 0.8320497 0.7542100
vt 0.2560731 0.3651118
vt 0.7661442 0.7543595
vt 0.7661442 0.7924972
vt 0.7661442 0.8306346
vt 0.8326420 0.7924223
vt 0.7902445 0.0469843
vt 0.2566412 0.3651118
vt 0.8332190 0.8296231
vt 0.8332347 0.7924223
vt 0.8332347 0.8296231
vt 0.8664101 0.0139250
vt 0.0869363 0.3186549
vt 0.7670311 0.7543595
vt 0.7670311 0.7924972
vt 0.7670311 0.8306346
vt 0.2569630 0.3271662
vt 0.2569637 0.3269745
vt 0.8338042 0.8291577
vt 0.7911731 0.0385363
vt 0.7911731 0.0466190
vt 0.5702015 0.0372409
vt 0.5702015 0.0469560
vt 0.8338271 0.7542100
vt 0.8338271 0.7652203
vt 0.8338271 0.7924223
vt 0.8338271 0.8291648
vt 0.3610783 0.0139247
vt 0.5353950 0.3736913
vt 0.5353950 0.4073042
vt 0.5353950 0.4137682
vt 0.2575514 0.3651118
vt 0.7676224 0.7924972
vt 0.1507702 0.2807641
vt 0.1507702 0.3189767
vt 0.8344195 0.7652203
vt 0.8344195 0.7924223
vt 0.8344195 0.8306346
vt 0.2581425 0.3269745
vt 0.7682136 0.7543595
vt 0.7682136 0.7924972
vt 0.7682136 0.8196458
vt 0.7682136 0.8306346
vt 0.8350119 0.7924223
vt 0.3622631 0.0139247
vt 0.8681872 0.0139250
vt 0.0887101 0.2805172
vt 0.2587338 0.3269745
vt 0.2587338 0.3651118
vt 0.7688049 0.8306346
vt 0.2661822 0.1007125
vt 0.6685426 0.0048577
vt 0.8356042 0.8306346
vt 0.2663601 0.1096039
vt 0.0893013 0.3186549
vt 0.2593250 0.3269745
vt 0.7693961 0.7543595
vt 0.7693961 0.7924972
vt 0.2666529 0.1113494
vt 0.2667226 0.1142050
vt 0.8361966 0.7652203
vt 0.8361966 0.7924223
vt 0.7699874 0.7924972
vt 0.7699874 0.8196458
vt 0.7699874 0.8306346
vt 0.7668838 0.0456605
vt 0.8367890 0.7542100
vt 0.8367890 0.7924223
vt 0.8367890 0.8306346
vt 0.7674762 0.0450129
vt 0.8373814 0.7542100
vt 0.8373814 0.7924223
vt 0.8373814 0.8306346
vt 0.6740135 0.0050082
vt 0.6740187 0.0050082
vt 0.8379741 0.7924223
vt 0.6746048 0.0050082
vt 0.7717612 0.7924972
vt 0.8385664 0.8306346
vt 0.7723524 0.7543595
vt 0.7723524 0.7924972
vt 0.7723524 0.8306346
vt 0.8391588 0.7924223
vt 0.7729437 0.7543595
vt 0.7729437 0.7924972
vt 0.7729437 0.8306346
vt 0.8397512 0.7542100
vt 0.8397512 0.7580958
vt 0.8397512 0.7924223
vt 0.8397512 0.8306346
vt 0.7735350 0.7924972
vt 0.8403436 0.7542100
vt 0.8403436 0.7924223
vt 0.8403436 0.8306346
vt 0.4133442 0.7097424
vt 0.7741262 0.7550058
vt 0.7741262 0.7924972
vt 0.7741262 0.8293420
vt 0.8409360 0.7924223
vt 0.8409360 0.8196243
vt 0.4139355 0.7465875
vt 0.7747175 0.7924972
vt 0.7747175 0.8286957
vt 0.8415283 0.7542100
vt 0.8415283 0.7924223
vt 0.8415283 0.8196243
vt 0.0952139 0.2805172
vt 0.0952139 0.3186549
vt 0.7753087 0.8286957
vt 0.7753087 0.8306346
vt 0.1584714 0.2807641
vt 0.8421207 0.7924223
vt 0.8421207 0.8196243
vt 0.7759000 0.7924972
vt 0.7728082 0.0398315
vt 0.7728082 0.0404792
vt 0.7728082 0.0417748
vt 0.7728082 0.0424224
vt 0.7728082 0.0456605
vt 0.8427134 0.7542100
vt 0.8427134 0.7924223
vt 0.8427134 0.8306346
vt 0.7764913 0.8306346
vt 0.8433058 0.7548576
vt 0.8433058 0.7930699
vt 0.8433058 0.8299870
vt 0.7770825 0.7924972
vt 0.8438982 0.7548576
vt 0.7776738 0.7924972
vt 0.4232820 0.0042100
vt 0.8089455 0.0625001
vt 0.8089455 0.0650907
vt 0.8444905 0.7548576
vt 0.4174830 0.7097424
vt 0.7788563 0.8306346
vt 0.1620260 0.2807641
vt 0.7794476 0.7924972
vt 0.1626184 0.2807641
vt 0.4192568 0.7097424
vt 0.7800387 0.8306346
vt 0.4198481 0.6716050
vt 0.4198481 0.7097424
vt 0.4204394 0.6716050
vt 0.2088271 0.0223447
vt 0.2094195 0.0288213
vt 0.2100119 0.0223447
vt 0.2100119 0.0242875
vt 0.7829950 0.8306346
vt 0.3766793 0.0122362
vt 0.1667653 0.3189767
vt 0.8148696 0.0560232
vt 0.8148696 0.0625001
vt 0.7841777 0.8306346
vt 0.1673577 0.3189767
vt 0.8154620 0.0560232
vt 0.8154620 0.0625001
vt 0.4239868 0.6716050
vt 0.3791071 0.0133837
vt 0.3794433 0.0152203
vt 0.7859513 0.7924972
vt 0.7828792 0.0391839
vt 0.4257606 0.6716050
vt 0.8178318 0.0560232
vt 0.8533768 0.7930699
vt 0.1709123 0.2885363
vt 0.4333531 0.0048576
vt 0.1082216 0.2805172
vt 0.4275344 0.7278418
vt 0.1088128 0.3186549
vt 0.8202013 0.0663859
vt 0.8202013 0.0670335
vt 0.8202013 0.0683291
vt 0.8202013 0.0689767
vt 0.1094041 0.2805172
vt 0.1094041 0.3186549
vt 0.1099955 0.2805172
vt 0.3849168 0.0133781
vt 0.1750593 0.2885363
vt 0.1750593 0.3189767
vt 0.8587085 0.7768783
vt 0.3136848 0.0566709
vt 0.3136848 0.0689768
vt 0.8604857 0.8040802
vt 0.4334470 0.6903504
vt 0.4352208 0.7465875
vt 0.3901067 0.0134451
vt 0.3901067 0.0145727
vt 0.3901067 0.0152203
vt 0.1164992 0.3186549
vt 0.7971853 0.8306346
vt 0.8640403 0.8306346
vt 0.7977765 0.8306346
vt 0.7983678 0.7924972
vt 0.3196089 0.0540804
vt 0.3196089 0.0624999
vt 0.7989591 0.7924972
vt 0.8302724 0.0657383
vt 0.1194555 0.3186549
vt 0.7995503 0.7550058
vt 0.7995503 0.7924972
vt 0.8001416 0.8306346
vt 0.8007329 0.7550058
vt 0.8007329 0.7924972
vt 0.8320498 0.0637954
vt 0.8320498 0.0657383
vt 0.8013241 0.7924972
vt 0.8013241 0.8306346
vt 0.1218206 0.3154227
vt 0.1218206 0.3186549
vt 0.4411334 0.7097424
vt 0.3231635 0.0624999
vt 0.8025065 0.7924972
vt 0.8693720 0.7548576
vt 0.8030979 0.8306346
vt 0.8036890 0.7550058
vt 0.8036890 0.7924972
vt 0.8036890 0.8306346
vt 0.8350117 0.0625001
vt 0.8042803 0.7550058
vt 0.8042803 0.7924972
vt 0.8356044 0.0599093
vt 0.8356044 0.0625001
vt 0.8711494 0.7768783
vt 0.8048717 0.8306346
vt 0.8361968 0.0566708
vt 0.8361968 0.0573188
vt 0.8735191 0.0132772
vt 0.8735191 0.0152201
vt 0.1253680 0.2805172
vt 0.8054628 0.7899113
vt 0.8054628 0.8170603
vt 0.8054628 0.8306346
vt 0.8723342 0.7574481
vt 0.8060541 0.7634090
vt 0.8060541 0.7899113
vt 0.8060541 0.8293420
vt 0.8747038 0.0132772
vt 0.8066455 0.7899113
vt 0.8066455 0.8170603
vt 0.8066455 0.8293420
vt 0.8735189 0.7982513
vt 0.8072366 0.8170603
vt 0.8072366 0.8293420
vt 0.8741113 0.7574481
vt 0.8741113 0.7898315
vt 0.8741113 0.8299870
vt 0.4470460 0.6716050
vt 0.8078279 0.8293420
vt 0.8747037 0.7548576
vt 0.8747037 0.7930699
vt 0.8747037 0.8291897
vt 0.4476371 0.6716050
vt 0.8084191 0.8306346
vt 0.8750460 0.8291875
vt 0.8752961 0.7548576
vt 0.8800354 0.0139249
vt 0.1295070 0.3154227
vt 0.4488198 0.7278418
vt 0.8812205 0.0132773
vt 0.8812205 0.0152202
vt 0.8818129 0.0132773
vt 0.8107842 0.7996075
vt 0.4517760 0.7097424
vt 0.4523672 0.7097424
vt 0.1336457 0.2805172
vt 0.1336457 0.3154227
vt 0.1342369 0.2805172
vt 0.1342369 0.3186549
vt 0.8143317 0.7828010
vt 0.8161055 0.7634090
vt 0.1804409 0.3191517
vt 0.8835900 0.7930699
vt 0.4565060 0.7097424
vt 0.4565060 0.7465875
vt 0.4570973 0.6716050
vt 0.6451530 0.0263432
vt 0.6453729 0.0262989
vt 0.6457632 0.0257472
vt 0.8853674 0.7859457
vt 0.8190618 0.7828010
vt 0.6478081 0.0288211
vt 0.1413321 0.2805172
vt 0.1419233 0.3186549
vt 0.2005725 0.2809379
vt 0.8889217 0.8079663
vt 0.2011639 0.2809379
vt 0.8226094 0.7647020
vt 0.8226094 0.7828010
vt 0.8226094 0.8009004
vt 0.1869446 0.2810140
vt 0.8232005 0.8157673
vt 0.6505071 0.0237896
vt 0.6507564 0.0234421
vt 0.2023464 0.2809379
vt 0.8551541 0.0573188
vt 0.8551541 0.0579664
vt 0.8551541 0.0631478
vt 0.8551541 0.0663859
vt 0.8551541 0.0670335
vt 0.8551541 0.0683291
vt 0.2035288 0.2809379
vt 0.8915284 0.8284045
vt 0.8916668 0.8283733
vt 0.1454709 0.2805172
vt 0.2041202 0.2809379
vt 0.2041202 0.3190756
vt 0.8362292 0.4466080
vt 0.8922773 0.8284100
vt 0.8368205 0.4466080
vt 0.8261570 0.8306346
vt 0.6537322 0.0262306
vt 0.2053026 0.2809379
vt 0.8380030 0.4672926
vt 0.2289691 0.1985102
vt 0.2289691 0.2205312
vt 0.2070764 0.3190756
vt 0.8954385 0.7859457
vt 0.8954385 0.8157382
vt 0.8954385 0.8283820
vt 0.8954385 0.8285319
vt 0.8960309 0.7548576
vt 0.2088502 0.3190756
vt 0.8409592 0.4233375
vt 0.8409592 0.4285086
vt 0.1946310 0.2810140
vt 0.1946310 0.3191517
vt 0.8415504 0.4285086
vt 0.1952223 0.2810140
vt 0.8421417 0.4672926
vt 0.1954862 0.2810140
vt 0.6798184 0.0051073
vt 0.2106240 0.2809379
vt 0.8427330 0.4291552
vt 0.8433242 0.4291552
vt 0.6808644 0.0051073
vt 0.6810008 0.0051073
vt 0.6811863 0.0051073
vt 0.2348935 0.1985102
vt 0.6815920 0.0051073
vt 0.2135803 0.2809379
vt 0.2366706 0.1985102
vt 0.2366706 0.2205312
vt 0.2141715 0.2809379
vt 0.1451299 0.0142067
vt 0.1451669 0.0153752
vt 0.1453211 0.0113342
vt 0.8474630 0.4291552
vt 0.8474630 0.4672926
vt 0.8480543 0.4291552
vt 0.8480543 0.4672926
vt 0.3770736 0.2373705
vt 0.3770736 0.2747223
vt 0.8486456 0.4291552
vt 0.8486456 0.4672926
vt 0.3771005 0.2747148
vt 0.8492368 0.4291552
vt 0.3782584 0.2373705
vt 0.4623816 0.6713084
vt 0.4623816 0.7095207
vt 0.4623816 0.7463663
vt 0.4624245 0.7463489
vt 0.8498944 0.4672926
vt 0.3788324 0.2743994
vt 0.1489929 0.0113342
vt 0.1489929 0.0152203
vt 0.3788507 0.2373705
vt 0.3788507 0.2744114
vt 0.2153436 0.0223444
vt 0.2153436 0.0287593
vt 0.2153436 0.0288191
vt 0.2153436 0.0288420
vt 0.8504155 0.4292352
vt 0.8504156 0.4291552
vt 0.8504193 0.4672926
vt 0.2157746 0.0285212
vt 0.3794431 0.2373705
vt 0.4635663 0.7095207
vt 0.2159360 0.0223444
vt 0.3799933 0.2742230
vt 0.3800141 0.2742020
vt 0.3800355 0.2373705
vt 0.3800355 0.2742161
vt 0.8516019 0.4291552
vt 0.2166332 0.0285631
vt 0.2169598 0.0243972
vt 0.2169672 0.0223444
vt 0.4647084 0.7426097
vt 0.4647084 0.7463554
vt 0.2425947 0.2308939
vt 0.4647511 0.6713084
vt 0.4647511 0.7095207
vt 0.4647511 0.7426127
vt 0.2200841 0.3190756
vt 0.8521931 0.4672926
vt 0.2431871 0.1985102
vt 0.2206754 0.2809379
vt 0.2206754 0.3190756
vt 0.8527844 0.4291552
vt 0.7698460 0.3271479
vt 0.2976896 0.6048698
vt 0.2976896 0.6113338
vt 0.2976896 0.6158586
vt 0.0026659 0.8299883
vt 0.3747038 0.0544960
vt 0.3747038 0.0687169
vt 0.0583531 0.1293770
vt 0.0583531 0.1558796
vt 0.9292063 0.0242877
vt 0.9149883 0.5171631
vt 0.4138035 0.4446242
vt 0.4138035 0.4672928
vt 0.2982809 0.6397753
vt 0.2982809 0.6643384
vt 0.0032572 0.7912043
vt 0.4143958 0.4446242
vt 0.9298620 0.0280156
vt 0.7710284 0.3646393
vt 0.2988720 0.6113338
vt 0.0038483 0.7524203
vt 0.0038483 0.8021930
vt 0.0038483 0.8131818
vt 0.9161730 0.4789508
vt 0.4149882 0.4226036
vt 0.4149882 0.4446242
vt 0.4149882 0.4672928
vt 0.2994634 0.5984058
vt 0.4167653 0.4226036
vt 0.7745760 0.3271479
vt 0.0073959 0.8021930
vt 0.0073959 0.8131818
vt 0.4185428 0.4575777
vt 0.4185428 0.4672928
vt 0.7757585 0.3271479
vt 0.4197275 0.4608162
vt 0.0091697 0.8105963
vt 0.7769410 0.3271479
vt 0.0097609 0.8105963
vt 0.9226895 0.5171631
vt 0.0109435 0.8105963
vt 0.9232819 0.4789508
vt 0.7787148 0.3258550
vt 0.0115347 0.8105963
vt 0.9238743 0.4789508
vt 0.4226894 0.4226036
vt 0.4238118 0.4652814
vt 0.0127172 0.8105963
vt 0.0695870 0.1300236
vt 0.9262441 0.5171631
vt 0.3095147 0.6397753
vt 0.9505332 0.0242875
vt 0.9268365 0.5171631
vt 0.4256516 0.4608162
vt 0.4256516 0.4649560
vt 0.3101060 0.6378361
vt 0.0150823 0.8105963
vt 0.3871202 0.0544960
vt 0.3871202 0.0687169
vt 0.9418070 0.0286735
vt 0.7828536 0.3458936
vt 0.0156735 0.7718123
vt 0.4279028 0.4652791
vt 0.5755054 0.0373488
vt 0.7846274 0.3458936
vt 0.5760966 0.0373488
vt 0.5760966 0.0457520
vt 0.5761083 0.0457048
vt 0.4286138 0.4226036
vt 0.4286138 0.4575777
vt 0.9537702 0.0286308
vt 0.5765769 0.0463731
vt 0.5767731 0.0466529
vt 0.5770195 0.0465484
vt 0.5770516 0.0462499
vt 0.9452014 0.0242877
vt 0.3142448 0.6106872
vt 0.5778704 0.0386414
vt 0.9316012 0.4792421
vt 0.7881750 0.3258550
vt 0.4321681 0.4614638
vt 0.7887663 0.3458936
vt 0.7893575 0.3258550
vt 0.7893575 0.3458936
vt 0.3782200 0.0945071
vt 0.7899488 0.3458936
vt 0.0227687 0.8299883
vt 0.9351304 0.5255829
vt 0.7905399 0.3458936
vt 0.3183835 0.5990521
vt 0.7911313 0.3452473
vt 0.3799938 0.0938605
vt 0.7917226 0.3452473
vt 0.0245425 0.8299883
vt 0.6009630 0.1029052
vt 0.3207487 0.6081016
vt 0.3207487 0.6113338
vt 0.3207487 0.6378361
vt 0.3207487 0.6643384
vt 0.6015544 0.1229435
vt 0.0814122 0.1300236
vt 0.0814122 0.1558796
vt 0.6027379 0.5885917
vt 0.3965768 0.0866298
vt 0.3219311 0.6081016
vt 0.3971681 0.0866298
vt 0.0269075 0.8306346
vt 0.9392773 0.5255829
vt 0.6039206 0.5362334
vt 0.6039206 0.5472222
vt 0.6039206 0.5607965
vt 0.0274988 0.7918506
vt 0.7952700 0.3639927
vt 0.6045117 0.5478685
vt 0.0280899 0.7530666
vt 0.9404621 0.4951425
vt 0.9409961 0.4811299
vt 0.3989419 0.0937401
vt 0.0286813 0.7543595
vt 0.0286813 0.7918506
vt 0.0286813 0.8293420
vt 0.6341824 0.0385364
vt 0.9654114 0.0281588
vt 0.7970438 0.3452473
vt 0.9659359 0.0242875
vt 0.6353672 0.0469559
vt 0.7982263 0.3452473
vt 0.0322287 0.7918506
vt 0.6378542 0.0377335
vt 0.6388493 0.0439766
vt 0.6389003 0.0441748
vt 0.6390451 0.0453475
vt 0.6392415 0.0460819
vt 0.3910748 0.0761763
vt 0.0357763 0.8293420
vt 0.8035477 0.3639927
vt 0.8041389 0.3639927
vt 0.6133806 0.5511006
vt 0.8053214 0.3633464
vt 0.8070952 0.3258550
vt 0.8070952 0.3639927
vt 0.6169282 0.5892383
vt 0.7964306 0.0467142
vt 0.0410977 0.7918506
vt 0.6187020 0.5711389
vt 0.6192932 0.5892383
vt 0.6187007 0.1022586
vt 0.5523466 0.0687193
vt 0.6216583 0.5362334
vt 0.6216570 0.1022586
vt 0.6228408 0.5472222
vt 0.6228408 0.5485148
vt 0.0464190 0.7537129
vt 0.5541204 0.0551450
vt 0.0470103 0.7537129
vt 0.8405717 0.0794169
vt 0.0884782 0.2027106
vt 0.0884782 0.2033572
vt 0.0884782 0.2124068
vt 0.0884782 0.2143460
vt 0.0884782 0.2169315
vt 0.0884782 0.2285666
vt 0.6240232 0.5905309
vt 0.8044012 0.0460612
vt 0.0896607 0.2285666
vt 0.6252057 0.5588572
vt 0.1543245 0.0113343
vt 0.0493752 0.7918506
vt 0.8057577 0.0459464
vt 0.6263884 0.5588572
vt 0.4202272 0.0814584
vt 0.0499666 0.7918506
vt 0.8433545 0.0775572
vt 0.8062156 0.0458819
vt 0.8063810 0.0457674
vt 0.6269795 0.5911772
vt 0.4208184 0.0814584
vt 0.0505577 0.7918506
vt 0.6275708 0.5588572
vt 0.6275708 0.5911772
vt 0.5588505 0.0687193
vt 0.8070732 0.0385958
vt 0.6281620 0.5588572
vt 0.0517402 0.7918506
vt 0.8076644 0.0385958
vt 0.8079384 0.0456345
vt 0.6293446 0.5588572
vt 0.4231835 0.0918009
vt 0.0529228 0.8299883
vt 0.8464001 0.0788890
vt 0.8093031 0.0455400
vt 0.0535140 0.8299883
vt 0.8094382 0.0385958
vt 0.8094382 0.0454069
vt 0.8094382 0.0458793
vt 0.1602489 0.0113343
vt 0.0564703 0.7537129
vt 0.0564703 0.7918506
vt 0.0564703 0.8306346
vt 0.8497167 0.0818820
vt 0.8497167 0.0939139
vt 0.6589050 0.0289387
vt 0.0570616 0.8306346
vt 0.4279134 0.0918009
vt 0.0576528 0.7550058
vt 0.0576528 0.7924972
vt 0.4285048 0.0898617
vt 0.0582441 0.7543595
vt 0.6619136 0.0239620
vt 0.4114337 0.5566711
vt 0.4114337 0.5676814
vt 0.4114337 0.5903497
vt 0.1655807 0.0152201
vt 0.8544468 0.0906818
vt 0.6448460 0.0410211
vt 0.6448460 0.0469561
vt 0.6474218 0.0378887
vt 0.8123794 0.3457503
vt 0.8129707 0.3457503
vt 0.6666437 0.0239620
vt 0.8607150 0.0632693
vt 0.1073986 0.2027106
vt 0.0665218 0.7924972
vt 0.0671129 0.7924972
vt 0.1707859 0.0113927
vt 0.8624020 0.0628058
vt 0.1712543 0.0140097
vt 0.0682954 0.7924972
vt 0.4197274 0.5340025
vt 0.4197274 0.5385362
vt 0.1103548 0.1975395
vt 0.6531399 0.0378887
vt 0.4403299 0.0872761
vt 0.4403299 0.0943864
vt 0.1115373 0.2292132
vt 0.4409212 0.0885691
vt 0.8194745 0.3263583
vt 0.8664099 0.0689765
vt 0.1127198 0.2311525
vt 0.4433671 0.0857090
vt 0.1771449 0.0150371
vt 0.4438775 0.0853369
vt 0.1772898 0.0113927
vt 0.4438916 0.0862340
vt 0.1150848 0.2292132
vt 0.4444687 0.0762874
vt 0.5339225 0.1560229
vt 0.0747993 0.7543595
vt 0.5345150 0.1894847
vt 0.0759818 0.8306346
vt 0.8247959 0.3644960
vt 0.5357530 0.1560229
vt 0.0771643 0.7924972
vt 0.5368799 0.1629824
vt 0.8259784 0.3644960
vt 0.0777556 0.7924972
vt 0.5374712 0.1629824
vt 0.5374712 0.1901313
vt 0.5369025 0.1560229
vt 0.5369382 0.1308627
vt 0.5369691 0.1325158
vt 0.5369714 0.1325622
vt 0.4292060 0.5553755
vt 0.4292060 0.5560235
vt 0.4292060 0.5566711
vt 0.4292060 0.5793394
vt 0.5373494 0.1420714
vt 0.8268653 0.3644960
vt 0.5383581 0.1901313
vt 0.0788130 0.7543595
vt 0.0789119 0.8247024
vt 0.0789252 0.8306346
vt 0.0789684 0.7782732
vt 0.0789809 0.8297527
vt 0.0790086 0.8248233
vt 0.0790146 0.8070128
vt 0.0790864 0.8306346
vt 0.0791093 0.7924972
vt 0.0792338 0.8306346
vt 0.5389495 0.1629824
vt 0.0793683 0.7543595
vt 0.8280477 0.3457503
vt 0.0800686 0.8303304
vt 0.8286391 0.3457503
vt 0.5401307 0.1560229
vt 0.0810075 0.7543595
vt 0.5407231 0.1907776
vt 0.8763616 0.0590798
vt 0.0815988 0.7543595
vt 0.0815988 0.7924972
vt 0.0815988 0.8306346
vt 0.5413144 0.1629824
vt 0.5413144 0.1907776
vt 0.5424969 0.1629824
vt 0.8782584 0.0676813
vt 0.0833726 0.7924972
vt 0.0843503 0.7924972
vt 0.0845551 0.7543595
vt 0.0845551 0.7579247
vt 0.5442707 0.1636287
vt 0.5442707 0.1914239
vt 0.0846041 0.8189742
vt 0.0846607 0.8306346
vt 0.0847457 0.8306346
vt 0.0851464 0.8306346
vt 0.0857376 0.8306346
vt 0.8812203 0.0560233
vt 0.8812203 0.0561520
vt 0.8812203 0.0566177
vt 0.8812203 0.0612047
vt 0.4565895 0.0892154
vt 0.0865276 0.8306346
vt 0.0865308 0.7543595
vt 0.0869200 0.7543595
vt 0.5466357 0.1791425
vt 0.3954383 0.0119817
vt 0.3954383 0.0121905
vt 0.3954383 0.0152202
vt 0.0874802 0.8306346
vt 0.0875114 0.8270694
vt 0.0875114 0.8306346
vt 0.3958488 0.0119817
vt 0.8363254 0.3644960
vt 0.0881027 0.7543595
vt 0.0881027 0.7924972
vt 0.0881027 0.8306346
vt 0.3966233 0.0119817
vt 0.4589545 0.0866298
vt 0.0886938 0.7543595
vt 0.0886938 0.7924972
vt 0.0886938 0.8306346
vt 0.8375079 0.3644960
vt 0.2723420 0.1695136
vt 0.1603752 0.5877654
vt 0.5490008 0.1901313
vt 0.2729332 0.1889056
vt 0.5495920 0.1649216
vt 0.1615577 0.5606165
vt 0.5501833 0.1901313
vt 0.6584715 0.0409557
vt 0.6584715 0.0469561
vt 0.3995852 0.0119817
vt 0.1627402 0.5334676
vt 0.5513658 0.1681535
vt 0.4625021 0.0814584
vt 0.1633315 0.5334676
vt 0.5519571 0.1914239
vt 0.2758896 0.1695136
vt 0.5525484 0.1914239
vt 0.4648671 0.0892154
vt 0.6616952 0.0378887
vt 0.4463862 0.5340025
vt 0.4463862 0.5424223
vt 0.4463862 0.5430699
vt 0.4463862 0.5437176
vt 0.4463862 0.5443652
vt 0.4463862 0.5676814
vt 0.4463862 0.5909973
vt 0.4654584 0.0814584
vt 0.2782546 0.1714528
vt 0.2782546 0.1863200
vt 0.4469786 0.5430699
vt 0.3024288 0.0359455
vt 0.3024288 0.0372410
vt 0.3030212 0.0359455
vt 0.4672322 0.0866298
vt 0.6870189 0.0049475
vt 0.4159005 0.1523733
vt 0.3042063 0.0469561
vt 0.3047986 0.0469561
vt 0.5578685 0.1521445
vt 0.8469681 0.3457503
vt 0.4169967 0.1380626
vt 0.3053910 0.0469561
vt 0.5584597 0.1521445
vt 0.6667654 0.0378887
vt 0.5590510 0.1314595
vt 0.4185664 0.1555482
vt 0.0026791 0.4208737
vt 0.0031350 0.4208680
vt 0.0032582 0.4582254
vt 0.0045388 0.4214234
vt 0.4731448 0.0872761
vt 0.0045910 0.4214410
vt 0.0046536 0.4214759
vt 0.2224527 0.0223445
vt 0.2224527 0.0282484
vt 0.4737359 0.0872761
vt 0.4226896 0.1305053
vt 0.2246184 0.0284374
vt 0.2888973 0.1624033
vt 0.0382108 0.0035620
vt 0.2254146 0.0223445
vt 0.2254146 0.0285513
vt 0.2894884 0.1624033
vt 0.2894884 0.1914911
vt 0.8558369 0.3263583
vt 0.8558369 0.3651423
vt 0.2260963 0.2810685
vt 0.2260963 0.3192062
vt 0.4642480 0.6002929
vt 0.2266877 0.2810685
vt 0.2266877 0.3192062
vt 0.4648393 0.6209779
vt 0.4648393 0.6423091
vt 0.4648393 0.6642866
vt 0.4666131 0.6423091
vt 0.0133295 0.4394429
vt 0.0139219 0.4394429
vt 0.4683869 0.6642866
vt 0.3107228 0.0359456
vt 0.3107228 0.0469559
vt 0.0145143 0.4394429
vt 0.1513626 0.0352979
vt 0.1513626 0.0469558
vt 0.0453199 0.0035620
vt 0.3872234 0.0237261
vt 0.3881794 0.0286036
vt 0.3889971 0.0237261
vt 0.3896024 0.0283583
vt 0.3901797 0.0237261
vt 0.3905298 0.0277455
vt 0.3907709 0.0237261
vt 0.3915283 0.0280736
vt 0.3915401 0.0281411
vt 0.3918372 0.0279785
vt 0.4742995 0.6423091
vt 0.1893469 0.5399319
vt 0.3925447 0.0230798
vt 0.3929982 0.0273435
vt 0.3930268 0.0276124
vt 0.2373303 0.2810685
vt 0.2373303 0.2959358
vt 0.3936605 0.0276264
vt 0.1911205 0.5897047
vt 0.7148172 0.1320211
vt 0.7148172 0.1559379
vt 0.3937272 0.0230798
vt 0.0218377 0.4209662
vt 0.0222734 0.4209461
vt 0.1917118 0.5399319
vt 0.1917118 0.5722519
vt 0.3943185 0.0230798
vt 0.0225080 0.4209563
vt 0.3946562 0.0277068
vt 0.3951300 0.0276264
vt 0.3196091 0.0359456
vt 0.3196091 0.0469559
vt 0.1928943 0.5451030
vt 0.3955010 0.0230798
vt 0.0238306 0.4209441
vt 0.3202015 0.0359456
vt 0.3202015 0.0469559
vt 0.3961203 0.0277068
vt 0.0245853 0.4582254
vt 0.0251871 0.4214098
vt 0.3972748 0.0230798
vt 0.3975898 0.0277866
vt 0.7070498 0.0126296
vt 0.4849420 0.6636403
vt 0.7088269 0.0126296
vt 0.2485641 0.3011068
vt 0.2485641 0.3192062
vt 0.2017632 0.5444567
vt 0.7254599 0.1320211
vt 0.1472597 0.3814242
vt 0.1472597 0.4105120
vt 0.2023545 0.5392853
vt 0.2027921 0.5431129
vt 0.7111967 0.0152201
vt 0.1478509 0.3814242
vt 0.1478509 0.4105120
vt 0.4878983 0.6371377
vt 0.1703199 0.0359455
vt 0.1703199 0.0417745
vt 0.0340640 0.4582254
vt 0.1484422 0.4105120
vt 0.1709123 0.0450129
vt 0.2041283 0.5392853
vt 0.2042090 0.5435358
vt 0.2047195 0.5431637
vt 0.2047195 0.5457493
vt 0.4914459 0.6106354
vt 0.4914459 0.6371377
vt 0.4920372 0.6636403
vt 0.5305431 0.5043605
vt 0.5305431 0.5250455
vt 0.6922718 0.0045697
vt 0.5323169 0.4772119
vt 0.5334993 0.4772119
vt 0.5339842 0.5250455
vt 0.5340440 0.5043605
vt 0.0719788 0.0048576
vt 0.5340907 0.4772119
vt 0.5340907 0.4927255
vt 0.2112234 0.5360534
vt 0.5341064 0.5094628
vt 0.5342429 0.5250455
vt 0.0731636 0.0048576
vt 0.5352731 0.4772119
vt 0.5352731 0.4927255
vt 0.5352731 0.5250455
vt 0.7361025 0.1320211
vt 0.7361025 0.1559379
vt 0.2307465 0.0223444
vt 0.5358645 0.4927255
vt 0.0440113 0.4216951
vt 0.1584935 0.3723743
vt 0.1584935 0.3917663
vt 0.2315995 0.0278798
vt 0.5370469 0.4927255
vt 0.6982621 0.0045697
vt 0.2325910 0.0289814
vt 0.2331160 0.0242876
vt 0.5382294 0.4927255
vt 0.2337087 0.0242876
vt 0.2343010 0.0268781
vt 0.7006416 0.0045697
vt 0.5400032 0.5256918
vt 0.6720971 0.0288214
vt 0.5417770 0.4959573
vt 0.6732819 0.0236400
vt 0.5423682 0.5256918
vt 0.0506515 0.4672928
vt 0.5429595 0.5024213
vt 0.2212747 0.5366997
vt 0.2212747 0.5909973
vt 0.1886849 0.0365931
vt 0.5447333 0.5256918
vt 0.6762441 0.0236400
vt 0.2224572 0.5560917
vt 0.2230485 0.5366997
vt 0.2230485 0.5412245
vt 0.5465071 0.4959573
vt 0.2236398 0.5909973
vt 0.1910544 0.0424224
vt 0.0547985 0.4208177
vt 0.0547985 0.4214655
vt 0.0547985 0.4214888
vt 0.0547985 0.4387953
vt 0.0547985 0.4672928
vt 0.1691362 0.3723743
vt 0.2242310 0.5528599
vt 0.5642784 0.0664215
vt 0.5642784 0.0690070
vt 0.1916468 0.0424224
vt 0.1697275 0.3723743
vt 0.1697275 0.4150368
vt 0.5476896 0.4959573
vt 0.5648697 0.0554327
vt 0.8859598 0.0391840
vt 0.8859598 0.0430428
vt 0.7929504 0.2749352
vt 0.8148698 0.0385363
vt 0.8871447 0.0132771
vt 0.6814746 0.0285142
vt 0.6815759 0.0236398
vt 0.8883294 0.0152203
vt 0.8895142 0.0132771
vt 0.6834499 0.0284605
vt 0.6834499 0.0284605
vt 0.7959123 0.2431995
vt 0.7965046 0.2412566
vt 0.6851279 0.0236398
vt 0.4280212 0.1305051
vt 0.7970970 0.2412566
vt 0.7976897 0.2399610
vt 0.4292063 0.1557642
vt 0.7982821 0.2736399
vt 0.6869076 0.0236398
vt 0.8930688 0.0152203
vt 0.6872228 0.0282822
vt 0.6873717 0.0286121
vt 0.6877523 0.0282571
vt 0.6877944 0.0284871
vt 0.8000592 0.2399610
vt 0.4321682 0.1305051
vt 0.8012440 0.2658677
vt 0.4339456 0.1544690
vt 0.9013626 0.7548576
vt 0.9013626 0.7924223
vt 0.9013626 0.8306346
vt 0.8998565 0.0448777
vt 0.1825642 0.0139825
vt 0.9049172 0.7555052
vt 0.9055095 0.7924223
vt 0.9014953 0.0450910
vt 0.8314573 0.0385363
vt 0.9031398 0.0391840
vt 0.8581161 0.4342617
vt 0.9072867 0.7924223
vt 0.9040653 0.0455923
vt 0.8598935 0.4336141
vt 0.9096565 0.8306346
vt 0.8616706 0.4627590
vt 0.8622630 0.4336141
vt 0.8622630 0.4666451
vt 0.9114336 0.7542099
vt 0.8628554 0.4336141
vt 0.1910544 0.0152201
vt 0.9084715 0.0391840
vt 0.9084715 0.0444772
vt 0.9084715 0.0444916
vt 0.9084715 0.0469628
vt 0.8634478 0.4336141
vt 0.8652252 0.4336141
vt 0.9143958 0.7924223
vt 0.8658176 0.4659974
vt 0.1943967 0.0115664
vt 0.9173577 0.7924223
vt 0.8687795 0.4290804
vt 0.8687795 0.4310233
vt 0.9179501 0.7924223
vt 0.8699645 0.4659974
vt 0.8705569 0.4659974
vt 0.9203008 0.7786385
vt 0.8711493 0.4290804
vt 0.8711493 0.4672927
vt 0.9203690 0.7542099
vt 0.9205108 0.7924223
vt 0.9206010 0.8095203
vt 0.9206504 0.8176369
vt 0.9207619 0.8086303
vt 0.9208006 0.8126100
vt 0.8717417 0.4303756
vt 0.8717417 0.4659974
vt 0.9209578 0.8306346
vt 0.8723341 0.4290804
vt 0.8468601 0.0469561
vt 0.9250593 0.7542099
vt 0.9250593 0.7924223
vt 0.9250593 0.8306346
vt 0.9256516 0.7542099
vt 0.9268364 0.7924223
vt 0.9274288 0.7924223
vt 0.9275430 0.8306346
vt 0.9275476 0.7942735
vt 0.9275644 0.8011660
vt 0.9275810 0.7924223
vt 0.9276181 0.8176267
vt 0.9276403 0.7890108
vt 0.9284402 0.7542099
vt 0.9286120 0.7542099
vt 0.9297986 0.7542099
vt 0.9303910 0.7930699
vt 0.9315757 0.7665155
vt 0.9321681 0.8189766
vt 0.9321681 0.8196242
vt 0.9321681 0.8209198
vt 0.9339456 0.8163861
vt 0.9339456 0.8306346
vt 0.9345379 0.8183290
vt 0.9351303 0.8183290
vt 0.2396326 0.0288211
vt 0.8871445 0.4284327
vt 0.7414099 0.1318004
vt 0.7414099 0.1428110
vt 0.8936612 0.4608161
vt 0.7443721 0.1318004
vt 0.9446090 0.8066710
vt 0.7455568 0.1557642
vt 0.9457937 0.7807643
vt 0.9469788 0.7548576
vt 0.9529029 0.8267488
vt 0.9540877 0.8267488
vt 0.2589288 0.0239106
vt 0.2593604 0.0238269
vt 0.8649053 0.1221062
vt 0.2604217 0.0235288
vt 0.9084716 0.4232514
vt 0.8661146 0.1225345
vt 0.8668468 0.1227131
vt 0.2627369 0.0288211
vt 0.3764810 0.6253237
vt 0.3764810 0.6635364
vt 0.6928317 0.0236400
vt 0.6928317 0.0275258
vt 0.3770734 0.6253237
vt 0.3770734 0.6635364
vt 0.3776657 0.6457989
vt 0.3776657 0.6462540
vt 0.3776657 0.6462672
vt 0.3776657 0.6467640
vt 0.3776657 0.6525261
vt 0.3776657 0.6551166
vt 0.3776657 0.6596503
vt 0.9606041 0.7943651
vt 0.8693722 0.1181995
vt 0.2645563 0.0230381
vt 0.8699645 0.1194948
vt 0.9617892 0.7684584
vt 0.3794432 0.6551166
vt 0.3794432 0.6641840
vt 0.8711493 0.1194948
vt 0.9149881 0.4556347
vt 0.3812203 0.6318007
vt 0.1969788 0.0391841
vt 0.1969788 0.0417746
vt 0.3829978 0.6045983
vt 0.3829978 0.6091321
vt 0.2697201 0.0222114
vt 0.2697218 0.0222990
vt 0.2697240 0.0224156
vt 0.2698461 0.0288211
vt 0.1975712 0.0352980
vt 0.1975712 0.0469559
vt 0.3835901 0.6318007
vt 0.3800356 0.3319300
vt 0.1987559 0.0352980
vt 0.1987559 0.0469559
vt 0.3847749 0.6045983
vt 0.1993483 0.0352980
vt 0.1993483 0.0469559
vt 0.3853673 0.6318007
vt 0.3871444 0.5987694
vt 0.4031399 0.0288212
vt 0.3841826 0.3649610
vt 0.8468602 0.2412563
vt 0.8468602 0.2749353
vt 0.3912914 0.5987694
vt 0.7544430 0.0236398
vt 0.7544430 0.0285971
vt 0.7544430 0.0290449
vt 0.9748221 0.8079663
vt 0.7549311 0.0285651
vt 0.7549332 0.0285650
vt 0.7549333 0.0285630
vt 0.7549354 0.0285655
vt 0.7550357 0.0236398
vt 0.7554007 0.0291072
vt 0.7554187 0.0286743
vt 0.7556281 0.0236398
vt 0.9760072 0.7827072
vt 0.9404621 0.5858160
vt 0.9771920 0.7568005
vt 0.9410545 0.5586140
vt 0.9416469 0.5385362
vt 0.9422392 0.5385362
vt 0.8883295 0.1033031
vt 0.8547310 0.2463453
vt 0.8550364 0.2466709
vt 0.8551086 0.2468199
vt 0.8889219 0.1045983
vt 0.4143958 0.0229922
vt 0.8587084 0.2580960
vt 0.4173580 0.0229922
vt 0.7183058 0.0262305
vt 0.7183058 0.0281737
vt 0.8610782 0.2444948
vt 0.8610782 0.2457901
vt 0.7200829 0.0262305
vt 0.7200829 0.0288213
vt 0.9517179 0.5871113
vt 0.4013625 0.3286916
vt 0.7224527 0.0242876
vt 0.7224527 0.0262305
vt 0.9534954 0.5871113
vt 0.9546801 0.5871113
vt 0.8664099 0.2438472
vt 0.8664099 0.2457901
vt 0.4055094 0.3617229
vt 0.8711493 0.2412563
vt 0.8711493 0.2749353
vt 0.7058649 0.0048576
vt 0.9611966 0.5391839
vt 0.8735191 0.2431995
vt 0.6720972 0.0450130
vt 0.9688981 0.5663859
vt 0.9688981 0.5909973
vt 0.6726896 0.0378887
vt 0.9694905 0.5391839
vt 0.5702014 0.0553756
vt 0.6738743 0.0378887
vt 0.7610381 0.0282056
vt 0.5719788 0.0553756
vt 0.8829978 0.2580960
vt 0.7615580 0.0241328
vt 0.7615676 0.0240576
vt 0.7619156 0.0241117
vt 0.8984006 0.0132771
vt 0.8984006 0.0152204
vt 0.4232820 0.3254534
vt 0.5743483 0.0689767
vt 0.9001777 0.0152204
vt 0.7443720 0.0288213
vt 0.7647557 0.0245535
vt 0.4250591 0.3254534
vt 0.7654152 0.0239057
vt 0.4256515 0.3254534
vt 0.7659447 0.0233855
vt 0.7659758 0.0238727
vt 0.7660319 0.0247520
vt 0.7662916 0.0288211
vt 0.8877371 0.2431995
vt 0.4268366 0.3254534
vt 0.8883295 0.2406087
vt 0.4274290 0.3584844
vt 0.8889219 0.2431995
vt 0.5577195 0.1996061
vt 0.5582904 0.2001448
vt 0.5583531 0.2043394
vt 0.5589454 0.2043394
vt 0.4292061 0.3254534
vt 0.7491113 0.0288213
vt 0.8912914 0.2425519
vt 0.8912914 0.2444948
vt 0.4315759 0.3584844
vt 0.4321683 0.3377590
vt 0.8936612 0.2406087
vt 0.4327607 0.3584844
vt 0.5630924 0.2308938
vt 0.4333531 0.3377590
vt 0.8948460 0.2419043
vt 0.8948460 0.2749353
vt 0.4369076 0.3649610
vt 0.4386848 0.3649610
vt 0.6923116 0.0465370
vt 0.6926116 0.0472558
vt 0.6926739 0.0436381
vt 0.6926837 0.0434968
vt 0.6930433 0.0424610
vt 0.7111965 0.0048575
vt 0.9013624 0.2477333
vt 0.7114462 0.0047665
vt 0.7114537 0.0049378
vt 0.7716233 0.0236398
vt 0.7716233 0.0288304
vt 0.7721128 0.0282502
vt 0.7722157 0.0236398
vt 0.5796801 0.0553758
vt 0.5796801 0.0689766
vt 0.7725756 0.0287491
vt 0.7725802 0.0287465
vt 0.7728080 0.0236398
vt 0.9043246 0.2477333
vt 0.9043246 0.2529146
vt 0.2538507 0.2807644
vt 0.2538507 0.3189767
vt 0.2544430 0.2807644
vt 0.2544430 0.3189767
vt 0.5820496 0.0553758
vt 0.5820496 0.0689766
vt 0.2550354 0.2807644
vt 0.9071099 0.2513870
vt 0.7781399 0.0288211
vt 0.8521920 0.0385363
vt 0.8521920 0.0455080
vt 0.8521920 0.0457547
vt 0.8521920 0.0458310
vt 0.8521920 0.0458346
vt 0.7792219 0.0240892
vt 0.7792979 0.0237571
vt 0.7793140 0.0237633
vt 0.9090640 0.2516190
vt 0.7793279 0.0241545
vt 0.7793385 0.0244530
vt 0.7794070 0.0242032
vt 0.9093353 0.2470709
vt 0.9244668 0.0139248
vt 0.8557352 0.0462189
vt 0.9123940 0.2478553
vt 0.8563195 0.0463950
vt 0.9126185 0.2516190
vt 0.8569313 0.0385363
vt 0.9132109 0.2529146
vt 0.9132109 0.2749353
vt 0.8572514 0.0465863
vt 0.8581161 0.0385363
vt 0.8581161 0.0466707
vt 0.6442535 0.1635364
vt 0.6442535 0.1913860
vt 0.9292061 0.0139248
vt 0.6448459 0.1635364
vt 0.6454383 0.1635364
vt 0.6454383 0.1913860
vt 0.7106044 0.5236399
vt 0.2751779 0.0223445
vt 0.7111968 0.4977331
vt 0.7117892 0.4776554
vt 0.7171209 0.4776554
vt 0.7177133 0.4776554
vt 0.2828791 0.0223445
vt 0.7218602 0.5249351
vt 0.2049061 0.0451861
vt 0.2049835 0.0357116
vt 0.5832347 0.0443654
vt 0.5832347 0.0469559
vt 0.2917654 0.0288211
vt 0.9496403 0.0942356
vt 0.9499547 0.0913288
vt 0.9505695 0.0859467
vt 0.9506378 0.0862972
vt 0.9510716 0.0825723
vt 0.7212676 0.3895726
vt 0.7337084 0.5255828
vt 0.7343011 0.4983808
vt 0.7224527 0.3895726
vt 0.5921209 0.0372409
vt 0.7348935 0.4783030
vt 0.8942536 0.1097799
vt 0.8942536 0.1110752
vt 0.2154921 0.0460369
vt 0.8944932 0.1189347
vt 0.8944938 0.1189538
vt 0.5933057 0.0372409
vt 0.9552725 0.0942356
vt 0.7254146 0.4115932
vt 0.9558648 0.0877590
vt 0.7260070 0.4051166
vt 0.9570499 0.0877590
vt 0.9576423 0.0832253
vt 0.2194914 0.0468105
vt 0.9603700 0.0783557
vt 0.9040575 0.1199561
vt 0.2254147 0.0352980
vt 0.2254147 0.0470076
vt 0.7348933 0.3811527
vt 0.7377236 0.3809010
vt 0.9694905 0.0793392
vt 0.9694905 0.0806348
vt 0.7420024 0.3908678
vt 0.2485190 0.2289507
vt 0.9141969 0.1040204
vt 0.9143957 0.1104275
vt 0.9145243 0.1039259
vt 0.9147105 0.1038721
vt 0.9147205 0.1210816
vt 0.9149767 0.1035606
vt 0.2497037 0.2308939
vt 0.9151183 0.1037544
vt 0.9151183 0.1037544
vt 0.9151186 0.1037366
vt 0.7445124 0.4142587
vt 0.7447261 0.4122348
vt 0.7448768 0.4120845
vt 0.7448992 0.4120013
vt 0.7451894 0.4100175
vt 0.7454587 0.4078232
vt 0.7455570 0.4051166
vt 0.4226897 0.0229923
vt 0.7461494 0.3986400
vt 0.2520736 0.1991579
vt 0.2526659 0.1991579
vt 0.4238745 0.0229923
vt 0.7163815 0.0046164
vt 0.7164795 0.0045629
vt 0.7165285 0.0048574
vt 0.7473341 0.3979924
vt 0.4250592 0.0288213
vt 0.2544431 0.2308939
vt 0.7491113 0.3960492
vt 0.7502963 0.3740285
vt 0.2562205 0.1985103
vt 0.7508887 0.3740285
vt 0.9224585 0.1224111
vt 0.9819313 0.0942356
vt 0.9228234 0.1222707
vt 0.9228845 0.1225771
vt 0.7520735 0.3960492
vt 0.9825237 0.0858162
vt 0.2585900 0.1985103
vt 0.9249695 0.1225732
vt 0.7538506 0.3947539
vt 0.5873814 0.0553755
vt 0.9902253 0.0858162
vt 0.7603674 0.3902202
vt 0.9351302 0.1097799
vt 0.9357229 0.1097799
vt 0.5234006 0.0838729
vt 0.5239930 0.0825777
vt 0.7662915 0.4148317
vt 0.5251777 0.0825777
vt 0.6021918 0.0663862
vt 0.5275473 0.0890543
vt 0.4049169 0.0132773
vt 0.7692537 0.4109456
vt 0.6027845 0.0663862
vt 0.9712679 0.0281734
vt 0.4055096 0.0152202
vt 0.5287323 0.0884066
vt 0.5287323 0.0935880
vt 0.5299171 0.0871114
vt 0.5299171 0.0890543
vt 0.5305095 0.0890543
vt 0.4082768 0.0116647
vt 0.5311018 0.0929404
vt 0.5312433 0.0770327
vt 0.6060392 0.0692314
vt 0.6060572 0.0692418
vt 0.6060821 0.0688988
vt 0.5314473 0.0768226
vt 0.4092582 0.0130686
vt 0.5334717 0.0890543
vt 0.5346564 0.0922927
vt 0.5684760 0.2219828
vt 0.5696237 0.2062823
vt 0.9806476 0.0286541
vt 0.9806733 0.0287147
vt 0.5711769 0.2302308
vt 0.5401109 0.0921070
vt 0.5401189 0.0911966
vt 0.5402451 0.0910753
vt 0.9854859 0.0242877
vt 0.0608511 0.0367819
vt 0.0612423 0.0344152
vt 0.5429503 0.0942356
vt 0.5435427 0.0935880
vt 0.9890402 0.0268782
vt 0.9896326 0.0268782
vt 0.9902253 0.0242877
vt 0.5802726 0.2062823
vt 0.5802726 0.2289085
vt 0.5802726 0.2292800
vt 0.5802726 0.2294913
vt 0.5802726 0.2299538
vt 0.5808650 0.2237696
vt 0.0675298 0.0387637
vt 0.5826421 0.1998057
vt 0.3252823 0.0388725
vt 0.0696366 0.0393868
vt 0.0702016 0.0359455
vt 0.5850119 0.1998057
vt 0.3273105 0.0359457
vt 0.5536138 0.0935880
vt 0.3285294 0.0672410
vt 0.0726305 0.0405416
vt 0.5547985 0.0935880
vt 0.3298397 0.0613574
vt 0.3293139 0.0422790
vt 0.3301273 0.0603068
vt 0.3302724 0.0657384
vt 0.5885662 0.1998057
vt 0.3314575 0.0657384
vt 0.3319601 0.0668737
vt 0.5897513 0.1998057
vt 0.8344195 0.1324482
vt 0.3320498 0.0398318
vt 0.3322248 0.0449308
vt 0.3329024 0.0670463
vt 0.3332346 0.0592615
vt 0.3332677 0.0673561
vt 0.2947274 0.1667748
vt 0.8373814 0.1324482
vt 0.3351998 0.0472312
vt 0.8386634 0.1556473
vt 0.8388722 0.1557213
vt 0.5944906 0.2289509
vt 0.3367892 0.0592615
vt 0.8395780 0.1557699
vt 0.5950830 0.1998057
vt 0.5956754 0.2289509
vt 0.8404230 0.1552271
vt 0.2982820 0.1661268
vt 0.8414844 0.1545022
vt 0.2988744 0.1913859
vt 0.5974525 0.2289509
vt 0.3403437 0.0398318
vt 0.3024289 0.1661268
vt 0.3024289 0.1907383
vt 0.3427133 0.0540802
vt 0.3030213 0.1661268
vt 0.3042061 0.1661268
vt 0.3445114 0.0690750
vt 0.3450828 0.0540802
vt 0.4789691 0.0942356
vt 0.0886226 0.0467067
vt 0.0886344 0.0466347
vt 0.0897513 0.0398316
vt 0.4801541 0.0761011
vt 0.4807465 0.0838729
vt 0.4807465 0.0942356
vt 0.4813389 0.0832253
vt 0.6981635 0.0430698
vt 0.3077606 0.1894430
vt 0.4825236 0.0812824
vt 0.4825236 0.0838729
vt 0.6993482 0.0469559
vt 0.1999407 0.0114452
vt 0.1999407 0.0152201
vt 0.6081162 0.2308938
vt 0.2011402 0.0115317
vt 0.7011257 0.0430698
vt 0.6098934 0.2056347
vt 0.7024696 0.0378914
vt 0.6104858 0.2017486
vt 0.6104858 0.2308938
vt 0.7030567 0.0384251
vt 0.7165284 0.0154436
vt 0.6140403 0.2095208
vt 0.7846565 0.0238179
vt 0.7846565 0.0288212
vt 0.7167199 0.0154183
vt 0.7168052 0.0130058
vt 0.7851548 0.0243992
vt 0.7852488 0.0288212
vt 0.7173963 0.0152290
vt 0.3261256 0.1622410
vt 0.2181249 0.0128430
vt 0.3279027 0.1738990
vt 0.2188980 0.0152201
vt 0.3296802 0.1855569
vt 0.7455570 0.2395114
vt 0.7455570 0.2457902
vt 0.7455570 0.2749354
vt 0.4214378 0.4939525
vt 0.4214619 0.4941144
vt 0.4215345 0.4938018
vt 0.4217514 0.4928678
vt 0.4218315 0.4933388
vt 0.7360782 0.0126296
vt 0.4220972 0.4983808
vt 0.9136342 0.0400169
vt 0.4226896 0.4893134
vt 0.4226896 0.4983808
vt 0.9138122 0.0398838
vt 0.7474259 0.2396327
vt 0.4232819 0.4893134
vt 0.4232819 0.4925519
vt 0.7479265 0.2457902
vt 0.9147509 0.0391823
vt 0.4392772 0.1305053
vt 0.7378554 0.0126296
vt 0.9155011 0.0432827
vt 0.4244667 0.4893134
vt 0.4404622 0.1305053
vt 0.9161731 0.0469560
vt 0.4250594 0.4925519
vt 0.4256518 0.4834844
vt 0.4256518 0.4885565
vt 0.7502963 0.2749354
vt 0.4256573 0.4885787
vt 0.4261329 0.4884708
vt 0.4262441 0.4834844
vt 0.4268365 0.4893134
vt 0.4268365 0.5165154
vt 0.4268365 0.5255828
vt 0.4269301 0.4850165
vt 0.4428317 0.1305053
vt 0.4274289 0.4844647
vt 0.4274289 0.4893134
vt 0.4274289 0.5255828
vt 0.4434241 0.1557644
vt 0.4280213 0.4750646
vt 0.4280213 0.5022669
vt 0.4286136 0.4750646
vt 0.4446089 0.1447537
vt 0.8065760 0.2386669
vt 0.8065760 0.2516333
vt 0.8065760 0.2542265
vt 0.0026660 0.6697760
vt 0.7905807 0.0234932
vt 0.0026660 0.0863662
vt 0.0026660 0.0889593
vt 0.4339456 0.4750151
vt 0.4339456 0.4931679
vt 0.4386850 0.0042099
vt 0.4375001 0.4264898
vt 0.4375001 0.4647021
vt 0.0305096 0.1207903
vt 0.2893959 0.9219560
vt 0.2893959 0.9588730
vt 0.4387625 0.0046234
vt 0.4390261 0.0042099
vt 0.0030189 0.7170090
vt 0.4390900 0.0046804
vt 0.0031574 0.7169753
vt 0.4380925 0.4381477
vt 0.0311020 0.1207903
vt 0.2899882 0.9970853
vt 0.8071689 0.2620060
vt 0.0032590 0.7086740
vt 0.4345386 0.4931679
vt 0.4345386 0.4944645
vt 0.4393445 0.0047241
vt 0.0034174 0.7179374
vt 0.0035941 0.7169097
vt 0.4396423 0.0042099
vt 0.4396519 0.0042099
vt 0.4386849 0.4342616
vt 0.7917667 0.0234932
vt 0.7917667 0.0286795
vt 0.4351316 0.4944645
vt 0.0512459 0.1833683
vt 0.0045412 0.7181222
vt 0.0056261 0.7183006
vt 0.0524319 0.1665121
vt 0.0056309 0.0889593
vt 0.4369106 0.5009474
vt 0.0059239 0.7198925
vt 0.0340639 0.1000649
vt 0.4375035 0.5009474
vt 0.2935425 0.9588730
vt 0.2242340 0.0115382
vt 0.4422395 0.4647021
vt 0.2947276 0.9044691
vt 0.2947276 0.9213084
vt 0.0548038 0.1911478
vt 0.7971030 0.0246198
vt 0.4499466 0.1548466
vt 0.0553968 0.1613258
vt 0.0085959 0.7462755
vt 0.4500207 0.1545386
vt 0.2264734 0.0148430
vt 0.7976960 0.0285096
vt 0.0559898 0.1691052
vt 0.0559898 0.1729950
vt 0.0559898 0.1781820
vt 0.4404685 0.5255831
vt 0.4506337 0.1553474
vt 0.4506539 0.1553622
vt 0.2965047 0.9588730
vt 0.2271989 0.0115382
vt 0.0565828 0.1846649
vt 0.4511346 0.1551120
vt 0.2276488 0.0144124
vt 0.0938980 0.8306346
vt 0.0103748 0.7436824
vt 0.4518330 0.1554716
vt 0.4519593 0.1546830
vt 0.4457937 0.4264898
vt 0.0944904 0.7930699
vt 0.0388032 0.1227331
vt 0.2283849 0.0115382
vt 0.7994749 0.0233232
vt 0.7431953 0.0126141
vt 0.0785034 0.0035611
vt 0.0393956 0.1201426
vt 0.2982819 0.9044691
vt 0.2982819 0.9588730
vt 0.2982819 0.9970853
vt 0.0790963 0.0035611
vt 0.0790963 0.0048577
vt 0.2292467 0.0151845
vt 0.2294236 0.0151352
vt 0.8006609 0.0259164
vt 0.7443813 0.0126141
vt 0.7443813 0.0152073
vt 0.0962679 0.7561528
vt 0.0962679 0.7930699
vt 0.0962679 0.8112048
vt 0.2994669 0.9588730
vt 0.2301638 0.0115382
vt 0.4481636 0.4647021
vt 0.0968602 0.8112048
vt 0.4546905 0.1302109
vt 0.0133398 0.7281234
vt 0.0133398 0.7397926
vt 0.3006517 0.9970853
vt 0.0139327 0.7281234
vt 0.0980450 0.8112048
vt 0.2603673 0.2807641
vt 0.2603673 0.3189767
vt 0.3012441 0.9588730
vt 0.4558764 0.1302109
vt 0.2609597 0.2807641
vt 0.2609597 0.3099093
vt 0.0844194 0.0048574
vt 0.2327126 0.0148163
vt 0.8202146 0.2749718
vt 0.2627371 0.2807641
vt 0.1010072 0.8112048
vt 0.0174907 0.7281234
vt 0.0180839 0.6892247
vt 0.0180839 0.7281234
vt 0.1021920 0.8112048
vt 0.2645142 0.3073188
vt 0.8225869 0.2386669
vt 0.0202035 0.0795364
vt 0.1039691 0.8112048
vt 0.8599593 0.0795526
vt 0.1045615 0.8112048
vt 0.0903435 0.0035621
vt 0.2680688 0.2807641
vt 0.1063389 0.7742877
vt 0.1063389 0.8112048
vt 0.6347749 0.5359457
vt 0.6347749 0.5722151
vt 0.0921209 0.0035621
vt 0.8622828 0.0773113
vt 0.1069313 0.8306346
vt 0.6353673 0.5359457
vt 0.6353673 0.5722151
vt 0.8628758 0.0773113
vt 0.8632095 0.0831875
vt 0.4588270 0.4264898
vt 0.0974735 0.0035586
vt 0.8636917 0.0830596
vt 0.4594194 0.4264898
vt 0.8468601 0.1557644
vt 0.0256913 0.0796395
vt 0.1093008 0.8306346
vt 0.8302957 0.2529299
vt 0.8308887 0.2386669
vt 0.8314817 0.2516333
vt 0.8320747 0.2529299
vt 0.0281647 0.7462755
vt 0.1134478 0.8299869
vt 0.4659362 0.4452720
vt 0.0311296 0.7462755
vt 0.7218879 0.0048565
vt 0.0317226 0.7462755
vt 0.0317226 0.0798833
vt 0.1164100 0.7561528
vt 0.1164100 0.7930699
vt 0.1164100 0.8299869
vt 0.8551540 0.1324481
vt 0.0329086 0.6697760
vt 0.0329086 0.7462755
vt 0.1170024 0.8306346
vt 0.0335016 0.7086740
vt 0.1175947 0.7924223
vt 0.1175947 0.8306346
vt 0.2603979 0.0127370
vt 0.0340946 0.7086740
vt 0.9343799 0.0152110
vt 0.9344285 0.0132234
vt 0.1181871 0.7924223
vt 0.8865836 0.0586244
vt 0.2609912 0.0127370
vt 0.0346878 0.6697760
vt 0.0346878 0.7086740
vt 0.0731950 0.0940735
vt 0.2610500 0.0111362
vt 0.1187795 0.7529144
vt 0.8871766 0.0651073
vt 0.7272240 0.0046205
vt 0.0352808 0.0811799
vt 0.1193722 0.7917746
vt 0.8753288 0.0941675
vt 0.7284099 0.0046205
vt 0.0364668 0.0811799
vt 0.4302143 0.0230243
vt 0.9369413 0.0140909
vt 0.8415627 0.2529299
vt 0.2550698 0.0115382
vt 0.6501777 0.5909973
vt 0.8901415 0.0586244
vt 0.4317041 0.0233765
vt 0.4736374 0.4647021
vt 0.5648696 0.9588730
vt 0.5648696 0.9970853
vt 0.8907345 0.0651073
vt 0.2651421 0.0153302
vt 0.8611136 0.3258261
vt 0.4742298 0.4647021
vt 0.6513625 0.5540802
vt 0.5654620 0.9588730
vt 0.5654620 0.9970853
vt 0.5643133 0.1312541
vt 0.5643133 0.1558898
vt 0.1133629 0.0046114
vt 0.1241115 0.7529144
vt 0.5666471 0.9970853
vt 0.8060205 0.0286745
vt 0.0406177 0.0785867
vt 0.1247039 0.7529144
vt 0.4310217 0.9854158
vt 0.5684242 0.9530441
vt 0.0423967 0.0941457
vt 0.4777843 0.4588731
vt 0.5690166 0.9530441
vt 0.8652645 0.3258261
vt 0.8652645 0.3647241
vt 0.4783767 0.4608160
vt 0.4328006 0.9867124
vt 0.4789691 0.4608160
vt 0.0826827 0.0746247
vt 0.4333936 0.9867124
vt 0.5707937 0.9148318
vt 0.1191908 0.0045083
vt 0.8687797 0.1557644
vt 0.1306280 0.7917746
vt 0.1247478 0.0034011
vt 0.4837084 0.4264898
vt 0.4452013 0.0042100
vt 0.4452013 0.0048576
vt 0.6608411 0.5812825
vt 0.6608411 0.5858159
vt 0.5738010 0.1312541
vt 0.5738010 0.1558898
vt 0.4381375 0.9491109
vt 0.4843008 0.4264898
vt 0.4387305 0.9218827
vt 0.4387305 0.9361451
vt 0.4393235 0.9218827
vt 0.4393235 0.9491109
vt 0.1341826 0.8112048
vt 0.5784952 0.9964377
vt 0.5406294 0.3890237
vt 0.4878554 0.4226037
vt 0.1365521 0.7529144
vt 0.1300849 0.0034011
vt 0.4464356 0.0287455
vt 0.4884478 0.4226037
vt 0.2704883 0.0149832
vt 0.0921708 0.0940735
vt 0.2707985 0.0110843
vt 0.5808651 0.9724742
vt 0.6673579 0.5735103
vt 0.6679503 0.5359457
vt 0.7337608 0.0049233
vt 0.5441873 0.4149559
vt 0.4452536 0.9115094
vt 0.5826422 0.9342616
vt 0.8332874 0.0285338
vt 0.4458466 0.9115094
vt 0.5453733 0.4149559
vt 0.8338804 0.0233469
vt 0.0572216 0.0902559
vt 0.2744870 0.0124307
vt 0.2746392 0.0149832
vt 0.5844193 0.9951425
vt 0.5844193 0.9964377
vt 0.8806825 0.0944958
vt 0.8350664 0.0272373
vt 0.9108963 0.0560306
vt 0.3350119 0.1654792
vt 0.9126753 0.0689971
vt 0.8830544 0.0802327
vt 0.3356043 0.1641839
vt 0.1448460 0.7723445
vt 0.5601304 0.0799869
vt 0.4973915 0.6022703
vt 0.1454384 0.7723445
vt 0.3367890 0.1641839
vt 0.2971556 0.0221188
vt 0.8279613 0.0234875
vt 0.0625585 0.0915525
vt 0.4991704 0.6320923
vt 0.2977486 0.0247119
vt 0.6762442 0.5547278
vt 0.5903437 0.9951425
vt 0.5524891 0.3734647
vt 0.2989346 0.0221188
vt 0.2989346 0.0286017
vt 0.0643374 0.0915525
vt 0.5909361 0.9951425
vt 0.1840063 0.9048647
vt 0.1840063 0.9204236
vt 0.1840063 0.9593217
vt 0.1840063 0.9956266
vt 0.5921209 0.9970853
vt 0.5021354 0.6580239
vt 0.5021354 0.6632102
vt 0.5927133 0.9912564
vt 0.0667094 0.0785867
vt 0.6792061 0.5359457
vt 0.5933056 0.9912564
vt 0.8895773 0.0789362
vt 0.0673024 0.0746970
vt 0.5026658 0.4659973
vt 0.1513625 0.7924223
vt 0.1513625 0.8306346
vt 0.6797985 0.5359457
vt 0.1869715 0.9191270
vt 0.0678957 0.0785867
vt 0.1875645 0.9204236
vt 0.7468067 0.0049233
vt 0.5572333 0.4006929
vt 0.4582996 0.9918994
vt 0.1531399 0.7911270
vt 0.5956755 0.9530441
vt 0.1887504 0.9593217
vt 0.5578263 0.1627799
vt 0.5578263 0.1770422
vt 0.4588926 0.9918994
vt 0.1537323 0.7911270
vt 0.6821683 0.5819302
vt 0.6821683 0.5838730
vt 0.5584193 0.1757457
vt 0.5968602 0.9912564
vt 0.5068795 0.6165327
vt 0.5590122 0.1627799
vt 0.5590122 0.1757457
vt 0.5974526 0.9148318
vt 0.5974526 0.9530441
vt 0.5974526 0.9964377
vt 0.0975199 0.0762658
vt 0.6839454 0.5735103
vt 0.6839454 0.5864639
vt 0.1199644 0.4251943
vt 0.1199644 0.4329665
vt 0.1199644 0.4672927
vt 0.2734004 0.2827071
vt 0.2734004 0.3176813
vt 0.0981129 0.0762658
vt 0.1911224 0.9593217
vt 0.6845378 0.5735103
vt 0.6845378 0.5864639
vt 0.5092515 0.6450581
vt 0.2751779 0.2827071
vt 0.1929013 0.9048647
vt 0.4630435 0.9698568
vt 0.5620869 0.1681740
vt 0.5623258 0.1665158
vt 0.4706755 0.0042100
vt 0.1004849 0.0749692
vt 0.1934943 0.9969232
vt 0.1520257 0.0034011
vt 0.1520257 0.0046977
vt 0.5631631 0.1913046
vt 0.5743484 0.0773964
vt 0.1235190 0.4251943
vt 0.2769550 0.3176813
vt 0.5637561 0.1913046
vt 0.1596564 0.7529144
vt 0.1241114 0.4465673
vt 0.5122164 0.6022703
vt 0.1952733 0.9204236
vt 0.5643491 0.1913046
vt 0.1247037 0.4672927
vt 0.5649421 0.1848217
vt 0.1252961 0.4264895
vt 0.1252961 0.4666451
vt 0.4517910 0.0269490
vt 0.4666014 0.9957891
vt 0.3521918 0.1622410
vt 0.1614335 0.7723445
vt 0.6898695 0.5735103
vt 0.1258885 0.4264895
vt 0.1258885 0.4530439
vt 0.1258885 0.4588732
vt 0.1970522 0.9061612
vt 0.1970522 0.9204236
vt 0.1970522 0.9593217
vt 0.4671944 0.9957891
vt 0.3527845 0.1622410
vt 0.6904622 0.5735103
vt 0.1264812 0.4472149
vt 0.4680572 0.9957891
vt 0.1270736 0.4582252
vt 0.1982382 0.9593217
vt 0.2788069 0.1005514
vt 0.2788069 0.1096274
vt 0.2788069 0.1148144
vt 0.2788069 0.1225939
vt 0.1573614 0.0047245
vt 0.4538402 0.0288158
vt 0.3539693 0.1816708
vt 0.1276659 0.4530439
vt 0.1276659 0.4588732
vt 0.1988312 0.9969232
vt 0.4689734 0.9322553
vt 0.4689734 0.9957891
vt 0.5151067 0.4238989
vt 0.1282583 0.4608161
vt 0.5163673 0.6307957
vt 0.4695664 0.9322553
vt 0.5156990 0.4238989
vt 0.1899461 0.0638170
vt 0.5690930 0.3851339
vt 0.2000172 0.8983811
vt 0.5175533 0.6567273
vt 0.2006102 0.8983811
vt 0.2006102 0.9061612
vt 0.5178393 0.6642507
vt 0.1300355 0.4608161
vt 0.2012031 0.9204236
vt 0.2012031 0.9593217
vt 0.9049952 0.0944958
vt 0.9423175 0.0149098
vt 0.7462274 0.7462021
vt 0.1946871 0.0034820
vt 0.1946871 0.0047786
vt 0.4574481 0.0279005
vt 0.1312205 0.4666451
vt 0.4801541 0.0042100
vt 0.4801541 0.0048576
vt 0.6957939 0.5838730
vt 0.9061815 0.0867156
vt 0.3587086 0.1913859
vt 0.1679503 0.7924223
vt 0.1679503 0.8112048
vt 0.4589071 0.0230593
vt 0.1685427 0.7529144
vt 0.1685427 0.7924223
vt 0.0867891 0.1292097
vt 0.1329976 0.4264895
vt 0.1111589 0.0827487
vt 0.5204384 0.0042099
vt 0.1691351 0.7529144
vt 0.6975711 0.5359457
vt 0.1335900 0.4459197
vt 0.1335900 0.4659974
vt 0.9454452 0.0133006
vt 0.5206907 0.0050374
vt 0.3604857 0.1816708
vt 0.2876184 0.2988991
vt 0.3042880 0.0285046
vt 0.9460744 0.0149098
vt 0.3610781 0.1816708
vt 0.3610781 0.1913859
vt 0.2882108 0.2988991
vt 0.9091464 0.0841225
vt 0.9091464 0.0867156
vt 0.6993482 0.5825778
vt 0.9097394 0.0776396
vt 0.7509716 0.7086006
vt 0.2871090 0.1005514
vt 0.4766825 0.9257724
vt 0.3622632 0.1816708
vt 0.1715049 0.7529144
vt 0.1715049 0.7911270
vt 0.0897513 0.1350387
vt 0.6999409 0.5825778
vt 0.1359598 0.4659974
vt 0.5240764 0.6294985
vt 0.5234006 0.4459196
vt 0.1720973 0.7529144
vt 0.7005333 0.5832254
vt 0.5246694 0.6437615
vt 0.4778685 0.9257724
vt 0.4778685 0.9374417
vt 0.0909361 0.1350387
vt 0.5252624 0.6437615
vt 0.4784615 0.9387382
vt 0.1732820 0.7529144
vt 0.5885664 0.0871115
vt 0.9121113 0.0828259
vt 0.3078459 0.0246148
vt 0.7533435 0.7086006
vt 0.5257701 0.0042097
vt 0.5257701 0.0046337
vt 0.1738744 0.7924223
vt 0.7023104 0.5903496
vt 0.1383294 0.4517486
vt 0.5261748 0.0042097
vt 0.5262915 0.0042097
vt 0.5263230 0.0042097
vt 0.5263625 0.0042097
vt 0.4618755 0.4764222
vt 0.4802404 0.9231793
vt 0.4802404 0.9387382
vt 0.5903435 0.0767488
vt 0.1395141 0.4647022
vt 0.5270739 0.0042097
vt 0.5272817 0.0042097
vt 0.5275473 0.0042097
vt 0.5275473 0.0042489
vt 0.7040875 0.5359457
vt 0.1401065 0.4647022
vt 0.4666160 0.0230593
vt 0.1182747 0.0749692
vt 0.9144833 0.0789362
vt 0.3102179 0.0220217
vt 0.7557155 0.7462021
vt 0.4814264 0.9192895
vt 0.1762442 0.8112048
vt 0.5915286 0.0871115
vt 0.7046802 0.5838730
vt 0.1406992 0.4504534
vt 0.1406992 0.4659974
vt 0.4820194 0.9231793
vt 0.1768366 0.7911270
vt 0.2947276 0.2988991
vt 0.1774290 0.7911270
vt 0.5927133 0.0793393
vt 0.1418839 0.4213082
vt 0.1418839 0.4446244
vt 0.1418839 0.4517486
vt 0.4648404 0.5140237
vt 0.1200537 0.0918248
vt 0.9162622 0.0789362
vt 0.3119968 0.0220217
vt 0.5293247 0.4672926
vt 0.1424763 0.4511010
vt 0.9168552 0.0789362
vt 0.7580874 0.6735922
vt 0.5299170 0.4245466
vt 0.5311923 0.6580239
vt 0.4843913 0.9439246
vt 0.4843913 0.9970857
vt 0.5305094 0.4672926
vt 0.5399881 0.4608160
vt 0.7076421 0.5359457
vt 0.7076421 0.5560234
vt 0.7076421 0.5838730
vt 0.1436611 0.4213082
vt 0.1436611 0.4446244
vt 0.1436611 0.4517486
vt 0.5317853 0.6152361
vt 0.4849843 0.9439246
vt 0.5405805 0.4413859
vt 0.0980449 0.1544688
vt 0.0980449 0.1557641
vt 0.2053640 0.0534443
vt 0.4855773 0.9452211
vt 0.7520733 0.0048574
vt 0.3711492 0.1622410
vt 0.1803909 0.7924223
vt 0.2982819 0.2807642
vt 0.7520787 0.0048956
vt 0.2059570 0.0534443
vt 0.9192271 0.0841225
vt 0.7604594 0.7086006
vt 0.4861703 0.9465177
vt 0.7524107 0.0049979
vt 0.7524719 0.0048574
vt 0.7525115 0.0048574
vt 0.5417655 0.4608160
vt 0.1809835 0.7529144
vt 0.5335642 0.6567273
vt 0.7610524 0.7462021
vt 0.4867633 0.9199823
vt 0.4867633 0.9465177
vt 0.2994669 0.2807642
vt 0.5341572 0.6567273
vt 0.4878225 0.9198834
vt 0.5347502 0.6567273
vt 0.4879492 0.9465177
vt 0.1010071 0.1557641
vt 0.5353432 0.6567273
vt 0.1775233 0.0034279
vt 0.4885422 0.9750432
vt 0.5346564 0.4413859
vt 0.7634243 0.6735922
vt 0.7634243 0.7086006
vt 0.7634243 0.7462021
vt 0.1265768 0.0944179
vt 0.5365294 0.6294985
vt 0.5453198 0.4232513
vt 0.1845378 0.8306346
vt 0.4719565 0.5256929
vt 0.7498002 0.0125506
vt 0.1851302 0.8306346
vt 0.9180472 0.0582961
vt 0.3036139 0.3176813
vt 0.5383084 0.6294985
vt 0.2699435 0.0035163
vt 0.1863153 0.7865933
vt 0.1863153 0.8086139
vt 0.5389014 0.6294985
vt 0.7521721 0.0125506
vt 0.4926934 0.9530006
vt 0.1875000 0.7619818
vt 0.1875000 0.7865933
vt 0.3053910 0.3176813
vt 0.4749215 0.4997613
vt 0.2160352 0.0034820
vt 0.2160352 0.0047786
vt 0.2717224 0.0035163
vt 0.1880924 0.8306346
vt 0.4755145 0.4997613
vt 0.5406803 0.6009737
vt 0.2723154 0.0048128
vt 0.9275293 0.0854191
vt 0.5500591 0.4238989
vt 0.2308474 0.0354752
vt 0.2308474 0.0471450
vt 0.9281222 0.0815293
vt 0.9281222 0.0880129
vt 0.9281222 0.0931992
vt 0.7545440 0.0151445
vt 0.9287152 0.0944958
vt 0.1904622 0.7619818
vt 0.4701850 0.6710725
vt 0.5518366 0.4238989
vt 0.1910546 0.7619818
vt 0.0399882 0.6700129
vt 0.0399882 0.7082255
vt 0.0399882 0.7464378
vt 0.5436453 0.6009737
vt 0.2167159 0.0686946
vt 0.2168985 0.0671148
vt 0.2169557 0.0672689
vt 0.1916470 0.8001944
vt 0.0405806 0.7464378
vt 0.5442383 0.6294985
vt 0.5530213 0.4238989
vt 0.1922394 0.8306346
vt 0.2182201 0.0556787
vt 0.3966232 0.5987695
vt 0.3966232 0.6259715
vt 0.3966232 0.6641838
vt 0.5454242 0.6009737
vt 0.5454242 0.6294985
vt 0.5454242 0.6567273
vt 0.3854716 0.2370967
vt 0.3972156 0.5987695
vt 0.3972156 0.6259715
vt 0.0423578 0.7082255
vt 0.3860646 0.2370967
vt 0.3860646 0.2746982
vt 0.3978080 0.6641838
vt 0.0429501 0.7082255
vt 0.2355912 0.0354752
vt 0.4737429 0.7086740
vt 0.0435425 0.7244172
vt 0.1893833 0.0034279
vt 0.3130925 0.2807642
vt 0.1378436 0.0762658
vt 0.2367772 0.0354752
vt 0.2367772 0.0471450
vt 0.5477962 0.6645068
vt 0.1140404 0.1402201
vt 0.3136849 0.2807642
vt 0.9290756 0.0663171
vt 0.0453200 0.6700129
vt 0.3142773 0.2807642
vt 0.1751670 0.3876742
vt 0.9296088 0.0652107
vt 0.9296860 0.0652936
vt 0.9297649 0.0650285
vt 0.0459123 0.7023962
vt 0.8280111 0.1639177
vt 0.4767078 0.7086740
vt 0.3154621 0.2807642
vt 0.0470971 0.6700129
vt 0.0470971 0.7023962
vt 0.0470971 0.7347799
vt 0.0470971 0.7464378
vt 0.8297901 0.1639177
vt 0.9322788 0.0660756
vt 0.3184243 0.2988991
vt 0.2296742 0.0047786
vt 0.1199645 0.1395724
vt 0.3593010 0.2807643
vt 0.3593010 0.3189766
vt 0.4891534 0.4764222
vt 0.4891534 0.4997613
vt 0.4891534 0.5230997
vt 0.8327553 0.1898499
vt 0.4061019 0.6117227
vt 0.4061019 0.6382771
vt 0.1205569 0.1292097
vt 0.1205569 0.1369819
vt 0.1205569 0.1395724
vt 0.5151066 0.0042100
vt 0.5151066 0.0048576
vt 0.3598933 0.2807643
vt 0.3598933 0.3189766
vt 0.8400554 0.0237568
vt 0.3604857 0.3079663
vt 0.8408104 0.0280520
vt 0.1217416 0.1492875
vt 0.8741113 0.1557643
vt 0.8409676 0.0282031
vt 0.4832310 0.6710725
vt 0.4832310 0.7086740
vt 0.4832310 0.7462755
vt 0.8410640 0.0289431
vt 0.8410640 0.0289431
vt 0.8411516 0.0289966
vt 0.8351273 0.1911465
vt 0.4838240 0.6710725
vt 0.8418094 0.0291234
vt 0.1229267 0.1492875
vt 0.8752963 0.1415155
vt 0.8421878 0.0289431
vt 0.8421882 0.0289147
vt 0.8421959 0.0289175
vt 0.8422369 0.0237568
vt 0.1235191 0.1557641
vt 0.9382090 0.0557029
vt 0.5666470 0.4647021
vt 0.4096565 0.5987695
vt 0.4096565 0.6441064
vt 0.4856029 0.7086740
vt 0.5672394 0.4640545
vt 0.1247038 0.1531736
vt 0.1247038 0.1551165
vt 0.8770735 0.1415155
vt 0.1852480 0.3734112
vt 0.5678317 0.4595207
vt 0.8776659 0.1557643
vt 0.4867889 0.7462755
vt 0.6229265 0.0942357
vt 0.2367900 0.0034820
vt 0.6241112 0.0793393
vt 0.8794430 0.1557643
vt 0.7082347 0.0378885
vt 0.8800357 0.1324480
vt 0.1882130 0.4110126
vt 0.7597750 0.0126294
vt 0.9429529 0.0634824
vt 0.6295642 0.0764943
vt 0.8812204 0.1324480
vt 0.7603674 0.0126294
vt 0.1893989 0.4110126
vt 0.4149882 0.5987695
vt 0.4149882 0.6240286
vt 0.1899919 0.4110126
vt 0.9441388 0.0634824
vt 0.2403479 0.0034820
vt 0.9955568 0.0242877
vt 0.7117890 0.0385364
vt 0.9956665 0.0284864
vt 0.9956677 0.0285318
vt 0.9956681 0.0285468
vt 0.4927187 0.7216398
vt 0.3314572 0.2807642
vt 0.3320499 0.2807642
vt 0.3332347 0.2807642
vt 0.4197275 0.6013600
vt 0.4197275 0.6395726
vt 0.7577854 0.0050186
vt 0.4203199 0.6395726
vt 0.7580937 0.0048802
vt 0.7581094 0.0048791
vt 0.7581253 0.0050186
vt 0.7583704 0.0048511
vt 0.2237657 0.0536914
vt 0.2243587 0.0536914
vt 0.2213966 0.3723667
vt 0.2213966 0.3944092
vt 0.2213966 0.4151545
vt 0.9506620 0.0595927
vt 0.5790875 0.4226037
vt 0.7601401 0.0047594
vt 0.5796802 0.4226037
vt 0.4226897 0.6641838
vt 0.3367892 0.2807642
vt 0.6383943 0.0945136
vt 0.1977010 0.3734112
vt 0.7183058 0.0469559
vt 0.3373816 0.3183289
vt 0.1982940 0.3734112
vt 0.4992419 0.6957082
vt 0.7188982 0.0378885
vt 0.1988870 0.3734112
vt 0.1994800 0.4110126
vt 0.5004279 0.6710725
vt 0.4250592 0.6641838
vt 0.2000730 0.4110126
vt 0.4256516 0.6415155
vt 0.7716232 0.0152202
vt 0.3403435 0.3183289
vt 0.2261405 0.3944092
vt 0.2267335 0.3944092
vt 0.6430698 0.0944689
vt 0.6432032 0.0881635
vt 0.6432032 0.0944773
vt 0.6432032 0.0945207
vt 0.3173744 0.0259313
vt 0.4286138 0.6020076
vt 0.2036309 0.3734112
vt 0.2291054 0.4112647
vt 0.8866883 0.1324253
vt 0.8872813 0.1324253
vt 0.8872813 0.1557644
vt 0.2054099 0.3734112
vt 0.9595568 0.0557029
vt 0.9595568 0.0595927
vt 0.7770923 0.0125893
vt 0.7770923 0.0151824
vt 0.8878743 0.1427980
vt 0.8878743 0.1557644
vt 0.4309833 0.6441064
vt 0.2060028 0.3734112
vt 0.5069507 0.6957082
vt 0.8884673 0.1427980
vt 0.8884673 0.1557644
vt 0.8705567 0.3358160
vt 0.2314773 0.3723667
vt 0.3209323 0.0285245
vt 0.7782783 0.0125893
vt 0.3212086 0.0222053
vt 0.3468603 0.2807642
vt 0.3468603 0.3189765
vt 0.2077818 0.3773009
vt 0.2326633 0.3723667
vt 0.5395354 0.0472490
vt 0.3221829 0.0230557
vt 0.8723342 0.3267486
vt 0.8723342 0.3273962
vt 0.8723342 0.3364637
vt 0.8723342 0.3371113
vt 0.8723342 0.3649612
vt 0.3474527 0.3092618
vt 0.3474527 0.3189765
vt 0.2776876 0.0035586
vt 0.2776876 0.0048552
vt 0.1484005 0.1512307
vt 0.1484005 0.1551165
vt 0.8729266 0.3267486
vt 0.8729266 0.3273962
vt 0.8729266 0.3571891
vt 0.5407213 0.0368757
vt 0.2782806 0.0035586
vt 0.8735189 0.3429403
vt 0.3492298 0.3189765
vt 0.7836135 0.0151445
vt 0.0525708 0.6803111
vt 0.0525817 0.6808123
vt 0.0526820 0.6803111
vt 0.4357227 0.6214378
vt 0.8747037 0.3571891
vt 0.0531638 0.6810162
vt 0.0531638 0.7075399
vt 0.5933056 0.4245466
vt 0.5933056 0.4672926
vt 0.8752961 0.3584843
vt 0.3504146 0.2846503
vt 0.0537568 0.6699384
vt 0.0537568 0.7088365
vt 0.0537568 0.7464380
vt 0.8758888 0.3280442
vt 0.9660799 0.0582961
vt 0.0543501 0.6699384
vt 0.0543501 0.7088365
vt 0.5944906 0.4582255
vt 0.7325238 0.0391840
vt 0.7325238 0.0411269
vt 0.7325238 0.0424222
vt 0.8764811 0.3578367
vt 0.4144099 0.0120026
vt 0.7948720 0.0124816
vt 0.7859857 0.0125506
vt 0.0549431 0.7464380
vt 0.4380925 0.6207901
vt 0.8770735 0.3280442
vt 0.8770735 0.3371113
vt 0.8770735 0.3597799
vt 0.3521920 0.2846503
vt 0.3521920 0.2943654
vt 0.5140576 0.6711044
vt 0.5448725 0.0472490
vt 0.9672659 0.0686687
vt 0.5140668 0.6710725
vt 0.5140668 0.6711044
vt 0.5140668 0.6711045
vt 0.5140668 0.6957082
vt 0.5140668 0.7203433
vt 0.5140668 0.7462755
vt 0.0555360 0.7088365
vt 0.4152153 0.0120285
vt 0.4386849 0.6266191
vt 0.8776659 0.3578367
vt 0.8475982 0.0285183
vt 0.5146598 0.7428388
vt 0.5146598 0.7462755
vt 0.7960579 0.0124816
vt 0.7871717 0.0125506
vt 0.7871717 0.0151445
vt 0.5147272 0.7428886
vt 0.4392772 0.6266191
vt 0.8782583 0.3261010
vt 0.5460585 0.0368757
vt 0.9684519 0.0557029
vt 0.8481912 0.0233319
vt 0.4163192 0.0149247
vt 0.0567220 0.7464380
vt 0.8788507 0.3578367
vt 0.3539691 0.2943654
vt 0.2148979 0.3773009
vt 0.2148979 0.4110126
vt 0.2148979 0.4149024
vt 0.0804193 0.0214170
vt 0.0804193 0.0284825
vt 0.0804193 0.0285891
vt 0.0804193 0.0289511
vt 0.2646610 0.0034820
vt 0.4169228 0.0131648
vt 0.4404620 0.6512306
vt 0.1549170 0.1292097
vt 0.1549170 0.1441062
vt 0.1549170 0.1499351
vt 0.0808796 0.0280865
vt 0.2154909 0.3773009
vt 0.0810122 0.0214170
vt 0.0950828 0.0346502
vt 0.0950828 0.0388967
vt 0.0950828 0.0469561
vt 0.5980449 0.4251942
vt 0.4410544 0.6207901
vt 0.4410544 0.6492877
vt 0.2160839 0.3721146
vt 0.2160839 0.4149024
vt 0.2439275 0.0679538
vt 0.2439275 0.0692504
vt 0.8499702 0.0233319
vt 0.7984299 0.0150747
vt 0.7895436 0.0125506
vt 0.5530215 0.4808938
vt 0.5530215 0.4815415
vt 0.2295617 0.6713082
vt 0.1489930 0.4569299
vt 0.3926248 0.0547975
vt 0.3926248 0.0690606
vt 0.0028143 0.5509638
vt 0.0028143 0.5652262
vt 0.0028143 0.5743023
vt 0.6449944 0.2738451
vt 0.5330276 0.0044225
vt 0.9216532 0.0388611
vt 0.3274589 0.0246223
vt 0.8908475 0.6775554
vt 0.5744968 0.3952648
vt 0.6485489 0.0941394
vt 0.5330660 0.0049266
vt 0.5536138 0.4854276
vt 0.2301541 0.6713082
vt 0.5334870 0.0049248
vt 0.0034073 0.5911585
vt 0.0028149 0.0109515
vt 0.0028149 0.0147462
vt 0.0028149 0.0151400
vt 0.3280519 0.0272155
vt 0.8914405 0.7397926
vt 0.9228392 0.0453440
vt 0.6467734 0.2388368
vt 0.9234322 0.0466405
vt 0.3292378 0.0285120
vt 0.2640720 0.2241826
vt 0.1513625 0.4232513
vt 0.8932195 0.6970048
vt 0.8932195 0.7086740
vt 0.8932195 0.7216398
vt 0.8932195 0.7333097
vt 0.5768687 0.4121203
vt 0.2325236 0.7088729
vt 0.3304238 0.0220291
vt 0.8938124 0.6970048
vt 0.5774617 0.4121203
vt 0.8843338 0.3260633
vt 0.5565757 0.5145724
vt 0.6524808 0.0769446
vt 0.3316098 0.0259189
vt 0.8855197 0.3649613
vt 0.6528661 0.0941394
vt 0.6529396 0.0891843
vt 0.8952618 0.7425778
vt 0.6532376 0.0941394
vt 0.3973686 0.0547975
vt 0.8861127 0.3260633
vt 0.8861127 0.3649613
vt 0.6534391 0.0941394
vt 0.6534630 0.0941394
vt 0.8867057 0.3260633
vt 0.2354858 0.7457903
vt 0.5395504 0.0044225
vt 0.5810196 0.3745188
vt 0.5395826 0.0048450
vt 0.1561019 0.4238989
vt 0.0099302 0.5911585
vt 0.8979633 0.7397926
vt 0.5816126 0.3745188
vt 0.8884847 0.3649613
vt 0.8984351 0.7410820
vt 0.5822056 0.3745188
vt 0.8553099 0.0236233
vt 0.8553099 0.0288096
vt 0.8990077 0.7409343
vt 0.2705948 0.2047339
vt 0.5827986 0.3745188
vt 0.0117091 0.5911585
vt 0.9305480 0.0388611
vt 0.2711878 0.2008435
vt 0.5833916 0.3732223
vt 0.2713038 0.2068009
vt 0.2714017 0.2070861
vt 0.1584717 0.4575779
vt 0.1584717 0.4666450
vt 0.4021125 0.0690606
vt 0.0123021 0.5315144
vt 0.0117097 0.0109515
vt 0.8570888 0.0236233
vt 0.9003576 0.7408396
vt 0.2722911 0.2063871
vt 0.9009283 0.6970048
vt 0.2729430 0.2058748
vt 0.2729667 0.2008435
vt 0.8624217 0.0236351
vt 0.5444413 0.0047312
vt 0.2732072 0.2060032
vt 0.5445376 0.0042192
vt 0.5445418 0.0042097
vt 0.5447275 0.0042097
vt 0.8630147 0.0288214
vt 0.2414099 0.7088729
vt 0.2741530 0.2034373
vt 0.8636080 0.0236351
vt 0.2759320 0.2099202
vt 0.9044865 0.6970048
vt 0.6592264 0.2738451
vt 0.9050795 0.6970048
vt 0.6598194 0.2738451
vt 0.2777109 0.2086236
vt 0.2783039 0.2086236
vt 0.5905077 0.3926716
vt 0.0194182 0.5691159
vt 0.2788969 0.2086236
vt 0.5911007 0.3926716
vt 0.6621913 0.2751417
vt 0.9080444 0.7423858
vt 0.0206042 0.5691159
vt 0.0217537 0.5555687
vt 0.0217902 0.5509638
vt 0.0218327 0.5533452
vt 0.5725712 0.4919042
vt 0.0224479 0.5640768
vt 0.0225471 0.5617859
vt 0.0225587 0.5691159
vt 0.0225683 0.5777034
vt 0.0226139 0.5911585
vt 0.0227272 0.5546058
vt 0.0227654 0.5527625
vt 0.9110093 0.7164535
vt 0.9110093 0.7397926
vt 0.9110093 0.7423858
vt 0.0231362 0.5621955
vt 0.0233735 0.5598499
vt 0.1697275 0.4251942
vt 0.0234643 0.5691159
vt 0.0235392 0.5765004
vt 0.9424080 0.0401576
vt 0.9424080 0.0440474
vt 0.9424080 0.0453440
vt 0.9116023 0.7164535
vt 0.1703199 0.4251942
vt 0.0242304 0.5911585
vt 0.2842338 0.2280723
vt 0.5964376 0.3926716
vt 0.5755331 0.4783030
vt 0.5755331 0.4789506
vt 0.5755331 0.5255828
vt 0.5976235 0.3926716
vt 0.2532584 0.7457903
vt 0.9145672 0.7462755
vt 0.2538508 0.6894431
vt 0.9151602 0.7449789
vt 0.5988095 0.4121203
vt 0.0277200 0.5496672
vt 0.3658176 0.3183291
vt 0.8938349 0.3261849
vt 0.8938349 0.3650830
vt 0.6710861 0.2388368
vt 0.6710861 0.2492095
vt 0.3670023 0.2807644
vt 0.0294990 0.5691159
vt 0.0294990 0.5911585
vt 0.3681871 0.2807644
vt 0.8689551 0.0282307
vt 0.9187181 0.7164535
vt 0.8690737 0.0258984
vt 0.8691251 0.0286022
vt 0.3687798 0.2807644
vt 0.9193114 0.7164535
vt 0.8696893 0.0234154
vt 0.8697026 0.0284486
vt 0.9199044 0.6788520
vt 0.2591825 0.7088729
vt 0.9210904 0.7086740
vt 0.8718877 0.0282307
vt 0.8985791 0.3274815
vt 0.9696692 0.2409423
vt 0.9696692 0.2435355
vt 0.9702621 0.2409423
vt 0.9702621 0.2435355
vt 0.9222764 0.6853349
vt 0.9222764 0.6892247
vt 0.2621444 0.7270078
vt 0.9234623 0.6853349
vt 0.9009511 0.3274815
vt 0.6787952 0.2751417
vt 0.6793882 0.2751417
vt 0.9738201 0.2500184
vt 0.9738201 0.2642807
vt 0.6094836 0.4134169
vt 0.5885663 0.4770078
vt 0.9264273 0.6944116
vt 0.6100765 0.4134169
vt 0.5891587 0.4815415
vt 0.5891587 0.4834844
vt 0.2656990 0.6706606
vt 0.9039160 0.3469302
vt 0.2662914 0.6706606
vt 0.1857227 0.4601684
vt 0.9755990 0.2500184
vt 0.2990587 0.2034373
vt 0.5903435 0.4990284
vt 0.1863150 0.4601684
vt 0.2801020 0.0115992
vt 0.9761920 0.2746541
vt 0.6124485 0.4134169
vt 0.3788508 0.3001942
vt 0.5915285 0.5113343
vt 0.4074728 0.0677640
vt 0.9293922 0.7346063
vt 0.9293922 0.7462755
vt 0.2816686 0.0138828
vt 0.3794432 0.3001942
vt 0.3800356 0.3001942
vt 0.4086587 0.0547975
vt 0.9785639 0.2642807
vt 0.6142275 0.3745188
vt 0.3806279 0.3001942
vt 0.9619768 0.0414542
vt 0.9619768 0.0466405
vt 0.2710307 0.7088729
vt 0.1904620 0.4608160
vt 0.9809359 0.2487218
vt 0.9809359 0.2500184
vt 0.9809359 0.2526115
vt 0.9809359 0.2733575
vt 0.3043956 0.2306655
vt 0.2836610 0.0048515
vt 0.4116237 0.0547975
vt 0.3049886 0.2306655
vt 0.1922394 0.4608160
vt 0.4122166 0.0547975
vt 0.5968602 0.4770078
vt 0.9139970 0.3274815
vt 0.5998221 0.4808938
vt 0.2763624 0.7088729
vt 0.2763624 0.7457903
vt 0.9145900 0.3274815
vt 0.1963864 0.4232513
vt 0.9513210 0.0135323
vt 0.9514295 0.0151932
vt 0.1975711 0.4232513
vt 0.9528004 0.0151497
vt 0.1993483 0.4232513
vt 0.6953991 0.2505060
vt 0.6953991 0.2751417
vt 0.3912914 0.3189767
vt 0.9193339 0.3650830
vt 0.5514429 0.0364833
vt 0.3924764 0.3189767
vt 0.9199269 0.3274815
vt 0.9199269 0.3650830
vt 0.3930688 0.2814120
vt 0.3156055 0.1990514
vt 0.2961129 0.0115992
vt 0.2961129 0.0150359
vt 0.2961129 0.0154458
vt 0.5532219 0.0364833
vt 0.6284594 0.3939682
vt 0.6075237 0.4970855
vt 0.6075237 0.4977331
vt 0.2040876 0.4238989
vt 0.5550008 0.0468559
vt 0.3984004 0.3189766
vt 0.2046800 0.4238989
vt 0.9590298 0.0135323
vt 0.9590872 0.0144096
vt 0.6015994 0.6020076
vt 0.2052724 0.4238989
vt 0.3186756 0.1984710
vt 0.3186758 0.1984718
vt 0.3187175 0.1986631
vt 0.2058651 0.4433291
vt 0.2870262 0.7088729
vt 0.2870262 0.7464379
vt 0.4264486 0.0690606
vt 0.6033768 0.6641838
vt 0.2876185 0.6706606
vt 0.4270416 0.0560941
vt 0.6039692 0.6207901
vt 0.5198460 0.7464377
vt 0.3138905 0.1360175
vt 0.6045616 0.6207901
vt 0.3788507 0.1544690
vt 0.3144835 0.1360175
vt 0.8772797 0.0235218
vt 0.8778727 0.0235218
vt 0.3014509 0.0035549
vt 0.4037321 0.2807643
vt 0.5222155 0.7088730
vt 0.5228082 0.7088730
vt 0.3812205 0.1557643
vt 0.3245577 0.2254792
vt 0.3824053 0.1298575
vt 0.5245853 0.6713083
vt 0.3186347 0.1450936
vt 0.2149617 0.9061612
vt 0.8814309 0.0287081
vt 0.4066943 0.2807643
vt 0.3192277 0.1295346
vt 0.3192277 0.1463902
vt 0.6098933 0.6207901
vt 0.2161477 0.9359826
vt 0.4078791 0.2807643
vt 0.6104857 0.6207901
vt 0.3853672 0.1466968
vt 0.3215996 0.1412039
vt 0.4096565 0.3189766
vt 0.3221926 0.1412039
vt 0.2185196 0.9554320
vt 0.2493253 0.0534148
vt 0.0621263 0.6714121
vt 0.0621263 0.6714129
vt 0.0621305 0.6716041
vt 0.2191126 0.9748807
vt 0.0627145 0.6984203
vt 0.4108413 0.2807643
vt 0.6426914 0.4147135
vt 0.0633075 0.7256491
vt 0.2505113 0.0534148
vt 0.0645901 0.6710598
vt 0.4126184 0.2807643
vt 0.6152250 0.6402203
vt 0.2188980 0.4251942
vt 0.2214845 0.9878471
vt 0.4132108 0.2807643
vt 0.2194904 0.4251942
vt 0.2194904 0.4634068
vt 0.3066255 0.0043525
vt 0.6450633 0.3771120
vt 0.3068146 0.0048235
vt 0.3071627 0.0037999
vt 0.2200831 0.4634068
vt 0.3073063 0.0037484
vt 0.6456563 0.3797052
vt 0.2206755 0.4420338
vt 0.2206755 0.4672926
vt 0.0348749 0.5679818
vt 0.6462493 0.4134169
vt 0.3124545 0.0049106
vt 0.4149882 0.3189766
vt 0.2212678 0.4213084
vt 0.3125219 0.0048755
vt 0.0354679 0.5316769
vt 0.0354679 0.5446427
vt 0.0354679 0.5563120
vt 0.0354679 0.5679818
vt 0.2238565 0.9359826
vt 0.4155806 0.2807643
vt 0.4155806 0.3189766
vt 0.6181872 0.6402203
vt 0.4132109 0.8299869
vt 0.2244495 0.9398723
vt 0.2244495 0.9411696
vt 0.2244495 0.9554320
vt 0.2244495 0.9626218
vt 0.2244495 0.9631553
vt 0.2244495 0.9878471
vt 0.2247129 0.9627487
vt 0.6187796 0.6020076
vt 0.6187796 0.6402203
vt 0.5346564 0.7276555
vt 0.4138033 0.7917746
vt 0.2250425 0.9437627
vt 0.2250425 0.9450593
vt 0.2250425 0.9476525
vt 0.2252752 0.9618805
vt 0.4143957 0.7535623
vt 0.2254307 0.9630944
vt 0.5358411 0.7088730
vt 0.4222044 0.0150247
vt 0.3150910 0.0035381
vt 0.4227361 0.0140559
vt 0.4227805 0.0139750
vt 0.0384328 0.5913203
vt 0.4237358 0.0122346
vt 0.4238282 0.0120662
vt 0.4238745 0.0119818
vt 0.6509932 0.4134169
vt 0.2286004 0.9878471
vt 0.2291937 0.9294997
vt 0.2291937 0.9761779
vt 0.2291937 0.9774745
vt 0.4440166 0.3254533
vt 0.6533654 0.3745188
vt 0.6247037 0.6052461
vt 0.6539584 0.3745188
vt 0.6252961 0.6039508
vt 0.0751675 0.6971237
vt 0.6258888 0.6590024
vt 0.2321586 0.9359826
vt 0.6264811 0.6590024
vt 0.2327516 0.9969232
vt 0.6270735 0.6207901
vt 0.6270735 0.6590024
vt 0.2333446 0.9204236
vt 0.6276659 0.6207901
vt 0.6276659 0.6590024
vt 0.2339376 0.9048647
vt 0.6282583 0.6207901
vt 0.2345305 0.9204236
vt 0.2351235 0.9204236
vt 0.4250591 0.8112048
vt 0.4256518 0.7729921
vt 0.5470973 0.7464377
vt 0.4262442 0.7729921
vt 0.5476896 0.6713083
vt 0.5476896 0.7088730
vt 0.5476896 0.7464377
vt 0.2688941 0.0611942
vt 0.5482820 0.6713083
vt 0.5482820 0.7095206
vt 0.5482820 0.7464377
vt 0.5488744 0.6713083
vt 0.3429474 0.1295346
vt 0.6341824 0.6343913
vt 0.6341824 0.6408679
vt 0.6634462 0.3939682
vt 0.0524261 0.5887706
vt 0.5506515 0.7095206
vt 0.0526490 0.5887087
vt 0.0526498 0.5887091
vt 0.0532299 0.5886947
vt 0.0532398 0.5886945
vt 0.3453194 0.1541697
vt 0.4564574 0.3455311
vt 0.6359598 0.6343913
vt 0.5518366 0.6959198
vt 0.0538507 0.5394564
vt 0.0538507 0.5640921
vt 0.6365522 0.6343913
vt 0.5524290 0.7211789
vt 0.0864342 0.6698948
vt 0.2434253 0.9333894
vt 0.0870272 0.6698948
vt 0.5536137 0.7464377
vt 0.2440183 0.9554320
vt 0.0876202 0.7347252
vt 0.0876202 0.7463944
vt 0.6383293 0.6039508
vt 0.2911729 0.0942358
vt 0.0893995 0.7347252
vt 0.0893995 0.7463944
vt 0.6412915 0.6557643
vt 0.4363152 0.8306346
vt 0.9253016 0.3261849
vt 0.9253016 0.3637864
vt 0.9203199 0.4232513
vt 0.4369076 0.7917746
vt 0.9209123 0.4614636
vt 0.4380924 0.7535623
vt 0.2929501 0.6790805
vt 0.2929501 0.7127590
vt 0.2929501 0.7457900
vt 0.4386847 0.7548576
vt 0.4386847 0.7911270
vt 0.6729343 0.4134169
vt 0.4392771 0.7911270
vt 0.4392771 0.8273964
vt 0.2511344 0.9048647
vt 0.4404622 0.8273964
vt 0.2953200 0.6706606
vt 0.9300455 0.3650830
vt 0.2523204 0.9048647
vt 0.2959123 0.6706606
vt 0.2529134 0.9282031
vt 0.6758992 0.3745188
vt 0.2837191 0.0689744
vt 0.9256516 0.4232513
vt 0.4422393 0.8273964
vt 0.2535064 0.9735841
vt 0.4683056 0.3643136
vt 0.6478080 0.6039508
vt 0.6478080 0.6214378
vt 0.6478080 0.6428108
vt 0.6478080 0.6641838
vt 0.2540994 0.9048647
vt 0.3000591 0.0754533
vt 0.4688980 0.3261010
vt 0.9324175 0.3650830
vt 0.9341964 0.3261849
vt 0.2564713 0.9048647
vt 0.9347894 0.3261849
vt 0.2576573 0.9048647
vt 0.1012592 0.7074963
vt 0.3012441 0.6913860
vt 0.3619233 0.1425004
vt 0.2582503 0.9048647
vt 0.1018522 0.7074963
vt 0.2588433 0.9294997
vt 0.2588433 0.9917369
vt 0.9321681 0.4614636
vt 0.2600292 0.9411696
vt 0.2600292 0.9437627
vt 0.2600292 0.9709909
vt 0.2606222 0.9489491
vt 0.2606222 0.9502456
vt 0.2606222 0.9969232
vt 0.9642138 0.0136898
vt 0.9395336 0.3261849
vt 0.9644151 0.0154497
vt 0.2618085 0.9709909
vt 0.2618085 0.9969232
vt 0.9345379 0.4614636
vt 0.4511256 0.7723445
vt 0.3660745 0.1295346
vt 0.2624015 0.9969232
vt 0.6853873 0.3926716
vt 0.4517180 0.8086139
vt 0.2629945 0.9294997
vt 0.2629945 0.9307963
vt 0.2629945 0.9632114
vt 0.4523104 0.8086139
vt 0.0029239 0.0221847
vt 0.6865732 0.3745188
vt 0.3071682 0.7127590
vt 0.4529027 0.8086139
vt 0.2641804 0.9385758
vt 0.2641804 0.9424662
vt 0.2641804 0.9476525
vt 0.2641804 0.9722875
vt 0.2641804 0.9969232
vt 0.6871662 0.3745188
vt 0.3077605 0.7127590
vt 0.3459346 0.0361583
vt 0.2647734 0.9307963
vt 0.3465275 0.0361583
vt 0.2653664 0.9333894
vt 0.2653664 0.9372792
vt 0.9380925 0.4232513
vt 0.3089456 0.7082253
vt 0.2659594 0.9372792
vt 0.9689655 0.0133607
vt 0.6895382 0.3745188
vt 0.4813389 0.3455311
vt 0.9398696 0.4614636
vt 0.9454635 0.3650830
vt 0.2677384 0.9294997
vt 0.9404620 0.4614636
vt 0.9460565 0.3650830
vt 0.1119332 0.7450978
vt 0.9410544 0.4232513
vt 0.9422395 0.4232513
vt 0.3737833 0.1425004
vt 0.3737833 0.1554662
vt 0.9731779 0.0154497
vt 0.1143052 0.6698948
vt 0.3369175 0.0289177
vt 0.1148982 0.7074963
vt 0.6948750 0.4121203
vt 0.1154911 0.7450978
vt 0.9446090 0.4232513
vt 0.1160841 0.7450978
vt 0.9452014 0.4232513
vt 0.3387398 0.0289299
vt 0.9508003 0.3261849
vt 0.3391573 0.0287933
vt 0.3190165 0.0754533
vt 0.4623814 0.7542099
vt 0.9513933 0.3650830
vt 0.3394265 0.0220229
vt 0.3395590 0.0286859
vt 0.4629738 0.7904794
vt 0.6196403 0.1998970
vt 0.6196403 0.2310156
vt 0.2742612 0.9722875
vt 0.9564575 0.3526554
vt 0.9564575 0.3643134
vt 0.3406125 0.0220229
vt 0.3406125 0.0282351
vt 0.3406125 0.0283591
vt 0.2748542 0.9722875
vt 0.4641589 0.7904794
vt 0.2890728 0.0596001
vt 0.1214187 0.6724936
vt 0.1214187 0.7087985
vt 0.1214187 0.7464000
vt 0.9785009 0.0154497
vt 0.2896657 0.0686762
vt 0.2760402 0.9035681
vt 0.9786537 0.0148060
vt 0.9582346 0.3643134
vt 0.9791156 0.0137833
vt 0.2766331 0.9282031
vt 0.6996189 0.3835956
vt 0.4659360 0.8267488
vt 0.4659360 0.8306346
vt 0.1231977 0.7087985
vt 0.9499407 0.4232513
vt 0.4665284 0.7924223
vt 0.3587134 0.0469053
vt 0.3588039 0.0468957
vt 0.9505331 0.4232513
vt 0.9600118 0.3261011
vt 0.3213862 0.7464380
vt 0.7013979 0.3926716
vt 0.4931871 0.3649612
vt 0.9606041 0.3261011
vt 0.3219785 0.6706606
vt 0.3219785 0.7082253
vt 0.3219785 0.7464380
vt 0.4677131 0.7924223
vt 0.2926310 0.0531172
vt 0.1249769 0.7464000
vt 0.9818190 0.0133613
vt 0.9517181 0.4426815
vt 0.4209125 0.3189767
vt 0.9611968 0.3261011
vt 0.3225712 0.7075777
vt 0.3225712 0.7263602
vt 0.4683058 0.8306346
vt 0.7025842 0.3926716
vt 0.4943721 0.3261010
vt 0.4215048 0.3189767
vt 0.3231636 0.7075777
vt 0.4220972 0.3189767
vt 0.3237560 0.7263602
vt 0.1267559 0.7087985
vt 0.4226896 0.2807641
vt 0.3243484 0.7075777
vt 0.4700830 0.7924223
vt 0.4700830 0.8306346
vt 0.2813773 0.9320928
vt 0.7043631 0.3835956
vt 0.9840155 0.0131911
vt 0.9844510 0.0133339
vt 0.7049561 0.3926716
vt 0.9848061 0.0134504
vt 0.3279028 0.0942358
vt 0.4238744 0.3001942
vt 0.1285349 0.6698998
vt 0.1285349 0.7087985
vt 0.1285349 0.7464000
vt 0.3261255 0.7263602
vt 0.2831563 0.9502456
vt 0.2831563 0.9515422
vt 0.2831563 0.9541354
vt 0.0224928 0.0221847
vt 0.3015212 0.0112883
vt 0.3267179 0.7263602
vt 0.9863559 0.0154497
vt 0.2973749 0.0531172
vt 0.0722564 0.9205581
vt 0.0722564 0.9581596
vt 0.3273106 0.7263602
vt 0.9869489 0.0141532
vt 0.4294844 0.0116685
vt 0.4294844 0.0150554
vt 0.2843423 0.9969232
vt 0.3027072 0.0151787
vt 0.4296187 0.0116787
vt 0.3033002 0.0112883
vt 0.0254577 0.0286676
vt 0.0746283 0.9037019
vt 0.0746283 0.9088882
vt 0.0746283 0.9581596
vt 0.1335900 0.6700131
vt 0.4317274 0.0118122
vt 0.4318564 0.0150554
vt 0.4320486 0.0118324
vt 0.3302725 0.7263602
vt 0.1341824 0.7082254
vt 0.3308648 0.7263602
vt 0.1347748 0.7082254
vt 0.1347748 0.7464377
vt 0.0764073 0.9037019
vt 0.0764073 0.9970577
vt 0.1353672 0.6700131
vt 0.1353672 0.7082254
vt 0.1353672 0.7464377
vt 0.3320499 0.7263602
vt 0.3320499 0.7464380
vt 0.0775933 0.9335239
vt 0.0775933 0.9374136
vt 0.9623816 0.4232513
vt 0.4315759 0.2807641
vt 0.9718602 0.3448836
vt 0.9718602 0.3643134
vt 0.3332347 0.6887952
vt 0.3332347 0.7263602
vt 0.0787792 0.9387102
vt 0.9629740 0.4232513
vt 0.9724526 0.3448836
vt 0.1377370 0.6700131
vt 0.1377370 0.7464377
vt 0.4327606 0.2807641
vt 0.1383294 0.7082254
vt 0.4324533 0.0549992
vt 0.4324533 0.0692616
vt 0.0799652 0.8764737
vt 0.0799652 0.9127786
vt 0.4333530 0.2807641
vt 0.1389217 0.6700131
vt 0.1389217 0.7082254
vt 0.1389217 0.7464377
vt 0.4369193 0.0127594
vt 0.6374302 0.2310156
vt 0.4371933 0.0150554
vt 0.7150369 0.4030443
vt 0.0805582 0.9049985
vt 0.9647511 0.4672926
vt 0.1395141 0.6700131
vt 0.1395141 0.7406087
vt 0.0811512 0.9049985
vt 0.9653435 0.4672926
vt 0.1401065 0.7082254
vt 0.7162228 0.4121203
vt 0.0817442 0.9581596
vt 0.3367892 0.7464380
vt 0.1406992 0.6700131
vt 0.1406992 0.7082254
vt 0.1406992 0.7464377
vt 0.9665285 0.4232513
vt 0.4357228 0.3189767
vt 0.1412916 0.6706607
vt 0.1412916 0.6978627
vt 0.1412916 0.7224742
vt 0.1412916 0.7464377
vt 0.0829301 0.9374136
vt 0.4363152 0.3189767
vt 0.3379740 0.7457900
vt 0.4423784 0.0119489
vt 0.4423846 0.0117474
vt 0.4425282 0.0117474
vt 0.4425282 0.0149534
vt 0.0835234 0.9335239
vt 0.3385664 0.7457900
vt 0.0841164 0.9140752
vt 0.1430687 0.6706607
vt 0.3086430 0.0149956
vt 0.0847094 0.9387102
vt 0.4380924 0.3150907
vt 0.4478204 0.0121454
vt 0.3403435 0.7457900
vt 0.1442535 0.6965674
vt 0.4481934 0.0123901
vt 0.4482936 0.0124974
vt 0.4484546 0.0121454
vt 0.1448458 0.7224742
vt 0.9706755 0.4433291
vt 0.1454385 0.7049869
vt 0.4497605 0.0127919
vt 0.4498896 0.0128974
vt 0.3421209 0.6706606
vt 0.3421209 0.7075777
vt 0.3421209 0.7457900
vt 0.1460309 0.7049869
vt 0.4502336 0.0121454
vt 0.0882673 0.8764737
vt 0.0882673 0.9140752
vt 0.0882673 0.9516767
vt 0.0882673 0.9776083
vt 0.9724526 0.4672926
vt 0.0888603 0.8673970
vt 0.0888603 0.9594562
vt 0.0888613 0.9062611
vt 0.0888618 0.9062615
vt 0.1478080 0.7464377
vt 0.3132708 0.0118215
vt 0.4419414 0.0549992
vt 0.3133869 0.0115789
vt 0.3133869 0.0117912
vt 0.3133869 0.0118484
vt 0.3133869 0.0149956
vt 0.0402827 0.0221847
vt 0.0894533 0.9088882
vt 0.0894533 0.9335239
vt 0.4428317 0.2807641
vt 0.4428317 0.3150907
vt 0.6469183 0.2154560
vt 0.4425344 0.0692616
vt 0.0900463 0.8673970
vt 0.0900463 0.9335239
vt 0.4528884 0.0153968
vt 0.9837084 0.3649610
vt 0.0414686 0.0208882
vt 0.0906392 0.8673970
vt 0.0906392 0.9062950
vt 0.0906392 0.9594562
vt 0.9843008 0.3261011
vt 0.1495852 0.7250647
vt 0.4537915 0.0147386
vt 0.0912322 0.9062950
vt 0.0912322 0.9322273
vt 0.0912322 0.9970577
vt 0.0619077 0.1615932
vt 0.1549172 0.6868523
vt 0.1549172 0.6900908
vt 0.1549172 0.7062824
vt 0.1549172 0.7464380
vt 0.1555096 0.7062824
vt 0.0630925 0.1615932
vt 0.1566943 0.7464380
vt 0.1572867 0.6700130
vt 0.1578791 0.7257126
vt 0.1578791 0.7393134
vt 0.1590638 0.6700130
vt 0.1596565 0.7244170
vt 0.1602489 0.7244170
vt 0.1602489 0.7270078
vt 0.1632108 0.7270078
vt 0.1643959 0.6713083
vt 0.1643959 0.7270078
vt 0.1661730 0.7270078
vt 0.0755330 0.1913861
vt 0.0601304 0.4459196
vt 0.1697276 0.7075777
vt 0.0613152 0.4271375
vt 0.1750593 0.7075777
vt 0.3906990 0.1557644
vt 0.1768364 0.7075777
vt 0.1774288 0.7159975
vt 0.1774288 0.7192356
vt 0.1780212 0.7192356
vt 0.1786139 0.7457900
vt 0.1792063 0.6894432
vt 0.0702015 0.4277851
vt 0.0719786 0.4277851
vt 0.0725710 0.4277851
vt 0.3972158 0.1298577
vt 0.1845380 0.6894432
vt 0.1869075 0.6894432
vt 0.0779027 0.4478628
vt 0.1880925 0.6894432
vt 0.1886849 0.6706606
vt 0.0808649 0.4478628
vt 0.0814573 0.4478628
vt 0.0844195 0.4238990
vt 0.4096563 0.1298577
vt 0.4108411 0.1544688
vt 0.3202016 0.0035620
vt 0.1987560 0.6706606
vt 0.1999407 0.6706606
vt 0.1999407 0.6862047
vt 0.1999407 0.6913860
vt 0.2005331 0.7185880
vt 0.2011255 0.7451424
vt 0.3302726 0.0035620
vt 0.1004146 0.4206605
vt 0.9700831 0.7101685
vt 0.9706755 0.6790805
vt 0.9706755 0.7464380
vt 0.9724526 0.7101685
vt 0.9730450 0.6790805
vt 0.9730450 0.7464380
vt 0.9736373 0.6790805
vt 0.9736373 0.7101685
vt 0.9736373 0.7354273
vt 0.9736373 0.7444948
vt 0.9748224 0.7101685
vt 0.1075238 0.4672926
vt 0.9760072 0.7101685
vt 0.9777843 0.7444948
vt 0.9789691 0.7101685
vt 0.9789691 0.7444948
vt 0.1146326 0.4562823
vt 0.3492300 0.0042100
vt 0.2923578 0.1007124
vt 0.4647511 0.1991579
vt 0.5530213 0.6007123
vt 0.7787322 0.9200131
vt 0.4653435 0.1991579
vt 0.7805096 0.9970853
vt 0.7811020 0.9575778
vt 0.3545617 0.0035620
vt 0.3545617 0.0042100
vt 0.7822867 0.9575778
vt 0.2988743 0.1207901
vt 0.7847008 0.9357102
vt 0.7847049 0.9200131
vt 0.7850889 0.9833980
vt 0.7851712 0.9200131
vt 0.7851912 0.9575778
vt 0.4712679 0.2198833
vt 0.7852835 0.9960416
vt 0.7854433 0.9886916
vt 0.7854962 0.9958739
vt 0.7855498 0.9934399
vt 0.7855703 0.9959789
vt 0.3006517 0.1207901
vt 0.7864337 0.9200131
vt 0.7864337 0.9957901
vt 0.7870261 0.9206607
vt 0.7882108 0.9970853
vt 0.7888032 0.9588730
vt 0.3042063 0.1207901
vt 0.7899883 0.9588730
vt 0.5654621 0.6421631
vt 0.5654621 0.6434587
vt 0.7911730 0.9588730
vt 0.7911730 0.9970853
vt 0.7935426 0.9588730
vt 0.7935426 0.9970853
vt 0.7941349 0.9588730
vt 0.5737561 0.6324483
vt 0.4860783 0.2308936
vt 0.5743484 0.6007123
vt 0.5743484 0.6324483
vt 0.3148697 0.1007124
vt 0.8006517 0.9213084
vt 0.8006517 0.9588730
vt 0.8006517 0.9970853
vt 0.3154621 0.1227330
vt 0.8012441 0.9206607
vt 0.8018365 0.9588730
vt 0.8024289 0.9970853
vt 0.8030212 0.9970853
vt 0.3794431 0.0035620
vt 0.3794431 0.0048576
vt 0.8077606 0.9588730
vt 0.8083529 0.9588730
vt 0.8107228 0.9718266
vt 0.8130923 0.9206607
vt 0.8142925 0.9586403
vt 0.8142953 0.9588730
vt 0.8144764 0.9211799
vt 0.8147468 0.9213573
vt 0.8149022 0.9970853
vt 0.8149167 0.9970853
vt 0.8149517 0.9944414
vt 0.8150974 0.9215872
vt 0.8154621 0.9970853
vt 0.8160545 0.9588730
vt 0.8166469 0.9226036
vt 0.8172392 0.9245465
vt 0.8172392 0.9588730
vt 0.8172392 0.9970853
vt 0.8184243 0.9206607
vt 0.8184243 0.9588730
vt 0.8190167 0.9206607
vt 0.8190167 0.9588730
vt 0.8196091 0.9970853
vt 0.8202014 0.9206607
vt 0.8202014 0.9970853
vt 0.8207938 0.9206607
vt 0.8207938 0.9588730
vt 0.8207938 0.9970853
vt 0.5956753 0.6641840
vt 0.8213862 0.9206607
vt 0.8213862 0.9970853
vt 0.5962677 0.6007123
vt 0.5962677 0.6330960
vt 0.8219786 0.9206607
vt 0.8219786 0.9588730
vt 0.8219786 0.9970853
vt 0.3474525 0.6706606
vt 0.3474525 0.7088729
vt 0.3474525 0.7464379
vt 0.8225710 0.9595207
vt 0.3480452 0.6706606
vt 0.8231636 0.9213084
vt 0.8231636 0.9970853
vt 0.3515994 0.7088729
vt 0.8279030 0.9595207
vt 0.3533769 0.6732514
vt 0.3551540 0.6732514
vt 0.3557464 0.7464379
vt 0.3581162 0.6732514
vt 0.8344195 0.9970853
vt 0.3604857 0.7088729
vt 0.8379740 0.9407385
vt 0.8379740 0.9970853
vt 0.3658174 0.7114638
vt 0.3670025 0.7030439
vt 0.3670025 0.7237693
vt 0.3675949 0.7030439
vt 0.3681873 0.7030439
vt 0.8433057 0.9783032
vt 0.8462676 0.9783032
vt 0.8474527 0.9783032
vt 0.3729266 0.7263602
vt 0.3729266 0.7464379
vt 0.8480451 0.9213084
vt 0.8492298 0.9783032
vt 0.3747037 0.6732514
vt 0.3747037 0.7302463
vt 0.3747037 0.7464379
vt 0.8498222 0.9795984
vt 0.8515997 0.9795984
vt 0.8516090 0.9549869
vt 0.8518841 0.9167746
vt 0.8519419 0.9368738
vt 0.8520035 0.9167746
vt 0.8522665 0.9167746
vt 0.8527844 0.9549869
vt 0.8527844 0.9588730
vt 0.8527844 0.9970853
vt 0.8533768 0.9588730
vt 0.8533768 0.9970853
vt 0.8545616 0.9549869
vt 0.8545616 0.9588730
vt 0.8551539 0.9167746
vt 0.8551539 0.9970853
vt 0.3806278 0.6732514
vt 0.3806278 0.6926812
vt 0.3806278 0.7328368
vt 0.8557463 0.9167746
vt 0.8557463 0.9549869
vt 0.8557463 0.9588730
vt 0.7745854 0.3766190
vt 0.7745854 0.4148317
vt 0.7751778 0.3766190
vt 0.7781397 0.4148317
vt 0.7787321 0.4148317
vt 0.7811019 0.4148317
vt 0.7828791 0.3766190
vt 0.7852489 0.4148317
vt 0.7864336 0.4148317
vt 0.7899882 0.4148317
vt 0.7962703 0.3836606
vt 0.7962803 0.3766190
vt 0.7965117 0.3766190
vt 0.7969622 0.4148317
vt 0.7976894 0.3766190
vt 0.7988841 0.3740285
vt 0.7990736 0.4122408
vt 0.7993165 0.3899999
vt 0.7993440 0.4122408
vt 0.7996945 0.4122408
vt 0.8000593 0.3740285
vt 0.8012440 0.4122408
vt 0.8018364 0.3740285
vt 0.8030215 0.3740285
vt 0.8030215 0.4122408
vt 0.4481634 0.2807644
vt 0.4481634 0.3189767
vt 0.4529027 0.3189767
vt 0.4540878 0.3189767
vt 0.4582345 0.2807644
vt 0.4588271 0.2807644
vt 0.4623814 0.3189767
vt 0.4629738 0.3189767
vt 0.4671208 0.3189767
vt 0.4754147 0.2807644
vt 0.4754147 0.3189767
vt 0.4807465 0.3189765
vt 0.4813389 0.2807642
vt 0.4825236 0.3189765
vt 0.4943719 0.5139248
vt 0.4949643 0.5139248
vt 0.4955570 0.5139248
vt 0.4860782 0.2807642
vt 0.4872630 0.2807642
vt 0.5014811 0.5152204
vt 0.5026659 0.4763601
vt 0.5032582 0.4763601
vt 0.5038506 0.4763601
vt 0.5044430 0.4763601
vt 0.5062204 0.4770077
vt 0.4955569 0.2807642
vt 0.4961493 0.2807642
vt 0.5109598 0.5242875
vt 0.5002962 0.2807642
vt 0.5002962 0.3189765
vt 0.5156991 0.5255830
vt 0.5085901 0.2807642
vt 0.5085901 0.3189765
vt 0.1673579 0.5119819
vt 0.5222156 0.4951426
vt 0.1697274 0.5249351
vt 0.0026658 0.2036918
vt 0.1720973 0.4737693
vt 0.5251778 0.4821891
vt 0.1726896 0.4737693
vt 0.1774290 0.4996760
vt 0.0121445 0.2205311
vt 0.0133295 0.1985104
vt 0.0139219 0.1972152
vt 0.1815759 0.4737693
vt 0.1815759 0.4996760
vt 0.1815759 0.5255828
vt 0.4754148 0.7535623
vt 0.4754148 0.7917746
vt 0.4765995 0.7924223
vt 0.4765995 0.8306346
vt 0.4771919 0.7924223
vt 0.4777843 0.7924223
vt 0.4777843 0.8306346
vt 0.4789691 0.7535623
vt 0.4795617 0.7535623
vt 0.4819313 0.7535623
vt 0.4825236 0.7917746
vt 0.4837084 0.7917746
vt 0.4837084 0.7924223
vt 0.4860782 0.7535623
vt 0.4872630 0.7535623
vt 0.0311018 0.1978628
vt 0.4884477 0.7917746
vt 0.0316942 0.1978628
vt 0.4902252 0.8306346
vt 0.0334716 0.2308938
vt 0.4908176 0.7535623
vt 0.4908176 0.7917746
vt 0.0340640 0.1991581
vt 0.0340640 0.2289509
vt 0.4949645 0.7988989
vt 0.4967903 0.7917746
vt 0.4968180 0.7833344
vt 0.4972566 0.7917746
vt 0.4977918 0.7535623
vt 0.4985191 0.7917746
vt 0.4997038 0.7988989
vt 0.4997038 0.8306346
vt 0.0447274 0.2049870
vt 0.4203199 0.2399610
vt 0.4203199 0.2555050
vt 0.4203199 0.2749352
vt 0.7129739 0.5385362
vt 0.7129739 0.5838731
vt 0.0808649 0.1713084
vt 0.0808649 0.1842616
vt 0.3065758 0.9621115
vt 0.3065758 0.9647020
vt 0.3065758 0.9698833
vt 0.3065758 0.9705309
vt 0.3065758 0.9821892
vt 0.2378554 0.3727332
vt 0.4209123 0.2561530
vt 0.7135663 0.5761009
vt 0.7135663 0.5909973
vt 0.0814573 0.1875001
vt 0.3071682 0.9925519
vt 0.7141588 0.5909973
vt 0.0820498 0.1875001
vt 0.2390403 0.4148316
vt 0.4220972 0.2561530
vt 0.4220972 0.2749352
vt 0.7147512 0.5378886
vt 0.0826422 0.1855569
vt 0.0832346 0.1855569
vt 0.0832346 0.1907382
vt 0.3089455 0.9167746
vt 0.3089455 0.9757123
vt 0.3095379 0.9090027
vt 0.3095379 0.9238988
vt 0.3095379 0.9647020
vt 0.3095379 0.9698833
vt 0.3095379 0.9705309
vt 0.3095379 0.9931995
vt 0.3101304 0.9763602
vt 0.0850119 0.1894430
vt 0.3107228 0.9763602
vt 0.7177133 0.5761009
vt 0.0856042 0.1797279
vt 0.0856042 0.1829664
vt 0.3113151 0.9931995
vt 0.3119075 0.9705309
vt 0.3130924 0.9245468
vt 0.0879739 0.1829664
vt 0.0879739 0.1913859
vt 0.3136848 0.9627591
vt 0.0885663 0.1887954
vt 0.3142772 0.9627591
vt 0.3148697 0.9828368
vt 0.3154621 0.9627591
vt 0.3154621 0.9647020
vt 0.3154621 0.9783031
vt 0.3154621 0.9931995
vt 0.3166469 0.9828368
vt 0.0915285 0.1855569
vt 0.3172394 0.9821892
vt 0.7242299 0.5884068
vt 0.0921209 0.1777850
vt 0.3178318 0.9582254
vt 0.3178318 0.9634067
vt 0.3178318 0.9647020
vt 0.3178318 0.9828368
vt 0.2491114 0.3727332
vt 0.3184242 0.9640543
vt 0.3184242 0.9692357
vt 0.3184242 0.9964377
vt 0.1975711 0.7632771
vt 0.1975711 0.7645726
vt 0.1975711 0.7840024
vt 0.1975711 0.8073187
vt 0.1975711 0.8299869
vt 0.7254146 0.5625001
vt 0.0933056 0.1913859
vt 0.3190165 0.9523964
vt 0.3190165 0.9575777
vt 0.3190165 0.9724742
vt 0.3190165 0.9783031
vt 0.3190165 0.9828368
vt 0.4333531 0.2399610
vt 0.7260072 0.5625001
vt 0.3196091 0.9090027
vt 0.3196091 0.9238988
vt 0.1987560 0.7762306
vt 0.3202014 0.9582254
vt 0.3202014 0.9634067
vt 0.1993484 0.7729921
vt 0.1999407 0.7885362
vt 0.1999407 0.7911270
vt 0.1999407 0.8073187
vt 0.3213862 0.9420337
vt 0.3213862 0.9523964
vt 0.3213862 0.9575777
vt 0.3213862 0.9640543
vt 0.3213862 0.9692357
vt 0.2005331 0.7911270
vt 0.2005331 0.7950131
vt 0.2005331 0.8073187
vt 0.3225711 0.9251944
vt 0.2017180 0.7885362
vt 0.2017180 0.7943651
vt 0.2017180 0.8306346
vt 0.3231635 0.9251944
vt 0.3231635 0.9595206
vt 0.2023104 0.8073187
vt 0.3237559 0.9595206
vt 0.2029028 0.7840024
vt 0.2029028 0.8073187
vt 0.2029028 0.8306346
vt 0.2034953 0.7924223
vt 0.4386849 0.2399610
vt 0.2040877 0.7788211
vt 0.4392772 0.2658677
vt 0.5790877 0.1318004
vt 0.3255332 0.9595206
vt 0.4398696 0.2354276
vt 0.5796800 0.1318004
vt 0.2052725 0.7924223
vt 0.2052725 0.8306346
vt 0.4404621 0.2555050
vt 0.2064574 0.7924223
vt 0.2070497 0.7956607
vt 0.3284952 0.9232512
vt 0.2076421 0.8254532
vt 0.2076421 0.8306346
vt 0.4434242 0.2555050
vt 0.3296801 0.9783031
vt 0.2094194 0.7956607
vt 0.1051540 0.1726037
vt 0.2100118 0.8254532
vt 0.2100118 0.8306346
vt 0.7378555 0.5385362
vt 0.7378555 0.5625001
vt 0.7378555 0.5864636
vt 0.2106043 0.7924223
vt 0.7384479 0.5404794
vt 0.7384479 0.5637953
vt 0.7384479 0.5871115
vt 0.3320498 0.9232512
vt 0.7390403 0.5637953
vt 0.7390403 0.5871115
vt 0.1069313 0.1615934
vt 0.3326422 0.9232512
vt 0.2117891 0.8293393
vt 0.7396326 0.5637953
vt 0.2123815 0.8293393
vt 0.1081162 0.1615934
vt 0.3338271 0.9219559
vt 0.2129740 0.8306346
vt 0.7408176 0.5404794
vt 0.7408176 0.5430699
vt 0.7408176 0.5637953
vt 0.7408176 0.5871115
vt 0.2135664 0.7619818
vt 0.7414099 0.5430699
vt 0.7414099 0.5637953
vt 0.7414099 0.5871115
vt 0.2141587 0.8306346
vt 0.2147511 0.7561528
vt 0.2147511 0.7613342
vt 0.4499408 0.2354276
vt 0.7425948 0.5404794
vt 0.7425948 0.5637953
vt 0.1104858 0.1842616
vt 0.7431872 0.5637953
vt 0.2159360 0.8118524
vt 0.5909360 0.1311527
vt 0.7437796 0.5404794
vt 0.7437796 0.5637953
vt 0.7437796 0.5871115
vt 0.7443720 0.5864636
vt 0.2171208 0.7561528
vt 0.2171208 0.7613342
vt 0.2171208 0.7619818
vt 0.2171208 0.8060234
vt 0.7449645 0.5819302
vt 0.7455569 0.5437176
vt 0.7455569 0.5488989
vt 0.2183057 0.7542099
vt 0.2183057 0.7652203
vt 0.4534952 0.2535622
vt 0.7467416 0.5871115
vt 0.3403435 0.9595206
vt 0.7473342 0.5819302
vt 0.3409361 0.9595206
vt 0.6519550 0.1998056
vt 0.6519550 0.2308937
vt 0.7479266 0.5488989
vt 0.2206754 0.7924223
vt 0.4558649 0.2568006
vt 0.4558649 0.2652201
vt 0.7485189 0.5488989
vt 0.7485189 0.5871115
vt 0.2212678 0.7924223
vt 0.4564573 0.2367229
vt 0.5962677 0.1460492
vt 0.7491113 0.5488989
vt 0.3427132 0.9595206
vt 0.2218601 0.7924223
vt 0.4570498 0.2749352
vt 0.7497038 0.5488989
vt 0.7502962 0.5871115
vt 0.6507701 0.1868524
vt 0.7508886 0.5488989
vt 0.7508886 0.5871115
vt 0.7514810 0.5359457
vt 0.7514810 0.5599092
vt 0.7514810 0.5871115
vt 0.2242298 0.7924223
vt 0.6519550 0.1894429
vt 0.3456754 0.9154793
vt 0.2248223 0.8306346
vt 0.3462678 0.9167746
vt 0.3462678 0.9595206
vt 0.6531398 0.1913862
vt 0.3468602 0.9102980
vt 0.2260071 0.8306346
vt 0.6021920 0.1557642
vt 0.3492298 0.9964377
vt 0.2301540 0.7542099
vt 0.2301540 0.7924223
vt 0.2301540 0.8299869
vt 0.2307464 0.7542099
vt 0.2307464 0.7924223
vt 0.2307464 0.8306346
vt 0.2313388 0.7924223
vt 0.2319313 0.7924223
vt 0.3533768 0.9964377
vt 0.2325237 0.7542099
vt 0.2325237 0.7924223
vt 0.2325237 0.8306346
vt 0.2331161 0.7924223
vt 0.2331161 0.8196242
vt 0.2331161 0.8306346
vt 0.1288507 0.1913859
vt 0.2337085 0.7542099
vt 0.2337085 0.7924223
vt 0.2337085 0.8196242
vt 0.1294432 0.1751942
vt 0.2343010 0.7542099
vt 0.2343010 0.7924223
vt 0.2343010 0.8306346
vt 0.4694905 0.2561530
vt 0.1300356 0.1635362
vt 0.1300356 0.1913859
vt 0.2348934 0.7924223
vt 0.6626185 0.1900906
vt 0.3563388 0.9161270
vt 0.6632108 0.1777850
vt 0.6632108 0.1868524
vt 0.2360781 0.7652203
vt 0.2360781 0.7924223
vt 0.2360781 0.8306346
vt 0.6110783 0.1311527
vt 0.2366707 0.7652203
vt 0.2366707 0.7924223
vt 0.2366707 0.8306346
vt 0.3581161 0.9161270
vt 0.2372631 0.7542099
vt 0.2372631 0.7924223
vt 0.2372631 0.8306346
vt 0.6649881 0.1855568
vt 0.6649881 0.1907382
vt 0.1329976 0.1648315
vt 0.3593009 0.9102980
vt 0.3593009 0.9154793
vt 0.2384478 0.7924223
vt 0.6661730 0.1913862
vt 0.7662915 0.5359457
vt 0.3598934 0.9219559
vt 0.3598934 0.9595206
vt 0.3598934 0.9970856
vt 0.6667654 0.1823187
vt 0.0026659 0.0689767
vt 0.7686612 0.6829663
vt 0.7686612 0.6855571
vt 0.7686612 0.7088730
vt 0.7686612 0.7147020
vt 0.7686612 0.7159973
vt 0.2396327 0.7542099
vt 0.7674763 0.5735104
vt 0.1353673 0.1913859
vt 0.7692535 0.6803758
vt 0.7692535 0.6855571
vt 0.2402251 0.8306346
vt 0.2408175 0.7652203
vt 0.2408175 0.7924223
vt 0.2409413 0.8075383
vt 0.2410650 0.7765849
vt 0.2411262 0.7924223
vt 0.1365522 0.1913859
vt 0.0044432 0.0579664
vt 0.2414100 0.7652203
vt 0.2414100 0.7843923
vt 0.2415837 0.7924223
vt 0.2417551 0.8035521
vt 0.6691351 0.1635362
vt 0.6691351 0.1836140
vt 0.7710308 0.6836139
vt 0.7710308 0.7464377
vt 0.2420024 0.7924223
vt 0.6697275 0.1868524
vt 0.7716232 0.6803758
vt 0.2425948 0.7542099
vt 0.2425948 0.7924223
vt 0.2425948 0.8306346
vt 0.6703198 0.1777850
vt 0.2431871 0.7924223
vt 0.2431871 0.8306346
vt 0.7728081 0.6855571
vt 0.7728081 0.7114639
vt 0.2437797 0.7542099
vt 0.1869076 0.5171632
vt 0.7734005 0.6855571
vt 0.2443721 0.7542099
vt 0.2443721 0.7924223
vt 0.6720971 0.1635362
vt 0.1875000 0.4880183
vt 0.2449644 0.8306346
vt 0.2455568 0.7542099
vt 0.7751778 0.7153496
vt 0.2461493 0.7924223
vt 0.2461493 0.8306346
vt 0.1892773 0.4860751
vt 0.1892773 0.5191064
vt 0.7757702 0.6849092
vt 0.2467417 0.7924223
vt 0.1898696 0.4860751
vt 0.7763625 0.6816710
vt 0.2473341 0.7542099
vt 0.2473341 0.7924223
vt 0.2473341 0.8306346
vt 0.4825236 0.2561530
vt 0.4825236 0.2749352
vt 0.1904620 0.5210492
vt 0.7769549 0.6771373
vt 0.7769549 0.6797278
vt 0.7769549 0.6816710
vt 0.7769549 0.6849092
vt 0.2479265 0.7924223
vt 0.2479265 0.8306346
vt 0.1910546 0.4828369
vt 0.7775475 0.7114639
vt 0.2485190 0.7924223
vt 0.2485190 0.8306346
vt 0.4837085 0.2736399
vt 0.1916469 0.4828369
vt 0.2491114 0.7924223
vt 0.1922393 0.4841322
vt 0.1922393 0.5223445
vt 0.2497038 0.7542099
vt 0.2497038 0.7924223
vt 0.7793246 0.6816710
vt 0.2502962 0.7529144
vt 0.2502962 0.7904794
vt 0.2502962 0.8286917
vt 0.1934242 0.4841322
vt 0.7799171 0.6849092
vt 0.2508887 0.7904794
vt 0.1940166 0.4841322
vt 0.0145142 0.0553756
vt 0.2514811 0.7529144
vt 0.2514811 0.7904794
vt 0.1946090 0.4841322
vt 0.1946090 0.5223445
vt 0.4872630 0.2749352
vt 0.1952014 0.4763600
vt 0.2526658 0.7529144
vt 0.1957939 0.5055052
vt 0.4884479 0.2516193
vt 0.1963863 0.5255830
vt 0.7822867 0.5495465
vt 0.7846565 0.7451425
vt 0.2544431 0.3772669
vt 0.4908176 0.2516193
vt 0.7834716 0.5877592
vt 0.4914099 0.2373705
vt 0.0796801 0.0689766
vt 0.3207938 0.1013602
vt 0.3207938 0.1136658
vt 0.1519550 0.1622410
vt 0.4920023 0.2516193
vt 0.6318127 0.1311527
vt 0.2562204 0.3934585
vt 0.2562204 0.4148315
vt 0.3219787 0.1207901
vt 0.0216232 0.0599093
vt 0.1543246 0.1622410
vt 0.0826421 0.0527849
vt 0.3249408 0.1136658
vt 0.3249408 0.1227333
vt 0.0239929 0.0683291
vt 0.2603672 0.3720855
vt 0.1572867 0.1862045
vt 0.0251777 0.0553756
vt 0.0251777 0.0625001
vt 0.2609598 0.3830958
vt 0.0257702 0.0566708
vt 0.0257702 0.0625001
vt 0.2615522 0.3921633
vt 0.2633294 0.7904794
vt 0.2621445 0.3759716
vt 0.3279028 0.1181995
vt 0.2639218 0.7904794
vt 0.2651067 0.7529144
vt 0.0287322 0.0605569
vt 0.7947275 0.7101683
vt 0.7947275 0.7127591
vt 0.7947275 0.7134068
vt 0.7953199 0.7134068
vt 0.7959123 0.6855571
vt 0.7959123 0.7438472
vt 0.2656991 0.3934585
vt 0.0311019 0.0560232
vt 0.2680687 0.7904794
vt 0.7976896 0.6777850
vt 0.0322867 0.0579664
vt 0.2680688 0.3714379
vt 0.2680688 0.3792097
vt 0.0328792 0.0631478
vt 0.7988745 0.6868524
vt 0.7988745 0.7438472
vt 0.2698460 0.7904794
vt 0.2129740 0.4763600
vt 0.2129740 0.5152203
vt 0.7994668 0.6868524
vt 0.2704384 0.7904794
vt 0.8000592 0.6777850
vt 0.3361967 0.1227333
vt 0.1679503 0.1894430
vt 0.1679503 0.1907382
vt 0.2728081 0.8176814
vt 0.2716232 0.3740284
vt 0.2734005 0.8176814
vt 0.2734005 0.3701426
vt 0.2751777 0.8286917
vt 0.2745853 0.3740284
vt 0.2763625 0.8286917
vt 0.2751778 0.3798574
vt 0.1720972 0.1881477
vt 0.3415285 0.1007123
vt 0.1726896 0.1887954
vt 0.2775474 0.8254532
vt 0.2775474 0.8286917
vt 0.2763625 0.3701426
vt 0.1738744 0.1913859
vt 0.2787322 0.8021373
vt 0.2787322 0.8254532
vt 0.1750593 0.1836140
vt 0.2799171 0.8014897
vt 0.2799171 0.8286917
vt 0.1756516 0.1836140
vt 0.2236374 0.5249353
vt 0.2811018 0.7529144
vt 0.2811018 0.7755830
vt 0.2811018 0.8014897
vt 0.2811018 0.8286917
vt 0.2816944 0.7904794
vt 0.2816944 0.8060234
vt 0.2816944 0.8228627
vt 0.1774289 0.1907382
vt 0.0453199 0.0670335
vt 0.2822867 0.8060234
vt 0.0459123 0.0657383
vt 0.1786137 0.1816711
vt 0.2834715 0.8228627
vt 0.1792062 0.1622410
vt 0.1792062 0.1648315
vt 0.0470972 0.0683291
vt 0.5589455 0.7127591
vt 0.2846564 0.7529144
vt 0.1803910 0.1907382
vt 0.2852488 0.8092616
vt 0.8148696 0.6829663
vt 0.2858412 0.8163861
vt 0.2858412 0.8286917
vt 0.1815759 0.1855569
vt 0.8154621 0.6868524
vt 0.8154621 0.7386659
vt 0.2864337 0.8209198
vt 0.8160545 0.7386659
vt 0.5619076 0.7412563
vt 0.8166469 0.7444948
vt 0.2876185 0.8163861
vt 0.2307464 0.4860751
vt 0.2307464 0.5249353
vt 0.8172393 0.7386659
vt 0.2870261 0.3863343
vt 0.2313389 0.5204016
vt 0.5630925 0.6719559
vt 0.1430688 0.0780441
vt 0.2882109 0.3863343
vt 0.5642772 0.6926813
vt 0.2899881 0.7904794
vt 0.5648696 0.6823186
vt 0.5648696 0.7276555
vt 0.5654621 0.7276555
vt 0.1460308 0.0767486
vt 0.8207939 0.6868524
vt 0.8207939 0.7114639
vt 0.8207939 0.7153496
vt 0.2348933 0.4970854
vt 0.5666469 0.6823186
vt 0.0553910 0.0579664
vt 0.6572867 0.2049870
vt 0.6572867 0.2056347
vt 0.6572867 0.2095207
vt 0.6572867 0.2302461
vt 0.8213862 0.7153496
vt 0.5672393 0.6719559
vt 0.6578791 0.2004533
vt 0.6578791 0.2082255
vt 0.2917655 0.4148315
vt 0.1478081 0.0748057
vt 0.5684242 0.7250647
vt 0.0571683 0.0579664
vt 0.6590640 0.2056347
vt 0.8231635 0.7425520
vt 0.2941351 0.8286917
vt 0.6596564 0.2036918
vt 0.2947275 0.8286917
vt 0.6602488 0.2004533
vt 0.2384479 0.4744171
vt 0.8249408 0.6816710
vt 0.6608413 0.2088731
vt 0.8249408 0.7153496
vt 0.8249408 0.7386659
vt 0.8249408 0.7464377
vt 0.2959124 0.7904794
vt 0.2959124 0.8286917
vt 0.5707939 0.7419043
vt 0.6614337 0.2062823
vt 0.8255332 0.7153496
vt 0.8255332 0.7425520
vt 0.2965048 0.7904794
vt 0.5713862 0.7419043
vt 0.6620260 0.2095207
vt 0.6620260 0.2308938
vt 0.2970971 0.7529144
vt 0.3616706 0.1007123
vt 0.6626184 0.2270077
vt 0.2976895 0.7548576
vt 0.2976895 0.7872409
vt 0.2976895 0.8183290
vt 0.2976895 0.8286917
vt 0.2965048 0.3895724
vt 0.2965048 0.3921633
vt 0.2965048 0.3928109
vt 0.2965048 0.4038212
vt 0.6632110 0.1998057
vt 0.6632110 0.2270077
vt 0.2420024 0.4970854
vt 0.5761256 0.7179404
vt 0.6673578 0.2270077
vt 0.5773105 0.6946242
vt 0.3042061 0.7872409
vt 0.5790876 0.7464377
vt 0.6709123 0.1998057
vt 0.6709123 0.2270077
vt 0.5808649 0.7431995
vt 0.7781398 0.6033032
vt 0.7781398 0.6175520
vt 0.7781398 0.6201425
vt 0.7781398 0.6259714
vt 0.8083531 0.4057644
vt 0.5820498 0.6998056
vt 0.5820498 0.7406087
vt 0.7787323 0.6214377
vt 0.8089455 0.3740284
vt 0.7793247 0.6033032
vt 0.7793247 0.6078369
vt 0.2520734 0.4737695
vt 0.7805094 0.6188472
vt 0.7805094 0.6214377
vt 0.7805094 0.6240286
vt 0.7805094 0.6622409
vt 0.5844195 0.6713083
vt 0.3101304 0.7548576
vt 0.2532583 0.4964378
vt 0.5850119 0.6713083
vt 0.5850119 0.6933290
vt 0.5850119 0.7023964
vt 0.0737559 0.0527851
vt 0.7816943 0.6136659
vt 0.3107228 0.7548576
vt 0.2538507 0.5191064
vt 0.5856042 0.7069301
vt 0.5856042 0.7302460
vt 0.0743483 0.0527851
vt 0.0743483 0.0553756
vt 0.1655805 0.0858160
vt 0.3113151 0.7548576
vt 0.3113151 0.7924223
vt 0.3113151 0.8286917
vt 0.8124999 0.4057644
vt 0.8124999 0.4148315
vt 0.8403435 0.3843910
vt 0.8403435 0.4122410
vt 0.5861966 0.6790802
vt 0.0465047 0.0216970
vt 0.3119075 0.7924223
vt 0.5867892 0.6713083
vt 0.1667655 0.0838731
vt 0.1667655 0.0858160
vt 0.7834716 0.6227333
vt 0.3125001 0.7665155
vt 0.3125001 0.7788211
vt 0.3125001 0.7820596
vt 0.3125001 0.8053758
vt 0.3125001 0.8261012
vt 0.3125001 0.8286917
vt 0.0476896 0.0288212
vt 0.1679502 0.0838731
vt 0.3136848 0.8053758
vt 0.5885663 0.6777849
vt 0.5885663 0.6784325
vt 0.5885663 0.6790802
vt 0.5885663 0.7321892
vt 0.0488744 0.0236399
vt 0.3142772 0.7568005
vt 0.3142772 0.7742877
vt 0.3142772 0.7814119
vt 0.3142772 0.7820596
vt 0.1691351 0.0773965
vt 0.1691351 0.0793394
vt 0.3148697 0.7820596
vt 0.3148697 0.8053758
vt 0.3148697 0.8286917
vt 0.5897512 0.7315416
vt 0.7864337 0.6136659
vt 0.7864337 0.6240286
vt 0.3154621 0.7645726
vt 0.3154621 0.7820596
vt 0.3154621 0.8053758
vt 0.3154621 0.8286917
vt 0.0506516 0.0281736
vt 0.0512440 0.0216970
vt 0.7876184 0.6240286
vt 0.3166469 0.7568005
vt 0.3166469 0.7762306
vt 0.3166469 0.8053758
vt 0.3172394 0.7600389
vt 0.5921209 0.7341321
vt 0.3178318 0.7529144
vt 0.3178318 0.7820596
vt 0.3178318 0.8053758
vt 0.3178318 0.8286917
vt 0.7893957 0.6078369
vt 0.7893957 0.6130182
vt 0.3190165 0.7911270
vt 0.5938982 0.7231218
vt 0.3196091 0.7529144
vt 0.5944905 0.7056349
vt 0.5944905 0.7464377
vt 0.3202014 0.7542099
vt 0.3202014 0.7924223
vt 0.3202014 0.8306346
vt 0.7917654 0.6622409
vt 0.3207938 0.7924223
vt 0.8219786 0.3947537
vt 0.0559834 0.0210494
vt 0.0559834 0.0288212
vt 0.7923578 0.6622409
vt 0.3213862 0.8306346
vt 0.1762441 0.0773965
vt 0.3219787 0.7542099
vt 0.3219787 0.7924223
vt 0.3219787 0.8306346
vt 0.3225711 0.7924223
vt 0.0577606 0.0262307
vt 0.3231635 0.7542099
vt 0.3231635 0.7924223
vt 0.3231635 0.8306346
vt 0.0583530 0.0223446
vt 0.1780213 0.0812823
vt 0.3237559 0.7542099
vt 0.3237559 0.7924223
vt 0.3237559 0.8306346
vt 0.3243484 0.7542099
vt 0.3243484 0.7924223
vt 0.8533768 0.4122410
vt 0.3249408 0.7924223
vt 0.3249408 0.8306346
vt 0.5998223 0.7257123
vt 0.7965047 0.6130182
vt 0.3255332 0.7542099
vt 0.3255332 0.8306346
vt 0.8545616 0.3740284
vt 0.7970971 0.6130182
vt 0.7970971 0.6376294
vt 0.3261255 0.7542099
vt 0.3261255 0.7924223
vt 0.3261255 0.8306346
vt 0.1809835 0.0806347
vt 0.3267181 0.7924223
vt 0.8557465 0.3740284
vt 0.0619076 0.0216970
vt 0.3273104 0.7542099
vt 0.3273104 0.7924223
vt 0.3273104 0.8306346
vt 0.1821682 0.0851684
vt 0.7988744 0.6084845
vt 0.3279028 0.7542099
vt 0.3279028 0.7924223
vt 0.1827606 0.0825779
vt 0.3284952 0.7924223
vt 0.1845379 0.0825779
vt 0.8012441 0.6395726
vt 0.8012441 0.6641841
vt 0.8593009 0.4122410
vt 0.6051540 0.7056349
vt 0.6051540 0.7464377
vt 0.1851303 0.0812823
vt 0.8018364 0.6084845
vt 0.6057465 0.7082254
vt 0.8024290 0.6084845
vt 0.2420024 0.0352978
vt 0.2420024 0.0469561
vt 0.8036137 0.6091321
vt 0.8616706 0.3740284
vt 0.8616706 0.4122410
vt 0.6075236 0.7082254
vt 0.2437796 0.0352978
vt 0.2064573 0.9504532
vt 0.2064573 0.9737695
vt 0.2064573 0.9970853
vt 0.8344195 0.3746763
vt 0.8622631 0.3766192
vt 0.8047986 0.6091321
vt 0.2070498 0.9057643
vt 0.2070498 0.9264897
vt 0.2070498 0.9498056
vt 0.8350119 0.3746763
vt 0.8350119 0.4148315
vt 0.8628555 0.4148315
vt 0.6087085 0.7036916
vt 0.8053910 0.6117227
vt 0.8053910 0.6149611
vt 0.8053910 0.6175520
vt 0.8053910 0.6402202
vt 0.2076422 0.9737695
vt 0.6093009 0.6797281
vt 0.6093009 0.6842615
vt 0.6093009 0.6868524
vt 0.2082346 0.9031735
vt 0.2082346 0.9057643
vt 0.2082346 0.9264897
vt 0.2082346 0.9504532
vt 0.6098933 0.6745468
vt 0.1898696 0.0909973
vt 0.8065758 0.6389250
vt 0.2088270 0.9264897
vt 0.2088270 0.9737695
vt 0.2088270 0.9970853
vt 0.8646328 0.3766192
vt 0.6104858 0.7464377
vt 0.1904621 0.0767486
vt 0.1904621 0.0793394
vt 0.1904621 0.0812823
vt 0.1904621 0.0942358
vt 0.8071683 0.6091321
vt 0.2094195 0.9031735
vt 0.2094195 0.9498056
vt 0.2094195 0.9504532
vt 0.1910545 0.0903497
vt 0.8077607 0.6117227
vt 0.8077607 0.6149611
vt 0.8077607 0.6175520
vt 0.8936611 0.1558555
vt 0.8403436 0.1752728
vt 0.8403436 0.1772121
vt 0.9149881 0.1337866
vt 0.9149881 0.1344330
vt 0.9149881 0.1538250
vt 0.9149881 0.1557643
vt 0.9155795 0.1415435
vt 0.9155795 0.1538250
vt 0.9155795 0.1557643
vt 0.9161706 0.1421898
vt 0.9167619 0.1434826
vt 0.9167619 0.1447755
vt 0.9167619 0.1557643
vt 0.9173533 0.1434826
vt 0.9173533 0.1447755
vt 0.9173533 0.1557643
vt 0.9179444 0.1518858
vt 0.8438912 0.1914328
vt 0.9185357 0.1557643
vt 0.9191269 0.1447755
vt 0.9191269 0.1518858
vt 0.8450737 0.1914328
vt 0.9197182 0.1557643
vt 0.8989825 0.1325850
vt 0.9203095 0.1557643
vt 0.9209007 0.1551178
vt 0.9220832 0.1551178
vt 0.9232658 0.1557643
vt 0.9072601 0.1325850
vt 0.9096250 0.1532699
vt 0.8563075 0.1739801
vt 0.8574901 0.1888473
vt 0.8592639 0.1882008
vt 0.9344996 0.1324938
vt 0.9374559 0.1350793
vt 0.8634027 0.1869081
vt 0.8634027 0.1875545
vt 0.8639939 0.1642841
vt 0.8651765 0.1642841
vt 0.4611468 0.1306358
vt 0.4617381 0.1519670
vt 0.4623293 0.1306358
vt 0.9415947 0.1454218
vt 0.4641031 0.1519670
vt 0.9433685 0.1512395
vt 0.9439598 0.1538250
vt 0.4658769 0.1519670
vt 0.9451423 0.1557643
vt 0.9457336 0.1544715
vt 0.4670594 0.1338676
vt 0.9463248 0.1544715
vt 0.9480986 0.1538250
vt 0.8746365 0.1797978
vt 0.4706070 0.1558453
vt 0.2857729 0.4485865
vt 0.4711981 0.1338676
vt 0.2869553 0.4259623
vt 0.2869553 0.4421225
vt 0.9522373 0.1324938
vt 0.2887291 0.4259623
vt 0.2887291 0.4421225
vt 0.9528287 0.1557643
vt 0.9534200 0.1531786
vt 0.9534200 0.1538250
vt 0.9540111 0.1531786
vt 0.2905029 0.4589288
vt 0.2910941 0.4615145
vt 0.9599237 0.1350793
vt 0.2987805 0.4272553
vt 0.9628800 0.1350793
vt 0.9628800 0.1454218
vt 0.8799416 0.1907396
vt 0.2993718 0.4272553
vt 0.2993718 0.4666856
vt 0.8811241 0.1816900
vt 0.3035106 0.4375976
vt 0.8864455 0.1816900
vt 0.3058755 0.4220840
vt 0.3076493 0.4485865
vt 0.3088318 0.4220840
vt 0.3094231 0.4537576
vt 0.8905843 0.1816900
vt 0.3100144 0.4498793
vt 0.8935405 0.1765188
vt 0.8935405 0.1816900
vt 0.3135619 0.4492328
vt 0.3135619 0.4511720
vt 0.3141532 0.4266088
vt 0.3141532 0.4485865
vt 0.3194745 0.4266088
vt 0.3194745 0.4427688
vt 0.3194745 0.4511720
vt 0.9006356 0.1907396
vt 0.3206571 0.4272553
vt 0.3230221 0.4602216
vt 0.3236134 0.4673320
vt 0.9053657 0.1681156
vt 0.9059570 0.1648836
vt 0.3253870 0.4595753
vt 0.9071395 0.1719940
vt 0.3280477 0.4356583
vt 0.3310040 0.4466473
vt 0.9121652 0.1913860
vt 0.3315953 0.4466473
vt 0.9139390 0.1739333
vt 0.3333691 0.4272553
vt 0.3392817 0.4382440
vt 0.9204428 0.1907396
vt 0.3404642 0.4356583
vt 0.9216253 0.1700548
vt 0.9222166 0.1642371
vt 0.3671206 0.1176557
vt 0.3700769 0.1034349
vt 0.9257641 0.1803973
vt 0.9257641 0.1907396
vt 0.9263554 0.1849220
vt 0.9275379 0.1745796
vt 0.9275379 0.1765188
vt 0.3522893 0.4382440
vt 0.3522893 0.4595753
vt 0.9340418 0.1694083
vt 0.9346329 0.1694083
vt 0.7509813 0.1364216
vt 0.7509813 0.1415929
vt 0.3807195 0.1008492
vt 0.9369981 0.1707011
vt 0.9381805 0.1642371
vt 0.3830845 0.1008492
vt 0.7539376 0.1364216
vt 0.3860409 0.1228269
vt 0.7580765 0.1364216
vt 0.9429106 0.1694083
vt 0.9435018 0.1875076
vt 0.7592590 0.1318969
vt 0.9440931 0.1694083
vt 0.7598502 0.1318969
vt 0.9452756 0.1642371
vt 0.9452756 0.1719940
vt 0.7610328 0.1318969
vt 0.9458669 0.1719940
vt 0.7633978 0.1364216
vt 0.7675365 0.1325432
vt 0.9535533 0.1648836
vt 0.7722666 0.1558136
vt 0.9606483 0.1758723
vt 0.9606483 0.1900933
vt 0.9345796 0.7192889
vt 0.9624221 0.1765188
vt 0.9381272 0.6856761
vt 0.9393097 0.7192889
vt 0.9393097 0.7283386
vt 0.9671522 0.1745796
vt 0.9404922 0.7315706
vt 0.9677434 0.1913860
vt 0.9410835 0.7154106
vt 0.7840918 0.1331896
vt 0.7840918 0.1377144
vt 0.7840918 0.1435321
vt 0.7840918 0.1454713
vt 0.9422660 0.7154106
vt 0.9422660 0.7315706
vt 0.9428573 0.7031289
vt 0.9428573 0.7251066
vt 0.9701085 0.1784580
vt 0.9446310 0.7251066
vt 0.9458136 0.7251066
vt 0.9464048 0.7251066
vt 0.9464048 0.7464378
vt 0.9469961 0.6779194
vt 0.9475873 0.6856761
vt 0.9475873 0.7115321
vt 0.9481786 0.7251066
vt 0.9481786 0.7464378
vt 0.9487699 0.7031289
vt 0.9493611 0.6779194
vt 0.9499524 0.7251066
vt 0.9505435 0.7037754
vt 0.9511349 0.6992506
vt 0.9511349 0.7251066
vt 0.9517262 0.6953721
vt 0.9517262 0.7037754
vt 0.9517262 0.7464378
vt 0.9523173 0.7251066
vt 0.9529087 0.7335098
vt 0.9534998 0.7335098
vt 0.9552736 0.7393274
vt 0.9552736 0.7464378
vt 0.9558649 0.6953721
vt 0.9558649 0.7173498
vt 0.9558649 0.7328634
vt 0.3764810 0.1619760
vt 0.0589455 0.5569372
vt 0.0589455 0.5582298
vt 0.3575237 0.4674054
vt 0.8130924 0.6150573
vt 0.8130924 0.6195824
vt 0.8130924 0.6428526
vt 0.8130924 0.6641838
vt 0.3770723 0.1910642
vt 0.3581150 0.4447816
vt 0.8136837 0.6428526
vt 0.8136837 0.6635375
vt 0.0601280 0.5575835
vt 0.0601280 0.5911964
vt 0.8142749 0.6073007
vt 0.8142749 0.6596590
vt 0.8142749 0.6635375
vt 0.3592975 0.4240966
vt 0.8148662 0.6635375
vt 0.8154575 0.6473777
vt 0.8154575 0.6641838
vt 0.8166400 0.6641838
vt 0.0642669 0.5582298
vt 0.3652100 0.4447816
vt 0.0678143 0.5634012
vt 0.3871237 0.1619760
vt 0.3681663 0.4447816
vt 0.0707706 0.5911964
vt 0.3699401 0.4447816
vt 0.8255089 0.6066541
vt 0.0731357 0.5317275
vt 0.0731357 0.5472410
vt 0.3717139 0.4654665
vt 0.0737269 0.5317275
vt 0.3723051 0.4279751
vt 0.3924449 0.1904176
vt 0.3930362 0.1910642
vt 0.0755007 0.5724507
vt 0.0760920 0.5737437
vt 0.3770352 0.4654665
vt 0.3965838 0.1665008
vt 0.0796395 0.5776221
vt 0.3782177 0.4286214
vt 0.8337864 0.6144110
vt 0.0802308 0.5420700
vt 0.0802308 0.5776221
vt 0.0802308 0.5782684
vt 0.8343777 0.6641838
vt 0.3794003 0.4286214
vt 0.8349690 0.6538417
vt 0.3805828 0.4654665
vt 0.0831871 0.5453018
vt 0.8373340 0.6538417
vt 0.8379253 0.6622449
vt 0.0843696 0.5769755
vt 0.0843696 0.5776221
vt 0.3829478 0.4286214
vt 0.0849609 0.5769755
vt 0.3835391 0.4344391
vt 0.3841302 0.4286214
vt 0.8402903 0.6105326
vt 0.8402903 0.6144110
vt 0.8402903 0.6176432
vt 0.0867347 0.5498269
vt 0.4048614 0.1665008
vt 0.8414728 0.6312175
vt 0.0879172 0.5368986
vt 0.0879172 0.5511195
vt 0.0885083 0.5517658
vt 0.0890996 0.5330204
vt 0.0890996 0.5368986
vt 0.0914646 0.5556443
vt 0.8456115 0.6092400
vt 0.0932384 0.5575835
vt 0.0938297 0.5582298
vt 0.0956035 0.5601690
vt 0.0956035 0.5608157
vt 0.0961947 0.5614620
vt 0.8503416 0.6092400
vt 0.0973773 0.5601690
vt 0.0979685 0.5614620
vt 0.0985598 0.5601690
vt 0.0985598 0.5621083
vt 0.3296012 0.2311435
vt 0.3301925 0.2014091
vt 0.3307838 0.2014091
vt 0.4184603 0.1697330
vt 0.4184603 0.1807217
vt 0.8550717 0.6603057
vt 0.6370611 0.1334646
vt 0.8556630 0.6635375
vt 0.3325575 0.1994698
vt 0.8562542 0.6622449
vt 0.3331488 0.1994698
vt 0.3331488 0.2272651
vt 0.3343313 0.1994698
vt 0.6400174 0.1334646
vt 0.8586193 0.6635375
vt 0.8592105 0.6603057
vt 0.4042331 0.4344391
vt 0.8598018 0.6622449
vt 0.8598018 0.6641838
vt 0.8609843 0.6603057
vt 0.3272130 0.6345738
vt 0.4077807 0.4221574
vt 0.3278044 0.6345738
vt 0.8633494 0.6376815
vt 0.4083718 0.4454279
vt 0.4083718 0.4654665
vt 0.8639405 0.6376815
vt 0.8639405 0.6615983
vt 0.3289868 0.6319882
vt 0.3414264 0.2020554
vt 0.3295780 0.6319882
vt 0.3301693 0.5996679
vt 0.3301693 0.6184136
vt 0.3301693 0.6319882
vt 0.8657144 0.6111792
vt 0.3307606 0.6177673
vt 0.8663057 0.6137647
vt 0.8663057 0.6609520
vt 0.8674882 0.6150573
vt 0.3325343 0.6294024
vt 0.3325343 0.6643082
vt 0.8680793 0.6609520
vt 0.3331256 0.6313416
vt 0.8686706 0.6609520
vt 0.3337169 0.6643082
vt 0.8692620 0.6370352
vt 0.3343081 0.6313416
vt 0.8704444 0.6034223
vt 0.8704444 0.6609520
vt 0.8710356 0.6325104
vt 0.3360819 0.6643082
vt 0.8716269 0.6590127
vt 0.3366732 0.6643082
vt 0.4587111 0.0120921
vt 0.8728094 0.6615983
vt 0.3378557 0.6306953
vt 0.8734007 0.6124718
vt 0.8734007 0.6344497
vt 0.8734007 0.6615983
vt 0.8739919 0.6603057
vt 0.8745832 0.6098863
vt 0.8745832 0.6603057
vt 0.8745832 0.6615983
vt 0.6565726 0.1554424
vt 0.8751745 0.6098863
vt 0.8751745 0.6344497
vt 0.8751745 0.6622449
vt 0.8751745 0.6641838
vt 0.8757657 0.6641838
vt 0.8763570 0.6615983
vt 0.8769483 0.6635375
vt 0.3419945 0.6630153
vt 0.8775395 0.6635375
vt 0.6601201 0.1528566
vt 0.3431769 0.6145351
vt 0.6607114 0.1347575
vt 0.3437683 0.6300490
vt 0.8793133 0.6389744
vt 0.6613027 0.1554424
vt 0.3562079 0.2279114
vt 0.3443596 0.6623690
vt 0.3567991 0.2162763
vt 0.3449507 0.6300490
vt 0.8804958 0.6389744
vt 0.8804958 0.6641838
vt 0.3573904 0.2020554
vt 0.0025326 0.3876829
vt 0.3579816 0.1994698
vt 0.0031238 0.4148315
vt 0.3473159 0.6300490
vt 0.0043064 0.3715227
vt 0.3597554 0.1988235
vt 0.4699449 0.0146776
vt 0.3603467 0.1988235
vt 0.4705363 0.0146776
vt 0.3609379 0.1988235
vt 0.3496808 0.6184136
vt 0.3502722 0.6080711
vt 0.3627117 0.2285580
vt 0.3633030 0.2001161
vt 0.3644855 0.2001161
vt 0.4746750 0.0153243
vt 0.3653724 0.2001161
vt 0.3659637 0.2001161
vt 0.3541153 0.6177673
vt 0.3665548 0.2279114
vt 0.3547065 0.6294024
vt 0.6722409 0.1528566
vt 0.3677373 0.1994698
vt 0.3641828 0.0386465
vt 0.3641828 0.0470497
vt 0.3564803 0.6610761
vt 0.3689200 0.2285580
vt 0.3570716 0.6610761
vt 0.3576628 0.6054856
vt 0.3706936 0.2285580
vt 0.3671391 0.0360610
vt 0.3671391 0.0386465
vt 0.3594366 0.6281098
vt 0.3730587 0.2285580
vt 0.3612104 0.6604298
vt 0.3629842 0.5983753
vt 0.3629842 0.6054856
vt 0.3641667 0.5983753
vt 0.3641667 0.6132425
vt 0.7557531 0.2674281
vt 0.6822923 0.1528566
vt 0.7563444 0.2751850
vt 0.3653492 0.6371593
vt 0.6840661 0.1347575
vt 0.6840661 0.1528566
vt 0.6846574 0.1308790
vt 0.6858399 0.1444533
vt 0.3688968 0.6184136
vt 0.7403423 0.5257439
vt 0.6864311 0.1554424
vt 0.7604832 0.2409258
vt 0.7409334 0.5076448
vt 0.7415247 0.4908383
vt 0.7225674 0.2096728
vt 0.3712617 0.6578442
vt 0.0282522 0.3715227
vt 0.0282522 0.3792796
vt 0.7432985 0.4824351
vt 0.7432985 0.4837277
vt 0.6899787 0.1308790
vt 0.7450723 0.5238046
vt 0.0306174 0.3792796
vt 0.0306174 0.4006109
vt 0.0306174 0.4141852
vt 0.7462548 0.5238046
vt 0.7272975 0.2290648
vt 0.7290713 0.2103191
vt 0.7296624 0.2103191
vt 0.6947087 0.1547958
vt 0.7332100 0.2103191
vt 0.5501519 0.0039247
vt 0.7734910 0.2745384
vt 0.7355750 0.2284185
vt 0.3943370 0.0399394
vt 0.3943370 0.0444642
vt 0.7805860 0.2396328
vt 0.7438527 0.2051480
vt 0.5607946 0.0045710
vt 0.7634012 0.5076448
vt 0.7634012 0.5179869
vt 0.7634012 0.5238046
vt 0.7639925 0.5031197
vt 0.7639925 0.5037663
vt 0.7450352 0.2051480
vt 0.7645838 0.5179869
vt 0.7645838 0.5199262
vt 0.7651750 0.4837277
vt 0.7651750 0.4888991
vt 0.7651750 0.4914846
vt 0.7853161 0.2396328
vt 0.7657663 0.4811422
vt 0.7657663 0.5179869
vt 0.7864986 0.2693673
vt 0.0524938 0.3708764
vt 0.7675401 0.4785566
vt 0.7876811 0.2693673
vt 0.7491740 0.2310040
vt 0.3996468 0.0407681
vt 0.4008293 0.0472321
vt 0.0566326 0.3708764
vt 0.0566326 0.3922076
vt 0.0566326 0.4141852
vt 0.7527216 0.2090265
vt 0.5690723 0.5354068
vt 0.5690723 0.5632020
vt 0.5690723 0.5909973
vt 0.7539040 0.2180760
vt 0.5708461 0.5890584
vt 0.5708461 0.5909973
vt 0.5714372 0.5890584
vt 0.7746352 0.4992416
vt 0.7562690 0.2083799
vt 0.5726197 0.5838870
vt 0.5732110 0.5897047
vt 0.5738024 0.5897047
vt 0.5738024 0.5909973
vt 0.5743935 0.5800085
vt 0.5743935 0.5909973
vt 0.5755760 0.5800085
vt 0.5755760 0.5909973
vt 0.5761673 0.5748374
vt 0.5761673 0.5909973
vt 0.5779411 0.5748374
vt 0.5779411 0.5909973
vt 0.5785323 0.5845333
vt 0.5785323 0.5903510
vt 0.5791236 0.5632020
vt 0.7823216 0.5205728
vt 0.5797149 0.5845333
vt 0.5797149 0.5864725
vt 0.5797149 0.5909973
vt 0.4138369 0.0446466
vt 0.5803061 0.5632020
vt 0.5808974 0.5632020
vt 0.5808974 0.5909973
vt 0.7651380 0.2006233
vt 0.5814887 0.5638487
vt 0.8859898 0.6643425
vt 0.5820799 0.5638487
vt 0.5820799 0.5909973
vt 0.5826712 0.5909973
vt 0.8871723 0.6436576
vt 0.5832624 0.5851799
vt 0.5832624 0.5909973
vt 0.7675030 0.2070873
vt 0.8883550 0.6223263
vt 0.8889461 0.6436576
vt 0.4191583 0.0362434
vt 0.5856275 0.5851799
vt 0.5862187 0.5463959
vt 0.5862187 0.5690197
vt 0.5862187 0.5909973
vt 0.5868100 0.5690197
vt 0.8913112 0.6042269
vt 0.8913112 0.6126302
vt 0.8913112 0.6165086
vt 0.5874013 0.5463959
vt 0.5874013 0.5690197
vt 0.5874013 0.5909973
vt 0.4215233 0.0433540
vt 0.8919024 0.6223263
vt 0.8924937 0.6126302
vt 0.7722331 0.2070873
vt 0.5885838 0.5354068
vt 0.5891749 0.5366997
vt 0.5891749 0.5418708
vt 0.5891749 0.5509207
vt 0.5891749 0.5819477
vt 0.7734155 0.2090265
vt 0.5897663 0.5909973
vt 0.7740069 0.2284185
vt 0.5903576 0.5366997
vt 0.5903576 0.5509207
vt 0.5909487 0.5909973
vt 0.5915401 0.5741911
vt 0.5915401 0.5754837
vt 0.5915401 0.5909973
vt 0.5921312 0.5748374
vt 0.5921312 0.5754837
vt 0.5927225 0.5851799
vt 0.4268447 0.0433540
vt 0.5939050 0.5851799
vt 0.5939050 0.5909973
vt 0.5944963 0.5884117
vt 0.8989975 0.6617566
vt 0.7787368 0.2090265
vt 0.5950875 0.5884117
vt 0.5968613 0.5593239
vt 0.5968613 0.5909973
vt 0.9013626 0.6042269
vt 0.9013626 0.6313759
vt 0.9013626 0.6359006
vt 0.9013626 0.6436576
vt 0.7811019 0.2258330
vt 0.5974526 0.5903510
vt 0.5702014 0.1627377
vt 0.6999407 0.1312645
vt 0.6999407 0.1558277
vt 0.5749315 0.1915026
vt 0.7094009 0.1312645
vt 0.7094009 0.1558277
vt 0.5838003 0.1627377
vt 0.5885304 0.1882706
vt 0.5891217 0.1895634
vt 0.5897129 0.1646770
vt 0.6021294 0.1902098
vt 0.6027205 0.1646770
vt 0.0671222 0.0228350
vt 0.0671222 0.0247743
vt 0.0677135 0.0289759
vt 0.0708210 0.0213451
vt 0.0720014 0.0208171
vt 0.0724436 0.0215423
vt 0.0726351 0.0211234
vt 0.0727484 0.0211674
vt 0.0727484 0.0213340
vt 0.0730348 0.0228350
vt 0.0737922 0.0220070
vt 0.0740818 0.0223772
vt 0.0742174 0.0263903
vt 0.0749249 0.0254718
vt 0.3182862 0.0113937
vt 0.3182862 0.0153548
vt 0.6078965 0.1656403
vt 0.6079008 0.1656622
vt 0.6079567 0.1656514
vt 0.6092365 0.1654053
vt 0.6092365 0.1654053
vt 0.6096793 0.1659689
vt 0.6130016 0.1914899
vt 0.6151430 0.1729229
vt 0.3298157 0.0113937
vt 0.6189769 0.1631540
vt 0.6208608 0.1634294
vt 0.6210903 0.1630484
vt 0.6217903 0.1630484
vt 0.6218275 0.1630484
vt 0.6224616 0.1630484
vt 0.6225803 0.1636807
vt 0.6773359 0.1657918
vt 0.6773516 0.1659192
vt 0.6776410 0.1658420
vt 0.6778634 0.1657826
vt 0.6778734 0.1658802
vt 0.6781130 0.1657110
vt 0.6791437 0.1655277
vt 0.6271917 0.1882579
vt 0.6796590 0.1653909
vt 0.6799804 0.1652790
vt 0.6805069 0.1915040
vt 0.6828720 0.1908575
vt 0.6830480 0.1641022
vt 0.6835942 0.1639566
vt 0.6836996 0.1639309
vt 0.6848906 0.1643258
vt 0.6853687 0.1637350
vt 0.6855010 0.1637135
vt 0.6864195 0.1902110
vt 0.6887846 0.1895647
vt 0.6894295 0.1632156
vt 0.6894519 0.1632210
vt 0.4476661 0.0545987
vt 0.4476661 0.0688195
vt 0.6923320 0.1889183
vt 0.6935147 0.1889183
vt 0.4571263 0.0545987
vt 0.4571263 0.0688195
vt 0.1602847 0.1355293
vt 0.1608761 0.1355293
vt 0.4238964 0.1914469
vt 0.4244877 0.1623589
vt 0.1691536 0.1290653
vt 0.1691536 0.1436094
vt 0.1715187 0.1558909
vt 0.4339479 0.1623589
vt 0.4339479 0.1914469
vt 0.1786138 0.1290653
vt 0.1786138 0.1436094
vt 0.1786138 0.1558909
vt 0.9754147 0.1892884
vt 0.0026659 0.6027758
vt 0.0026659 0.6234607
vt 0.0026659 0.6331567
vt 0.0026659 0.6641840
vt 0.5139218 0.2805933
vt 0.7372630 0.9152322
vt 0.7372630 0.9533699
vt 0.7372630 0.9591873
vt 0.7372630 0.9973250
vt 0.6027843 0.9150701
vt 0.6027843 0.9926381
vt 0.2645142 0.3649610
vt 0.0026659 0.4730915
vt 0.0026659 0.4937509
vt 0.0026659 0.4950435
vt 0.9185426 0.2708111
vt 0.5346564 0.2805172
vt 0.5346564 0.3186549
vt 0.5518365 0.2810737
vt 0.5518365 0.3192110
vt 0.5245853 0.9150635
vt 0.5245853 0.9532012
vt 0.5245853 0.9603115
vt 0.5974526 0.2924742
vt 0.0026662 0.4730660
vt 0.0026666 0.4730667
vt 0.0032572 0.6027758
vt 0.5145131 0.2805933
vt 0.6033757 0.9150701
vt 0.6033757 0.9532074
vt 0.0032572 0.4730660
vt 0.5352477 0.2805172
vt 0.6039668 0.9532074
vt 0.5168781 0.3187307
vt 0.2674705 0.3649610
vt 0.0062135 0.6241070
vt 0.0062135 0.6331567
vt 0.5174694 0.3187307
vt 0.7408106 0.9152322
vt 0.6069231 0.9538541
vt 0.9801448 0.1640787
vt 0.7419931 0.9152322
vt 0.5399778 0.3186549
vt 0.5198344 0.3187307
vt 0.0085784 0.5254246
vt 0.5204257 0.3187307
vt 0.7443581 0.9973250
vt 0.5216082 0.3187307
vt 0.7449494 0.9152322
vt 0.7449494 0.9533699
vt 0.7449494 0.9591873
vt 0.5423427 0.3186549
vt 0.9268203 0.2404300
vt 0.5429341 0.3186549
vt 0.5328630 0.9971563
vt 0.2739744 0.3268236
vt 0.7473144 0.9152322
vt 0.7473144 0.9533699
vt 0.7473144 0.9591873
vt 0.7479057 0.9152322
vt 0.7479057 0.9591873
vt 0.5624791 0.2920624
vt 0.7484970 0.9973250
vt 0.2757482 0.3462156
vt 0.7490882 0.9152322
vt 0.5464815 0.2805172
vt 0.7496795 0.9973250
vt 0.2769307 0.3462156
vt 0.5370017 0.9150635
vt 0.6163833 0.9551467
vt 0.2781131 0.3462156
vt 0.8699367 0.4072003
vt 0.7514533 0.9533699
vt 0.7514533 0.9591873
vt 0.5287032 0.3187307
vt 0.6175658 0.9344621
vt 0.6175658 0.9532074
vt 0.9907874 0.1912276
vt 0.5292945 0.2805933
vt 0.7526358 0.9152322
vt 0.7526358 0.9533699
vt 0.7526358 0.9591873
vt 0.6181571 0.9532074
vt 0.9339154 0.2746892
vt 0.5399580 0.9150635
vt 0.8717103 0.3958882
vt 0.7532269 0.9152322
vt 0.7532269 0.9973250
vt 0.5405492 0.9758251
vt 0.7538182 0.9973250
vt 0.6193396 0.9557933
vt 0.9350979 0.2423692
vt 0.5411405 0.9150635
vt 0.6199309 0.9557933
vt 0.6205220 0.9557933
vt 0.6430339 0.2805172
vt 0.6430339 0.2999092
vt 0.0209949 0.6441455
vt 0.7555920 0.9973250
vt 0.6211134 0.9952236
vt 0.6436252 0.2960307
vt 0.5429143 0.9150635
vt 0.6157816 0.3054022
vt 0.9943350 0.1640787
vt 0.7561834 0.9973250
vt 0.6442165 0.2960307
vt 0.5435056 0.9150635
vt 0.8752579 0.3739105
vt 0.5713480 0.2823663
vt 0.6459902 0.2805172
vt 0.5452793 0.9150635
vt 0.8770317 0.3861922
vt 0.5731218 0.2810737
vt 0.0245425 0.4950435
vt 0.5737131 0.2920624
vt 0.5737131 0.3185647
vt 0.8782142 0.3739105
vt 0.0251336 0.4737123
vt 0.6477640 0.2805172
vt 0.7603221 0.9152322
vt 0.7603221 0.9533699
vt 0.7603221 0.9591873
vt 0.7603221 0.9973250
vt 0.2875733 0.3268236
vt 0.0257250 0.4943972
vt 0.6483553 0.2805172
vt 0.5748956 0.3172721
vt 0.5476444 0.9344555
vt 0.5476444 0.9538475
vt 0.6205117 0.2808392
vt 0.6264346 0.9958699
vt 0.6211029 0.2808392
vt 0.6270259 0.9570859
vt 0.2887558 0.3268236
vt 0.6495378 0.2999092
vt 0.5488269 0.9532012
vt 0.5488269 0.9538475
vt 0.5488269 0.9816428
vt 0.8805793 0.4091394
vt 0.6276173 0.9570859
vt 0.6276173 0.9958699
vt 0.6501291 0.2999092
vt 0.5766694 0.3192110
vt 0.5494182 0.9344555
vt 0.8811705 0.4091394
vt 0.6282084 0.9958699
vt 0.6282084 0.9971628
vt 0.5500094 0.9344555
vt 0.6228767 0.2808392
vt 0.0286813 0.5969583
vt 0.6513116 0.2805172
vt 0.6513116 0.2999092
vt 0.6293909 0.9958699
vt 0.2911208 0.3630221
vt 0.0292724 0.5208995
vt 0.6519027 0.2999092
vt 0.0500059 0.2306453
vt 0.6246505 0.2808392
vt 0.6305735 0.9150701
vt 0.7253590 0.2805172
vt 0.4765438 0.1355941
vt 0.6536765 0.3134835
vt 0.5529656 0.9344555
vt 0.6317560 0.9532074
vt 0.6542679 0.3134835
vt 0.6329385 0.9150701
vt 0.6329385 0.9532074
vt 0.6554504 0.2999092
vt 0.5547395 0.9144172
vt 0.5547395 0.9532012
vt 0.0334113 0.6234607
vt 0.3337668 0.7725803
vt 0.6335298 0.9577322
vt 0.6560417 0.2999092
vt 0.7283153 0.2805172
vt 0.3343580 0.7538346
vt 0.3343580 0.7926189
vt 0.5559219 0.9913389
vt 0.3349493 0.7926189
vt 0.3349493 0.8307563
vt 0.7620820 0.3185013
vt 0.5565133 0.9913389
vt 0.8882656 0.4149571
vt 0.3355404 0.7926189
vt 0.3355404 0.8307563
vt 0.6578153 0.3186549
vt 0.7626731 0.2816565
vt 0.5571044 0.9532012
vt 0.0025986 0.1287307
vt 0.6270051 0.1019025
vt 0.6270051 0.1141842
vt 0.6270051 0.1225874
vt 0.6601804 0.3186549
vt 0.5594695 0.9538475
vt 0.5594695 0.9816428
vt 0.6607716 0.2805172
vt 0.6607716 0.3186549
vt 0.0387326 0.6241070
vt 0.0387326 0.6641840
vt 0.6335193 0.3189765
vt 0.7922860 0.2885958
vt 0.7922860 0.3189767
vt 0.6619542 0.3186549
vt 0.6341106 0.3189765
vt 0.3017634 0.3442764
vt 0.4854127 0.1304227
vt 0.5890857 0.2998190
vt 0.4913334 0.1990162
vt 0.6364756 0.2808392
vt 0.8953608 0.4000899
vt 0.7365930 0.3173619
vt 0.4877778 0.1556324
vt 0.4919247 0.1990162
vt 0.6649105 0.3186549
vt 0.6370669 0.2808392
vt 0.6370669 0.3189765
vt 0.3432268 0.7538346
vt 0.0630135 0.2138389
vt 0.6655017 0.3186549
vt 0.5920420 0.2998190
vt 0.6376581 0.2808392
vt 0.6376581 0.3189765
vt 0.8965432 0.3975043
vt 0.8965432 0.4026754
vt 0.3438181 0.7538346
vt 0.3438181 0.7919723
vt 0.3438181 0.8113643
vt 0.9066143 0.2810812
vt 0.6335090 0.1019025
vt 0.7383668 0.3108979
vt 0.7383668 0.3173619
vt 0.3444094 0.7919723
vt 0.9072056 0.2810812
vt 0.9072056 0.3043517
vt 0.0446464 0.1007555
vt 0.3331523 0.0753063
vt 0.7389580 0.2805172
vt 0.7389580 0.3083124
vt 0.6672755 0.2805172
vt 0.7721333 0.2810102
vt 0.6678668 0.2805172
vt 0.6678668 0.3186549
vt 0.0458289 0.1227330
vt 0.6352826 0.1019025
vt 0.3461831 0.7538346
vt 0.4954722 0.2306896
vt 0.6684580 0.3173619
vt 0.3467744 0.7538346
vt 0.7739071 0.2810102
vt 0.4925079 0.1304227
vt 0.4966548 0.1990162
vt 0.6696406 0.2811635
vt 0.7419142 0.3083124
vt 0.6637152 0.1019582
vt 0.6637152 0.1226431
vt 0.1868195 0.1615018
vt 0.1868195 0.1905900
vt 0.7750896 0.3004022
vt 0.0493763 0.1007555
vt 0.9125269 0.3192189
vt 0.9131182 0.3179260
vt 0.0156064 0.1494156
vt 0.3124061 0.3248844
vt 0.6406040 0.1019025
vt 0.6406040 0.1225874
vt 0.7454618 0.2805172
vt 0.6411952 0.1225874
vt 0.7460530 0.2805172
vt 0.9148919 0.2856060
vt 0.7466443 0.2805172
vt 0.3141799 0.3248844
vt 0.7798197 0.2997556
vt 0.8058849 0.2885958
vt 0.3532783 0.7538346
vt 0.3532783 0.7725803
vt 0.3147712 0.3610829
vt 0.9314761 0.2808848
vt 0.9314761 0.3190225
vt 0.0635851 0.1001092
vt 0.3426124 0.0943751
vt 0.3544608 0.7725803
vt 0.9320674 0.2808848
vt 0.6761432 0.1999070
vt 0.6441515 0.1070737
vt 0.3432036 0.0753063
vt 0.4995995 0.3275308
vt 0.0760213 0.1970324
vt 0.5001907 0.3650220
vt 0.3568257 0.7725803
vt 0.3574171 0.7725803
vt 0.3580082 0.7725803
vt 0.0582452 0.1001092
vt 0.3585995 0.7531883
vt 0.3585995 0.7926189
vt 0.6808744 0.2999092
vt 0.0238839 0.1494156
vt 0.3591909 0.7926189
vt 0.9367975 0.3190225
vt 0.3597820 0.7531883
vt 0.9373887 0.3190225
vt 0.7869147 0.3191479
vt 0.7543307 0.2999092
vt 0.3603733 0.7725803
vt 0.1992359 0.1621485
vt 0.6820558 0.2309344
vt 0.3609645 0.8113643
vt 0.6773141 0.1019582
vt 0.7561045 0.3186549
vt 0.3621471 0.7531883
vt 0.7566957 0.3186549
vt 0.3627383 0.7531883
vt 0.9403449 0.3002768
vt 0.6850132 0.2999092
vt 0.3633296 0.7919723
vt 0.0831164 0.2138389
vt 0.9261258 0.2920700
vt 0.0617893 0.4148315
vt 0.4972146 0.2378053
vt 0.4972146 0.2746501
vt 0.6802704 0.1187646
vt 0.6861946 0.1999070
vt 0.9770703 0.2810723
vt 0.6879695 0.3180082
vt 0.0641543 0.3993179
vt 0.5102422 0.3275308
vt 0.5108333 0.3624363
vt 0.0771840 0.1227330
vt 0.0327528 0.1287307
vt 0.0327528 0.1558796
vt 0.6891509 0.2186527
vt 0.5114246 0.3553260
vt 0.0025384 0.2364757
vt 0.3200739 0.3249704
vt 0.3200739 0.3340200
vt 0.6583417 0.1070737
vt 0.6583417 0.1225874
vt 0.3692422 0.7913260
vt 0.3692422 0.8307563
vt 0.0043122 0.2746134
vt 0.3698335 0.8113643
vt 0.6921084 0.3180082
vt 0.0380787 0.1284418
vt 0.0380787 0.1559137
vt 0.8230313 0.2885958
vt 0.0049034 0.2364757
vt 0.3704247 0.7725803
vt 0.3704247 0.8113643
vt 0.5037185 0.2378053
vt 0.0688844 0.3708764
vt 0.5143809 0.3255915
vt 0.3710160 0.7725803
vt 0.3710160 0.7926189
vt 0.9486226 0.3190225
vt 0.9829828 0.2810723
vt 0.5149721 0.3559723
vt 0.3716072 0.7531883
vt 0.3716072 0.7919723
vt 0.3716072 0.8301100
vt 0.9835740 0.2810723
vt 0.8248051 0.3189767
vt 0.0066772 0.2746134
vt 0.3721985 0.7725803
vt 0.9841653 0.2810723
vt 0.5161547 0.3255915
vt 0.9847566 0.3004643
vt 0.2122435 0.1621485
vt 0.2122435 0.1912363
vt 0.4391393 0.1691611
vt 0.9853478 0.3004643
vt 0.3911524 0.2374769
vt 0.3911524 0.2749682
vt 0.3490908 0.3247475
vt 0.3490908 0.3434929
vt 0.3490908 0.3441395
vt 0.3490908 0.3648241
vt 0.9859391 0.3004643
vt 0.6115303 0.0656243
vt 0.5179284 0.3268843
vt 0.8271701 0.3105735
vt 0.6121216 0.0598066
vt 0.0096334 0.2364757
vt 0.0848704 0.1001092
vt 0.3277603 0.3450087
vt 0.3283515 0.3534120
vt 0.3283515 0.3605226
vt 0.6138954 0.0598066
vt 0.6138954 0.0623923
vt 0.3289428 0.3534120
vt 0.9551264 0.2808848
vt 0.3526382 0.3247475
vt 0.3526382 0.3434929
vt 0.6150779 0.0630386
vt 0.6150779 0.0682099
vt 0.5114049 0.2378053
vt 0.5114049 0.2746501
vt 0.7003859 0.3186549
vt 0.9900779 0.2810723
vt 0.3961780 0.2374769
vt 0.8316046 0.2808390
vt 0.7012728 0.2811635
vt 0.7012728 0.3186549
vt 0.9909648 0.3004643
vt 0.9915561 0.3004643
vt 0.0478345 0.1297346
vt 0.9921473 0.3004643
vt 0.0786402 0.3708764
vt 0.8333784 0.2995847
vt 0.0152504 0.2364757
vt 0.0152504 0.2746134
vt 0.9927386 0.3004643
vt 0.0792315 0.3922076
vt 0.0792315 0.4141852
vt 0.0490169 0.1559137
vt 0.6858653 0.1113756
vt 0.6858653 0.1230107
vt 0.9933297 0.3192100
vt 0.0798226 0.3935002
vt 0.6189211 0.0669171
vt 0.0164329 0.2364757
vt 0.3819542 0.7913260
vt 0.0804140 0.3715227
vt 0.3825456 0.7913260
vt 0.3825456 0.7919723
vt 0.3576640 0.3247475
vt 0.3576640 0.3434929
vt 0.9945124 0.3192100
vt 0.0810053 0.3715227
vt 0.3831367 0.7531883
vt 0.3837280 0.7531883
vt 0.3837280 0.7913260
vt 0.3588465 0.3441395
vt 0.3357423 0.3650474
vt 0.1965230 0.0746676
vt 0.1965230 0.0940596
vt 0.3363334 0.3249704
vt 0.6218773 0.0565746
vt 0.0531559 0.1297346
vt 0.9974687 0.3192100
vt 0.6230598 0.0552819
vt 0.6230598 0.0604531
vt 0.0205717 0.2746134
vt 0.3860930 0.7919723
vt 0.9636996 0.3002768
vt 0.1988881 0.0746676
vt 0.1988881 0.0940596
vt 0.0217542 0.2364757
vt 0.3872755 0.7913260
vt 0.3872755 0.7919723
vt 0.6248336 0.0636851
vt 0.6988858 0.1647010
vt 0.3878668 0.7919723
vt 0.3629853 0.3247475
vt 0.3629853 0.3434929
vt 0.4536251 0.1620508
vt 0.6254249 0.0656243
vt 0.8410648 0.2808390
vt 0.0229368 0.2746134
vt 0.3884581 0.7913260
vt 0.7107330 0.2999092
vt 0.5235292 0.3301898
vt 0.3890493 0.7531883
vt 0.5241204 0.3650954
vt 0.6271986 0.0591603
vt 0.6271986 0.0649779
vt 0.6271986 0.0688563
vt 0.7012507 0.1647010
vt 0.6283812 0.0688563
vt 0.7024334 0.1634082
vt 0.3914144 0.7913260
vt 0.2036182 0.0746676
vt 0.2036182 0.0940596
vt 0.4571727 0.1659292
vt 0.6289724 0.0623923
vt 0.8446122 0.2808390
vt 0.8446122 0.3189767
vt 0.3920056 0.7531883
vt 0.3440198 0.3650474
vt 0.8452035 0.2808390
vt 0.3925969 0.7531883
vt 0.3925969 0.8301100
vt 0.3677154 0.3247475
vt 0.3677154 0.3434929
vt 0.8457948 0.3189767
vt 0.0276669 0.2746134
vt 0.3937794 0.7913260
vt 0.3937794 0.8301100
vt 0.3943707 0.7913260
vt 0.9719773 0.3190225
vt 0.0928304 0.4096604
vt 0.7059808 0.1915268
vt 0.5169987 0.2381575
vt 0.3955532 0.7913260
vt 0.3955532 0.8307563
vt 0.3712630 0.3247475
vt 0.3712630 0.3434929
vt 0.2083483 0.0746676
vt 0.2083483 0.0940596
vt 0.3967357 0.8307563
vt 0.6034892 0.4226912
vt 0.2308589 0.0747575
vt 0.2308589 0.0941495
vt 0.4624940 0.1659292
vt 0.0951954 0.4096604
vt 0.6040805 0.4226912
vt 0.6040805 0.4608286
vt 0.0957867 0.4096604
vt 0.6046717 0.4608286
vt 0.7201930 0.2811635
vt 0.0880829 0.0526797
vt 0.0880829 0.0688399
vt 0.0329881 0.2364757
vt 0.0329881 0.2746134
vt 0.3991008 0.7913260
vt 0.6058543 0.4608286
vt 0.2332240 0.0747575
vt 0.2332240 0.0941495
vt 0.3748092 0.3441395
vt 0.3996919 0.7913260
vt 0.3748104 0.3441395
vt 0.3748104 0.3441650
vt 0.3748104 0.3648241
vt 0.3487430 0.0753661
vt 0.3487430 0.0941114
vt 0.4666327 0.1659292
vt 0.7124847 0.1863555
vt 0.2136695 0.0746676
vt 0.2136695 0.0940596
vt 0.4672240 0.1711003
vt 0.5365368 0.3301898
vt 0.8546637 0.2860102
vt 0.3505168 0.0753661
vt 0.3505168 0.0941114
vt 0.5240937 0.2750024
vt 0.5021743 0.2155944
vt 0.0934042 0.0526797
vt 0.4038307 0.7919723
vt 0.7083331 0.1023258
vt 0.5389018 0.3482889
vt 0.1022904 0.3715227
vt 0.2385453 0.0747575
vt 0.2385453 0.0941495
vt 0.4701803 0.1911389
vt 0.1028817 0.3715227
vt 0.4050133 0.7919723
vt 0.4707716 0.1749788
vt 0.7166235 0.1863555
vt 0.4056045 0.7919723
vt 0.1040642 0.3715227
vt 0.4061958 0.7919723
vt 0.2183996 0.0746676
vt 0.2183996 0.0940596
vt 0.5282325 0.2381575
vt 0.4067870 0.7913260
vt 0.1052467 0.3715227
vt 0.4073783 0.7531883
vt 0.3558380 0.0753661
vt 0.3558380 0.0941114
vt 0.1058380 0.3715227
vt 0.1058380 0.3838044
vt 0.0383014 0.2370398
vt 0.0383014 0.2751775
vt 0.0762161 0.2557093
vt 0.4079696 0.8113643
vt 0.0388925 0.2370398
vt 0.0904328 0.0999394
vt 0.7006224 0.2737045
vt 0.6324933 0.1915101
vt 0.2432753 0.0747575
vt 0.2432753 0.0941495
vt 0.0779897 0.2751013
vt 0.7018049 0.2387990
vt 0.0785810 0.2751013
vt 0.6170882 0.4226912
vt 0.7148370 0.1023258
vt 0.0791724 0.2369636
vt 0.0791724 0.2751013
vt 0.6176795 0.4226912
vt 0.2231297 0.0746676
vt 0.2231297 0.0940596
vt 0.1241948 0.2364757
vt 0.1241948 0.2746134
vt 0.6182706 0.4420832
vt 0.8647150 0.2860102
vt 0.8647150 0.3183302
vt 0.0424402 0.2751775
vt 0.8653064 0.3189767
vt 0.0430315 0.2751775
vt 0.2468229 0.0747575
vt 0.2468229 0.0941495
vt 0.3611594 0.0753661
vt 0.3611594 0.0941114
vt 0.6366321 0.1627455
vt 0.5347364 0.2724167
vt 0.2474141 0.0747575
vt 0.2254947 0.0746676
vt 0.2254947 0.0940596
vt 0.5661345 0.2384150
vt 0.7177933 0.1023258
vt 0.7177933 0.1230107
vt 0.7053525 0.2737045
vt 0.5353277 0.2685384
vt 0.5667258 0.2565140
vt 0.5667258 0.2746134
vt 0.5489533 0.3644491
vt 0.6378146 0.1915101
vt 0.0448051 0.2751775
vt 0.0453964 0.2751775
vt 0.6389971 0.1627455
vt 0.8682625 0.2808390
vt 0.0839023 0.2369636
vt 0.5151819 0.1994342
vt 0.5151819 0.2311079
vt 0.1840197 0.1556122
vt 0.1289249 0.2364757
vt 0.1289249 0.2746134
vt 0.0465789 0.2370398
vt 0.0844936 0.2369636
vt 0.0844936 0.2751013
vt 0.5513183 0.3256651
vt 0.5382840 0.2381575
vt 0.5163645 0.1994342
vt 0.5169557 0.2311079
vt 0.3664807 0.0753661
vt 0.3664807 0.0941114
vt 0.3783290 0.1981872
vt 0.3783290 0.2311535
vt 0.1164807 0.3838044
vt 0.1164807 0.4148315
vt 0.0489440 0.2751775
vt 0.0868587 0.2369636
vt 0.1869760 0.1291097
vt 0.5542745 0.3314828
vt 0.0501265 0.2751775
vt 0.0880412 0.2369636
vt 0.5548659 0.3269577
vt 0.5554570 0.3256651
vt 0.5554570 0.3650954
vt 0.8735839 0.2808390
vt 0.1034406 0.0999394
vt 0.7136302 0.2568981
vt 0.7657616 0.0046104
vt 0.0909975 0.2369636
vt 0.3718019 0.0753661
vt 0.3718019 0.0941114
vt 0.7154038 0.2743508
vt 0.0542653 0.2751775
vt 0.7681267 0.0046104
vt 0.3729846 0.0753661
vt 0.3729846 0.0941114
vt 0.1342392 0.2364757
vt 0.0933625 0.2557093
vt 0.6318696 0.4226912
vt 0.1650449 0.2369990
vt 0.1650449 0.2686727
vt 0.6324609 0.4672926
vt 0.6330521 0.4226912
vt 0.5613696 0.3256651
vt 0.1946623 0.1291097
vt 0.6336434 0.4291552
vt 0.6336434 0.4672926
vt 0.5797334 0.2565140
vt 0.7230960 0.1125239
vt 0.8812703 0.3189767
vt 0.1105357 0.1225632
vt 0.8818614 0.2808390
vt 0.8818614 0.3189767
vt 0.1383780 0.2746134
vt 0.7219077 0.2387990
vt 0.7254611 0.1018583
vt 0.7254611 0.1125239
vt 0.0613603 0.2370398
vt 0.5660997 0.3650954
vt 0.7230902 0.2387990
vt 0.7266436 0.1228662
vt 0.0619517 0.2370398
vt 0.0619517 0.2751775
vt 0.1999836 0.1291097
vt 0.6395559 0.4291552
vt 0.8860003 0.2808390
vt 0.6401473 0.4291552
vt 0.1431081 0.2364757
vt 0.1431081 0.2746134
vt 0.0643166 0.2370398
vt 0.1436994 0.2364757
vt 0.1028226 0.2369636
vt 0.2029399 0.1523802
vt 0.0654991 0.2370398
vt 0.2035312 0.1304025
vt 0.2035312 0.1536730
vt 0.5572042 0.2704777
vt 0.5577955 0.2614280
vt 0.0666817 0.2370398
vt 0.0666817 0.2751775
vt 0.1188132 0.1167459
vt 0.1466557 0.2364757
vt 0.5222481 0.2041835
vt 0.1774614 0.2531591
vt 0.1774614 0.2686727
vt 0.8907304 0.3189767
vt 0.6122944 0.2378331
vt 0.1472470 0.2364757
vt 0.0684555 0.2751775
vt 0.5228394 0.1990124
vt 0.5228394 0.2041835
vt 0.7301854 0.2562518
vt 0.5601605 0.2510855
vt 0.6128856 0.2378331
vt 0.6454685 0.4672926
vt 0.5607518 0.2452680
vt 0.0696380 0.2370398
vt 0.7313679 0.2562518
vt 0.8925041 0.2931207
vt 0.8925041 0.3183302
vt 0.1490207 0.2746134
vt 0.1081439 0.2369636
vt 0.6466510 0.4291552
vt 0.5927410 0.2377683
vt 0.4013892 0.2749898
vt 0.6146594 0.2378331
vt 0.1496120 0.2746134
vt 0.0708205 0.2751775
vt 0.1087352 0.2751013
vt 0.6472423 0.4291552
vt 0.5933324 0.2746134
vt 0.4007968 0.1981872
vt 0.1093265 0.2751013
vt 0.6478336 0.4291552
vt 0.5939237 0.2726742
vt 0.7343242 0.2749975
vt 0.7349153 0.2749975
vt 0.2112176 0.1536730
vt 0.8966430 0.3189767
vt 0.6507899 0.4291552
vt 0.8972342 0.2924742
vt 0.6193895 0.2565788
vt 0.5980624 0.2429397
vt 0.8984166 0.2924742
vt 0.1140565 0.2369636
vt 0.5305256 0.2306858
vt 0.7378716 0.2749975
vt 0.2141738 0.1304025
vt 0.2153563 0.1304025
vt 0.7426075 0.1228662
vt 0.6217544 0.2527004
vt 0.7396454 0.2730582
vt 0.1572984 0.2552214
vt 0.1164216 0.2369636
vt 0.7402367 0.2394453
vt 0.2165388 0.1536730
vt 0.9013729 0.2924742
vt 0.1892865 0.2369990
vt 0.1590722 0.2364757
vt 0.1590722 0.2746134
vt 0.1898778 0.2369990
vt 0.1898778 0.2751367
vt 0.1904078 0.2369990
vt 0.1596633 0.2364757
vt 0.1187865 0.2751013
vt 0.1904690 0.2369990
vt 0.1904690 0.2441624
vt 0.1904690 0.2751367
vt 0.7461551 0.1018583
vt 0.7461551 0.1228662
vt 0.6584761 0.4672926
vt 0.6590675 0.4672926
vt 0.6596588 0.4291552
vt 0.6596588 0.4672926
vt 0.6057488 0.2429397
vt 0.7491114 0.1228662
vt 0.4149882 0.2374985
vt 0.4149882 0.2749898
vt 0.6282583 0.2611036
vt 0.6282583 0.2746779
vt 0.5388033 0.2177578
vt 0.5388033 0.2268077
vt 0.6069313 0.2746134
vt 0.9066943 0.6039812
vt 0.9066943 0.6195265
vt 0.9066943 0.6641840
vt 0.5713862 0.3255307
vt 0.5713862 0.3635694
vt 0.3859597 0.6707366
vt 0.3859597 0.6913378
vt 0.2064573 0.6700129
vt 0.2064573 0.7081506
vt 0.2064573 0.7464378
vt 0.5050355 0.7535622
vt 0.5050355 0.7917214
vt 0.5050355 0.8300314
vt 0.2070045 0.6700129
vt 0.2070045 0.7081506
vt 0.2076885 0.7464378
vt 0.5062772 0.7917214
vt 0.5068290 0.7917214
vt 0.3877544 0.7192965
vt 0.3877544 0.7464378
vt 0.2087830 0.7081506
vt 0.5073809 0.7535622
vt 0.5073809 0.8300314
vt 0.5079327 0.7917214
vt 0.3889507 0.7192965
vt 0.5086226 0.8300314
vt 0.3895490 0.7464378
vt 0.2105614 0.7464378
vt 0.9108308 0.6641840
vt 0.5760537 0.3255307
vt 0.5097262 0.7917214
vt 0.3907454 0.6946080
vt 0.2117925 0.7081506
vt 0.2123397 0.6706111
vt 0.2123397 0.6810804
vt 0.2123397 0.7081506
vt 0.2123397 0.7464378
vt 0.3919419 0.6707366
vt 0.3919419 0.7081784
vt 0.3919419 0.7464378
vt 0.2130238 0.6810804
vt 0.0169476 0.0106422
vt 0.2135710 0.6700129
vt 0.2135710 0.7081506
vt 0.5122094 0.8300314
vt 0.5785996 0.3255307
vt 0.5790239 0.3255307
vt 0.2141182 0.7081506
vt 0.2141182 0.7464378
vt 0.5133132 0.7917214
vt 0.2148022 0.7081506
vt 0.2153494 0.6700129
vt 0.2153494 0.7081506
vt 0.2153494 0.7464378
vt 0.2158966 0.6700129
vt 0.2158966 0.7081506
vt 0.2158966 0.7464378
vt 0.5145548 0.7541655
vt 0.5809333 0.3635694
vt 0.5813576 0.3635694
vt 0.5151066 0.7549196
vt 0.2165805 0.7081506
vt 0.2171277 0.6700129
vt 0.2176751 0.7464378
vt 0.5826305 0.3255307
vt 0.5163482 0.7917214
vt 0.2183591 0.6706111
vt 0.2183591 0.7088984
vt 0.5174520 0.7917214
vt 0.5180039 0.8300314
vt 0.2194534 0.6706111
vt 0.2194534 0.7069542
vt 0.5849642 0.3255307
vt 0.5186936 0.8300314
vt 0.2206846 0.7464378
vt 0.5197972 0.7549196
vt 0.5197972 0.7917214
vt 0.5197972 0.8306347
vt 0.2212318 0.7464378
vt 0.5862373 0.3255307
vt 0.5862373 0.3649612
vt 0.5204871 0.8306347
vt 0.5868738 0.3255307
vt 0.5868738 0.3649612
vt 0.5210389 0.7541655
vt 0.5210389 0.7924755
vt 0.2224631 0.7088984
vt 0.9227233 0.6390288
vt 0.9232403 0.6390288
vt 0.2230103 0.6706111
vt 0.5215907 0.7541655
vt 0.2236943 0.7088984
vt 0.5222805 0.7924755
vt 0.2242414 0.7464378
vt 0.5228324 0.7924755
vt 0.5228324 0.8267132
vt 0.5228324 0.8306347
vt 0.5892075 0.3255307
vt 0.5898439 0.3255307
vt 0.5902682 0.3255307
vt 0.5239362 0.7541655
vt 0.5239362 0.7924755
vt 0.5239362 0.8267132
vt 0.5246259 0.7924755
vt 0.5246259 0.8306347
vt 0.5251778 0.7541655
vt 0.5251778 0.7924755
vt 0.5915412 0.3649612
vt 0.5257295 0.7541655
vt 0.5257295 0.7924755
vt 0.5264194 0.8306347
vt 0.5928141 0.3649612
vt 0.5269711 0.7924755
vt 0.5269711 0.8306347
vt 0.0323516 0.0126042
vt 0.0323516 0.0132581
vt 0.5275230 0.7541655
vt 0.5275230 0.7924755
vt 0.5275230 0.8306347
vt 0.5938750 0.3255307
vt 0.3005868 0.4770167
vt 0.3005868 0.5003948
vt 0.3005868 0.5255829
vt 0.9304791 0.6039812
vt 0.9304791 0.6116126
vt 0.3018284 0.5003948
vt 0.3023803 0.5255829
vt 0.3041736 0.5003948
vt 0.5985424 0.3635694
vt 0.5991789 0.3635694
vt 0.6004518 0.3255307
vt 0.3072088 0.4744526
vt 0.6015126 0.3255307
vt 0.6015126 0.3635694
vt 0.3077607 0.5242255
vt 0.6021490 0.3259946
vt 0.6021490 0.3642653
vt 0.3083126 0.5242255
vt 0.0423717 0.0126042
vt 0.3095542 0.4860662
vt 0.6034220 0.3259946
vt 0.9387521 0.6582485
vt 0.3101059 0.4860662
vt 0.9392691 0.6582485
vt 0.3118995 0.5242255
vt 0.3124513 0.4860662
vt 0.3131411 0.4860662
vt 0.3131411 0.5242255
vt 0.3142449 0.4860662
vt 0.3154865 0.5242255
vt 0.3160382 0.4860662
vt 0.6099989 0.3259946
vt 0.3165901 0.4860662
vt 0.3165901 0.5255829
vt 0.3178317 0.4860662
vt 0.9470251 0.6311149
vt 0.3183836 0.4860662
vt 0.6133934 0.3259946
vt 0.3196253 0.5242255
vt 0.3201771 0.4860662
vt 0.3201771 0.5242255
vt 0.6140298 0.3259946
vt 0.3207289 0.4860662
vt 0.3207289 0.5242255
vt 0.6146663 0.3259946
vt 0.6146663 0.3642653
vt 0.1958264 0.2367760
vt 0.1958264 0.2749353
vt 0.6153028 0.3642653
vt 0.6170000 0.3259946
vt 0.6170000 0.3649612
vt 0.1976197 0.2367760
vt 0.6176365 0.3266903
vt 0.6176365 0.3649612
vt 0.1987235 0.2367760
vt 0.9534883 0.6039812
vt 0.9534883 0.6311149
vt 0.9534883 0.6582485
vt 0.9540053 0.6336586
vt 0.9540053 0.6641840
vt 0.6186973 0.3266903
vt 0.1994132 0.2367760
vt 0.6193338 0.3649612
vt 0.1999651 0.2749353
vt 0.9547809 0.6045464
vt 0.6199703 0.3649612
vt 0.2010687 0.2749353
vt 0.2017586 0.2367760
vt 0.6212431 0.3266903
vt 0.2023104 0.2367760
vt 0.2046558 0.2483897
vt 0.9594345 0.6336586
vt 0.6246377 0.3266903
vt 0.6252742 0.3266903
vt 0.6265471 0.3649612
vt 0.6276080 0.3266903
vt 0.6276080 0.3649612
vt 0.0671976 0.0139122
vt 0.0671976 0.0152202
vt 0.7887673 0.5358974
vt 0.7887673 0.5638561
vt 0.7887673 0.5883814
vt 0.7887673 0.5909974
vt 0.9648636 0.6602269
vt 0.7899638 0.5638561
vt 0.2105881 0.2749353
vt 0.2111399 0.2458257
vt 0.7905620 0.5638561
vt 0.7905620 0.5909974
vt 0.2212550 0.2366759
vt 0.2212550 0.2749353
vt 0.2118297 0.2367760
vt 0.2118297 0.2749353
vt 0.2218533 0.2366759
vt 0.2123816 0.2367760
vt 0.2224514 0.2366759
vt 0.2224514 0.2749353
vt 0.6324876 0.3266903
vt 0.6324876 0.3649612
vt 0.6329118 0.3266903
vt 0.6329118 0.3649612
vt 0.6335483 0.3266903
vt 0.2141749 0.2367760
vt 0.2147268 0.2367760
vt 0.6341848 0.3649612
vt 0.9700343 0.6195265
vt 0.6348213 0.3266903
vt 0.6348213 0.3649612
vt 0.2254426 0.2366759
vt 0.2159685 0.2367760
vt 0.2159685 0.2749353
vt 0.6354577 0.3266903
vt 0.6358820 0.3266903
vt 0.6358820 0.3649612
vt 0.2260407 0.2366759
vt 0.6365185 0.3266903
vt 0.2266390 0.2366759
vt 0.6371550 0.3266903
vt 0.6371550 0.3649612
vt 0.2278353 0.2749353
vt 0.6377914 0.3266903
vt 0.6377914 0.3649612
vt 0.9731366 0.6336586
vt 0.2284336 0.2366759
vt 0.2284336 0.2749353
vt 0.6384279 0.3266903
vt 0.6384279 0.3649612
vt 0.6388522 0.3266903
vt 0.6388522 0.3649612
vt 0.9741708 0.6472255
vt 0.2290317 0.2366759
vt 0.2290317 0.2749353
vt 0.6394888 0.3266903
vt 0.6401251 0.3266903
vt 0.2306769 0.2366759
vt 0.6411860 0.3266903
vt 0.2312751 0.2366759
vt 0.6418225 0.3266903
vt 0.6418225 0.3649612
vt 0.2318734 0.2366759
vt 0.2318734 0.2749353
vt 0.6424588 0.3266903
vt 0.6424588 0.3649612
vt 0.2330698 0.2749353
vt 0.6430954 0.3649612
vt 0.6437319 0.3266903
vt 0.6441562 0.3266903
vt 0.6441562 0.3649612
vt 0.6447926 0.3266903
vt 0.9801170 0.6045464
vt 0.2348644 0.2366759
vt 0.2348644 0.2749353
vt 0.2354625 0.2366759
vt 0.6454291 0.3266903
vt 0.2360608 0.2366759
vt 0.2360608 0.2749353
vt 0.2366590 0.2535165
vt 0.2366590 0.2749353
vt 0.6467021 0.3266903
vt 0.6467021 0.3649612
vt 0.3912023 0.1180943
vt 0.2372573 0.2366759
vt 0.3918386 0.1194859
vt 0.3918386 0.1201818
vt 0.3918386 0.1208777
vt 0.3918386 0.1213414
vt 0.2378554 0.2366759
vt 0.2378554 0.2749353
vt 0.9832193 0.6336586
vt 0.3924751 0.1227332
vt 0.9837363 0.6336586
vt 0.9847705 0.6336586
vt 0.9855461 0.6610748
vt 0.9860631 0.6610748
vt 0.3967183 0.1213414
vt 0.3967183 0.1227332
vt 0.3971426 0.1213414
vt 0.9883898 0.6610748
vt 0.9891654 0.6045464
vt 0.9891654 0.6336586
vt 0.9891654 0.6627707
vt 0.9896826 0.6099166
vt 0.9896826 0.6370503
vt 0.9896826 0.6641840
vt 0.9901996 0.6370503
vt 0.9907167 0.6090687
vt 0.9907167 0.6370503
vt 0.9907167 0.6641840
vt 0.4624639 0.0664330
vt 0.4642735 0.0664330
vt 0.4748732 0.0599321
vt 0.4221772 0.1006984
vt 0.4226014 0.1025541
vt 0.4232379 0.1039457
vt 0.4238744 0.1039457
vt 0.4238744 0.1053375
vt 0.4919363 0.0689767
vt 0.1217417 0.3707902
vt 0.1217417 0.3927677
vt 0.1217417 0.4148316
vt 0.1223724 0.3707902
vt 0.4978824 0.0548446
vt 0.4978824 0.0554099
vt 0.4978824 0.0585190
vt 0.4991752 0.0684113
vt 0.2431756 0.2367785
vt 0.2431756 0.2749353
vt 0.2436927 0.2367785
vt 0.1294675 0.3927677
vt 0.2444683 0.2367785
vt 0.2444683 0.2749353
vt 0.2449853 0.2367785
vt 0.2449853 0.2749353
vt 0.2455023 0.2367785
vt 0.2462779 0.2367785
vt 0.2462779 0.2749353
vt 0.2467951 0.2503453
vt 0.2467951 0.2613684
vt 0.2478292 0.2503453
vt 0.1365625 0.3707902
vt 0.1365625 0.3927677
vt 0.1365625 0.4148316
vt 0.1371144 0.3772542
vt 0.1371144 0.3927677
vt 0.1371144 0.4148316
vt 0.1377450 0.3927677
vt 0.1382969 0.3772542
vt 0.4718277 0.0275285
vt 0.2532583 0.2749353
vt 0.6649881 0.4226037
vt 0.6649881 0.4452542
vt 0.6649881 0.4672928
vt 0.1389277 0.3927677
vt 0.1389277 0.4089710
vt 0.4724585 0.0249428
vt 0.4724585 0.0255462
vt 0.4724585 0.0275285
vt 0.4724585 0.0288213
vt 0.6655481 0.4452542
vt 0.1401101 0.3772542
vt 0.6661881 0.4226037
vt 0.6661881 0.4452542
vt 0.6661881 0.4672928
vt 0.1406620 0.3921645
vt 0.6667480 0.4232158
vt 0.6667480 0.4452542
vt 0.6667480 0.4672928
vt 0.1419234 0.4076781
vt 0.4754542 0.0268389
vt 0.4754542 0.0288213
vt 0.6697078 0.4452542
vt 0.6726675 0.4232158
vt 0.6726675 0.4452542
vt 0.6726675 0.4672928
vt 0.3848004 0.0042454
vt 0.3859203 0.0042454
vt 0.4831010 0.0275285
vt 0.4837317 0.0288213
vt 0.4842836 0.0275285
vt 0.4872793 0.0229606
vt 0.3919199 0.0035457
vt 0.3919199 0.0048575
vt 0.4884618 0.0275285
usemtl material_0
f 166/1182 222/1181 198/1186
f 198/1150 1737/1149 202/1150
f 202/1150 1737/1149 1730/1149
f 1730/1149 1737/1149 1764/1148
f 2326/967 1730/930 2441/967
f 1730/930 1746/930 2441/967
f 2326/967 2441/967 2349/920
f 2349/920 2441/967 2450/920
f 1022/37 1017/36 89/120
f 1017/36 1084/1 89/120
f 1026/853 1024/655 2329/662
f 2329/662 1024/655 2444/529
f 1024/655 1014/521 2444/529
f 2444/343 1014/369 1019/383
f 89/505 1006/473 1022/485
f 1022/899 1006/889 2466/906
f 2470/906 2466/906 2382/906
f 2382/906 2466/906 2381/906
f 2381/906 2466/906 2379/876
f 2379/876 2466/906 2465/876
f 2466/906 1006/889 2465/876
f 1006/889 1026/853 2465/871
f 1026/853 2329/662 2465/871
f 2329/662 2457/662 2465/871
f 2380/871 2465/871 2330/662
f 2465/871 2457/662 2330/662
f 2457/662 2329/662 2445/529
f 2329/662 2444/529 2445/529
f 2401/1325 2468/1325 2373/1325
f 2468/366 2462/366 2373/366
f 2462/366 2445/343 2373/366
f 2445/343 2444/343 2373/366
f 2444/343 1019/383 2373/366
f 2373/366 1019/383 1030/394
f 1030/441 1019/450 100/393
f 100/1278 61/1197 91/1187
f 61/1197 89/1093 91/1187
f 91/422 113/428 100/423
f 113/428 95/433 100/423
f 100/122 1030/39 91/121
f 1030/39 1028/38 91/121
f 91/121 1028/38 89/120
f 89/120 1028/38 1022/37
f 2471/1088 2466/1089 2370/1088
f 2466/1089 1022/985 2370/1088
f 1022/985 1028/984 2370/1088
f 2370/1088 1028/984 2373/1087
f 1028/984 1030/983 2373/1087
f 2413/1324 2373/1325 1531/1255
f 2373/1325 1030/1207 1531/1255
f 1030/1207 100/1095 1531/1255
f 143/433 115/433 148/432
f 148/432 115/433 77/432
f 115/433 95/433 77/432
f 95/433 113/428 77/432
f 113/428 91/422 77/432
f 91/422 89/421 77/432
f 89/421 106/420 77/432
f 77/432 106/420 123/420
f 123/119 106/119 138/112
f 106/119 89/120 138/112
f 89/120 1084/1 138/112
f 1084/1 1085/1 138/112
f 140/112 138/112 149/112
f 138/112 1085/1 149/112
f 149/112 1085/1 1086/1
f 1086/916 1085/916 2493/923
f 2493/923 1085/916 2416/923
f 1085/916 1084/916 2416/923
f 1084/916 1017/910 2416/923
f 1017/910 1022/899 2416/923
f 1022/899 2466/906 2416/923
f 2438/923 2416/923 2470/906
f 2416/923 2466/906 2470/906
f 2470/1089 2466/1089 2394/1088
f 2466/1089 2471/1088 2394/1088
f 2394/1088 2471/1088 2401/1087
f 2471/1088 2370/1088 2401/1087
f 2370/1088 2373/1087 2401/1087
f 2401/1325 2373/1325 2434/1324
f 2373/1325 2413/1324 2434/1324
f 563/3223 779/3238 531/3214
f 779/3418 884/3426 531/3416
f 1735/3395 1742/3395 1702/3389
f 1685/3389 1721/3389 500/3312
f 1721/3389 508/3312 500/3312
f 196/3288 508/3312 210/3288
f 196/3355 210/3355 135/3366
f 210/3355 174/3357 135/3366
f 1996/2664 2244/2628 2272/2628
f 2126/2550 2287/2550 2208/2458
f 2287/2550 2163/2458 2208/2458
f 2208/2164 2163/2164 1985/2163
f 1985/2163 2163/2164 2137/2163
f 1985/2163 2137/2163 1702/2137
f 1702/2137 2137/2163 1721/2137
f 999/2128 1106/2127 983/2160
f 1106/2119 999/2118 1114/2141
f 1114/2141 999/2118 911/2140
f 911/2140 999/2118 928/2117
f 999/2128 983/2160 928/2129
f 1424/2453 1475/2448 1381/2453
f 1410/2913 1496/2922 1388/2909
f 1388/2909 1496/2922 1480/2923
f 1496/2922 1612/2929 1480/2923
f 1612/2929 1611/2930 1480/2923
f 1611/2151 1633/2152 1480/2138
f 1480/2138 1633/2152 1388/2130
f 1388/2909 1404/2908 1410/2908
f 1410/2452 1404/2452 1381/2453
f 1381/2453 1404/2452 1509/2453
f 1509/2237 1404/2336 1516/2446
f 1404/2908 1388/2909 1516/2909
f 1388/2130 1633/2152 1516/2130
f 1516/2130 1633/2152 1563/2130
f 1638/2629 1586/2629 1612/2629
f 1586/2629 1561/2629 1612/2629
f 1561/2629 1563/2649 1612/2629
f 1563/2649 1633/2649 1612/2629
f 1633/2649 1611/2653 1612/2629
f 1616/3260 1612/3259 1648/3260
f 2106/2520 1651/2521 2079/2498
f 2270/3349 2079/3344 2033/3343
f 2079/3344 1651/3308 2033/3343
f 2033/3343 1651/3308 1648/3307
f 1648/3307 1651/3308 1605/3307
f 1605/3307 1651/3308 1606/3308
f 1606/3308 1651/3308 1591/3308
f 1591/3308 1651/3308 1643/3308
f 1643/2521 1651/2521 2152/2520
f 1651/2521 2106/2520 2152/2520
f 2297/3349 2105/3349 2078/3349
f 2032/3348 2270/3349 2228/3348
f 2270/3349 2033/3343 2228/3348
f 2033/3265 1648/3260 2228/3266
f 1648/3260 1612/3261 2228/3266
f 2228/3266 1612/3261 2227/3270
f 2032/2220 2227/2223 2270/2199
f 2270/2199 2227/2223 2025/2146
f 2025/2965 2227/2966 2192/2965
f 2192/2965 2227/2966 1725/2942
f 2227/2966 1612/2929 1725/2942
f 1725/2942 1612/2929 1552/2925
f 1552/2925 1612/2929 1475/2921
f 1612/2929 1496/2922 1475/2921
f 1496/2447 1410/2450 1475/2448
f 1410/2452 1381/2453 1475/2448
f 271/3162 450/3108 193/3107
f 450/3277 306/3304 193/3351
f 306/3304 246/3305 193/3351
f 246/3305 245/3309 193/3351
f 172/3161 193/3107 157/3160
f 157/3160 193/3107 171/3159
f 171/3159 193/3107 176/3106
f 612/2815 582/2816 569/2815
f 569/2815 582/2816 509/2777
f 582/2816 520/2783 509/2777
f 520/2783 503/2770 509/2777
f 509/2777 503/2770 428/2753
f 503/2770 441/2748 428/2747
f 428/2523 441/2524 374/2508
f 302/2888 308/2889 276/2875
f 334/2335 368/2328 422/2310
f 368/2328 450/2311 422/2310
f 450/3108 271/3162 422/3254
f 243/3253 422/3254 189/3253
f 422/3254 271/3162 189/3253
f 271/3162 193/3107 189/3253
f 193/3107 172/3161 189/3253
f 189/3253 172/3161 127/3252
f 172/3161 157/3160 127/3252
f 157/3160 171/3159 127/3252
f 171/3159 176/3106 127/3251
f 176/3106 126/3250 127/3251
f 127/3251 126/3250 108/3258
f 126/3250 176/3106 108/3249
f 176/3106 75/3126 108/3249
f 108/3249 75/3126 35/3125
f 65/3437 35/3437 43/3436
f 35/3437 75/3420 43/3436
f 75/3420 176/3372 43/3436
f 582/2816 612/2815 643/2816
f 643/2816 612/2815 634/2815
f 634/2815 612/2815 649/2819
f 649/2819 612/2815 587/2819
f 612/2815 569/2815 587/2819
f 569/2815 509/2777 587/2819
f 509/2777 428/2753 587/2819
f 1248/2692 1172/2693 1132/2680
f 1132/2680 1172/2693 1186/2709
f 1243/2613 1260/2459 1237/2659
f 1260/2459 1248/2483 1237/2659
f 1237/2695 1248/2630 1254/2703
f 1254/2703 1248/2630 1251/2702
f 1209/2716 1251/2702 1194/2650
f 1251/2702 1248/2630 1194/2650
f 1248/2692 1132/2680 1194/2679
f 1149/3063 1156/3092 1217/3109
f 1205/2720 1217/2654 1202/2719
f 1217/2654 1156/2661 1202/2719
f 1202/2719 1156/2661 1165/2724
f 1165/2724 1156/2661 1192/2723
f 1163/3310 1192/3370 1137/3371
f 1192/3370 1156/3424 1137/3371
f 1156/3424 1149/3432 1137/3371
f 1137/3371 1149/3432 1121/3374
f 1149/3432 1132/3442 1121/3374
f 1121/2721 1132/2739 1044/2678
f 1132/2739 1015/2681 1044/2678
f 1044/2678 1015/2681 988/2662
f 918/2623 988/2662 894/2624
f 894/2624 988/2662 1077/2689
f 988/2662 1015/2681 1077/2689
f 1015/2681 1132/2739 1077/2689
f 1077/2689 1132/2739 1143/2744
f 1132/2887 1186/2840 1143/2893
f 1143/2893 1186/2840 1168/2839
f 1168/2839 1186/2840 1174/2836
f 1174/2836 1186/2840 1244/2812
f 1186/2840 1260/2813 1244/2812
f 1244/2324 1260/2459 1216/2325
f 1260/2459 1243/2613 1216/2325
f 1243/2613 1278/2614 1216/2325
f 1216/2325 1278/2614 1279/2615
f 1292/2671 1279/2670 1271/2798
f 1271/2798 1279/2670 1263/2797
f 1279/2670 1278/2669 1263/2797
f 1278/2669 1243/2668 1263/2797
f 1243/2668 1237/2695 1263/2796
f 1237/2695 1254/2703 1263/2796
f 1254/2703 1251/2702 1263/2796
f 1263/2796 1251/2702 1227/2795
f 1251/2702 1209/2716 1227/2795
f 1209/2716 1205/2720 1227/2795
f 1205/2720 1202/2719 1227/2795
f 1227/2795 1202/2719 1188/2794
f 1202/2719 1165/2724 1188/2794
f 1165/2724 1192/2723 1188/2794
f 1192/2723 1163/2793 1188/2794
f 1188/2177 1163/2180 1112/2213
f 1163/3310 1137/3371 1112/3311
f 1137/3371 1121/3374 1112/3311
f 1121/2721 1044/2678 1112/2711
f 1112/2711 1044/2678 936/2631
f 1044/2678 988/2662 936/2626
f 936/2626 988/2662 912/2622
f 988/2662 918/2623 912/2622
f 912/2536 918/2535 860/2542
f 918/2535 894/2534 860/2542
f 788/2587 795/2577 752/2581
f 752/2581 795/2577 671/2574
f 795/2577 758/2571 671/2574
f 671/2574 758/2571 743/2570
f 743/2619 758/2620 785/2610
f 785/2610 758/2611 817/2603
f 758/2611 786/2604 817/2603
f 786/2604 816/2597 817/2603
f 817/2603 816/2597 872/2590
f 816/2597 887/2591 872/2590
f 887/2532 793/2609 872/2533
f 872/2533 793/2609 640/2648
f 793/2609 657/2634 640/2648
f 657/2634 739/2636 640/2648
f 640/2648 739/2636 619/2652
f 739/2636 620/2663 619/2652
f 620/2663 569/2676 619/2652
f 619/2652 569/2676 587/2677
f 569/2676 612/2676 587/2677
f 587/2677 612/2676 649/2677
f 649/2677 612/2676 661/2676
f 661/3004 612/3004 637/3012
f 652/2189 637/2190 610/2182
f 637/3012 612/3004 583/3012
f 612/3004 569/3004 583/3012
f 569/3004 620/2984 583/3012
f 620/2984 739/2949 583/3012
f 835/2941 583/3012 804/2938
f 583/3012 739/2949 804/2938
f 739/2949 657/2946 804/2938
f 657/2946 793/2936 804/2938
f 804/2938 793/2936 892/2920
f 793/2936 887/2907 892/2920
f 887/2591 816/2597 892/2592
f 816/2597 786/2604 892/2598
f 795/2577 788/2587 764/2588
f 788/2560 860/2542 764/2565
f 860/2542 894/2534 764/2559
f 1216/2325 1279/2615 1298/2326
f 1279/2615 1292/2616 1298/2326
f 1439/2326 1298/2326 1376/2616
f 1298/2326 1292/2616 1376/2616
f 1292/2671 1271/2798 1376/2671
f 1376/2617 1271/2327 1388/2564
f 1410/2908 1388/2909 1446/2909
f 1388/2564 1271/2327 1446/2568
f 1446/2743 1271/2731 1457/2742
f 1457/2798 1271/2798 1406/2797
f 1271/2798 1263/2797 1406/2797
f 1406/2797 1263/2797 1451/2797
f 1451/2797 1263/2797 1399/2796
f 1399/2796 1263/2796 1305/2795
f 1263/2796 1227/2795 1305/2795
f 1305/2795 1227/2795 1339/2795
f 1339/2795 1227/2795 1275/2794
f 1227/2795 1188/2794 1275/2794
f 1275/2177 1188/2177 1146/2213
f 1188/2177 1112/2213 1146/2213
f 1146/2711 1112/2711 987/2631
f 1112/2711 936/2631 987/2631
f 987/2631 936/2631 1002/2626
f 1002/2626 936/2626 985/2626
f 985/2626 936/2626 984/2626
f 984/2626 936/2626 971/2626
f 936/2626 912/2622 971/2626
f 971/2626 912/2622 905/2622
f 905/2622 912/2622 879/2622
f 812/2551 879/2536 849/2551
f 879/2536 912/2536 849/2551
f 912/2536 860/2542 849/2551
f 860/2542 788/2560 849/2551
f 812/2567 849/2551 782/2567
f 849/2551 788/2566 782/2567
f 788/2587 752/2581 782/2586
f 752/2581 671/2574 782/2586
f 842/2569 782/2586 650/2569
f 782/2585 671/2574 650/2569
f 671/2574 743/2570 650/2569
f 743/2619 785/2610 650/2618
f 812/2618 650/2618 805/2602
f 650/2618 785/2610 805/2602
f 785/2610 817/2603 805/2602
f 817/2603 872/2590 805/2602
f 805/2602 872/2590 812/2602
f 812/2602 872/2590 880/2590
f 880/2590 872/2590 933/2590
f 933/2590 872/2590 965/2590
f 965/2533 872/2533 792/2648
f 872/2533 640/2648 792/2648
f 640/2648 619/2652 756/2652
f 619/2652 587/2677 649/2677
f 489/2523 428/2522 395/2523
f 326/2499 395/2523 336/2499
f 395/2523 428/2523 336/2499
f 428/2522 374/2508 336/2499
f 374/2504 308/2485 336/2499
f 308/2485 302/2484 336/2499
f 336/2499 302/2484 326/2484
f 326/2856 302/2888 259/2856
f 302/2888 276/2875 259/2856
f 276/2875 274/2857 259/2856
f 274/2355 304/2349 259/2354
f 297/2354 259/2354 296/2348
f 259/2354 304/2349 296/2348
f 304/2349 334/2335 296/2348
f 334/2335 422/2310 296/2348
f 302/2348 296/2348 327/2348
f 296/2348 422/2310 327/2348
f 327/2348 422/2310 427/2310
f 422/3254 243/3253 270/3253
f 270/3253 243/3253 156/3252
f 243/3253 189/3253 156/3252
f 189/3253 127/3252 156/3252
f 156/3251 127/3251 167/3251
f 167/3251 127/3251 152/3258
f 127/3251 108/3258 152/3258
f 152/3258 108/3258 90/3248
f 90/3248 108/3258 27/3248
f 108/3249 35/3125 27/3248
f 35/3125 65/3125 27/3248
f 27/3248 65/3125 133/3248
f 133/3248 65/3125 117/3125
f 117/3437 65/3437 139/3436
f 65/3437 43/3436 139/3436
f 1888/1755 1918/1756 1733/1717
f 1733/1491 1704/1496 1593/1519
f 1304/1545 1593/1519 1547/1522
f 1518/1529 1547/1522 1674/1500
f 1547/1522 1593/1519 1674/1500
f 1593/1519 1704/1496 1674/1500
f 1674/1702 1704/1704 1792/1742
f 1704/1704 1733/1717 1792/1742
f 1733/1717 1918/1756 1792/1742
f 1918/703 1963/704 1792/674
f 1936/704 1963/704 1904/703
f 1963/704 1918/703 1904/703
f 1904/1756 1918/1756 1876/1755
f 1918/1756 1888/1755 1876/1755
f 1876/1462 1888/1462 1846/1463
f 1846/1463 1888/1462 1858/1463
f 1888/1462 1733/1491 1858/1463
f 1733/1491 1593/1519 1858/1463
f 1858/1463 1593/1519 1846/1463
f 1846/1463 1593/1519 1569/1519
f 1569/1519 1593/1519 1428/1545
f 1593/1519 1304/1545 1428/1545
f 1428/748 1304/748 1370/712
f 1370/712 1304/748 1221/712
f 1236/713 1309/713 1221/712
f 1221/712 1309/713 1371/712
f 1371/712 1309/713 1348/713
f 1348/713 1309/713 1367/714
f 1367/714 1309/713 1218/714
f 1309/713 1236/713 1218/714
f 1218/714 1236/713 1269/736
f 1236/713 1221/712 1269/736
f 1221/712 1304/748 1269/736
f 1269/736 1304/748 1282/749
f 1282/1544 1304/1545 1360/1543
f 1304/1545 1547/1522 1360/1543
f 1547/1522 1518/1529 1360/1543
f 1360/1655 1518/1676 1437/1662
f 1518/1676 1674/1702 1437/1662
f 1674/1702 1792/1742 1437/1662
f 1218/714 1269/736 1303/750
f 1269/736 1282/749 1303/750
f 1282/1649 1360/1655 1303/1650
f 1360/1655 1437/1662 1303/1650
f 1854/341 1738/358 1956/354
f 1857/630 1679/682 1931/618
f 1931/618 1679/682 1639/696
f 1639/759 1679/762 1677/836
f 1679/1005 1857/1028 1677/986
f 1857/1028 1841/1023 1677/986
f 1585/411 1677/353 1666/346
f 1677/353 1841/384 1666/346
f 1841/384 1956/361 1666/346
f 1956/354 1738/358 1666/404
f 1738/1479 1657/1422 1666/1379
f 1666/911 1657/914 1316/832
f 1476/809 1316/787 1389/796
f 1389/796 1316/787 1308/786
f 1657/1422 1738/1479 1838/1581
f 1738/140 1854/116 1838/99
f 1838/99 1854/116 1908/96
f 1852/466 1863/466 1907/425
f 1863/466 1908/425 1907/425
f 1908/96 1854/116 1907/96
f 1854/814 1956/968 1907/656
f 1907/439 1956/359 1886/370
f 1886/361 1956/361 1872/361
f 1956/361 1841/384 1872/361
f 1872/1023 1841/1023 1867/1028
f 1841/1023 1857/1028 1867/1028
f 1867/1028 1857/1028 1879/1028
f 1879/1028 1857/1028 1878/1028
f 1857/630 1931/618 1878/630
f 1878/630 1931/618 1871/618
f 1871/618 1931/618 1627/696
f 1931/618 1639/696 1627/696
f 1627/696 1639/696 1572/696
f 1571/759 1639/759 1613/837
f 1639/759 1677/836 1613/837
f 1677/353 1585/411 1613/426
f 1636/426 1613/426 1589/411
f 1613/426 1585/411 1589/411
f 1589/411 1585/411 1543/411
f 1523/219 1517/284 1583/219
f 1517/284 1585/284 1583/219
f 1585/284 1666/285 1583/219
f 1542/881 1583/881 1486/854
f 1583/881 1666/911 1486/854
f 1666/911 1316/832 1486/854
f 1316/787 1476/809 1486/810
f 1476/809 1532/809 1486/810
f 1486/810 1532/809 1568/810
f 1574/917 1532/917 1564/918
f 1290/937 1297/937 1458/918
f 1297/937 1506/918 1458/918
f 1506/918 1545/918 1458/918
f 1545/918 1564/918 1458/918
f 1564/918 1532/917 1458/918
f 1532/917 1476/917 1458/918
f 1476/917 1389/924 1458/918
f 1389/924 1308/936 1458/918
f 1458/918 1308/936 1290/937
f 1803/459 1794/459 1805/459
f 1441/174 1597/123 1536/144
f 1597/123 1718/29 1536/144
f 1838/410 1908/425 1805/459
f 1908/425 1863/466 1805/459
f 1803/40 1805/40 1794/40
f 1317/957 1290/957 1487/942
f 1290/957 1458/942 1487/942
f 1487/942 1458/942 1537/942
f 1537/942 1458/942 1564/942
f 4322/3973 4334/3969 4447/3978
f 4413/3660 4322/3660 4438/3660
f 4438/3660 4322/3660 4413/3660
f 4322/3455 4447/3467 4292/3451
f 4292/3451 4447/3467 4341/3454
f 1844/3876 2609/3865 1804/3878
f 2609/3865 2620/3866 1804/3878
f 2620/3866 2588/3868 1804/3878
f 3506/3954 3513/3957 3572/3957
f 3533/3938 3549/3938 3507/3949
f 3549/3938 3514/3949 3507/3949
f 3514/3949 3605/3949 3507/3949
f 3605/3949 3604/3949 3507/3949
f 3604/3949 3522/3954 3507/3949
f 3507/3949 3522/3954 3506/3954
f 3572/3957 3602/3957 3590/3958
f 3590/3958 3603/3958 3553/3993
f 3553/3993 3603/3958 3574/3993
f 3505/3774 4377/3792 3575/3772
f 3575/3772 4377/3792 4058/3779
f 4377/3792 4420/3791 4058/3779
f 3508/3774 3505/3774 3559/3774
f 3559/3464 3505/3464 3539/3464
f 3539/3464 3505/3464 3615/3475
f 3505/3464 3525/3475 3615/3475
f 4311/3816 4310/3815 3592/3861
f 4108/3739 4081/3735 4092/3735
f 2915/3967 2911/3961 2725/3972
f 2911/3961 2721/3966 2725/3972
f 3599/4032 4556/4007 3610/4037
f 4556/4007 4524/4010 3610/4037
f 4524/3766 4523/3769 3610/3767
f 4523/3769 4531/3770 3610/3767
f 3610/3767 4531/3770 3618/3771
f 3447/3890 3427/3882 3599/3889
f 3599/3889 3427/3882 3581/3880
f 3581/3880 3427/3882 3558/3879
f 3427/3882 3425/3877 3558/3879
f 3558/3879 3425/3877 3538/3870
f 3404/3602 3425/3594 3449/3605
f 3425/3594 3427/3593 3449/3605
f 3427/3593 3447/3601 3449/3605
f 3449/4013 3447/4020 3618/4014
f 3447/4020 3599/4023 3618/4014
f 3581/3880 3558/3879 3579/3879
f 3579/3879 3558/3879 3557/3870
f 3558/3879 3538/3870 3557/3870
f 4473/3697 4530/3698 3520/3707
f 3520/4031 4530/4030 4474/4036
f 4484/4039 4529/4041 3524/4040
f 3404/3602 3449/3605 3406/3606
f 3406/3606 3449/3605 3398/3609
f 3398/3609 3449/3605 3437/3608
f 3449/4013 3618/4014 3437/4009
f 3618/3639 3532/3635 3547/3639
f 3547/3639 3532/3635 3589/3639
f 3532/4000 3601/4026 3589/4026
f 3573/3595 3592/3607 3527/3596
f 3527/3588 3592/3582 3540/3581
f 5414/3527 5505/3526 5518/3527
f 5505/3526 5449/3529 5518/3527
f 5518/3527 5449/3529 5508/3530
f 5508/3530 5449/3529 5456/3531
f 5074/3509 4973/3506 4479/3494
f 4479/3494 4973/3506 4768/3503
f 4768/3503 4372/3490 4295/3487
f 4295/3487 4372/3490 4247/3482
f 4084/3574 4096/3574 4085/3575
f 4121/3575 4085/3575 4156/3574
f 4085/3575 4096/3574 4156/3574
f 4156/3736 4096/3736 4176/3739
f 4096/3736 4084/3736 4176/3739
f 4084/3736 4108/3739 4176/3739
f 4176/3739 4108/3739 4171/3739
f 4171/3739 4108/3739 4087/3739
f 4087/3735 4108/3739 4081/3735
f 4108/3739 4084/3736 4081/3735
f 4081/3735 4084/3736 4080/3733
f 4084/3736 4083/3734 4080/3733
f 4083/3477 4247/3482 4080/3478
f 4247/3482 4372/3490 4080/3478
f 4080/3478 4372/3490 4137/3478
f 4137/3478 4372/3490 4380/3490
f 4372/3656 4748/3646 4380/3655
f 4380/3845 4748/3836 4758/3840
f 5343/3529 5449/3529 5344/3526
f 5449/3529 5505/3526 5344/3526
f 5505/3526 5414/3527 5344/3526
f 5344/3526 5414/3527 5327/3527
f 5327/3527 5414/3527 5337/3528
f 5337/3528 5414/3527 5472/3528
f 5414/3527 5518/3527 5472/3528
f 5518/3527 5508/3530 5472/3528
f 4479/3494 4768/3503 4227/3481
f 4768/3503 4295/3487 4227/3481
f 4295/3487 4247/3482 4227/3481
f 4227/3481 4247/3482 4085/3476
f 4247/3482 4083/3477 4085/3476
f 4083/3570 4084/3574 4085/3571
f 3808/3727 3879/3726 3532/3727
f 3519/3711 4558/3704 4528/3708
f 3592/3856 3601/3852 4515/3807
f 3601/3852 4534/3806 4515/3807
f 4598/3999 4612/4015 3532/4000
f 4612/4015 3601/4026 3532/4000
f 3532/4000 3601/4026 3473/4000
f 4553/3837 3769/3793 4292/3817
f 4553/3837 4558/3835 3567/3790
f 3519/3711 4528/3708 3524/3712
f 3524/3860 4528/3873 4484/3869
f 4531/3590 4591/3586 3618/3639
f 4591/3586 4598/3584 3618/3639
f 4598/3584 3532/3635 3618/3639
f 3519/3965 3406/3971 3386/3968
f 3386/3783 3406/3782 3438/3801
f 3406/3782 3449/3794 3438/3801
f 3449/3521 3618/3508 3438/3524
f 3451/3513 3438/3524 3464/3513
f 3438/3524 3618/3508 3464/3513
f 3618/3508 3532/3507 3464/3513
f 3433/3737 3409/3738 3471/3737
f 3409/3738 3464/3738 3471/3737
f 3464/3738 3532/3727 3471/3737
f 3532/3727 3879/3726 3592/3726
f 2540/3671 2912/3679 2544/3668
f 4371/3640 4400/3642 4497/3612
f 3505/3774 3508/3774 3597/3775
f 3508/3774 3609/3775 3597/3775
f 3609/3497 3531/3497 3597/3497
f 3597/3775 4006/3776 3505/3774
f 3505/3774 4006/3776 4377/3792
f 3572/3511 3050/3495 3049/3501
f 3043/3603 3063/3592 1862/3611
f 3063/3604 3046/3650 1862/3613
f 1832/3657 1862/3613 1825/3657
f 1862/3613 3046/3650 1825/3657
f 3046/3650 3039/3678 1825/3657
f 1825/3657 3039/3678 1829/3693
f 3039/3678 3049/3683 1829/3693
f 1829/3693 3049/3683 1830/3703
f 3049/3683 3050/3685 1830/3703
f 1830/3703 3050/3685 3051/3691
f 3050/3495 3572/3511 3051/3492
f 3051/3492 3572/3511 3506/3510
f 3506/3954 3572/3957 4328/3970
f 4328/3985 4369/3982 4382/3979
f 4369/3982 4420/3976 4382/3979
f 4420/3976 4495/3952 4382/3979
f 4382/3979 4547/3946 4402/3981
f 4402/3662 4547/3692 4683/3705
f 4547/3946 4382/3979 4683/3931
f 4683/3931 4382/3979 4694/3928
f 4382/3979 4495/3952 4694/3928
f 4495/3952 4544/3947 4694/3928
f 4694/3928 4544/3947 4748/3918
f 4748/3918 4544/3947 4551/3943
f 4706/3665 4750/3665 4741/3664
f 4750/3665 4551/3654 4741/3664
f 4741/3664 4551/3654 4377/3632
f 4551/3654 4544/3653 4377/3632
f 4544/3653 4495/3649 4377/3632
f 4495/3649 4420/3630 4377/3632
f 4420/3844 4369/3847 4377/3867
f 3505/3464 4377/3461 3525/3475
f 3525/3475 4377/3461 4332/3473
f 4377/3867 4369/3847 4332/3872
f 4332/3872 4369/3847 4324/3855
f 4369/3847 4328/3813 4324/3855
f 3553/3993 4052/3995 3590/3958
f 4052/3995 4324/3997 3590/3958
f 4324/3997 4328/3970 3590/3958
f 4328/3970 3572/3957 3590/3958
f 3572/3511 3049/3501 3590/3522
f 3049/3501 3039/3502 3590/3522
f 3039/3502 3046/3551 3590/3522
f 3590/3522 3046/3551 3553/3554
f 3046/3551 3063/3566 3553/3554
f 3553/3554 3554/3554 3590/3514
f 3572/3511 3590/3514 3506/3510
f 3514/3504 3507/3504 3605/3504
f 3605/3504 3507/3504 3604/3504
f 3604/3504 3507/3504 3522/3510
f 3507/3504 3506/3510 3522/3510
f 3522/3510 3506/3510 3521/3514
f 3506/3510 3590/3514 3521/3514
f 3521/3514 3590/3514 3503/3554
f 3590/3514 3554/3554 3503/3554
f 3554/3554 3553/3554 3615/3591
f 3508/3710 3559/3710 3505/3710
f 3559/3846 3539/3846 3505/3846
f 3539/3846 3615/3825 3505/3846
f 3505/3846 3615/3825 3525/3825
f 3615/3591 3553/3554 3525/3591
f 3553/3554 3063/3566 3525/3591
f 3063/3849 3043/3857 3525/3825
f 3525/3825 3043/3857 3505/3846
f 3505/3589 3043/3603 3047/3610
f 3047/3610 3043/3603 1827/3616
f 3043/3603 1862/3611 1827/3616
f 1835/3620 1827/3620 1884/3620
f 1884/3616 1827/3616 1870/3616
f 1870/3616 1827/3616 1814/3611
f 1827/3616 1862/3611 1814/3611
f 1814/3613 1862/3613 1826/3657
f 1862/3613 1832/3657 1826/3657
f 1832/3657 1825/3657 1847/3693
f 1825/3657 1829/3693 1847/3693
f 1829/3693 1830/3703 1847/3693
f 1847/3693 1830/3703 1848/3703
f 1840/3631 1839/3631 1831/3631
f 1839/3706 1848/3703 1831/3706
f 1848/3703 1830/3703 1831/3706
f 1830/3703 3051/3691 1831/3706
f 1831/3706 3051/3691 3052/3699
f 3052/3489 3051/3492 3507/3504
f 3051/3492 3506/3510 3507/3504
f 3506/3954 4328/3970 3507/3949
f 4328/3970 4382/3955 3507/3949
f 3507/3949 4382/3955 3533/3938
f 4382/3955 4402/3951 3533/3938
f 3533/3938 4402/3951 3624/3938
f 3624/3938 4402/3951 4304/3951
f 4304/3662 4402/3662 4526/3705
f 4402/3662 4683/3705 4526/3705
f 4526/3931 4683/3931 4532/3928
f 4683/3931 4694/3928 4532/3928
f 4532/3928 4694/3928 4533/3928
f 4533/3928 4694/3928 4603/3918
f 4694/3928 4748/3918 4603/3918
f 4603/3918 4748/3918 4613/3914
f 4613/3914 4748/3918 4800/3914
f 4748/3918 4551/3943 4800/3914
f 4551/3943 4750/3912 4800/3914
f 4750/3912 4706/3912 4800/3914
f 4800/3914 4706/3912 4613/3914
f 4613/3914 4706/3912 4599/3912
f 4599/3665 4706/3665 4642/3664
f 4706/3665 4741/3664 4642/3664
f 4647/3667 4642/3664 4742/3667
f 4642/3664 4741/3664 4742/3667
f 4742/3667 4741/3664 4607/3661
f 4741/3664 4390/3634 4607/3661
f 4741/3664 4377/3632 4390/3633
f 4377/3792 4006/3777 4390/3795
f 4607/3874 4400/3899 4390/3906
f 3293/3820 2955/3863 2947/3863
f 2955/3549 2916/3544 2947/3549
f 2916/3544 2912/3544 2947/3549
f 3244/3778 3347/3784 3062/3773
f 3564/3555 3543/3555 3531/3552
f 3531/3552 3543/3555 4041/3553
f 4041/3553 3543/3555 4360/3557
f 3062/3484 3347/3525 2887/3450
f 3530/4021 3545/4021 3546/4021
f 3545/4021 3587/4034 3546/4021
f 3587/4034 3509/4034 3546/4021
f 3509/4034 3347/4042 3546/4021
f 3331/3542 3052/3559 3053/3558
f 3052/3559 2851/3587 3053/3558
f 3332/3541 3053/3558 3047/3556
f 3047/3556 3053/3558 2852/3583
f 2852/3583 3053/3558 1896/3629
f 3053/3558 2851/3587 1896/3629
f 1896/3629 2851/3587 1831/3631
f 2851/3587 3052/3559 1831/3631
f 1831/3572 2994/3643 3000/3644
f 3000/3677 2994/3676 3375/3755
f 3375/3681 2994/3643 3026/3647
f 2994/3643 1831/3572 3026/3647
f 3026/3647 1831/3572 3045/3652
f 1831/3572 3052/3651 3045/3652
f 3045/3486 3052/3489 3533/3493
f 3533/3493 3052/3489 3507/3504
f 3052/3614 3331/3641 3507/3615
f 3595/3659 3507/3615 3575/3659
f 3507/3615 3331/3641 3575/3659
f 3331/3641 3053/3658 3575/3659
f 3053/3658 3332/3672 3575/3659
f 3575/3659 3332/3672 3505/3710
f 3332/3672 3047/3709 3505/3710
f 3047/3709 3289/3732 3505/3710
f 3618/3508 3547/3508 3532/3507
f 3532/3727 3547/3727 3592/3726
f 1843/3859 1837/3859 1809/3862
f 1809/3862 1837/3859 1834/3862
f 1834/3862 1837/3859 2912/3850
f 1837/3859 2911/3848 2912/3850
f 2912/3544 2911/3543 2941/3548
f 2912/3544 2941/3548 2947/3549
f 3597/3762 3505/3710 3300/3761
f 3505/3710 3289/3732 3300/3761
f 3289/3545 2962/3560 3300/3547
f 3300/3547 2962/3560 2947/3561
f 2962/3560 3289/3546 2947/3561
f 3289/3546 3047/3556 2947/3561
f 3300/3547 2947/3561 2963/3561
f 2955/3838 2963/3838 2951/3838
f 2963/3838 2947/3839 2951/3838
f 2951/3838 2947/3839 1827/3818
f 2947/3561 3047/3556 1827/3620
f 3047/3556 2852/3583 1827/3620
f 2852/3583 1896/3629 1827/3620
f 1896/3629 1831/3631 1840/3631
f 1840/3572 1831/3572 1821/3573
f 1821/3573 1831/3572 1815/3573
f 1831/3572 3000/3644 1815/3573
f 1815/3573 3000/3644 3019/3648
f 3019/3680 3000/3677 3441/3768
f 3000/3677 3375/3755 3441/3768
f 3375/3681 3026/3647 3441/3700
f 3026/3647 3045/3652 3441/3700
f 3045/3486 3533/3493 3441/3491
f 3441/3768 3028/3680 3019/3680
f 3019/3648 3028/3648 1815/3573
f 1815/3573 3028/3648 1877/3573
f 1877/3573 3028/3648 3029/3648
f 3029/3680 3028/3680 3444/3768
f 3028/3680 3441/3768 3444/3768
f 3441/3491 3533/3493 3444/3491
f 3444/3491 3533/3493 3549/3493
f 3549/3493 3533/3493 3514/3504
f 3533/3493 3507/3504 3514/3504
f 3514/3615 3507/3615 3596/3659
f 3507/3615 3595/3659 3596/3659
f 3508/3710 3505/3710 3609/3762
f 3505/3710 3597/3762 3609/3762
f 3609/3701 3597/3702 3531/3694
f 3597/3702 3546/3690 3531/3694
f 3546/4021 3347/4042 3531/4017
f 3347/4042 3244/4038 3531/4017
f 3244/3474 3062/3465 3531/3472
f 3544/3472 3531/3472 3529/3463
f 3531/3472 3062/3465 3529/3463
f 3062/3449 3474/3458 3529/3462
f 3565/3459 3529/3462 3543/3459
f 3529/3462 3474/3458 3543/3459
f 4340/2974 4772/2963 4291/2962
f 4291/2962 4772/2963 4279/2960
f 4360/3233 4273/3240 4040/3211
f 4273/3240 3509/3245 4040/3211
f 4040/3211 3542/3235 3531/3231
f 3531/3231 3542/3235 3586/3243
f 3542/3235 4040/3211 3586/3243
f 4040/3211 3509/3245 3586/3243
f 3531/3231 3586/3243 3563/3245
f 4437/3263 4370/3263 4413/3263
f 1819/3441 1853/3441 1820/3441
f 1853/3441 1865/3440 1820/3441
f 1820/3441 1865/3440 1822/3440
f 1822/3440 1865/3440 1845/3446
f 3594/2904 3593/2904 3515/2905
f 3593/2904 3575/2904 3515/2905
f 3515/2905 3575/2904 3507/2905
f 3575/2904 4059/2945 3507/2905
f 4059/2945 4419/2997 3507/2905
f 4419/2997 4381/2998 3507/2905
f 3615/3400 3525/3400 3502/3399
f 3502/3399 3525/3400 3574/3399
f 3574/3399 3525/3400 3553/3399
f 3525/3400 4333/3333 3553/3399
f 3553/3399 4333/3333 4051/3361
f 4333/3333 4325/3332 4051/3361
f 4504/3190 3582/3189 4546/3188
f 3582/3189 3558/3183 4546/3188
f 3558/3183 3537/3165 4491/3176
f 3537/3165 3536/3154 4486/3153
f 4486/3153 3536/3154 4490/3150
f 4490/3150 3536/3154 3518/3145
f 3537/3165 3558/3183 3557/3165
f 3557/3165 3558/3183 3580/3183
f 3558/3183 3582/3189 3580/3183
f 3598/3189 3582/3189 3599/3197
f 3599/3197 3582/3189 4517/3196
f 3582/3189 4504/3190 4517/3196
f 2956/3046 2951/3046 2943/3046
f 2943/3046 2951/3046 2914/3043
f 2914/3043 2951/3046 2910/3043
f 2951/3046 1827/2996 2910/3043
f 2910/3043 1827/2996 1834/2991
f 1827/2996 1835/2996 1834/2991
f 1835/2996 1810/2991 1834/2991
f 3452/2955 3470/2903 3436/2955
f 3517/3077 3385/3044 3400/3050
f 3392/2902 3385/2954 3432/2903
f 3385/2954 3436/2955 3432/2903
f 3436/2955 3470/2903 3432/2903
f 3454/3078 3426/3078 3453/3078
f 6745/4929 6741/4969 6784/4930
f 6932/4100 6885/4094 6922/4100
f 6885/4094 6968/4094 6922/4100
f 6968/4094 6784/4120 6922/4100
f 6784/4120 6741/4131 6922/4100
f 6666/4969 6741/4969 6667/4969
f 6647/4196 6745/4196 6648/4196
f 6778/4904 6745/4929 6818/4878
f 6745/4929 6784/4930 6818/4878
f 6686/4121 6681/4132 6786/4121
f 6785/4132 6778/4133 6786/4121
f 4764/4374 4657/4382 3755/4558
f 6434/5596 6440/5597 6537/5596
f 6537/5596 6440/5597 6543/5597
f 6543/5597 6440/5597 6547/5598
f 6440/5597 6385/5598 6547/5598
f 6270/4841 6164/4840 6156/4852
f 6156/4127 6164/4128 6103/4122
f 6164/4352 5345/4332 6103/4342
f 6103/4342 5345/4332 5340/4324
f 5345/4567 5319/4578 5340/4583
f 5341/4069 5340/4068 5319/4078
f 5317/4051 5340/4068 5341/4069
f 3722/4460 3721/4460 3690/4459
f 3777/5665 3633/5669 3634/5669
f 3633/4360 3755/4369 3634/4360
f 6920/4412 6921/4422 6889/4440
f 6889/5460 6921/5467 5426/5463
f 5426/5463 6921/5467 5433/5468
f 5433/5468 6921/5467 5491/5472
f 6921/4412 6920/4412 6929/4412
f 6889/4095 5426/4141 5415/4150
f 3634/4076 3755/4047 3644/4047
f 5030/4045 4965/4188 4971/4191
f 6547/4671 6440/4672 6543/4672
f 6543/4672 6440/4672 6537/4690
f 6537/4690 6440/4672 6434/4690
f 6440/4672 6547/4671 6385/4671
f 5125/4529 5003/4512 4864/4549
f 5003/4512 4708/4528 4864/4549
f 4320/4067 4248/4158 4321/4067
f 4321/4067 4248/4158 4267/4145
f 4430/5105 4272/5175 4401/5094
f 4272/5175 4264/5176 4401/5094
f 4401/5094 4264/5176 4439/5095
f 4439/5285 4264/5375 4140/5433
f 4387/4223 4393/4227 4132/4049
f 4393/4227 4140/4083 4132/4049
f 4140/4192 4264/4143 4132/4195
f 4264/4143 4272/4142 4132/4195
f 4272/4142 4267/4145 4132/4195
f 4132/4195 4267/4145 4125/4197
f 4267/4145 4248/4158 4125/4197
f 4125/4197 4248/4158 4235/4160
f 4248/4158 4320/4067 4235/4160
f 4235/4160 4320/4067 4102/4206
f 4102/4206 4320/4067 4237/4159
f 4237/4159 4320/4067 4326/4046
f 4326/5137 4320/5134 4467/5072
f 4320/5134 4321/5130 4467/5072
f 4467/5072 4321/5130 4470/5070
f 4321/5130 4430/5105 4470/5070
f 4470/5070 4430/5105 4536/5056
f 4536/5056 4430/5105 4632/5009
f 4430/5105 4401/5094 4632/5009
f 4632/5009 4401/5094 4633/5002
f 4633/5002 4401/5094 4620/5003
f 4401/5094 4439/5095 4620/5003
f 4620/5003 4439/5095 4654/5004
f 4654/5004 4439/5095 4637/5005
f 4637/5603 4439/5741 4422/5730
f 4439/5285 4140/5433 4422/5276
f 4140/4083 4393/4227 4422/4255
f 4422/4255 4393/4227 4593/4305
f 4593/4305 4393/4227 4837/4346
f 4393/4227 4387/4223 4837/4346
f 5007/4346 4837/4346 4444/4223
f 4837/4346 4387/4223 4444/4223
f 4444/4223 4387/4223 4216/4049
f 4387/4223 4132/4049 4216/4049
f 4216/4195 4132/4195 4215/4197
f 4132/4195 4125/4197 4215/4197
f 4215/4197 4125/4197 4231/4204
f 4231/4204 4125/4197 4124/4204
f 4125/4197 4235/4160 4124/4204
f 4235/4160 4102/4206 4124/4204
f 4102/4206 4129/4206 4124/4204
f 4124/4204 4129/4206 4192/4204
f 4200/4206 4129/4206 4175/4203
f 4175/4203 4129/4206 4103/4203
f 4129/4206 4102/4206 4103/4203
f 4102/4206 4237/4159 4103/4203
f 4237/4159 4326/4046 4103/4203
f 4326/5137 4467/5072 4711/4983
f 4467/5072 4470/5070 4711/4983
f 4470/5070 4536/5056 4711/4983
f 4536/5056 4632/5009 4711/4983
f 4620/5311 4654/5310 5018/5395
f 4654/5310 4637/5309 5018/5395
f 5018/5395 4637/5309 4971/5394
f 4637/5603 4422/5730 4971/5479
f 4422/5730 4593/5618 4971/5479
f 4593/4155 4837/4066 4971/4191
f 4965/4188 5030/4045 4999/4230
f 5085/4230 4999/4230 5166/4045
f 4999/4230 5030/4045 5166/4045
f 5030/4045 4971/4191 4983/4045
f 4971/4191 4837/4066 4983/4045
f 4837/4066 5007/4066 4983/4045
f 4983/4045 5007/4066 5076/4045
f 3774/4279 3684/4280 3828/4281
f 3828/4281 3684/4280 3774/4279
f 3786/5744 3673/5738 3674/5749
f 3674/5749 3673/5738 3722/5748
f 3722/5748 3673/5738 3720/5731
f 3720/5731 3673/5738 3672/5732
f 3672/5732 3673/5738 3776/5720
f 3673/5738 3786/5744 3776/5720
f 6753/5494 6551/5493 6726/5497
f 6551/5493 6289/5503 6726/5497
f 6622/4894 6563/4838 6707/4935
f 5869/5149 6231/5157 6016/5147
f 6016/5147 6231/5157 6309/5139
f 6309/4803 6231/4750 6481/4839
f 6231/4750 6563/4838 6481/4839
f 6563/4838 6622/4894 6481/4839
f 6372/4331 6289/4326 6315/4330
f 6289/4326 6339/4322 6315/4330
f 6315/4330 6339/4322 6399/4330
f 6339/5491 6551/5493 6399/5493
f 6399/5493 6551/5493 6464/5493
f 6464/5493 6551/5493 6506/5493
f 6506/5493 6551/5493 6559/5493
f 6559/5493 6551/5493 6704/5494
f 6551/5493 6753/5494 6704/5494
f 6726/5115 6707/5081 6785/5117
f 6785/5117 6707/5081 6741/5096
f 6707/5014 6805/4999 6741/5008
f 6805/4999 6890/4994 6741/5008
f 6741/5008 6890/4994 6986/4982
f 6986/4982 6890/4994 6933/4982
f 6933/4982 6890/4994 6903/4994
f 6142/5252 6231/5263 6078/5251
f 6620/4509 5869/4496 5873/4508
f 5869/5149 6016/5147 5873/5146
f 6107/5223 6776/5228 6109/5214
f 6931/4044 6873/4043 5338/4190
f 6873/4043 5863/4163 5338/4190
f 5863/4163 5347/4189 5338/4190
f 5338/5174 5347/5180 5299/5194
f 6956/4043 6873/4043 6930/4044
f 6873/4043 6931/4044 6930/4044
f 6930/4701 6931/4708 6921/4701
f 6931/4708 5338/4740 6921/4701
f 6921/4701 5338/4740 5433/4718
f 5299/5194 5298/5197 5188/5241
f 5188/5241 5298/5197 5164/5244
f 5188/5452 5164/5509 5803/5510
f 3628/5037 3744/5053 3684/5038
f 3747/4279 3774/4279 3660/4280
f 3684/5631 3744/5620 3660/5619
f 5830/4538 6080/4411 5885/4470
f 5825/5568 5941/5607 5881/5539
f 5881/5539 5941/5607 6087/5544
f 6087/4079 6657/4082 6306/4102
f 6306/4102 6657/4082 6560/4101
f 6560/4101 6657/4082 6540/4096
f 5839/5067 5830/5040 5724/5058
f 5724/5058 5830/5040 5757/5044
f 5830/4642 5885/4590 5757/4646
f 5885/4590 5909/4563 5757/4646
f 5909/4563 5885/4590 5910/4559
f 5885/4590 5941/4515 5910/4559
f 5910/4559 5941/4515 5883/4540
f 5941/4515 5825/4493 5883/4540
f 5881/4093 6087/4079 5871/4109
f 5871/4109 6087/4079 6145/4103
f 6087/4079 6306/4102 6145/4103
f 2023/5193 1906/5253 2053/5193
f 2764/4495 2771/4495 1880/4429
f 1880/4429 2771/4495 1957/4429
f 1957/4429 2094/4430 1986/4429
f 1986/4429 2094/4430 1943/4430
f 2094/4430 1971/4431 1943/4430
f 1943/4430 1971/4431 2008/4431
f 1971/4431 1912/4432 2008/4431
f 2008/4431 1912/4432 2139/4432
f 1935/4354 2139/4297 1917/4354
f 2139/4297 1912/4297 1917/4354
f 5086/4250 5048/4250 4673/4323
f 5048/4250 5001/4250 4673/4323
f 5001/4250 4550/4323 4673/4323
f 4606/4222 4666/4222 4573/4222
f 4666/4222 4723/4222 4573/4222
f 4723/4222 4550/4226 4573/4222
f 5180/4394 5442/4359 5281/4383
f 4897/4421 5281/4383 5044/4405
f 5044/4405 5281/4383 5706/4335
f 5281/4383 5442/4359 5706/4335
f 5442/4359 5708/4336 5706/4335
f 5708/4325 5798/4386 5706/4339
f 5903/4449 5706/4339 5972/4449
f 5706/4339 5798/4386 5972/4449
f 5972/4449 6074/4507 6251/4598
f 6251/4598 6074/4511 6283/4603
f 6350/4624 6407/4628 6284/4605
f 6407/4628 6328/4608 6284/4605
f 6284/4605 6328/4608 6537/4690
f 6537/5596 6548/5583 6624/5553
f 6624/5553 6665/5542 6662/5541
f 6662/4613 6665/4614 6422/4591
f 6665/4614 6474/4599 6422/4591
f 6474/4599 6050/4542 5911/4517
f 5781/4494 6050/4542 5576/4458
f 6665/5542 6624/5553 6565/5569
f 6624/5553 6548/5583 6565/5569
f 6565/5569 6548/5583 6543/5597
f 6548/5583 6537/5596 6543/5597
f 6543/4672 6537/4690 6482/4664
f 6537/4673 6328/4608 6482/4664
f 6328/4608 6407/4628 6482/4664
f 6482/4664 6407/4628 6478/4658
f 6407/4628 6350/4624 6478/4658
f 6478/4658 6350/4624 6301/4616
f 6350/4624 6284/4605 6301/4616
f 6229/4577 6301/4616 6137/4503
f 6301/4616 6284/4605 6137/4503
f 6284/4605 6283/4603 6137/4503
f 6283/4603 6074/4511 6137/4503
f 6137/4503 6074/4511 5976/4443
f 6074/4507 5972/4449 5976/4443
f 5972/4449 5798/4386 5976/4443
f 5798/4386 5708/4325 5976/4443
f 5976/4443 5708/4325 5805/4368
f 5805/4368 5708/4325 5688/4319
f 5708/4336 5442/4359 5688/4337
f 5442/4359 5180/4394 5688/4337
f 5180/4394 5281/4383 4727/4438
f 5281/4383 4897/4421 4727/4438
f 4502/4455 4776/4428 4498/4454
f 4776/4428 5044/4405 4498/4454
f 4498/4454 5044/4405 4723/4454
f 5044/4405 5706/4335 5053/4405
f 5053/4405 5706/4335 5665/4335
f 5665/4339 5706/4339 5840/4449
f 5706/4339 5903/4449 5840/4449
f 5840/4449 5903/4449 6184/4598
f 5903/4449 5972/4449 6184/4598
f 5972/4449 6251/4598 6184/4598
f 6184/4598 6251/4598 6132/4603
f 6251/4598 6283/4603 6132/4603
f 6132/4603 6283/4603 6133/4605
f 6283/4603 6284/4605 6133/4605
f 6133/4605 6284/4605 6189/4605
f 6189/4605 6284/4605 6434/4690
f 6284/4605 6537/4690 6434/4690
f 6434/5596 6537/5596 6466/5540
f 6466/5540 6537/5596 6659/5540
f 6537/5596 6624/5553 6659/5540
f 6624/5553 6662/5541 6659/5540
f 6662/4613 6422/4591 6659/4612
f 6659/4612 6422/4591 6230/4564
f 6659/4868 6627/4867 6626/4875
f 6626/4366 6627/4370 6466/4361
f 6627/4301 6230/4304 6466/4311
f 6565/5569 6543/5597 6547/5598
f 6543/4672 6482/4664 6547/4671
f 6482/4664 6478/4658 6547/4671
f 6478/4658 6301/4616 6369/4640
f 6301/4616 6229/4577 6369/4640
f 6369/4640 6229/4577 5940/4404
f 6229/4577 6137/4503 5940/4404
f 6137/4503 5976/4443 5940/4404
f 5976/4443 5805/4368 5940/4404
f 5805/4368 5688/4319 5940/4404
f 4502/4210 4498/4216 4503/4217
f 4510/4218 4664/4263 4888/4292
f 4888/4976 5024/5051 5157/5084
f 5193/4814 5263/4786 5300/4754
f 5300/4754 5263/4786 5316/4762
f 5316/4762 5263/4786 5027/4919
f 5263/4786 5193/4814 5027/4919
f 5193/4814 5084/4846 5027/4919
f 5084/4846 4951/4918 5027/4919
f 5027/4919 4951/4918 5061/4918
f 5084/4846 5193/4814 5212/4818
f 5212/4818 5193/4814 5359/4741
f 5193/4814 5300/4754 5359/4741
f 5359/4895 5300/4921 5350/4896
f 5772/4702 5893/4683 6180/4652
f 6180/5696 5893/5717 6619/5646
f 5893/5021 5932/5025 6619/5034
f 5932/5673 6395/5621 6619/5608
f 6395/5621 6617/5609 6619/5608
f 6619/4258 6617/4259 6812/4240
f 6617/5693 6841/5715 6812/5716
f 6841/5525 6771/5505 6812/5521
f 6812/5521 6771/5505 6703/5465
f 6771/5505 6770/5502 6703/5465
f 6642/5446 6668/5448 6494/5412
f 6494/5412 6668/5448 6556/5428
f 6668/5448 6703/5465 6556/5428
f 6556/5428 6703/5465 6633/5445
f 6703/5465 6770/5502 6633/5445
f 6633/5150 6770/5199 6637/5162
f 6637/5162 6770/5199 6803/5213
f 6770/5199 6771/5203 6803/5213
f 6744/5217 6803/5213 6837/5217
f 6803/5213 6771/5203 6837/5217
f 6771/5203 6841/5216 6837/5217
f 6841/5715 6617/5693 6837/5714
f 6164/5655 6155/5655 6263/5655
f 6155/5655 6241/5655 6263/5655
f 6241/5655 6724/5714 6263/5655
f 6724/5714 6837/5714 6263/5655
f 6837/5714 6617/5693 6263/5655
f 6242/4674 6263/4678 6270/4674
f 6263/4678 6617/4679 6270/4674
f 6617/5609 6395/5621 6270/5632
f 6395/5621 5932/5673 6270/5632
f 6270/5632 5932/5673 5345/5750
f 5932/5022 5893/5015 5345/5011
f 5893/4683 5772/4702 5345/4736
f 5772/4702 5351/4735 5345/4736
f 5351/4891 5350/4896 5345/4892
f 5345/4892 5350/4896 5341/4905
f 5350/4896 5300/4921 5341/4905
f 5300/4921 5316/4938 5341/4905
f 5345/4905 5341/4905 5509/4905
f 5341/4905 5316/4938 5444/4938
f 5444/4762 5316/4762 5114/4920
f 5114/4920 5316/4762 4983/4920
f 5316/4762 5027/4919 4983/4920
f 4983/4920 5027/4919 5115/4920
f 5891/5171 5938/5158 6038/5113
f 6038/5113 5938/5158 6074/5109
f 6074/5109 5938/5158 5901/5155
f 5901/5480 5938/5488 5771/5561
f 5938/5488 5891/5499 5771/5561
f 5771/5561 5891/5499 5749/5577
f 5749/5577 5891/5499 5741/5592
f 5741/4087 5891/4104 5714/4084
f 5714/5380 5891/5471 5572/5390
f 5572/5283 5891/5171 5711/5224
f 5711/5224 5891/5171 5888/5182
f 5891/5171 6038/5113 5888/5182
f 6038/5113 6288/5045 5888/5182
f 6038/5113 6074/5109 6288/5041
f 6288/5041 6074/5109 6333/5036
f 6074/5109 6166/5079 6333/5036
f 6333/5036 6166/5076 6294/5033
f 6378/4824 6294/4857 6427/4825
f 6427/4984 6294/5028 6351/5006
f 6351/5006 6294/5033 6350/5010
f 6294/5033 6166/5076 6350/5010
f 6229/5383 6350/5352 6036/5432
f 6350/5010 6166/5076 6036/5118
f 6166/5079 6074/5109 6036/5118
f 6074/5109 5901/5155 6036/5118
f 5913/5473 5901/5480 5817/5515
f 5901/5480 5771/5561 5817/5515
f 5817/5515 5771/5561 5629/5672
f 5771/5561 5749/5577 5629/5672
f 5749/5577 5741/5592 5629/5672
f 5629/5589 5741/5664 5577/5550
f 5741/4087 5714/4084 5577/4050
f 5714/5380 5572/5390 5577/5265
f 5572/5390 5484/5390 5577/5265
f 4342/4198 4317/4198 4174/4048
f 5577/5265 5484/5390 5383/5265
f 5383/5265 5484/5390 5379/5390
f 5379/5283 5484/5283 5367/5295
f 5367/5295 5484/5283 5567/5295
f 5484/5283 5572/5283 5567/5295
f 5572/5283 5711/5224 5567/5295
f 5711/5224 5888/5182 5567/5295
f 5888/5182 5822/5182 5567/5295
f 5367/5295 5567/5295 5766/5182
f 5567/5295 5822/5182 5766/5182
f 5766/5182 5822/5182 6235/5041
f 5822/5182 5888/5182 6235/5041
f 5888/5182 6288/5041 6235/5041
f 6235/5041 6288/5041 6199/5036
f 6288/5041 6333/5036 6199/5036
f 6199/5036 6333/5036 6200/5033
f 6333/5036 6294/5033 6200/5033
f 6200/5033 6294/5033 6238/5028
f 6335/4800 6206/4850 6303/4850
f 6206/4850 6294/4857 6303/4850
f 6303/4850 6378/4824 6550/4801
f 6390/4801 6550/4801 6505/4802
f 6550/4801 6378/4824 6505/4802
f 6378/4824 6427/4825 6505/4802
f 6427/4825 6351/4833 6505/4802
f 6505/5300 6351/5350 6375/5344
f 6351/5350 6350/5352 6375/5344
f 6350/5352 6229/5383 6375/5344
f 6375/5344 6229/5383 6086/5422
f 6229/5383 6036/5432 6086/5422
f 6036/5432 5913/5473 6086/5422
f 5913/5473 5817/5515 6086/5422
f 5350/4896 5351/4891 5359/4890
f 5351/4735 5772/4702 5359/4734
f 5772/4702 6180/4652 5359/4734
f 6642/5446 6494/5412 6489/5411
f 6489/5411 6494/5412 6340/5411
f 6340/5411 6494/5412 6342/5412
f 6335/5122 6342/5121 6537/5122
f 6342/5121 6494/5121 6537/5122
f 6494/5121 6556/5141 6537/5122
f 6556/5141 6633/5150 6537/5122
f 6633/5150 6637/5162 6537/5122
f 6637/5162 6803/5213 6537/5122
f 6803/5213 6744/5213 6537/5122
f 6744/5213 6335/5122 6537/5122
f 6335/4800 6303/4850 6537/4800
f 6303/4850 6550/4801 6537/4800
f 6550/4801 6390/4801 6537/4800
f 6537/4800 6390/4801 6335/4800
f 6390/4801 6505/4802 6366/4802
f 6340/5304 6366/5300 6489/5304
f 6366/5300 6505/5300 6489/5304
f 6505/5300 6375/5344 6489/5304
f 3638/4610 4646/4362 4618/4389
f 4646/4362 6313/4264 4618/4389
f 4777/4439 4618/4389 6409/4282
f 4618/4389 6313/4264 6409/4282
f 6304/4261 4645/4356 4634/4356
f 4634/4356 4645/4356 3608/4568
f 3753/5210 3653/5210 3676/5211
f 3653/5210 3702/5211 3676/5211
f 4936/5684 5041/5639 4017/5656
f 5041/5639 4652/5638 4017/5656
f 4017/5656 4652/5638 3777/5665
f 3777/5665 4652/5638 4604/5638
f 4604/4221 4652/4221 6341/4314
f 4652/4221 5041/4238 6341/4314
f 5041/4238 4936/4233 6341/4314
f 4764/4406 4657/4401 3755/4369
f 2834/5154 1903/5153 2802/5181
f 1903/5153 1893/5165 2802/5181
f 2802/5725 1893/5736 2811/5653
f 2923/5361 3234/5429 2937/5366
f 2952/5367 2937/5366 3272/5442
f 2937/5366 3234/5429 3272/5442
f 3240/5431 3318/5449 3753/5549
f 3753/5549 3318/5453 3676/5545
f 3676/5211 4170/5152 3753/5210
f 3753/5210 4170/5152 4454/5124
f 4170/5151 5156/5080 4454/5124
f 4454/5124 5156/5080 4481/5123
f 5156/5080 5283/5073 4481/5123
f 4764/5188 4657/5189 4537/5144
f 4657/5189 4481/5142 4537/5144
f 5969/4275 4494/4276 5966/4245
f 4494/4276 4537/4246 5966/4245
f 4537/4965 4481/4966 5966/4799
f 6129/5145 5966/5190 6005/5190
f 5966/4799 4481/4966 6005/4798
f 4481/5123 5283/5073 6005/4997
f 5283/5073 5301/5071 6005/4997
f 5301/5071 6167/4979 6005/4997
f 6167/4433 6047/4609 6005/4685
f 6005/5043 6047/5102 6031/4981
f 6047/5102 6081/5102 6031/4981
f 6081/5102 6285/5103 6031/4981
f 6031/4981 6285/5103 6465/4996
f 6285/5103 6472/5104 6465/4996
f 6341/5290 6618/5323 6848/5345
f 6843/4990 6850/4978 6735/5031
f 6850/4978 6661/5077 6735/5031
f 6661/5077 6629/5082 6735/5031
f 6765/4998 6735/4998 6800/4998
f 6735/5031 6629/5082 6715/5042
f 6472/5104 6285/5103 6544/5185
f 6544/5185 6285/5103 6211/5184
f 6285/5103 6081/5102 6211/5184
f 6081/5102 6047/5102 6211/5184
f 6047/5102 6167/5184 6211/5184
f 3234/5429 2923/5361 3216/5425
f 3216/5425 2923/5361 2940/5364
f 1930/5262 2940/5364 1911/5268
f 2940/5364 2923/5361 1911/5268
f 2923/5361 2937/5366 1911/5268
f 2937/5366 2952/5367 1911/5268
f 1911/5268 2952/5367 2823/5346
f 2952/5367 3272/5442 2823/5346
f 3272/5442 3311/5447 2823/5346
f 3311/5447 3318/5449 2823/5346
f 3318/5449 3240/5431 2823/5346
f 2840/4858 2823/4874 2868/4934
f 3206/4490 2868/4647 3205/4490
f 2868/4647 2823/4648 3205/4490
f 3205/4490 2823/4648 3197/4491
f 3197/4491 2823/4650 3235/4466
f 2823/4650 3240/4456 3235/4466
f 3235/4466 3240/4456 3636/4315
f 3240/4456 3753/4310 3636/4315
f 3789/4644 3755/4644 3647/4645
f 3793/4645 3636/4645 3791/4645
f 3791/4315 3636/4315 3653/4310
f 3636/4315 3753/4310 3653/4310
f 3753/5549 3676/5545 3702/5545
f 2667/4941 2971/4820 2831/4856
f 2831/4856 2971/4820 2882/4845
f 3232/5477 3002/5402 2978/5462
f 2978/5462 3002/5402 2892/5331
f 2892/5331 3002/5402 3306/5347
f 3002/5402 3232/5477 3306/5347
f 3306/5347 3232/5477 3326/5436
f 3326/4619 3232/4557 3345/4634
f 3345/4696 3232/4759 3176/4775
f 3176/4775 3232/4759 3124/4778
f 3232/4759 2978/4810 3124/4778
f 2922/4832 3124/4778 2975/4816
f 2975/4816 3124/4778 2977/4813
f 3124/4778 2978/4810 2977/4813
f 2977/5461 2978/5462 2844/5330
f 2978/5462 2892/5331 2844/5330
f 3320/5348 3306/5347 3728/5456
f 3306/5347 3326/5436 3728/5456
f 3326/4619 3345/4634 3728/4717
f 3637/4716 3728/4717 3783/4716
f 3783/4716 3728/4717 3345/4639
f 3345/4696 3176/4775 3188/4769
f 3608/4715 3188/4527 3182/4527
f 3188/4769 3176/4775 3182/4775
f 3182/4775 3176/4775 3172/4775
f 3176/4775 3124/4778 3172/4775
f 3172/4775 3124/4778 3117/4778
f 2556/4964 2626/4964 2637/4943
f 2626/4964 2970/4817 2637/4943
f 2637/4943 2970/4817 2973/4817
f 2970/4817 3117/4778 2973/4817
f 3117/4778 3124/4778 2973/4817
f 3124/4778 2922/4832 2973/4817
f 2922/4832 2905/4837 2973/4817
f 2905/4837 2882/4845 2973/4817
f 2882/4845 2971/4820 2973/4817
f 2973/4817 2971/4820 2637/4943
f 2971/4820 2667/4941 2637/4942
f 2667/4941 2612/4955 2637/4943
f 2612/4955 2556/4964 2637/4943
f 2676/4943 2637/4943 2587/4964
f 2637/4943 2556/4964 2587/4964
f 2587/4964 2556/4964 2519/4964
f 2519/4964 2556/4964 2521/4964
f 2497/5313 2523/5455 2557/5455
f 2523/4963 2521/4964 2557/4963
f 2521/4964 2556/4964 2557/4963
f 2556/4964 2612/4955 2557/4963
f 2557/5455 2612/5475 2630/5399
f 2630/5399 2612/5475 2700/5356
f 2612/5475 2667/5476 2700/5356
f 2667/5476 2831/5483 2700/5356
f 2831/5483 2882/5458 2700/5356
f 2700/5356 2882/5458 2778/5318
f 2882/5458 2905/5458 2778/5318
f 2905/5458 2922/5459 2778/5319
f 2778/5319 2922/5459 2812/5329
f 2922/5459 2975/5461 2812/5329
f 2975/5461 2977/5461 2812/5329
f 2977/5461 2844/5330 2812/5329
f 2049/4835 1958/4836 1893/4834
f 1958/4395 1930/4396 1893/4288
f 1893/4288 1930/4396 1925/4269
f 1930/5262 1911/5268 1925/5268
f 1925/5020 1911/5020 2039/4974
f 2039/4974 1911/5020 1968/4974
f 1911/5020 2823/5050 1968/4974
f 2823/5050 2840/4975 1968/4974
f 2840/5274 2811/5272 1968/5250
f 2005/5247 1968/5250 2006/5247
f 1968/5250 2811/5272 2006/5247
f 2004/4541 2006/4560 1911/4516
f 1911/4516 2006/4560 2018/4485
f 2006/5654 1893/5736 2018/5736
f 1893/5165 1903/5153 2084/5165
f 2084/5165 1903/5153 1916/5153
f 1916/5153 1903/5153 2818/5154
f 1903/5153 2834/5154 2818/5154
f 2818/5154 2834/5154 2872/5154
f 2872/5154 2834/5154 2889/5154
f 2889/5154 2834/5154 2868/5154
f 2865/5170 2868/5154 2828/5170
f 2868/5154 2834/5154 2828/5170
f 2834/5154 2802/5181 2828/5170
f 2802/5181 2811/5191 2828/5170
f 2811/5272 2840/5274 2828/5261
f 2850/5266 2828/5261 2861/5266
f 2828/5261 2840/5274 2861/5266
f 2840/4858 2868/4934 2861/4913
f 2861/4913 2868/4934 2816/4913
f 2816/4913 2868/4934 2834/4934
f 2834/5154 2868/5154 2806/5154
f 2806/5154 2868/5154 2807/5154
f 2807/4647 2868/4647 2854/4647
f 2854/4647 2868/4647 3201/4490
f 2868/4647 3206/4490 3201/4490
f 3201/4490 3206/4490 3399/4345
f 3206/4490 3205/4490 3399/4345
f 3396/4688 3442/4689 3397/4689
f 3442/4689 3424/4689 3397/4689
f 3424/4689 3399/4689 3397/4689
f 3399/4345 3205/4490 3397/4345
f 3205/4490 3197/4491 3397/4345
f 3197/4491 3235/4466 3397/4345
f 3235/4466 3636/4315 3397/4345
f 3396/4688 3397/4689 3422/4682
f 3397/4689 3636/4645 3422/4682
f 3636/4645 3755/4644 3422/4682
f 3787/4076 3422/4077 3634/4076
f 3422/4077 3755/4047 3634/4076
f 3755/4369 4657/4401 3634/4360
f 3634/4360 4657/4401 4716/4397
f 4657/4401 4764/4406 4716/4397
f 4716/4353 4764/4351 6188/4450
f 4764/4351 6129/4448 6188/4450
f 6129/5145 6005/5190 6188/5143
f 6005/4334 6031/4388 6188/4335
f 6031/5275 6465/5320 6188/5280
f 6465/5320 6618/5323 6188/5280
f 6618/5323 6341/5290 6188/5280
f 6341/4314 4936/4233 6188/4312
f 4936/4233 4568/4214 6188/4312
f 6188/4914 4568/4771 4716/4779
f 4716/4779 4568/4771 3634/4622
f 4568/5691 4936/5684 3634/5669
f 4936/5684 4017/5656 3634/5669
f 4017/5656 3777/5665 3634/5669
f 3634/5669 3777/5665 3500/5669
f 3500/5669 3777/5665 3481/5665
f 3481/5665 3777/5665 3504/5665
f 3504/5665 3777/5665 3654/5665
f 3777/5665 4604/5638 3654/5665
f 4663/4221 4604/4221 6365/4314
f 4604/4221 6341/4314 6365/4314
f 6341/5290 6848/5345 6365/5290
f 6365/5290 6848/5345 6732/5345
f 6848/4977 6850/4978 6732/4977
f 6732/4977 6850/4978 6729/4978
f 6850/4978 6843/4990 6729/4978
f 6729/4978 6843/4990 6727/4990
f 5634/5166 5638/5195 5333/5078
f 5333/5078 5638/5195 5631/5192
f 4780/5486 4890/5485 4847/5486
f 4847/5486 4890/5485 5094/5531
f 5094/5531 4890/5485 5059/5537
f 4890/5485 5200/5602 5059/5537
f 5200/4329 5356/4447 5059/4285
f 5356/4447 5277/4355 5059/4285
f 5059/4285 5277/4355 5247/4303
f 5819/5284 6097/5403 6091/5404
f 6091/5404 6097/5403 6432/5506
f 6432/5506 6097/5403 6110/5407
f 6097/5403 5819/5284 6110/5407
f 6307/5450 6110/5407 5960/5354
f 6110/5407 5819/5284 5960/5354
f 5333/5078 5631/5192 5306/5075
f 5307/5108 5172/5000 5306/5075
f 5306/5075 5172/5000 5289/5074
f 3774/4420 3747/4420 3684/4419
f 5289/5074 5172/5000 5302/5069
f 5187/4475 5302/4393 4856/4687
f 5302/4393 5172/4539 4856/4687
f 5172/5588 5214/5600 4856/5484
f 5214/5600 5209/5601 4856/5484
f 5209/5601 5200/5602 4856/5484
f 5200/5602 4890/5485 4856/5484
f 4653/4615 4856/4687 4746/4687
f 4856/5484 4890/5485 4746/5484
f 4746/5484 4890/5485 4661/5485
f 4890/5485 4780/5486 4661/5485
f 4661/5485 4780/5486 4677/5486
f 4677/5486 4780/5486 4708/5487
f 4708/5487 4780/5486 4864/5487
f 4780/5486 4847/5486 4864/5487
f 4847/5486 5094/5531 4864/5487
f 4864/5487 5094/5531 5220/5614
f 5094/5531 5059/5537 5220/5614
f 5059/4285 5247/4303 5220/4298
f 5044/5059 5125/5068 5066/5065
f 5125/4925 5220/4936 5066/4967
f 5982/5408 6055/5408 6343/5516
f 6055/5408 6155/5408 6343/5516
f 6343/5516 6155/5408 6549/5516
f 6155/5408 6091/5404 6549/5516
f 6091/5404 6432/5506 6549/5516
f 6432/5506 6110/5407 6549/5516
f 6110/5407 6307/5450 6549/5516
f 6389/5518 6549/5516 6500/5518
f 6409/4282 6500/4253 6502/4277
f 6502/5514 6500/5518 6271/5454
f 6500/5518 6549/5516 6271/5454
f 6549/5516 6307/5450 6271/5454
f 6271/5454 6307/5450 6108/5400
f 6108/5400 6307/5450 6107/5398
f 6307/5450 5960/5354 6107/5398
f 3320/5348 3728/5456 3734/5358
f 3702/5358 3734/5358 3696/5456
f 3734/5358 3728/5456 3696/5456
f 3696/4717 3728/4717 3771/4716
f 3728/4717 3637/4716 3771/4716
f 3771/4716 3637/4716 3666/4715
f 3637/4716 3783/4716 3666/4715
f 3666/4715 3783/4716 3690/4715
f 3783/4716 3345/4639 3690/4715
f 3345/4639 3188/4527 3690/4715
f 3188/4527 3608/4715 3690/4715
f 3608/4568 4645/4356 3690/4568
f 3690/4568 4645/4356 4702/4356
f 4702/4356 4645/4356 6344/4261
f 4645/4356 6304/4261 6344/4261
f 6304/4261 6388/4261 6344/4261
f 6388/4261 6500/4253 6344/4261
f 6500/4253 6409/4282 6344/4261
f 6409/4282 6313/4264 6344/4261
f 6344/4261 6313/4264 4702/4356
f 6313/4264 4646/4362 4702/4356
f 4702/4356 4646/4362 3690/4568
f 4646/4362 3638/4610 3690/4568
f 3608/4568 3690/4568 3523/4568
f 3523/4459 3690/4459 3494/4459
f 3494/4459 3690/4459 3495/4460
f 3495/4460 3690/4459 3722/4460
f 3722/4460 3690/4459 3784/4636
f 3690/4459 3638/4635 3784/4636
f 3734/4948 3620/4711 3632/4780
f 3620/4711 3784/4636 3632/4780
f 3632/4780 3784/4636 3697/4764
f 3784/4636 3638/4635 3697/4764
f 3638/4610 4618/4389 3697/4630
f 4618/4389 4777/4439 3697/4630
f 4777/4439 4671/4444 3697/4630
f 3734/5530 3697/5529 4238/5662
f 3697/5529 4671/5735 4238/5662
f 4238/4543 4671/4444 6467/4302
f 4671/4444 4777/4439 6467/4302
f 6467/4302 4777/4439 6507/4299
f 4777/4439 6409/4282 6507/4299
f 6409/4282 6502/4277 6507/4299
f 6502/5514 6271/5454 6507/5512
f 6271/5454 6108/5400 6507/5512
f 2809/4108 2812/4108 2800/4108
f 2497/5313 2557/5455 2560/5313
f 2557/5455 2630/5399 2560/5313
f 2630/5399 2700/5356 2560/5313
f 2700/5356 2778/5318 2560/5313
f 2775/5318 2778/5319 2784/5319
f 2800/5329 2812/5329 2809/5329
f 5187/4475 4856/4687 4884/4615
f 4856/4687 4653/4615 4884/4615
f 2774/5615 2704/5604 2771/5617
f 3484/4848 3450/4848 3457/4847
f 3450/4848 3439/4843 3457/4847
f 3457/4847 3439/4843 3460/4842
f 3460/4451 3439/4454 3684/4419
f 3684/4419 3439/4454 3774/4420
f 3439/4903 3450/4928 3774/4968
f 3450/4928 3484/4928 3774/4968
f 3774/4420 3484/4420 3488/4419
f 3492/4629 3479/4649 3684/4620
f 3479/4209 3556/4215 3684/4239
f 6818/4625 6786/4637 6778/4641
f 6190/7401 4771/7402 4493/7404
f 4538/7464 4493/7460 4765/7463
f 4493/7460 4771/7459 4765/7463
f 4771/7395 6190/7394 4765/7398
f 4765/7398 6190/7394 6130/7397
f 6130/7475 6190/7470 5967/7474
f 5967/7474 6190/7470 5968/7469
f 6190/7401 4493/7404 5968/7403
f 4662/7396 3636/7393 4453/7400
f 4453/7400 3636/7393 3754/7399
f 3754/7399 3636/7393 3653/7399
f 3653/7399 3636/7393 3790/7393
f 3790/7393 3636/7393 3792/7393
f 3788/7473 3636/7467 3756/7473
f 3636/7467 4662/7468 3756/7473
f 3756/7473 4662/7468 4658/7472
f 4271/7466 4430/7476 4266/7465
f 4430/7476 4319/7471 4266/7465
f 5895/7410 5834/7414 5804/7405
f 5804/7405 5834/7414 5789/7406
f 5834/7414 5855/7417 5789/7406
f 5855/7417 5774/7407 5789/7406
f 6447/1939 6317/1937 6404/1938
f 6317/1937 6324/1936 6404/1938
f 6330/2088 6461/2090 6802/2091
f 6338/2033 6461/2034 6317/2028
f 6461/2034 6330/2029 6317/2028
f 6316/1882 6356/1882 6383/1882
f 6383/1882 6356/1882 6730/1876
f 6356/1882 6721/1876 6730/1876
f 6721/1976 6787/1977 6730/1976
f 6787/1977 6802/1978 6730/1976
f 6730/1876 6536/1880 6383/1882
f 6788/1973 6847/1973 6787/1975
f 6847/1973 6802/1961 6781/1961
f 3765/2061 3639/2060 3837/2061
f 6814/2093 6780/2093 6689/2092
f 6780/2093 6532/2092 6689/2092
f 5169/2075 5177/2075 6660/2086
f 6643/2086 6660/2086 5151/2075
f 6660/2086 5177/2075 5151/2075
f 5151/1769 5177/1769 4031/1814
f 5177/1769 5169/1769 4031/1814
f 3765/2061 3859/2061 4030/2046
f 3859/2061 4031/2046 4030/2046
f 4031/1814 5169/1769 4030/1814
f 6719/2094 6814/2093 6643/2094
f 6814/2093 6690/2094 6643/2094
f 6814/2093 6689/2092 6690/2094
f 6689/1964 6660/1962 6690/1963
f 6892/1961 6975/1959 6960/1961
f 6960/1961 6975/1959 6971/1959
f 6975/1959 6906/1959 6971/1959
f 6906/1959 6976/1959 6971/1959
f 6960/1990 6971/1984 6951/1990
f 6951/1990 6971/1984 6952/1984
f 6952/1984 6971/1984 6878/1984
f 6971/1984 6976/1984 6878/1984
f 6781/1990 6802/1990 6847/1999
f 6877/2021 6959/2021 6905/2010
f 6959/2021 6891/2021 6905/2010
f 6905/2109 6228/2110 6892/2108
f 6904/1803 6892/1799 6974/1803
f 6891/1803 6974/1803 6959/1803
f 6974/1803 6892/1799 6959/1803
f 6959/1894 6981/1893 6891/1894
f 6742/1809 6821/1809 6697/1808
f 6697/1808 6821/1809 6787/1808
f 6787/1808 6821/1809 6775/1805
f 6821/1809 6959/1803 6802/1802
f 6959/1803 6892/1799 6802/1802
f 6892/2108 6228/2110 6802/2107
f 6228/2104 6330/2105 6802/2106
f 6330/2101 6228/2095 6317/2099
f 2629/1899 2708/1831 2613/1831
f 2613/1851 2708/1852 2598/1797
f 2598/1797 2708/1852 2759/1798
f 2759/1798 2708/1852 2732/1857
f 2732/1831 2708/1831 2753/1896
f 2708/1831 2629/1899 2753/1896
f 2629/1899 2559/1899 2753/1896
f 2559/1982 2571/1982 2753/1993
f 2571/1982 2596/1993 2753/1993
f 6690/1935 6926/1920 6898/1913
f 6898/1913 6926/1920 6927/1915
f 6927/1915 6926/1920 6915/1922
f 3779/1890 3717/1891 3639/1890
f 1949/1874 1940/1849 2874/1873
f 3231/1956 3431/1926 3222/1955
f 3239/1818 3238/1819 3456/1789
f 3238/1819 3222/1822 3456/1789
f 3222/1822 3431/1794 3456/1789
f 3456/1924 3431/1926 3446/1925
f 3446/1925 3431/1926 3419/1927
f 3431/1926 3231/1956 3419/1927
f 3213/2006 3419/2022 3210/2006
f 3210/2006 3419/2022 3227/2014
f 3419/1927 3231/1956 3227/1957
f 3227/1862 3231/1872 2900/1863
f 2900/1863 3231/1872 2897/1878
f 3231/1872 3222/1877 2897/1878
f 3222/1822 3238/1819 2897/1860
f 3238/1819 3239/1818 2897/1860
f 2869/1906 2897/1907 2909/1908
f 2897/1810 3239/1850 2909/1811
f 3070/1841 3084/1842 1923/1793
f 1923/1887 3084/1889 2065/1881
f 3084/1821 3096/1823 2065/1879
f 2999/1833 2065/1790 3065/1836
f 3065/1826 2065/1879 3079/1825
f 2065/1879 3096/1823 3079/1825
f 3079/2103 3096/2102 3778/2078
f 3778/2078 3096/2102 3730/2077
f 3096/2102 3084/2100 3730/2077
f 5210/2027 3730/2065 4901/2041
f 4938/2042 4901/2041 3669/2066
f 4901/2041 3730/2065 3669/2066
f 3730/1898 3084/1842 3669/1897
f 3084/1842 3070/1841 3669/1897
f 3669/1897 3070/1841 3099/1840
f 3070/1841 1923/1793 3099/1840
f 1923/1793 1966/1787 3099/1840
f 3099/1840 1966/1787 3095/1839
f 3095/1839 1966/1787 3077/1838
f 1966/1787 2909/1811 3077/1838
f 3077/1838 2909/1811 3269/1855
f 3269/1855 2909/1811 3257/1853
f 2909/1811 3239/1850 3257/1853
f 3257/1853 3239/1850 3569/1886
f 3239/1850 3456/1883 3569/1886
f 3648/1890 3639/1890 3486/1886
f 3639/1890 3569/1886 3486/1886
f 3569/1886 3456/1883 3486/1886
f 3456/1924 3446/1925 3486/1924
f 3486/1924 3446/1925 3489/1925
f 3446/1925 3419/1927 3423/1927
f 3423/2022 3419/2022 3208/2006
f 3419/2022 3213/2006 3208/2006
f 3213/2006 3210/2006 2863/1997
f 2830/2050 2805/2050 2859/2050
f 2805/2050 2817/2050 2859/2050
f 2817/1997 2863/1997 2859/1997
f 2863/1997 3210/2006 2859/1997
f 3210/2006 3227/2014 2859/1997
f 3227/2014 2900/2011 2859/1997
f 2824/2049 2830/2050 2878/2049
f 2830/2050 2859/2050 2878/2049
f 2859/2050 2900/2045 2878/2049
f 2900/2045 2897/2044 2878/2049
f 2842/1904 2878/1905 2821/1904
f 2878/1905 2897/1907 2821/1904
f 2897/1907 2869/1906 2821/1904
f 2869/1800 2874/1801 2821/1791
f 2859/1792 2855/1791 2830/1792
f 2855/1791 2821/1791 2830/1792
f 2821/1791 2874/1801 2830/1792
f 2874/1873 1940/1849 2830/1856
f 2859/2050 2830/2050 2884/2050
f 2884/2050 2830/2050 2863/2050
f 2863/1856 2830/1856 2832/1856
f 2832/1856 2830/1856 2194/1849
f 2830/1856 1940/1849 2194/1849
f 1940/1849 1949/1874 2194/1849
f 2194/1849 1949/1874 1976/1874
f 1976/1828 1949/1828 1977/1828
f 1977/1828 1949/1828 1978/1828
f 1978/1828 1949/1828 2146/1827
f 2146/1827 1949/1828 2080/1827
f 1949/1828 2874/1801 2080/1827
f 2874/1801 2869/1800 2080/1827
f 2869/1807 2909/1811 2080/1785
f 2104/1785 2080/1785 1921/1786
f 2080/1785 2909/1811 1921/1786
f 2909/1811 1966/1787 1921/1786
f 1941/1786 1921/1786 1998/1787
f 1921/1786 1966/1787 1998/1787
f 1998/1787 1966/1787 2107/1793
f 1966/1787 1923/1793 2107/1793
f 2107/1887 1923/1887 2064/1881
f 1923/1887 2065/1881 2064/1881
f 2064/1790 2065/1790 1920/1795
f 2967/1910 2145/1928 1937/1929
f 1920/1795 2065/1790 1937/1795
f 2065/1790 2999/1833 1937/1795
f 1937/1795 2999/1833 3012/1834
f 3012/1834 2999/1833 3511/1895
f 2999/1833 3065/1836 3511/1895
f 3065/1826 3079/1825 3511/1770
f 3079/2103 3778/2078 3511/2079
f 3511/1895 3778/1902 3012/1834
f 3778/2059 3730/2065 5144/2032
f 3730/2065 5210/2027 5144/2032
f 6766/2082 6817/2083 6900/2085
f 6962/2084 6961/2084 6900/2085
f 6961/2084 6973/2085 6900/2085
f 6915/1960 6960/1961 6927/1958
f 6960/1961 6971/1959 6927/1958
f 6971/1959 6976/1959 6927/1958
f 6976/1959 6897/1958 6927/1958
f 6927/1915 6897/1913 6898/1913
f 6897/1913 6911/1913 6898/1913
f 6911/2089 6961/2084 6898/2089
f 6961/2084 6962/2084 6898/2089
f 6898/2089 6962/2084 6705/2080
f 6962/2084 6900/2085 6705/2080
f 6900/2085 6817/2083 6705/2080
f 6817/2083 6766/2082 6705/2080
f 6766/2082 5210/2071 6705/2080
f 5210/2071 4901/2068 6705/2080
f 4901/2068 4938/2067 6705/2080
f 4938/2067 4935/2069 6705/2080
f 4935/2069 4926/2070 6705/2080
f 6705/2080 5801/2076 6382/2081
f 6382/2081 5801/2076 5013/2074
f 5013/2074 5801/2076 5207/2073
f 5801/2076 6705/2080 5207/2073
f 5207/2073 6705/2080 5139/2072
f 6705/2080 4926/2070 5139/2072
f 5139/2031 4926/2040 4021/2047
f 4021/2047 3794/2064 3639/2060
f 3639/1788 3794/1812 3687/1815
f 3794/2064 4021/2047 3687/2063
f 4021/2047 4926/2040 3687/2063
f 4926/2040 4935/2039 3687/2063
f 3687/2063 4935/2039 3781/2062
f 4935/2039 4938/2042 3781/2062
f 4938/2042 3669/2066 3781/2062
f 3669/1897 3099/1840 3781/1892
f 3099/1840 3095/1839 3781/1892
f 3095/1839 3077/1838 3781/1892
f 3781/1892 3077/1838 3687/1891
f 3077/1838 3269/1855 3687/1891
f 3269/1855 3257/1853 3687/1891
f 3257/1853 3569/1886 3687/1891
f 3569/1886 3639/1890 3687/1891
f 3639/1890 3717/1891 3687/1891
f 3717/1891 3652/1892 3687/1891
f 3687/1891 3652/1892 3781/1892
f 3652/1892 3798/1897 3781/1892
f 3781/1892 3798/1897 3669/1897
f 3798/1897 3729/1898 3669/1897
f 3669/1897 3729/1898 3730/1898
f 3730/2077 3729/2077 3778/2078
f 3729/2077 3763/2078 3778/2078
f 6821/1973 6847/1973 6792/1975
f 6847/1973 6787/1975 6792/1975
f 6780/2093 6760/2093 6814/2093
f 6760/1974 6713/1974 6814/1974
f 6713/1974 6716/1975 6814/1974
f 6716/1975 6787/1975 6814/1974
f 6998/1972 6780/1974 6814/1972
f 6787/1975 6847/1973 6814/1972
f 6847/1973 6960/1961 6814/1972
f 6960/1961 6915/1960 6814/1972
f 6814/1846 6915/1865 6689/1847
f 6915/1865 6926/1866 6689/1847
f 6926/2087 6690/2094 6689/2092
f 6689/1964 6690/1963 6660/1965
f 6690/1935 6898/1913 6660/1934
f 6898/2089 6705/2080 6660/2086
f 6705/2080 6382/2081 6660/2086
f 6660/2086 6382/2081 5169/2075
f 6382/2081 5013/2074 5169/2075
f 5169/1769 5013/1774 4030/1814
f 5013/1774 5207/1768 4030/1814
f 5207/1768 5139/1773 4030/1814
f 5139/2031 4021/2047 4030/2046
f 4021/2047 3639/2060 4030/2046
f 4030/2046 3639/2060 3765/2061
f 3742/2061 3765/2061 3629/2060
f 3765/2061 3639/2060 3629/2060
f 3629/2060 3639/2060 3764/2060
f 3764/2060 3639/2060 3779/2060
f 3779/1788 3639/1788 3717/1815
f 3639/1788 3687/1815 3717/1815
f 3717/2063 3687/2063 3652/2062
f 3687/2063 3781/2062 3652/2062
f 3652/2062 3781/2062 3798/2066
f 3781/2062 3669/2066 3798/2066
f 3798/2066 3669/2066 3729/2065
f 3669/2066 3730/2065 3729/2065
f 3729/2065 3730/2065 3763/2059
f 3730/2065 3778/2059 3763/2059
f 2687/1824 2533/1861 2526/1837
f 2526/1837 2533/1861 2298/1900
f 2559/1899 2298/1900 2677/1864
f 2298/1900 2533/1861 2677/1864
f 2533/1861 2687/1824 2677/1864
f 2677/1864 2687/1824 2720/1835
f 2720/1813 2687/1829 2694/1875
f 2687/1771 2526/1775 2694/1772
f 2526/1776 2402/1778 2694/1772
f 2694/1772 2402/1778 2487/1777
f 2487/1777 2402/1778 2038/1780
f 2038/1780 2402/1778 1924/1779
f 2402/1778 2526/1776 1924/1779
f 2526/1837 2298/1900 1924/1901
f 2559/1899 2677/1864 2753/1896
f 2677/1864 2720/1835 2753/1896
f 2753/1896 2720/1835 2732/1831
f 2732/1831 2720/1835 2733/1804
f 2720/1813 2694/1875 2733/1848
f 2733/1806 2694/1832 2759/1844
f 2694/1832 2487/1843 2759/1844
f 2759/1844 2487/1843 2755/1844
f 2483/1777 2487/1777 2302/1777
f 1861/1781 2302/1777 1954/1781
f 2302/1777 2487/1777 1954/1781
f 2487/1777 2038/1780 1954/1781
f 2038/1780 1892/1780 1954/1781
f 1928/1781 1954/1781 2007/1780
f 1954/1781 1892/1780 2007/1780
f 2007/1780 1892/1780 1910/1779
f 1892/1780 2038/1780 1910/1779
f 2038/1780 1924/1779 1910/1779
f 6896/2645 6858/2644 6895/2644
f 6869/2428 6881/2436 6868/2428
f 6909/2725 6896/2735 6882/2726
f 6882/2478 6896/2510 6868/2487
f 6896/2510 6907/2544 6868/2487
f 6907/2645 6894/2643 6896/2645
f 6894/2643 6867/2643 6896/2645
f 6867/2643 6979/2642 6896/2645
f 6907/2759 6896/2758 6857/2757
f 6857/2757 6896/2758 6858/2754
f 6896/2645 6979/2642 6858/2644
f 6908/3412 6979/3413 6857/3410
f 6857/3410 6849/3401 6895/3410
f 6895/3410 6849/3401 6880/3401
f 6853/2686 6884/2657 6978/2685
f 6783/2436 6881/2436 6782/2428
f 6855/2429 6868/2428 6862/2437
f 6868/2428 6881/2436 6862/2437
f 6862/2543 6884/2657 6855/2526
f 6870/2428 6868/2428 6871/2429
f 6868/2428 6855/2429 6871/2429
f 6855/2526 6884/2657 6871/2526
f 6871/2526 6884/2657 6883/2657
f 6883/2657 6884/2657 6846/2686
f 6884/2657 6853/2686 6846/2686
f 83/1063 52/1063 26/1069
f 52/1767 83/1767 26/1750
f 1123/1490 826/1421 1139/1492
f 1139/1492 826/1421 1159/1495
f 826/1421 998/1452 1159/1495
f 1159/1495 998/1452 1614/1542
f 998/1452 1501/1521 1614/1542
f 1614/1277 1501/1264 1798/1312
f 1501/1264 1524/1267 1798/1312
f 1798/1312 1524/1267 1590/1271
f 1590/1271 1524/1267 1037/1221
f 1524/1267 1501/1264 1037/1221
f 1501/1521 998/1452 1037/1461
f 1037/1624 998/1613 496/1561
f 496/1561 998/1613 479/1558
f 998/1613 826/1595 479/1558
f 479/1558 826/1595 416/1555
f 416/1555 826/1595 357/1553
f 357/1553 826/1595 761/1593
f 826/1421 1123/1490 761/1418
f 761/1418 1123/1490 653/1429
f 653/1429 1123/1490 1600/1540
f 1123/1490 1139/1492 1600/1540
f 1139/1492 1159/1495 1600/1540
f 1159/1495 1614/1542 1600/1540
f 267/1035 299/1030 626/1004
f 626/1004 299/1030 642/981
f 1078/1178 642/1214 1083/1179
f 1083/1179 642/1214 653/1210
f 642/981 299/1030 653/982
f 2393/1072 2195/1072 1634/1112
f 2195/1072 1614/1112 1634/1112
f 1634/1112 1614/1112 1617/1112
f 1617/1112 1614/1112 1603/1116
f 1614/1112 1600/1116 1603/1116
f 1603/1116 1600/1116 746/1210
f 1600/1116 653/1210 746/1210
f 746/982 653/982 128/1056
f 128/1056 653/982 52/1056
f 653/982 299/1030 52/1056
f 299/1030 267/1035 52/1056
f 2393/1331 1634/1277 2195/1331
f 2195/1331 1634/1277 1614/1277
f 1634/1542 746/1429 1614/1542
f 1600/1540 1614/1542 653/1429
f 1614/1542 746/1429 653/1429
f 746/1429 664/1429 653/1429
f 653/1429 664/1429 611/1426
f 664/1429 128/1346 611/1426
f 128/1346 52/1346 611/1426
f 611/1426 52/1346 258/1366
f 258/1366 52/1346 39/1328
f 68/1749 40/1749 26/1750
f 40/1754 39/1766 26/1750
f 39/1766 52/1767 26/1750
f 70/1068 26/1069 46/1068
f 26/1069 52/1063 46/1068
f 46/1068 52/1063 45/1064
f 45/1064 52/1063 44/1062
f 52/1056 267/1035 44/1053
f 267/1035 626/1004 44/1053
f 44/1053 626/1004 254/1034
f 254/1239 626/1276 1078/1320
f 626/1276 642/1283 1078/1320
f 1520/1137 1078/1178 1541/1133
f 1078/1178 1083/1179 1541/1133
f 1541/1133 1083/1179 1093/1170
f 1083/1179 653/1210 1093/1170
f 2021/1077 1724/1101 2060/1078
f 1724/1101 1093/1170 2060/1078
f 1093/1170 653/1210 2060/1078
f 653/1210 1600/1116 2060/1078
f 1600/1116 1614/1112 2060/1078
f 2060/1078 1614/1112 2195/1072
f 1614/1277 1798/1312 2195/1331
f 1798/1312 1590/1271 2195/1331
f 2108/1330 2195/1331 2086/1330
f 2195/1331 1590/1271 2086/1330
f 1590/1271 1037/1221 2086/1330
f 2086/1330 1037/1221 1576/1270
f 1576/1270 1037/1221 1052/1220
f 1037/1624 496/1561 1052/1627
f 1052/1627 496/1561 109/1506
f 496/1561 479/1558 109/1506
f 479/1558 416/1555 109/1506
f 416/1555 357/1553 109/1506
f 109/1506 357/1553 322/1550
f 357/1553 761/1593 322/1550
f 322/1550 761/1593 290/1547
f 761/1418 653/1429 290/1372
f 653/1429 611/1426 290/1372
f 611/1426 258/1366 290/1372
f 290/1029 258/1027 50/979
f 258/1027 39/980 50/979
f 39/1715 40/1723 50/1716
f 111/1716 50/1716 25/1725
f 50/1716 40/1724 25/1725
f 40/1724 68/1724 25/1725
f 25/1725 68/1724 125/1725
f 125/1725 68/1724 118/1724
f 118/1749 68/1749 128/1750
f 68/1749 26/1750 128/1750
f 26/1069 70/1068 128/1069
f 128/1069 70/1068 120/1068
f 120/1068 70/1068 129/1067
f 129/1067 70/1068 28/1067
f 70/1068 46/1068 28/1067
f 46/1068 45/1064 28/1067
f 45/1064 44/1062 28/1067
f 84/1061 28/1067 54/1061
f 28/1067 44/1062 54/1061
f 44/1053 254/1034 54/1055
f 254/1293 1078/1371 54/1254
f 1078/1371 1520/1404 54/1254
f 54/1254 1520/1404 129/1254
f 129/1254 1520/1404 1503/1404
f 1520/1137 1541/1133 1503/1137
f 1567/1133 1541/1133 1566/1124
f 1566/1124 1541/1133 1562/1124
f 1541/1133 1093/1170 1562/1124
f 1588/1124 1562/1124 1587/1120
f 1562/1124 1093/1170 1587/1120
f 1093/1170 1724/1101 1587/1120
f 1724/1101 2021/1077 1587/1120
f 2399/1076 1566/1124 2201/1076
f 1566/1120 1587/1120 2201/1076
f 1587/1120 2021/1077 2201/1076
f 2021/1077 2239/1077 2201/1076
f 2222/1076 2201/1076 2047/1077
f 2201/1076 2239/1077 2047/1077
f 2047/1077 2239/1077 2088/1078
f 2239/1077 2021/1077 2088/1078
f 2021/1077 2060/1078 2088/1078
f 2088/1078 2060/1078 2218/1072
f 2060/1078 2195/1072 2218/1072
f 2218/1331 2195/1331 2108/1330
f 2108/1330 2086/1330 2216/1329
f 2216/1329 2086/1330 2187/1329
f 2086/1330 1576/1270 2187/1329
f 1576/1270 1052/1220 2187/1329
f 1052/1220 1023/1220 2187/1329
f 2378/1329 2187/1329 1027/1220
f 2187/1329 1023/1220 1027/1220
f 1027/1627 1023/1627 130/1506
f 1023/1627 1052/1627 130/1506
f 1052/1627 109/1506 130/1506
f 130/1506 109/1506 112/1506
f 56/1003 112/1008 50/1003
f 112/1008 109/1008 50/1003
f 109/1008 322/1033 50/1003
f 322/1033 290/1029 50/1003
f 1207/2715 1211/2715 1320/2705
f 1320/2715 1211/2715 1364/2715
f 1364/2715 1211/2715 1323/2722
f 1211/2715 1245/2722 1323/2722
f 1242/2712 1182/2712 1211/2715
f 741/2530 784/2530 780/2530
f 784/2530 852/2547 780/2530
f 780/2530 852/2547 909/2547
f 909/2547 852/2547 935/2547
f 1182/2712 1320/2705 1207/2705
f 1320/2705 1265/2705 1207/2705
f 1265/2705 1313/2705 1207/2705
f 1313/2705 1259/2705 1207/2705
f 1207/2705 1259/2705 1177/2699
f 1259/2705 1256/2690 1177/2699
f 1177/2699 1256/2690 1154/2690
f 1154/2690 1256/2690 1167/2688
f 1256/2690 1255/2688 1167/2688
f 1255/2688 1116/2651 1167/2688
f 1167/2688 1116/2651 1097/2651
f 1116/2651 1129/2646 1097/2651
f 1097/2651 1129/2646 1063/2646
f 1129/2646 1108/2638 1063/2646
f 1063/2646 1108/2638 1020/2638
f 1108/2638 1107/2638 1020/2638
f 1107/2638 1091/2633 1020/2638
f 1020/2638 1091/2633 1013/2633
f 1091/2633 1073/2621 1013/2633
f 1013/2633 1073/2621 1000/2621
f 1073/2197 1059/2181 1000/2197
f 1000/2197 1059/2181 977/2181
f 1059/2181 1058/2181 977/2181
f 1058/2181 935/2114 977/2181
f 935/2114 852/2114 977/2181
f 385/2596 353/2601 283/2608
f 353/2601 288/2607 283/2608
f 329/2741 295/2746 265/2751
f 329/2442 265/2435 241/2442
f 264/2548 221/2548 265/2562
f 17/2206 136/2246 57/2206
f 57/2206 136/2246 155/2246
f 417/2480 168/2259 321/2480
f 321/2480 168/2259 142/2259
f 142/2259 168/2259 150/2251
f 168/2259 164/2259 150/2251
f 164/2259 180/2251 150/2251
f 180/2251 155/2246 150/2251
f 155/2246 136/2246 150/2251
f 136/2246 137/2247 150/2251
f 1323/2314 1245/2314 1364/2330
f 1245/2314 1211/2330 1364/2330
f 1364/2330 1211/2330 1320/2330
f 1320/2342 1211/2330 1207/2330
f 1211/2330 1182/2342 1242/2342
f 1320/2342 1182/2342 1265/2360
f 1182/2342 1207/2360 1265/2360
f 1265/2360 1207/2360 1313/2360
f 1313/2360 1207/2360 1259/2360
f 1207/2360 1177/2368 1259/2360
f 1259/2360 1177/2368 1256/2380
f 1177/2368 1154/2380 1256/2380
f 1256/2380 1154/2380 1255/2384
f 1154/2380 1167/2384 1255/2384
f 1255/2384 1167/2384 1116/2455
f 1167/2384 1097/2455 1116/2455
f 1116/2455 1097/2455 1129/2464
f 1097/2455 1063/2464 1129/2464
f 1129/2464 1063/2464 1108/2495
f 1063/2464 1020/2495 1108/2495
f 1108/2495 1020/2495 1107/2495
f 1107/2495 1020/2495 1091/2511
f 1020/2495 1013/2511 1091/2511
f 1091/2511 1013/2511 1073/2553
f 1013/2511 1000/2553 1073/2553
f 1073/2553 1000/2553 1059/2606
f 1000/2553 977/2606 1059/2606
f 1059/2606 977/2606 1058/2606
f 1058/2606 977/2606 935/2667
f 977/2606 852/2667 935/2667
f 935/2538 852/2538 909/2512
f 909/2512 852/2538 780/2512
f 852/2538 784/2512 780/2512
f 784/2512 741/2512 780/2512
f 329/2738 265/2730 295/2734
f 264/2359 265/2334 221/2359
f 155/2769 136/2769 57/2824
f 136/2769 17/2824 57/2824
f 241/2896 265/2881 329/2896
f 178/2682 153/2660 237/2745
f 237/2821 153/2807 142/2805
f 153/2807 178/2811 142/2805
f 194/2393 177/2315 159/2295
f 136/2246 151/2266 137/2247
f 151/2266 173/2277 137/2247
f 137/2247 173/2277 150/2251
f 173/2277 158/2279 150/2251
f 150/2251 158/2279 142/2259
f 158/2279 159/2295 142/2259
f 159/2295 177/2315 142/2259
f 142/2259 177/2315 237/2421
f 177/2315 194/2393 237/2421
f 194/2393 214/2395 237/2421
f 142/2259 237/2421 321/2481
f 354/2316 358/2316 447/2316
f 447/2316 358/2316 399/2316
f 399/2316 358/2316 363/2316
f 358/2316 295/2301 363/2316
f 363/2316 295/2301 364/2301
f 364/2301 295/2301 301/2301
f 266/2298 301/2301 295/2298
f 265/2289 295/2298 221/2289
f 224/2286 238/2280 221/2285
f 329/2285 221/2285 295/2273
f 221/2285 238/2280 295/2273
f 238/2280 273/2278 295/2273
f 301/2274 295/2274 364/2273
f 364/2273 295/2273 363/2267
f 295/2273 358/2267 363/2267
f 363/2267 358/2267 399/2267
f 399/2267 358/2267 424/2267
f 424/2773 358/2773 447/2773
f 447/2773 358/2773 333/2750
f 358/2773 272/2750 333/2750
f 333/2750 272/2750 332/2745
f 136/2639 160/2639 137/2641
f 160/2639 161/2641 137/2641
f 137/2641 161/2641 150/2655
f 161/2641 180/2655 150/2655
f 180/2655 164/2655 150/2655
f 150/2655 164/2655 142/2660
f 164/2655 168/2655 142/2660
f 142/2805 168/2805 237/2821
f 168/2805 360/2821 237/2821
f 360/2821 332/2821 237/2821
f 332/2745 272/2750 237/2745
f 237/2745 272/2750 314/2761
f 314/2761 272/2750 289/2762
f 272/2750 358/2773 289/2762
f 289/2762 358/2773 361/2771
f 361/2268 358/2267 335/2275
f 358/2267 295/2274 335/2275
f 295/2273 273/2278 335/2275
f 335/2275 273/2278 247/2281
f 273/2278 238/2280 247/2281
f 247/2281 238/2280 209/2287
f 238/2280 224/2286 209/2287
f 311/2332 310/2357 251/2332
f 310/2357 209/2357 251/2332
f 251/2320 244/2333 248/2321
f 248/2375 301/2370 309/2369
f 309/2369 301/2370 341/2366
f 379/2361 341/2366 375/2362
f 379/2580 375/2576 406/2579
f 406/2579 375/2576 364/2578
f 375/2362 341/2366 364/2363
f 341/2366 301/2370 364/2363
f 559/2202 533/2202 525/2201
f 533/2202 468/2174 525/2201
f 468/2174 376/2116 525/2201
f 494/2188 525/2201 364/2115
f 525/2201 376/2116 364/2115
f 379/2471 406/2470 375/2475
f 406/2470 364/2469 375/2475
f 364/2474 376/2476 375/2475
f 379/2471 375/2475 386/2477
f 375/2475 376/2476 386/2477
f 376/2116 468/2174 386/2133
f 468/2174 533/2202 386/2133
f 386/2133 533/2202 542/2203
f 533/2202 559/2202 542/2203
f 542/2203 559/2202 614/2203
f 614/2203 559/2202 606/2202
f 606/2202 559/2202 617/2201
f 559/2202 525/2201 617/2201
f 608/2200 617/2201 537/2200
f 617/2201 525/2201 537/2200
f 525/2201 494/2188 537/2200
f 608/2200 537/2200 575/2188
f 537/2200 494/2188 575/2188
f 575/2188 494/2188 574/2188
f 574/2188 494/2188 452/2115
f 494/2188 364/2115 452/2115
f 452/2474 364/2474 470/2469
f 470/2469 364/2469 424/2469
f 364/2469 328/2469 424/2469
f 424/2469 328/2469 295/2469
f 328/2469 364/2469 295/2469
f 364/2363 301/2370 295/2370
f 295/2370 301/2370 241/2376
f 301/2370 248/2375 241/2376
f 248/2321 244/2333 241/2322
f 244/2892 265/2881 241/2896
f 536/2211 513/2214 488/2238
f 488/2238 513/2214 462/2240
f 513/2214 494/2229 462/2240
f 462/2240 494/2229 455/2245
f 394/2263 455/2245 364/2262
f 455/2245 494/2229 364/2262
f 241/2425 364/2415 295/2415
f 295/2582 364/2582 424/2582
f 424/2582 364/2582 469/2582
f 364/2262 494/2229 469/2262
f 469/2262 494/2229 574/2229
f 574/2229 494/2229 575/2229
f 494/2229 513/2214 575/2229
f 575/2229 513/2214 586/2214
f 513/2214 536/2211 586/2214
f 586/2214 536/2211 603/2211
f 603/2211 536/2211 627/2211
f 627/2211 536/2211 608/2208
f 608/2208 536/2211 537/2208
f 801/2736 836/2733 810/2732
f 836/2733 837/2728 810/2732
f 837/2378 771/2382 810/2379
f 537/2785 624/2768 627/2785
f 627/2785 624/2768 707/2768
f 624/2768 810/2732 707/2768
f 707/2768 810/2732 931/2732
f 931/2732 810/2732 888/2732
f 888/2379 810/2379 819/2379
f 819/2379 810/2379 742/2386
f 742/2386 810/2379 727/2386
f 810/2379 771/2382 727/2386
f 959/2605 977/2606 1018/2545
f 977/2606 1000/2553 1018/2545
f 1018/2545 1000/2553 1061/2494
f 1061/2494 1000/2553 1035/2467
f 1000/2553 1013/2511 1035/2467
f 1035/2467 1013/2511 1070/2461
f 1013/2511 1020/2495 1070/2461
f 1070/2461 1020/2495 1071/2454
f 1071/2454 1020/2495 1089/2444
f 1020/2495 1063/2464 1089/2444
f 1089/2444 1063/2464 1109/2433
f 1063/2464 1097/2455 1109/2433
f 1097/2455 1167/2384 1109/2431
f 1109/2431 1167/2384 1133/2394
f 1167/2384 1154/2380 1133/2394
f 1133/2394 1154/2380 1157/2392
f 1157/2392 1154/2380 1160/2373
f 1154/2380 1177/2368 1160/2373
f 1160/2373 1177/2368 1179/2367
f 1177/2368 1207/2360 1179/2367
f 1179/2367 1207/2360 1210/2365
f 1210/2365 1207/2360 1185/2356
f 1207/2360 1182/2342 1185/2356
f 1185/2356 1182/2342 1214/2351
f 1214/2351 1182/2342 1211/2330
f 1208/2718 1211/2715 1239/2714
f 1211/2715 1182/2712 1239/2714
f 1182/2712 1207/2705 1239/2714
f 1239/2714 1207/2705 1204/2710
f 1204/2710 1207/2705 1175/2704
f 1207/2705 1177/2699 1175/2704
f 1175/2704 1177/2699 1200/2701
f 1177/2699 1154/2690 1200/2701
f 1200/2701 1154/2690 1170/2698
f 1170/2698 1154/2690 1151/2694
f 1154/2690 1167/2688 1151/2694
f 1151/2694 1167/2688 1164/2691
f 1164/2691 1167/2688 1094/2658
f 1167/2688 1097/2651 1094/2658
f 1094/2658 1097/2651 1049/2635
f 1049/2635 1097/2651 1009/2627
f 1097/2651 1063/2646 1009/2627
f 1063/2646 1020/2638 1009/2625
f 1009/2625 1020/2638 997/2612
f 997/2612 1020/2638 994/2600
f 1020/2638 1013/2633 994/2600
f 1013/2633 1000/2621 994/2595
f 994/2195 1000/2197 990/2194
f 990/2194 1000/2197 970/2175
f 1000/2197 977/2181 970/2175
f 970/2175 977/2181 943/2170
f 943/2170 977/2181 927/2168
f 882/2136 927/2168 852/2114
f 927/2168 977/2181 852/2114
f 977/2606 959/2605 852/2667
f 959/2605 856/2665 852/2667
f 727/2403 810/2401 742/2403
f 742/2403 810/2401 819/2401
f 537/2529 627/2529 624/2438
f 627/2529 707/2438 624/2438
f 624/2438 707/2438 810/2353
f 707/2438 931/2353 810/2353
f 931/2353 888/2353 810/2353
f 888/2353 819/2353 810/2353
f 548/2527 529/2528 604/2468
f 604/2468 529/2528 639/2423
f 529/2528 601/2456 639/2423
f 639/2423 601/2456 654/2424
f 654/2424 597/2465 672/2414
f 822/2352 700/2397 810/2353
f 810/2353 700/2397 624/2438
f 700/2397 672/2414 624/2438
f 672/2414 597/2465 624/2438
f 624/2438 597/2465 537/2529
f 597/2465 654/2424 537/2529
f 654/2424 601/2456 537/2529
f 601/2456 529/2528 537/2529
f 537/2785 561/2786 535/2786
f 535/2786 561/2786 532/2787
f 524/2808 532/2787 616/2808
f 616/2808 532/2787 625/2787
f 532/2787 561/2786 625/2787
f 625/2787 561/2786 607/2786
f 607/2786 561/2786 608/2785
f 561/2786 537/2785 608/2785
f 537/2529 529/2528 608/2529
f 608/2529 529/2528 622/2528
f 529/2528 548/2527 622/2528
f 622/2528 548/2527 599/2527
f 599/2764 548/2764 614/2763
f 614/2763 548/2764 542/2763
f 548/2764 604/2755 542/2763
f 542/2763 604/2755 609/2727
f 604/2755 639/2706 609/2727
f 609/2727 639/2706 827/2674
f 639/2706 654/2707 827/2674
f 654/2707 672/2696 827/2674
f 672/2696 700/2687 827/2674
f 827/2674 700/2687 828/2672
f 700/2687 822/2673 828/2672
f 828/2400 822/2399 783/2402
f 822/2399 810/2398 783/2402
f 783/2402 810/2401 748/2404
f 757/2497 784/2501 794/2502
f 794/2513 784/2512 829/2531
f 784/2512 852/2538 829/2531
f 852/2538 856/2539 829/2531
f 829/2531 856/2539 865/2540
f 856/2111 959/2191 865/2139
f 959/2191 1072/2224 865/2139
f 865/2139 1072/2224 1088/2227
f 1072/2224 959/2191 1088/2227
f 959/2191 1018/2204 1088/2227
f 1018/2204 1061/2215 1088/2227
f 1061/2215 1035/2221 1088/2227
f 1088/2227 1035/2221 1111/2239
f 1035/2221 1070/2226 1111/2239
f 1070/2226 1071/2230 1111/2239
f 1071/2230 1089/2235 1111/2239
f 1111/2239 1089/2235 1155/2249
f 1089/2235 1109/2241 1155/2249
f 1109/2242 1133/2257 1155/2249
f 1155/2249 1133/2257 1135/2250
f 1133/2257 1157/2258 1135/2250
f 1157/2258 1160/2265 1135/2250
f 1135/2250 1160/2265 1213/2270
f 1160/2265 1179/2272 1213/2270
f 1179/2272 1210/2276 1213/2270
f 1210/2276 1185/2283 1213/2270
f 1213/2270 1185/2283 1195/2284
f 1185/2283 1214/2288 1195/2284
f 1214/2293 1215/2297 1195/2284
f 1215/2297 1219/2299 1195/2284
f 1195/2284 1219/2299 1222/2294
f 1219/2299 1220/2306 1222/2294
f 1222/2294 1220/2306 1196/2300
f 1196/2300 1220/2306 1296/2306
f 1296/2313 1220/2313 1245/2314
f 1220/2313 1219/2319 1245/2314
f 1219/2319 1215/2329 1245/2314
f 1215/2329 1214/2341 1245/2314
f 1214/2341 1211/2330 1245/2314
f 1211/2715 1208/2718 1245/2722
f 1245/2722 1208/2718 1270/2718
f 1270/2718 1208/2718 1234/2717
f 1208/2718 1239/2714 1234/2717
f 1234/2717 1239/2714 1203/2713
f 1239/2714 1204/2710 1203/2713
f 1204/2710 1175/2704 1203/2713
f 1203/2713 1175/2704 1166/2700
f 1175/2704 1200/2701 1166/2700
f 1200/2701 1170/2698 1166/2700
f 1170/2698 1151/2694 1166/2700
f 1166/2700 1151/2694 1193/2697
f 1151/2694 1164/2691 1193/2697
f 1164/2691 1094/2658 1193/2697
f 1193/2697 1094/2658 1004/2594
f 1094/2658 1049/2635 1004/2594
f 1049/2635 1009/2627 1004/2594
f 1004/2804 1009/2782 986/2814
f 1009/2784 997/2792 986/2814
f 997/2792 994/2799 986/2814
f 986/2814 994/2799 964/2820
f 994/2803 990/2810 964/2820
f 990/2810 970/2830 964/2820
f 964/2820 970/2830 902/2891
f 970/2830 943/2838 902/2891
f 943/2838 927/2841 902/2891
f 902/2891 927/2841 839/2895
f 927/2841 882/2894 839/2895
f 839/2848 882/2847 813/2851
f 882/2554 852/2547 813/2546
f 852/2547 784/2530 813/2546
f 813/2546 784/2530 814/2537
f 771/2382 837/2378 797/2377
f 837/2728 836/2733 797/2729
f 797/2729 836/2733 830/2737
f 836/2733 801/2736 830/2737
f 830/2737 801/2736 790/2740
f 790/2740 801/2736 768/2760
f 768/2760 801/2736 628/2767
f 801/2736 810/2732 628/2767
f 810/2732 624/2768 628/2767
f 628/2767 624/2768 596/2778
f 624/2768 537/2785 596/2778
f 596/2778 537/2785 535/2786
f 535/2209 537/2208 493/2222
f 537/2208 536/2211 493/2222
f 536/2211 488/2238 493/2222
f 493/2222 488/2238 486/2236
f 486/2236 488/2238 391/2260
f 488/2238 462/2240 391/2260
f 462/2240 455/2245 391/2260
f 391/2260 455/2245 353/2264
f 455/2245 394/2263 353/2264
f 353/2584 394/2583 359/2589
f 394/2583 364/2582 359/2589
f 359/2416 364/2415 324/2418
f 364/2415 241/2425 324/2418
f 324/2418 241/2425 261/2422
f 261/2422 241/2425 236/2426
f 236/2441 241/2442 231/2439
f 241/2442 265/2435 231/2439
f 231/2439 265/2435 230/2434
f 230/2561 265/2562 218/2556
f 265/2563 221/2548 218/2556
f 218/2290 221/2289 256/2296
f 221/2289 295/2298 256/2296
f 256/2296 295/2298 316/2302
f 295/2301 358/2316 316/2307
f 316/2307 358/2316 389/2317
f 389/2473 358/2496 233/2420
f 358/2496 321/2480 233/2420
f 321/2480 237/2421 233/2420
f 237/2421 214/2395 233/2420
f 233/2173 214/2187 185/2196
f 214/2187 194/2192 185/2196
f 194/2192 159/2218 185/2198
f 159/2218 158/2225 185/2198
f 185/2198 158/2225 184/2212
f 158/2225 173/2228 184/2212
f 173/2228 151/2233 184/2212
f 184/2212 151/2234 146/2243
f 146/2243 151/2234 66/2271
f 151/2261 136/2246 66/2231
f 22/2205 7/2205 17/2206
f 7/2205 66/2231 17/2206
f 66/2231 136/2246 17/2206
f 31/2823 17/2824 1/2823
f 17/2824 136/2769 1/2823
f 1/2823 136/2769 51/2788
f 136/2639 137/2641 51/2593
f 51/2593 137/2641 96/2632
f 137/2641 150/2655 96/2632
f 96/2632 150/2655 121/2637
f 150/2655 142/2660 121/2637
f 142/2660 178/2682 121/2640
f 121/2640 178/2682 217/2708
f 178/2682 237/2745 217/2708
f 237/2745 314/2761 217/2708
f 217/2708 314/2761 249/2756
f 249/2756 314/2761 340/2772
f 340/2825 314/2827 373/2822
f 314/2831 289/2832 373/2846
f 289/2832 361/2845 373/2846
f 361/2268 335/2275 373/2269
f 335/2275 247/2281 373/2269
f 367/2269 373/2269 440/2269
f 440/2269 373/2269 378/2269
f 378/2269 373/2269 251/2281
f 373/2269 247/2281 251/2281
f 251/2374 248/2375 285/2372
f 248/2375 309/2369 285/2372
f 309/2369 341/2366 285/2372
f 341/2366 379/2361 285/2372
f 279/2372 285/2372 344/2361
f 285/2372 379/2361 344/2361
f 344/2471 379/2471 454/2471
f 454/2471 379/2471 456/2471
f 456/2471 379/2471 457/2477
f 379/2471 386/2477 457/2477
f 386/2133 542/2203 457/2133
f 457/2133 542/2203 593/2203
f 542/2763 609/2727 593/2763
f 593/2763 609/2727 726/2727
f 609/2727 827/2674 726/2727
f 726/2727 827/2674 915/2674
f 915/2674 827/2674 938/2674
f 938/2674 827/2674 924/2672
f 827/2674 828/2672 924/2672
f 924/2400 828/2400 893/2400
f 893/2400 828/2400 831/2400
f 831/2400 828/2400 763/2405
f 763/2405 828/2400 755/2405
f 828/2400 783/2402 755/2405
f 783/2402 748/2404 755/2405
f 757/2497 794/2502 799/2503
f 794/2513 829/2531 799/2514
f 829/2531 865/2541 799/2514
f 762/2514 799/2514 791/2540
f 799/2514 865/2540 791/2540
f 791/2540 865/2541 893/2541
f 893/2541 865/2540 939/2540
f 865/2139 1088/2227 939/2139
f 939/2139 1088/2227 1120/2227
f 1088/2227 1111/2239 1120/2227
f 1120/2227 1111/2239 1147/2239
f 1111/2239 1155/2249 1147/2239
f 1147/2239 1155/2249 1201/2249
f 1201/2249 1155/2249 1230/2249
f 1230/2249 1155/2249 1231/2250
f 1155/2249 1135/2250 1231/2250
f 1135/2250 1213/2270 1231/2250
f 1231/2250 1213/2270 1286/2270
f 1213/2270 1195/2284 1286/2270
f 1286/2270 1195/2284 1293/2284
f 1195/2284 1222/2294 1293/2284
f 1293/2284 1222/2294 1335/2294
f 1335/2294 1222/2294 1340/2294
f 1340/2294 1222/2294 1341/2300
f 1222/2294 1196/2300 1341/2300
f 1196/2300 1296/2306 1341/2300
f 1341/2300 1296/2306 1337/2306
f 1337/2313 1296/2313 1323/2314
f 1296/2313 1245/2314 1323/2314
f 1245/2722 1270/2718 1323/2722
f 1323/2722 1270/2718 1359/2718
f 1359/2718 1270/2718 1311/2717
f 1270/2718 1234/2717 1311/2717
f 1311/2717 1234/2717 1347/2713
f 1234/2717 1203/2713 1347/2713
f 1347/2713 1203/2713 1301/2700
f 1203/2713 1166/2700 1301/2700
f 1301/2700 1166/2700 1300/2700
f 1300/2700 1166/2700 1250/2700
f 1166/2700 1193/2697 1250/2700
f 1250/2700 1193/2697 1021/2594
f 1193/2697 1004/2594 1021/2594
f 1021/2804 1004/2804 1048/2814
f 1004/2804 986/2814 1048/2814
f 1048/2814 986/2814 1047/2820
f 1047/2820 986/2814 1040/2820
f 986/2814 964/2820 1040/2820
f 1040/2820 964/2820 948/2891
f 964/2820 902/2891 948/2891
f 948/2891 902/2891 929/2891
f 902/2891 839/2895 929/2891
f 929/2891 839/2895 898/2895
f 898/2848 839/2848 834/2848
f 798/2852 834/2852 839/2852
f 813/2851 814/2854 839/2852
f 803/2729 797/2729 898/2729
f 898/2729 797/2729 926/2737
f 926/2737 797/2729 923/2737
f 797/2729 830/2737 923/2737
f 923/2737 830/2737 615/2808
f 615/2808 830/2737 524/2808
f 830/2737 790/2740 524/2808
f 524/2789 790/2740 532/2787
f 790/2740 768/2760 532/2787
f 768/2760 628/2767 532/2787
f 628/2767 596/2778 532/2787
f 596/2778 535/2786 532/2787
f 535/2209 493/2222 532/2207
f 493/2222 486/2236 532/2207
f 486/2236 515/2219 532/2207
f 532/2207 515/2219 524/2210
f 532/2207 561/2209 535/2209
f 535/2209 561/2209 537/2208
f 537/2208 561/2209 608/2208
f 608/2208 561/2209 607/2209
f 607/2209 561/2209 625/2207
f 561/2209 532/2207 625/2207
f 532/2207 524/2210 625/2207
f 625/2207 524/2210 616/2210
f 616/2210 524/2210 592/2219
f 524/2210 515/2219 592/2219
f 592/2219 515/2219 565/2219
f 565/2219 515/2219 511/2236
f 515/2219 486/2236 511/2236
f 511/2236 486/2236 461/2260
f 486/2236 391/2260 461/2260
f 391/2260 353/2264 461/2264
f 461/2417 353/2417 444/2419
f 444/2419 353/2417 349/2419
f 312/2419 349/2419 353/2419
f 359/2416 324/2418 353/2419
f 324/2418 261/2422 353/2419
f 261/2422 236/2426 353/2419
f 313/2427 353/2419 228/2427
f 353/2419 236/2426 228/2427
f 236/2441 231/2439 228/2440
f 283/2432 349/2432 226/2432
f 349/2432 228/2440 226/2432
f 228/2440 231/2439 226/2432
f 231/2439 230/2434 226/2432
f 230/2561 218/2556 226/2555
f 218/2290 256/2296 226/2291
f 226/2291 256/2296 283/2303
f 256/2296 316/2302 283/2303
f 384/2309 283/2303 348/2309
f 283/2303 316/2302 348/2309
f 349/2318 348/2309 377/2318
f 348/2308 316/2307 377/2318
f 316/2307 389/2317 377/2318
f 389/2112 233/2173 377/2113
f 233/2173 185/2196 377/2113
f 385/2113 377/2113 444/2113
f 444/2113 377/2113 443/2113
f 443/2113 377/2113 232/2196
f 377/2113 185/2196 232/2196
f 232/2196 185/2196 220/2198
f 220/2198 185/2198 213/2212
f 185/2198 184/2212 213/2212
f 213/2212 184/2212 212/2212
f 212/2212 184/2212 73/2343
f 73/2343 184/2212 3/2343
f 184/2212 146/2243 3/2343
f 146/2243 66/2271 3/2343
f 66/2271 7/2331 3/2343
f 7/2331 22/2331 3/2343
f 3/2343 22/2331 107/2343
f 107/2343 22/2331 82/2331
f 82/2205 22/2205 87/2206
f 22/2205 17/2206 87/2206
f 17/2824 31/2823 87/2824
f 87/2824 31/2823 99/2823
f 99/2765 31/2765 67/2766
f 67/2766 31/2765 20/2766
f 31/2765 1/2765 20/2766
f 1/2765 51/2780 20/2766
f 51/2780 96/2802 20/2766
f 340/2772 431/2772 195/2683
f 431/2772 211/2683 195/2683
f 211/2683 134/2599 195/2683
f 195/2683 134/2599 29/2599
f 134/2781 37/2766 29/2781
f 37/2766 20/2766 29/2781
f 20/2766 96/2802 29/2781
f 96/2632 121/2637 29/2599
f 29/2599 121/2640 154/2666
f 121/2640 217/2708 154/2666
f 154/2666 217/2708 183/2683
f 217/2708 249/2756 183/2683
f 249/2756 340/2772 183/2683
f 340/2772 195/2683 183/2683
f 195/2683 29/2599 183/2683
f 154/2666 183/2683 29/2599
f 60/8557 15/8557 16/8561
f 2074/8256 1891/8256 1751/8282
f 1891/8256 1759/8282 1751/8282
f 1751/8282 1759/8282 512/8397
f 1759/8282 497/8397 512/8397
f 512/8397 497/8397 101/8431
f 497/8397 15/8431 101/8431
f 15/8589 60/8589 16/8586
f 15/8433 497/8457 101/8433
f 101/8433 497/8457 512/8457
f 497/8457 1759/8546 512/8457
f 512/8457 1759/8546 1751/8546
f 2074/8554 1751/8546 1891/8554
f 1751/8546 1759/8546 1891/8554
f 337/8562 448/8563 1693/8570
f 448/8563 1864/8577 1693/8570
f 1656/8542 1090/8503 996/8496
f 867/8479 996/8496 190/8445
f 517/8395 1253/8341 1206/8342
f 186/8409 13/8429 19/8430
f 13/8555 4/8558 19/8556
f 19/8556 4/8558 15/8557
f 190/8445 15/8433 8/8432
f 23/8585 12/8585 16/8586
f 12/8585 11/8587 16/8586
f 11/8587 8/8588 16/8586
f 8/8588 15/8589 16/8586
f 15/8557 4/8558 16/8561
f 4/8558 6/8560 16/8561
f 16/8561 6/8560 21/8560
f 21/8560 6/8560 14/8559
f 6/8560 4/8558 14/8559
f 4/8558 13/8555 14/8559
f 14/8590 13/8592 337/8591
f 337/8591 13/8592 960/8602
f 960/8377 13/8429 969/8378
f 13/8429 186/8409 969/8378
f 186/8409 1206/8342 969/8378
f 969/8378 1206/8342 1897/8255
f 1206/8342 1253/8341 1897/8255
f 1891/8256 1897/8255 1759/8282
f 1897/8255 1253/8341 1759/8282
f 1253/8341 517/8395 1759/8282
f 1759/8282 517/8395 497/8397
f 517/8395 1206/8342 497/8397
f 1206/8342 186/8409 497/8397
f 186/8409 19/8430 497/8397
f 19/8430 15/8431 497/8397
f 15/8433 190/8445 497/8457
f 190/8445 996/8496 497/8457
f 996/8496 1090/8503 497/8457
f 497/8457 1090/8503 1759/8546
f 1090/8503 1656/8542 1759/8546
f 1656/8542 1664/8544 1759/8546
f 1664/8544 1765/8547 1759/8546
f 1759/8546 1765/8547 1891/8554
f 1894/8553 1891/8554 1887/8553
f 1887/8553 1891/8554 1719/8545
f 1891/8551 1765/8547 1719/8545
f 1765/8547 1664/8544 1719/8545
f 1719/8545 1664/8544 1539/8523
f 1664/8544 1656/8542 1539/8523
f 1656/8542 996/8496 1539/8523
f 996/8496 867/8479 1539/8523
f 1539/8523 867/8479 2/8438
f 867/8479 190/8445 2/8438
f 190/8445 8/8432 2/8438
f 8/8579 11/8581 2/8580
f 11/8581 12/8583 2/8580
f 55/8580 2/8580 9/8584
f 2/8580 12/8583 9/8584
f 12/8583 23/8583 9/8584
f 9/8584 23/8583 92/8584
f 92/8584 23/8583 74/8583
f 74/8585 23/8585 101/8586
f 23/8585 16/8586 101/8586
f 16/8561 21/8560 101/8561
f 101/8561 21/8560 93/8560
f 93/8560 21/8560 81/8559
f 21/8560 14/8559 81/8559
f 81/8590 14/8590 346/8591
f 14/8590 337/8591 346/8591
f 346/8562 337/8562 1699/8570
f 337/8562 1693/8570 1699/8570
f 1699/8570 1693/8570 1898/8578
f 1898/8578 1693/8570 1882/8578
f 1693/8570 1864/8577 1882/8578
f 1860/8578 1882/8578 1881/8577
f 1882/8578 1864/8577 1881/8577
f 1881/8577 1864/8577 1913/8576
f 1869/8576 1913/8576 1895/8576
f 1913/8576 1864/8577 1895/8576
f 1864/8577 448/8563 1895/8576
f 448/8563 337/8562 1895/8576
f 1899/8575 1895/8576 1850/8575
f 1895/8576 337/8562 1850/8575
f 337/8562 960/8564 1850/8575
f 960/8377 969/8378 1850/8254
f 969/8378 1897/8255 1850/8254
f 1874/8254 1850/8254 1905/8255
f 1850/8254 1897/8255 1905/8255
f 1905/8255 1897/8255 1902/8256
f 1897/8255 1891/8256 1902/8256
f 1902/8554 1891/8554 1856/8553
f 1891/8554 1894/8553 1856/8553
f 1856/8553 1894/8553 1890/8552
f 1894/8553 1887/8553 1890/8552
f 1890/8552 1887/8553 1873/8552
f 1887/8553 1719/8545 1873/8552
f 1719/8545 1539/8523 1873/8552
f 2040/8552 1873/8552 1582/8523
f 1873/8552 1539/8523 1582/8523
f 1582/8523 1539/8523 1540/8523
f 1540/8523 1539/8523 92/8438
f 1539/8523 2/8438 92/8438
f 2274/6091 2252/6091 2092/6091
f 1997/6143 2131/6110 2129/6114
f 1145/6454 1212/6454 2164/6453
f 1212/6454 2357/6453 2164/6453
f 930/6207 869/6207 875/6207
f 702/6222 838/6222 869/6210
f 2189/6169 2132/6157 2063/6156
f 2132/6157 2205/6153 2063/6156
f 896/6711 621/6689 703/6708
f 989/6171 966/6141 954/6171
f 954/6171 966/6141 907/6141
f 966/6799 946/6799 907/6799
f 946/6799 901/6799 907/6799
f 907/6799 901/6799 843/6814
f 901/6799 806/6814 843/6814
f 843/6814 807/6814 778/6831
f 802/6695 702/6695 772/6692
f 686/6580 621/6580 796/6580
f 621/6580 623/6580 796/6580
f 796/6580 623/6580 773/6591
f 621/6770 588/6776 641/6770
f 773/6581 648/6575 588/6575
f 869/6692 772/6692 901/6692
f 901/6692 772/6692 874/6692
f 772/6692 778/6677 874/6692
f 1499/6670 1456/6662 1505/6661
f 1505/6661 1456/6662 1504/6654
f 1456/6662 1716/6625 1504/6654
f 1412/6654 1504/6654 1498/6654
f 1504/6654 1716/6625 1546/6647
f 1964/6611 1546/6647 2266/6612
f 1546/6647 1716/6625 2266/6612
f 2266/6612 1716/6625 2160/6613
f 2131/6614 2160/6613 1460/6663
f 463/6555 538/6555 2237/6440
f 538/6555 2260/6440 2237/6440
f 686/6393 796/6393 621/6393
f 621/6393 796/6393 623/6387
f 796/6393 773/6387 623/6387
f 1631/6521 1575/6521 1598/6518
f 1575/6521 1660/6511 1598/6518
f 1660/6511 1671/6509 1598/6518
f 1635/6518 1598/6518 1705/6509
f 1598/6518 1671/6509 1705/6509
f 1671/6509 1771/6499 1781/6499
f 1781/6499 1771/6499 1793/6499
f 1793/6499 1771/6499 1817/6499
f 1817/6499 1771/6499 1813/6499
f 1778/6500 1813/6499 1768/6500
f 1813/6499 1771/6499 1768/6500
f 1771/6499 1671/6509 1768/6500
f 1671/6509 1660/6511 1768/6500
f 1778/6513 1771/6512 1744/6517
f 1965/6786 2225/6792 1607/6787
f 1607/6124 2225/6111 1629/6119
f 318/6231 292/6224 390/6224
f 390/6702 292/6714 421/6702
f 390/6213 352/6215 318/6218
f 390/6793 352/6817 253/6793
f 523/6217 540/6217 750/6327
f 2188/6571 1691/6621 2220/6558
f 1034/6650 1001/6668 871/6813
f 1001/6668 1008/6686 871/6813
f 871/6813 1008/6685 862/6812
f 1008/6685 995/6684 862/6812
f 841/6811 1054/6671 858/6818
f 858/6489 1054/6573 1062/6585
f 1054/6671 841/6811 1062/6649
f 1062/6649 841/6811 1029/6646
f 841/6811 862/6812 1029/6646
f 862/6812 995/6684 1029/6646
f 1029/6318 995/6376 1134/6284
f 995/6528 1008/6532 1134/6545
f 1029/6674 1134/6754 1158/6758
f 1134/6186 1008/6265 1158/6183
f 1008/6686 1001/6668 1158/6579
f 978/6520 1062/6520 979/6520
f 1062/6674 1029/6674 979/6674
f 979/6674 1029/6674 1099/6758
f 1029/6674 1158/6758 1099/6758
f 1099/6579 1158/6579 1127/6559
f 1407/6243 1310/6243 1489/6243
f 1445/6223 1489/6243 1187/6137
f 1489/6243 1310/6243 1187/6137
f 1310/6243 1110/6137 1187/6137
f 1110/6137 1127/6137 1187/6137
f 1127/6559 1158/6579 1187/6559
f 1158/6579 1001/6668 1187/6559
f 1001/6668 1034/6650 1187/6559
f 1187/6559 1034/6650 1162/6572
f 1162/6572 1034/6650 1183/6564
f 1183/6564 1034/6650 1189/6562
f 1034/6655 2220/6558 1189/6648
f 2220/6558 1691/6621 1189/6648
f 1691/6621 2188/6571 1500/6641
f 2188/6571 2020/6571 2121/6592
f 2121/6592 2020/6571 2249/6571
f 2249/6571 2020/6571 2091/6558
f 2020/6571 2188/6571 2091/6558
f 2188/6571 2220/6558 2091/6558
f 2091/6803 2220/6803 2103/6802
f 2103/6802 2220/6803 2296/6802
f 2296/6802 2220/6803 1915/6796
f 2220/6803 1512/6729 1915/6796
f 1915/6796 1512/6729 883/6638
f 895/6634 883/6638 1032/6664
f 883/6638 1512/6729 1032/6664
f 1512/6729 2220/6803 1032/6664
f 2220/6803 1034/6665 1032/6664
f 1032/6651 1034/6650 864/6805
f 1034/6650 871/6813 864/6805
f 864/6805 871/6813 687/6805
f 687/6805 871/6813 708/6813
f 871/6813 862/6812 708/6813
f 708/6813 862/6812 691/6812
f 862/6812 841/6811 691/6812
f 691/6812 841/6811 731/6811
f 841/6811 858/6818 731/6811
f 731/6811 858/6818 683/6818
f 749/6519 683/6525 851/6519
f 683/6525 858/6525 851/6519
f 858/6525 1062/6520 851/6519
f 1062/6520 978/6520 851/6519
f 978/6520 750/6519 851/6519
f 750/6327 540/6217 851/6327
f 851/6327 540/6217 847/6317
f 540/6694 553/6682 847/6567
f 847/6567 553/6682 558/6672
f 558/6672 553/6682 372/6819
f 553/6682 540/6694 372/6819
f 540/6783 541/6785 372/6642
f 541/6785 338/6632 372/6642
f 2210/6780 1199/6753 2101/6722
f 1176/6566 1038/6584 2045/6605
f 1782/6629 2045/6605 1723/6636
f 2045/6605 1038/6622 1723/6636
f 1723/6720 1038/6622 914/6656
f 914/6656 1038/6622 372/6539
f 1038/6584 1176/6566 372/6539
f 1176/6565 2101/6551 372/6539
f 2101/6722 1199/6753 372/6723
f 372/6723 1199/6753 351/6781
f 1199/6753 2210/6780 351/6781
f 2210/6287 1191/6323 351/6452
f 351/6448 1191/6510 551/6498
f 551/6498 1191/6510 2231/6609
f 1191/6323 2210/6287 2231/6236
f 2231/6236 2210/6287 2230/6236
f 2230/6236 2210/6287 2241/6287
f 2241/6780 2210/6780 2209/6780
f 2209/6780 2210/6780 2171/6780
f 2171/6780 2210/6780 2196/6722
f 2210/6780 2101/6722 2196/6722
f 2196/6551 2101/6551 2075/6600
f 2180/6626 2014/6626 2243/6600
f 2014/6626 2075/6600 2243/6600
f 2075/6600 2101/6551 2243/6600
f 2101/6551 1176/6565 2243/6600
f 1176/6566 2045/6605 2243/6600
f 2243/6600 2045/6605 2180/6626
f 2045/6605 1782/6629 2180/6626
f 2180/6626 1782/6629 2213/6626
f 2213/6626 1782/6629 1783/6629
f 1783/6629 1782/6629 1774/6629
f 1774/6629 1782/6629 1727/6636
f 1782/6629 1723/6636 1727/6636
f 1723/6636 914/6656 1727/6636
f 1727/6636 914/6656 919/6656
f 475/6635 919/6656 473/6635
f 919/6656 914/6656 473/6635
f 914/6656 372/6539 473/6635
f 473/6635 372/6539 169/6624
f 372/6481 338/6491 169/6597
f 773/6131 588/6121 648/6121
f 1768/6782 1776/6828 2050/6834
f 1771/6499 1781/6499 1756/6499
f 1756/6499 1781/6499 1731/6499
f 1731/6587 1781/6587 1745/6587
f 1745/6587 1781/6587 1769/6552
f 1769/6552 1781/6587 1807/6552
f 1781/6587 1768/6603 1807/6552
f 883/6427 981/6408 870/6422
f 870/6422 981/6408 963/6407
f 963/6078 981/6101 974/6079
f 981/6101 991/6102 974/6079
f 974/6366 991/6386 815/6272
f 991/6386 808/6279 815/6272
f 815/6589 808/6574 796/6580
f 796/6240 808/6245 629/6253
f 629/6253 808/6245 920/6257
f 808/6245 991/6247 920/6257
f 991/6247 981/6246 920/6257
f 981/6080 883/6103 920/6098
f 920/6135 883/6134 890/6164
f 883/6134 870/6163 890/6164
f 870/6200 963/6194 890/6199
f 963/6194 974/6193 890/6199
f 890/6199 974/6193 633/6197
f 974/6193 815/6191 633/6197
f 629/6744 633/6763 605/6774
f 633/6601 815/6594 605/6586
f 588/6575 605/6586 773/6581
f 605/6586 815/6594 773/6581
f 815/6589 796/6580 773/6591
f 560/6382 773/6387 759/6397
f 773/6387 796/6393 759/6397
f 759/6652 796/6658 621/6659
f 796/6240 629/6253 621/6251
f 629/6744 605/6774 621/6770
f 605/6774 588/6776 621/6770
f 460/6616 621/6504 464/6615
f 621/6504 588/6514 464/6615
f 588/6121 773/6131 464/6087
f 773/6131 560/6104 464/6087
f 464/6228 560/6241 480/6229
f 480/6229 560/6241 549/6242
f 549/6372 560/6398 519/6368
f 519/6368 560/6398 530/6395
f 560/6382 759/6397 530/6394
f 759/6652 621/6659 530/6533
f 621/6659 460/6538 530/6533
f 530/6129 460/6154 453/6155
f 460/6162 464/6145 453/6161
f 464/6145 480/6144 453/6161
f 480/6352 549/6372 453/6344
f 549/6372 519/6368 453/6344
f 319/6827 421/6827 317/6827
f 317/6827 421/6827 414/6827
f 414/6827 421/6827 487/6827
f 487/6827 421/6827 501/6827
f 501/6827 421/6827 492/6826
f 698/6070 547/6149 580/6070
f 580/6070 547/6149 498/6149
f 547/6149 492/6180 498/6149
f 498/6149 492/6180 425/6180
f 492/6826 421/6827 425/6826
f 1637/6487 1766/6471 1682/6462
f 1812/6486 1766/6475 1791/6467
f 1791/6467 1766/6475 1799/6456
f 1799/6488 1766/6471 1663/6502
f 1766/6471 1637/6487 1663/6502
f 1607/6706 1649/6730 1640/6743
f 1624/6731 1554/6705 1609/6739
f 1640/6743 1609/6739 1557/6688
f 1609/6739 1554/6705 1557/6688
f 1557/6688 1554/6705 1570/6681
f 1570/6316 1554/6319 1581/6331
f 1554/6319 1624/6342 1581/6331
f 2202/6687 2203/6698 2159/6698
f 2159/6096 2203/6096 2062/6089
f 2203/6698 2202/6687 2062/6657
f 1909/6094 2062/6089 2285/6086
f 2285/6105 2062/6107 1743/6081
f 1592/6074 1709/6088 1711/6085
f 1609/6739 1640/6743 1675/6766
f 1649/6730 1607/6706 1678/6730
f 1678/6730 1607/6706 1654/6706
f 1635/6669 1654/6706 1575/6669
f 1654/6706 1607/6706 1575/6669
f 1607/6706 1640/6743 1575/6669
f 1640/6743 1557/6688 1575/6669
f 1557/6688 1570/6681 1575/6669
f 1570/6546 1665/6515 1575/6521
f 1665/6515 1660/6511 1575/6521
f 1660/6691 1663/6676 1575/6709
f 1663/6676 1637/6690 1575/6709
f 1575/6709 1637/6690 1650/6701
f 1637/6690 1682/6675 1650/6701
f 1681/6526 1661/6529 1625/6535
f 1661/6553 1631/6549 1625/6544
f 1625/6633 1631/6637 1575/6643
f 1631/6709 1688/6691 1575/6709
f 1575/6709 1688/6691 1660/6691
f 1688/6506 1755/6508 1660/6506
f 1660/6506 1755/6508 1768/6508
f 1768/6123 1755/6123 1851/6132
f 1755/6123 1791/6132 1851/6132
f 1791/6464 1784/6483 1851/6464
f 1851/6464 1784/6483 1836/6483
f 1812/6486 1791/6467 1836/6483
f 1836/6483 1791/6467 1851/6464
f 1851/6132 1791/6148 1768/6123
f 1791/6467 1799/6456 1768/6430
f 1799/6488 1663/6502 1768/6508
f 1663/6502 1660/6506 1768/6508
f 1660/6511 1665/6515 1768/6500
f 1768/6146 1665/6147 1689/6122
f 1689/6122 1665/6147 1647/6126
f 1665/6515 1570/6546 1647/6530
f 1647/6530 1570/6546 1646/6541
f 1570/6653 1581/6699 1646/6631
f 1646/6412 1581/6347 1619/6380
f 1581/6331 1669/6367 1619/6332
f 1669/6367 1712/6371 1619/6332
f 1619/6332 1712/6371 1653/6337
f 1653/6459 1712/6472 1692/6449
f 1692/6449 1712/6472 1816/6455
f 1816/6455 1712/6472 1806/6460
f 2202/6687 2159/6698 1806/6712
f 2083/6115 1818/6106 1791/6117
f 1818/6106 1842/6095 1791/6117
f 1772/6117 1791/6117 1760/6117
f 1760/6117 1791/6117 1787/6095
f 1791/6117 1842/6095 1787/6095
f 1909/6094 2285/6076 1775/6109
f 930/6274 875/6274 869/6274
f 702/6262 869/6271 838/6262
f 573/6202 594/6202 584/6203
f 584/6203 594/6202 647/6203
f 647/6203 594/6202 680/6202
f 680/6202 594/6202 651/6201
f 651/6201 594/6202 590/6201
f 594/6202 573/6202 590/6201
f 778/6401 807/6401 843/6392
f 1964/6334 2284/6335 1546/6285
f 2284/6335 1488/6280 1546/6285
f 2357/6606 1247/6607 2164/6606
f 2164/6606 1247/6607 1145/6607
f 1145/6607 1171/6577 2164/6606
f 2164/6453 2098/6482 1145/6454
f 2252/6091 2076/6259 2274/6091
f 2076/6259 1683/6260 2274/6091
f 1683/6260 1659/6182 2274/6091
f 2058/6083 2274/6091 2253/6083
f 2274/6091 1228/6092 2253/6083
f 1228/6092 1225/6072 2253/6083
f 2057/6230 2253/6230 2143/6185
f 2143/6185 2253/6230 2072/6185
f 2253/6230 1225/6250 2072/6185
f 2072/6185 1225/6250 1173/6195
f 1225/6133 1141/6090 1173/6082
f 1173/6772 1141/6775 1136/6773
f 1145/6454 2098/6482 1136/6582
f 1645/6618 2098/6482 2204/6617
f 2164/6606 1171/6577 2259/6576
f 869/6713 901/6713 772/6713
f 901/6713 874/6713 772/6713
f 874/6713 778/6721 772/6713
f 702/6355 802/6355 772/6362
f 698/6667 580/6667 547/6750
f 580/6667 498/6750 547/6750
f 547/6750 498/6750 492/6779
f 498/6750 425/6779 492/6779
f 492/6779 425/6779 501/6790
f 319/6790 317/6790 421/6790
f 317/6790 414/6790 421/6790
f 414/6790 487/6790 421/6790
f 487/6790 501/6790 421/6790
f 501/6790 425/6779 421/6790
f 2071/6275 1449/6338 2184/6276
f 2184/6276 1449/6338 1343/6350
f 1343/6350 1449/6338 618/6441
f 1257/6312 1246/6402 2206/6403
f 2206/6436 1246/6493 2212/6438
f 2212/6438 1246/6493 1252/6494
f 1246/6493 482/6554 1252/6494
f 1252/6494 482/6554 463/6555
f 2260/6561 873/6469 2237/6561
f 873/6469 868/6469 2237/6561
f 868/6469 1889/6557 2237/6561
f 2237/6561 1889/6557 476/6443
f 1889/6557 868/6466 476/6443
f 502/6640 555/6717 543/6718
f 2273/6458 2158/6458 2217/6447
f 2158/6458 2019/6447 2217/6447
f 2217/6256 2019/6256 2043/6255
f 2019/6256 2071/6255 2043/6255
f 2043/6275 2071/6275 2123/6276
f 2071/6275 2184/6276 2123/6276
f 2123/6276 2184/6276 2172/6277
f 2172/6277 2184/6276 2173/6277
f 2184/6276 1343/6350 2173/6277
f 2173/6277 1343/6350 544/6445
f 1343/6350 618/6441 544/6445
f 618/6179 550/6187 544/6188
f 550/6628 504/6623 544/6627
f 544/6627 499/6620 478/6619
f 499/6620 482/6610 478/6619
f 482/6446 1246/6402 478/6264
f 1246/6402 1257/6312 478/6264
f 478/6264 1257/6312 2197/6269
f 1257/6312 2206/6403 2197/6269
f 2206/6403 2207/6403 2197/6269
f 2255/6269 2197/6269 2034/6403
f 2197/6269 2207/6403 2034/6403
f 2034/6436 2207/6436 2242/6438
f 2207/6436 2206/6436 2242/6438
f 2206/6436 2212/6438 2242/6438
f 2242/6438 2212/6438 2260/6440
f 2260/6440 2212/6438 2237/6440
f 463/6555 2237/6440 868/6522
f 2237/6440 2212/6438 868/6522
f 2212/6438 1252/6494 868/6522
f 1252/6494 463/6555 868/6522
f 420/6300 421/6300 352/6300
f 421/6300 356/6300 352/6300
f 356/6300 319/6300 352/6300
f 319/6300 253/6294 352/6300
f 421/6824 292/6797 390/6797
f 292/6726 318/6733 390/6726
f 1190/6563 1261/6598 1264/6590
f 1261/6598 1238/6604 1264/6590
f 1264/6590 1238/6604 1241/6599
f 1238/6413 1266/6409 1241/6420
f 1266/6336 1267/6329 1241/6349
f 1241/6349 1267/6329 1288/6328
f 1267/6736 1273/6738 1288/6737
f 1273/6738 1274/6741 1288/6737
f 1288/6737 1274/6741 1249/6742
f 1249/6742 1274/6741 1366/6741
f 1366/6741 1274/6741 1314/6740
f 1274/6741 1273/6738 1314/6740
f 1273/6738 1267/6736 1314/6740
f 1314/6740 1267/6736 1262/6735
f 1267/6329 1266/6336 1262/6330
f 1266/6409 1238/6413 1262/6410
f 1238/6404 1233/6411 1262/6416
f 1405/6740 1314/6740 1452/6735
f 1314/6740 1262/6735 1452/6735
f 1452/6735 1262/6735 1398/6735
f 1398/6416 1262/6416 1397/6411
f 1262/6416 1233/6411 1397/6411
f 1152/6540 1197/6540 1232/6608
f 1197/6540 1345/6608 1232/6608
f 1345/6414 1397/6414 1232/6414
f 1397/6414 1233/6410 1232/6414
f 1233/6410 1238/6417 1232/6414
f 1238/6417 1261/6421 1232/6414
f 1261/6598 1190/6563 1232/6608
f 1232/6608 1190/6563 1152/6540
f 1152/6540 1190/6563 1119/6527
f 1190/6563 1264/6590 1119/6527
f 413/6596 401/6595 402/6602
f 275/6232 307/6225 292/6224
f 438/6703 421/6702 371/6710
f 421/6702 292/6714 371/6710
f 292/6714 307/6715 371/6710
f 371/6710 307/6715 315/6716
f 307/6225 275/6232 315/6226
f 315/6226 275/6232 252/6239
f 275/6232 242/6234 252/6239
f 242/6234 269/6238 252/6239
f 252/6795 269/6794 331/6810
f 331/6810 269/6794 253/6793
f 269/6238 242/6234 253/6237
f 317/6237 253/6237 318/6231
f 253/6237 242/6234 318/6231
f 242/6234 275/6232 318/6231
f 275/6232 292/6224 318/6231
f 390/6384 318/6384 352/6384
f 352/6381 318/6384 257/6381
f 291/6295 253/6294 260/6293
f 253/6755 257/6760 260/6761
f 260/6377 257/6381 268/6385
f 257/6381 318/6384 268/6385
f 268/6764 318/6767 298/6768
f 318/6733 292/6726 298/6728
f 298/6728 292/6726 303/6725
f 303/6310 292/6309 330/6315
f 292/6797 421/6824 330/6804
f 330/6315 421/6320 400/6321
f 539/6759 507/6732 459/6707
f 425/6779 459/6757 484/6765
f 449/6644 484/6700 435/6645
f 435/6645 484/6700 506/6727
f 484/6700 459/6707 506/6727
f 459/6707 507/6732 506/6727
f 506/6727 507/6732 590/6778
f 590/6201 753/6150 885/6093
f 753/6150 689/6142 885/6093
f 885/6093 689/6142 886/6073
f 1003/6235 980/6258 956/6281
f 956/6281 980/6258 968/6263
f 702/6695 745/6696 772/6692
f 745/6696 754/6683 772/6692
f 772/6692 754/6683 778/6677
f 754/6683 789/6678 778/6677
f 778/6831 789/6821 843/6814
f 843/6814 789/6821 861/6816
f 861/6816 789/6821 770/6832
f 789/6678 754/6683 770/6679
f 770/6680 754/6683 766/6697
f 754/6683 745/6696 766/6697
f 766/6220 745/6221 821/6214
f 745/6221 702/6222 821/6214
f 821/6214 702/6222 869/6210
f 811/6270 869/6271 777/6266
f 869/6271 702/6262 777/6266
f 777/6266 702/6262 729/6261
f 772/6713 778/6721 781/6719
f 781/6370 778/6373 744/6374
f 744/6400 778/6401 820/6396
f 778/6401 843/6392 820/6396
f 843/6392 853/6391 820/6396
f 820/6396 853/6391 857/6389
f 853/6751 889/6749 857/6748
f 889/6749 910/6746 857/6748
f 857/6748 910/6746 917/6745
f 910/6290 941/6278 917/6289
f 917/6289 941/6278 992/6248
f 941/6278 967/6268 992/6248
f 967/6268 968/6263 992/6248
f 992/6791 968/6825 1007/6784
f 968/6263 980/6258 1007/6249
f 1119/6190 1142/6181 1076/6204
f 1142/6181 1007/6249 1076/6204
f 1007/6249 980/6258 1076/6204
f 980/6258 1003/6244 1076/6204
f 1076/6204 1003/6235 1025/6227
f 1003/6235 956/6281 1025/6227
f 1079/6227 1025/6227 1005/6281
f 1025/6227 956/6281 1005/6281
f 1005/6281 956/6281 989/6281
f 806/6752 901/6747 843/6752
f 843/6752 901/6747 907/6747
f 901/6747 946/6747 907/6747
f 946/6747 966/6747 907/6747
f 907/6291 966/6291 954/6286
f 966/6291 989/6281 954/6286
f 989/6281 956/6281 954/6286
f 956/6281 968/6263 954/6286
f 968/6263 967/6268 954/6286
f 967/6268 941/6278 954/6286
f 954/6286 941/6278 907/6291
f 941/6278 910/6290 907/6291
f 910/6746 889/6749 907/6747
f 889/6749 853/6751 907/6747
f 853/6751 843/6752 907/6747
f 843/6815 861/6816 907/6799
f 861/6816 921/6800 907/6799
f 921/6140 925/6159 907/6141
f 907/6141 925/6159 954/6171
f 954/6171 925/6159 942/6167
f 942/6167 925/6159 899/6139
f 925/6159 921/6140 899/6139
f 921/6800 861/6816 899/6801
f 861/6816 770/6832 899/6801
f 770/6807 766/6836 899/6808
f 570/6537 576/6534 899/6450
f 576/6534 866/6463 899/6450
f 1232/6437 1152/6474 1150/6473
f 1150/6473 1152/6474 1105/6492
f 1105/6492 1152/6474 1104/6496
f 1051/6516 1104/6496 1039/6524
f 1104/6496 1152/6474 1039/6524
f 1039/6524 1152/6474 1025/6523
f 1025/6523 1152/6474 1079/6523
f 1079/6523 1152/6474 1197/6474
f 1152/6474 1232/6437 1197/6474
f 1197/6474 1232/6437 1345/6437
f 1314/6423 1405/6423 1262/6431
f 1405/6423 1452/6431 1262/6431
f 1452/6431 1398/6431 1262/6431
f 1398/6431 1345/6437 1262/6431
f 1345/6437 1232/6437 1262/6431
f 1349/6424 1314/6423 1258/6424
f 1314/6423 1262/6431 1258/6424
f 1258/6424 1262/6431 1307/6428
f 1262/6431 1232/6437 1307/6428
f 1307/6428 1232/6437 1306/6432
f 1306/6432 1232/6437 1169/6470
f 1232/6437 1150/6473 1169/6470
f 1169/6470 1150/6473 1096/6505
f 1096/6501 1150/6473 1081/6503
f 1150/6473 1105/6484 1081/6503
f 1105/6492 1104/6496 1081/6503
f 1081/6505 1104/6496 1060/6507
f 1104/6496 1051/6516 1060/6507
f 1051/6333 899/6450 1060/6314
f 1060/6314 899/6450 1042/6351
f 908/6771 1042/6630 846/6771
f 846/6771 1042/6630 1010/6639
f 1042/6351 899/6450 1010/6360
f 899/6450 866/6463 1010/6360
f 866/6461 845/6465 1010/6531
f 1010/6531 845/6465 846/6468
f 846/6468 845/6465 567/6361
f 845/6465 866/6461 567/6361
f 866/6461 576/6343 567/6361
f 567/6361 576/6343 660/6361
f 660/6361 576/6343 691/6343
f 576/6534 570/6537 691/6534
f 691/6534 570/6537 636/6537
f 636/6537 570/6537 578/6536
f 578/6536 570/6537 895/6457
f 570/6537 899/6450 895/6457
f 899/6808 766/6836 895/6837
f 766/6219 821/6214 895/6205
f 895/6205 821/6209 891/6206
f 891/6206 821/6209 869/6207
f 869/6274 811/6270 878/6273
f 811/6426 886/6419 878/6418
f 878/6084 886/6073 832/6108
f 886/6073 689/6142 832/6108
f 832/6108 689/6142 765/6127
f 765/6127 689/6142 584/6203
f 689/6142 753/6150 584/6203
f 584/6203 753/6150 573/6202
f 753/6150 590/6201 573/6202
f 590/6778 507/6732 573/6809
f 507/6732 539/6777 573/6809
f 573/6820 539/6777 584/6788
f 539/6777 459/6707 584/6788
f 459/6757 425/6779 584/6666
f 425/6779 498/6750 584/6666
f 498/6750 580/6667 584/6666
f 584/6788 594/6809 573/6809
f 573/6809 594/6809 590/6778
f 590/6778 594/6809 651/6778
f 651/6778 594/6809 680/6809
f 680/6809 594/6809 647/6788
f 594/6809 584/6788 647/6788
f 584/6666 580/6667 647/6666
f 647/6666 580/6667 645/6667
f 658/6071 645/6070 589/6071
f 645/6070 580/6070 589/6071
f 589/6071 580/6070 433/6189
f 580/6070 498/6149 433/6189
f 498/6149 425/6180 433/6189
f 445/6583 433/6734 437/6693
f 437/6693 433/6734 421/6827
f 433/6734 425/6826 421/6827
f 425/6779 484/6765 421/6790
f 484/6765 449/6789 421/6790
f 449/6325 400/6321 421/6324
f 421/6176 438/6177 437/6174
f 437/6174 438/6177 445/6178
f 438/6703 371/6710 445/6704
f 371/6710 315/6716 445/6704
f 315/6830 252/6835 445/6798
f 864/6451 554/6435 796/6444
f 796/6444 554/6435 621/6439
f 554/6435 445/6415 621/6439
f 445/6485 570/6406 621/6405
f 588/6514 621/6504 703/6504
f 703/6405 621/6405 697/6405
f 697/6405 621/6405 760/6405
f 621/6405 570/6406 760/6405
f 760/6405 570/6406 669/6406
f 660/6313 638/6308 567/6313
f 442/6216 567/6313 576/6308
f 567/6313 638/6308 576/6308
f 638/6308 669/6304 576/6308
f 669/6304 570/6304 576/6308
f 570/6304 429/6233 576/6308
f 342/6198 576/6308 235/6128
f 576/6308 429/6233 235/6128
f 235/6128 429/6233 227/6125
f 429/6480 570/6406 227/6543
f 570/6406 445/6485 227/6543
f 227/6543 445/6485 188/6593
f 188/6593 445/6485 381/6497
f 445/6798 252/6835 381/6806
f 252/6795 331/6810 381/6823
f 331/6810 402/6822 381/6823
f 402/6345 401/6353 381/6346
f 401/6353 355/6379 381/6346
f 381/6346 355/6379 388/6383
f 175/6479 320/6548 170/6478
f 58/6348 104/6390 49/6369
f 49/6369 104/6390 141/6442
f 104/6390 170/6478 141/6442
f 170/6478 320/6548 141/6442
f 141/6442 320/6548 293/6550
f 320/6548 175/6479 293/6550
f 175/6479 388/6570 293/6550
f 388/6570 355/6578 293/6550
f 293/6550 355/6578 294/6556
f 355/6578 401/6595 294/6556
f 401/6595 413/6596 294/6556
f 49/6369 141/6442 110/6369
f 110/6369 141/6442 163/6442
f 141/6442 293/6550 163/6442
f 163/6442 293/6550 392/6550
f 392/6550 293/6550 423/6550
f 423/6550 293/6550 398/6556
f 293/6550 294/6556 398/6556
f 294/6556 413/6596 398/6556
f 398/6556 413/6596 483/6596
f 483/6596 413/6596 458/6596
f 458/6596 413/6596 446/6596
f 446/6833 413/6833 420/6833
f 356/6817 421/6817 352/6817
f 421/6817 420/6833 352/6817
f 420/6833 413/6833 352/6817
f 413/6833 402/6822 352/6817
f 402/6822 331/6810 352/6817
f 331/6810 253/6793 352/6817
f 253/6294 291/6295 352/6300
f 291/6295 323/6296 352/6300
f 446/6303 352/6300 382/6303
f 352/6300 323/6296 382/6303
f 323/6296 393/6299 382/6303
f 414/6307 382/6303 413/6307
f 382/6302 393/6301 413/6307
f 413/6112 325/6116 294/6118
f 145/6283 103/6297 162/6267
f 199/6196 250/6184 165/6252
f 165/6252 250/6184 200/6208
f 200/6208 250/6184 255/6175
f 294/6118 255/6172 293/6120
f 255/6175 250/6184 293/6136
f 250/6184 199/6196 293/6136
f 420/6077 413/6077 487/6112
f 487/6112 413/6077 483/6112
f 483/6112 413/6112 398/6118
f 413/6112 294/6118 398/6118
f 398/6118 294/6118 423/6120
f 294/6118 293/6120 423/6120
f 423/6136 293/6136 392/6136
f 392/6136 293/6136 163/6288
f 49/6341 110/6341 141/6288
f 110/6341 163/6288 141/6288
f 163/6288 293/6136 141/6288
f 293/6136 199/6196 141/6288
f 199/6196 165/6252 141/6288
f 165/6254 162/6267 141/6288
f 162/6267 103/6297 141/6288
f 141/6288 103/6297 49/6341
f 103/6297 145/6283 49/6341
f 145/6283 24/6340 49/6341
f 49/6341 24/6340 88/6340
f 88/6340 24/6340 59/6339
f 24/6340 145/6283 59/6339
f 223/6212 234/6212 187/6212
f 234/6212 94/6339 187/6212
f 94/6339 59/6339 187/6212
f 59/6339 145/6283 187/6212
f 145/6283 162/6267 187/6212
f 162/6267 165/6254 187/6212
f 165/6252 200/6208 187/6212
f 263/6212 187/6212 240/6208
f 187/6212 200/6208 240/6208
f 277/6192 240/6208 191/6192
f 240/6208 200/6208 191/6192
f 200/6208 255/6175 191/6192
f 262/6160 191/6192 229/6173
f 191/6192 255/6175 229/6173
f 255/6172 294/6118 229/6168
f 229/6168 294/6118 380/6113
f 294/6118 325/6116 380/6113
f 325/6116 413/6077 380/6113
f 380/6113 413/6077 418/6100
f 413/6307 393/6301 418/6306
f 418/6306 393/6301 426/6305
f 490/6305 426/6305 466/6305
f 466/6305 426/6305 451/6305
f 451/6305 426/6305 434/6305
f 370/6298 434/6305 362/6298
f 434/6305 426/6305 362/6298
f 426/6305 393/6301 362/6298
f 393/6299 323/6296 362/6298
f 369/6292 362/6298 239/6292
f 362/6298 323/6296 239/6292
f 323/6296 291/6295 239/6292
f 291/6295 260/6293 239/6292
f 239/6756 260/6761 300/6762
f 260/6377 268/6385 300/6378
f 362/6378 300/6378 403/6378
f 403/6378 300/6378 305/6388
f 300/6378 268/6385 305/6388
f 268/6764 298/6768 305/6769
f 298/6728 303/6725 305/6724
f 303/6310 330/6315 305/6311
f 369/6311 305/6311 407/6322
f 305/6311 330/6315 407/6322
f 330/6315 400/6321 407/6322
f 400/6321 449/6325 407/6322
f 449/6325 435/6326 407/6322
f 362/6322 407/6322 403/6322
f 407/6322 435/6326 403/6322
f 403/6322 435/6326 451/6326
f 451/6645 435/6645 505/6645
f 435/6645 506/6727 505/6645
f 505/6645 506/6727 566/6727
f 506/6727 590/6778 566/6727
f 566/6727 590/6778 631/6778
f 590/6201 885/6093 631/6201
f 631/6201 885/6093 949/6093
f 949/6093 885/6093 950/6093
f 950/6093 885/6093 952/6073
f 885/6093 886/6073 952/6073
f 952/6073 886/6073 937/6073
f 937/6073 886/6073 916/6073
f 916/6419 886/6419 824/6419
f 824/6419 886/6419 740/6434
f 886/6419 811/6426 740/6434
f 811/6426 777/6429 740/6434
f 777/6429 729/6433 740/6434
f 823/6375 740/6354 787/6375
f 781/6370 744/6374 787/6375
f 744/6400 820/6396 787/6399
f 820/6396 857/6389 787/6399
f 787/6399 857/6389 850/6389
f 857/6748 917/6745 850/6748
f 850/6748 917/6745 913/6745
f 913/6745 917/6745 953/6745
f 953/6289 917/6289 976/6289
f 917/6289 992/6248 976/6289
f 976/6289 992/6248 1055/6248
f 992/6791 1007/6784 1055/6791
f 1055/6791 1007/6784 1095/6784
f 1356/6138 1312/6138 1235/6138
f 1312/6138 1095/6249 1235/6138
f 1095/6249 1007/6249 1235/6138
f 1007/6249 1142/6181 1235/6138
f 1142/6542 1119/6527 1235/6588
f 1119/6527 1264/6590 1235/6588
f 1235/6588 1264/6590 1356/6588
f 1264/6590 1241/6599 1356/6588
f 1356/6588 1241/6599 1409/6599
f 1241/6349 1288/6328 1409/6349
f 1409/6349 1288/6328 1416/6328
f 1416/6737 1288/6737 1425/6737
f 1425/6737 1288/6737 1426/6742
f 1288/6737 1249/6742 1426/6742
f 1249/6742 1366/6741 1426/6742
f 1366/6741 1314/6740 1405/6740
f 1314/6423 1349/6424 1405/6423
f 1405/6423 1349/6424 1448/6424
f 1448/6424 1349/6424 1386/6425
f 1386/6425 1349/6424 1302/6425
f 1349/6424 1258/6424 1302/6425
f 1258/6424 1307/6428 1302/6425
f 1307/6428 1306/6432 1302/6425
f 1306/6432 1169/6470 1302/6425
f 1169/6470 1096/6505 1302/6425
f 1435/6425 1302/6425 1131/6505
f 1302/6425 1096/6505 1131/6505
f 1131/6505 1096/6505 1130/6503
f 1096/6505 1081/6503 1130/6503
f 1130/6503 1081/6505 1148/6505
f 1148/6505 1081/6503 1128/6507
f 1081/6503 1060/6507 1128/6507
f 1128/6314 1060/6314 1087/6351
f 1060/6314 1042/6351 1087/6351
f 1087/6630 1042/6630 934/6771
f 1042/6630 908/6771 934/6771
f 908/6468 846/6468 659/6361
f 846/6468 567/6361 659/6361
f 659/6313 567/6313 495/6216
f 567/6313 442/6216 495/6216
f 568/6165 544/6165 521/6165
f 544/6165 545/6165 521/6165
f 545/6165 495/6170 521/6165
f 495/6170 442/6170 521/6165
f 521/6165 442/6170 541/6158
f 541/6158 442/6170 405/6166
f 442/6216 576/6308 405/6211
f 576/6308 342/6198 405/6211
f 405/6211 342/6198 182/6075
f 342/6198 235/6128 182/6075
f 182/6152 235/6097 48/6282
f 235/6097 227/6099 48/6282
f 227/6099 188/6151 48/6282
f 48/6560 188/6673 179/6660
f 188/6673 381/6829 179/6660
f 179/6477 381/6346 181/6476
f 381/6346 388/6383 181/6476
f 388/6383 175/6490 181/6476
f 181/6476 175/6490 33/6569
f 175/6490 170/6495 33/6569
f 170/6495 104/6547 33/6569
f 104/6547 58/6568 33/6569
f 33/6569 58/6568 119/6569
f 119/6569 58/6568 114/6568
f 114/6348 58/6348 124/6369
f 58/6348 49/6369 124/6369
f 49/6341 88/6340 124/6341
f 124/6341 88/6340 132/6340
f 88/6340 59/6339 116/6339
f 530/6129 453/6155 519/6130
f 2121/7669 1720/7706 1500/7742
f 1720/7706 1658/7721 1500/7742
f 1500/7742 1658/7721 1490/7741
f 1407/7741 1490/7741 1494/7741
f 1490/7741 1658/7721 1494/7741
f 1494/7741 1658/7721 1672/7721
f 1658/7721 1720/7706 1672/7721
f 1672/7721 1720/7706 1722/7706
f 2312/7667 1722/7706 2288/7667
f 1722/7706 1720/7706 2288/7667
f 1997/7668 2095/7667 2161/7668
f 2095/7667 2288/7667 2161/7668
f 2288/7667 1720/7706 2161/7668
f 1720/7706 2121/7669 2161/7668
f 1187/8151 1162/8139 1445/8220
f 1162/8139 1183/8147 1445/8220
f 1445/8220 1183/8147 1490/8240
f 1183/8147 1189/8146 1490/8240
f 1189/8146 1500/8239 1490/8240
f 1500/8239 1522/8246 1490/8240
f 1310/8240 1490/8240 1361/8246
f 1490/8240 1522/8246 1361/8246
f 2132/7986 1732/8012 2029/7987
f 897/8214 636/8214 796/8214
f 636/8214 579/8227 796/8214
f 579/8227 895/8209 796/8214
f 796/8214 895/8209 864/8211
f 895/8209 1032/8190 864/8211
f 2144/8061 2072/8061 2258/8060
f 2258/8060 2072/8061 2226/8060
f 2226/8060 2072/8061 2204/8060
f 2072/8061 1173/7960 2204/8060
f 2204/8060 1173/7960 1645/8007
f 1173/7960 1136/7955 1645/8007
f 630/7687 920/7585 633/7700
f 920/7585 890/7594 633/7700
f 1505/8248 1240/8195 1499/8247
f 2092/7744 2114/7744 2275/7744
f 2114/7744 2130/7761 2275/7744
f 2130/7761 2131/7761 2275/7744
f 2131/7761 1460/7812 2275/7744
f 2275/7744 1460/7812 1229/7813
f 1051/8090 1039/8108 900/8163
f 1039/8108 972/8135 900/8163
f 900/8163 972/8135 942/8154
f 972/8208 956/8218 942/8226
f 942/8226 956/8218 955/8219
f 955/8219 956/8218 989/8218
f 989/8218 956/8218 1005/8218
f 1080/8165 1005/8218 1025/8165
f 1005/8218 956/8218 1025/8165
f 956/8218 972/8208 1025/8165
f 972/8208 1039/8166 1025/8165
f 2172/8029 2173/8029 2255/7968
f 2255/7968 2173/8029 2197/7968
f 2173/8029 544/8070 2197/7968
f 544/8070 478/8010 2197/7968
f 48/8023 225/7943 182/7945
f 182/7827 225/7841 405/7808
f 405/7808 225/7841 541/7832
f 541/7832 225/7841 338/7855
f 338/7927 225/7943 169/8002
f 225/7943 48/8023 169/8002
f 169/8002 48/8023 473/7967
f 473/7967 48/8023 475/7967
f 475/7967 48/8023 131/8023
f 119/8082 131/8044 34/8082
f 131/8044 48/8044 34/8082
f 34/8082 48/8044 181/8085
f 48/8044 179/8069 181/8085
f 1226/7575 2090/7676 433/7481
f 658/7821 589/7821 1464/7750
f 1607/7750 1594/7750 1455/7750
f 1594/7750 1464/7750 1455/7750
f 1464/7750 589/7821 1455/7750
f 589/7821 433/7856 1455/7750
f 433/7856 2090/7679 1455/7750
f 1455/7750 2090/7679 1965/7678
f 1965/7678 2090/7679 2225/7678
f 2225/7678 2090/7679 2113/7679
f 2113/7679 2090/7679 2089/7679
f 2089/7676 2090/7676 2056/7676
f 2056/7676 2090/7676 2230/7675
f 2230/7675 2090/7676 2231/7675
f 2090/7676 1226/7575 2231/7675
f 551/7819 546/7881 351/7820
f 372/7890 351/7820 558/7914
f 351/7820 546/7881 558/7914
f 558/8186 546/8183 851/8097
f 546/8183 551/8168 851/8097
f 751/8097 851/8097 688/8078
f 688/8078 851/8097 864/8078
f 851/8097 551/8168 864/8078
f 864/8078 551/8168 554/8167
f 551/7513 2231/7675 554/7514
f 2231/7675 1226/7575 554/7514
f 1226/7575 433/7481 554/7514
f 433/7481 445/7480 554/7514
f 1816/7895 1729/7926 1692/7932
f 1620/7944 1653/7942 1646/7941
f 1653/7942 1692/7932 1646/7941
f 1692/7932 1729/7926 1646/7941
f 1646/7941 1729/7926 1647/7950
f 1647/7950 1729/7926 1689/7940
f 1768/7916 1689/7940 1777/7917
f 1689/7940 1729/7926 1777/7917
f 1729/7926 1816/7895 1777/7917
f 1777/7917 1816/7895 2050/7869
f 1816/7895 1806/7870 2050/7869
f 1806/7870 1818/7854 2050/7869
f 1769/7863 1807/7863 1754/7857
f 1772/7857 1754/7857 1791/7857
f 1754/7857 1807/7863 1791/7857
f 1791/7857 1807/7863 2083/7864
f 1807/7863 1768/7913 2083/7864
f 1768/7913 2050/7869 2083/7864
f 2050/7869 1818/7854 2083/7864
f 1224/7762 2245/7757 1171/7713
f 1198/8063 1153/8063 1080/8140
f 1080/8140 1153/8063 1025/8140
f 1153/8063 1119/8086 1025/8140
f 1119/8086 1076/8115 1025/8140
f 930/8143 869/8143 962/8143
f 962/8143 869/8143 877/8176
f 869/8143 809/8176 877/8176
f 877/8176 809/8176 876/8176
f 876/7477 809/7477 698/7555
f 698/7555 809/7477 580/7555
f 930/7660 961/7660 869/7660
f 961/7660 904/7616 869/7660
f 869/7660 904/7616 776/7616
f 904/7616 698/7549 776/7616
f 698/7549 580/7549 776/7616
f 580/7549 589/7563 776/7616
f 869/7660 776/7616 809/7622
f 776/7616 589/7563 809/7622
f 869/7660 809/7622 883/7701
f 809/7622 589/7589 883/7701
f 2103/7478 2296/7478 2148/7478
f 2148/7478 2296/7478 2147/7478
f 2225/7479 2147/7478 1965/7479
f 2147/7478 2296/7478 1965/7479
f 2296/7478 1915/7504 1965/7479
f 1915/7504 883/7627 1965/7479
f 883/7627 589/7648 1965/7479
f 2225/7479 1965/7479 658/7648
f 1965/7479 589/7648 658/7648
f 589/7563 580/7549 658/7563
f 658/7563 580/7549 646/7549
f 647/7581 646/7555 585/7581
f 646/7555 580/7555 585/7581
f 580/7555 809/7477 585/7581
f 585/7581 809/7477 765/7518
f 765/8189 809/8176 833/8156
f 809/8176 869/8143 833/8156
f 869/8143 878/8142 833/8156
f 477/7848 2127/7847 2238/7875
f 2260/7875 2238/7875 2128/7847
f 2238/7875 2127/7847 2128/7847
f 2273/7803 2128/7765 2158/7803
f 2128/7765 2127/7765 2158/7803
f 2127/7765 477/7763 2158/7803
f 477/7763 543/7802 2158/7803
f 491/7952 277/7837 426/7952
f 277/7837 192/7837 426/7952
f 192/7837 262/7884 426/7952
f 419/7951 426/7952 380/7933
f 426/7952 262/7884 380/7933
f 380/7933 262/7884 229/7876
f 1739/8385 1667/8393 1796/8381
f 1726/8388 1796/8381 1700/8391
f 1796/8381 1667/8393 1700/8391
f 1667/8393 1668/8396 1700/8391
f 1668/8396 1618/8399 1700/8391
f 1700/8391 1618/8399 1610/8398
f 1618/8399 1604/8400 1610/8398
f 1548/8271 1595/8277 1610/8279
f 1595/8277 1644/8284 1610/8279
f 1610/8279 1644/8284 1700/8298
f 1644/8284 1734/8303 1700/8298
f 1734/8303 1797/8319 1700/8298
f 1447/8266 1580/8276 1519/8276
f 1519/8276 1580/8276 1551/8276
f 1551/8276 1580/8276 1573/8276
f 1580/8276 1610/8279 1573/8276
f 1573/8276 1610/8279 1596/8279
f 1596/8279 1610/8279 1680/8298
f 1610/8279 1700/8298 1680/8298
f 1680/8298 1700/8298 1828/8323
f 2463/8331 2305/8331 1901/8323
f 2305/8331 1828/8323 1901/8323
f 1828/8323 1700/8298 1901/8323
f 1700/8298 1797/8319 1901/8323
f 1797/8319 2059/8327 1901/8323
f 1901/8323 2059/8327 2463/8331
f 2428/8330 2463/8331 2440/8330
f 2440/8330 2463/8331 1823/8322
f 2463/8331 2059/8327 1823/8322
f 2059/8327 1797/8319 1823/8322
f 1773/8314 1823/8322 1761/8311
f 1823/8322 1797/8319 1761/8311
f 1797/8319 1734/8303 1761/8311
f 1734/8303 1644/8284 1761/8311
f 1761/8311 1644/8284 1577/8275
f 1644/8284 1595/8277 1577/8275
f 1595/8277 1548/8271 1577/8275
f 1577/8275 1548/8271 1462/8264
f 1548/8271 1528/8270 1462/8264
f 1528/8270 1471/8265 1462/8264
f 1471/8355 1395/8348 1462/8354
f 1462/8354 1395/8348 1403/8344
f 1395/8348 1418/8346 1403/8344
f 1418/8346 1415/8339 1403/8344
f 1403/8344 1415/8339 1423/8338
f 1415/8357 1413/8360 1423/8358
f 1423/8358 1413/8360 1362/8363
f 1477/8371 1358/8371 1351/8370
f 1358/8371 1362/8366 1351/8370
f 1362/8363 1413/8360 1351/8362
f 1413/8360 1415/8357 1351/8362
f 1351/8362 1415/8357 1352/8359
f 1415/8339 1418/8346 1352/8335
f 1507/8362 1351/8362 1492/8359
f 1351/8362 1352/8359 1492/8359
f 1521/8350 1492/8335 1411/8350
f 1492/8335 1352/8335 1411/8350
f 1352/8335 1418/8346 1411/8350
f 1418/8346 1395/8348 1411/8350
f 1495/8356 1411/8350 1447/8356
f 1411/8349 1395/8348 1447/8356
f 1395/8348 1471/8355 1447/8356
f 1471/8265 1528/8270 1447/8266
f 1447/8266 1528/8270 1580/8276
f 1528/8270 1548/8271 1580/8276
f 1548/8271 1610/8279 1580/8276
f 1610/8398 1604/8400 1580/8401
f 1604/8400 1550/8402 1580/8401
f 1580/8401 1550/8402 1447/8403
f 1550/8402 1454/8404 1447/8403
f 1454/8406 1402/8408 1447/8407
f 1447/8407 1402/8408 1353/8412
f 1353/8412 1402/8408 1396/8410
f 1396/8476 1402/8477 1466/8484
f 1402/8477 1454/8483 1466/8484
f 1454/8420 1550/8425 1466/8421
f 1466/8421 1550/8425 1632/8437
f 1550/8425 1604/8428 1632/8437
f 1604/8428 1618/8435 1632/8437
f 1618/8435 1668/8441 1632/8437
f 1668/8441 1667/8443 1632/8437
f 1632/8437 1667/8443 1662/8440
f 1667/8443 1739/8444 1662/8440
f 1662/8440 1739/8444 2447/8460
f 1739/8385 1796/8381 2447/8374
f 1796/8381 2093/8379 2447/8374
f 2425/8375 2447/8374 2439/8375
f 2447/8374 2093/8379 2439/8375
f 2439/8375 2093/8379 2463/8376
f 2463/8376 2093/8379 1901/8380
f 2093/8379 1796/8381 1901/8380
f 1796/8381 1726/8388 1901/8380
f 1726/8388 1700/8391 1901/8380
f 2463/8376 1901/8380 2305/8376
f 2305/8376 1901/8380 1828/8380
f 1901/8380 1700/8391 1828/8380
f 1828/8380 1700/8391 1680/8391
f 1700/8391 1610/8398 1680/8391
f 1680/8391 1610/8398 1596/8401
f 1610/8398 1580/8401 1596/8401
f 1596/8401 1580/8401 1573/8401
f 1573/8401 1580/8401 1551/8401
f 1551/8401 1580/8401 1519/8401
f 1580/8401 1447/8403 1519/8401
f 1519/8414 1447/8407 1492/8414
f 1351/8417 1507/8417 1352/8414
f 1507/8417 1492/8414 1352/8414
f 1492/8414 1447/8407 1352/8414
f 1447/8407 1353/8412 1352/8414
f 1353/8412 1396/8410 1352/8414
f 1396/8410 1342/8413 1352/8414
f 1342/8413 1363/8416 1352/8414
f 1352/8414 1363/8416 1351/8417
f 1351/8417 1363/8416 1459/8416
f 1459/8465 1363/8465 1354/8466
f 1363/8465 1342/8468 1354/8466
f 1342/8468 1396/8476 1354/8466
f 1396/8476 1466/8484 1354/8466
f 1354/8466 1466/8484 1508/8466
f 1508/8466 1466/8484 1533/8484
f 1466/8421 1632/8437 1533/8421
f 1533/8421 1632/8437 1608/8437
f 1608/8437 1632/8437 1630/8440
f 1632/8437 1662/8440 1630/8440
f 1630/8440 1662/8440 1652/8440
f 1652/8440 1662/8440 2319/8459
f 2319/8459 1662/8440 2467/8459
f 1662/8440 2447/8460 2467/8459
f 2460/8459 2467/8459 2427/8460
f 2467/8459 2447/8460 2427/8460
f 2427/8374 2447/8374 2415/8375
f 2447/8374 2425/8375 2415/8375
f 2415/8375 2425/8375 2451/8376
f 2425/8375 2439/8375 2451/8376
f 2439/8375 2463/8376 2451/8376
f 2451/8331 2463/8331 2417/8330
f 2463/8331 2428/8330 2417/8330
f 2417/8330 2428/8330 2442/8329
f 2428/8330 2440/8330 2442/8329
f 2442/8329 2440/8330 2456/8329
f 2440/8330 1823/8322 2456/8329
f 1823/8322 1773/8314 2456/8329
f 2456/8329 1773/8314 2295/8329
f 2295/8329 1773/8314 1758/8311
f 1773/8314 1761/8311 1758/8311
f 1761/8311 1577/8275 1758/8311
f 1758/8311 1577/8275 1549/8275
f 1549/8275 1577/8275 1529/8275
f 1577/8275 1462/8264 1529/8275
f 1462/8354 1403/8344 1529/8344
f 1529/8344 1403/8344 1526/8338
f 1403/8344 1423/8338 1526/8338
f 1526/8338 1423/8338 1525/8338
f 1525/8364 1423/8364 1502/8367
f 1502/8367 1423/8364 1350/8367
f 1423/8364 1362/8366 1350/8367
f 1362/8366 1358/8371 1350/8367
f 1467/8367 1350/8367 1346/8372
f 1350/8367 1358/8371 1346/8372
f 1358/8371 1477/8371 1346/8372
f 1346/8372 1477/8371 1502/8372
f 1477/8371 1351/8370 1507/8370
f 1351/8417 1459/8416 1507/8417
f 1507/8417 1459/8416 1497/8416
f 1497/8465 1459/8465 1493/8466
f 1459/8465 1354/8466 1493/8466
f 1322/8550 1272/8549 1281/8548
f 1281/8568 1272/8569 1322/8567
f 1272/8492 1434/8492 1322/8487
f 1434/8492 1461/8487 1322/8487
f 1461/8487 1483/8487 1322/8487
f 1322/8487 1483/8487 1329/8481
f 1483/8487 1468/8481 1329/8481
f 1468/8481 1330/8478 1329/8481
f 1670/8447 1622/8449 1615/8450
f 1615/8450 1622/8449 1355/8472
f 1622/8449 1369/8471 1355/8472
f 1369/8473 1344/8475 1355/8474
f 1421/8474 1355/8474 1330/8478
f 1355/8474 1344/8475 1330/8478
f 1330/8478 1344/8475 1319/8480
f 1319/8507 1344/8509 1326/8502
f 1326/8502 1344/8509 1384/8512
f 1344/8509 1369/8511 1384/8512
f 1369/8257 1622/8283 1384/8258
f 1384/8258 1622/8283 1741/8312
f 1622/8283 1670/8299 1741/8312
f 1670/8299 1684/8300 1741/8312
f 1684/8300 1780/8318 1741/8312
f 1741/8312 1780/8318 1750/8313
f 1750/8313 1780/8318 1866/8326
f 1780/8442 1811/8436 1866/8434
f 2169/8426 1866/8434 2211/8427
f 1866/8434 1811/8436 2211/8427
f 2211/8427 1811/8436 1962/8427
f 1962/8427 1811/8436 1800/8439
f 1355/8472 1468/8472 1615/8450
f 1468/8472 1599/8450 1615/8450
f 1599/8450 1626/8450 1615/8450
f 1615/8450 1626/8450 1655/8448
f 1626/8450 1623/8448 1655/8448
f 1623/8448 1642/8448 1655/8448
f 1642/8448 1788/8439 1655/8448
f 1655/8448 1788/8439 1802/8439
f 1788/8439 1800/8439 1802/8439
f 1800/8439 1811/8436 1802/8439
f 1811/8436 1780/8442 1802/8439
f 1780/8442 1684/8446 1802/8439
f 1802/8439 1684/8446 1655/8448
f 1684/8446 1670/8447 1655/8448
f 1670/8447 1615/8450 1655/8448
f 1655/8365 1790/8382 1802/8383
f 1483/8567 1322/8567 1468/8566
f 1322/8567 1329/8566 1468/8566
f 1329/8566 1355/8565 1468/8566
f 1355/8337 1615/8361 1468/8337
f 1468/8337 1615/8361 1599/8361
f 1599/8361 1615/8361 1626/8361
f 1615/8361 1655/8365 1626/8361
f 1626/8361 1655/8365 1623/8365
f 1623/8365 1655/8365 1642/8365
f 1642/8365 1655/8365 1788/8383
f 1655/8365 1802/8383 1788/8383
f 1788/8383 1802/8383 1962/8387
f 1962/8387 1802/8383 2211/8387
f 2112/8386 2211/8387 2134/8386
f 2211/8387 1802/8383 2134/8386
f 2134/8386 1802/8383 1833/8384
f 1833/8384 1802/8383 1676/8373
f 1802/8383 1790/8382 1676/8373
f 1790/8382 1655/8365 1676/8373
f 1655/8365 1579/8353 1676/8373
f 1676/8405 1579/8411 1515/8422
f 1515/8422 1579/8411 1555/8415
f 1579/8353 1655/8365 1555/8352
f 1655/8365 1615/8361 1555/8352
f 1555/8352 1615/8361 1534/8351
f 1615/8361 1355/8337 1534/8351
f 1534/8351 1355/8337 1390/8336
f 1355/8565 1329/8566 1390/8534
f 1390/8534 1329/8566 1318/8536
f 1318/8536 1329/8566 1336/8537
f 1329/8566 1322/8567 1336/8537
f 1322/8567 1333/8538 1336/8537
f 1336/8520 1333/8522 1324/8521
f 1333/8522 1332/8527 1324/8521
f 1324/8521 1332/8527 1289/8532
f 1392/8543 1289/8543 1272/8569
f 1289/8543 1332/8539 1272/8569
f 1332/8539 1333/8538 1272/8569
f 1333/8538 1322/8567 1272/8569
f 1377/8491 1272/8492 1294/8491
f 1272/8492 1322/8487 1294/8491
f 1294/8491 1322/8487 1334/8489
f 1322/8487 1329/8481 1334/8489
f 1334/8489 1329/8481 1315/8486
f 1315/8486 1329/8481 1338/8485
f 1329/8481 1330/8478 1338/8485
f 1330/8478 1319/8480 1338/8485
f 1319/8507 1326/8502 1338/8506
f 1338/8506 1326/8502 1284/8500
f 1284/8500 1326/8502 1414/8500
f 1414/8500 1326/8502 1484/8502
f 1484/8502 1326/8502 1485/8502
f 1326/8502 1384/8512 1485/8502
f 1485/8502 1384/8512 1469/8512
f 1384/8258 1741/8312 1469/8258
f 1469/8258 1741/8312 1728/8312
f 1728/8312 1741/8312 1980/8334
f 1980/8334 1741/8312 2221/8334
f 1741/8312 1750/8313 2221/8334
f 1750/8313 1866/8326 2221/8334
f 1866/8326 2169/8333 2221/8334
f 2169/8333 2140/8333 2221/8334
f 2198/8334 2221/8334 2117/8333
f 2221/8334 2140/8333 2117/8333
f 2140/8426 2169/8426 2175/8427
f 2169/8426 2211/8427 2175/8427
f 2175/8387 2211/8387 2097/8386
f 2211/8387 2112/8386 2097/8386
f 2097/8389 2112/8389 2142/8390
f 2112/8389 2134/8389 2142/8390
f 2142/8390 2134/8389 2193/8390
f 2134/8389 1833/8394 2193/8390
f 1833/8394 1676/8405 2193/8390
f 1378/8424 1465/8419 1535/8419
f 1511/8419 1947/8390 1535/8419
f 1947/8390 2193/8390 1535/8419
f 2193/8390 1676/8405 1535/8419
f 1676/8405 1515/8422 1535/8419
f 1535/8419 1515/8422 1378/8424
f 1515/8422 1555/8415 1378/8424
f 1555/8415 1534/8418 1378/8424
f 1534/8418 1390/8423 1378/8424
f 1420/8516 1378/8516 1374/8518
f 1378/8516 1390/8515 1374/8518
f 1390/8515 1318/8519 1374/8518
f 1318/8519 1336/8520 1374/8518
f 1336/8520 1324/8521 1374/8518
f 1515/8518 1374/8518 1514/8518
f 1514/8518 1374/8518 1482/8521
f 1374/8518 1324/8521 1482/8521
f 1482/8521 1324/8521 1429/8533
f 1429/8533 1324/8521 1268/8533
f 1324/8521 1289/8532 1268/8533
f 1289/8532 1392/8532 1268/8533
f 1268/8533 1392/8532 1433/8533
f 1392/8543 1272/8569 1444/8569
f 1272/8492 1377/8491 1444/8492
f 1414/8495 1377/8494 1283/8495
f 1377/8494 1294/8494 1283/8495
f 1294/8494 1334/8499 1283/8495
f 1334/8499 1315/8501 1283/8495
f 1315/8501 1338/8506 1283/8495
f 1338/8506 1284/8500 1283/8495
f 1283/8495 1284/8500 1365/8500
f 2155/6902 2182/6903 2087/6903
f 1752/6955 2115/6964 1717/6956
f 1472/6954 1717/6956 1474/6971
f 1717/6956 2115/6964 1474/6971
f 2115/6964 2119/6976 1474/6971
f 1474/6971 2119/6976 1527/6984
f 2119/6976 2100/6978 1527/6984
f 2100/6978 2120/6983 1527/6984
f 1527/6984 2120/6983 2240/6986
f 2179/6856 2240/6856 2178/6856
f 2178/6986 2240/6986 2085/6983
f 2240/6986 2120/6983 2085/6983
f 2085/6983 2120/6983 2174/6976
f 2120/6983 2100/6978 2174/6976
f 2100/6978 2119/6976 2174/6976
f 2174/6976 2119/6976 2170/6964
f 2119/6976 2115/6964 2170/6964
f 2170/6989 2115/6989 2166/6988
f 2166/6988 2115/6989 2109/6988
f 2115/6989 1752/6985 2109/6988
f 2342/6988 2109/6988 1753/6985
f 2109/6988 1752/6985 1753/6985
f 1753/6956 1752/6955 1707/6956
f 1752/6955 1717/6956 1707/6956
f 1707/6956 1717/6956 1479/6954
f 1717/6956 1472/6954 1479/6954
f 1479/6954 1472/6954 1357/6954
f 1357/6981 1472/6981 1327/6981
f 1767/6889 1763/6886 1762/6887
f 1747/6849 1762/6852 1748/6850
f 1762/6852 1763/6853 1748/6850
f 1748/6850 1763/6853 1436/6854
f 1436/6896 1763/6895 1419/6899
f 1763/6895 1767/6898 1419/6899
f 1767/6940 1762/6942 1419/6933
f 1762/6845 1747/6848 1419/6843
f 1747/6848 1394/6846 1419/6843
f 1419/6843 1394/6846 1383/6847
f 1394/6991 1747/6993 1383/6999
f 1747/6993 1748/6998 1383/6999
f 1748/6850 1436/6854 1383/6851
f 774/7015 767/7019 854/7015
f 514/6977 602/6980 859/6995
f 854/6996 859/6995 717/6996
f 717/6996 859/6995 704/6995
f 747/6994 704/6995 840/6994
f 704/6995 859/6995 840/6994
f 859/6995 602/6980 840/6994
f 1036/6943 1140/6959 1180/6959
f 1180/6959 1140/6959 1472/6981
f 2183/7023 1740/7024 1556/7025
f 1530/6949 1527/6965 1474/6948
f 1122/6885 1074/6882 982/6880
f 982/6880 1074/6882 957/6878
f 922/7014 957/7017 975/7020
f 957/6878 1074/6882 975/6879
f 906/6873 993/6866 1031/6858
f 1031/6914 993/6917 1161/6893
f 1161/6893 993/6917 1113/6904
f 993/6917 975/6919 1113/6904
f 1113/6904 975/6919 1125/6905
f 975/7007 1074/7013 1125/7016
f 1125/7005 1074/7011 1144/7004
f 1074/7011 1122/7006 1144/7004
f 1144/7004 1122/7006 1184/7003
f 1184/7003 1122/7006 1291/7001
f 1181/6867 1474/6838 1178/6862
f 1178/6979 1474/6997 1138/6969
f 1138/6969 1474/6997 1118/6967
f 903/6946 1118/6920 1092/6923
f 1118/6967 1474/6997 1092/6961
f 1092/6961 1474/6997 1102/6962
f 1474/6997 1276/6982 1102/6962
f 1276/6930 1291/6925 1102/6947
f 1291/6925 1122/6939 1102/6947
f 1122/6944 982/6929 1102/6932
f 1102/6922 982/6938 854/6952
f 982/7021 957/7017 854/7012
f 957/7017 922/7014 854/7012
f 854/7012 922/7014 825/7010
f 922/7014 975/7020 825/7010
f 975/6926 993/6928 825/6927
f 825/6884 993/6866 800/6883
f 800/6883 993/6866 844/6881
f 993/6866 906/6873 844/6881
f 844/6881 906/6873 598/6906
f 598/6906 906/6873 940/6873
f 940/6873 906/6873 1075/6842
f 906/6873 1031/6858 1075/6842
f 1031/6914 1161/6893 1075/6911
f 1075/6911 1161/6893 1066/6907
f 1066/6937 1161/6945 1277/6957
f 1372/6950 1277/6950 1295/6968
f 1277/6950 1161/6951 1295/6968
f 1161/6951 1113/6963 1295/6968
f 1113/6963 1125/6966 1295/6968
f 1125/7005 1144/7004 1295/7000
f 1144/7004 1184/7003 1295/7000
f 1184/7003 1291/7001 1295/7000
f 1295/7026 1291/7027 1556/7018
f 1291/6925 1276/6930 1556/6912
f 1276/6930 1474/6934 1556/6912
f 1474/6948 1527/6965 1556/6975
f 1556/6992 1527/6984 2240/6986
f 2240/6856 1527/6840 2251/6860
f 2251/6860 1527/6840 2082/6870
f 2082/6870 1527/6840 2124/6871
f 1527/6840 1530/6869 2124/6871
f 2124/6871 1530/6869 2229/6875
f 1530/6869 2116/6874 2229/6875
f 2116/6874 1530/6869 1749/6891
f 1513/6936 1530/6949 1472/6935
f 1530/6949 1474/6948 1472/6935
f 1474/6838 1181/6867 1472/6868
f 1472/6981 1181/6960 1180/6959
f 1180/6959 1181/6960 1036/6943
f 1181/6910 1178/6913 1036/6931
f 1178/6913 1138/6915 1036/6931
f 1036/6931 1138/6915 951/6941
f 1138/6915 1118/6920 951/6941
f 1118/6920 903/6946 951/6941
f 951/6941 903/6946 840/6953
f 903/6946 1092/6923 840/6953
f 1092/6923 1102/6922 840/6953
f 1102/6922 854/6952 840/6953
f 840/6953 854/6952 747/6953
f 747/6953 854/6952 717/6952
f 717/6894 854/6894 678/6888
f 662/6908 678/6909 581/6908
f 581/6908 678/6909 577/6909
f 678/6888 854/6894 577/6888
f 854/6894 825/6892 577/6888
f 825/6884 800/6883 577/6909
f 800/6883 844/6881 577/6909
f 844/6881 598/6906 577/6909
f 577/6909 598/6906 581/6908
f 581/7008 577/6987 662/7008
f 662/7008 577/6987 678/6987
f 678/6916 577/6918 775/6916
f 775/6916 577/6918 767/6916
f 528/6921 767/6916 409/6924
f 767/6916 577/6918 409/6924
f 577/6987 581/7008 409/7009
f 409/6973 581/6990 408/6970
f 526/6861 408/6859 467/6859
f 408/6970 581/6990 467/6970
f 467/6970 581/6990 644/6990
f 581/6908 598/6906 644/6908
f 644/6908 598/6906 723/6906
f 598/6906 940/6873 723/6906
f 958/6873 940/6873 1124/6842
f 940/6873 1075/6842 1124/6842
f 1124/6911 1075/6911 1117/6911
f 1117/6911 1075/6911 1126/6907
f 1075/6911 1066/6907 1126/6907
f 1408/6958 1126/6937 1299/6958
f 1126/6937 1066/6937 1299/6958
f 1066/6937 1277/6957 1299/6958
f 1277/6957 1372/6957 1299/6958
f 1299/6958 1372/6957 1443/6958
f 1443/6841 1372/6872 1417/6897
f 1372/6950 1295/6968 1417/6968
f 1417/7018 1295/7026 1565/7018
f 1295/7026 1556/7018 1565/7018
f 1565/7025 1556/7025 1736/7024
f 1556/7025 1740/7024 1736/7024
f 1736/6890 1740/6890 2224/6900
f 2224/6900 1740/6890 2068/6900
f 2136/6865 2068/6865 2135/6864
f 2068/6865 2067/6864 2135/6864
f 2135/6864 2067/6864 2111/6864
f 2111/6864 2067/6864 2110/6864
f 2110/6864 2067/6864 2096/6863
f 2096/6863 2067/6864 2155/6863
f 2067/6864 2068/6865 2155/6863
f 2068/6900 1740/6890 2155/6902
f 1740/6890 2183/6901 2155/6902
f 2155/6902 2183/6901 2182/6903
f 2183/7023 1556/7025 2182/7022
f 1556/6992 2240/6986 2182/7002
f 2110/7002 2182/7002 2150/6986
f 2182/7002 2240/6986 2150/6986
f 2150/6856 2240/6856 2179/6856
f 2179/6856 2240/6856 2199/6860
f 2240/6856 2251/6860 2199/6860
f 2199/6860 2251/6860 2125/6870
f 2251/6860 2082/6870 2125/6870
f 2125/6870 2082/6870 2157/6871
f 1513/6936 1472/6935 1387/6936
f 1387/6936 1472/6935 1327/6935
f 1472/6981 1140/6959 1327/6981
f 1327/6981 1140/6959 1115/6959
f 1115/6959 1140/6959 973/6943
f 1140/6959 1036/6943 973/6943
f 1036/6931 951/6941 973/6931
f 973/6931 951/6941 881/6941
f 951/6941 840/6953 881/6941
f 881/6941 840/6953 709/6953
f 840/6994 602/6980 709/6994
f 709/6994 602/6980 518/6980
f 602/6980 514/6977 518/6980
f 518/6980 514/6977 485/6977
f 485/6977 514/6977 467/6977
f 467/6977 514/6977 481/6974
f 481/6974 514/6977 527/6974
f 514/6977 859/6995 527/6974
f 859/6995 854/6996 527/6974
f 510/6972 527/6974 526/6972
f 527/6974 854/6996 526/6972
f 854/7015 767/7019 526/7028
f 767/6839 528/6876 526/6877
f 528/6857 409/6855 526/6861
f 409/6855 408/6859 526/6861
f 1419/6843 1383/6847 1436/6844
f 2153/8611 2156/8601 2162/8601
f 1321/8599 1375/8597 1328/8600
f 1328/8600 1375/8597 1379/8596
f 2118/8572 2167/8571 2151/8572
f 2151/8572 2167/8571 1673/8582
f 2167/8571 1942/8574 1673/8582
f 1942/8574 1379/8593 1673/8582
f 1379/8593 1375/8594 1673/8582
f 1673/8582 1375/8594 1380/8595
f 1375/8597 1321/8599 1380/8598
f 1321/8599 1325/8606 1380/8598
f 2122/8609 1380/8633 1785/8622
f 1785/8622 1380/8633 1602/8630
f 1584/8631 1602/8630 1560/8632
f 1602/8630 1380/8633 1560/8632
f 1560/8632 1380/8633 1287/8636
f 1287/8621 1380/8607 1285/8617
f 1380/8607 1325/8606 1285/8617
f 1285/8617 1325/8606 1280/8613
f 1325/8606 1321/8599 1280/8613
f 1321/8599 1328/8600 1280/8613
f 1280/8613 1328/8600 1431/8613
f 1431/8613 1328/8600 1478/8600
f 1328/8600 1379/8596 1478/8600
f 1379/8593 1942/8574 1478/8593
f 1478/8593 1942/8574 1922/8574
f 1942/8574 2167/8571 1922/8574
f 1922/8574 2167/8571 2181/8571
f 2181/8571 2167/8571 2138/8572
f 2167/8571 2118/8572 2138/8572
f 2138/8572 2118/8572 2168/8573
f 2118/8572 2151/8572 2168/8573
f 2168/8573 2151/8572 2162/8573
f 2151/8572 1673/8582 2162/8573
f 1673/8582 1380/8595 2162/8573
f 1380/8633 2122/8609 2162/8608
f 2162/8601 2122/8610 2153/8611
f 2122/8610 1785/8623 2153/8611
f 2153/8611 1785/8623 2362/8611
f 2362/8611 1785/8623 1801/8623
f 1801/8623 1785/8623 1786/8623
f 1785/8622 1602/8630 1786/8622
f 1786/8622 1602/8630 1641/8631
f 1602/8630 1584/8631 1641/8631
f 1641/8631 1584/8631 1621/8631
f 1621/8631 1584/8631 1559/8631
f 1559/8631 1584/8631 1510/8631
f 1584/8631 1560/8632 1510/8631
f 1510/8631 1560/8632 1438/8636
f 1560/8632 1287/8636 1438/8636
f 1287/8621 1285/8617 1438/8621
f 1285/8617 1280/8613 1438/8621
f 1438/8621 1280/8613 1432/8613
f 3708/6020 3680/6020 3785/6024
f 3707/6028 3619/6028 3775/6024
f 3619/6028 3785/6024 3775/6024
f 3775/6024 3785/6024 3679/6020
f 3785/6024 3680/6020 3679/6020
f 3679/6067 3680/6067 3630/6068
f 3680/6067 3708/6067 3630/6068
f 3708/6067 3640/6068 3630/6068
f 4440/6040 4415/6043 4379/6040
f 4736/6003 4809/6003 4623/6003
f 4350/6022 4458/6019 4440/6022
f 4440/6022 4458/6019 4540/6019
f 4458/6019 4623/6003 4540/6019
f 4623/6003 4809/6003 4540/6019
f 4540/6019 4809/6003 4899/6003
f 4809/5810 4736/5813 4899/5813
f 4905/6001 4899/6003 4690/6001
f 4899/6003 4736/6001 4690/6001
f 4128/5905 4101/5905 4106/5910
f 4465/5818 4386/5820 4809/5810
f 4899/5813 4809/5813 4840/5810
f 4840/5810 4809/5810 4392/5820
f 4809/5810 4386/5820 4392/5820
f 4392/5858 4386/5858 4177/5867
f 4386/5858 4101/5867 4177/5867
f 5583/5954 5580/5958 5395/5954
f 5395/5954 5580/5958 5388/5954
f 5058/5807 5047/5807 4840/5810
f 5047/5807 4809/5810 4840/5810
f 3619/5816 3707/5816 3785/5821
f 3707/5816 3775/5821 3785/5821
f 3785/5903 3775/5903 3708/5907
f 3775/5903 3680/5907 3708/5907
f 3708/5907 3680/5907 3640/5906
f 3630/5906 3640/5906 3679/5907
f 3640/5906 3680/5907 3679/5907
f 3680/5907 3775/5903 3679/5907
f 5583/5989 5395/5989 5580/5986
f 5395/5989 5388/5989 5580/5986
f 5058/6058 4840/6053 5047/6058
f 5047/6058 4840/6053 4809/6053
f 4840/6053 4469/6048 4809/6053
f 4809/6053 4469/6048 4465/6048
f 4424/6047 4392/6047 4386/6047
f 4392/6047 4177/6038 4386/6047
f 4177/6038 4101/6038 4386/6047
f 4350/5913 4440/5913 4458/5922
f 4440/5913 4540/5922 4458/5922
f 4458/5759 4540/5762 4623/5752
f 4540/5952 4809/5943 4623/5944
f 4623/5942 4809/5942 4736/5942
f 4809/5942 4899/5937 4736/5942
f 4736/5942 4899/5937 4690/5942
f 4899/5937 4905/5942 4690/5942
f 4101/5898 4128/5898 4106/5900
f 5548/5988 5580/5986 5543/5987
f 5543/5987 5580/5986 5502/5985
f 5011/6057 5047/6058 4684/6051
f 4587/6050 4684/6051 4809/6053
f 4684/6051 5047/6058 4809/6053
f 4985/5808 4803/5812 4809/5813
f 4809/5814 4803/5812 4465/5818
f 4803/5812 4720/5815 4465/5818
f 4720/5815 4574/5817 4386/5820
f 4574/5817 4373/5819 4386/5820
f 4386/5858 4373/5857 4101/5867
f 4142/5901 4110/5901 4106/5900
f 4110/5901 4101/5898 4106/5900
f 4123/5909 4106/5910 4098/5909
f 4106/5910 4101/5905 4098/5909
f 4098/5866 4101/5867 4344/5859
f 4101/5867 4373/5857 4344/5859
f 4344/5859 4373/5857 4881/5848
f 4881/5811 4373/5819 4928/5809
f 4373/5819 4574/5817 4928/5809
f 4574/5817 4720/5815 4928/5809
f 4928/5809 4720/5815 5160/5806
f 4720/5815 4803/5812 5160/5806
f 4803/5812 4985/5808 5160/5806
f 5160/5806 4985/5808 5204/5805
f 4985/5808 4809/5810 5204/5805
f 4809/5810 5047/5807 5204/5805
f 5204/5829 5047/5826 5273/5832
f 5566/5850 5574/5852 5525/5849
f 5574/5852 5538/5855 5525/5849
f 5525/5849 5538/5855 5568/5856
f 5538/5953 5574/5956 5583/5954
f 5574/5956 5566/5964 5583/5954
f 5566/5964 5580/5958 5583/5954
f 5580/5986 5548/5988 5583/5989
f 5583/5989 5548/5988 5510/5988
f 5510/5963 5548/5963 5554/5962
f 5554/5962 5548/5963 5553/5957
f 5548/5963 5543/5955 5553/5957
f 5543/5955 5502/5950 5553/5957
f 5011/5974 4684/5973 4428/5971
f 4684/5973 4587/5972 4428/5971
f 4428/5971 4587/5972 4329/5970
f 4587/6050 4809/6053 4329/6046
f 4329/6046 4465/6048 4260/6045
f 4465/6048 4386/6047 4260/6045
f 4386/6047 4101/6038 4260/6044
f 4101/6038 4110/6037 4260/6044
f 4260/5968 4110/5966 4117/5965
f 4117/5899 4110/5901 4095/5902
f 4110/5901 4142/5901 4095/5902
f 4095/5902 4142/5901 4209/5902
f 4142/5901 4106/5900 4194/5900
f 4106/5910 4123/5909 4194/5910
f 4194/5910 4123/5909 4191/5909
f 4191/5909 4123/5909 4214/5908
f 4214/5908 4123/5909 4097/5908
f 4123/5909 4098/5909 4097/5908
f 4165/5904 4097/5908 4120/5904
f 4097/5908 4098/5909 4120/5904
f 4098/5866 4344/5859 4120/5865
f 4344/5859 4881/5848 4120/5865
f 4120/5865 4881/5848 4166/5865
f 4166/5865 4881/5848 4933/5848
f 4881/5811 4928/5809 4933/5809
f 4933/5809 4928/5809 4994/5809
f 4928/5809 5160/5806 4994/5809
f 4994/5809 5160/5806 5198/5806
f 5417/5849 5525/5849 5376/5856
f 5525/5849 5568/5856 5376/5856
f 5568/5856 5538/5855 5376/5856
f 5376/5856 5538/5855 5381/5855
f 5381/5953 5538/5953 5394/5954
f 5538/5953 5583/5954 5394/5954
f 5583/5989 5510/5988 5394/5989
f 5394/5989 5510/5988 5398/5988
f 5398/5963 5510/5963 5354/5962
f 5510/5963 5554/5962 5354/5962
f 5354/5962 5554/5962 5405/5957
f 5554/5962 5553/5957 5405/5957
f 4431/5971 4428/5971 4118/5967
f 4118/5967 4428/5971 4150/5967
f 4428/5971 4329/5970 4150/5967
f 4329/5970 4260/5969 4150/5967
f 4260/5968 4117/5965 4150/5967
f 4150/5967 4117/5965 4151/5965
f 4117/5899 4095/5902 4151/5899
f 2856/5784 3081/5793 3048/5792
f 3048/5792 3081/5804 3775/5821
f 3081/5854 3091/5853 3775/5903
f 3282/5863 3679/5907 3775/5903
f 3775/6024 3679/6020 3999/6017
f 3999/6061 3679/6067 4054/6055
f 4054/6055 3679/6067 3630/6068
f 3277/5862 3630/5906 3276/5862
f 3630/5906 3679/5907 3276/5862
f 3679/5907 3282/5863 3276/5862
f 3276/5862 3282/5863 2927/5825
f 2927/5825 3282/5863 3270/5860
f 3282/5863 3775/5903 3270/5860
f 3775/5903 3091/5853 3270/5860
f 3270/6026 3091/6032 2979/6031
f 2979/6031 3091/6032 2165/6056
f 3091/6032 3081/6033 2165/6056
f 2165/6056 3081/6033 1919/6060
f 3081/6033 2856/6052 1919/6060
f 2856/6052 2857/6054 1919/6060
f 1933/6069 1919/6060 2102/6069
f 2102/6069 1919/6060 2803/6059
f 1919/6060 2857/6054 2803/6059
f 2803/5782 2857/5783 2984/5788
f 2984/5788 2857/5783 3033/5791
f 2857/5783 2856/5784 3033/5791
f 2856/5784 3048/5792 3033/5791
f 3033/5791 3048/5792 3707/5816
f 3048/5792 3775/5821 3707/5816
f 3707/6028 3775/6024 4284/6014
f 3775/6024 4364/6013 4284/6014
f 4284/5760 4364/5763 4395/5764
f 4364/6013 3775/6024 4395/6012
f 4395/6012 3775/6024 4164/6009
f 3775/6024 3999/6017 4164/6009
f 3999/6061 4054/6055 4164/6049
f 4756/6008 4611/6015 4899/6003
f 4899/6003 4611/6015 4540/6019
f 4611/6015 4610/6016 4540/6019
f 4540/6019 4610/6016 4482/6018
f 4482/5998 4610/5997 4672/5995
f 4610/5997 4611/5996 4672/5995
f 4672/5995 4611/5996 4626/5994
f 4611/5996 4756/5993 4626/5994
f 4756/5993 4757/5992 4626/5994
f 4626/5994 4757/5992 4811/5991
f 4811/6002 4757/6007 4905/6001
f 4757/6007 4756/6008 4905/6001
f 4756/6008 4899/6003 4905/6001
f 4905/5942 4899/5937 4839/5941
f 4899/5937 4735/5930 4839/5941
f 4839/5961 4640/5932 4920/5960
f 4730/5940 4920/5960 4460/5923
f 4460/5923 4920/5960 4449/5921
f 4920/5960 4640/5932 4449/5921
f 4449/5921 4640/5932 4639/5931
f 4640/5932 4839/5961 4639/5931
f 4639/5931 4839/5961 4586/5929
f 4839/5961 4735/5936 4586/5929
f 4586/5929 4735/5936 4583/5928
f 4735/5930 4899/5937 4583/5925
f 4899/5937 4540/5922 4583/5925
f 4583/5925 4540/5922 4487/5918
f 4104/5876 4126/5875 4054/5878
f 4054/5878 4126/5875 4352/5870
f 4384/5894 4352/5896 4313/5897
f 4352/5870 4126/5875 4313/5871
f 4126/5875 4104/5876 4313/5871
f 4104/5876 4073/5877 4313/5872
f 4313/5775 4073/5785 3706/5794
f 3760/6035 3706/6036 3731/6035
f 3731/6035 3706/6036 4003/6030
f 3706/6036 4073/6025 4003/6030
f 4073/6025 4104/6023 4003/6030
f 4003/6030 4104/6023 4045/6029
f 4104/6023 4054/6027 4045/6029
f 3854/6034 4045/6029 4046/6029
f 4045/6029 4054/6027 4046/6029
f 4441/5869 4443/5869 4378/5869
f 4443/5869 4388/5869 4378/5869
f 4388/5869 4046/5878 4378/5869
f 4046/5878 4054/5878 4378/5869
f 4054/5878 4352/5870 4378/5869
f 4440/5890 4416/5893 4415/5893
f 4416/5893 4378/5895 4415/5893
f 4378/5895 4352/5896 4415/5893
f 4352/5896 4384/5894 4415/5893
f 4415/5893 4384/5894 4440/5890
f 4384/5894 4442/5891 4440/5890
f 4442/5912 4487/5918 4440/5913
f 4487/5918 4540/5922 4440/5913
f 4540/6019 4482/6018 4440/6022
f 4482/6018 4435/6021 4440/6022
f 4435/6039 4409/6041 4440/6040
f 4440/6040 4409/6041 4415/6043
f 4409/6041 4368/6042 4415/6043
f 4368/6042 4164/6049 4415/6043
f 4164/6049 4054/6055 4415/6043
f 4379/6043 4415/6043 4046/6055
f 4415/6043 4054/6055 4046/6055
f 4046/6055 4054/6055 3854/6068
f 4054/6055 3630/6068 3854/6068
f 3854/5906 3630/5906 3277/5862
f 3277/5862 3276/5862 2929/5825
f 3276/5862 2927/5825 2929/5825
f 1994/5868 2257/5868 2888/5845
f 2257/5868 2890/5845 2888/5845
f 2888/5845 2890/5845 2917/5833
f 2890/5845 2920/5833 2917/5833
f 2920/5824 2929/5827 2917/5824
f 2929/5827 2927/5827 2917/5824
f 2927/5827 3270/5861 2917/5824
f 3270/5861 2979/5839 2917/5824
f 2979/5823 2165/5864 2917/5833
f 2917/5833 2165/5864 2888/5845
f 3018/5769 3259/5777 2888/5755
f 3259/5777 3256/5778 2888/5755
f 3256/5778 3273/5779 2888/5755
f 2888/5755 3273/5779 2917/5758
f 2888/5845 2795/5851 1994/5868
f 1994/5917 2795/5924 2028/5917
f 2028/5917 2795/5924 2796/5924
f 2796/5924 2795/5924 2808/5924
f 2795/5924 2888/5927 2808/5924
f 2808/5924 2888/5927 2890/5927
f 2888/5755 2917/5758 2890/5755
f 2890/5755 2917/5758 2920/5758
f 2920/5758 2917/5758 3277/5780
f 3277/5780 2917/5758 3266/5780
f 2917/5758 3273/5779 3266/5780
f 3266/5780 3273/5779 3625/5801
f 3625/5801 3273/5779 3740/5800
f 3273/5779 3256/5778 3740/5800
f 3256/5778 3259/5777 3740/5800
f 3740/5800 3259/5777 3662/5799
f 3356/5789 3662/5799 3250/5776
f 3662/5799 3259/5777 3250/5776
f 3259/5777 3018/5769 3250/5776
f 3018/5769 2986/5768 3250/5776
f 3250/5776 2986/5768 2980/5766
f 2980/5934 2986/5935 2795/5924
f 2986/5935 3018/5939 2795/5924
f 3018/5939 2888/5927 2795/5924
f 2888/5845 2165/5864 2795/5851
f 2795/5851 2165/5864 1994/5868
f 2022/5914 2051/5914 2042/5916
f 2099/5874 2069/5874 2070/5873
f 2069/5874 2042/5873 2070/5873
f 2070/5916 2042/5916 2052/5914
f 2042/5916 2051/5914 2052/5914
f 2052/5914 2051/5914 2028/5917
f 2051/5914 2022/5914 2028/5917
f 2022/5914 1994/5917 2028/5917
f 2028/5868 1994/5868 1967/5864
f 1994/5868 2165/5864 1967/5864
f 1967/6060 2165/6056 1939/6060
f 2165/6056 1919/6060 1939/6060
f 1939/6060 1919/6060 2149/6069
f 1919/6060 1933/6069 2149/6069
f 2149/5773 1933/5773 1953/5771
f 1933/5773 2102/5773 1953/5771
f 1953/5771 2102/5773 2133/5771
f 2102/5773 2803/5782 2133/5771
f 2803/5782 2984/5788 2133/5771
f 2133/5771 2984/5788 2190/5771
f 2190/5771 2984/5788 2985/5788
f 2984/5788 3033/5791 2985/5788
f 2985/5788 3033/5791 3034/5791
f 3034/5791 3033/5791 3055/5791
f 3033/5791 3707/5816 3055/5791
f 3055/5791 3707/5816 3809/5816
f 3707/6028 4284/6014 3809/6028
f 3809/6028 4284/6014 4286/6014
f 4284/5760 4395/5764 4286/5760
f 4286/5760 4395/5764 4406/5764
f 4164/6009 4368/6006 4395/6011
f 4368/6006 4409/6005 4395/6011
f 4433/6010 4395/6011 4432/6010
f 4395/6011 4409/6005 4432/6010
f 4409/6005 4435/6004 4432/6010
f 4435/6000 4482/5998 4432/5999
f 4482/5998 4672/5995 4432/5999
f 4336/5999 4432/5999 4508/5995
f 4432/5999 4672/5995 4508/5995
f 4508/5995 4672/5995 4509/5994
f 4672/5995 4626/5994 4509/5994
f 4509/5994 4626/5994 4520/5994
f 4520/5994 4626/5994 4724/5990
f 4724/5990 4626/5994 4891/5990
f 4626/5994 4811/5991 4891/5990
f 4891/5990 4811/5991 4667/5990
f 4667/5990 4811/5991 4729/5991
f 4729/6002 4811/6002 4689/6001
f 4811/6002 4905/6001 4689/6001
f 4905/5942 4839/5941 4689/5942
f 4689/5942 4839/5941 4676/5941
f 4839/5961 4920/5960 4676/5961
f 4676/5961 4920/5960 4703/5960
f 4713/5959 4703/5960 4867/5959
f 4703/5960 4920/5960 4867/5959
f 4920/5960 4730/5940 4867/5959
f 4867/5959 4730/5940 4713/5959
f 4713/5959 4730/5940 4584/5940
f 4730/5940 4460/5923 4584/5940
f 4584/5940 4460/5923 4407/5923
f 4407/5923 4460/5923 4365/5923
f 4460/5923 4449/5921 4365/5923
f 4365/5923 4449/5921 4359/5921
f 4357/5751 4330/5751 4448/5751
f 4330/5751 4359/5757 4448/5751
f 4359/5757 4449/5757 4448/5751
f 4449/5757 4639/5770 4448/5751
f 4639/5754 4586/5756 4448/5761
f 4586/5929 4583/5928 4448/5920
f 4426/5911 4448/5915 4445/5911
f 4448/5915 4583/5925 4445/5911
f 4583/5925 4487/5918 4445/5911
f 4487/5918 4442/5912 4445/5911
f 4442/5891 4384/5894 4445/5892
f 4384/5894 4313/5897 4445/5892
f 4445/5892 4313/5897 4330/5897
f 4330/5897 4313/5897 4359/5897
f 4359/5897 4313/5897 4314/5897
f 4314/5775 4313/5775 3797/5795
f 3797/5795 4313/5775 3661/5795
f 4313/5775 3706/5794 3661/5795
f 3683/5795 3661/5795 3741/5794
f 3661/5795 3706/5794 3741/5794
f 3741/6036 3706/6036 3761/6035
f 3706/6036 3760/6035 3761/6035
f 3761/6035 3760/6035 3640/6034
f 3760/6035 3731/6035 3640/6034
f 3640/6034 3731/6035 3630/6034
f 3731/6035 4003/6030 3630/6034
f 4003/6030 4045/6029 3630/6034
f 4045/6029 3854/6034 3630/6034
f 3854/5802 3277/5780 3630/5802
f 3277/5780 3266/5780 3630/5802
f 3266/5780 3625/5801 3630/5802
f 3625/5801 3759/5801 3630/5802
f 3640/5802 3630/5802 3635/5801
f 3630/5802 3759/5801 3635/5801
f 3635/5801 3759/5801 3762/5800
f 3759/5801 3625/5801 3762/5800
f 3625/5801 3740/5800 3762/5800
f 3762/5800 3740/5800 3686/5799
f 3740/5800 3662/5799 3686/5799
f 3686/5799 3662/5799 3683/5798
f 3662/5799 3661/5798 3683/5798
f 3683/5798 3661/5798 3607/5797
f 3044/5822 3066/5822 2099/5874
f 2069/5874 2099/5874 3066/5822
f 3066/5822 3044/5822 3512/5796
f 3044/5822 3607/5796 3512/5796
f 3607/5797 3661/5798 3512/5797
f 3661/5798 3662/5799 3512/5797
f 3662/5799 3356/5789 3512/5797
f 2069/5874 3066/5822 2982/5831
f 2982/5831 3066/5822 3358/5803
f 3066/5822 3512/5796 3358/5803
f 3358/5790 3512/5797 3288/5781
f 3288/5781 3512/5797 3336/5786
f 3336/5786 3512/5797 3354/5787
f 3512/5797 3356/5789 3354/5787
f 3354/5787 3356/5789 3219/5774
f 3356/5789 3250/5776 3219/5774
f 3250/5776 2980/5766 3219/5774
f 3219/5774 2980/5766 2960/5765
f 2980/5934 2795/5924 2960/5933
f 2960/5933 2795/5924 2644/5919
f 2795/5924 1994/5917 2644/5919
f 1994/5917 2022/5914 2644/5919
f 2022/5914 2042/5916 2644/5919
f 2644/5919 2042/5916 2870/5926
f 2870/5926 2042/5916 2990/5938
f 2042/5873 2069/5874 2990/5830
f 2069/5874 2982/5831 2990/5830
f 2982/5831 3358/5803 2990/5830
f 3358/5790 3288/5781 2990/5767
f 2990/5767 3288/5781 3076/5772
f 3288/5781 3336/5786 3076/5772
f 3336/5786 3354/5787 3076/5772
f 3354/5787 3219/5774 3076/5772
f 3219/5774 2960/5765 3076/5772
f 2960/5933 2644/5919 3076/5951
f 2644/5919 2870/5926 3076/5951
f 2990/5767 3076/5772 2870/5753
f 6575/5694 6564/5680 6410/5680
f 6479/5378 6676/5378 6575/5401
f 5536/4924 5329/4909 5473/4901
f 5329/4909 5322/4888 5473/4901
f 6610/4436 6522/4427 6438/4417
f 3621/4147 3727/4147 3678/4148
f 3727/4147 3711/4148 3678/4148
f 3678/4313 3711/4316 3651/4467
f 3704/4488 3651/4467 3711/4321
f 5326/5627 5368/5629 5365/5630
f 5365/5630 5368/5629 5331/5635
f 5331/5635 5368/5629 5370/5634
f 5370/5634 5368/5629 5372/5633
f 5372/5633 5368/5629 5329/5622
f 5368/5629 5326/5627 5329/5622
f 4201/5326 4202/5316 4257/5270
f 4257/5270 4202/5316 4244/5267
f 4244/5267 4202/5316 4221/5288
f 4221/5288 4202/5316 4153/5357
f 4202/5316 4201/5326 4153/5357
f 4153/5357 4201/5326 4152/5360
f 4113/5365 4152/5360 4115/5362
f 4115/5362 4152/5360 4149/5359
f 4152/5360 4201/5326 4149/5359
f 4201/5326 4257/5270 4149/5359
f 4149/5359 4257/5270 4197/5325
f 4197/5325 4257/5270 4305/5233
f 4257/5270 4244/5267 4305/5233
f 4305/5233 4244/5267 4288/5248
f 4244/5267 4221/5288 4288/5248
f 4288/5245 4221/5288 4307/5242
f 4221/5288 4153/5355 4307/5242
f 4343/5242 4307/5242 4213/5357
f 4307/5242 4153/5357 4213/5357
f 4152/5360 4113/5365 4116/5363
f 4113/5365 4138/5365 4116/5363
f 4116/5363 4138/5365 4184/5363
f 4138/5365 4183/5365 4184/5363
f 4411/4932 4461/4962 4339/4923
f 4339/4923 4461/4962 4410/4844
f 4410/4844 4461/4962 4463/4844
f 4463/4844 4461/4962 4624/4962
f 4972/5699 4798/5636 4804/5645
f 4807/5644 4977/5710 4621/5585
f 4977/5710 4804/5645 4621/5585
f 4804/5645 4798/5636 4621/5585
f 4621/5585 4798/5636 4670/5580
f 4798/5636 4752/5628 4670/5580
f 4670/5580 4752/5628 4751/5626
f 4751/5626 4752/5628 4918/5692
f 4752/5628 4798/5636 4918/5692
f 4798/5636 4972/5699 4918/5692
f 4972/5699 4804/5645 4992/5711
f 4804/5645 4977/5710 4992/5711
f 4977/5710 5043/5710 4992/5711
f 4934/5637 4850/5674 5017/5674
f 4992/5711 5043/5710 5126/5711
f 5134/5709 5043/5710 4982/5709
f 5043/5710 4977/5710 4982/5709
f 4977/5710 4807/5644 4982/5709
f 4527/5594 4982/5406 4425/5594
f 4425/5594 4982/5406 4514/5523
f 4982/5406 4807/5443 4514/5523
f 4807/4585 4621/4497 4514/4423
f 4621/4497 4670/4487 4514/4423
f 4521/4435 4514/4413 4609/4483
f 4514/4423 4670/4487 4609/4483
f 4670/5580 4751/5626 4609/5574
f 4609/5574 4751/5626 4691/5610
f 4751/5626 4918/5692 4691/5610
f 4918/5692 4917/5686 4691/5610
f 4691/5610 4917/5686 4739/5605
f 4917/5686 4850/5674 4739/5605
f 4739/5605 4850/5674 4679/5599
f 4608/5575 4669/5582 4759/5637
f 4669/5582 4679/5599 4759/5637
f 4679/5599 4850/5674 4759/5637
f 4850/5674 4934/5637 4759/5637
f 4624/5706 4461/5706 4759/5746
f 4506/5712 4759/5746 4461/5706
f 5776/4418 5696/4437 5705/4410
f 5696/4864 5644/4873 5705/4883
f 5705/4556 5644/4576 5528/4548
f 5528/4758 5644/4732 5410/4744
f 6183/4756 6177/4757 5857/4607
f 6177/4757 6114/4749 5857/4607
f 5857/4607 6114/4749 5811/4581
f 6114/4749 6059/4749 5811/4581
f 5730/4581 5811/4581 5731/4581
f 5731/4581 5811/4581 5988/4749
f 5811/4581 6059/4749 5988/4749
f 6059/4749 6114/4749 6359/4870
f 6359/4870 6114/4749 6519/4870
f 6114/4749 6177/4757 6519/4870
f 6177/4757 6183/4756 6519/4870
f 6183/4756 6539/4869 6519/4870
f 6519/4870 6539/4869 6358/4870
f 6539/4869 6332/4869 6358/4870
f 5224/5489 5320/5560 5192/5481
f 5121/5419 5062/5418 4978/5419
f 5062/5418 4950/5418 4978/5419
f 4950/5418 5192/5481 4978/5419
f 5192/5481 5320/5560 4978/5419
f 4978/5419 5320/5560 5120/5419
f 5120/5419 5320/5560 5463/5560
f 5469/5566 5412/5566 5358/5566
f 5412/5566 5463/5560 5358/5566
f 5463/5560 5320/5560 5358/5566
f 5320/5560 5224/5489 5358/5566
f 5412/5660 5358/5650 5328/5660
f 5358/5650 5360/5652 5328/5660
f 5328/5660 5360/5652 5330/5659
f 5330/5659 5360/5652 5331/5658
f 5422/5658 5331/5658 5364/5649
f 5331/5658 5360/5652 5364/5649
f 5479/5564 5364/5564 5422/5564
f 5422/5564 5364/5564 5181/5430
f 5181/5430 5364/5564 5095/5430
f 5095/5430 5364/5564 5244/5496
f 5364/5564 5360/5565 5244/5496
f 5360/5565 5358/5566 5244/5496
f 5358/5566 5224/5489 5244/5496
f 5244/5496 5224/5489 5117/5451
f 5117/5451 5224/5489 4979/5417
f 5224/5489 5192/5481 4979/5417
f 5192/5481 4950/5418 4979/5417
f 4950/5418 5062/5418 4979/5417
f 5062/5418 5122/5417 4979/5417
f 5126/5257 4992/5257 4979/5271
f 4979/5271 4992/5257 5046/5249
f 5095/5430 5244/5496 5046/5427
f 5244/5496 5117/5451 5046/5427
f 6676/4655 6479/4655 6575/4694
f 6479/4655 6421/4694 6575/4694
f 6410/4694 6564/4704 6362/4694
f 6564/4704 6575/4694 6362/4694
f 6575/4168 6421/4168 6362/4168
f 3241/4933 3131/4872 3097/4871
f 3131/4872 3069/4861 3097/4871
f 3131/4860 3097/4871 3069/4861
f 4139/4208 4131/4205 4105/4205
f 5837/4819 6196/4791 5908/4819
f 6196/4791 6298/4791 5908/4819
f 6298/4791 5949/4819 5908/4819
f 5145/4562 4947/4547 5077/4575
f 4947/4547 4924/4555 5077/4575
f 5081/4170 5201/4135 5203/4134
f 5146/4157 5228/4117 5137/4161
f 5137/4161 5228/4117 5088/4165
f 5228/4117 5201/4135 5088/4165
f 4895/4193 5088/4167 5079/4171
f 5088/4167 5201/4135 5079/4171
f 5079/4171 5201/4135 4882/4200
f 5201/4135 5081/4170 4882/4200
f 4709/4201 4799/4200 4712/4200
f 4712/4200 4799/4200 4714/4199
f 4714/4199 4799/4200 4886/4199
f 4799/4200 4882/4200 4886/4199
f 4882/4200 5081/4170 4886/4199
f 5081/4170 5203/4134 4886/4199
f 4714/4199 4886/4199 5078/4134
f 4886/4199 5203/4134 5078/4134
f 6106/5125 6118/5128 6273/5172
f 6273/5178 6248/5179 6515/5212
f 6248/5179 6280/5183 6515/5212
f 6515/5212 6280/5183 6528/5215
f 4302/5648 5104/5745 5102/5740
f 5102/5414 5104/5410 5737/5368
f 5737/5368 5104/5410 6528/5317
f 6528/5317 5104/5410 5022/5410
f 5022/5745 5104/5745 4039/5573
f 5104/5745 4302/5648 4039/5573
f 4302/5648 4282/5642 4039/5573
f 4039/5573 4282/5642 4028/5563
f 4011/5547 3995/5533 4016/5559
f 3995/5533 3992/5532 4016/5559
f 3726/4151 3950/4156 3733/4152
f 3950/4156 4016/4169 3733/4152
f 4016/4169 3992/4162 3733/4152
f 3733/5198 3992/5200 3641/5111
f 3992/5200 3995/5159 3641/5111
f 3641/5111 3995/5159 3703/4971
f 3995/5159 4011/5160 3703/4971
f 3703/4971 4011/5160 3994/4987
f 3994/4987 4011/5160 4068/5086
f 4068/5086 4011/5160 4300/5167
f 4011/5547 4016/5559 4300/5643
f 4016/5559 4028/5563 4300/5643
f 4028/5563 4282/5642 4300/5643
f 4300/5167 4282/5225 5102/5173
f 4282/5225 4302/5226 5102/5173
f 5736/5369 5102/5414 6524/5328
f 5102/5414 5737/5368 6524/5328
f 5737/5368 6528/5317 6524/5328
f 6528/5215 6280/5183 6524/5218
f 6277/5500 6524/5562 6119/5437
f 6524/5218 6280/5183 6119/5133
f 6280/5183 6248/5179 6119/5133
f 6248/5179 6273/5178 6119/5133
f 6273/5178 6118/5128 6119/5133
f 6106/5125 6273/5172 6112/5120
f 6273/5172 6515/5212 6112/5120
f 5994/5120 6061/5120 6368/5212
f 6061/5120 6112/5120 6368/5212
f 6112/5120 6515/5212 6368/5212
f 6515/5212 6528/5215 6368/5212
f 6528/5317 5022/5410 6368/5317
f 6368/5317 5022/5410 5015/5410
f 5015/5745 5022/5745 4037/5563
f 5022/5745 4039/5573 4037/5563
f 4039/5573 4028/5563 4037/5563
f 4028/5563 4016/5559 4037/5563
f 4037/5563 4016/5559 4015/5559
f 4015/5559 4016/5559 4014/5559
f 4016/4169 3950/4156 4014/4169
f 4014/4169 3950/4156 3976/4156
f 3950/4156 3726/4151 3976/4156
f 3976/4156 3726/4151 3688/4151
f 3688/4151 3726/4151 3516/4151
f 3516/4151 3726/4151 3490/4151
f 3490/4151 3726/4151 3496/4147
f 3496/4147 3726/4151 3727/4147
f 3726/4151 3733/4152 3727/4147
f 3727/4147 3733/4152 3711/4148
f 3711/5156 3733/5198 3641/5110
f 3641/5111 3703/4971 3704/4970
f 3491/4970 3704/4970 3487/4971
f 3704/4970 3703/4971 3487/4971
f 3487/4971 3703/4971 3510/4971
f 3510/4971 3703/4971 3611/4971
f 3611/4971 3703/4971 3993/4987
f 3703/4971 3994/4987 3993/4987
f 3993/4987 3994/4987 5063/5012
f 5998/4910 6314/4865 6064/4889
f 6064/4821 6314/4906 6521/4961
f 6521/5333 6314/5333 5099/5416
f 6314/5333 5063/5416 5099/5416
f 5063/5012 3994/4987 5099/5012
f 3994/4987 4068/5086 5099/5012
f 4068/5086 4300/5167 5099/5012
f 4300/5167 5102/5173 5099/5012
f 5102/5173 5736/5112 5099/5012
f 5099/5416 5736/5371 6521/5333
f 5736/5369 6524/5328 6521/5333
f 6524/5562 6277/5500 6521/5578
f 6521/5578 6277/5500 6115/5444
f 6277/5500 6119/5437 6115/5444
f 6115/5444 5919/5391 5813/5349
f 5259/5351 5049/5392 5147/5381
f 5132/5382 5147/5381 5038/5409
f 5038/5409 5147/5381 4894/5441
f 5147/5381 5049/5392 4894/5441
f 5049/5392 5090/5396 4894/5441
f 5090/5396 4887/5440 4894/5441
f 4887/5440 4793/5440 4894/5441
f 4894/5441 4793/5440 4717/5441
f 4695/5439 4793/5440 4860/5439
f 4793/5440 4887/5440 4860/5439
f 4887/5440 5090/5396 4860/5439
f 5077/5405 4860/5439 5233/5353
f 4860/5439 5090/5396 5233/5353
f 5090/5396 5049/5392 5233/5353
f 5049/5392 5259/5351 5233/5353
f 5233/4112 5199/4136 5077/4176
f 5199/4136 5223/4140 5077/4176
f 5223/4140 5191/4146 5077/4176
f 5233/4112 5077/4176 5119/4112
f 5077/4284 5056/4309 5119/4338
f 5056/4309 5077/4284 4947/4308
f 4947/4462 5077/4442 4924/4453
f 4709/4201 4854/4187 4880/4201
f 4880/4201 4854/4187 5023/4187
f 4854/4187 4924/4176 5023/4187
f 4924/4176 5077/4176 5023/4187
f 5077/4176 5191/4146 5023/4187
f 5191/4146 5146/4157 5023/4187
f 5146/4157 5137/4161 5023/4187
f 5137/4161 5088/4165 5023/4187
f 5088/4165 4895/4193 5023/4187
f 5023/4187 4895/4193 4880/4201
f 4895/4193 5079/4171 4880/4201
f 5079/4171 4882/4200 4880/4201
f 4882/4200 4799/4200 4880/4201
f 4799/4200 4709/4201 4880/4201
f 4709/5438 4695/5439 4880/5438
f 4695/5439 4860/5439 4880/5438
f 4860/5439 5077/5405 4880/5438
f 5077/5405 4924/5405 4880/5438
f 4880/5438 4924/5405 4709/5438
f 5040/4725 5082/4464 5033/4464
f 5033/4464 5082/4464 5029/4272
f 4992/4724 5040/4725 4984/4463
f 5040/4725 5033/4464 4984/4463
f 5033/4464 5029/4272 4984/4463
f 4984/4463 5029/4272 4995/4392
f 4995/4392 5029/4272 4978/4271
f 4107/4207 4139/4208 4105/4205
f 4105/4205 4139/4208 4099/4205
f 4099/4205 4139/4208 4130/4208
f 4130/4208 4139/4208 4204/4208
f 4139/4208 4434/4349 4204/4208
f 5005/4618 5004/4618 4892/4618
f 5004/4618 4434/4349 4892/4618
f 4733/4544 4561/4472 4616/4520
f 4561/4384 4506/4343 4616/4415
f 4616/4415 4506/4343 4675/4424
f 4995/4573 4967/4546 4986/4572
f 4967/4546 4675/4424 4986/4572
f 4986/4572 4759/4478 4992/4571
f 4759/4478 4918/4536 4992/4571
f 4918/4536 4759/4478 4934/4478
f 4211/4172 4109/4172 4180/4173
f 4109/4172 4133/4173 4180/4173
f 4180/4207 4133/4207 4172/4205
f 4105/4205 4172/4205 4107/4207
f 4172/4205 4133/4207 4107/4207
f 4133/4173 4109/4172 4107/4173
f 4107/4173 4109/4172 4146/4177
f 4256/4242 4146/4177 4410/4296
f 4146/4177 4211/4177 4410/4296
f 4211/4177 4463/4296 4410/4296
f 4410/4822 4463/4822 4507/4770
f 4624/4350 4759/4478 4507/4350
f 4759/4478 4986/4572 4507/4350
f 4986/4572 4675/4424 4507/4350
f 4675/4424 4506/4343 4507/4350
f 4507/4770 4506/4774 4410/4822
f 4410/4296 4506/4343 4429/4327
f 4506/4343 4561/4384 4429/4327
f 4561/4468 4733/4544 4557/4469
f 4733/4544 4892/4618 4557/4469
f 4557/4469 4892/4618 4363/4349
f 4892/4618 4434/4349 4363/4349
f 4434/4349 4139/4208 4363/4349
f 4363/4349 4139/4208 4253/4283
f 4253/4283 4139/4208 4141/4213
f 4139/4208 4107/4207 4141/4213
f 4107/4173 4146/4177 4141/4178
f 4146/4177 4256/4242 4141/4178
f 4141/4178 4256/4242 4366/4295
f 4256/4242 4410/4296 4366/4295
f 4410/4296 4429/4327 4366/4295
f 4429/4327 4561/4375 4366/4295
f 4561/4468 4557/4469 4366/4348
f 4557/4469 4363/4349 4366/4348
f 4363/4349 4253/4283 4366/4348
f 5052/4474 5025/4416 5008/4474
f 5008/4474 5025/4416 4851/4416
f 4701/4118 4851/4055 4866/4118
f 4851/4055 5025/4055 4866/4118
f 5025/4055 5068/4064 4866/4118
f 4681/4123 4701/4118 4853/4123
f 4701/4118 4866/4118 4853/4123
f 4866/4118 5068/4064 4853/4123
f 4853/4123 5068/4064 5020/4086
f 5174/4480 5020/4425 5154/4502
f 5020/4425 5068/4409 5154/4502
f 5154/4502 5068/4409 5255/4531
f 5068/4409 5025/4416 5255/4531
f 5255/4531 5025/4416 5230/4537
f 5025/4416 5141/4479 5230/4537
f 4955/4254 4842/4257 4196/4294
f 4196/4294 4842/4257 3977/4358
f 3977/4358 4842/4257 4122/4300
f 4122/4300 4842/4257 4728/4265
f 4728/5246 4842/5255 5683/5327
f 4842/5255 4955/5256 5683/5327
f 5683/5327 4955/5256 5710/5335
f 6115/5524 6113/5528 6272/5470
f 6272/5470 6113/5528 6517/5423
f 6517/5423 6113/5528 6266/5474
f 6265/5478 6266/5474 6100/5538
f 6266/5474 6113/5528 6100/5538
f 5989/5524 6060/5524 6360/5420
f 6060/5524 6115/5524 6360/5420
f 6360/5420 6115/5524 6520/5420
f 6115/5524 6272/5470 6520/5420
f 6272/5470 6517/5423 6520/5420
f 6417/4244 6520/4237 6521/4244
f 6520/4237 6517/4236 6521/4244
f 6517/4236 6518/4243 6521/4244
f 6518/5373 5710/5335 6521/5372
f 6521/5372 5710/5335 5099/5260
f 5710/5335 4955/5256 5099/5260
f 4955/4254 4196/4294 5099/4249
f 4196/4294 3997/4341 5099/4249
f 6521/5372 5099/5260 6360/5372
f 6360/5372 5099/5260 5063/5260
f 3316/5501 3310/5504 2906/5666
f 3310/5504 3054/5571 2906/5666
f 3611/5415 3361/5457 3359/5457
f 3361/5457 3350/5469 3359/5457
f 3359/5457 3350/5469 3342/5469
f 3350/5469 3316/5501 3342/5469
f 3342/5469 3316/5501 3315/5501
f 3316/5501 2906/5666 3315/5501
f 3315/5501 2906/5666 2904/5666
f 2566/4863 2780/4908 2575/4863
f 2575/4863 2780/4908 2781/4908
f 2780/5718 2873/5670 2781/5718
f 2781/5718 2873/5670 2906/5670
f 2873/5670 2891/5670 2906/5670
f 2891/5670 2904/5666 2906/5670
f 2726/4899 2770/4900 2653/4782
f 2653/4782 2770/4900 2820/4811
f 2820/4565 2933/4504 3013/4445
f 3371/4723 3389/4722 3316/4953
f 3316/4953 3389/4722 3350/4952
f 3350/4952 3389/4722 3710/4721
f 3710/4721 3389/4722 3752/4473
f 3389/4722 3371/4723 3752/4473
f 3752/4473 3371/4723 3370/4712
f 3371/4723 3316/4953 3370/4712
f 3316/4241 3310/4235 3370/4278
f 3370/4270 3310/4235 3013/4184
f 3310/4235 3192/4194 3013/4184
f 3013/4445 2933/4504 2810/4561
f 2810/4561 2933/4504 2792/4569
f 2933/4504 2820/4565 2792/4569
f 2820/4565 2770/4611 2792/4569
f 2770/4768 2726/4773 2792/4761
f 2792/4761 2726/4773 2773/4766
f 2773/4273 2726/4364 2641/4365
f 2726/4899 2653/4782 2641/4898
f 2653/4782 2625/4767 2641/4898
f 2641/4898 2625/4767 2576/4815
f 2547/4053 2576/4053 2575/4054
f 2576/4053 2625/4063 2575/4054
f 2625/4063 2653/4075 2575/4054
f 2543/5676 2575/5677 2574/5676
f 2574/5676 2575/5677 2603/5671
f 2575/5677 2645/5668 2603/5671
f 2603/4514 2645/4318 2690/4545
f 2690/4545 2645/4318 2825/4553
f 2825/4553 2645/4318 2797/4398
f 2797/4939 2645/4876 2781/4908
f 2645/4876 2575/4863 2781/4908
f 2575/4054 2653/4075 2781/4090
f 2781/4090 2653/4075 2906/4139
f 2653/4075 2820/4116 2906/4139
f 2820/4116 3013/4181 2906/4139
f 3013/4181 3192/4194 2906/4139
f 3192/4194 3310/4235 2906/4139
f 2566/4054 2575/4054 2780/4090
f 2575/4054 2781/4090 2780/4090
f 2780/4090 2781/4090 2873/4139
f 2781/4090 2906/4139 2873/4139
f 2873/4139 2906/4139 3302/4235
f 2906/4139 3310/4235 3302/4235
f 3302/4235 3310/4235 3309/4235
f 3310/4235 3316/4241 3309/4235
f 3309/4235 3316/4241 3315/4241
f 3315/4953 3316/4953 3342/4952
f 3316/4953 3350/4952 3342/4952
f 3342/4952 3350/4952 3611/4951
f 3611/4951 3350/4952 3703/4951
f 3350/4952 3710/4721 3703/4951
f 3665/5413 3692/5413 3675/5415
f 3692/5413 3693/5413 3675/5415
f 3693/5413 3703/5415 3675/5415
f 3675/4951 3703/4951 3709/4721
f 3703/4951 3710/4721 3709/4721
f 3709/4721 3710/4721 3724/4473
f 3710/4721 3752/4473 3724/4473
f 3724/4256 3752/4256 3725/4260
f 3725/4260 3752/4256 3689/4260
f 3689/4260 3752/4256 3727/4260
f 3752/4256 3370/4286 3727/4260
f 3370/4286 3622/4262 3727/4260
f 3727/4260 3622/4262 3228/4347
f 3622/4262 3370/4290 3228/4347
f 3370/4290 3013/4441 3228/4347
f 3013/4441 2810/4561 3228/4347
f 2810/4731 2792/4743 3228/4580
f 2792/4743 3214/4580 3228/4580
f 3228/4347 3214/4347 3727/4260
f 3727/4260 3214/4347 3616/4260
f 3616/4260 3214/4347 3224/4347
f 3224/4580 3214/4580 2788/4743
f 3214/4580 2792/4743 2788/4743
f 2792/4761 2773/4766 2788/4761
f 2788/4761 2773/4766 2768/4766
f 2573/4274 2768/4273 2581/4274
f 2768/4273 2773/4273 2581/4274
f 2773/4273 2641/4365 2581/4274
f 2641/4365 2576/4465 2581/4274
f 2576/4465 2547/4465 2581/4274
f 2581/4274 2547/4465 2510/4274
f 2510/4274 2547/4465 2507/4465
f 2507/4053 2547/4053 2504/4054
f 2547/4053 2575/4054 2504/4054
f 2575/5677 2543/5676 2504/5677
f 2504/5677 2543/5676 2503/5676
f 2503/5676 2543/5676 2502/5675
f 2656/5667 2672/5667 2570/5675
f 2672/5667 2578/5675 2570/5675
f 2578/5675 2528/5675 2570/5675
f 2528/5675 2502/5675 2570/5675
f 2502/5675 2543/5676 2570/5675
f 2543/5676 2574/5676 2570/5675
f 2574/5676 2603/5671 2570/5675
f 2570/5675 2603/5671 2656/5667
f 2603/4514 2690/4545 2656/4763
f 2690/4545 2825/4553 2656/4763
f 2570/5675 2656/5667 2564/5675
f 2564/5675 2656/5667 2650/5667
f 2650/4763 2656/4763 2966/4765
f 2966/4765 2656/4763 2969/4765
f 2656/4763 2825/4553 2969/4765
f 2969/4765 2825/4553 2880/4530
f 2825/4553 2797/4398 2880/4530
f 2797/5705 2781/5718 2880/5678
f 2781/5718 2906/5670 2880/5678
f 2880/5678 2906/5670 2938/5647
f 2906/5666 3054/5571 2938/5640
f 2938/5640 3054/5571 3101/5558
f 3054/5571 3310/5504 3101/5558
f 3310/5504 3316/5501 3101/5558
f 3101/5558 3316/5501 3134/5554
f 3134/5554 3316/5501 3226/5519
f 3226/5519 3316/5501 3243/5517
f 3316/5501 3350/5469 3243/5517
f 3243/5517 3350/5469 3284/5508
f 3350/5469 3361/5457 3284/5508
f 3284/5508 3361/5457 3303/5507
f 3303/5507 3361/5457 3323/5495
f 3323/5495 3361/5457 3411/5434
f 3693/5413 3411/5434 3703/5415
f 3411/5434 3361/5457 3703/5415
f 3361/5457 3611/5415 3703/5415
f 3611/4367 3993/4344 3703/4367
f 3703/4367 3993/4344 3994/4344
f 3993/4344 5063/4249 3994/4344
f 5063/4249 5099/4249 3994/4344
f 5099/4249 3997/4341 3994/4344
f 3997/4341 4196/4294 3994/4344
f 4196/4294 3977/4358 3994/4344
f 3703/4367 3994/4344 3693/4372
f 3994/4344 3977/4358 3693/4372
f 3693/4372 3692/4372 3703/4367
f 3675/4367 3703/4367 3665/4372
f 3703/4367 3692/4372 3665/4372
f 3665/4372 3692/4372 3659/4371
f 3692/4372 3693/4372 3659/4371
f 3659/4371 3693/4372 3682/4371
f 3693/4372 3977/4358 3682/4371
f 3977/4358 4122/4300 3682/4371
f 4122/4300 4728/4265 3682/4371
f 4728/4265 4668/4265 3682/4371
f 3600/4371 3682/4371 4719/4265
f 3682/4371 4668/4265 4719/4265
f 4719/5246 4668/5246 6396/5370
f 4668/5246 4728/5246 6396/5370
f 6462/5370 6396/5370 6470/5370
f 6396/5370 4728/5246 6470/5370
f 4728/5246 5683/5327 6470/5370
f 5683/5327 5710/5335 6470/5370
f 6463/5374 6470/5370 6512/5374
f 6470/5370 5710/5335 6512/5374
f 5710/5335 6518/5373 6512/5374
f 6518/5421 6517/5423 6512/5424
f 6397/5424 6512/5424 6511/5426
f 6512/5424 6517/5423 6511/5426
f 6517/5423 6266/5474 6511/5426
f 6266/5474 6265/5478 6511/5426
f 6096/5552 6511/5426 6450/5435
f 6511/5426 6265/5482 6450/5435
f 6096/4510 6450/4691 6095/4500
f 6450/5435 6265/5482 6095/5551
f 6265/5482 6100/5538 6095/5551
f 6100/4267 5956/4185 5808/4202
f 6511/4866 6170/4911 6355/4877
f 6355/4877 6170/4911 5992/4940
f 6170/4574 5800/4522 5992/4554
f 5141/4479 5025/4416 5140/4474
f 5025/4416 5052/4474 5140/4474
f 5052/4474 5008/4474 5140/4474
f 6641/4681 6628/4684 6645/4663
f 6645/4663 6628/4684 6615/4706
f 6473/4705 6615/4706 6591/4705
f 6591/4705 6615/4706 6534/4700
f 6615/4706 6628/4684 6534/4700
f 6628/4684 6641/4681 6534/4700
f 6534/4700 6641/4681 6575/4694
f 6575/5401 6644/5385 6608/5397
f 6608/5397 6644/5385 6621/5393
f 6621/5704 6568/5683 6545/5682
f 5703/5239 5806/5201 5705/5243
f 5705/5243 5806/5201 5951/5163
f 5806/5201 5862/5186 5951/5163
f 5951/5163 5862/5186 5952/5161
f 5952/5161 6089/5116 6443/4988
f 6443/4988 6089/5116 6262/5066
f 6262/5066 6089/5116 6029/5138
f 6089/5116 5952/5161 6029/5138
f 5952/5161 5862/5186 6029/5138
f 6029/5138 5862/5186 5990/5148
f 5990/5148 5862/5186 5799/5202
f 5862/5186 5806/5201 5799/5202
f 5799/5202 5806/5201 5702/5240
f 5806/5201 5703/5239 5702/5240
f 5702/4065 5703/4057 5470/4088
f 5703/4057 5705/4056 5470/4088
f 5705/4056 5361/4092 5470/4088
f 5470/4088 5361/4092 5266/4107
f 5266/4107 5361/4091 5219/4125
f 4949/5586 4947/5587 5149/5567
f 4947/5587 5219/5555 5149/5567
f 5149/4149 5219/4137 5269/4124
f 5219/4137 5361/4091 5269/4124
f 5269/4124 5361/4091 5272/4124
f 5272/4124 5361/4091 5428/4091
f 5361/4091 5705/4056 5428/4091
f 5428/4091 5705/4056 5662/4056
f 5662/5243 5705/5243 5841/5163
f 5705/5243 5951/5163 5841/5163
f 5841/5163 5951/5163 5842/5161
f 5951/5163 5952/5161 5842/5161
f 5842/5161 5952/5161 5849/5161
f 5849/5161 5952/5161 6305/4988
f 5952/5161 6443/4988 6305/4988
f 6457/4972 6348/4972 6455/4972
f 6348/4972 6305/4972 6455/4972
f 6305/4972 6443/4988 6455/4972
f 6443/4988 6262/5066 6455/4972
f 6262/5066 6437/5007 6455/4972
f 6456/4651 6455/4654 6499/4651
f 6455/4654 6437/4662 6499/4651
f 6437/4662 6483/4632 6499/4651
f 6483/4632 6545/4626 6499/4651
f 6545/4626 6568/4631 6499/4651
f 6349/4631 6499/4651 6416/4631
f 6499/4651 6568/4631 6416/4631
f 6416/5683 6568/5683 6485/5723
f 6485/5723 6568/5683 6654/5723
f 6568/5683 6621/5704 6654/5723
f 5899/4849 6485/4893 5974/4862
f 5974/4862 6485/4893 6616/4907
f 6485/5376 6654/5376 6616/5376
f 6616/5376 6654/5376 6655/5376
f 6654/5379 6621/5393 6655/5376
f 6621/5393 6644/5385 6655/5376
f 6655/5376 6644/5385 6651/5377
f 6651/5377 6644/5385 6676/5378
f 6644/5385 6575/5401 6676/5378
f 6676/4655 6575/4694 6675/4656
f 6575/4694 6641/4677 6675/4656
f 6291/5282 6234/5273 6046/5269
f 6046/5269 6234/5273 5970/5264
f 5970/5264 6234/5273 5796/5254
f 4659/4729 4565/4729 4660/4729
f 5796/5254 6234/5273 5586/5229
f 6126/5273 6234/5273 6593/5306
f 6593/5306 6234/5273 6605/5306
f 6234/5273 6291/5282 6605/5306
f 6380/5287 6486/5291 6605/5306
f 6605/5306 6486/5291 6673/5315
f 6486/5291 6675/5314 6673/5315
f 6675/4656 6641/4677 6673/4657
f 6641/4681 6645/4663 6673/4657
f 6403/4373 6535/4328 6554/4373
f 6535/4328 6673/4328 6554/4373
f 6673/4328 6645/4333 6554/4373
f 6645/4663 6615/4706 6554/4707
f 6554/4707 6615/4706 6402/4707
f 6402/4707 6615/4706 6386/4706
f 6615/4706 6473/4705 6386/4706
f 6358/5683 6439/5682 6568/5683
f 6568/5683 6439/5682 6545/5682
f 6545/5682 6439/5682 6583/5681
f 6439/5682 6418/5681 6583/5681
f 6418/5681 6410/5680 6583/5681
f 6583/5681 6410/5680 6564/5680
f 6410/4694 6473/4705 6564/4704
f 6473/4705 6591/4705 6564/4704
f 6591/4705 6534/4700 6564/4704
f 6534/4700 6575/4694 6564/4704
f 6564/5680 6575/5694 6583/5681
f 6575/5694 6608/5700 6583/5681
f 6608/5700 6621/5704 6583/5681
f 6621/5704 6545/5682 6583/5681
f 6545/4626 6483/4632 6583/4627
f 6483/4632 6437/4662 6583/4627
f 6583/4627 6496/4638 6564/4621
f 6496/4550 6449/4552 6564/4586
f 6583/4627 6439/4626 6545/4626
f 6545/4626 6439/4626 6568/4631
f 6568/4631 6439/4626 6358/4631
f 6439/4626 6583/4627 6418/4627
f 6583/4627 6564/4621 6418/4627
f 6418/4627 6564/4621 6410/4621
f 6410/4586 6564/4586 6460/4597
f 6460/4597 6564/4586 6561/4597
f 6561/4597 6564/4586 6374/4513
f 6564/4586 6449/4552 6374/4513
f 6374/4513 6449/4552 6327/4505
f 6449/4552 6496/4550 6327/4505
f 6327/4505 6496/4550 6367/4498
f 6311/4790 6256/4793 6298/4791
f 6298/4791 6256/4793 5949/4819
f 5949/4819 6256/4793 6039/4950
f 6039/4882 6256/4793 6224/4831
f 6256/4793 6311/4790 6224/4831
f 6311/4471 6185/4414 6224/4402
f 6224/4402 5985/4320 5865/4287
f 5985/4320 5984/4317 5865/4287
f 5699/4220 5768/4248 5702/4224
f 5702/4224 5768/4248 5799/4268
f 5768/4248 5747/4252 5799/4268
f 5747/4252 5865/4287 5799/4268
f 5865/4287 5984/4317 5799/4268
f 5660/4224 5702/4224 5726/4268
f 5702/4224 5799/4268 5726/4268
f 5726/4268 5799/4268 5977/4357
f 6564/4586 6411/4586 6496/4550
f 6411/4586 6299/4550 6496/4550
f 6496/4550 6299/4550 6370/4499
f 6299/4550 6252/4499 6370/4499
f 6370/4521 6252/4521 6150/4376
f 6252/4521 5977/4376 6150/4376
f 5977/4357 5799/4268 6150/4357
f 5799/4268 5984/4317 6150/4357
f 5984/4317 5985/4320 6150/4357
f 6370/4521 6150/4376 6093/4385
f 6150/4357 5985/4320 6093/4363
f 5985/4320 6224/4402 6093/4363
f 6224/4402 6185/4414 6093/4363
f 6093/4363 6185/4414 6370/4499
f 6185/4414 6311/4471 6370/4499
f 6311/4471 6323/4477 6370/4499
f 6323/4477 6367/4498 6370/4499
f 6367/4498 6496/4550 6370/4499
f 6496/4638 6583/4627 6370/4666
f 6583/4627 6437/4662 6370/4666
f 6437/5007 6262/5066 6370/5026
f 6370/5026 6262/5066 6093/5114
f 6262/5066 6029/5138 6093/5114
f 6029/5138 5990/5148 6093/5114
f 5990/5148 5799/5202 6093/5114
f 6793/4676 6687/4719 6685/4720
f 6685/4720 6687/4719 6493/4777
f 6575/4168 6510/4174 6610/4153
f 6510/4776 6493/4777 6610/4752
f 6493/4777 6687/4719 6610/4752
f 6362/4168 6575/4168 6490/4153
f 6575/4168 6610/4153 6490/4153
f 6490/4153 6610/4153 6442/4153
f 6442/4752 6610/4752 6717/4675
f 6717/4675 6610/4752 6794/4675
f 6610/4752 6687/4719 6794/4675
f 6687/4719 6793/4676 6794/4675
f 6772/4668 6794/4675 6826/4668
f 6794/4675 6793/4676 6826/4668
f 6826/4668 6793/4676 6824/4669
f 6824/4669 6793/4676 6822/4670
f 6731/4670 6822/4670 6791/4680
f 6822/4670 6793/4676 6791/4680
f 6793/4676 6685/4753 6791/4680
f 6261/4484 6260/4489 6496/4400
f 6260/4489 6182/4551 6496/4400
f 6182/4551 6009/4623 6496/4400
f 6564/4621 6496/4638 6411/4621
f 6411/4621 6496/4638 6299/4638
f 6496/4400 6009/4623 6299/4400
f 6009/4623 6004/4633 5933/4633
f 5404/4855 5594/4812 5563/4855
f 5563/4855 5594/4812 5673/4812
f 5594/4812 5933/4633 5673/4812
f 5933/4633 6004/4633 5673/4812
f 6004/4633 5860/4710 5673/4812
f 5673/4812 5648/4823 5563/4855
f 5755/5099 5756/5106 5986/5164
f 5986/5164 5756/5106 5987/5168
f 6329/5289 6185/5238 6225/5234
f 6004/5187 6178/5230 6009/5196
f 6178/5230 6225/5234 6009/5196
f 6225/5234 6185/5238 6009/5196
f 6009/5196 6185/5238 6387/5293
f 6185/5238 6329/5289 6387/5293
f 6387/5293 6329/5289 6431/5292
f 6431/5685 6329/5679 6320/5651
f 6329/5679 6225/5581 6320/5651
f 6225/5581 6178/5579 6320/5651
f 6320/5651 6178/5579 6319/5641
f 6319/5641 6178/5572 6232/5595
f 6232/4579 6178/4617 6090/4643
f 6178/5227 6004/5187 6090/5209
f 6004/5187 5987/5168 6090/5209
f 6090/5209 5987/5168 6049/5207
f 6049/5207 5987/5168 6041/5204
f 5987/5168 5756/5106 6041/5204
f 5807/4755 6174/4596 5827/4760
f 6174/4596 6041/4665 5827/4760
f 6041/4665 5756/4804 5827/4760
f 5827/4760 5756/4804 5550/4897
f 5756/4804 5755/4806 5550/4897
f 5755/4806 5632/4886 5550/4897
f 5632/4886 5541/4960 5550/4897
f 5550/4897 5541/4960 5489/4960
f 5489/5001 5541/5001 5563/4973
f 5541/5001 5632/5030 5563/4973
f 5563/4973 5632/5030 5673/5048
f 5632/5030 5755/5099 5673/5048
f 5755/5099 5986/5164 5673/5048
f 5986/5164 5987/5168 5673/5049
f 5404/4973 5563/4973 5594/5048
f 5563/4973 5673/5048 5594/5048
f 5594/5048 5673/5048 5884/5168
f 5673/5048 5987/5168 5884/5168
f 5884/5168 5987/5168 5933/5187
f 5987/5168 6004/5187 5933/5187
f 5933/5187 6004/5187 5937/5196
f 6004/5187 6009/5196 5937/5196
f 6575/4168 6421/4168 6510/4174
f 6421/4168 6354/4168 6510/4174
f 6354/5302 6387/5293 6510/5302
f 6510/5302 6387/5293 6496/5298
f 6387/5293 6431/5292 6496/5298
f 6431/5292 6394/5301 6496/5298
f 6510/4377 6496/4399 6498/4378
f 6496/4399 6394/4403 6498/4378
f 6426/4379 6498/4378 6530/4379
f 6530/4379 6498/4378 6408/4407
f 6498/4378 6394/4403 6408/4407
f 6394/5301 6431/5292 6408/5307
f 6431/5685 6320/5651 6408/5697
f 6408/5697 6320/5651 6274/5657
f 6346/5733 6274/5657 6220/5657
f 6274/5657 6320/5651 6220/5657
f 6320/5651 6319/5641 6220/5657
f 5760/4751 5784/4751 5397/4887
f 5397/4887 5784/4751 5556/4887
f 5556/4887 5784/4751 5851/4751
f 5851/4751 5784/4751 6223/4570
f 5784/4751 6071/4570 6223/4570
f 6071/5584 6215/5641 6223/5584
f 6215/5641 6319/5641 6223/5584
f 6319/5641 6232/5595 6223/5584
f 6232/4579 6090/4643 6223/4570
f 6090/4643 6049/4653 6223/4570
f 6049/4653 6041/4665 6223/4570
f 6041/4665 6174/4596 6223/4570
f 6223/4570 6174/4596 5851/4751
f 6174/4596 5807/4755 5851/4751
f 5851/4751 5807/4755 5556/4887
f 5807/4755 5827/4760 5556/4887
f 5827/4760 5550/4897 5556/4887
f 5556/4887 5550/4897 5397/4887
f 5397/4887 5550/4897 5402/4897
f 5550/4897 5489/4960 5402/4897
f 5402/4897 5489/4960 5377/4960
f 5377/5001 5489/5001 5404/4973
f 5489/5001 5563/4973 5404/4973
f 5407/4854 5404/4855 5524/4854
f 5404/4855 5563/4855 5524/4854
f 5524/4854 5563/4855 5676/4808
f 5563/4855 5648/4823 5676/4808
f 5676/4808 5648/4823 5684/4789
f 5648/4823 5673/4812 5684/4789
f 5684/4789 5673/4812 5709/4788
f 5709/4788 5673/4812 5738/4787
f 5673/4812 5860/4710 5738/4787
f 5738/4787 5860/4710 5898/4703
f 5860/4710 6004/4633 5898/4703
f 5898/4703 6004/4633 5942/4695
f 6004/4633 6009/4623 5942/4695
f 5942/4695 6009/4623 5905/4692
f 5905/4692 6009/4623 5906/4686
f 6009/4623 6182/4551 5906/4686
f 6182/4551 6260/4489 5906/4686
f 5906/4686 6260/4489 6099/4602
f 6260/4489 6261/4484 6099/4602
f 6099/4602 6261/4484 6111/4587
f 6111/4587 6261/4484 6413/4387
f 6261/4484 6496/4400 6413/4387
f 6496/4400 6510/4381 6413/4387
f 6413/4387 6510/4381 6526/4380
f 6526/4380 6510/4381 6424/4380
f 6424/4380 6510/4381 6352/4381
f 6510/4377 6498/4378 6352/4377
f 6498/4378 6426/4379 6392/4378
f 6345/5733 6426/5734 6503/5733
f 6426/5734 6530/5734 6503/5733
f 6530/5734 6408/5697 6503/5733
f 6408/5697 6274/5657 6503/5733
f 6274/5657 6346/5733 6503/5733
f 6346/4807 6714/4680 6503/4807
f 6714/4680 6791/4680 6503/4807
f 6791/4680 6685/4753 6503/4807
f 6685/4753 6493/4777 6503/4807
f 6503/4807 6493/4777 6345/4807
f 6345/4807 6493/4777 6384/4777
f 6493/4777 6510/4776 6384/4777
f 6384/4777 6510/4776 6352/4776
f 6510/4381 6496/4400 6352/4381
f 6352/4381 6496/4400 6299/4400
f 6496/4638 6370/4666 6299/4638
f 6299/4638 6370/4666 6252/4666
f 6370/5026 6093/5114 6252/5026
f 6252/5026 6093/5114 5978/5114
f 6093/5114 5799/5202 5978/5114
f 5978/5114 5799/5202 5726/5202
f 5799/5202 5702/5240 5726/5202
f 5726/5202 5702/5240 5660/5240
f 5660/4065 5702/4065 5222/4126
f 5145/4126 5186/4126 5218/4126
f 5186/4126 5222/4126 5218/4126
f 5222/4126 5702/4065 5218/4126
f 5702/4065 5470/4088 5218/4126
f 5470/4088 5266/4107 5218/4126
f 5266/4107 5219/4125 5218/4126
f 5218/4126 5219/4125 5056/4144
f 5219/5555 4947/5587 5056/5576
f 5155/5576 5145/5576 5065/5576
f 5145/5576 5056/5576 5065/5576
f 4539/4713 4489/4726 4535/4714
f 4489/4726 4488/4727 4535/4714
f 5140/4506 5150/4492 5183/4501
f 4141/4178 4366/4295 4253/4232
f 4979/5271 5046/5249 5117/5259
f 6479/7608 6574/7618 6421/7608
f 6421/7608 6574/7618 6363/7618
f 6574/7618 6412/7618 6363/7618
f 5474/7984 5304/7984 5473/7984
f 5473/7984 5304/7984 5133/8132
f 5304/7984 4982/8132 5133/8132
f 5325/7510 5215/7553 5216/7554
f 5215/7553 5045/7636 5216/7554
f 5322/7991 5216/8054 5178/8059
f 5178/8059 5216/8054 5000/8129
f 5216/7560 5045/7636 5000/7641
f 5043/7644 4977/7644 4991/7643
f 4977/7644 5000/7641 4991/7643
f 5000/7641 5045/7636 4991/7643
f 5478/7506 5422/7506 5363/7506
f 5422/7506 5136/7636 5363/7506
f 5136/7636 5045/7636 5363/7506
f 5045/7636 5215/7553 5363/7506
f 5215/7553 5325/7510 5363/7506
f 5366/7487 5363/7506 5326/7507
f 5363/7506 5325/7510 5326/7507
f 5326/7976 5325/7981 5329/7982
f 5329/7982 5325/7981 5304/7984
f 5325/7981 5216/8050 5304/7984
f 5216/8054 5322/7991 5304/7984
f 5304/7984 5322/7991 4982/8132
f 5322/7991 5178/8059 4982/8132
f 5178/8059 5000/8129 4982/8132
f 5000/8129 4977/8133 4982/8132
f 4977/8133 5043/8133 4982/8132
f 4982/8132 5043/8133 5134/8132
f 5043/7644 4991/7643 5126/7643
f 5942/8021 5777/7963 5898/8013
f 5898/8013 5777/7963 5738/7928
f 5407/7834 5524/7834 5410/7835
f 5410/7835 5524/7834 5528/7835
f 5524/7834 5676/7900 5528/7835
f 5528/7835 5676/7900 5776/7957
f 5676/7900 5684/7919 5776/7957
f 5684/7919 5709/7925 5776/7957
f 5709/7925 5738/7928 5776/7957
f 5738/7928 5777/7963 5776/7957
f 5776/7957 5777/7963 5810/7970
f 5777/7963 5942/8021 5810/7970
f 5942/8021 5905/8024 5810/7970
f 5905/8024 5906/8026 5810/7970
f 5696/7957 5776/7957 5722/7970
f 5776/7957 5810/7970 5722/7970
f 5722/7970 5810/7970 5730/7975
f 5730/7975 5810/7970 5811/7975
f 5810/7970 5906/8026 5811/7975
f 5906/8026 5950/8040 5811/7975
f 5950/7541 5955/7545 5811/7489
f 5955/7545 5993/7548 5811/7489
f 5811/7489 5993/7548 5857/7512
f 5857/7512 5993/7548 6183/7631
f 6183/7631 6275/7682 6538/7753
f 6332/7753 6538/7753 6424/7748
f 6424/7748 6538/7753 6527/7748
f 6527/7748 6538/7753 6413/7740
f 6538/7753 6275/7682 6413/7740
f 6413/7740 6275/7682 6111/7611
f 6275/7682 6183/7631 6111/7611
f 6183/7631 5993/7548 6111/7611
f 5993/7548 5955/7545 6111/7611
f 5955/7545 5950/7541 6111/7611
f 6111/7611 5950/7541 6098/7601
f 5950/7541 5906/7533 6098/7601
f 5272/8235 4622/8203 5270/8235
f 4622/8203 4543/8203 5270/8235
f 5148/8224 5270/8235 4949/8215
f 5270/8235 4543/8203 4949/8215
f 4463/7815 4210/7662 4410/7815
f 4210/7662 4146/7662 4410/7815
f 4462/7786 4375/7828 4555/7776
f 4555/7776 4375/7828 4376/7823
f 4376/7823 4375/7828 4308/7897
f 4308/7897 4375/7828 4418/7839
f 4375/7828 4462/7786 4418/7839
f 4462/7786 4500/7788 4418/7839
f 4418/7839 4500/7788 4374/7833
f 4461/7703 4412/7649 4506/7709
f 4412/7649 4374/7653 4506/7709
f 4374/7653 4500/7694 4506/7709
f 4759/7791 4506/7709 4608/7752
f 4506/7709 4500/7694 4608/7752
f 4500/7694 4462/7702 4608/7752
f 4462/7702 4555/7722 4608/7752
f 4608/7752 4555/7722 4669/7758
f 4669/7758 4555/7722 4679/7766
f 4609/7751 4691/7768 4521/7725
f 4691/7768 4739/7767 4521/7725
f 4739/7767 4679/7766 4521/7725
f 4679/7766 4555/7722 4521/7725
f 4555/7776 4376/7823 4521/7770
f 4514/7780 4521/7770 4425/7814
f 4521/7770 4376/7823 4425/7814
f 4376/7823 4308/7897 4425/7814
f 4425/7814 4308/7897 4351/7897
f 4308/7897 4418/7839 4307/7899
f 4418/7839 4374/7833 4307/7899
f 4307/7899 4374/7833 4287/7905
f 4374/7829 4412/7824 4287/7774
f 4412/7824 4338/7817 4287/7774
f 4338/7817 4410/7815 4287/7771
f 4287/7771 4410/7815 4305/7783
f 4410/7815 4146/7662 4305/7783
f 4305/7783 4146/7662 4198/7704
f 4198/7704 4146/7662 4148/7661
f 4146/7662 4109/7657 4148/7661
f 4148/7661 4109/7657 4114/7656
f 4114/7656 4109/7657 4113/7654
f 4113/7654 4109/7657 4138/7654
f 4138/7654 4109/7657 4210/7657
f 6045/8187 5971/8198 6292/8169
f 6674/8152 6486/8160 6677/8153
f 6677/8092 6295/8057 6652/8091
f 6652/8159 6295/8144 6655/8158
f 6655/8158 6295/8144 5974/8127
f 5974/8124 5836/8118 5899/8124
f 6677/8092 6479/8092 6254/8058
f 6295/8057 6677/8092 6254/8058
f 6677/8153 6486/8160 6254/8170
f 6379/8164 6292/8169 6141/8179
f 6677/8170 6610/8170 6649/8170
f 6649/8170 6610/8170 6479/8170
f 6610/8170 6254/8170 6479/8170
f 6827/7599 6325/7559 6711/7599
f 6711/7599 6325/7559 6318/7559
f 6318/7559 6325/7559 6267/7559
f 6325/7559 6249/7551 6267/7559
f 6267/7559 6249/7551 6214/7551
f 6249/7551 6179/7551 6214/7551
f 6214/7551 6179/7551 6104/7551
f 6179/7551 5959/7536 6104/7536
f 5800/7804 6095/7756 5946/7859
f 6357/8084 6246/8093 6062/8106
f 6062/8106 6246/8093 5995/8110
f 5995/8110 6246/8093 5788/8123
f 5788/8123 6246/8093 5328/8148
f 5328/8148 6246/8093 5463/8148
f 5463/8148 6246/8093 6243/8093
f 6243/8093 6246/8093 6764/8041
f 6790/8041 6764/8041 6796/8041
f 6764/8041 6246/8093 6796/8041
f 6246/8093 6357/8084 6796/8041
f 6357/8084 6415/8083 6796/8041
f 6415/8083 6567/8064 6796/8041
f 6567/8064 6636/8062 6796/8041
f 6791/8037 6796/8041 6823/8037
f 6796/8041 6636/8062 6823/8037
f 6823/8037 6636/8062 6824/8038
f 6824/7600 6636/7582 6827/7599
f 6827/7599 6636/7582 6325/7559
f 6636/7582 6567/7576 6325/7559
f 6325/7559 6567/7576 6249/7551
f 6567/7576 6415/7567 6249/7551
f 6249/7551 6415/7567 5999/7538
f 6415/7567 6357/7565 5999/7538
f 5999/7538 6357/7565 5959/7536
f 6357/7565 6062/7544 5959/7536
f 6062/7544 5995/7540 5959/7536
f 5995/7540 5788/7524 5790/7528
f 6509/7623 6652/7610 6603/7617
f 6603/8155 6652/8157 6691/8185
f 6652/8157 6694/8193 6691/8185
f 6691/8185 6694/8193 6799/8241
f 6694/8193 6695/8200 6799/8241
f 6799/8241 6695/8204 6831/8242
f 6831/8242 6695/8204 6725/8210
f 5929/7534 6000/7537 6249/7550
f 6249/7550 6000/7537 6325/7558
f 6000/7537 6069/7542 6325/7558
f 6069/7542 6326/7557 6325/7558
f 6325/7558 6326/7557 6827/7598
f 6725/7547 6827/7488 6830/7517
f 6830/7597 6827/7598 6326/7564
f 6326/7990 6069/7969 5861/7953
f 6069/7969 6000/7964 5861/7953
f 5861/7953 6000/7964 5690/7938
f 6000/7964 5929/7962 5690/7938
f 5929/7962 5791/7946 5690/7938
f 5690/7938 5791/7946 5689/7935
f 5646/7516 5689/7519 5790/7527
f 5790/7527 5689/7519 5959/7535
f 5689/7519 5791/7526 5959/7535
f 5929/7534 6249/7550 5959/7535
f 5959/7535 6249/7550 6214/7550
f 6214/7550 6249/7550 6267/7558
f 6249/7550 6325/7558 6267/7558
f 6267/7558 6325/7558 6318/7558
f 6318/7558 6325/7558 6711/7598
f 6325/7558 6827/7598 6711/7598
f 6542/7577 6491/7577 6610/7577
f 6491/7577 6441/7577 6610/7577
f 6441/7577 6711/7488 6610/7577
f 6711/7488 6827/7488 6610/7577
f 6827/7488 6725/7547 6610/7577
f 6725/7547 6695/7568 6610/7577
f 6610/7577 6695/7568 6523/7608
f 6695/7571 6694/7572 6523/7608
f 6421/7608 6523/7608 6363/7618
f 6353/7624 6363/7618 6508/7624
f 6508/7624 6363/7618 6573/7618
f 6363/7618 6523/7608 6573/7618
f 6523/7608 6694/7572 6573/7618
f 6694/7572 6652/7610 6573/7618
f 6652/7610 6509/7623 6573/7618
f 6573/7618 6509/7623 6508/7624
f 6509/7623 6603/7617 6508/7630
f 6603/7617 6514/7650 6508/7630
f 6514/7650 6414/7650 6508/7624
f 6508/7624 6414/7650 6352/7624
f 6358/8137 6414/8136 6519/8137
f 6414/8136 6514/8136 6519/8137
f 6514/8136 6603/8155 6519/8137
f 6603/8155 6691/8185 6519/8137
f 6359/8137 6519/8137 6576/8185
f 6519/8137 6691/8185 6576/8185
f 6576/8185 6691/8185 6723/8241
f 6691/8185 6799/8241 6723/8241
f 6723/8241 6799/8241 6774/8241
f 6799/8241 6831/8242 6774/8242
f 6774/8242 6831/8242 6832/8244
f 6831/8242 6725/8210 6832/8244
f 6725/8210 6830/8243 6832/8244
f 6830/8030 6326/7995 6832/8032
f 6326/7995 5861/7956 6832/8032
f 6832/8032 5861/7956 6736/8032
f 6736/8032 5861/7956 5854/7956
f 5690/7938 5689/7935 5372/7906
f 5689/7935 5646/7924 5372/7906
f 5372/7906 5646/7924 5369/7907
f 5369/7483 5646/7516 5332/7484
f 5646/7516 5790/7527 5332/7484
f 5790/7528 5788/7524 5332/7485
f 5332/7485 5788/7524 5330/7486
f 2968/8197 3032/8223 3068/8230
f 3123/8053 3131/8053 3600/8199
f 3600/8199 3131/8053 3681/8199
f 3131/8053 3241/8095 3681/8199
f 3241/8095 3338/8128 3681/8199
f 3659/8199 3681/8199 3664/8192
f 3664/8192 3681/8199 3694/8192
f 3694/8192 3681/8199 3695/8192
f 3695/8192 3681/8199 3410/8162
f 3681/8199 3338/8128 3410/8162
f 3410/8162 3338/8128 3323/8119
f 3338/8128 3241/8095 3323/8119
f 3241/8095 3098/8053 3323/8119
f 3323/8119 3098/8053 3304/8111
f 3304/8111 3098/8053 3283/8107
f 3098/8053 3131/8049 3283/8107
f 3283/8107 3131/8049 3242/8094
f 3131/8049 3068/8047 3242/8094
f 3242/8094 3068/8047 3225/8087
f 3068/8047 3032/8039 3225/8087
f 3225/8087 3032/8039 3135/8052
f 3032/8223 2968/8197 3135/8234
f 3135/8234 2968/8197 3101/8229
f 3101/8229 2968/8197 2938/8178
f 2879/8161 2938/8172 2968/8191
f 2965/8197 2968/8197 3067/8230
f 2968/8197 3068/8230 3067/8230
f 6555/7556 6298/7505 6401/7556
f 6401/7556 6298/7505 6205/7505
f 6205/7505 6298/7505 6240/7505
f 6240/7505 6298/7505 6197/7482
f 6310/7511 6298/7505 6322/7515
f 6322/7515 6298/7505 6367/7521
f 6367/7521 6298/7505 6327/7523
f 6327/7523 6298/7505 6373/7525
f 6298/7505 6555/7556 6373/7525
f 6373/7525 6555/7556 6561/7552
f 6561/7552 6555/7556 6459/7552
f 6555/7556 6400/7556 6459/7552
f 4978/7714 4898/7743 4996/7715
f 4996/7715 4898/7743 4966/7730
f 4966/7730 4898/7743 4674/7785
f 4898/7743 4805/7745 4674/7785
f 4674/7785 4805/7745 4615/7787
f 4615/7787 4805/7745 4732/7779
f 4732/7779 4805/7745 4892/7747
f 4892/7747 4805/7745 5057/7745
f 4805/7745 4898/7743 5057/7745
f 5057/7743 4898/7743 5010/7743
f 4898/7743 4978/7714 5010/7743
f 4718/8249 4680/8250 4893/8249
f 4680/8250 4853/8250 4893/8249
f 4893/8249 4853/8250 5039/8221
f 5039/8221 4853/8250 5131/8196
f 4853/8250 5173/8184 5131/8196
f 5173/7688 5262/7637 5131/7708
f 5131/7708 5262/7637 5147/7707
f 5147/7707 5262/7637 5258/7652
f 5173/8184 4853/8250 5174/8177
f 4853/8250 5019/8212 5174/8177
f 5679/7754 5704/7759 5698/7754
f 5052/7923 5142/7934 4945/7918
f 5056/7816 4945/7809 5218/7838
f 4945/7809 5142/7822 5218/7838
f 5218/7838 5142/7822 5349/7858
f 5142/7934 5052/7923 5349/7961
f 5349/7961 5052/7923 5698/7988
f 5658/7988 5698/7988 5060/7923
f 5698/7988 5052/7923 5060/7923
f 5060/7923 5052/7923 4572/7896
f 4572/7896 5052/7923 4566/7896
f 5056/7816 5218/7838 5064/7816
f 5064/7816 5218/7838 5222/7838
f 5660/7886 5222/7838 5701/7886
f 5222/7838 5218/7838 5701/7886
f 5218/7838 5349/7858 5701/7886
f 5701/7886 5349/7858 5699/7885
f 5349/7961 5698/7988 5699/7989
f 5699/7755 5698/7754 5767/7775
f 5698/7754 5704/7759 5767/7775
f 5767/7775 5704/7759 5748/7777
f 5704/7759 5795/7789 5748/7777
f 5748/7777 5795/7789 5865/7830
f 6226/7965 5865/7830 6040/7920
f 6040/7920 5865/7830 5948/7866
f 5865/7830 5795/7789 5948/7866
f 5795/7789 5704/7759 5948/7866
f 5948/7866 5704/7759 5907/7866
f 5838/7866 5907/7866 5640/7759
f 5907/7866 5704/7759 5640/7759
f 5640/7759 5704/7759 5639/7759
f 3870/3053 3850/3053 3954/3054
f 3887/3054 3954/3054 3909/3054
f 3887/3072 3909/3072 3954/3072
f 3850/3076 3870/3076 3954/3072
f 5582/3186 5600/3186 5630/3187
f 5600/3186 5625/3192 5630/3187
f 5334/3152 5315/3149 5217/3144
f 5217/3144 5315/3149 4687/3124
f 4541/3119 4160/3102 4179/3101
f 4160/3221 4163/3226 4179/3222
f 4179/3222 4163/3226 4162/3227
f 4163/3226 4199/3226 4162/3227
f 4222/3227 4162/3227 4233/3226
f 4162/3227 4199/3226 4233/3226
f 4199/3431 4163/3431 4234/3439
f 4163/3431 4182/3439 4234/3439
f 5467/3244 4303/3232 5421/3229
f 5421/3005 4303/3045 5429/3006
f 4155/3255 5429/3138 4274/3241
f 5429/3006 4303/3045 4274/3047
f 4297/3232 4303/3232 5483/3244
f 4303/3232 5467/3244 5483/3244
f 5483/3244 5467/3244 5571/3244
f 5571/2928 5467/2928 5616/2928
f 5633/2927 5616/2928 5521/2927
f 5616/2928 5467/2928 5521/2927
f 5467/2928 5421/2919 5521/2927
f 5421/2919 5429/2918 5521/2927
f 5578/3375 5521/3375 5626/3364
f 5521/3375 5429/3377 5626/3364
f 5493/3383 5492/3382 5603/3383
f 5492/3382 5626/3382 5603/3383
f 4161/3271 4224/3271 5280/3181
f 4224/3271 5271/3181 5280/3181
f 5280/3181 4193/3267 4161/3271
f 4182/3225 4163/3226 4161/3220
f 4163/3226 4160/3221 4161/3220
f 4160/3102 4541/3119 4161/3099
f 4161/3099 4541/3119 5280/3146
f 4541/3119 4563/3120 5280/3146
f 4563/3120 4687/3124 5280/3146
f 4161/3099 5280/3146 4224/3099
f 4224/3099 5280/3146 5271/3146
f 5480/3194 5621/3194 5493/3185
f 5493/3185 5621/3194 5603/3185
f 5621/3194 5625/3192 5603/3185
f 5625/3192 5600/3186 5603/3185
f 5600/3186 5582/3186 5603/3185
f 5603/3185 5582/3186 5493/3185
f 5493/3185 5582/3186 5490/3186
f 5490/3186 5582/3186 5488/3187
f 5582/3186 5630/3187 5488/3187
f 5240/3144 5217/3144 4203/3104
f 4203/3104 5217/3144 4195/3104
f 5217/3144 4687/3124 4195/3104
f 2992/3130 3362/3246 3478/3284
f 3010/2992 2942/2973 2311/2924
f 3477/3032 3324/2978 3330/2980
f 3339/2989 3319/2976 3374/3020
f 3319/2976 3325/2979 3374/3020
f 3374/3020 3325/2979 3382/3023
f 3382/3023 3325/2979 3905/3036
f 3905/3294 3325/3228 3381/3268
f 3381/3268 3325/3228 3207/3180
f 3325/3228 3319/3219 3207/3180
f 3207/3180 3319/3219 3199/3178
f 3199/3178 3319/3219 3184/3164
f 3319/2976 3339/2989 3184/2939
f 3339/2989 3337/2987 3184/2939
f 3337/2987 3335/2985 3184/2939
f 3184/2939 3335/2985 3178/2934
f 3178/2934 3335/2982 3102/2931
f 3335/2982 3330/2980 3102/2931
f 3102/2931 3330/2980 3056/2926
f 3330/2980 3324/2978 3056/2926
f 3324/2978 3290/2961 3056/2926
f 3290/2961 3255/2957 3056/2926
f 3056/2926 3255/2957 2991/2897
f 2327/3011 2815/2958 2992/2917
f 2815/2958 2991/2912 2992/2917
f 2991/2897 3255/2957 2992/2915
f 2992/2915 3255/2957 3362/3009
f 3255/2957 3290/2961 3362/3009
f 3290/2961 3324/2978 3362/3009
f 3324/2978 3477/3032 3362/3009
f 3362/3246 3477/3279 3478/3284
f 3477/3032 3330/2980 3478/3033
f 3330/2980 3335/2982 3478/3033
f 3335/2985 3337/2987 3478/3033
f 3337/2987 3339/2989 3478/3033
f 3058/3100 3057/3100 3478/3207
f 3478/3207 3057/3100 2992/3084
f 2992/3084 3057/3100 2327/3014
f 3057/3100 3058/3100 2327/3014
f 2327/3014 3058/3100 2459/3014
f 3058/3100 3478/3207 3497/3207
f 3928/3037 3623/3035 3916/3037
f 3916/3037 3623/3035 3551/3035
f 3623/3035 3497/3033 3551/3035
f 3497/3033 3478/3033 3551/3035
f 3478/3033 3339/2989 3551/3035
f 3339/2989 3374/3020 3551/3035
f 3374/3020 3382/3023 3551/3035
f 3551/3035 3382/3023 3916/3037
f 3382/3023 3905/3036 3916/3037
f 3905/3036 3921/3036 3916/3037
f 2446/3002 2995/3073 3132/3103
f 2995/3073 3327/3129 3132/3103
f 3169/3338 3132/3345 3914/3427
f 3132/3345 3327/3378 3914/3427
f 3916/3428 3936/3429 3551/3422
f 3928/3428 3916/3428 3568/3422
f 3916/3428 3551/3422 3568/3422
f 3568/3422 3551/3422 3363/3392
f 2327/3000 2459/3000 2992/3067
f 2459/3000 2997/3067 2992/3067
f 2992/3067 2997/3067 3362/3142
f 2997/3067 3008/3067 3362/3142
f 3008/3067 3363/3142 3362/3142
f 3363/3392 3551/3422 3362/3392
f 3551/3422 3936/3429 3362/3392
f 3936/3429 3914/3427 3362/3392
f 3914/3427 3327/3378 3362/3392
f 3327/3129 2995/3073 3362/3142
f 3362/3142 2995/3073 2992/3067
f 2992/3067 2995/3073 2327/3000
f 2995/3073 2446/3002 2327/3000
f 2446/3242 3132/3345 2327/3239
f 2333/3234 2327/3239 2421/3234
f 2327/3239 3132/3345 2421/3234
f 3132/3345 3169/3338 2421/3234
f 2421/3234 3169/3338 2405/3230
f 3169/3338 3133/3331 2405/3230
f 3133/3391 3139/3397 2405/3415
f 2405/3415 3139/3397 2310/3419
f 3139/3397 3150/3402 2310/3419
f 3150/3402 3151/3407 2310/3419
f 2310/3419 3151/3407 2311/3425
f 3151/3407 3152/3411 2311/3425
f 2311/3425 3152/3411 2976/3421
f 2976/3048 3152/3062 3333/3041
f 3912/3038 3911/3042 3871/3059
f 3911/3042 3333/3041 3871/3059
f 3333/3041 3152/3062 3871/3059
f 3152/3062 3151/3066 3871/3059
f 3911/3042 3912/3038 3258/3007
f 3258/3007 3912/3038 3895/2999
f 3930/2999 3895/2999 3841/3038
f 3895/2999 3912/3038 3841/3038
f 3841/3038 3912/3038 3922/3059
f 3912/3038 3871/3059 3922/3059
f 3922/3059 3871/3059 3909/3072
f 3909/3072 3871/3059 3954/3072
f 3871/3059 3151/3066 3954/3072
f 3151/3066 3150/3075 3954/3072
f 3150/3075 3139/3079 3954/3072
f 4958/3095 4775/3095 4919/3085
f 4775/3095 4721/3085 4919/3085
f 4919/3085 4721/3085 4578/3031
f 4721/3085 4456/3031 4578/3031
f 4578/3031 4456/3031 4475/3017
f 4456/3031 4404/3017 4475/3017
f 4404/3444 3980/3368 4475/3444
f 4475/3444 3980/3368 3967/3368
f 3980/3368 3916/3363 3967/3368
f 3916/3363 3860/3362 3967/3368
f 3860/3362 3974/3367 3967/3368
f 4475/3444 3967/3368 3979/3373
f 3967/3368 3974/3367 3979/3373
f 3979/3373 4074/3405 4475/3444
f 4903/3303 4783/3323 4919/3306
f 4883/3088 4919/3085 4859/3074
f 4859/3074 4919/3085 4858/3068
f 4858/3068 4919/3085 4797/3064
f 4665/3040 4797/3064 4578/3031
f 4797/3064 4919/3085 4578/3031
f 4919/3306 4783/3323 4578/3356
f 4783/3323 4548/3369 4578/3356
f 4548/3369 4501/3380 4578/3356
f 4578/3356 4501/3380 4475/3381
f 4501/2994 4078/2952 4475/2993
f 4475/2993 4078/2952 3979/2916
f 4958/3302 4919/3306 4775/3302
f 4775/3302 4919/3306 4721/3306
f 4919/3306 4578/3356 4721/3306
f 4721/3306 4578/3356 4456/3356
f 4578/3356 4475/3381 4456/3356
f 4456/3356 4475/3381 4408/3381
f 4408/2993 4475/2993 3989/2916
f 4475/2993 3979/2916 3989/2916
f 3989/2916 3979/2916 3973/2899
f 3973/2899 3979/2916 3916/2899
f 3916/2899 3979/2916 3936/2900
f 3866/2910 3936/2900 3846/2910
f 3846/2910 3936/2900 4072/2947
f 3936/2900 3979/2916 4072/2947
f 3979/2916 4078/2952 4072/2947
f 4072/2947 4078/2952 4496/2995
f 4078/2952 4501/2994 4496/2995
f 4501/3380 4548/3369 4496/3379
f 4548/3369 4783/3323 4496/3379
f 3978/3061 3937/3057 4346/3118
f 4496/3127 4346/3118 3954/3054
f 3930/3360 3841/3324 3895/3360
f 3895/3360 3841/3324 3912/3324
f 3841/3056 3948/3055 3912/3056
f 3912/3056 3948/3055 3911/3055
f 3948/3055 3840/3055 3911/3055
f 3840/3055 3909/3054 3911/3055
f 3909/3054 3954/3054 3911/3055
f 3954/3054 4346/3118 3911/3055
f 3911/3055 4346/3118 3912/3056
f 4346/3118 3937/3057 3912/3056
f 3912/3324 3937/3337 3895/3360
f 3937/3057 3978/3061 3895/3058
f 3895/3058 3978/3061 4614/3135
f 3978/3061 4346/3118 4614/3131
f 4614/3131 4346/3118 4993/3141
f 4346/3118 4496/3127 4993/3141
f 4993/3297 4496/3379 4960/3300
f 4496/3379 4783/3323 4960/3300
f 4783/3323 4903/3303 4960/3300
f 4903/3303 4948/3301 4960/3300
f 4960/3300 4948/3301 4916/3301
f 4916/3301 4948/3301 4958/3302
f 4948/3301 4903/3303 4958/3302
f 4903/3303 4919/3306 4958/3302
f 4919/3085 4883/3088 4958/3095
f 4930/3094 4958/3095 4962/3094
f 4962/3094 4958/3095 4909/3080
f 4958/3095 4883/3088 4909/3080
f 4883/3088 4859/3074 4909/3080
f 4909/3080 4859/3074 4786/3051
f 4859/3074 4858/3068 4786/3051
f 4858/3068 4797/3064 4786/3051
f 4786/3051 4797/3064 4725/3049
f 4797/3064 4665/3040 4725/3049
f 4725/3049 4665/3040 4554/3024
f 4665/3040 4578/3031 4554/3024
f 4578/3031 4475/3017 4554/3024
f 4554/3024 4475/3017 4511/3016
f 4511/3443 4475/3444 4457/3438
f 4475/3444 4074/3405 4457/3438
f 4457/3438 4074/3405 4075/3404
f 4074/3405 3979/3373 4075/3404
f 3979/3373 3974/3367 4075/3404
f 4075/3256 3974/3287 4076/3257
f 4076/3257 3974/3287 3813/3292
f 3974/3287 3860/3291 3813/3292
f 3860/3291 3880/3291 3813/3292
f 3814/3359 3894/3359 3939/3358
f 3894/3359 3813/3358 3939/3358
f 3939/3292 3813/3292 3881/3291
f 3813/3292 3880/3291 3881/3291
f 3881/3362 3880/3362 3928/3363
f 3880/3362 3860/3362 3928/3363
f 3860/3362 3916/3363 3928/3363
f 3928/2899 3916/2899 3858/2900
f 3916/2899 3936/2900 3858/2900
f 3858/2900 3936/2900 3885/2910
f 3936/2900 3866/2910 3885/2910
f 3885/2910 3866/2910 3910/2911
f 3866/2910 3846/2910 3910/2911
f 3910/2911 3846/2910 3850/2911
f 3846/2910 4072/2947 3850/2911
f 4072/2947 4496/2995 3850/2911
f 4496/3127 3954/3054 3850/3053
f 3954/3072 3139/3079 3850/3076
f 3139/3079 3133/3083 3850/3076
f 3133/3331 3169/3338 3850/3423
f 3169/3338 3914/3427 3850/3423
f 3910/3423 3850/3423 3925/3427
f 3850/3423 3914/3427 3925/3427
f 3925/3427 3914/3427 3858/3429
f 3914/3427 3936/3429 3858/3429
f 3858/3429 3936/3429 3928/3428
f 3936/3429 3916/3428 3928/3428
f 3928/3037 3916/3037 3824/3036
f 3916/3037 3921/3036 3824/3036
f 3824/3294 3921/3294 3814/3293
f 3921/3294 3905/3294 3814/3293
f 3814/3293 3905/3294 3894/3293
f 3905/3294 3381/3268 3894/3293
f 3381/3268 3207/3180 3894/3293
f 3894/3293 3207/3180 2996/3133
f 3207/3180 3199/3178 2996/3133
f 3199/3178 3184/3164 2996/3133
f 2996/3133 3184/3164 2945/3115
f 3184/3164 3178/3151 2945/3115
f 2945/3115 3178/3151 2939/3114
f 3178/3151 3102/3147 2939/3114
f 2939/3396 3102/3445 2921/3390
f 3102/3445 3056/3430 2921/3390
f 2921/3390 3056/3430 2913/3386
f 2913/3386 3056/3430 2885/3385
f 3056/3430 2991/3417 2885/3385
f 2885/2944 2991/2912 2822/2953
f 2822/2953 2991/2912 2343/3008
f 2991/2912 2815/2958 2343/3008
f 2815/2958 2327/3011 2343/3008
f 2371/3008 2344/3008 2254/3011
f 2344/3008 2343/3008 2254/3011
f 2343/3008 2327/3011 2254/3011
f 2254/3239 2327/3239 2334/3234
f 2327/3239 2333/3234 2334/3234
f 2334/3234 2333/3234 2345/3230
f 2333/3234 2421/3234 2345/3230
f 2421/3234 2405/3230 2345/3230
f 2405/3415 2310/3419 2345/3419
f 2345/3419 2310/3419 2346/3419
f 2310/3419 2311/3425 2346/3419
f 2346/3419 2311/3425 2246/3425
f 2283/2898 2246/2924 2347/2898
f 2246/2924 2311/2924 2347/2898
f 2311/2924 2942/2973 2347/2898
f 2347/3132 2942/3224 3024/3262
f 2942/2973 3010/2992 3024/3001
f 3010/2992 2311/2924 3024/3001
f 2311/2924 2976/2986 3024/3001
f 2976/3048 3333/3041 3024/3034
f 3333/3041 3911/3042 3024/3034
f 3911/3042 3258/3007 3024/3010
f 2392/3132 2347/3132 3025/3262
f 2347/3132 3024/3262 3025/3262
f 3025/3010 3024/3010 3262/3007
f 3024/3010 3258/3007 3262/3007
f 3262/3007 3258/3007 3815/2999
f 3258/3007 3895/2999 3815/2999
f 3815/3058 3895/3058 4629/3135
f 3895/3058 4614/3135 4629/3135
f 4629/3135 4614/3135 4774/3141
f 4614/3135 4993/3141 4774/3141
f 4993/3297 4960/3300 4774/3297
f 4774/3297 4960/3300 4790/3300
f 4960/3300 4916/3301 4790/3300
f 4790/3300 4916/3301 4785/3301
f 4785/3301 4916/3301 4788/3302
f 4916/3301 4958/3302 4788/3302
f 4958/3095 4930/3094 4788/3095
f 4788/3095 4930/3094 4773/3094
f 4773/3094 4930/3094 4769/3093
f 4769/3093 4930/3094 4959/3093
f 4930/3094 4962/3094 4959/3093
f 4962/3094 4909/3080 4959/3093
f 4909/3080 4786/3051 4959/3093
f 4959/3093 4786/3051 4789/3093
f 4789/3093 4786/3051 4619/3051
f 4786/3051 4725/3049 4619/3051
f 4619/3051 4725/3049 4651/3049
f 4651/3049 4725/3049 4585/3049
f 4405/3015 4585/3049 4505/3015
f 4585/3049 4725/3049 4505/3015
f 4725/3049 4554/3024 4505/3015
f 4554/3024 4511/3016 4505/3015
f 4511/3295 4457/3298 4505/3296
f 4476/3296 4505/3296 4452/3299
f 4505/3296 4457/3298 4452/3299
f 4457/3298 4075/3328 4452/3299
f 4075/3328 4076/3329 4452/3299
f 4076/3329 3813/3358 4452/3299
f 3813/3358 3894/3359 4452/3299
f 4459/3299 4452/3299 3970/3359
f 4452/3299 3894/3359 3970/3359
f 3970/3293 3894/3293 2998/3133
f 3894/3293 2996/3133 2998/3133
f 2998/2901 2996/2901 2647/2983
f 2358/3003 2647/2983 2602/2983
f 2647/2983 2996/2901 2602/2983
f 2996/2901 2945/2933 2602/2983
f 2945/2933 2939/2935 2602/2983
f 2939/2935 2921/2937 2602/2983
f 2602/2983 2921/2937 2522/2990
f 2921/2937 2913/2940 2522/2990
f 2913/2940 2885/2944 2522/2990
f 2522/2990 2885/2944 2328/3003
f 2885/2944 2822/2953 2328/3003
f 2822/2953 2343/3008 2328/3003
f 2343/3008 2344/3008 2328/3003
f 2344/3008 2371/3008 2328/3003
f 2371/3008 2358/3003 2328/3003
f 2358/3003 2602/2983 2328/3003
f 2522/2990 2328/3003 2602/2983
f 5100/928 5182/938 5097/928
f 6032/495 6139/531 6027/486
f 6139/531 6043/487 6027/486
f 6027/1390 6043/1339 5943/1477
f 6043/1339 5953/1435 5943/1477
f 3855/866 3856/866 3886/866
f 3856/866 3892/962 3886/866
f 3892/962 3891/962 3886/866
f 5759/767 5787/519 5876/767
f 5787/519 5852/519 5876/767
f 5876/767 5852/519 5879/528
f 6425/100 6531/100 6632/94
f 6423/1037 6708/1038 6377/997
f 6377/997 6708/1038 6718/998
f 6718/1394 6708/1360 5371/1393
f 6708/1360 5353/1359 5371/1393
f 3429/1455 3466/1454 3476/1455
f 3466/1454 3469/1454 3476/1455
f 3469/1454 3493/1486 3476/1455
f 3493/1486 3555/1507 3476/1455
f 3476/1455 3555/1507 3534/1508
f 3534/1450 3555/1451 3305/1357
f 3555/1451 3285/1358 3305/1357
f 3305/1257 3285/1256 2953/1354
f 3285/1256 2954/1353 2953/1354
f 2954/1513 2932/1556 2953/1514
f 2932/1556 2896/1598 2953/1514
f 2953/1514 2896/1598 2893/1599
f 2896/1598 2924/1598 2893/1599
f 2925/1599 2893/1599 2934/1598
f 2893/1599 2924/1598 2934/1598
f 3917/1250 3934/1250 3872/1252
f 3872/1252 3934/1250 3897/1252
f 3934/1250 3898/1252 3897/1252
f 2341/481 2375/482 2292/386
f 3402/206 3379/232 3383/229
f 3379/605 3368/617 3383/600
f 3383/511 3021/672 3027/672
f 2366/1002 2472/1002 3020/1099
f 3021/672 3383/511 3020/672
f 3001/1234 3215/1164 2983/1244
f 2983/1244 3215/1164 3006/1216
f 2918/1272 2993/1222 2974/1226
f 2974/1054 2993/1073 3254/1128
f 2993/1073 3006/1079 3254/1128
f 3006/1079 3215/1113 3254/1128
f 3215/1113 3340/1171 3254/1128
f 3254/1128 3340/1171 3448/1227
f 3340/1171 3351/1183 3448/1227
f 3448/1227 3351/1183 3360/1190
f 3360/1190 3351/1183 3253/1127
f 3351/1183 3340/1171 3253/1127
f 3340/1171 3215/1113 3253/1127
f 3215/1164 3001/1234 3253/1155
f 3253/1155 3001/1234 3015/1229
f 3015/1229 3001/1234 2847/1303
f 3001/1234 2983/1244 2847/1310
f 2983/1244 3006/1216 2847/1310
f 3006/1216 2993/1222 2847/1310
f 2847/1310 2993/1222 2814/1315
f 2993/1222 2918/1272 2814/1315
f 2814/1315 2918/1272 2730/1332
f 2918/1272 2974/1226 2730/1332
f 2974/1226 2944/1247 2730/1332
f 2944/1247 2711/1296 2730/1332
f 2730/1332 2711/1296 2714/1309
f 2627/691 2714/691 2724/977
f 2714/691 2711/758 2724/977
f 2711/993 2944/1042 2724/1012
f 2944/1042 3130/1098 2724/1012
f 2944/1042 2974/1054 3130/1102
f 2974/1054 3254/1128 3130/1102
f 2685/1012 2724/1012 3121/1102
f 2724/1012 3130/1102 3121/1102
f 3121/1102 3130/1102 3246/1128
f 3130/1102 3254/1128 3246/1128
f 3246/1128 3254/1128 3796/1250
f 6033/574 6347/585 6172/563
f 6172/538 6347/614 6614/637
f 6614/1524 6347/1524 6227/1501
f 6347/1524 6219/1501 6227/1501
f 6227/1501 6219/1501 4649/1374
f 6219/1501 4696/1374 4649/1374
f 4696/1374 4641/1367 4649/1374
f 4641/1367 4560/1367 4649/1367
f 4649/1367 4560/1367 4455/1361
f 4560/1367 4427/1361 4455/1361
f 4427/1361 4358/1355 4455/1361
f 4455/1361 4358/1355 4362/1355
f 4362/1355 4358/1355 3934/1258
f 4358/1355 3796/1258 3934/1258
f 3796/1250 3254/1128 3934/1250
f 3254/1156 3448/1227 3934/1250
f 3448/1227 3360/1203 3934/1250
f 3934/1250 3360/1190 3898/1252
f 3898/1252 3360/1190 3265/1135
f 3360/1190 3253/1127 3265/1135
f 3253/1155 3015/1229 3265/1152
f 3366/1110 3265/1152 3263/1189
f 3265/1152 3015/1229 3263/1189
f 3015/1229 2847/1303 3263/1189
f 3263/1192 2847/1310 3251/1192
f 3261/1192 3251/1192 2843/1310
f 3251/1192 2847/1310 2843/1310
f 2847/1310 2814/1315 2843/1310
f 2843/1310 2814/1315 2813/1315
f 2813/1315 2814/1315 2799/1315
f 2654/316 2799/321 2662/316
f 2799/321 2814/321 2662/316
f 2814/321 2730/398 2662/316
f 2730/398 2714/524 2662/316
f 2714/524 2627/524 2662/316
f 2662/316 2627/524 2534/316
f 2534/316 2627/524 2554/524
f 2554/691 2627/691 2592/977
f 2627/691 2724/977 2592/977
f 3818/1407 3825/1383 3867/1407
f 3825/1383 3961/1383 3867/1407
f 5650/1467 5635/1467 5671/1472
f 6531/792 6425/801 6632/792
f 4699/169 4436/326 4464/319
f 4464/319 4436/326 4312/405
f 4327/1387 4312/1392 4277/1387
f 4312/1392 4436/1485 4277/1387
f 4293/1387 4277/1387 4309/1384
f 5275/1333 5276/1333 5205/1333
f 5276/1333 5232/1333 5205/1333
f 5232/1333 4312/1384 5205/1333
f 4312/1384 4309/1384 5205/1333
f 5205/1333 4309/1384 5176/1334
f 5176/1334 4309/1384 4281/1388
f 4309/1384 4277/1387 4281/1388
f 4277/1387 4436/1485 4281/1388
f 4436/1485 4699/1576 4281/1388
f 3920/1251 3946/1263 3827/1251
f 3946/1263 3945/1263 3827/1251
f 4000/118 4281/102 4027/101
f 6592/1502 6613/1534 6425/1502
f 6425/1502 6613/1534 6458/1534
f 6613/1534 6501/1534 6458/1534
f 3864/1204 3862/1204 3839/1204
f 3862/1204 3838/1196 3839/1204
f 3838/1196 3942/1196 3839/1204
f 3942/1196 4002/1185 3839/1204
f 3839/1204 4002/1185 3983/1191
f 4002/1185 4025/1174 3983/1191
f 3923/351 3901/312 3903/351
f 3901/312 3847/312 3903/351
f 3847/312 3848/315 3903/351
f 5663/709 5659/681 5645/702
f 5659/251 5663/239 5645/247
f 5607/1728 5647/1732 5107/1679
f 5107/826 5647/834 5668/847
f 5668/840 5647/860 5663/841
f 5645/645 5663/654 5659/644
f 5663/841 5647/860 5659/861
f 5647/1732 5607/1728 5659/1731
f 5659/1731 5607/1728 5656/1731
f 5656/1731 5607/1728 5601/1728
f 5009/1663 5050/1663 5016/1663
f 5016/1663 5050/1663 5097/1678
f 5050/1663 5601/1728 5097/1678
f 5601/1728 5607/1728 5097/1678
f 5607/1728 5107/1679 5097/1678
f 5097/1678 5107/1679 5016/1663
f 5107/1679 5021/1664 5016/1663
f 5130/1678 5097/1678 5051/1663
f 5097/1678 5016/1663 5051/1663
f 5051/1663 5016/1663 4900/1663
f 4900/1663 5016/1663 4845/1663
f 5016/1663 5021/1664 4845/1663
f 4682/1663 4845/1663 4865/1664
f 4845/1663 5021/1664 4865/1664
f 5021/1664 5107/1679 5113/1679
f 5113/826 5107/826 5672/847
f 5107/826 5668/847 5672/847
f 5672/847 5668/847 5717/847
f 5717/840 5668/840 5739/840
f 5759/841 5739/840 5663/841
f 5739/840 5668/840 5663/841
f 3822/406 3843/406 3842/406
f 3842/406 3843/406 3873/406
f 4738/903 5097/928 4710/904
f 2964/746 2972/742 3314/576
f 3799/935 3812/954 4525/946
f 4525/329 3812/469 4688/318
f 3812/803 4686/931 4688/773
f 4688/773 4686/931 5237/774
f 5237/774 4686/931 6070/775
f 6070/775 4686/931 6173/776
f 6173/1538 6068/1516 6092/1510
f 6068/1516 5877/1409 6092/1510
f 5894/516 6092/392 5868/516
f 5868/516 6092/392 5692/613
f 6092/1510 5877/1409 5692/1345
f 5692/1345 5877/1409 5875/1398
f 5877/1409 6068/1516 5875/1398
f 5875/1398 6068/1516 5845/1399
f 5845/1727 6068/1757 5661/1694
f 5661/1694 6068/1757 5447/1681
f 6068/584 4590/504 5447/460
f 5447/460 4590/504 4710/331
f 4710/331 4590/504 3919/396
f 3899/233 3919/396 3811/396
f 3986/1011 3869/989 3852/988
f 3852/988 3869/989 3893/989
f 3869/989 3986/1011 3893/989
f 3893/989 3986/1011 3988/1011
f 3988/1011 3986/1011 3990/1011
f 3986/1011 4726/1091 3990/1011
f 3990/1011 4726/1091 4678/1091
f 6236/392 6208/392 6092/392
f 6208/1194 6105/1194 6092/1194
f 6105/1194 5561/1144 6092/1194
f 6092/1194 5561/1144 5551/1144
f 5561/716 4678/798 5551/716
f 4678/798 4726/798 5551/716
f 4726/798 5462/725 5551/716
f 5551/716 5462/725 5957/635
f 5551/1144 5957/1188 6092/1194
f 6068/1193 6092/1194 4686/1090
f 6092/1194 5957/1188 4686/1090
f 5957/1188 5462/1143 4686/1090
f 5462/1143 4726/1091 4686/1090
f 4726/1091 3986/1011 4686/1090
f 3986/1011 3852/988 4686/1090
f 3883/1280 3291/1380 3195/1402
f 3114/1411 3163/1410 2331/1584
f 3163/1410 3011/1445 2331/1584
f 2186/1584 2331/1584 2340/1583
f 2340/1583 2331/1584 2317/1583
f 2331/1584 3011/1445 2317/1583
f 2317/1583 3011/1445 2464/1583
f 2464/1583 3011/1445 3014/1445
f 3011/1445 3163/1410 3014/1445
f 3014/1445 3163/1410 3170/1410
f 3163/1410 3195/1402 3170/1410
f 3170/1410 3195/1402 3185/1402
f 3195/1402 3291/1380 3185/1402
f 3185/1402 3291/1380 3308/1380
f 3972/1279 3308/1380 3869/1279
f 3308/1380 3291/1380 3869/1279
f 3291/1380 3883/1280 3869/1279
f 3893/1279 3869/1279 3908/1280
f 3869/1279 3883/1280 3908/1280
f 3899/959 3907/894 3874/959
f 2256/1684 2514/1563 2790/1719
f 3295/779 3267/778 3874/959
f 3267/778 3278/778 3874/959
f 3899/959 3874/959 3268/778
f 3874/959 3278/778 3268/778
f 2902/1212 2919/1212 2871/1212
f 2919/1212 2907/1044 2871/1212
f 2871/1212 2907/1044 2860/1044
f 2907/602 3267/778 2860/602
f 2860/1044 2894/1145 2871/1212
f 2871/1212 2894/1145 2931/1248
f 2931/974 2894/912 2928/963
f 2894/912 2860/846 2928/963
f 2860/602 3295/779 2928/596
f 3295/779 3286/755 2928/596
f 3286/755 3223/723 2928/596
f 3223/1163 2790/1043 2928/1083
f 2790/1719 2514/1563 2928/1765
f 2928/1765 2514/1563 2786/1628
f 2786/1628 2514/1563 2322/1526
f 2514/1563 2256/1684 2322/1526
f 2354/1526 2322/1526 2356/1526
f 2356/1526 2322/1526 2307/1684
f 2322/1526 2256/1684 2307/1684
f 2277/1017 2307/1022 2420/1017
f 2307/1022 2256/1022 2420/1017
f 2420/1017 2256/1022 2219/1017
f 2256/1022 2790/1043 2219/1017
f 2219/1017 2790/1043 2593/1025
f 2790/1043 3223/1163 2593/1025
f 2593/1025 3223/1163 3136/1125
f 3136/625 3223/723 3882/894
f 3223/723 3286/755 3882/894
f 3286/755 3295/779 3882/894
f 3295/779 3874/959 3882/894
f 3874/959 3907/894 3882/894
f 3883/1280 3195/1402 3888/1281
f 3195/1402 3163/1410 3888/1281
f 3163/1410 3114/1411 3888/1281
f 3114/804 2331/800 2185/813
f 2420/1017 2219/1017 2185/987
f 2219/1017 2593/1025 2185/987
f 2593/1025 3136/1125 2185/987
f 2185/987 3136/1125 3174/1118
f 3111/558 2291/567 2185/544
f 2972/742 2964/746 2431/895
f 3016/513 2964/542 3377/352
f 2964/205 3314/348 3377/427
f 3314/348 3369/408 3377/427
f 3377/352 3005/513 3016/513
f 2341/667 3005/513 2474/667
f 2474/667 3005/513 3022/513
f 3022/513 3005/513 3380/352
f 3005/513 3377/352 3380/352
f 3377/518 3799/458 3380/518
f 3380/518 3799/458 3975/458
f 3799/935 4525/946 3975/935
f 3975/935 4525/946 4592/946
f 4592/329 4688/318 4698/318
f 4688/773 5237/774 4698/773
f 5237/774 6070/775 5243/774
f 5243/774 6070/775 6034/775
f 6173/1538 6092/1510 6236/1510
f 6236/392 6092/392 5934/516
f 6092/392 5894/516 5934/516
f 5868/516 5692/613 5663/641
f 5692/1345 5875/1398 5663/1313
f 5875/1398 5845/1399 5663/1313
f 5663/1313 5845/1399 5668/1314
f 5845/1727 5661/1694 5668/1693
f 5663/1313 5668/1314 5759/1313
f 5759/1313 5668/1314 5739/1314
f 5739/1314 5668/1314 5717/1314
f 5717/1693 5668/1693 5672/1693
f 5672/1693 5668/1693 5196/1644
f 5100/938 5069/939 5182/938
f 5182/938 5069/939 5189/939
f 5069/939 5106/939 5189/939
f 5106/1644 5196/1644 5189/1644
f 5196/1644 5668/1693 5189/1644
f 5668/1693 5661/1694 5189/1644
f 5661/1694 5447/1681 5189/1644
f 5447/137 4710/104 5189/136
f 4710/904 5097/928 5189/939
f 5189/939 5097/928 5182/938
f 5182/938 5097/928 5170/938
f 5170/938 5097/928 5093/928
f 5093/928 5097/928 5050/928
f 5050/928 5097/928 4782/903
f 5097/928 4738/903 4782/903
f 4782/238 4738/238 4682/230
f 3874/233 3899/233 4699/324
f 3899/233 4655/324 4699/324
f 4655/324 4792/324 4699/324
f 4865/231 4845/230 4699/231
f 4845/230 4682/230 4699/231
f 4682/230 4738/238 4699/231
f 4738/238 4710/243 4699/231
f 4699/324 4710/331 3874/233
f 4710/331 3919/396 3874/233
f 3919/396 3899/233 3874/233
f 3899/400 3873/406 3874/400
f 3873/406 3843/406 3874/400
f 3843/406 3987/419 3874/400
f 3987/419 4026/448 3874/400
f 3874/200 4026/263 4699/376
f 4699/376 4026/263 4062/303
f 3313/765 3108/629 3373/731
f 3108/1760 3088/1761 3373/1621
f 3373/1621 3088/1761 3376/1622
f 3088/1235 3108/1236 2793/1134
f 2793/1134 3108/1236 2798/1135
f 3108/629 3313/765 2798/569
f 3313/765 3100/817 2798/569
f 2798/569 3100/817 2893/751
f 2925/751 2893/751 3103/817
f 2893/751 3100/817 3103/817
f 3103/1140 3100/1140 3429/1211
f 3429/1211 3100/1140 3476/1211
f 3100/1140 3313/1243 3476/1211
f 3313/1243 3373/1343 3476/1211
f 3961/1668 3825/1668 3867/1705
f 3825/1668 3818/1705 3867/1705
f 4023/1400 3984/1389 4060/1430
f 3984/1389 3825/1383 4060/1430
f 4060/1430 3825/1383 4064/1449
f 3981/1420 4033/1443 3818/1407
f 4033/1443 4064/1449 3818/1407
f 4064/1449 3825/1383 3818/1407
f 3825/1668 3498/1657 3818/1705
f 3498/1657 3459/1665 3818/1705
f 3459/1665 3480/1689 3818/1705
f 3822/1305 3842/1305 3843/1305
f 3842/1305 3873/1305 3843/1305
f 3873/1305 3899/1316 3843/1305
f 3899/1316 3874/1316 3843/1305
f 3920/573 3827/573 3946/608
f 3827/573 3945/608 3946/608
f 2261/869 2410/869 2289/869
f 2410/869 2290/869 2289/869
f 2262/869 2290/875 2315/888
f 2290/875 2313/874 2315/888
f 2315/888 2313/874 2314/880
f 3739/615 3417/640 3946/608
f 4005/1275 3946/1263 4029/1287
f 4001/1265 4024/1285 3920/1251
f 4024/1285 4029/1287 3920/1251
f 4029/1287 3946/1263 3920/1251
f 3946/608 3417/640 3920/573
f 3417/640 3388/638 3920/573
f 3388/638 3418/609 3920/573
f 3418/609 3612/577 3920/573
f 2303/719 2458/720 2323/710
f 2323/670 2303/679 2276/694
f 2323/143 2458/139 2303/138
f 2303/138 2323/143 2276/143
f 2303/679 2458/693 2276/694
f 2458/693 2304/707 2276/694
f 2276/143 2304/143 2303/138
f 2303/138 2304/143 2323/143
f 2304/204 2458/215 2323/222
f 2458/139 2303/138 2323/143
f 2314/880 2313/874 2315/888
f 2429/888 2315/888 2290/875
f 2315/888 2313/874 2290/875
f 2290/875 2313/874 2262/869
f 2262/869 2313/874 2236/869
f 2313/310 2385/289 2236/289
f 2387/708 2235/708 2360/730
f 2235/275 2385/289 2360/275
f 2385/289 2386/282 2360/275
f 2387/708 2360/730 2409/701
f 2360/368 2386/379 2409/382
f 2234/604 2387/604 2408/604
f 2290/875 2289/869 2262/869
f 2289/869 2261/869 2262/869
f 2261/616 2408/604 2262/616
f 2408/604 2387/604 2262/616
f 2387/604 2409/612 2262/616
f 2262/616 2409/612 2290/623
f 2409/612 2386/603 2290/623
f 2386/282 2385/289 2290/305
f 2385/289 2313/310 2290/305
f 2313/310 2314/311 2290/305
f 2262/869 2315/888 2290/875
f 2315/888 2314/880 2290/888
f 2314/278 2313/277 2290/283
f 6435/1700 6454/1635 6639/1700
f 6639/1700 6454/1635 6553/1635
f 4519/1092 4417/1092 4079/1126
f 5070/1109 5103/1108 5067/1108
f 5073/1107 5103/1108 5194/1107
f 5103/1108 5070/1109 5190/1109
f 5070/1109 5087/1111 5190/1109
f 5087/1111 5206/1111 5190/1109
f 3831/1709 3963/1709 3830/1714
f 6425/1041 6458/1048 6592/1041
f 6592/1041 6458/1048 6613/1048
f 6613/1048 6458/1048 6501/1048
f 6501/1048 6458/1048 6469/1048
f 6469/873 6458/849 5809/872
f 6458/849 5831/848 5809/872
f 3830/829 3749/829 3443/781
f 3749/829 3440/781 3443/781
f 3003/465 3004/465 2366/598
f 2366/598 3004/465 2472/598
f 3004/465 3003/465 3368/313
f 3955/167 3830/167 3806/389
f 3806/389 3830/167 3944/389
f 3830/167 3816/389 3944/389
f 2705/1579 2727/1580 2729/1570
f 2729/1570 2727/1580 2946/1515
f 2946/1515 2727/1580 3007/1484
f 3007/1484 2727/1580 2642/1587
f 2727/1580 2705/1579 2642/1587
f 2705/1579 2646/1585 2642/1587
f 2646/1585 2597/1585 2642/1587
f 2642/1587 2597/1585 2536/1587
f 2536/1587 2597/1585 2525/1585
f 2525/1585 2597/1585 2546/1578
f 2731/1567 2736/1567 2655/1578
f 2736/1567 2665/1578 2655/1578
f 2665/1578 2551/1578 2655/1578
f 2551/1578 2546/1578 2655/1578
f 2546/1578 2597/1585 2655/1578
f 2597/1585 2646/1585 2655/1578
f 2646/1585 2705/1579 2655/1578
f 2655/1578 2705/1579 2731/1567
f 2705/1579 2729/1570 2731/1567
f 2729/1570 2948/1509 2731/1567
f 2655/1578 2731/1567 2649/1578
f 2649/1578 2731/1567 2702/1567
f 2702/1567 2731/1567 3144/1438
f 3144/1438 2731/1567 3146/1438
f 3146/1438 2731/1567 3157/1438
f 2731/1567 2948/1509 3157/1438
f 3157/1438 2948/1509 3148/1442
f 2948/1509 2729/1570 3148/1442
f 2729/1570 2946/1515 3148/1442
f 2946/1515 3007/1484 3148/1442
f 3148/1442 3007/1484 3190/1428
f 3190/1428 3007/1484 3041/1460
f 3007/1484 2642/1587 3041/1460
f 3041/1460 2642/1587 3036/1460
f 2642/1587 2635/1587 3036/1460
f 2366/1002 3020/1099 2958/1071
f 2958/1071 3020/1099 3294/1161
f 3020/672 3383/511 3294/581
f 3368/660 3383/695 3379/680
f 3379/671 3383/695 3368/660
f 2366/598 2958/497 3003/465
f 3003/465 2958/497 3368/313
f 2958/547 3294/678 3368/769
f 3372/754 3482/797 3443/781
f 3443/781 3482/797 3830/829
f 3482/797 3384/780 3830/829
f 3384/780 3394/788 3830/829
f 3816/389 3830/167 3364/417
f 3830/167 3394/307 3364/417
f 3364/1021 3394/992 3341/1026
f 3394/992 3384/1006 3341/1026
f 3341/1026 3384/1006 3334/1031
f 3384/649 3482/534 3334/812
f 3482/534 3372/652 3334/812
f 3334/812 3372/652 3328/820
f 3372/652 3443/533 3328/820
f 3328/820 3443/533 3321/819
f 6706/208 6557/208 6646/176
f 6557/208 6495/176 6646/176
f 6646/176 6495/176 6639/171
f 6495/176 6484/176 6639/171
f 6639/188 6484/188 6376/147
f 6484/188 6297/147 6376/147
f 5036/867 5165/877 5087/868
f 5206/886 5087/868 5197/885
f 5087/868 5165/877 5197/885
f 5111/960 5067/976 5073/956
f 6639/31 6193/135 6187/141
f 6128/308 5740/344 5664/347
f 5664/347 5740/344 5613/356
f 4755/1273 5070/1202 4747/1286
f 4747/1286 5070/1202 4605/1308
f 4414/1566 4605/1654 4385/1533
f 4605/1654 4577/1641 4385/1533
f 4385/1533 4577/1641 4347/1525
f 4347/1525 4577/1641 4722/1641
f 4722/1307 4577/1307 5087/1201
f 4577/1307 4605/1308 5087/1201
f 4605/1308 5070/1202 5087/1201
f 5087/1111 5070/1109 5387/1015
f 5387/1015 5070/1109 5392/1001
f 5392/274 5390/273 5391/281
f 5391/281 5390/273 5375/266
f 5375/266 5390/273 5336/258
f 5390/273 5392/274 5336/258
f 5392/1001 5070/1109 5336/1013
f 5336/1013 5070/1109 5221/1051
f 5221/1051 5070/1109 5067/1108
f 5070/1202 4755/1273 5067/1198
f 4755/1273 4549/1350 5067/1198
f 5067/976 4549/740 4767/844
f 4767/844 4549/740 4552/726
f 4549/740 4354/589 4552/726
f 4136/1707 4173/1706 4290/1743
f 4301/555 4246/502 4451/690
f 4246/502 4354/589 4451/690
f 4549/1640 4747/1710 4451/1623
f 4747/1710 4605/1654 4451/1623
f 4605/1654 4414/1566 4451/1623
f 4451/1623 4414/1566 4270/1466
f 4414/1566 4385/1533 4270/1466
f 4385/1533 4347/1525 4270/1466
f 4270/1466 4347/1525 4269/1459
f 4347/1525 4337/1505 4269/1459
f 4269/1459 4337/1505 4265/1448
f 4265/1448 4337/1505 4262/1434
f 4337/1505 4189/1382 4262/1434
f 4262/1434 4189/1382 4208/1385
f 4208/1385 4189/1382 4147/1381
f 4239/1377 4208/1377 4225/1382
f 4225/1378 4208/1377 4157/1378
f 4208/1377 4147/1377 4157/1378
f 4147/1381 4189/1382 4157/1378
f 4189/1382 4337/1505 4225/1382
f 4421/1525 4722/1641 4779/1641
f 5167/1111 5387/1015 5537/1015
f 5545/274 5392/274 5461/296
f 5392/274 5391/281 5461/296
f 5391/281 5450/295 5461/296
f 5450/374 5613/356 5461/378
f 5613/356 5740/344 5461/378
f 5733/344 5740/344 6836/220
f 6836/220 5740/344 6842/220
f 5740/344 6128/308 6842/220
f 6128/308 6250/292 6842/220
f 6587/1520 6720/1475 6553/1635
f 6720/1475 6834/1465 6553/1635
f 6300/1365 6553/1417 6336/1363
f 5653/1464 5650/1464 5558/1472
f 5558/1464 5650/1464 5520/1464
f 5503/1440 5520/1464 5622/1440
f 5520/1464 5650/1464 5622/1440
f 5650/1464 5636/1457 5622/1440
f 5622/1440 5636/1457 5503/1440
f 5503/1440 5636/1457 5466/1457
f 5497/1468 5466/1457 5606/1468
f 5466/1457 5636/1457 5606/1468
f 5636/1457 5650/1467 5606/1468
f 5579/799 5606/821 5485/799
f 5585/733 5617/733 5500/733
f 5617/733 5611/794 5500/733
f 5611/794 5485/794 5500/733
f 5916/734 5500/733 5889/764
f 5500/733 5485/794 5889/764
f 5889/764 5485/794 5902/795
f 5902/879 5485/799 5944/887
f 5485/799 5606/821 5944/887
f 5944/887 5606/821 6013/892
f 5606/1468 5843/1572 6013/1658
f 6013/175 5843/269 6212/133
f 6212/133 5843/269 6187/141
f 6684/1439 6639/1447 6566/1425
f 6566/237 6639/196 6436/226
f 6639/31 6187/141 6436/31
f 6436/31 6187/141 6048/141
f 6187/141 5816/253 6048/141
f 5558/1472 5598/1472 5671/1472
f 5598/1472 5816/1582 5671/1472
f 5671/1472 5816/1582 5856/1582
f 5816/253 6187/141 5856/253
f 6187/141 5843/269 5856/253
f 5856/1582 5843/1572 5671/1472
f 5843/1572 5606/1468 5671/1472
f 5606/1468 5650/1467 5671/1472
f 6017/1537 6186/1557 5983/1530
f 6186/1557 5856/1488 5983/1530
f 5983/1530 5856/1488 5752/1444
f 5856/1488 5671/1397 5752/1444
f 5671/1397 5650/1395 5752/1444
f 5752/1444 5650/1395 5745/1441
f 5745/1441 5650/1395 5743/1433
f 5650/235 5623/236 5743/79
f 5743/79 5623/236 5716/80
f 5716/80 5623/236 5713/80
f 5623/236 5609/114 5713/80
f 5713/80 5609/114 5719/16
f 5719/16 5609/114 5641/17
f 5609/114 5608/114 5641/17
f 5608/114 5570/114 5641/17
f 5641/17 5570/114 5530/17
f 5530/17 5570/114 5487/114
f 5487/114 5570/114 5503/236
f 5503/236 5570/114 5622/236
f 5570/114 5608/114 5622/236
f 5608/114 5609/114 5622/236
f 5609/114 5623/236 5622/236
f 5503/236 5622/236 5504/236
f 5622/236 5623/236 5504/236
f 5504/236 5623/236 5455/236
f 5455/236 5623/236 5520/235
f 5623/236 5650/235 5520/235
f 5520/235 5650/235 5592/235
f 5592/235 5650/235 5593/241
f 5593/241 5650/234 5558/234
f 5650/1395 5671/1397 5558/1397
f 5558/1397 5671/1397 5598/1397
f 5598/1487 5671/1494 5667/1478
f 5671/1153 5764/1160 5667/1169
f 5667/1626 5764/1632 6014/1604
f 5764/653 6186/699 6014/727
f 6014/1557 6186/1557 6436/1690
f 6798/227 6436/178 6639/178
f 6436/1690 6186/1557 6639/1690
f 6639/1690 6186/1557 6187/1559
f 6186/1557 6017/1537 6187/1559
f 6017/1537 6165/1564 6187/1559
f 6165/1301 6336/1363 6187/1295
f 6336/1363 6553/1417 6187/1295
f 6187/1295 6553/1417 6639/1415
f 6553/1635 6864/1611 6639/1700
f 6250/292 6128/308 5725/345
f 6797/261 6172/212 6216/190
f 5613/356 5450/374 5445/375
f 5450/295 5391/281 5445/294
f 5391/281 5375/266 5445/293
f 5375/266 5336/258 5303/242
f 5336/1013 5221/1051 5303/1019
f 5221/1051 5067/1108 5303/1019
f 5303/1019 5067/1108 5073/1107
f 5067/976 4767/844 5073/956
f 4767/844 4552/726 5073/956
f 6471/913 6423/898 6630/913
f 6423/898 5944/839 6630/913
f 5944/839 6013/850 6630/913
f 6013/175 6212/133 6630/30
f 6212/133 6187/141 6630/30
f 6187/141 6193/135 6630/30
f 6193/135 6639/10 6630/30
f 6630/30 6639/31 6429/30
f 6429/30 6639/31 6435/31
f 6639/1415 6553/1417 6435/1415
f 6452/1427 6529/1424 6612/1427
f 6529/1424 6587/1424 6612/1427
f 6587/1424 6361/1370 6612/1427
f 6836/214 6612/381 6842/201
f 6762/201 6842/201 6757/201
f 6842/201 6612/381 6757/201
f 6757/201 6612/381 6453/381
f 6612/1427 6123/1318 6453/1427
f 6453/1427 6123/1318 6030/1318
f 6030/1639 6123/1639 5775/1744
f 5770/496 5775/496 5866/488
f 6008/594 5866/488 5872/496
f 5866/488 5775/496 5872/496
f 5775/1744 6123/1639 5872/1744
f 5872/1744 6123/1639 6218/1639
f 6123/1318 6612/1427 6218/1318
f 6612/1427 6361/1370 6218/1318
f 6218/1318 6361/1370 6149/1319
f 6361/1370 6587/1424 6149/1319
f 6587/1424 6300/1365 6149/1319
f 6300/1365 6336/1363 6149/1319
f 6149/1539 6336/1591 6194/1532
f 6336/1363 6165/1301 6194/1311
f 6165/1564 6017/1537 6194/1577
f 6017/1537 6008/1541 6194/1577
f 6008/594 5872/496 6194/757
f 6194/757 5872/496 6012/597
f 5872/1744 6218/1639 6012/1625
f 6218/1639 6149/1531 6012/1625
f 5295/380 5292/385 5158/501
f 5158/501 5292/385 5288/395
f 5153/633 4964/559 5267/753
f 4964/522 5159/476 5267/371
f 5159/476 5195/471 5267/371
f 5267/371 5195/471 5293/355
f 5293/355 5195/471 5234/445
f 5234/445 5195/471 4976/561
f 5195/471 5159/476 4976/561
f 5159/476 4964/522 4976/561
f 4964/522 4927/522 4976/561
f 4976/561 4927/522 4795/561
f 4795/561 4927/522 4787/522
f 4787/559 4927/559 4784/553
f 4784/553 4927/559 4957/553
f 4927/559 4964/559 4957/553
f 4964/559 5153/633 4957/553
f 4743/553 4957/553 5185/744
f 4957/553 5242/744 5185/744
f 5242/744 4957/553 5264/744
f 4957/553 5153/633 5264/744
f 5153/633 5267/753 5264/744
f 3128/111 3142/73 2396/97
f 3142/1238 3137/1218 2396/1376
f 2396/1376 3137/1218 2365/1348
f 2412/902 2365/922 2777/908
f 2981/1217 2777/1306 3168/1206
f 3168/1206 2777/1306 3209/1195
f 3209/1195 2777/1306 3212/1199
f 2777/1306 2365/1348 3212/1199
f 2365/1348 3137/1218 3212/1199
f 3212/1199 3137/1218 3966/1086
f 3137/1218 3142/1238 3966/1086
f 3142/73 3128/111 3966/15
f 3966/15 3128/111 3932/146
f 3932/1177 3128/1176 3160/1200
f 3128/1176 2396/1175 3160/1200
f 3112/627 2949/631 3307/663
f 3307/663 2949/631 3279/737
f 4055/71 4582/65 4625/63
f 4625/63 4582/65 4946/64
f 5257/818 5465/664 4946/973
f 4946/973 5465/664 5308/756
f 5308/932 5465/927 5674/971
f 5674/971 5465/927 5880/958
f 5465/927 5678/830 5880/958
f 5880/843 5729/766 5879/842
f 5675/686 5729/766 5677/687
f 5729/766 5880/843 5677/687
f 5880/843 5678/688 5677/687
f 5677/536 5678/539 5605/579
f 5605/579 5678/539 5451/647
f 5678/539 5465/664 5451/647
f 5465/664 5257/818 5451/647
f 5252/793 5451/647 4975/951
f 5451/647 5257/818 4975/951
f 5257/818 4946/973 4975/951
f 4975/951 4946/973 4929/951
f 4801/951 4929/951 4744/973
f 4929/951 4946/973 4744/973
f 4946/64 4582/65 4744/65
f 4744/65 4582/65 4643/65
f 4582/65 4055/71 4643/65
f 4643/65 4055/71 4056/71
f 4055/314 3847/312 4056/314
f 4056/314 3847/312 3875/312
f 3847/365 3352/276 3875/365
f 3875/365 3352/276 3348/276
f 3352/276 3279/203 3348/276
f 3348/276 3279/203 3281/203
f 3064/741 3281/737 3042/741
f 3281/737 3279/737 3042/741
f 3042/741 3279/737 2949/639
f 2321/1368 2949/1342 2352/1375
f 2949/1342 3112/1341 2352/1375
f 3112/1341 3118/1352 2352/1375
f 3118/1224 3160/1200 2352/1223
f 3160/1200 2396/1175 2352/1223
f 2352/1223 2396/1175 2351/1223
f 2351/1223 2396/1175 2350/1223
f 2350/1223 2396/1175 2368/1175
f 2368/1175 2396/1175 2395/1175
f 2395/1376 2396/1376 2268/1376
f 2396/1376 2365/1348 2268/1376
f 2268/1376 2365/1348 2391/1348
f 2365/922 2412/902 2391/922
f 2391/922 2412/902 2265/922
f 2265/1166 2412/1166 2278/1165
f 2461/1165 2278/1165 2306/1165
f 2278/1165 2412/1166 2306/1165
f 2412/1166 2777/1131 2306/1165
f 2306/1165 2777/1131 2772/1130
f 2777/1321 2804/1347 2772/1453
f 2772/1453 2804/1347 2871/1362
f 2871/279 2804/442 2860/467
f 2804/442 2777/566 2860/467
f 2777/1306 2981/1217 2860/1237
f 2902/279 2871/279 2919/279
f 2871/279 2860/467 2919/279
f 2919/279 2860/467 2907/467
f 2907/1237 2860/1237 3287/1121
f 3287/1317 3298/1317 3899/1316
f 4792/376 4655/376 4699/376
f 4699/376 4655/376 3874/200
f 4655/376 3899/200 3874/200
f 3899/1316 3298/1317 3874/1316
f 3843/1305 3874/1316 3499/1299
f 3874/1316 3298/1317 3499/1299
f 3499/1299 3298/1317 3462/1282
f 3462/1282 3298/1317 3483/1260
f 3839/700 3483/728 3957/692
f 3964/692 3957/692 3863/692
f 3863/692 3957/692 3861/692
f 3861/692 3957/692 3942/666
f 3957/692 3483/728 3942/666
f 3942/666 3483/728 3626/669
f 3483/1070 3298/1121 3626/1066
f 3626/1066 3298/1121 3416/1084
f 3387/1104 3298/1121 3421/1105
f 3298/1121 3168/1206 3421/1105
f 3168/1206 3209/1195 3421/1105
f 3421/1105 3209/1195 3617/1085
f 3209/1195 3212/1199 3617/1085
f 3212/1199 3966/1086 3617/1085
f 3617/1085 3966/1086 3938/1080
f 3952/1080 3938/1080 3951/1080
f 3938/1080 3966/1086 3951/1080
f 3951/1080 3966/1086 3889/1086
f 3966/15 3932/146 3889/15
f 3889/15 3932/146 3819/146
f 3819/146 3932/146 3931/146
f 3931/1177 3932/1177 3915/1177
f 3915/1177 3932/1177 3923/1225
f 3847/365 3876/365 3848/365
f 3876/365 3902/365 3848/365
f 3848/683 3902/683 3903/648
f 3902/683 3923/648 3903/648
f 3923/1225 3932/1177 3903/1225
f 3932/1177 3160/1200 3903/1225
f 3160/1200 3118/1224 3903/1225
f 3118/477 3112/491 3903/648
f 3903/648 3112/491 3848/683
f 3112/491 3307/545 3848/683
f 3307/228 3279/203 3848/365
f 3279/203 3352/276 3848/365
f 3352/276 3847/365 3848/365
f 3847/312 4055/314 3848/315
f 3903/8 3848/70 4692/50
f 3848/70 4055/71 4692/50
f 4055/71 4625/63 4692/50
f 5171/907 5054/907 5135/901
f 5054/907 4692/747 5135/901
f 4692/747 4625/715 5135/901
f 5279/893 5297/893 5278/893
f 5297/893 5260/893 5278/893
f 5260/893 5143/901 5278/893
f 5143/901 5135/901 5278/893
f 5278/893 5135/901 5296/890
f 5135/901 4625/715 5296/890
f 4625/715 4946/684 5296/890
f 4946/973 5308/756 5296/777
f 5308/932 5674/971 5296/972
f 5260/972 5296/972 5560/971
f 5296/972 5674/971 5560/971
f 5560/971 5674/971 5786/970
f 5786/970 5674/971 5876/970
f 5674/971 5880/958 5876/970
f 5876/970 5880/958 5759/970
f 5759/970 5880/958 5763/958
f 5880/843 5879/842 5763/843
f 5882/601 5727/838 5874/772
f 6146/770 6147/768 6279/705
f 6468/607 6290/658 6245/745
f 6245/745 6290/658 6279/705
f 6279/705 6290/658 6391/620
f 6391/620 6290/658 6448/611
f 6448/611 6290/658 6398/606
f 6398/606 6290/658 6609/556
f 6290/658 6468/607 6609/556
f 6552/257 6201/131 6163/128
f 6079/105 6201/131 6606/260
f 6201/131 6552/257 6606/260
f 4168/1413 4649/1369 4228/1406
f 5666/1300 4228/1403 4649/1364
f 6006/1480 5446/1416 5311/1408
f 5446/1416 4649/1374 5311/1408
f 5311/1408 4649/1374 5282/1405
f 4423/172 5773/90 4389/172
f 4065/254 3969/328 4070/249
f 3969/328 4389/172 4070/249
f 4070/249 4389/172 5179/130
f 4389/172 5773/90 5179/130
f 5179/130 5773/90 5239/126
f 5773/90 5282/117 5239/126
f 5239/1396 5282/1401 4455/1361
f 5282/1401 4649/1367 4455/1361
f 4649/1369 4168/1413 4455/1386
f 4168/1413 4077/1423 4455/1386
f 4455/1386 4077/1423 4071/1431
f 4071/1431 4077/1423 3985/1489
f 4077/1423 4168/1413 3985/1489
f 3985/1489 4168/1413 4035/1456
f 4168/1413 4228/1406 4035/1456
f 5032/1349 4035/1456 5163/1349
f 4035/1456 4228/1403 5163/1349
f 4228/1403 5666/1300 5163/1349
f 5163/1349 5666/1300 6631/1228
f 5666/1300 6419/1249 6631/1228
f 6419/1249 6625/1230 6631/1228
f 6625/271 6552/259 6631/270
f 6631/270 6552/259 6558/250
f 6552/257 6163/128 6558/250
f 6163/128 6222/127 6558/250
f 6558/250 6222/127 6124/127
f 6124/127 6222/127 5874/41
f 6222/127 6163/128 5874/41
f 5980/105 6079/105 6445/260
f 6079/105 6606/260 6445/260
f 6445/260 6606/260 6446/260
f 3796/1499 4358/1391 3934/1499
f 3934/1499 4358/1391 4362/1391
f 4358/1391 4427/1386 4362/1391
f 4362/1391 4427/1386 4455/1386
f 4427/1386 4560/1369 4455/1386
f 4455/1386 4560/1369 4649/1369
f 4560/1369 4641/1369 4649/1369
f 4641/1369 4696/1364 4649/1369
f 4696/1364 6219/1261 4649/1364
f 4649/1364 6219/1261 6227/1261
f 6219/1261 6446/1231 6227/1261
f 6227/1261 6446/1231 6614/1231
f 6446/260 6606/260 6614/272
f 6606/260 6552/259 6614/272
f 6552/259 6625/271 6614/272
f 6625/1230 6419/1249 6614/1231
f 6614/1231 6419/1249 6227/1261
f 6419/1249 5666/1300 6227/1261
f 5666/1300 4649/1364 6227/1261
f 4649/1374 5446/1416 6227/1501
f 5446/1416 6006/1480 6227/1501
f 6006/1480 6176/1493 6227/1501
f 6227/1501 6176/1493 6614/1524
f 6176/1493 6609/1523 6614/1524
f 6609/1351 6468/1432 6614/1511
f 6468/1432 6245/1474 6614/1511
f 6614/1511 6245/1474 6079/1575
f 6245/429 6279/527 6079/309
f 6279/527 6147/418 6079/309
f 6079/882 6147/845 6002/919
f 6147/845 6146/855 6002/919
f 6002/919 6146/855 6024/921
f 6077/540 5996/506 6082/550
f 5996/510 6025/512 6082/550
f 6082/550 6025/512 6083/554
f 6025/514 6024/509 6083/554
f 6083/554 6024/509 6157/570
f 6024/509 6146/557 6157/570
f 6146/770 6279/705 6157/760
f 6191/675 6281/675 6236/650
f 6337/650 6239/650 6331/650
f 6239/650 6236/650 6331/650
f 6236/650 6281/675 6331/650
f 6281/675 6217/738 6331/650
f 6217/738 6269/735 6331/650
f 6331/650 6269/735 6428/646
f 6269/735 6157/760 6428/646
f 6157/760 6279/705 6428/646
f 6279/705 6391/624 6428/646
f 6259/646 6428/646 6430/565
f 6430/565 6428/646 6589/565
f 6428/646 6391/624 6589/565
f 6391/620 6448/611 6589/565
f 6448/611 6398/606 6589/565
f 6477/560 6589/565 6590/560
f 6589/565 6398/606 6590/560
f 6398/606 6609/556 6590/560
f 6609/11 6176/61 6590/32
f 5773/86 5792/86 5892/86
f 5792/86 5886/86 5892/86
f 5886/86 6430/32 5892/86
f 6430/32 6590/32 5892/86
f 6590/32 6176/61 5892/86
f 5826/88 5892/86 5870/88
f 5892/86 6176/61 5870/88
f 6176/61 6006/74 5870/88
f 6006/74 5311/110 5870/88
f 5311/110 5282/113 5870/88
f 5282/113 5773/90 5870/88
f 5870/88 5773/90 5864/88
f 5864/88 5773/90 5769/90
f 5769/90 5773/90 5750/90
f 5773/90 4423/172 5750/90
f 5750/90 4423/172 4383/172
f 4383/172 4423/172 3773/333
f 3773/333 4423/172 3884/333
f 4423/172 4389/172 3884/333
f 4389/172 3969/328 3884/333
f 3969/328 4065/254 3884/333
f 3853/333 3884/333 3872/332
f 3884/333 3897/332 3872/332
f 3872/1257 3897/1257 3917/1258
f 3929/1708 3807/1708 3941/1709
f 3963/1709 3941/1709 3817/1708
f 3941/1709 3807/1708 3817/1708
f 3817/1708 3807/1708 3934/1712
f 3807/1708 3929/1708 3934/1712
f 3929/1708 3917/1712 3934/1712
f 3934/1258 3917/1258 3898/1257
f 3917/1258 3897/1257 3898/1257
f 3897/332 3884/333 3898/332
f 3884/333 4065/254 3898/332
f 3898/1257 4065/1302 3934/1258
f 3934/1258 4065/1302 4362/1355
f 4065/1302 4070/1304 4362/1355
f 4070/1304 5179/1394 4362/1355
f 5179/1394 5239/1396 4362/1355
f 5239/1396 4455/1361 4362/1355
f 4455/1386 4071/1431 4362/1391
f 4071/1431 4069/1436 4362/1391
f 4069/1436 4067/1437 4362/1391
f 4362/1391 4067/1437 3934/1499
f 3571/1709 3963/1709 3570/1714
f 3955/1497 3750/1497 3830/1497
f 3750/1714 3570/1714 3830/1714
f 3570/1714 3963/1709 3830/1714
f 3830/1714 3963/1709 3816/1713
f 3963/1709 3817/1708 3816/1713
f 3817/1708 3934/1712 3816/1713
f 3934/1499 4067/1437 3816/1498
f 4067/1437 4069/1436 3816/1498
f 3816/1498 4069/1436 3830/1497
f 4069/1436 4071/1431 3830/1497
f 4071/1431 3985/1489 3830/1497
f 3830/1497 3985/1489 3955/1497
f 3955/1497 3985/1489 3982/1489
f 3982/1489 3985/1489 4022/1456
f 3985/1489 4035/1456 4022/1456
f 4022/1456 4035/1456 5075/1349
f 4035/1456 5032/1349 5075/1349
f 5075/1349 5032/1349 6371/1228
f 5032/1349 5163/1349 6371/1228
f 5163/1349 6631/1228 6371/1228
f 6631/270 6558/250 6371/270
f 6371/270 6558/250 6405/250
f 6558/250 6124/127 6405/250
f 6405/250 6124/127 6037/127
f 6124/127 5874/41 5778/41
f 4761/357 5028/437 4976/357
f 4976/357 5028/437 5158/437
f 5028/503 5314/327 5158/503
f 5158/503 5314/327 5496/327
f 5295/380 5158/501 5496/327
f 5158/501 5288/395 5098/523
f 5288/395 5284/412 5098/523
f 5284/412 5234/445 5098/523
f 5234/445 4976/561 5098/523
f 5158/437 5098/397 5096/390
f 5098/397 4976/357 5096/390
f 5158/430 5096/390 4976/357
f 6334/134 6504/164 6376/147
f 6376/147 6504/164 6639/188
f 6504/164 6444/155 6639/188
f 6639/188 6444/155 6669/191
f 6669/191 6541/191 6639/188
f 6663/1747 6646/1733 6638/1741
f 6638/452 6646/451 6672/443
f 6067/1340 6364/1259 6233/1297
f 5555/827 5597/823 5581/835
f 5581/835 5597/823 5573/822
f 5573/1039 5597/1046 6546/1040
f 5597/1046 6585/1047 6546/1040
f 6546/1040 6585/1047 6458/1048
f 6458/1588 6585/1616 5432/1565
f 6585/1616 5597/1617 5432/1565
f 5108/157 5681/59 5588/156
f 5588/156 5681/59 6020/162
f 6458/1534 6020/1535 6011/1518
f 6020/1535 5681/1536 6011/1518
f 6001/1503 6011/1518 5691/1504
f 6011/1518 5681/1536 5691/1504
f 4564/1326 5265/1284 4594/1322
f 4594/1322 5265/1284 5758/1240
f 5265/1284 5546/1262 5758/1240
f 5546/1262 5734/1245 5758/1240
f 5758/1476 5734/1473 5793/1446
f 6233/1297 5793/1446 5844/1414
f 5793/1446 5734/1473 5844/1414
f 5844/1414 5734/1473 5764/1471
f 5734/1245 5546/1262 5764/1246
f 5764/1246 5546/1262 5321/1274
f 5546/1262 5265/1284 5321/1274
f 5321/1274 5265/1284 4571/1327
f 5265/1284 4564/1326 4571/1327
f 4569/48 4594/51 4600/46
f 4594/537 5758/461 4600/543
f 5758/461 5691/480 4600/543
f 5691/5 5681/59 4600/6
f 4600/6 5681/59 4636/60
f 5681/59 5108/157 4636/60
f 4571/1590 5321/1637 4802/1590
f 4802/1590 5321/1637 5324/1637
f 5321/1637 5649/1670 5324/1637
f 5324/1637 5649/1670 5670/1670
f 6003/444 6026/444 6257/549
f 6381/549 6296/549 6376/549
f 6296/549 6257/549 6376/549
f 6376/549 6257/549 6066/444
f 6257/549 6026/444 6066/444
f 6066/444 6026/444 5844/320
f 6026/444 6003/444 5844/320
f 6003/444 5782/320 5844/320
f 5844/320 5782/320 5764/248
f 5782/320 5694/248 5764/248
f 5694/1687 5670/1670 5764/1687
f 5670/1670 5649/1670 5764/1687
f 5764/1687 5649/1670 5651/1669
f 5649/1670 5559/1661 5651/1669
f 5651/1669 5559/1661 5430/1648
f 5430/1648 5559/1661 5225/1630
f 5559/1661 5649/1670 5225/1630
f 5649/1670 5321/1637 5225/1630
f 5225/1630 5321/1637 5080/1612
f 5321/1637 4571/1590 5080/1612
f 5761/1682 5581/1703 6015/1647
f 6672/443 6701/414 6700/413
f 6701/1602 6015/1647 6700/1603
f 6015/1647 5581/1703 6700/1603
f 5581/697 5573/685 6700/811
f 5573/685 6546/790 6700/811
f 6700/81 6546/89 6425/100
f 6546/1040 6458/1048 6425/1041
f 6458/1534 6011/1518 6425/1502
f 6011/1518 6001/1503 6425/1502
f 6425/801 6001/632 6120/628
f 6001/632 5691/498 6120/628
f 5691/498 5758/479 6120/628
f 6120/628 5758/479 6168/619
f 6168/1335 5758/1476 6171/1336
f 5758/1476 5793/1446 6171/1336
f 5793/1446 6233/1297 6171/1336
f 6171/1336 6233/1297 6664/1172
f 6233/1297 6364/1259 6664/1172
f 6639/1173 6664/1172 6376/1241
f 6664/1172 6364/1259 6376/1241
f 6364/1259 6067/1340 6376/1241
f 6639/1173 6376/1241 6237/1298
f 6376/1241 6067/1340 6237/1298
f 6237/1298 6067/1340 5878/1412
f 6067/1340 6233/1297 5878/1412
f 6233/1297 5844/1414 5878/1412
f 5844/1414 5764/1471 5878/1412
f 5878/1412 6148/1298 6237/1298
f 6237/1298 6148/1298 6639/1173
f 5979/199 6706/297 6557/297
f 6706/415 6646/451 6557/415
f 6557/415 6646/451 6495/451
f 6646/1733 6639/1748 6495/1733
f 6495/1733 6639/1748 6484/1733
f 6639/1173 6148/1298 6484/1173
f 6148/1298 5878/1412 5762/1412
f 5878/1412 5764/1471 5762/1412
f 5762/1412 5764/1471 5694/1471
f 5694/1246 5764/1246 5324/1274
f 5764/1246 5321/1274 5324/1274
f 5324/1274 5321/1274 4802/1327
f 5321/1274 4571/1327 4802/1327
f 5761/1682 6015/1647 5979/1656
f 5979/1656 6015/1647 6684/1605
f 5979/199 6684/288 6706/297
f 6684/1605 6015/1647 6706/1601
f 6015/1647 6701/1602 6706/1601
f 6701/414 6672/443 6706/415
f 6672/443 6646/451 6706/415
f 6706/208 6646/176 6709/207
f 6709/207 6646/176 6658/186
f 6658/186 6646/176 6683/180
f 6683/180 6646/176 6650/173
f 6669/170 6650/173 6639/171
f 6650/173 6646/176 6639/171
f 6646/1733 6663/1747 6639/1748
f 6663/1747 6580/1747 6639/1748
f 6669/170 6639/171 6541/170
f 6541/170 6639/171 6475/171
f 6639/1748 6580/1747 6475/1748
f 6480/1746 6580/1747 6632/1746
f 6580/1747 6663/1747 6632/1746
f 6663/1747 6638/1741 6632/1746
f 6638/452 6672/443 6632/457
f 6672/443 6700/413 6632/457
f 6700/81 6425/100 6632/94
f 6425/801 6120/628 6632/792
f 6120/628 6168/619 6632/792
f 6168/1335 6171/1336 6632/1180
f 6171/1336 6664/1172 6632/1180
f 6632/1180 6664/1172 6480/1180
f 6480/1180 6664/1172 6476/1172
f 6664/1172 6639/1173 6476/1172
f 6476/1172 6639/1173 6475/1173
f 6639/188 6541/191 6475/188
f 6497/187 6541/191 6656/187
f 6541/191 6669/191 6656/187
f 6669/191 6406/154 6656/187
f 6693/643 6656/717 6581/643
f 6581/643 6656/717 6453/717
f 6192/108 6453/187 6253/108
f 6453/187 6656/187 6253/108
f 6253/108 6656/187 6286/108
f 6656/187 6406/154 6286/108
f 6286/108 6406/154 6276/109
f 6406/154 6669/191 6276/109
f 6669/191 6444/155 6276/109
f 6444/155 6504/164 6276/109
f 6504/164 6334/134 6276/109
f 6276/525 6334/548 6244/508
f 6334/548 6376/549 6244/508
f 6244/508 6376/549 6207/493
f 6376/549 6066/444 6207/490
f 6207/490 6066/444 5936/362
f 6066/444 5844/320 5936/362
f 5936/362 5844/320 5779/306
f 5844/320 5764/248 5779/306
f 5779/306 5764/248 5744/264
f 5764/1687 5651/1669 5744/1686
f 5744/1686 5651/1669 5721/1685
f 5651/1669 5430/1648 5721/1685
f 5680/1685 5721/1685 5486/1648
f 5721/1685 5430/1648 5486/1648
f 5486/1648 5430/1648 4635/1592
f 4635/1592 5430/1648 4628/1592
f 5430/1648 5225/1630 4628/1592
f 5225/1630 5080/1612 4628/1592
f 4008/1721 3991/1734 4007/1722
f 4047/1032 4042/1036 4232/1009
f 3119/1065 3162/1103 3965/1074
f 3162/933 3237/952 3965/934
f 3233/1764 3237/1740 2794/1763
f 3162/1103 3119/1065 2448/1129
f 2448/1129 3119/1065 2418/1059
f 3119/1745 3140/1692 2418/1739
f 2895/1060 3122/1136 3106/1138
f 3122/1136 3343/1213 3106/1138
f 3165/1139 3106/1138 3845/1292
f 3845/1292 3106/1138 3947/1291
f 3106/1138 3343/1213 3947/1291
f 3968/1289 3947/1291 3849/1289
f 3849/1289 3947/1291 3475/1269
f 3475/1269 3947/1291 3468/1268
f 3947/1291 3343/1213 3468/1268
f 3317/1633 3122/1646 3023/1546
f 2433/446 2958/547 2366/447
f 2958/1071 2961/1075 2366/1002
f 2366/1002 2961/1075 2318/1007
f 2961/1075 3009/1097 2318/1007
f 3009/1100 3023/1106 2318/1007
f 3023/1106 2898/1052 2318/1007
f 2318/1007 2898/1052 2389/1014
f 2389/1014 2895/1060 2300/1016
f 2895/1060 3106/1138 2300/1016
f 3106/1138 3165/1139 2300/1016
f 2300/142 3165/160 3125/145
f 3165/160 3845/179 3125/145
f 2901/1045 3153/1119 2374/994
f 2423/995 2374/994 2424/995
f 2374/994 2766/1024 2424/995
f 2424/995 2766/1024 2316/996
f 3346/1551 3109/1482 3856/1481
f 3109/22 3159/34 3856/23
f 3834/44 3856/23 3835/44
f 3856/23 3159/34 3835/44
f 3159/34 3107/43 3835/44
f 3107/1618 3125/1645 3835/1652
f 3125/145 3845/179 3835/148
f 3832/148 3835/148 3900/179
f 3835/148 3845/179 3900/179
f 3900/1292 3845/1292 3959/1291
f 3845/1292 3947/1291 3959/1291
f 3959/1291 3947/1291 3877/1289
f 3947/1291 3968/1289 3877/1289
f 3832/1481 3855/1481 3856/1481
f 3855/1481 3886/1481 3856/1481
f 3886/551 3891/472 3856/551
f 3856/551 3891/472 3892/472
f 3965/1762 3803/1653 3953/1653
f 3849/1289 3475/1269 3913/1288
f 4019/68 4010/52 4020/72
f 4240/77 4298/103 4296/106
f 4296/106 4468/194 4299/107
f 4050/1729 4111/1691 4094/1738
f 4111/1691 4299/1659 4094/1738
f 4094/1738 4299/1659 4471/1680
f 4299/107 4468/194 4471/195
f 4471/195 4468/194 4446/194
f 4298/103 4240/77 4187/18
f 4223/953 4283/978 4250/966
f 4250/1699 4283/1698 4263/1701
f 4212/83 4243/62 4220/82
f 4243/62 4263/33 4220/82
f 4263/33 4283/20 4220/82
f 2987/825 3060/789 2398/929
f 2264/891 2398/929 2390/891
f 2899/163 2191/125 3156/84
f 2191/125 2369/7 3156/84
f 3156/84 2369/7 3177/6
f 2369/530 2377/587 3177/562
f 3177/562 2377/587 3161/588
f 3161/373 2377/372 3126/416
f 3924/532 3126/651 3110/659
f 3126/651 2377/831 3110/659
f 2377/831 2390/891 3110/659
f 3110/659 2390/891 3167/739
f 2390/891 2398/929 3167/739
f 3167/739 2398/929 3104/782
f 2398/929 3060/789 3104/782
f 3060/789 2987/825 3627/642
f 3627/642 2987/825 3355/724
f 2987/825 2988/883 3355/743
f 2988/883 2989/883 3355/743
f 2989/883 2988/883 2484/975
f 2484/975 2988/883 2267/975
f 2988/883 2987/856 2267/975
f 2987/825 2398/929 2267/975
f 3113/828 3120/833 2359/610
f 3087/884 3061/896 2335/859
f 2335/859 3061/896 2267/897
f 3061/896 3105/896 2267/897
f 2267/897 3105/896 2484/897
f 4294/76 4492/12 4306/69
f 4492/12 4294/76 4519/53
f 4294/335 4093/298 4519/330
f 4519/330 4093/298 4079/245
f 4093/298 4048/252 4079/245
f 4082/1168 4079/1147 4020/1167
f 4079/1147 4048/1146 4020/1167
f 4145/1168 4082/1168 4038/1167
f 4093/298 4294/335 4143/337
f 4294/336 4306/342 4143/299
f 3105/1337 3061/1337 3627/1184
f 3061/1337 3087/1338 3627/1184
f 3627/1184 3087/1338 3175/1323
f 3087/884 2335/859 3175/858
f 3175/246 2335/290 3155/291
f 2335/462 2359/526 3155/463
f 2359/526 3120/494 3155/463
f 3155/463 3120/494 3906/458
f 3906/1123 3113/1010 3851/1122
f 2024/592 3073/802 2419/592
f 3113/828 2359/610 2419/592
f 2359/526 2335/462 2336/462
f 2336/859 2335/859 2294/897
f 2335/859 2267/897 2294/897
f 2294/975 2267/975 2414/929
f 2267/975 2398/929 2414/929
f 2414/929 2398/929 2432/891
f 2398/929 2264/891 2432/891
f 2432/891 2264/891 2422/831
f 2264/891 2390/891 2422/831
f 2390/891 2377/831 2422/831
f 2377/587 2369/530 2422/587
f 2422/587 2369/530 2397/530
f 2397/7 2369/7 2332/125
f 2369/7 2191/125 2332/125
f 2332/202 2191/202 2437/325
f 2437/325 2191/202 2299/325
f 2299/325 2191/202 2454/325
f 2899/163 3156/84 3164/240
f 3164/1730 3156/1720 3344/1629
f 3344/1629 3156/1720 3801/1549
f 3156/1720 3177/1711 3801/1549
f 3177/562 3161/588 3801/593
f 3161/373 3126/416 3801/377
f 3126/416 3924/456 3801/377
f 3924/575 4220/492 3801/583
f 3801/583 4220/492 4007/564
f 4007/564 4220/492 4144/507
f 4220/492 4283/489 4144/507
f 4283/965 4223/953 4144/947
f 4223/953 4187/948 4144/947
f 4187/18 4240/77 4144/19
f 4240/77 4296/106 4144/19
f 4296/106 4299/107 4144/19
f 4299/1659 4111/1691 4144/1651
f 4111/1691 4050/1729 4144/1651
f 4144/1651 4050/1729 4007/1718
f 4050/1574 4049/1573 4007/1696
f 4049/1573 4010/1677 4007/1696
f 4010/1677 4008/1695 4007/1696
f 4008/1114 4057/1141 4007/1115
f 4144/941 4057/909 4187/940
f 4010/52 4019/68 4009/9
f 4043/68 4082/185 4145/185
f 4082/1758 4230/1634 4145/1758
f 4145/1758 4230/1634 4275/1634
f 3913/1288 3475/1269 3402/1253
f 3379/232 3402/206 3383/223
f 3402/1242 3468/1268 3383/1232
f 3468/1268 3317/1208 3383/1232
f 3317/1151 3023/1106 3383/1232
f 3023/1106 3009/1100 3383/1232
f 3383/1232 3009/1100 3379/1225
f 3379/1225 3009/1097 3368/1219
f 3009/1097 2961/1075 3368/1219
f 3368/1219 2961/1075 3294/1161
f 2961/1075 2958/1071 3294/1161
f 2958/547 2959/546 3294/678
f 3294/678 2959/546 3149/622
f 2959/546 2433/446 3149/622
f 3149/339 2433/367 3115/360
f 2433/1667 2418/1739 3115/1660
f 2418/1739 3140/1692 3115/1660
f 3115/1660 3140/1692 3953/1653
f 3140/1692 3119/1745 3953/1653
f 3119/1745 3965/1762 3953/1653
f 5026/1020 3953/1096 4589/1018
f 3953/1096 3965/1058 4589/1018
f 4575/55 4602/66 6056/56
f 4398/391 5686/267 6056/213
f 6056/925 6073/926 5915/815
f 6073/926 6063/915 5915/815
f 5006/1528 5026/1502 5931/1527
f 5915/815 6063/915 5931/816
f 2430/1014 2263/1014 2348/1016
f 2263/1014 2389/1014 2348/1016
f 2389/1014 2300/1016 2348/1016
f 2279/1589 2348/1636 2281/1589
f 2348/1636 2300/1636 2281/1589
f 2300/1636 3125/1645 2281/1589
f 3125/1645 3107/1618 2281/1589
f 3107/43 3159/34 2281/42
f 2280/42 2281/42 2309/21
f 2281/42 3159/34 2309/21
f 3159/34 3109/22 2309/21
f 3109/1482 2908/1552 2309/1483
f 2901/1560 2374/1548 2309/1483
f 2280/1483 2309/1483 2337/1548
f 2309/1483 2374/1548 2337/1548
f 2337/994 2374/994 2407/995
f 2374/994 2423/995 2407/995
f 3140/634 3271/578 3953/455
f 4969/54 4519/14 5026/13
f 5026/1020 4519/1092 4252/1057
f 4519/1092 4079/1126 4252/1057
f 4079/87 4082/67 4252/91
f 4252/91 4082/67 4261/75
f 4082/67 4145/67 4261/75
f 3378/689 3379/689 3913/763
f 3379/689 3383/698 3913/763
f 3913/763 3383/698 3958/771
f 3383/698 3379/689 3958/752
f 3379/783 3368/769 3958/878
f 3368/769 3294/678 3958/878
f 3294/678 3149/622 3958/878
f 3149/339 3115/360 3958/300
f 3115/360 3953/349 3958/300
f 3953/1096 5026/1020 3958/1117
f 5026/1020 4252/1057 3958/1117
f 3965/1058 3953/1096 3943/1058
f 3900/1049 3865/1050 3845/1049
f 3865/1050 4042/1036 3845/1049
f 4042/1036 4047/1032 3845/1049
f 3845/1049 4047/1032 4254/999
f 4047/1032 4232/1009 4254/999
f 4254/999 4232/1009 4259/1000
f 4259/1615 4261/1620 4090/1759
f 4261/1620 4230/1634 4090/1759
f 4230/1634 4082/1758 4090/1759
f 4049/1573 4050/1574 4089/1469
f 4050/1574 4094/1470 4089/1469
f 4094/1470 4127/1469 4089/1469
f 4417/330 4519/330 4169/245
f 4127/1469 4094/1470 4181/1470
f 4181/1738 4094/1738 4396/1680
f 4094/1738 4471/1680 4396/1680
f 4471/195 4446/194 4396/195
f 4704/364 4749/363 4981/464
f 4396/280 4480/287 4471/280
f 4480/287 4648/350 4471/280
f 4648/350 4749/363 4471/280
f 4749/363 4704/364 4471/280
f 4471/280 4704/364 4970/468
f 4704/364 4981/464 4970/468
f 4970/301 4981/304 5042/302
f 5002/571 5527/621 4988/572
f 3233/399 3230/399 2791/262
f 3233/399 2791/262 2794/265
f 2339/857 3138/955 3116/905
f 3138/955 3892/950 3116/905
f 3800/991 3940/990 4331/1082
f 4331/1082 3940/990 4349/1081
f 3960/85 3892/158 4588/159
f 4588/961 3892/962 4988/865
f 4988/865 3892/962 3856/866
f 3892/472 3138/478 3856/551
f 3856/551 3138/478 3109/515
f 3109/515 3138/478 2309/484
f 3138/955 2339/857 2309/964
f 2280/1483 2309/1483 2308/1483
f 2308/964 2309/964 2325/964
f 2309/964 2339/857 2325/964
f 2325/964 2339/857 2338/857
f 2338/732 2339/732 2324/665
f 2324/665 2339/732 2361/665
f 2361/665 2339/732 2903/568
f 3960/706 3940/599 3154/535
f 3154/535 3940/599 3127/520
f 2435/197 2651/244 2383/198
f 2791/262 3230/399 3229/399
f 4588/961 4988/865 6116/969
f 6116/969 4988/865 5887/864
f 4988/572 5527/621 5887/677
f 5887/677 5527/626 5925/676
f 6072/334 5939/317 5963/322
f 3878/1736 4036/1737 3949/1562
f 4036/1737 4212/1697 3949/1562
f 4212/1697 4220/1512 3949/1562
f 4220/1512 3924/1517 3949/1562
f 3924/532 3110/659 3949/541
f 3110/659 3167/739 3949/541
f 3949/541 3167/739 3878/580
f 3167/739 3104/782 3878/580
f 3878/580 3904/580 3949/541
f 3904/580 3820/541 3949/541
f 3949/541 3820/541 3924/532
f 3820/541 3956/532 3924/532
f 3924/456 3956/456 3801/377
f 3956/456 3933/377 3801/377
f 3801/1549 3933/1549 3805/1554
f 3344/1629 3801/1549 3805/1554
f 3801/1753 4007/1722 3805/1752
f 4007/1722 3991/1734 3805/1752
f 3805/1752 3926/1752 3801/1753
f 3878/1736 3949/1562 3820/1562
f 3820/1562 3949/1562 3956/1517
f 3949/1562 3924/1517 3956/1517
f 3924/575 3801/583 3956/575
f 3956/575 3801/583 3933/583
f 3933/1753 3801/1753 3804/1752
f 3801/1753 3926/1752 3804/1752
f 3175/246 3155/291 3890/181
f 3155/291 3906/286 3890/181
f 2419/453 2769/499 3141/636
f 2769/500 2419/453 3220/657
f 6194/757 6012/597 6149/761
f 6377/7591 6718/7632 5071/7492
f 6718/7632 5371/7522 5071/7492
f 5924/7795 6010/7825 5887/7796
f 6116/7872 5887/7796 6065/7871
f 3857/8088 3855/8088 3832/8088
f 4970/8042 4094/8171 4471/8141
f 4397/8141 4471/8141 4181/8171
f 4471/8141 4094/8171 4181/8171
f 4181/7593 4094/7593 4135/7592
f 4135/7592 4094/7593 4089/7592
f 4258/7496 4190/7539 4255/7497
f 4190/7539 4089/7592 4255/7497
f 4089/7592 4094/7593 4255/7497
f 4094/8171 4970/8042 4255/8116
f 3832/7760 3900/7798 3836/7760
f 3900/7798 3844/7798 3836/7760
f 3844/7798 4255/7807 3836/7760
f 4255/7807 4970/7782 3836/7760
f 3833/8098 3836/8098 3857/8088
f 3836/8098 4970/8099 3857/8088
f 4970/8099 4988/8089 3857/8088
f 4988/8089 4159/8011 3857/8088
f 5540/7595 5427/7602 6829/7508
f 6684/7908 6566/7908 6712/7908
f 6566/7908 6577/7908 6712/7908
f 6577/7908 6740/7996 6712/7908
f 6712/7908 6859/7998 6639/7851
f 6429/7852 6435/7851 6630/7852
f 6435/7851 6639/7851 6630/7852
f 6639/7851 6859/7998 6630/7852
f 6471/7586 6630/7590 6423/7586
f 6630/7590 6859/7697 6423/7586
f 6423/7586 6859/7697 6708/7684
f 6708/7684 6859/7697 5353/7604
f 6859/7697 5427/7620 5353/7604
f 6247/7642 6195/7619 6203/7629
f 6204/7633 6203/7629 6032/7573
f 6203/7629 6195/7619 6032/7573
f 6032/7573 6195/7619 6140/7612
f 6195/7619 6247/7642 6140/7612
f 6140/7612 6247/7642 6043/7583
f 6131/7818 5975/7772 6057/7790
f 5943/7842 5914/7846 6028/7893
f 6028/7893 5914/7846 6032/7903
f 5914/7846 5947/7853 6032/7903
f 6032/7903 5947/7853 5912/7831
f 5912/7831 5947/7853 5859/7799
f 5947/7853 5914/7846 5859/7799
f 5914/7865 5943/7861 5858/7811
f 5943/7861 5953/7862 5858/7811
f 5953/8216 6043/8173 5846/8252
f 6043/8173 6042/8181 5846/8252
f 6042/8181 6057/8180 5846/8252
f 5846/8252 6057/8180 5879/8251
f 6057/7790 5975/7772 5879/7729
f 5879/7729 5975/7772 5876/7724
f 5975/7772 6131/7818 5876/7724
f 5876/7724 6131/7818 6117/7800
f 6117/7800 6131/7818 6247/7873
f 6131/7818 6057/7790 6247/7873
f 6057/7574 6042/7578 6247/7639
f 6042/7578 6043/7583 6247/7639
f 5786/7724 5876/7724 5961/7800
f 5876/7724 6117/7800 5961/7800
f 5961/7800 6117/7800 6122/7873
f 6117/7800 6247/7873 6122/7873
f 6122/7639 6247/7639 6181/7642
f 6181/7642 6247/7663 6127/7663
f 6127/7663 6247/7642 6191/7670
f 6191/7670 6247/7642 6282/7670
f 6247/7663 6203/7629 6282/7670
f 6203/7629 6204/7633 6282/7670
f 6157/7628 6268/7651 6084/7603
f 6268/7651 6217/7645 6084/7603
f 6084/7603 6217/7645 6082/7596
f 6217/7645 6282/7670 6082/7596
f 6082/7596 6282/7670 6076/7587
f 6282/7670 6204/7633 6076/7587
f 6204/7633 6032/7573 6076/7587
f 6032/7903 5912/7831 6076/7915
f 6076/7915 5912/7831 5996/7879
f 5912/7836 5945/7840 5996/7880
f 5996/7880 5945/7840 6025/7882
f 6025/7887 5945/7840 6024/7874
f 2902/7784 2871/7784 2877/7784
f 2877/7784 2871/7784 2411/7731
f 2871/7784 2388/7731 2411/7731
f 2707/7685 2651/7690 2361/7723
f 2651/7690 2436/7728 2361/7723
f 3103/7801 3100/7801 2925/7794
f 2925/7794 3100/7801 2893/7794
f 2893/7794 3100/7801 2953/7889
f 2953/7889 3100/7801 3305/7888
f 3305/7888 3100/7801 3534/7883
f 3534/7883 3100/7801 3476/7826
f 3100/7801 3103/7801 3476/7826
f 3103/7801 3430/7826 3476/7826
f 3872/7500 3896/7500 3853/7532
f 3896/7500 3898/7500 3853/7532
f 3853/7532 3898/7500 3884/7532
f 3260/7659 3773/7532 3252/7659
f 3773/7532 3884/7532 3252/7659
f 3252/7659 3884/7532 3263/7659
f 3263/7655 3884/7532 3366/7566
f 3884/7532 3898/7500 3366/7566
f 3898/7500 3265/7606 3366/7566
f 3292/7712 3275/7736 2950/7720
f 3275/7736 3248/7769 2950/7720
f 3945/7972 3946/7972 3927/7971
f 3946/7972 3942/7971 3927/7971
f 4844/7877 4682/7877 4356/7878
f 4356/7878 4682/7877 4312/7878
f 4312/7878 4682/7877 4464/7936
f 4464/7936 4682/7877 4699/7985
f 4682/7877 4865/7985 4699/7985
f 3962/7910 3826/7910 3821/7911
f 3826/7910 3843/7911 3821/7911
f 6501/7561 6469/7561 6458/7561
f 6469/7561 5432/7493 6458/7561
f 6458/7561 5432/7493 6020/7569
f 6020/7569 5432/7493 5588/7530
f 5585/7912 5500/7912 5507/7912
f 5507/7912 5500/7912 4361/7810
f 4361/7810 5500/7912 4353/7810
f 4353/7810 5500/7912 4987/7860
f 4987/7860 5500/7912 5453/7909
f 5500/7912 5916/7954 5453/7909
f 4743/7805 5242/7806 4957/7805
f 5242/7806 5264/7806 4957/7805
f 5264/7806 5253/7773 4957/7805
f 4801/7666 4784/7805 4929/7666
f 4784/7805 4957/7805 4929/7666
f 4929/7666 4957/7805 4975/7666
f 4975/7666 4957/7805 5252/7739
f 4957/7805 5253/7773 5252/7739
f 3821/7977 3843/7977 3962/7978
f 3843/7977 3826/7978 3962/7978
f 3868/8072 3839/8073 3818/8072
f 3839/8065 3957/8071 3818/8066
f 3957/8071 3964/8071 3818/8066
f 3964/8071 3868/8066 3818/8066
f 3942/8126 3946/8125 3945/8125
f 4061/7973 4064/8003 4066/8004
f 4066/8004 4064/8003 4025/8028
f 4064/8003 4033/8027 4025/8028
f 4033/8027 3981/8055 4025/8028
f 4025/8028 3981/8055 3983/8056
f 3981/8055 3818/8072 3983/8056
f 3983/8056 3818/8072 3839/8073
f 3818/8066 3480/8046 3839/8065
f 3839/8065 3480/8046 3483/8045
f 3483/8045 3480/8046 3462/8017
f 3480/8046 3459/8018 3462/8017
f 3462/8017 3459/8018 3499/7992
f 3459/8018 3498/7993 3499/7992
f 3498/7993 3826/7978 3499/7992
f 3499/7992 3826/7978 3843/7977
f 3826/7910 3984/7921 3843/7911
f 3843/7911 3984/7921 3987/7922
f 3984/7921 4023/7947 3987/7922
f 3987/7922 4023/7947 4026/7948
f 4023/7947 4061/7973 4026/7948
f 4026/7948 4061/7973 4063/7974
f 4061/7973 4066/8004 4063/7974
f 4063/7931 4066/7949 4699/7845
f 4066/7949 4025/7979 4699/7845
f 4025/7979 4002/8001 4699/7845
f 4002/8001 4018/8005 4699/7845
f 4281/8019 4699/7845 4027/8022
f 4699/7845 4018/8005 4027/8022
f 4707/7939 4086/8015 3932/8081
f 3932/8081 4086/8015 3971/8109
f 4281/8006 3971/8109 5176/7937
f 3971/8109 4086/8015 5176/7937
f 4086/8015 4707/7939 5176/7937
f 5176/8076 5162/8051 5205/8075
f 5275/8075 5205/8075 5250/8051
f 5205/8075 5162/8051 5250/8051
f 5250/8051 5162/8051 5211/8014
f 5211/8014 5162/8051 5054/8014
f 5054/8014 5162/8051 4692/7891
f 5162/8051 5176/8076 4692/7891
f 5176/8076 4707/7892 4692/7891
f 4707/7671 3932/7672 4692/7614
f 4692/7614 3932/7672 3903/7615
f 3903/7615 3932/7672 3923/7615
f 3923/7615 3932/7672 3915/7672
f 3915/8081 3932/8081 3931/8081
f 3931/8081 3932/8081 3819/8081
f 3932/8081 3971/8109 3819/8081
f 3819/8081 3971/8109 3918/8109
f 3920/7850 3827/7850 3938/7849
f 3827/7850 3810/7849 3938/7849
f 3810/8112 3952/8112 3938/8112
f 3952/8112 3951/8112 3938/8112
f 3951/8112 3918/8109 3938/8112
f 3918/8109 3971/8109 3938/8112
f 3971/8109 4281/8006 3938/8112
f 4281/8006 4000/8096 3938/8112
f 3938/7849 4000/7867 3920/7850
f 3920/7850 4000/7867 4001/7868
f 4001/7868 4000/7867 4024/7902
f 4000/7867 4027/7901 4024/7902
f 4024/7902 4027/7901 4029/7930
f 4027/7901 4018/7929 4029/7930
f 4018/7929 4002/7958 4029/7930
f 4029/7930 4002/7958 4004/7959
f 4002/7958 3942/7971 4004/7959
f 4004/7959 3942/7971 3946/7972
f 3942/8126 3626/8121 3946/8125
f 3946/8125 3626/8121 3739/8120
f 3626/8121 3416/8101 3739/8120
f 3739/8120 3416/8101 3417/8100
f 3417/8100 3416/8101 3388/8067
f 3416/8101 3387/8068 3388/8067
f 3388/8067 3387/8068 3418/8033
f 3387/8068 3421/8034 3418/8033
f 3421/8034 3617/8009 3418/8033
f 3418/8033 3617/8009 3613/8008
f 3617/8009 3938/8000 3613/8008
f 3938/8000 3920/7999 3613/8008
f 3827/7999 3920/7999 3810/8000
f 3920/7999 3938/8000 3810/8000
f 3938/8000 3952/8000 3810/8000
f 2902/8253 2877/8253 2871/8253
f 2871/8253 2877/8253 2388/8205
f 2388/8205 2877/8253 2411/8205
f 2367/8213 2388/8205 2411/8205
f 2355/7732 2353/7732 2322/7732
f 2353/7732 2411/7731 2322/7732
f 2411/7731 2388/7731 2322/7732
f 2928/7634 2787/7695 2931/7792
f 2787/7695 2322/7764 2931/7792
f 2322/7732 2388/7731 2931/7797
f 2931/7797 2388/7731 2871/7784
f 2871/8253 2388/8205 2772/8245
f 2772/8245 2388/8205 2306/8213
f 2388/8205 2367/8213 2306/8213
f 2367/8213 2461/8213 2306/8213
f 3469/8074 3412/8138 3403/8079
f 3376/8080 3403/8079 3373/8201
f 3403/8079 3412/8138 3373/8201
f 3373/8201 3412/8138 3476/8194
f 3412/8138 3469/8074 3476/8194
f 3469/8074 3467/8074 3476/8194
f 3430/8194 3476/8194 3445/8074
f 3476/8194 3467/8074 3445/8074
f 2925/7734 2924/7733 2893/7734
f 2924/7733 2896/7733 2893/7734
f 2896/7733 2849/7781 2893/7734
f 2849/7781 2793/7843 2893/7734
f 2893/7734 2793/7843 2798/7844
f 2301/7746 3037/7738 2351/7710
f 2351/7710 3037/7738 3042/7737
f 3064/7737 3042/7737 3030/7738
f 3042/7737 3037/7738 3030/7738
f 2247/7793 3030/7738 2372/7793
f 3030/7738 3037/7738 2372/7793
f 3037/7738 2301/7746 2372/7793
f 2372/7793 2301/7746 2248/7793
f 2248/7793 2301/7746 2320/7746
f 2301/7746 2351/7710 2320/7746
f 2320/7746 2351/7710 2223/7710
f 2223/7710 2351/7710 2376/7710
f 2376/7710 2351/7710 2352/7705
f 2352/7705 2351/7710 2321/7705
f 2351/7710 3042/7737 2321/7705
f 3042/7737 2949/7711 2321/7705
f 2437/8202 2299/8202 2406/8102
f 2299/8202 2453/8202 2406/8102
f 2406/8102 2453/8202 2419/8102
f 2453/8202 3074/8103 2419/8102
f 5026/7638 4589/7683 6056/7689
f 4589/7683 4575/7727 6056/7689
f 6688/7509 6635/7509 6693/7509
f 6635/7509 5867/7543 6693/7509
f 5867/7543 6094/7531 6693/7509
f 6094/7529 6287/7520 6693/7509
f 6497/7673 6656/7673 6541/7674
f 6541/7674 6656/7673 6669/7674
f 6669/7674 6656/7673 6650/7680
f 6656/7673 6693/7716 6650/7680
f 6650/7680 6693/7716 6683/7691
f 6683/7691 6693/7718 6658/7696
f 6658/7696 6693/7718 6709/7719
f 6693/7494 6287/7520 6709/7495
f 6709/8113 6287/8134 6706/8114
f 6706/8114 6287/8134 5979/8149
f 6836/8228 6728/8174 6612/8130
f 6452/8130 6612/8130 6529/8131
f 6529/8131 6612/8130 6587/8131
f 6612/8130 6728/8174 6587/8131
f 6587/8131 6728/8174 6720/8175
f 6728/8174 6836/8228 6720/8175
f 6720/8175 6836/8228 6834/8232
f 6872/8238 6834/8232 6842/8231
f 6834/8232 6836/8228 6842/8231
f 3143/7658 3145/7658 3440/7778
f 3145/7658 3158/7658 3440/7778
f 3440/7778 3158/7658 3443/7778
f 3158/7658 3329/7735 3443/7778
f 3443/7778 3329/7735 3357/7749
f 3329/7735 3312/7717 3357/7749
f 3357/7749 3312/7717 3322/7726
f 3254/7613 3274/7605 3129/7647
f 3322/7584 3236/7625 3328/7579
f 3236/7625 3247/7621 3328/7579
f 3328/7579 3247/7621 3334/7570
f 3247/7621 3129/7647 3334/7570
f 3129/7647 3274/7605 3334/7570
f 3334/7570 3274/7605 3341/7562
f 3274/7605 3254/7613 3341/7562
f 3341/7562 3254/7613 3365/7546
f 3944/7498 3816/7498 3917/7499
f 3917/7499 3816/7498 3935/7499
f 3816/7498 3365/7546 3935/7499
f 3365/7546 3254/7613 3935/7499
f 3935/7499 3254/7613 3795/7499
f 3795/7499 3254/7613 3245/7613
f 3254/7613 3129/7647 3245/7613
f 3245/7613 3129/7647 3121/7647
f 3035/7665 3121/7647 3040/7665
f 3121/7647 3129/7647 3040/7665
f 3129/7647 3247/7621 3040/7665
f 3247/7621 3236/7625 3040/7665
f 3236/7625 3322/7584 3040/7665
f 3322/7584 3312/7588 3040/7665
f 3040/7665 3312/7588 3190/7640
f 3190/7640 3312/7588 3147/7646
f 3312/7717 3329/7735 3147/7664
f 3329/7735 3158/7658 3147/7664
f 4239/7698 4219/7699 4208/7698
f 4219/7699 4178/7699 4208/7698
f 4208/7698 4178/7699 4147/7698
f 4178/7699 4207/7693 4147/7692
f 4147/7692 4207/7693 4208/7686
f 4208/7686 4207/7693 4262/7635
f 4207/7693 4185/7681 4262/7635
f 4262/7635 4185/7681 4265/7626
f 4265/7626 4185/7681 4269/7609
f 4185/7681 4186/7677 4269/7609
f 4269/7609 4186/7677 4270/7607
f 4186/7677 4301/7580 4270/7607
f 4301/7580 4451/7501 4270/7607
f 6198/8188 6143/8182 6023/8150
f 5779/8077 5930/8117 5936/8122
f 5930/8117 5991/8145 5936/8122
f 5936/8122 5991/8145 6207/8206
f 5991/8145 6023/8150 6207/8206
f 6023/8150 6143/8182 6207/8207
f 6207/8207 6143/8182 6244/8217
f 6143/8182 6198/8188 6244/8217
f 6244/8217 6198/8188 6276/8222
f 6276/8222 6198/8188 6286/8225
f 6198/8188 6023/8150 6286/8225
f 6286/8225 6023/8150 6253/8225
f 6192/8225 6253/8225 5935/8150
f 6253/8225 6023/8150 5935/8150
f 6023/8150 5991/8145 5935/8150
f 5935/8150 5991/8145 5890/8145
f 5680/8048 5890/8145 5721/8048
f 5890/8145 5991/8145 5721/8048
f 5991/8145 5930/8117 5721/8048
f 5930/8117 5779/8077 5721/8048
f 5779/8077 5744/8043 5721/8048
f 5818/7980 5853/7983 5596/8105
f 5531/8104 5523/8105 5641/8104
f 5523/8105 5596/8105 5641/8104
f 5596/8105 5853/7983 5641/8104
f 5641/8104 5853/7983 5719/8036
f 5719/8036 5853/7983 5713/8035
f 5853/7983 5818/7980 5713/8035
f 5713/8035 5818/7980 5716/8031
f 5716/8031 5818/7980 5743/8025
f 6008/7894 6018/7898 5866/7966
f 6018/7898 5983/7904 5866/7966
f 5983/7904 5752/8016 5866/7966
f 5752/8016 5745/8020 5866/7966
f 5745/8020 5743/8025 5866/7966
f 5743/8025 5818/7980 5866/7966
f 5866/7966 5818/7980 5770/7966
f 5770/7966 5818/7980 5746/7980
f 5818/7980 5596/8105 5746/7980
f 5746/7980 5596/8105 5523/8105
f 2648/8288 2728/8294 2643/8288
f 2683/8308 2628/8316 2760/8308
f 2728/8310 2723/8309 2761/8309
f 2761/8309 2723/8309 2760/8308
f 2760/8308 2723/8309 2618/8308
f 2618/8308 2723/8309 2590/8309
f 2590/8309 2723/8309 2648/8310
f 2723/8309 2728/8310 2648/8310
f 2751/8321 2712/8321 2745/8320
f 2745/8320 2712/8321 2601/8320
f 2601/8320 2712/8321 2624/8321
f 2624/8321 2712/8321 2639/8317
f 2552/8328 2555/8328 2760/8317
f 2555/8328 2639/8317 2760/8317
f 2639/8317 2712/8321 2760/8317
f 2712/8321 2751/8321 2760/8317
f 2658/8320 2673/8324 2745/8320
f 2553/8332 2426/8347 2494/8347
f 2494/8307 2426/8302 2214/8307
f 2426/8302 2030/8307 2214/8307
f 2030/8307 1995/8307 2214/8307
f 2696/8289 2640/8286 2643/8288
f 2640/8286 2486/8274 2643/8287
f 2643/8287 2486/8274 2293/8267
f 2486/8274 2282/8268 2293/8267
f 1900/8261 2293/8267 2044/8262
f 2293/8267 2282/8268 2044/8262
f 2044/8262 2282/8268 2030/8263
f 2673/8324 2473/8343 2691/8325
f 2691/8325 2473/8343 2513/8340
f 2513/8340 2473/8343 2481/8345
f 2030/8307 2233/8304 1984/8306
f 1984/8306 2233/8304 1974/8305
f 1974/8305 2233/8304 2473/8296
f 2233/8304 2404/8301 2473/8296
f 2404/8301 2481/8297 2473/8296
f 2364/8343 2473/8343 2363/8343
f 2363/8343 2473/8343 2469/8343
f 2469/8343 2473/8343 2600/8324
f 2473/8343 2673/8324 2600/8324
f 2600/8324 2673/8324 2657/8324
f 2737/8320 2657/8324 2745/8320
f 2657/8324 2673/8324 2745/8320
f 2673/8324 2691/8325 2745/8320
f 2745/8320 2691/8325 2751/8321
f 2751/8321 2691/8325 2760/8317
f 2494/8328 2509/8328 2552/8328
f 2509/8328 2548/8328 2552/8328
f 2548/8328 2756/8317 2552/8328
f 2756/8317 2760/8317 2552/8328
f 2760/8317 2691/8325 2552/8328
f 2531/8332 2552/8328 2553/8332
f 2552/8328 2691/8325 2553/8332
f 2691/8325 2513/8340 2553/8332
f 2513/8340 2481/8345 2553/8332
f 2553/8332 2481/8345 2426/8347
f 2481/8297 2404/8301 2426/8302
f 2404/8301 2233/8304 2426/8302
f 2233/8304 2030/8307 2426/8302
f 2030/8263 2282/8268 2426/8269
f 2282/8268 2486/8274 2426/8269
f 2426/8269 2486/8274 2553/8281
f 2486/8274 2640/8286 2553/8281
f 2640/8286 2696/8289 2553/8281
f 2696/8289 2628/8290 2553/8281
f 2030/8263 2426/8269 1995/8263
f 1995/8263 2426/8269 2214/8269
f 2214/8269 2426/8269 2530/8281
f 2426/8269 2553/8281 2530/8281
f 2530/8281 2553/8281 2617/8290
f 2553/8281 2628/8290 2617/8290
f 2617/8290 2628/8290 2682/8290
f 2756/8308 2682/8316 2760/8308
f 2682/8316 2628/8316 2760/8308
f 2760/8308 2628/8316 2761/8309
f 2628/8316 2696/8315 2761/8309
f 2761/8309 2696/8315 2728/8310
f 2696/8289 2643/8288 2728/8294
f 2728/8294 2643/8288 2762/8294
f 2762/8294 2643/8288 2636/8287
f 2643/8288 2293/8267 2636/8288
f 2636/8288 2293/8267 2055/8261
f 2293/8267 1900/8261 2055/8261
f 2055/8261 1900/8261 2011/8262
f 1900/8261 2044/8262 2011/8262
f 2011/8262 2044/8262 1995/8263
f 2044/8262 2030/8263 1995/8263
f 1995/8307 2030/8307 1950/8306
f 2030/8307 1984/8306 1950/8306
f 1950/8306 1984/8306 1944/8305
f 1984/8306 1974/8305 1944/8305
f 1974/8305 2473/8296 1944/8305
f 2473/8296 2364/8296 1944/8305
f 2692/8470 2668/8470 2742/8464
f 2743/8528 2713/8528 2749/8529
f 2749/8529 2713/8528 2633/8529
f 2633/8529 2713/8528 2614/8528
f 2614/8463 2713/8463 2599/8464
f 2599/8464 2713/8463 2742/8464
f 2713/8463 2743/8463 2742/8464
f 2689/8529 2661/8525 2749/8529
f 2661/8451 2680/8451 2749/8452
f 2660/8541 2670/8531 2757/8541
f 2754/8540 2717/8540 2757/8541
f 2757/8541 2717/8540 2610/8541
f 2610/8541 2717/8540 2621/8540
f 2621/8369 2717/8369 2631/8452
f 2631/8452 2717/8369 2749/8452
f 2717/8369 2754/8369 2749/8452
f 2449/8285 2017/8292 2508/8278
f 2508/8278 2496/8280 2539/8272
f 2661/8456 2577/8458 2545/8462
f 2577/8458 2539/8461 2545/8462
f 2539/8272 2496/8280 2545/8273
f 2749/8452 2661/8451 2739/8452
f 2739/8455 2661/8455 2688/8456
f 2688/8456 2661/8456 2606/8455
f 2661/8455 2545/8462 2606/8455
f 2606/8455 2545/8462 2527/8462
f 2545/8273 2496/8280 2527/8273
f 2527/8273 2496/8280 2495/8280
f 2495/8280 2496/8280 2475/8280
f 1875/8293 2475/8280 2003/8293
f 2475/8280 2496/8280 2003/8293
f 2496/8280 2508/8278 2003/8293
f 2508/8278 2017/8292 2003/8293
f 2017/8292 1999/8292 2003/8293
f 2718/8467 2695/8469 2692/8470
f 2695/8469 2515/8482 2692/8470
f 2692/8470 2515/8482 2271/8493
f 2515/8482 2492/8488 2271/8493
f 2492/8488 2478/8490 2271/8493
f 2271/8493 2478/8490 2077/8498
f 1989/8497 2077/8498 1990/8497
f 2077/8498 2478/8490 1990/8497
f 1990/8504 2478/8508 2003/8505
f 2478/8508 2516/8514 2003/8505
f 1875/8505 2003/8505 2495/8514
f 2003/8505 2516/8514 2495/8514
f 2495/8514 2516/8514 2512/8514
f 2739/8529 2688/8525 2749/8529
f 2749/8529 2688/8525 2661/8525
f 2688/8525 2606/8525 2661/8525
f 2661/8525 2606/8525 2545/8517
f 2606/8525 2527/8517 2545/8517
f 2527/8517 2512/8514 2545/8517
f 2512/8514 2516/8514 2545/8517
f 2516/8514 2478/8508 2545/8517
f 2478/8508 2492/8510 2545/8517
f 2492/8510 2515/8513 2545/8517
f 2545/8517 2515/8513 2661/8525
f 2515/8513 2695/8524 2661/8525
f 2695/8524 2718/8526 2661/8525
f 2661/8525 2718/8526 2749/8529
f 2749/8529 2718/8526 2743/8528
f 2743/8463 2718/8467 2742/8464
f 2718/8467 2692/8470 2742/8464
f 2742/8464 2692/8470 2734/8464
f 2734/8464 2692/8470 2681/8470
f 2681/8470 2692/8470 2632/8470
f 2692/8470 2271/8493 2632/8470
f 2632/8470 2271/8493 2046/8498
f 2271/8493 2077/8498 2046/8498
f 2046/8498 2077/8498 2061/8497
f 2077/8498 1989/8497 2061/8497
f 2061/8504 1989/8504 1972/8505
f 1989/8504 1990/8504 1972/8505
f 1990/8504 2003/8505 1972/8505
f 1972/8293 2003/8293 1983/8292
f 2003/8293 1999/8292 1983/8292
f 1983/8292 1999/8292 1993/8291
f 1999/8292 2017/8292 1993/8291
f 1993/8291 2017/8292 2026/8291
f 2017/8292 2449/8285 2026/8291
f 1885/8291 2026/8291 2615/8259
f 2026/8291 2670/8259 2615/8259
f 2615/8531 2670/8531 2659/8531
f 2746/8541 2659/8531 2757/8541
f 2659/8531 2670/8531 2757/8541
f 2757/8541 2670/8531 2669/8530
f 2670/8259 2026/8291 2669/8260
f 2026/8291 2449/8285 2669/8260
f 2449/8285 2508/8278 2669/8260
f 2508/8278 2539/8272 2669/8260
f 2539/8461 2577/8458 2669/8453
f 2669/8453 2577/8458 2684/8454
f 2577/8458 2661/8455 2684/8454
f 2684/8392 2661/8451 2722/8368
f 2661/8451 2749/8452 2722/8368
f 2749/8452 2754/8369 2722/8368
f 2754/8540 2757/8541 2722/8535
f 2757/8541 2669/8530 2722/8535
f 2684/8392 2722/8368 2669/8295
f 5642/7213 5655/7206 5754/7165
f 5754/7165 5655/7206 5657/7204
f 5655/7206 5642/7213 5657/7204
f 3746/7101 3745/7101 3738/7058
f 3738/7058 3745/7101 3671/7058
f 3671/7058 3745/7101 3732/7101
f 3732/7101 3745/7101 3782/7146
f 3782/7146 3745/7101 3723/7146
f 3745/7101 3746/7101 3723/7146
f 5612/7039 5595/7039 5642/7035
f 5643/7036 5602/7040 5652/7040
f 5682/7040 5602/7040 5687/7039
f 5602/7040 5595/7039 5687/7039
f 5637/7035 5589/7039 5642/7035
f 4998/7327 4963/7327 5055/7326
f 4963/7327 5138/7326 5055/7326
f 5129/7322 5101/7322 5138/7326
f 4601/7173 4705/7174 4597/7174
f 5753/7386 6044/7373 6007/7376
f 6007/7305 6044/7307 6035/7306
f 5728/7372 6035/7385 5751/7375
f 6035/7178 6044/7179 5751/7129
f 6044/7179 5753/7130 5751/7129
f 5753/7386 6007/7376 5735/7392
f 6007/7318 6035/7320 5735/7319
f 6035/7320 5728/7321 5735/7319
f 5627/7160 5642/7166 5655/7155
f 5642/7139 5627/7149 5655/7153
f 3663/7278 3743/7278 3751/7277
f 3743/7278 3643/7277 3751/7277
f 3751/7277 3643/7277 3757/7276
f 3643/7277 3718/7276 3757/7276
f 3737/7182 3738/7184 3642/7180
f 3738/7184 3768/7180 3642/7180
f 3768/7384 3657/7380 3642/7384
f 3642/7384 3657/7380 3714/7380
f 3657/7284 3646/7285 3714/7284
f 3714/7284 3646/7285 3705/7285
f 3646/7285 3650/7285 3705/7285
f 3650/7285 3677/7286 3705/7285
f 3705/7285 3677/7286 3649/7286
f 3677/7286 3701/7280 3649/7286
f 3649/7286 3701/7280 3667/7279
f 3667/7279 3701/7280 3685/7280
f 3701/7280 3719/7280 3685/7280
f 3719/7280 3757/7276 3685/7280
f 3757/7276 3718/7276 3685/7280
f 3737/7331 3716/7332 3738/7330
f 3738/7058 3716/7107 3746/7101
f 3746/7101 3716/7107 3723/7146
f 3782/7202 3723/7202 3700/7198
f 3723/7202 3716/7198 3700/7198
f 3700/7198 3716/7198 3657/7200
f 3716/7198 3737/7200 3657/7200
f 3642/7156 3658/7152 3737/7152
f 3767/7164 3714/7164 3646/7183
f 3714/7164 3705/7183 3646/7183
f 3646/7183 3705/7183 3650/7183
f 3650/7183 3705/7183 3677/7192
f 3705/7183 3649/7192 3677/7192
f 3677/7192 3649/7192 3701/7225
f 3649/7192 3667/7223 3701/7225
f 3667/7223 3685/7225 3701/7225
f 3701/7225 3685/7225 3719/7225
f 3719/7225 3685/7225 3757/7232
f 3685/7225 3718/7232 3757/7232
f 3757/7232 3718/7232 3751/7252
f 3718/7232 3643/7252 3751/7252
f 3751/7295 3643/7295 3663/7296
f 3643/7295 3743/7296 3663/7296
f 5092/7045 5034/7045 5012/7049
f 4601/7367 4597/7371 4705/7371
f 4638/7171 4601/7173 4580/7171
f 4601/7173 4631/7170 4580/7171
f 5128/7326 4997/7327 5138/7326
f 5129/7322 5138/7326 4963/7327
f 5138/7326 4997/7327 4963/7327
f 4997/7327 4931/7327 4963/7327
f 4931/7327 4754/7328 4963/7327
f 4754/7328 4580/7328 4963/7327
f 4580/7328 4631/7323 4963/7327
f 4963/7327 4631/7323 5129/7322
f 4968/7374 4963/7374 4737/7374
f 4737/7374 4963/7374 4597/7379
f 4963/7374 5129/7374 4597/7379
f 5129/7374 4631/7377 4597/7379
f 4631/7170 4601/7173 4597/7174
f 5707/7227 5348/7214 5423/7215
f 5423/7203 5348/7205 5035/7217
f 5035/7217 5348/7205 5318/7207
f 5348/7214 5707/7227 5318/7212
f 5604/7289 5313/7308 5628/7325
f 5313/7274 5312/7281 5628/7251
f 5628/7108 5312/7095 5323/7099
f 5323/7352 5312/7359 5091/7389
f 5312/7281 5313/7274 5091/7333
f 4693/7363 5124/7362 5118/7369
f 5124/7121 5091/7126 5118/7119
f 5091/7126 5313/7076 5118/7119
f 5313/7308 5604/7289 5118/7292
f 5604/7151 5031/7208 5118/7245
f 5118/7335 5031/7339 4871/7344
f 4871/7344 5031/7339 4597/7358
f 4737/7343 4597/7358 4932/7343
f 4597/7358 5031/7339 4932/7343
f 5031/7208 5604/7151 4932/7144
f 4808/7316 4932/7316 4902/7314
f 4932/7316 5604/7317 4902/7314
f 4857/7314 4902/7314 5584/7315
f 5697/7283 5669/7282 5642/7283
f 5642/7283 5669/7282 5589/7282
f 5669/7282 5654/7282 5589/7282
f 5654/7315 5584/7315 5589/7315
f 5584/7315 4902/7314 5589/7315
f 4902/7314 5604/7317 5589/7315
f 5589/7282 5604/7289 5642/7283
f 5604/7289 5628/7325 5642/7283
f 5642/7283 5628/7325 5700/7283
f 5700/7283 5628/7325 5695/7325
f 5695/7108 5628/7108 5643/7110
f 5628/7108 5323/7099 5643/7110
f 5323/7099 5285/7098 5643/7110
f 5285/7211 5318/7212 5643/7224
f 5318/7212 5707/7227 5643/7224
f 5643/7224 5707/7227 5712/7227
f 5712/7227 5707/7227 5723/7227
f 5732/7301 5723/7361 5812/7301
f 5812/7301 5723/7361 5794/7361
f 5723/7227 5707/7227 5794/7231
f 5707/7227 5423/7215 5794/7231
f 5423/7215 5564/7220 5794/7231
f 5564/7324 5562/7302 5794/7361
f 5794/7361 5562/7302 5812/7301
f 5562/7302 5514/7302 5812/7301
f 3299/7072 3770/7043 3193/7089
f 3770/7271 3699/7272 3193/7228
f 3193/7228 3699/7272 3196/7229
f 3196/7229 3699/7272 3072/7221
f 3072/7221 3699/7272 3093/7222
f 3649/7042 3090/7051 3645/7056
f 3772/7042 3649/7042 3758/7056
f 3649/7042 3645/7056 3758/7056
f 3770/7043 3299/7072 3780/7033
f 3780/7033 3299/7072 3198/7090
f 3299/7072 3193/7089 2748/7148
f 3198/7090 3202/7090 3780/7033
f 3768/7156 3642/7156 3670/7162
f 3656/7162 3767/7164 3715/7162
f 3767/7162 3670/7162 3715/7162
f 3670/7162 3642/7156 3715/7162
f 3735/7164 3715/7162 3714/7164
f 3715/7162 3078/7145 3714/7164
f 3736/7337 4562/7334 4545/7336
f 4745/7094 4763/7091 6525/7150
f 4763/7113 4731/7114 6525/7112
f 4731/7114 4545/7120 6525/7112
f 6525/7112 4545/7120 6221/7123
f 4545/7120 4562/7122 6221/7123
f 4562/7122 4559/7124 6221/7123
f 6085/7191 6221/7123 5557/7193
f 4627/7197 5557/7193 4700/7141
f 5557/7193 6221/7123 4700/7141
f 6221/7123 4559/7124 4700/7141
f 3705/7285 4700/7250 3714/7284
f 4700/7250 4559/7256 3714/7284
f 4559/7256 4562/7255 3714/7284
f 4562/7255 3736/7288 3714/7284
f 3714/7380 3736/7381 3642/7384
f 3736/7337 4545/7336 3642/7338
f 4545/7168 4731/7172 3642/7189
f 4731/7172 4763/7176 3642/7189
f 3642/7189 4763/7176 3737/7195
f 4763/7091 4745/7094 3737/7034
f 3191/7260 3186/7261 3716/7198
f 3186/7261 3737/7200 3716/7198
f 3737/7034 4745/7094 3716/7048
f 5519/7117 4268/7078 4345/7081
f 4268/7078 3716/7048 4345/7081
f 3716/7048 4745/7094 4345/7081
f 4345/7081 4745/7094 6051/7135
f 4745/7094 6525/7150 6051/7135
f 6051/7135 6525/7150 6101/7138
f 6101/7138 6525/7150 6487/7157
f 6487/7038 6525/7046 6433/7052
f 6321/7061 6433/7052 6308/7055
f 6433/7052 6525/7046 6308/7055
f 6308/7055 6525/7046 6302/7057
f 6302/7057 6525/7046 6075/7087
f 6075/7177 6525/7196 5997/7169
f 6525/7196 6221/7181 5997/7169
f 5997/7169 6221/7181 5850/7161
f 5850/7116 6221/7065 5847/7115
f 5780/7304 5847/7294 6019/7270
f 5847/7115 6221/7065 6019/7093
f 6221/7065 6085/7069 6019/7093
f 6058/7265 6019/7270 6121/7264
f 6019/7270 6085/7263 6121/7264
f 4367/7085 4318/7088 3780/7128
f 4318/7088 3699/7133 3780/7128
f 3780/7128 3699/7133 3713/7128
f 3772/7029 3758/7054 3649/7029
f 3649/7029 3758/7054 3645/7054
f 3645/7054 4627/7064 3649/7029
f 4627/7064 4700/7037 3649/7029
f 4700/7250 3705/7285 3649/7286
f 3649/7192 3705/7183 3071/7158
f 3071/7158 3705/7183 3094/7154
f 3705/7183 3714/7164 3094/7154
f 3714/7164 3078/7145 3094/7154
f 3094/7103 3078/7104 2035/7074
f 2035/7074 3078/7104 3085/7105
f 3078/7145 3715/7162 3085/7142
f 3715/7162 3642/7156 3085/7142
f 3085/7142 3642/7156 3086/7140
f 3086/7140 3642/7156 3187/7134
f 3642/7156 3737/7152 3187/7134
f 3737/7152 3186/7132 3187/7134
f 2589/7084 2605/7083 2675/7086
f 2605/7083 3187/7109 2675/7086
f 3187/7109 3186/7111 2675/7086
f 3186/7261 3191/7260 2675/7299
f 2535/7348 2589/7347 2563/7348
f 2563/7348 2589/7347 2604/7350
f 2589/7347 2675/7354 2604/7350
f 2604/7350 2675/7354 2671/7355
f 2675/7299 3191/7260 2671/7298
f 2671/7298 3191/7260 3183/7259
f 3191/7260 3716/7198 3183/7259
f 3183/7259 3716/7198 3221/7254
f 3217/7253 2789/7291 3218/7253
f 2789/7291 3221/7254 3218/7253
f 3218/7253 3221/7254 3723/7202
f 3221/7254 3716/7198 3723/7202
f 3716/7048 4268/7078 3723/7050
f 4268/7078 5519/7117 3723/7050
f 4355/7082 3723/7050 4335/7082
f 3723/7050 5519/7117 4335/7082
f 4335/7082 5519/7117 5742/7127
f 5519/7117 4345/7081 5742/7127
f 4345/7081 6051/7135 5742/7127
f 6051/7135 6101/7138 5742/7127
f 5742/7127 6101/7138 5797/7131
f 6101/7138 6487/7157 5797/7131
f 5797/7131 6487/7157 6513/7163
f 6487/7038 6433/7052 6513/7032
f 6433/7052 6321/7061 6513/7032
f 6513/7032 6321/7061 6202/7068
f 6321/7061 6308/7055 6202/7068
f 6308/7055 6302/7057 6202/7068
f 6202/7068 6302/7057 6152/7079
f 6302/7057 6075/7087 6152/7079
f 5812/7137 6152/7079 5794/7136
f 6152/7079 6075/7087 5794/7136
f 6075/7177 5997/7169 5794/7159
f 5812/7137 5794/7136 5732/7137
f 5732/7137 5794/7136 5723/7136
f 5723/7185 5794/7175 5685/7185
f 5685/7185 5794/7175 5643/7185
f 5794/7175 5997/7118 5643/7185
f 5997/7118 5850/7125 5643/7185
f 5850/7351 5847/7387 5643/7388
f 5589/7039 5595/7039 5642/7035
f 5595/7039 5602/7040 5642/7035
f 5602/7040 5643/7036 5642/7035
f 5643/7368 5847/7294 5642/7360
f 5847/7294 5780/7304 5642/7360
f 5780/7304 5802/7300 5642/7360
f 5657/7342 5642/7360 5754/7309
f 5642/7360 5802/7300 5754/7309
f 5754/7309 5802/7300 6022/7267
f 5802/7300 5780/7304 6022/7267
f 5780/7304 6019/7270 6022/7267
f 6019/7270 6058/7265 6022/7267
f 5754/7309 6022/7267 5833/7309
f 5833/7309 6022/7267 6162/7267
f 6162/7267 6022/7267 6169/7267
f 6022/7267 6058/7265 6169/7267
f 6169/7267 6058/7265 6210/7265
f 6088/7275 6121/7275 5512/7268
f 6121/7275 5506/7268 5512/7268
f 5231/7063 5213/7063 5202/7063
f 5202/7063 5213/7063 4753/7071
f 5213/7063 4685/7071 4753/7071
f 4753/7071 4685/7071 4697/7071
f 4697/7071 4685/7071 4596/7077
f 4596/7077 4570/7077 4394/7085
f 4570/7077 4367/7085 4394/7085
f 4394/7085 4367/7085 3823/7128
f 4367/7085 3780/7128 3823/7128
f 3823/7033 3780/7033 3203/7090
f 3780/7033 3202/7090 3203/7090
f 3203/7090 3202/7090 2758/7148
f 3202/7090 3198/7090 2758/7148
f 3198/7090 2748/7148 2758/7148
f 2154/7239 2748/7237 1991/7239
f 2748/7237 3072/7248 1991/7239
f 1991/7239 2010/7269 2031/7239
f 2031/7239 2010/7269 1938/7269
f 1970/7293 1938/7269 1952/7293
f 1938/7269 2010/7269 1952/7293
f 2010/7269 1969/7290 1952/7293
f 1969/7290 3090/7273 1952/7293
f 1952/7293 3090/7273 3092/7287
f 3090/7051 3649/7042 3092/7031
f 3649/7192 3071/7158 3092/7167
f 3092/7100 3071/7102 1952/7067
f 3643/7295 3301/7345 3280/7357
f 3200/7226 3280/7234 2957/7186
f 3280/7234 3301/7236 2957/7186
f 2957/7186 3301/7236 3082/7216
f 3301/7240 3643/7252 3082/7230
f 3643/7252 3718/7232 3082/7230
f 3082/7230 3718/7232 3080/7218
f 3080/7218 3718/7232 3089/7201
f 3718/7232 3685/7225 3089/7201
f 3089/7201 3685/7225 3083/7194
f 3083/7194 3685/7225 3075/7188
f 3075/7188 3685/7225 3667/7223
f 3667/7279 3685/7280 4576/7249
f 3685/7280 3718/7276 4576/7249
f 3718/7276 3643/7277 4576/7249
f 4576/7249 4316/7258 4581/7246
f 4581/7246 4316/7258 4285/7262
f 4316/7258 4576/7249 4285/7262
f 4576/7249 3643/7277 4285/7262
f 4285/7262 3643/7277 3743/7278
f 3743/7296 3643/7295 3349/7329
f 3643/7295 3280/7357 3349/7329
f 3349/7329 3280/7357 3194/7378
f 3280/7310 3200/7312 3194/7311
f 3194/7311 3200/7312 3180/7313
f 3180/7233 3200/7235 2041/7147
f 3200/7235 2957/7209 2041/7147
f 2957/7060 3082/7073 2041/7053
f 3082/7073 3080/7080 2041/7053
f 3080/7080 3089/7092 2041/7053
f 2041/7053 3089/7092 1951/7066
f 3089/7092 3083/7096 1951/7066
f 3083/7096 3075/7097 1951/7066
f 1951/7066 3075/7097 1952/7067
f 1952/7067 3075/7097 3092/7100
f 3092/7167 3075/7188 3649/7192
f 3075/7188 3667/7223 3649/7192
f 3667/7279 4576/7249 3649/7286
f 3649/7286 4576/7249 4700/7250
f 4700/7391 4576/7366 4627/7383
f 4627/7243 4576/7257 5557/7244
f 6085/7247 5557/7244 6019/7266
f 5557/7244 4576/7257 6019/7266
f 4576/7241 4581/7242 6019/7187
f 4581/7242 4734/7238 6019/7187
f 4734/7238 5420/7219 6019/7187
f 6019/7187 5420/7219 6022/7190
f 5420/7219 4734/7238 6022/7190
f 6162/7267 6022/7267 6175/7267
f 6175/7190 6022/7190 6053/7190
f 6053/7190 6022/7190 4791/7238
f 6022/7190 4734/7238 4791/7238
f 4791/7238 4734/7238 4617/7242
f 4734/7238 4581/7242 4617/7242
f 4617/7246 4581/7246 4289/7262
f 4581/7246 4285/7262 4289/7262
f 4289/7262 4285/7262 3802/7278
f 4285/7262 3743/7278 3802/7278
f 3802/7296 3743/7296 3353/7329
f 3743/7296 3349/7329 3353/7329
f 3353/7329 3349/7329 3204/7378
f 3349/7329 3194/7378 3204/7378
f 3204/7311 3194/7311 3189/7313
f 3194/7311 3180/7313 3189/7313
f 3189/7313 3180/7313 3181/7313
f 3181/7233 3180/7233 2232/7143
f 2232/7143 3180/7233 2066/7143
f 3180/7233 2041/7147 2066/7143
f 1973/7143 2066/7143 2081/7147
f 2066/7143 2041/7147 2081/7147
f 2041/7053 1951/7066 2081/7053
f 2081/7053 1951/7066 2013/7066
f 1951/7066 1952/7067 2013/7066
f 2013/7066 1952/7067 1987/7067
f 1987/7067 1952/7067 1988/7067
f 1988/7067 1952/7067 1970/7067
f 2073/7070 1960/7070 1929/7070
f 1960/7070 1970/7067 1929/7070
f 1970/7067 1952/7067 1929/7070
f 1952/7067 3071/7102 1929/7070
f 3071/7102 3094/7103 1929/7070
f 3094/7103 2035/7074 1929/7070
f 1929/7070 2035/7074 2054/7074
f 2054/7074 2035/7074 2036/7075
f 2035/7074 3085/7105 2036/7075
f 3085/7105 3086/7106 2036/7075
f 3086/7106 3187/7109 2036/7075
f 3187/7109 2605/7083 2036/7075
f 1982/7340 1981/7346 2037/7340
f 1981/7346 2036/7346 2037/7340
f 2036/7346 2605/7341 2037/7340
f 1961/7340 2037/7340 2595/7341
f 2037/7340 2605/7341 2595/7341
f 2595/7083 2605/7083 2763/7084
f 2763/7084 2605/7083 2719/7084
f 2605/7083 2589/7084 2719/7084
f 2719/7084 2589/7084 2715/7084
f 2715/7084 2589/7084 2549/7084
f 2549/7347 2589/7347 2501/7347
f 2589/7347 2535/7348 2501/7347
f 2501/7347 2535/7348 2520/7348
f 2520/7348 2535/7348 2498/7349
f 2666/7356 2686/7356 2562/7349
f 2686/7356 2568/7349 2562/7349
f 2568/7349 2532/7349 2562/7349
f 2532/7349 2498/7349 2562/7349
f 2498/7349 2535/7348 2562/7349
f 2535/7348 2563/7348 2562/7349
f 2563/7348 2604/7350 2562/7349
f 2562/7349 2604/7350 2666/7356
f 2604/7350 2671/7355 2666/7356
f 2671/7298 3183/7259 2666/7297
f 3183/7259 3221/7254 2666/7297
f 3221/7254 2789/7291 2666/7297
f 2562/7349 2666/7356 2582/7349
f 2582/7349 2666/7356 2697/7356
f 2697/7297 2666/7297 2785/7291
f 2666/7297 2789/7291 2785/7291
f 2785/7291 2789/7291 3211/7253
f 2789/7291 3217/7253 3211/7253
f 3211/7253 3217/7253 3631/7202
f 3217/7253 3218/7253 3631/7202
f 3218/7253 3723/7202 3631/7202
f 3631/7050 3723/7050 4323/7082
f 3723/7050 4355/7082 4323/7082
f 4323/7082 4355/7082 5693/7127
f 4355/7082 4335/7082 5693/7127
f 4335/7082 5742/7127 5693/7127
f 5693/7127 5742/7127 5720/7127
f 5742/7127 5797/7131 5720/7127
f 5720/7127 5797/7131 5783/7131
f 5783/7131 5797/7131 6312/7163
f 5797/7131 6513/7163 6312/7163
f 6513/7032 6202/7068 6312/7032
f 6312/7032 6202/7068 6054/7068
f 6054/7068 6202/7068 6052/7068
f 6202/7068 6152/7079 6052/7068
f 6052/7068 6152/7079 6021/7079
f 6152/7079 5812/7137 6021/7079
f 6021/7079 5812/7137 5718/7137
f 5812/7301 5514/7302 5718/7301
f 5718/7301 5514/7302 5389/7302
f 5389/7302 5514/7302 5168/7303
f 5034/7045 5116/7045 5254/7044
f 5116/7045 5168/7044 5254/7044
f 5168/7303 5514/7302 5254/7303
f 5514/7302 5562/7302 5254/7303
f 5562/7302 5564/7324 5254/7303
f 5564/7199 5423/7203 5254/7210
f 5423/7203 5035/7217 5254/7210
f 5254/7044 5035/7047 5034/7045
f 5034/7045 5035/7047 5012/7049
f 5035/7062 5318/7041 5012/7059
f 5318/7041 5285/7030 5012/7059
f 5285/7353 5323/7352 5012/7390
f 5323/7352 5091/7389 5012/7390
f 5012/7390 5091/7389 5152/7390
f 5152/7390 5091/7389 5208/7389
f 5091/7126 5124/7121 5208/7126
f 5208/7126 5124/7121 5248/7121
f 5248/7121 5124/7121 5235/7121
f 5235/7362 5124/7362 5184/7362
f 5184/7362 5124/7362 4760/7363
f 5124/7362 4693/7363 4760/7363
f 4760/7363 4693/7363 4315/7364
f 4762/7367 4630/7365 4601/7367
f 4601/7367 4630/7365 4542/7365
f 4630/7365 4656/7365 4542/7365
f 4656/7365 4315/7364 4542/7365
f 4542/7365 4315/7364 4251/7364
f 4315/7364 4693/7363 4251/7364
f 4693/7363 5118/7369 4251/7364
f 4251/7364 5118/7369 4249/7370
f 5118/7335 4871/7344 4249/7382
f 4871/7344 4597/7358 4249/7382
f 4597/7371 4601/7367 4249/7370
f 4601/7367 4542/7365 4249/7370
f 4251/7364 4249/7370 4542/7365
f 2664/8616 2678/8605 2740/8616
f 2511/8624 2679/8626 2678/8627
f 2679/8604 2709/8612 2678/8605
f 2611/8605 2678/8605 2663/8605
f 2750/8616 2663/8605 2740/8616
f 2663/8605 2678/8605 2740/8616
f 2678/8605 2709/8612 2740/8616
f 2740/8616 2709/8612 2741/8615
f 2741/8615 2709/8612 2744/8614
f 2744/8614 2709/8612 2674/8603
f 2709/8612 2679/8604 2674/8603
f 2679/8626 2511/8624 2674/8625
f 2744/8614 2710/8615 2741/8615
f 2741/8615 2710/8615 2740/8616
f 2740/8616 2710/8615 2619/8616
f 2619/8616 2710/8615 2616/8614
f 2710/8615 2744/8614 2616/8614
f 2009/8635 2616/8628 1992/8635
f 2616/8628 2744/8628 1992/8635
f 2744/8628 2674/8629 1992/8635
f 2002/8634 1992/8635 2000/8634
f 1992/8635 2674/8629 2000/8634
f 2674/8625 2511/8624 2000/8618
f 2511/8624 2016/8619 2000/8618
f 2016/8619 2001/8619 2000/8618
f 2000/8618 2001/8619 1975/8618
f 1975/8618 2001/8619 1979/8619
f 1979/8619 2001/8619 2012/8620
f 2012/8620 2001/8619 2015/8620
f 2001/8619 2016/8619 2015/8620
f 2016/8619 2511/8624 2015/8620
f 2511/8624 2678/8627 2015/8620
f 2678/8627 2611/8627 2015/8620
f 2611/8627 1868/8620 2015/8620
f 2384/409 2349/407 2455/401
f 2455/165 2349/161 2450/168
f 1014/166 1024/323 63/340
f 1014/166 63/340 64/338
f 63/340 1024/323 98/470
f 1006/473 86/475 97/474
f 1006/473 97/474 1026/454
f 98/470 1024/323 1026/454
f 98/470 1026/454 97/474
f 1019/383 1014/369 78/402
f 1019/383 78/402 72/403
f 1014/166 64/338 78/177
f 38/1205 61/1197 36/1266
f 42/1142 61/1197 38/1205
f 61/1294 42/1344 41/1356
f 61/1294 41/1356 89/1373
f 86/475 1006/473 89/505
f 86/475 89/505 41/483
f 1019/450 72/440 32/438
f 1019/450 32/438 100/393
f 36/1266 61/1197 100/1278
f 36/1266 100/1278 32/1290
f 695/2430 1082/2443 1067/2462
f 932/3134 613/3117 600/3122
f 932/3134 600/3122 884/3191
f 366/3204 531/3206 387/3205
f 365/3203 465/3203 531/3206
f 365/3203 531/3206 366/3204
f 884/3191 474/3184 531/3206
f 531/2518 347/2519 350/2505
f 18/3264 174/3285 71/3274
f 1106/2232 947/2216 863/2185
f 1106/2232 863/2185 999/2183
f 738/2143 928/2120 999/2183
f 738/2143 999/2183 863/2185
f 983/2159 855/2154 863/2122
f 983/2159 863/2122 999/2121
f 983/2906 1106/2972 947/2956
f 983/2906 947/2956 855/2914
f 947/3283 1106/3282 1114/3289
f 947/3283 1114/3289 945/3286
f 983/3021 855/3019 738/2967
f 983/3021 738/2967 928/2948
f 928/2148 738/2147 737/2153
f 945/3286 1114/3289 944/3290
f 1114/2141 911/2140 733/2158
f 1114/2141 733/2158 944/2162
f 531/2193 465/2193 383/2179
f 531/2193 383/2179 387/2178
f 1053/3028 1172/3022 1065/3027
f 1045/3029 1172/3022 1053/3028
f 1172/2124 1045/2123 1041/2132
f 1065/3027 1172/3022 1069/3026
f 1069/3026 1172/3022 1248/3018
f 1069/3026 1248/3018 1100/3025
f 1172/2124 1041/2132 1043/2142
f 1172/2124 1043/2142 1186/2145
f 1046/2144 1186/2145 1043/2142
f 1050/2775 1186/2779 1046/2774
f 1057/2776 1186/2779 1050/2775
f 1186/2779 1057/2776 1098/2790
f 1186/2779 1098/2790 1260/2809
f 1103/2791 1260/2809 1098/2790
f 1101/2842 1260/2863 1103/2843
f 1100/2844 1248/2862 1260/2863
f 1100/2844 1260/2863 1101/2842
f 1132/3237 1016/3236 1068/3247
f 1132/3237 1068/3247 1194/3272
f 1194/2126 1068/2125 1064/2131
f 1194/2126 1064/2131 1217/2135
f 1149/2932 1156/2950 1033/2951
f 1149/2932 1033/2951 1012/2943
f 1156/2950 1217/2977 1056/2959
f 1156/2950 1056/2959 1033/2951
f 1217/2135 1064/2131 1056/2134
f 1016/2150 1132/2149 1011/2155
f 1011/2155 1132/2149 1149/2156
f 1011/2155 1149/2156 1012/2157
f 1012/3113 1149/3128 1217/3112
f 1012/3113 1217/3112 1056/3111
f 928/2148 737/2153 733/2165
f 928/2148 733/2165 911/2166
f 1308/153 1316/78 1385/115
f 1308/153 1385/115 1382/152
f 1401/132 1441/150 1400/151
f 1385/115 1316/78 1427/95
f 1441/150 1401/132 1440/98
f 1441/150 1440/98 1597/149
f 1427/95 1316/78 1430/92
f 1597/149 1440/98 1442/93
f 1597/149 1442/93 1601/129
f 1316/832 1473/863 1450/862
f 1316/832 1450/862 1430/851
f 1491/870 1657/914 1601/900
f 1491/870 1601/900 1442/852
f 1491/870 1442/852 1450/862
f 1473/863 1491/870 1450/862
f 1601/1419 1657/1422 1708/1569
f 1601/1419 1708/1569 1706/1568
f 1708/1569 1657/1422 1838/1581
f 1708/1569 1838/1581 1715/1571
f 1308/256 1382/189 1368/193
f 1308/256 1368/193 1290/255
f 1400/182 1441/174 1391/183
f 1290/255 1368/193 1373/192
f 1391/183 1441/174 1536/144
f 1391/183 1536/144 1393/184
f 1718/29 1597/123 1696/27
f 1718/29 1696/27 1703/25
f 1597/123 1601/124 1697/28
f 1597/123 1697/28 1696/27
f 1601/124 1706/24 1697/28
f 1714/388 1805/459 1713/449
f 1715/387 1838/410 1805/459
f 1715/387 1805/459 1714/388
f 4447/3978 4334/3969 4778/3980
f 4447/3978 4778/3980 4781/3983
f 4310/3815 4311/3816 4961/3809
f 4956/3686 4925/3687 4913/3684
f 4821/3682 4818/3675 4913/3684
f 4925/3687 4822/3688 4821/3682
f 4925/3687 4821/3682 4913/3684
f 4806/3673 4817/3674 4818/3675
f 4516/3670 4806/3673 4818/3675
f 4516/3670 4818/3675 4821/3682
f 4531/3689 4516/3670 4821/3682
f 4531/3689 4821/3682 4822/3688
f 4817/3452 4466/3453 4815/3456
f 4816/3457 4466/3453 4477/3460
f 4816/3457 4477/3460 4819/3468
f 4820/3470 4862/3471 4874/3469
f 4820/3470 4874/3469 4819/3468
f 4477/3460 4483/3466 4820/3470
f 4477/3460 4820/3470 4819/3468
f 4954/4004 4923/4005 4912/4003
f 4896/4002 4906/4001 4912/4003
f 4556/4007 4896/4002 4912/4003
f 4556/4007 4912/4003 4923/4005
f 4556/4007 4923/4005 4524/4010
f 4953/3619 4922/3618 4914/3621
f 4910/3623 4911/3622 4914/3621
f 4531/3617 4523/3625 4910/3623
f 4531/3617 4910/3623 4914/3621
f 4531/3617 4914/3621 4922/3618
f 4921/3627 4952/3626 4915/3624
f 4915/3624 4911/3622 4910/3623
f 4523/3625 4524/3628 4921/3627
f 4523/3625 4921/3627 4915/3624
f 4523/3625 4915/3624 4910/3623
f 4904/3990 4556/3991 4518/3987
f 4904/3990 4518/3987 4908/3986
f 4529/3725 4869/3724 4873/3723
f 4529/3725 4873/3723 4473/3722
f 4474/4036 4530/4030 4823/4033
f 4474/4036 4823/4033 4829/4035
f 4530/3698 4473/3697 4826/3695
f 4530/3698 4826/3695 4823/3696
f 4827/3753 4796/3752 4825/3751
f 4824/3747 4873/3748 4875/3749
f 4824/3747 4875/3749 4825/3751
f 4473/3741 4824/3747 4825/3751
f 4473/3741 4825/3751 4796/3752
f 4869/3724 4529/3725 4484/3730
f 4869/3724 4484/3730 4872/3729
f 4869/3724 4872/3729 4879/3728
f 4870/4025 4484/4024 4483/4029
f 4870/4025 4483/4029 4861/4028
f 4870/4025 4861/4028 4877/4027
f 5515/3843 5529/3841 5535/3842
f 5529/3721 5515/3718 5532/3720
f 5083/4019 4758/4022 5261/4008
f 5083/4019 5261/4008 5268/4011
f 5294/4016 5083/4019 5268/4011
f 4758/3645 4748/3646 5251/3637
f 4758/3645 5251/3637 5261/3636
f 4748/3646 4372/3656 5249/3638
f 4748/3646 5249/3638 5251/3637
f 4372/3490 4768/3503 5245/3518
f 4372/3490 5245/3518 5249/3523
f 4768/3503 4973/3506 5236/3520
f 4768/3503 5236/3520 5245/3518
f 4973/3506 5074/3509 5241/3517
f 4973/3506 5241/3517 5236/3520
f 5241/3517 5074/3509 5246/3519
f 5074/3509 5238/3516 5246/3519
f 5454/3535 5456/3531 5452/3537
f 5456/3531 5449/3529 5438/3538
f 5456/3531 5438/3538 5452/3537
f 5310/3540 5335/3540 5401/3539
f 5310/3540 5401/3539 5343/3529
f 5438/3538 5449/3529 5343/3529
f 5438/3538 5343/3529 5401/3539
f 5472/3528 5508/3530 5481/3536
f 5472/3528 5481/3536 5464/3532
f 5508/3530 5456/3531 5459/3534
f 5508/3530 5459/3534 5481/3536
f 5459/3534 5456/3531 5458/3533
f 5456/3531 5454/3535 5458/3533
f 5238/3516 5074/3509 5227/3512
f 5074/3509 4479/3494 5229/3515
f 5074/3509 5229/3515 5227/3512
f 4528/3903 4558/3902 4838/3896
f 4528/3903 4838/3896 4852/3897
f 4558/3919 4553/3933 4810/3925
f 4558/3919 4810/3925 4838/3915
f 4515/3807 4534/3806 5089/3787
f 4515/3807 5089/3787 5072/3789
f 4650/3804 4612/3802 5110/3786
f 4650/3804 5110/3786 5112/3788
f 5110/3786 4612/3802 5109/3785
f 4591/3586 5037/3567 5105/3564
f 4591/3586 5105/3564 4598/3584
f 5109/4012 4612/4015 4598/3999
f 5109/4012 4598/3999 5105/3998
f 4280/3905 4849/3894 4841/3893
f 4280/3905 4841/3893 4292/3904
f 4848/3934 4292/3953 4841/3940
f 4810/3925 4553/3933 4292/3953
f 4810/3925 4292/3953 4848/3934
f 4484/3869 4528/3873 4855/3886
f 4484/3869 4855/3886 4878/3885
f 4484/3869 4878/3885 4870/3884
f 4528/3903 4852/3897 4855/3898
f 5037/3567 4591/3586 4531/3590
f 5037/3567 4531/3590 4974/3568
f 2693/3669 2491/3717 2482/3716
f 2765/4018 2524/3984 2500/3988
f 2765/4018 2500/3988 2699/4018
f 2699/4018 2480/3992 2634/4006
f 2485/3989 2634/4006 2480/3992
f 2491/3887 2693/3923 2634/3920
f 2491/3887 2634/3920 2485/3883
f 2693/3669 2482/3716 2477/3715
f 2693/3669 2477/3715 2699/3666
f 2699/3666 2477/3715 2479/3713
f 2699/3666 2479/3713 2701/3663
f 2490/3714 2701/3663 2479/3713
f 2701/3939 2490/3950 2517/3948
f 2701/3939 2517/3948 2776/3932
f 2594/3941 2776/3932 2517/3948
f 2594/3941 2517/3948 2541/3945
f 2594/3941 2541/3945 2583/3942
f 2776/3805 2608/3830 2622/3829
f 2776/3805 2622/3829 2782/3803
f 2506/3819 2716/3796 2537/3821
f 2716/3796 2782/3796 2579/3827
f 2716/3796 2579/3827 2542/3822
f 2716/3796 2542/3822 2537/3821
f 2782/3796 2623/3824 2586/3828
f 2782/3796 2586/3828 2580/3826
f 2607/3830 2776/3805 2565/3832
f 2607/3830 2565/3832 2585/3831
f 2776/3805 2594/3834 2584/3833
f 2776/3805 2584/3833 2565/3832
f 2537/3909 2716/3907 2506/3908
f 2716/3907 2537/3909 2542/3910
f 2716/3907 2542/3910 2579/3911
f 2716/3907 2579/3911 2782/3907
f 2567/3895 2782/3907 2580/3911
f 4814/2971 4868/2970 4876/2969
f 4814/2971 4876/2969 4813/2968
f 4766/2964 4340/2974 4814/2971
f 4766/2964 4814/2971 4813/2968
f 4399/3105 4273/3116 4770/3098
f 1855/3408 1853/3384 1883/3414
f 1883/3414 1853/3384 1819/3384
f 2886/3097 2499/3052 2476/3069
f 4517/3313 4504/3315 4885/3316
f 4517/3313 4885/3316 4907/3314
f 4504/3315 4546/3317 4863/3318
f 4504/3315 4863/3318 4885/3316
f 4843/3321 4835/3320 4834/3322
f 4794/3326 4833/3327 4834/3322
f 4499/3319 4491/3325 4794/3326
f 4499/3319 4794/3326 4834/3322
f 4499/3319 4834/3322 4835/3320
f 4833/3327 4491/3325 4832/3330
f 4491/3325 4486/3334 4836/3341
f 4491/3325 4836/3341 4832/3330
f 4486/3334 4490/3339 4828/3342
f 4486/3334 4828/3342 4836/3341
f 4490/3339 4485/3346 4831/3350
f 4490/3339 4831/3350 4828/3342
f 4485/3346 4472/3353 4830/3354
f 4485/3346 4830/3354 4831/3350
f 2752/2988 2698/2981 2529/3030
f 5287/4606 5291/4601 6756/4604
f 5291/4601 6755/4600 6756/4604
f 6755/4600 5291/4601 5274/4592
f 6929/4412 6920/4412 6919/4412
f 6929/4412 6919/4412 6924/4412
f 6919/4412 6920/4412 6914/4412
f 6914/4412 6920/4412 6953/4412
f 6920/4412 6889/4440 6925/4426
f 6920/4412 6925/4426 6953/4412
f 6925/4105 6889/4095 6923/4106
f 6875/4879 6893/4881 6899/4879
f 6874/4884 5415/4885 6886/4880
f 6923/4106 6889/4095 6863/4098
f 6923/4106 6863/4098 6865/4110
f 6825/4115 6874/4114 6865/4110
f 6863/4098 5415/4150 6825/4115
f 6863/4098 6825/4115 6865/4110
f 6154/4737 6136/4745 6158/4742
f 6154/4737 6158/4742 6159/4739
f 5927/4986 5896/4980 5917/4989
f 5896/4980 5804/5027 5828/5029
f 5896/4980 5828/5029 5917/4989
f 5920/5206 5835/5205 5900/5208
f 5835/5205 5789/5231 5823/5232
f 5835/5205 5823/5232 5900/5208
f 5774/5747 5821/5739 5823/5708
f 5774/5747 5823/5708 5789/5713
f 5824/5707 5789/5713 5823/5708
f 5789/5713 5824/5707 5828/5702
f 5789/5713 5828/5702 5804/5703
f 5832/5698 5804/5703 5829/5701
f 5804/5703 5828/5702 5829/5701
f 6604/5688 6584/5689 6595/5687
f 6584/5689 6533/5690 6595/5687
f 6805/5606 6743/5543 6769/5546
f 6805/5606 6769/5546 6801/5548
f 6710/5511 6653/5466 6698/5464
f 6710/5511 6698/5464 6733/5498
f 6698/4949 6653/4937 6679/4922
f 6653/4937 6671/4902 6679/4922
f 6142/4830 6588/4853 6611/4859
f 6142/4830 6611/4859 6231/4851
f 6903/5611 6890/5611 6902/5590
f 6903/5611 6902/5590 6912/5593
f 6902/5590 6890/5611 6913/5591
f 6890/5611 6805/5606 6851/5570
f 6890/5611 6851/5570 6913/5591
f 6754/4081 6692/4085 6763/4080
f 6768/4071 6810/4062 6815/4072
f 6768/4071 6815/4072 6763/4080
f 6692/4085 5291/4113 6768/4071
f 6692/4085 6768/4071 6763/4080
f 6810/4062 5291/4113 5188/4097
f 6810/4062 5188/4097 6807/4060
f 6806/4660 5973/4589 6804/4667
f 5973/4589 6806/4660 6808/4661
f 5973/4589 6808/4661 5904/4582
f 6807/4659 5188/4446 5904/4582
f 6807/4659 5904/4582 6808/4661
f 6144/4730 6134/4747 6135/4746
f 6144/4730 6135/4746 6151/4733
f 6151/4733 6135/4746 6136/4745
f 6151/4733 6136/4745 6153/4738
f 6154/5299 6136/5296 6161/5294
f 6154/5299 6161/5294 6160/5297
f 6134/4747 6144/4730 6125/4728
f 6134/4747 6125/4728 6102/4748
f 6597/5132 6584/5129 6582/5136
f 6604/4795 6584/4796 6600/4794
f 6584/4796 6597/4792 6600/4794
f 6582/5136 6584/5129 6533/5140
f 6533/5140 6584/5129 6586/5135
f 6586/5135 6584/5129 6596/5131
f 6596/4805 6584/4796 6599/4797
f 6584/4796 6604/4795 6599/4797
f 6080/4229 6209/4211 6213/4212
f 6209/4434 6080/4411 6138/4461
f 6540/4995 6657/5032 6699/5035
f 6540/4995 6699/5035 6722/5018
f 6696/5039 6657/5032 6682/5054
f 6657/4709 6678/4697 6682/4699
f 6678/4697 6657/4709 6680/4698
f 6657/4709 6670/4693 6680/4698
f 6258/4486 6080/4457 6255/4481
f 5981/5047 5962/5046 5964/5055
f 5958/5057 5965/5061 5964/5055
f 5962/5046 5830/5040 5958/5057
f 5962/5046 5958/5057 5964/5055
f 5965/5061 5830/5040 5839/5067
f 6594/5089 6629/5082 6579/5087
f 6472/5126 6571/5100 6562/5097
f 6472/5126 6562/5097 6465/5119
f 6629/5082 6661/5077 6602/5088
f 6629/5082 6602/5088 6579/5087
f 6570/5098 6465/5119 6562/5097
f 6618/5323 6492/5322 6516/5324
f 6618/5323 6516/5324 6598/5334
f 6618/5323 6598/5334 6848/5345
f 6488/5321 6465/5320 6569/5332
f 6488/5321 6569/5332 6516/5324
f 6492/5322 6488/5321 6516/5324
f 6848/4977 6598/5085 6607/5083
f 6848/4977 6607/5083 6850/4978
f 6569/5093 6465/5119 6572/5092
f 6602/5088 6661/5077 6850/4978
f 6602/5088 6850/4978 6607/5083
f 6465/5119 6570/5098 6572/5092
f 6629/5082 6594/5089 6601/5090
f 6629/5082 6601/5090 6715/5042
f 6571/5100 6472/5126 6578/5101
f 6715/5042 6601/5090 6640/5091
f 6578/5101 6472/5126 6544/5127
f 6578/5101 6544/5127 6623/5107
f 6759/7440 6748/7441 6751/7439
f 6746/7438 6758/7437 6751/7439
f 6748/7441 5286/7447 6746/7438
f 6748/7441 6746/7438 6751/7439
f 5286/7447 6761/7442 5305/7448
f 6773/7443 5305/7448 6761/7442
f 6777/7445 5305/7448 6773/7443
f 5305/7448 6777/7445 6779/7446
f 5305/7448 6779/7446 5309/7455
f 6816/7449 5309/7455 6779/7446
f 6819/7450 5309/7455 6816/7449
f 5309/7455 6819/7450 6820/7451
f 5309/7455 6820/7451 5339/7456
f 6835/7452 5339/7456 6820/7451
f 6838/7453 5339/7456 6835/7452
f 5339/7456 6838/7453 6839/7454
f 5339/7456 6839/7454 5400/7461
f 6888/7457 5400/7461 6839/7454
f 6887/7458 5416/7462 5400/7461
f 6934/7434 6929/7435 6928/7433
f 6929/7435 6918/7435 6916/7432
f 6929/7435 6916/7432 6928/7433
f 6918/7435 6856/7436 6866/7431
f 6918/7435 6866/7431 6917/7432
f 6293/7428 6767/7425 6901/7430
f 6293/7428 6901/7430 6866/7431
f 6856/7436 5491/7444 6293/7428
f 6856/7436 6293/7428 6866/7431
f 6767/7424 6737/7426 6750/7423
f 6749/7422 6752/7421 6750/7423
f 5491/7444 5274/7427 6749/7422
f 5491/7444 6749/7422 6750/7423
f 5491/7444 6750/7423 6737/7426
f 5855/7417 5834/7414 5922/7416
f 5855/7417 5922/7416 5923/7418
f 5922/7416 5834/7414 5921/7415
f 5834/7414 5895/7410 5928/7413
f 5834/7414 5928/7413 5921/7415
f 5928/7412 5895/7410 5926/7411
f 5895/7410 5918/7409 5926/7411
f 5918/7409 5895/7410 5897/7408
f 5897/7408 5895/7410 5804/7405
f 6977/5343 7001/5341 7026/5339
f 6997/5342 6985/5336 7025/5338
f 6997/5342 7025/5338 7026/5339
f 6997/5342 7026/5339 7001/5341
f 7006/5060 7005/5064 7011/5064
f 7027/5063 7005/5064 7006/5060
f 7027/5063 7006/5060 7028/5062
f 6987/4052 6989/4059 6984/4073
f 6987/4052 6984/4073 6983/4052
f 6982/4074 6983/4052 6984/4073
f 7016/4061 6983/4052 6982/4074
f 7016/4061 6982/4074 7022/4070
f 7007/4058 6983/4052 7016/4061
f 7003/4595 7010/4584 7009/4594
f 7015/4588 7010/4584 7003/4595
f 7015/4588 7003/4595 7021/4593
f 6991/4534 7010/4534 7008/4533
f 7008/4533 7010/4534 7014/4532
f 7008/4533 7014/4532 7019/4526
f 7008/4533 7019/4526 7018/4526
f 7010/4534 7015/4535 7014/4532
f 7018/4526 7019/4526 7017/4525
f 7018/4526 7017/4525 7002/4523
f 7002/4523 7017/4525 7013/4524
f 7002/4523 7013/4524 6983/4518
f 7002/4523 6983/4518 6980/4518
f 6983/4518 7013/4524 7007/4519
f 7018/4526 7019/4526 7024/4526
f 7012/4526 6988/4526 7000/4526
f 7012/4526 7000/4526 7023/4526
f 6999/4482 6988/4476 7012/4476
f 6988/4959 6999/4959 7004/4958
f 6988/4959 7004/4958 6992/4957
f 6996/4957 6992/4957 7004/4958
f 2848/2053 2846/2057 2833/2054
f 2846/2057 2848/2053 2862/2056
f 2833/2054 2846/2057 2838/2055
f 2846/2051 2835/2058 2826/2052
f 2846/2051 2826/2052 2838/2048
f 2826/1951 2835/1948 2881/1943
f 2835/2030 2846/2037 2858/2038
f 2835/2030 2858/2038 2881/2035
f 2846/1888 2862/1885 2858/1884
f 2838/1917 2846/1921 2845/1923
f 2838/1917 2845/1923 2836/1916
f 2845/1923 2846/1921 2864/1918
f 2845/1923 2864/1918 2876/1919
f 2846/1950 2829/1949 2841/1945
f 2846/1950 2841/1945 2864/1944
f 2845/1923 2853/1914 2836/1916
f 2845/1966 2876/1968 2867/1967
f 2841/1945 2829/1949 2837/1947
f 2829/1949 2839/1946 2837/1947
f 2829/2016 2846/2023 2838/2017
f 2829/2016 2838/2017 2827/2015
f 6979/3413 7043/3409 7042/3406
f 6979/3413 7042/3406 6857/3410
f 6868/2383 7037/2364 7039/2371
f 7031/2883 6978/2876 7032/2884
f 6881/2436 7034/2472 7038/2552
f 6881/2436 7038/2552 7036/2557
f 7034/2472 7041/2549 7038/2552
f 6884/2657 7029/2656 7030/2675
f 6884/2657 7030/2675 6978/2685
f 7033/2684 6978/2685 7030/2675
f 6881/2436 7036/2557 7035/2558
f 6881/2436 7035/2558 6862/2437
f 7029/2656 6884/2657 6862/2543
f 7029/2656 6862/2543 7035/2647
f 810/2834 682/2834 684/2834
f 810/2834 684/2834 848/2834
f 685/2834 818/2834 848/2834
f 685/2834 848/2834 684/2834
f 730/2506 784/2530 819/2500
f 730/2506 819/2500 721/2500
f 727/2386 656/2391 675/2396
f 727/2386 675/2396 728/2396
f 681/2835 728/2837 675/2837
f 810/2449 848/2449 684/2449
f 810/2449 684/2449 682/2449
f 848/2449 818/2449 685/2449
f 848/2449 685/2449 684/2449
f 721/2482 819/2482 784/2501
f 721/2482 784/2501 730/2493
f 675/2457 728/2457 681/2460
f 656/2406 727/2403 728/2412
f 656/2406 728/2412 675/2412
f 244/2333 207/2338 206/2340
f 244/2333 206/2340 265/2334
f 265/2345 206/2344 204/2347
f 265/2345 204/2347 221/2359
f 205/2346 224/2358 221/2359
f 205/2346 221/2359 204/2347
f 224/2358 205/2346 203/2350
f 224/2358 203/2350 209/2357
f 209/2357 203/2350 208/2339
f 209/2357 208/2339 251/2332
f 207/2338 244/2333 251/2332
f 207/2338 251/2332 208/2339
f 818/2834 685/2834 690/2833
f 818/2834 690/2833 819/2829
f 819/2829 690/2833 712/2829
f 742/2826 705/2828 715/2826
f 818/2449 719/2445 685/2449
f 748/2404 810/2401 670/2410
f 748/2404 670/2410 667/2408
f 810/2401 727/2403 666/2407
f 810/2401 666/2407 670/2410
f 727/2403 656/2406 666/2407
f 724/2492 757/2497 722/2490
f 725/2491 757/2497 724/2492
f 730/2493 784/2501 757/2497
f 730/2493 757/2497 725/2491
f 814/2537 784/2530 735/2515
f 814/2537 735/2515 736/2516
f 784/2530 730/2506 735/2515
f 656/2391 727/2386 668/2387
f 727/2386 771/2385 673/2390
f 727/2386 673/2390 668/2387
f 673/2390 771/2385 797/2381
f 673/2390 797/2381 677/2388
f 748/2404 667/2408 665/2409
f 748/2404 665/2409 755/2405
f 762/2413 755/2405 655/2411
f 762/2413 655/2411 674/2413
f 755/2405 665/2409 655/2411
f 799/2466 831/2466 718/2466
f 799/2466 718/2466 720/2466
f 831/2466 791/2451 716/2463
f 831/2466 716/2463 718/2466
f 791/2451 663/2451 716/2463
f 722/2490 757/2497 799/2503
f 722/2490 799/2503 720/2488
f 814/2854 736/2871 734/2870
f 814/2854 734/2870 839/2852
f 769/2872 839/2852 732/2860
f 769/2872 732/2860 710/2872
f 839/2852 734/2870 732/2860
f 803/2572 714/2572 713/2572
f 803/2572 713/2572 834/2572
f 834/2572 713/2572 711/2573
f 834/2572 711/2573 798/2575
f 798/2575 711/2573 692/2575
f 677/2388 797/2381 676/2389
f 676/2389 797/2381 803/2381
f 729/6356 702/6355 693/6358
f 729/6356 693/6358 696/6359
f 702/6355 772/6362 699/6363
f 702/6355 699/6363 693/6358
f 699/6363 772/6362 781/6370
f 699/6363 781/6370 701/6364
f 729/6356 696/6359 694/6357
f 729/6356 694/6357 740/6354
f 740/6354 694/6357 706/6365
f 740/6354 706/6365 787/6375
f 701/6364 781/6370 787/6375
f 701/6364 787/6375 706/6365
f 5580/5889 5544/5882 5499/5881
f 5580/5889 5499/5881 5388/5889
f 5388/5889 5499/5881 5460/5886
f 5388/5889 5460/5886 5380/5889
f 5380/5846 5460/5846 5413/5837
f 5380/5846 5413/5837 5058/5826
f 5362/5835 5047/5826 5058/5826
f 5362/5835 5058/5826 5413/5837
f 5580/5986 5388/5986 5499/5981
f 5580/5986 5499/5981 5544/5983
f 5388/5986 5380/5986 5460/5984
f 5388/5986 5460/5984 5499/5981
f 5380/6066 5058/6058 5413/6064
f 5380/6066 5413/6064 5460/6066
f 5413/6064 5058/6058 5047/6058
f 5413/6064 5047/6058 5362/6062
f 5580/5986 5544/5983 5513/5982
f 5580/5986 5513/5982 5502/5985
f 5502/5985 5513/5982 5498/5980
f 5355/6063 5011/6057 5425/6065
f 5362/6062 5047/6058 5011/6057
f 5362/6062 5011/6057 5355/6063
f 5378/5842 5160/5828 5204/5829
f 5378/5842 5204/5829 5382/5843
f 5047/5826 5362/5835 5373/5834
f 5047/5826 5373/5834 5273/5832
f 5273/5832 5373/5834 5374/5838
f 5544/5882 5580/5889 5533/5879
f 5533/5879 5580/5889 5566/5888
f 5533/5879 5566/5888 5534/5880
f 5553/5957 5502/5950 5501/5947
f 5553/5957 5501/5947 5517/5948
f 5502/5950 5498/5945 5501/5947
f 5425/5978 5011/5974 5352/5975
f 5352/5975 5011/5974 4428/5971
f 5352/5975 4428/5971 5357/5976
f 5417/5847 5198/5828 5440/5844
f 5417/5847 5440/5844 5482/5847
f 5198/5828 5160/5828 5396/5840
f 5198/5828 5396/5840 5440/5844
f 5160/5828 5378/5842 5396/5840
f 5382/5843 5204/5829 5419/5841
f 5204/5829 5273/5832 5393/5836
f 5204/5829 5393/5836 5419/5841
f 5273/5832 5374/5838 5393/5836
f 5534/5880 5566/5888 5552/5885
f 5566/5888 5525/5887 5549/5884
f 5566/5888 5549/5884 5552/5885
f 5549/5884 5525/5887 5417/5887
f 5549/5884 5417/5887 5547/5883
f 5553/5957 5517/5948 5476/5946
f 5553/5957 5476/5946 5405/5957
f 5405/5957 5476/5946 5457/5949
f 5405/5957 5457/5949 5346/5957
f 5346/5979 5457/5979 5385/5977
f 5346/5979 5385/5977 4431/5971
f 5357/5976 4428/5971 4431/5971
f 5357/5976 4431/5971 5385/5977
f 5334/3152 5431/3174 5439/3172
f 5620/3216 5621/3217 5619/3215
f 5621/3194 5620/3195 5618/3193
f 5621/3194 5618/3193 5625/3192
f 5630/3187 5625/3192 5615/3198
f 5630/3187 5615/3198 5614/3199
f 5625/3192 5618/3193 5615/3198
f 5431/3174 5334/3152 5435/3169
f 5435/3169 5334/3152 5217/3144
f 5435/3169 5217/3144 5403/3166
f 5477/3136 5429/3138 4155/3255
f 5477/3136 4155/3255 5441/3140
f 5429/3377 5477/3376 5591/3365
f 5429/3377 5591/3365 5626/3364
f 5626/3382 5591/3388 5587/3393
f 5626/3382 5587/3393 5603/3383
f 5590/3387 5603/3383 5587/3393
f 5603/3383 5590/3387 5569/3394
f 5603/3383 5569/3394 5494/3383
f 5494/3383 5569/3394 5526/3398
f 5494/3383 5526/3398 5443/3398
f 5443/3143 5526/3143 5475/3148
f 5443/3143 5475/3148 5271/3181
f 5271/3181 5475/3148 5399/3155
f 5271/3181 5399/3155 5280/3181
f 5411/3163 5280/3181 5399/3155
f 5436/3158 4193/3267 5280/3181
f 5436/3158 5280/3181 5411/3163
f 4193/3267 5436/3158 5434/3157
f 4193/3267 5434/3157 4161/3271
f 5441/3156 4155/3273 4161/3271
f 5441/3156 4161/3271 5434/3157
f 5516/3175 5271/3146 5424/3173
f 5516/3175 5424/3173 5448/3175
f 5271/3146 5280/3146 5406/3168
f 5271/3146 5406/3168 5424/3173
f 5280/3146 4687/3124 5409/3170
f 5280/3146 5409/3170 5406/3168
f 4687/3124 5315/3149 5408/3167
f 4687/3124 5408/3167 5409/3170
f 5315/3149 5334/3152 5418/3171
f 5315/3149 5418/3171 5408/3167
f 5334/3152 5439/3172 5418/3171
f 5526/3179 5443/3175 5437/3175
f 5443/3202 5526/3202 5542/3208
f 5443/3202 5542/3208 5480/3217
f 5619/3215 5621/3217 5480/3217
f 5619/3215 5480/3217 5542/3208
f 5630/3187 5614/3199 5599/3200
f 5630/3187 5599/3200 5488/3187
f 5488/3187 5599/3200 5565/3201
f 5488/3187 5565/3201 5471/3201
f 5522/3209 5471/3210 5565/3210
f 5471/3182 5522/3182 5468/3177
f 5471/3182 5468/3177 5240/3144
f 5403/3166 5217/3144 5240/3144
f 5403/3166 5240/3144 5468/3177
f 5539/552 6938/721 6944/729
f 5539/552 6944/729 6739/729
f 6828/718 6940/722 6938/721
f 6828/718 6938/721 5539/552
f 6842/220 6250/292 6958/218
f 6842/220 6958/218 6963/217
f 6958/218 6250/292 6872/210
f 6958/218 6872/210 6957/209
f 6942/227 6798/227 6639/178
f 6942/227 6639/178 6949/225
f 6639/178 6864/221 6946/224
f 6639/178 6946/224 6949/225
f 6864/1611 6553/1635 6947/1609
f 6864/1611 6947/1609 6946/1610
f 6553/1635 6834/1465 6945/1608
f 6553/1635 6945/1608 6947/1609
f 6834/1465 6872/1458 6943/1607
f 6834/1465 6943/1607 6945/1608
f 6872/210 6250/292 6937/216
f 6872/210 6937/216 6943/211
f 6937/216 6250/292 5725/345
f 6939/268 6172/212 6797/261
f 6829/7508 5427/7602 6936/7503
f 6829/7508 6936/7503 6941/7502
f 5427/7602 6859/7491 6935/7490
f 5427/7602 6935/7490 6936/7503
f 6740/7996 6948/7994 6712/7908
f 6935/7997 6859/7998 6712/7908
f 6935/7997 6712/7908 6948/7994
f 6809/8236 6964/8236 6963/8233
f 6809/8236 6963/8233 6842/8231
f 6957/8237 6872/8238 6842/8231
f 6957/8237 6842/8231 6963/8233
f 471/1688 222/1643 85/1619
f 198/1683 102/1642 62/1638
f 198/1683 62/1638 166/1666
f 30/1751 166/1726 62/1735
f 85/1619 222/1643 166/1631
f 85/1619 166/1631 30/1614
f 222/1181 471/1157 472/1158
f 222/1181 472/1158 198/1186
f 198/1186 472/1158 591/1154
f 198/1186 591/1154 1223/1162
f 1223/1159 595/1209 522/1215
f 1223/1159 522/1215 432/1233
f 102/1642 198/1683 202/1683
f 1331/711 1481/673 635/824
f 1538/1597 1481/1594 1331/1586
f 1481/1594 1538/1597 1578/1600
f 1481/1594 1578/1600 1531/1596
f 1628/1606 1531/1596 1578/1600
f 1531/1596 1628/1606 2403/1674
f 1531/1596 2403/1674 2413/1675
f 2400/1673 2413/1675 2403/1674
f 115/433 80/434 76/435
f 115/433 76/435 95/433
f 95/433 76/435 79/431
f 95/433 79/431 100/423
f 1531/1255 100/1095 105/1094
f 1531/1255 105/1094 339/1132
f 100/423 79/431 105/424
f 80/434 115/433 147/436
f 147/436 115/433 143/433
f 2434/1675 2413/1675 2443/1672
f 2434/1675 2443/1672 2452/1671
f 2413/1675 2400/1673 2443/1672
f 465/3212 516/3213 531/3214
f 534/3218 563/3223 531/3214
f 534/3218 531/3214 516/3213
f 2048/2217 2250/2244 2215/2217
f 2141/2248 1996/2248 2215/2217
f 2141/2248 2215/2217 2250/2244
f 174/2172 69/2169 5/2184
f 174/2172 5/2184 10/2186
f 174/2172 10/2186 135/2176
f 1725/2282 2177/2254 2192/2252
f 2200/2256 2192/2252 2177/2254
f 2176/2255 2192/2252 2200/2256
f 2027/2253 2025/2252 2192/2252
f 2027/2253 2192/2252 2176/2255
f 245/3309 246/3305 397/3280
f 245/3309 397/3280 396/3281
f 397/3280 246/3305 306/3304
f 397/3280 306/3304 404/3278
f 176/3372 193/3351 216/3336
f 176/3372 216/3336 215/3340
f 193/3351 245/3309 219/3335
f 193/3351 219/3335 216/3336
f 245/3309 396/3281 219/3335
f 404/3278 306/3304 430/3276
f 306/3304 450/3277 439/3275
f 306/3304 439/3275 430/3276
f 450/2849 368/2855 436/2853
f 450/2849 436/2853 439/2850
f 436/2853 368/2855 345/2861
f 520/2783 557/2801 556/2800
f 520/2783 556/2800 503/2770
f 441/2748 503/2770 415/2752
f 441/2748 415/2752 412/2749
f 503/2770 556/2800 415/2752
f 562/2806 582/2816 572/2818
f 557/2801 520/2783 582/2816
f 557/2801 582/2816 562/2806
f 441/2524 412/2525 410/2517
f 441/2524 410/2517 374/2508
f 411/2509 374/2508 410/2517
f 287/2489 374/2504 411/2507
f 374/2504 287/2489 286/2486
f 374/2504 286/2486 308/2485
f 308/2889 286/2890 284/2885
f 308/2889 284/2885 276/2875
f 280/2859 276/2875 284/2886
f 276/2875 280/2859 278/2858
f 276/2875 278/2858 274/2857
f 274/2879 278/2880 281/2878
f 274/2879 281/2878 304/2874
f 304/2874 281/2878 282/2877
f 304/2874 282/2877 334/2864
f 343/2865 334/2864 282/2877
f 345/2861 368/2855 334/2864
f 345/2861 334/2864 343/2865
f 176/3372 215/3340 201/3347
f 176/3372 201/3347 43/3436
f 197/3352 43/3436 201/3347
f 144/3403 43/3436 197/3352
f 43/3436 144/3403 47/3435
f 572/2818 582/2816 632/2817
f 632/2817 582/2816 643/2816
f 610/2167 637/2171 564/2161
f 564/2304 637/2292 583/2305
f 583/3012 835/2941 679/2975
f 583/3012 679/2975 571/3013
f 43/3436 47/3435 53/3434
f 43/3436 53/3434 139/3436
f 139/3436 53/3434 122/3433
f 1963/704 1779/668 1792/674
f 1792/674 1779/668 1757/661
f 1792/674 1757/661 1422/590
f 1792/674 1422/590 1437/591
f 1824/26 1863/4 1859/3
f 1863/4 1824/26 1808/35
f 1536/582 1553/595 1544/586
f 1859/3 1863/4 1852/4
f 1859/3 1852/4 1849/2
f 1863/4 1808/35 1795/45
f 1863/4 1795/45 1805/40
f 1789/47 1805/40 1795/45
f 1290/957 1453/949 1458/942
f 1463/943 1458/942 1453/949
f 1470/944 1458/942 1463/943
f 1458/942 1470/944 1558/945
f 1458/942 1558/945 1564/942
f 4371/3719 4292/3731 4217/3740
f 4167/3871 4158/3881 4088/3888
f 4167/3871 4088/3888 4085/3875
f 4085/3750 4091/3754 4218/3757
f 4085/3750 4218/3757 4227/3759
f 3393/3764 3391/3765 3395/3763
f 3393/3764 3395/3763 3401/3760
f 3415/3758 3401/3760 3395/3763
f 3434/3756 3401/3760 3415/3758
f 3401/3760 3434/3756 3550/3743
f 3401/3760 3550/3743 3567/3742
f 3577/3745 3567/3742 3550/3743
f 3588/3742 3567/3742 3548/3746
f 3588/3742 3548/3746 3562/3744
f 3567/3742 3577/3745 3548/3746
f 3583/3577 3592/3580 3614/3578
f 3614/3578 3592/3580 3879/3580
f 3614/3578 3879/3580 3829/3579
f 4278/3916 4280/3917 4188/3922
f 4889/3550 4053/3562 4012/3569
f 4044/3563 4012/3569 4053/3562
f 4034/3565 4012/3569 4044/3563
f 4012/3569 4034/3565 3998/3585
f 4012/3569 3998/3585 3592/3600
f 3583/3599 3592/3600 3998/3585
f 3552/3598 3592/3600 3583/3599
f 3592/3600 3552/3598 3472/3597
f 3588/3964 3576/3963 3560/3962
f 3588/3964 3560/3962 3567/3964
f 4188/3922 4280/3917 3567/3964
f 4188/3922 3567/3964 3560/3962
f 4013/3483 4006/3485 3996/3488
f 4006/3485 4013/3483 4032/3479
f 3566/3497 3528/3498 3531/3497
f 3526/3499 3531/3497 3528/3498
f 3531/3497 3526/3499 3578/3500
f 3531/3497 3578/3500 3597/3497
f 3996/3488 4006/3485 3597/3497
f 3996/3488 3597/3497 3578/3500
f 4006/3485 4032/3479 4391/3448
f 4006/3485 4391/3448 4390/3447
f 4403/3977 4390/3975 4391/3974
f 4390/3975 4403/3977 4595/3994
f 4390/3975 4595/3994 4607/3996
f 2779/3892 2782/3907 2706/3891
f 2591/3808 2699/3811 2703/3812
f 3031/3937 2911/3960 2935/3959
f 2911/3960 3031/3937 3038/3935
f 3584/3800 3597/3797 3367/3810
f 3566/3927 3546/3929 3541/3921
f 3546/3936 3597/3944 3585/3924
f 3546/3936 3585/3924 3541/3926
f 3597/3797 3584/3800 3585/3799
f 3592/3580 3561/3576 3583/3577
f 2935/3814 2911/3848 1837/3859
f 2911/3960 3038/3935 3059/3930
f 2911/3960 3059/3930 2941/3956
f 3166/3854 2941/3864 3059/3858
f 3173/3853 2941/3864 3166/3854
f 2941/3864 3173/3853 3179/3851
f 2941/3864 3179/3851 2947/3863
f 2947/3863 3179/3851 3297/3823
f 2947/3863 3297/3823 3300/3820
f 3367/3810 3597/3797 3300/3820
f 3367/3810 3300/3820 3297/3823
f 2875/3110 2886/3097 2652/3096
f 4450/3123 4478/3121 4226/3139
f 4450/3123 4226/3139 4229/3137
f 3405/3071 3413/3081 3414/3082
f 3407/3070 3413/3081 3405/3071
f 3413/3081 3407/3070 3420/3065
f 3413/3081 3420/3065 3426/3078
f 3426/3078 3420/3065 3408/3060
f 3470/3089 3465/3090 3435/3091
f 3414/3082 3413/3081 3432/3089
f 3414/3082 3432/3089 3428/3087
f 3426/3078 3408/3060 3390/3039
f 2783/4164 2638/4251 2767/4186
f 2767/4247 2638/4182 2783/4266
f 4989/5386 4632/5303 4633/5312
f 4989/5386 4633/5312 4990/5387
f 4632/5303 4989/5386 4980/5384
f 4632/5303 4980/5384 4711/5340
f 4990/5387 4633/5312 4937/5388
f 4633/5312 4620/5311 4939/5389
f 4633/5312 4939/5389 4937/5388
f 4939/5389 4620/5311 5018/5395
f 4999/5719 5085/5737 4941/5721
f 5127/5743 4943/5722 5123/5742
f 4941/5721 5085/5737 5123/5742
f 4941/5721 5123/5742 4943/5722
f 6634/4306 6619/4307 6812/4291
f 6634/4306 6812/4291 6795/4293
f 5954/5177 5863/5169 6873/5220
f 5954/5177 6873/5220 6879/5222
f 6879/5222 6873/5220 6956/5220
f 6879/5222 6956/5220 6954/5221
f 4740/5625 4727/5624 4715/5623
f 5161/5661 5180/5663 4727/5624
f 5161/5661 4727/5624 4740/5625
f 4522/5616 4510/5613 4512/5612
f 4715/5623 4727/5624 4510/5613
f 4715/5623 4510/5613 4522/5616
f 5495/4829 5342/4827 5511/4827
f 4579/4179 4644/4183 4567/4180
f 4579/4179 4567/4180 4510/4175
f 4513/4166 4510/4175 4567/4180
f 4512/4931 4510/4927 4513/4926
f 5290/4809 5226/4772 5384/4826
f 5342/4827 5495/4829 5386/4828
f 4644/4183 4579/4179 4888/4225
f 5061/4918 4951/4918 4940/4917
f 5061/4918 4940/4917 4942/4916
f 4951/4918 5084/4846 4944/4912
f 4951/4918 4944/4912 4940/4917
f 4944/4912 5084/4846 5212/4818
f 5061/4918 4942/4916 5014/4915
f 4242/4391 4134/4408 4245/4390
f 4134/4289 4242/4228 4241/4234
f 4326/4566 4245/4452 4134/4340
f 4134/5492 4241/5557 4236/5556
f 4134/5492 4236/5556 4103/5490
f 4154/5017 4103/4985 4236/5013
f 4100/5019 4103/4985 4154/5017
f 4112/5024 4103/4985 4100/5019
f 4205/4985 4103/4985 4119/5023
f 4205/4985 4119/5023 4206/5016
f 4103/4985 4112/5024 4119/5023
f 6715/5052 6845/4993 6843/4991
f 2892/4138 2936/4154 2883/4130
f 2936/4154 2892/4138 3306/4231
f 2844/4119 2892/4138 2866/4129
f 2892/4138 2883/4130 2866/4129
f 2778/4089 2812/4108 2801/4099
f 2812/4108 2844/4119 2819/4111
f 2812/4108 2819/4111 2801/4099
f 1934/5308 1930/5337 1958/5337
f 1934/5308 1958/5337 1959/5305
f 6843/4991 6845/4993 6747/4992
f 6843/4991 6747/4992 6727/4991
f 5765/5281 5715/5279 5814/5278
f 5820/5258 5634/5166 5785/5219
f 5820/5258 5785/5219 5815/5235
f 3660/5534 3668/5536 3691/5535
f 3660/5534 3691/5535 3684/5534
f 5820/5281 5815/5277 5848/5286
f 5820/5281 5848/5286 6107/5398
f 2778/5695 2569/5724 2560/5729
f 2561/5727 2560/5729 2569/5724
f 2558/5728 2560/5729 2561/5727
f 2505/5726 2497/5729 2560/5729
f 2505/5726 2560/5729 2558/5728
f 5765/5258 5814/5236 5715/5237
f 3684/5534 3591/5527 3606/5526
f 3535/5522 3606/5526 3591/5527
f 3606/5526 3535/5522 3501/5520
f 3606/5526 3501/5520 3455/5513
f 3458/4946 3457/4944 3460/4956
f 3458/4946 3460/4956 3461/4954
f 3488/4944 3457/4944 3463/4947
f 3488/4944 3463/4947 3485/4945
f 3556/4215 3655/4219 3684/4239
f 6702/7429 6813/7420 6811/7419
f 6228/2095 6264/2098 6317/2099
f 6317/2099 6264/2098 6278/2097
f 6317/2099 6278/2097 6393/2099
f 6393/2099 6278/2097 6420/2096
f 2596/1993 2738/1995 2753/1993
f 2753/1993 2738/1995 2747/1994
f 2145/1928 2967/1909 3017/1903
f 2145/1928 3017/1903 2926/1912
f 2967/2043 3171/2026 3017/2036
f 3171/1830 2967/1854 3249/1820
f 3249/1820 2967/1854 2999/1845
f 3249/1820 2999/1845 3264/1817
f 2145/1928 2926/1912 2930/1911
f 2145/1928 2930/1911 1937/1929
f 1955/1931 1937/1929 2930/1911
f 1948/1933 1937/1929 1955/1931
f 1945/1932 1937/1929 1948/1933
f 1926/1930 1920/1929 1937/1929
f 1926/1930 1937/1929 1945/1932
f 5610/1970 5256/1979 5624/1969
f 5624/1969 5256/1979 6766/1953
f 5624/1969 6766/1953 6451/1954
f 5256/1979 5610/1970 5575/1971
f 5256/1979 5575/1971 5210/1980
f 5210/1980 5575/1971 5175/1981
f 6451/1954 6766/1953 6789/1952
f 6766/1953 6900/1940 6910/1942
f 6766/1953 6910/1942 6789/1952
f 6900/1940 6973/1940 6970/1941
f 6900/1940 6970/1941 6910/1942
f 6969/1991 6960/1990 6950/1996
f 6955/1989 6960/1990 6969/1991
f 6960/1990 6955/1988 6966/1985
f 6960/1990 6966/1985 6971/1984
f 6967/1986 6971/1984 6966/1985
f 6972/1987 6976/1984 6971/1984
f 6972/1987 6971/1984 6967/1986
f 3778/1796 3763/1796 3698/1784
f 3778/1796 3698/1784 3712/1783
f 3763/1796 3748/1782 3698/1784
f 3264/1817 2999/1845 3296/1816
f 3296/1816 2999/1845 3778/1796
f 3296/1816 3778/1796 3712/1783
f 3778/1859 5210/1858 4276/1867
f 3778/1859 4276/1867 3712/1868
f 5210/1858 5175/1871 4276/1867
f 6734/2025 6738/2020 6833/2018
f 6734/2025 6833/2018 6847/2025
f 6840/2019 6847/2025 6833/2018
f 6844/2024 6847/2025 6840/2019
f 6852/1998 6847/1999 6844/2000
f 6950/1996 6960/1990 6847/1999
f 6950/1996 6847/1999 6852/1998
f 3763/1859 3778/1859 3766/1870
f 3763/1859 3766/1870 3748/1869
f 3778/1859 3712/1868 3766/1870
f 1946/2005 1924/2001 1932/2002
f 1924/2001 2298/2009 2269/2007
f 1924/2001 2269/2007 1932/2002
f 2269/2007 2298/2009 2286/2008
f 2298/2009 2559/2013 2538/2012
f 2298/2009 2538/2012 2286/2008
f 2735/1992 2753/1993 2747/1994
f 2572/1983 2559/1982 2753/1993
f 2572/1983 2753/1993 2735/1992
f 1910/2001 1924/2001 1927/2004
f 1910/2001 1927/2004 1914/2003
f 1924/2001 1946/2005 1927/2004
f 6978/2876 6965/2873 6861/2869
f 6978/2876 6861/2869 6853/2866
f 6846/2866 6853/2866 6860/2868
f 6846/2866 6860/2868 6854/2867
f 6853/2866 6861/2869 6860/2868
f 531/2518 350/2505 552/2479
f 18/3264 69/3269 174/3285
f 1393/517 1536/582 1544/586
f 1805/40 1789/47 1770/49
f 1805/40 1770/49 1710/58
f 1805/40 1710/58 1713/57
f 1690/791 1698/807 1701/808
f 1553/595 1536/582 1694/805
f 1553/595 1694/805 1686/784
f 1686/784 1694/805 1695/806
f 1686/784 1695/806 1687/785
f 1687/785 1695/806 1698/807
f 1687/785 1698/807 1690/791
f 4217/3505 4292/3496 4812/3480
f 4280/3917 4278/3916 4348/3913
f 4280/3917 4348/3913 4846/3900
f 4280/3917 4846/3900 4849/3901
f 2567/3895 2706/3891 2782/3907
f 2699/3811 2591/3808 2550/3798
f 2699/3811 2550/3798 2488/3780
f 2699/3811 2488/3780 2489/3781
f 2886/3097 2476/3069 2518/3086
f 2886/3097 2518/3086 2652/3096
f 6992/4781 6996/4781 6994/4785
f 6992/4781 6994/4785 6993/4784
f 6992/4781 6993/4784 6990/4783
f 6868/2383 6876/2337 6995/2323
f 6868/2383 6995/2323 7037/2364
f 7040/2312 7037/2364 6995/2323
f 7031/2883 7020/2882 6965/2873
f 7031/2883 6965/2873 6978/2876
