# LA_B120 - extracted from LA_Downtown_large_ctr_packed (original mesh frame, metres, Y up)
# faces 11252 vertices 8143
mtllib LA_B120.mtl
o LA_B120
v -165.384186 109.536201 50.149681
v -165.332718 109.555115 50.293301
v -165.247406 91.279175 50.201405
v -165.192688 109.511330 50.002060
v -165.191422 91.251862 50.189262
v -165.152466 76.767509 50.254269
v -165.142944 85.130920 50.313068
v -165.141220 109.530243 50.145679
v -165.135468 73.380829 50.361732
v -165.120697 100.423096 50.185883
v -165.115997 66.077446 50.485420
v -165.101929 90.760071 50.388206
v -165.094681 117.424232 50.076675
v -165.089493 71.176582 50.469318
v -165.089478 71.176582 50.469318
v -165.087433 91.290085 50.479450
v -165.087433 91.412491 50.297089
v -165.084946 87.495796 50.313309
v -165.078659 92.224068 50.181049
v -165.074387 120.210236 50.113865
v -165.070007 63.995609 50.410641
v -165.066986 108.579391 50.162037
v -165.065460 80.192413 50.436993
v -165.058807 118.856979 50.121952
v -165.057358 105.025352 50.132996
v -165.055908 91.254303 50.053783
v -165.055328 124.995308 50.052769
v -165.054886 101.148399 50.149052
v -165.053650 99.209930 50.157082
v -165.050385 117.241409 50.084885
v -165.047928 113.364464 50.100941
v -165.045990 73.011444 50.378319
v -165.045471 109.487518 50.116997
v -165.044022 95.655884 50.128040
v -165.032349 112.011208 50.109028
v -165.031113 110.072739 50.117058
v -165.029007 69.747169 50.303417
v -165.028992 69.747177 50.303421
v -165.028427 94.242043 50.226387
v -165.024948 100.380363 50.157200
v -165.024155 122.228210 50.159199
v -165.021973 82.027275 50.345993
v -165.021973 82.149689 50.163628
v -165.019485 78.110580 50.362217
v -165.019012 102.581154 50.194328
v -165.013275 116.796280 50.047932
v -165.009521 62.443790 50.427105
v -165.009521 62.443794 50.427105
v -165.004440 91.273216 50.197403
v -165.002487 74.723900 50.469681
v -164.997955 91.165527 50.131310
v -164.997955 91.287941 49.948944
v -164.997696 115.382439 50.146278
v -164.993790 97.673859 50.173378
v -164.988281 123.721550 50.114223
v -164.983017 67.542931 50.411003
v -164.980530 63.626232 50.427223
v -164.980530 63.871056 50.062500
v -164.978470 83.739731 50.437359
v -164.970001 106.598190 50.141384
v -164.951965 88.838867 50.421257
v -164.932480 81.657898 50.362579
v -164.917984 82.187912 50.453819
v -164.917984 82.310326 50.271454
v -164.908691 91.291077 50.078468
v -164.904048 55.135305 50.386358
v -164.903183 117.278183 50.109566
v -164.902718 55.135887 50.376300
v -164.898254 109.524284 50.141682
v -164.893967 91.326157 50.239132
v -164.879028 67.825974 50.336464
v -164.874481 84.022774 50.362820
v -164.859985 84.675201 50.271698
v -164.857224 91.309990 50.222088
v -164.853958 109.462639 49.969376
v -164.853958 109.583817 49.788864
v -164.852524 72.925110 50.320366
v -164.852524 73.047523 50.138000
v -164.830994 85.735229 50.454182
v -164.818323 55.157883 50.037964
v -164.799500 83.123383 50.288162
v -164.793368 55.160600 50.014759
v -164.789978 91.241959 50.711685
v -164.785047 55.161892 50.004423
v -164.760021 55.166756 49.973337
v -164.758209 109.541084 49.760181
v -164.754944 127.754326 49.417213
v -164.735153 127.805817 49.384670
v -164.710007 91.286171 50.337029
v -164.709427 125.511864 49.613960
v -164.706741 109.499413 49.994057
v -164.700500 91.239822 50.181179
v -164.700500 91.362236 49.998817
v -164.683075 63.822941 50.294731
v -164.662460 109.558937 49.641243
v -164.659058 72.961189 50.080048
v -164.659058 73.083603 49.897682
v -164.635040 82.221848 49.682999
v -164.613068 71.246597 49.458176
v -164.612228 112.001015 49.054783
v -164.610580 67.452316 49.292038
v -164.608322 94.292435 49.081886
v -164.606033 83.649117 49.318390
v -164.596512 91.155624 50.653732
v -164.593384 127.770462 50.344521
v -164.593170 116.786079 48.993687
v -164.585770 105.094650 49.132118
v -164.578873 127.801903 50.155647
v -164.577576 115.432831 49.001778
v -164.577148 91.343582 49.459087
v -164.576355 113.433769 49.100063
v -164.573883 109.496239 49.206375
v -164.569977 91.242386 50.045784
v -164.568161 123.771942 48.969723
v -164.559540 109.536186 50.018742
v -164.558517 120.157310 49.030937
v -164.552582 69.817192 49.292278
v -164.549896 106.587997 49.087139
v -164.542938 118.804054 49.039024
v -164.539017 100.429031 50.058945
v -164.532867 91.281937 49.286781
v -164.531052 82.137657 50.155548
v -164.521768 55.158137 50.270335
v -164.508286 122.235870 48.986015
v -164.504105 63.696247 49.416084
v -164.493949 55.161790 50.235810
v -164.493222 55.158564 50.283863
v -164.473053 85.114601 49.243977
v -164.465625 55.166056 50.209358
v -164.463776 109.493454 49.990059
v -164.432831 118.680107 50.003220
v -164.428589 127.798264 49.689045
v -164.426666 109.533005 49.231056
v -164.419571 137.557602 49.664486
v -164.409058 127.725609 49.790714
v -164.409058 127.846786 49.610199
v -164.406158 100.425858 49.271263
v -164.403046 91.314117 50.231052
v -164.401871 127.806168 50.106640
v -164.400131 63.856880 49.523911
v -164.398010 137.545105 50.120255
v -164.388550 118.618462 49.830917
v -164.388123 67.446693 50.875477
v -164.388123 67.446701 50.875477
v -164.385651 91.258125 49.401722
v -164.383575 83.765907 50.719467
v -164.376099 72.995125 49.309223
v -164.375214 109.551926 49.374680
v -164.357071 88.865051 50.703365
v -164.352081 82.133377 49.094536
v -164.339645 62.305061 49.540375
v -164.337585 82.173729 49.915234
v -164.336568 55.132949 50.830938
v -164.320602 78.174980 50.934513
v -164.306122 127.763443 50.077957
v -164.299072 91.229927 50.703606
v -164.292358 94.244141 50.620571
v -164.291122 92.305672 50.628601
v -164.289886 91.275978 49.282784
v -164.288086 122.230316 50.553387
v -164.282928 102.583260 50.588516
v -164.281647 63.813046 50.817162
v -164.279449 108.660995 50.609589
v -164.279449 109.569778 49.255741
v -164.275804 55.131792 50.880561
v -164.272125 73.155762 49.417049
v -164.269821 105.106949 50.580547
v -164.267776 125.319252 50.139294
v -164.267349 101.230003 50.596603
v -164.260117 76.745575 50.768616
v -164.257935 109.569115 50.564548
v -164.256561 137.553574 49.971222
v -164.256470 95.676895 50.665848
v -164.252197 123.723656 50.508408
v -164.250595 85.108978 50.827412
v -164.244812 112.032227 50.646835
v -164.233932 106.600288 50.535568
v -164.233612 81.722298 50.934875
v -164.226974 118.755768 50.577709
v -164.225739 116.817291 50.585739
v -164.224091 91.187424 49.352402
v -164.223648 66.177917 50.817402
v -164.223648 66.177925 50.817402
v -164.221161 62.261223 50.833626
v -164.216904 91.354820 50.644955
v -164.214127 74.663742 50.693832
v -164.210373 127.781296 49.959023
v -164.209579 90.860542 50.720188
v -164.209579 91.227783 50.173100
v -164.206665 63.892956 49.283592
v -164.197144 71.277061 50.801300
v -164.191101 120.249107 50.532730
v -164.188629 117.280945 49.194942
v -164.168137 73.071564 49.889603
v -164.151733 127.820190 50.508827
v -164.148666 66.135422 49.466198
v -164.132233 109.545967 49.370682
v -164.129623 82.250168 50.495613
v -164.117889 109.525330 50.273304
v -164.111725 100.438812 49.410885
v -164.107452 127.819130 50.246262
v -164.106812 127.814201 50.009182
v -164.105606 91.388420 50.280926
v -164.102676 63.931175 49.573784
v -164.099045 126.506485 49.757912
v -164.097382 100.418182 50.313507
v -164.090942 130.438660 49.682156
v -164.088181 63.849121 50.576843
v -164.078659 72.947014 49.541458
v -164.070343 127.798096 49.577518
v -164.063156 127.757484 50.073959
v -164.030624 91.345917 48.929722
v -164.016113 91.263863 49.932785
v -163.991180 118.669250 50.257786
v -163.988281 91.308914 49.828590
v -163.985016 109.522148 49.485622
v -163.981110 91.268295 50.325027
v -163.977966 109.244858 49.023048
v -163.974670 72.985229 49.831650
v -163.970673 109.562103 50.297989
v -163.969589 117.245689 48.112514
v -163.967407 127.775345 49.955021
v -163.963501 109.521492 50.794426
v -163.963409 127.722061 48.631081
v -163.961243 118.628242 49.182854
v -163.961212 124.923569 47.683102
v -163.954269 91.304741 50.938725
v -163.948471 125.497322 47.602970
v -163.944000 91.307854 49.566029
v -163.939713 109.566643 50.867504
v -163.937897 127.793045 50.074547
v -163.933136 100.417595 49.146194
v -163.931335 117.244514 50.438091
v -163.928772 92.236946 51.099205
v -163.926956 109.925087 51.108116
v -163.926956 110.032745 50.947742
v -163.923126 127.834869 49.602203
v -163.918579 117.495316 50.839077
v -163.915939 127.794258 50.098640
v -163.912140 91.179672 50.405334
v -163.912033 109.540405 50.938049
v -163.910217 126.142059 48.966305
v -163.908768 127.814232 50.504826
v -163.907639 100.488571 50.589661
v -163.901077 91.339523 48.868347
v -163.899261 109.135323 48.716888
v -163.899261 109.242973 48.556511
v -163.899261 109.565933 48.075394
v -163.897461 124.993378 51.452145
v -163.897461 125.208687 51.131397
v -163.897461 125.423988 50.810654
v -163.897461 126.608162 49.046543
v -163.893082 118.750473 50.518436
v -163.886520 109.601425 48.797127
v -163.884720 125.567131 51.372009
v -163.878143 117.279305 48.367714
v -163.875580 91.302856 50.472191
v -163.871964 127.648026 49.046650
v -163.870697 73.023445 50.121841
v -163.865387 117.422447 48.929073
v -163.865387 117.530098 48.768700
v -163.861023 109.564758 50.400967
v -163.859207 127.791168 49.608009
v -163.857025 124.992676 48.660034
v -163.857025 125.423279 48.018539
v -163.854446 100.415710 48.679657
v -163.854446 100.523361 48.519283
v -163.848267 109.600250 51.122700
v -163.848267 109.923210 50.641582
v -163.846466 127.826660 50.329742
v -163.844269 125.566422 48.579903
v -163.839890 117.170471 50.853661
v -163.839890 117.278130 50.693287
v -163.839890 118.677605 48.608433
v -163.831528 124.848351 50.424252
v -163.822647 91.299942 49.692467
v -163.822388 91.337646 48.401814
v -163.820572 109.133438 48.250351
v -163.818771 124.991501 50.985607
v -163.818771 125.314453 50.504486
v -163.816193 100.414536 51.005230
v -163.814392 118.640945 50.212273
v -163.809631 91.265488 49.283920
v -163.807877 109.517914 48.435375
v -163.807831 109.491890 48.490963
v -163.807831 109.599541 48.330589
v -163.806015 126.103516 50.103607
v -163.806015 126.534119 49.462112
v -163.803452 100.880630 51.085472
v -163.795639 127.818535 49.702648
v -163.795074 109.527382 49.212696
v -163.795074 109.635033 49.052322
v -163.793274 126.569618 50.183849
v -163.786697 117.312912 48.622913
v -163.778336 124.990791 48.193501
v -163.775757 100.413826 48.213120
v -163.773956 117.456055 49.184273
v -163.771683 82.119194 48.555950
v -163.768738 127.770439 50.213581
v -163.767761 127.717125 50.023582
v -163.765579 125.349236 48.434113
v -163.765579 125.456894 48.273739
v -163.763000 100.449318 48.934856
v -163.757187 82.159554 49.376648
v -163.752823 125.492386 48.995472
v -163.746892 55.352743 48.491486
v -163.746809 55.351584 48.502146
v -163.740847 55.350324 48.518822
v -163.733170 91.297798 49.161961
v -163.732607 55.255561 49.494420
v -163.725708 78.078751 51.398987
v -163.715744 63.880920 49.275513
v -163.706833 55.131516 51.149092
v -163.704163 91.256104 50.985714
v -163.704163 91.378517 50.803352
v -163.700607 73.056000 51.077400
v -163.699219 122.377396 50.652119
v -163.698746 91.341782 51.086609
v -163.697769 109.515137 49.219059
v -163.696747 118.803375 50.216896
v -163.693832 63.931698 48.800552
v -163.691956 82.106194 48.975555
v -163.691956 82.217484 48.809765
v -163.691727 73.019165 49.060825
v -163.690811 120.398315 51.156586
v -163.690598 108.444565 51.249859
v -163.689240 67.511093 51.447773
v -163.687439 73.426559 51.326141
v -163.687439 73.537849 51.160351
v -163.686752 63.839222 51.099270
v -163.686752 63.839226 51.099270
v -163.686752 63.961636 50.916904
v -163.684860 125.022530 47.583462
v -163.684433 100.448593 48.762825
v -163.680954 105.193451 50.769535
v -163.680649 64.302261 49.049297
v -163.680649 64.413551 48.883507
v -163.680161 127.828911 49.598202
v -163.679504 91.361816 50.780579
v -163.677689 125.163673 47.809132
v -163.677231 72.569870 50.610977
v -163.677231 73.059525 49.881523
v -163.673782 105.213425 51.175720
v -163.672760 115.471039 50.729450
v -163.672333 91.321205 51.277016
v -163.671753 125.365143 50.824722
v -163.671753 126.516266 49.109852
v -163.671097 91.321472 48.396843
v -163.667709 82.157410 48.846138
v -163.667709 82.279831 48.663776
v -163.667465 63.893791 50.458584
v -163.665588 115.430428 51.225891
v -163.665588 117.308578 48.427944
v -163.665222 76.771759 51.050724
v -163.664566 125.203362 51.501675
v -163.664566 125.445702 51.140648
v -163.664566 125.506287 51.050392
v -163.663925 91.341446 48.803024
v -163.663345 125.264206 48.531242
v -163.663345 125.445961 48.260475
v -163.662872 137.538986 50.270870
v -163.661896 109.978523 50.708439
v -163.660660 109.554688 48.460060
v -163.658188 88.807037 51.458027
v -163.657394 125.405090 51.637089
v -163.657394 126.556213 49.922218
v -163.656937 91.229767 48.365952
v -163.656677 127.803131 50.311195
v -163.656143 137.234589 50.259937
v -163.655960 127.803291 48.609375
v -163.655731 100.407318 50.568069
v -163.655655 130.439987 49.064159
v -163.654358 55.309355 48.979348
v -163.654282 63.819191 51.370499
v -163.654282 63.930481 51.204704
v -163.652420 82.104980 51.379707
v -163.652420 82.216263 51.213917
v -163.651184 137.085449 49.038105
v -163.650223 126.515602 50.418659
v -163.649963 127.803017 49.846954
v -163.649796 137.377579 50.433285
v -163.649658 130.439713 50.301743
v -163.649292 129.974411 50.144123
v -163.648926 130.439865 48.599922
v -163.648224 73.140244 51.522915
v -163.648209 128.256317 50.151237
v -163.647902 55.308192 48.997173
v -163.647171 129.962418 50.290791
v -163.646942 137.544724 48.611481
v -163.645630 72.980675 49.102859
v -163.645630 73.091965 48.937069
v -163.645294 118.701126 50.541031
v -163.644699 129.986298 49.533215
v -163.644455 137.067429 48.600529
v -163.643753 91.377747 48.946281
v -163.643753 91.489037 48.780487
v -163.643753 91.711617 48.448906
v -163.643692 91.418076 48.449089
v -163.643433 137.538483 50.579971
v -163.642317 55.311680 48.964393
v -163.641113 127.790901 49.529381
v -163.640579 122.416290 51.201923
v -163.640152 100.447533 48.500263
v -163.640091 130.105560 48.762318
v -163.639496 91.297211 49.072582
v -163.638702 81.626068 51.399349
v -163.638092 137.228333 48.747215
v -163.637970 129.986176 49.068977
v -163.637695 109.523621 48.279625
v -163.637695 109.631271 48.119251
v -163.637238 127.802628 50.620293
v -163.636703 137.234070 50.569035
v -163.636215 78.076607 50.868481
v -163.636215 130.117294 49.853233
v -163.635223 91.300171 50.608273
v -163.635117 128.112808 50.286987
v -163.634628 124.980591 50.697514
v -163.634399 127.790787 49.065140
v -163.634201 101.194275 50.703545
v -163.632965 99.195213 50.801830
v -163.631241 69.875969 51.448013
v -163.631241 69.875977 51.448013
v -163.630219 130.439209 50.610840
v -163.629700 118.620163 48.653732
v -163.628693 127.726654 49.922340
v -163.627457 125.000565 51.103699
v -163.627243 113.349747 50.745689
v -163.627029 101.153664 51.199982
v -163.626266 63.878777 48.745007
v -163.626266 64.001190 48.562645
v -163.626221 125.000832 48.223526
v -163.626221 125.424927 47.591732
v -163.625793 99.215187 51.208012
v -163.625381 137.550125 49.040581
v -163.624939 109.559113 49.001358
v -163.624786 109.472801 50.761745
v -163.624786 109.593971 50.581234
v -163.623489 130.134796 50.599907
v -163.623489 130.439087 50.146599
v -163.621521 127.746628 50.328522
v -163.621521 127.807213 50.238266
v -163.621307 117.246933 48.255638
v -163.621124 55.881172 48.927967
v -163.620285 124.959953 51.600140
v -163.620071 113.369728 51.151871
v -163.619263 72.608894 51.258270
v -163.619263 72.831474 50.926685
v -163.619263 72.942764 50.760891
v -163.619049 123.627335 50.705605
v -163.619049 124.960220 48.719963
v -163.617599 109.492775 51.167931
v -163.617401 90.894684 51.267479
v -163.617401 91.339836 50.604313
v -163.616364 109.493042 48.287754
v -163.614685 90.886726 51.002296
v -163.614334 127.766602 50.734707
v -163.614120 117.266907 48.661823
v -163.613998 91.260544 50.676422
v -163.613113 126.555153 49.659657
v -163.612473 63.818462 48.484047
v -163.611877 123.586723 51.202042
v -163.611877 125.464874 48.404099
v -163.611771 63.919136 49.565704
v -163.611755 62.572590 51.571701
v -163.611664 111.996490 50.753777
v -163.610611 82.104248 48.493259
v -163.610611 82.215538 48.327465
v -163.610382 127.821014 48.930134
v -163.609561 55.120120 51.333354
v -163.609544 55.120555 51.327605
v -163.609192 109.513016 48.693939
v -163.607742 94.287910 50.780876
v -163.606943 55.113018 51.426671
v -163.606724 55.121903 51.310831
v -163.606711 55.121476 51.316421
v -163.606079 73.090744 51.341217
v -163.605621 100.445557 48.001781
v -163.604477 112.016472 51.159958
v -163.603256 110.017410 51.258247
v -163.602249 73.017029 48.530319
v -163.602234 120.335609 50.721722
v -163.602020 108.442451 50.724735
v -163.600571 94.247299 51.277317
v -163.600189 91.171906 51.458267
v -163.599762 67.508957 50.917267
v -163.599442 109.522446 50.605198
v -163.599289 64.300316 48.566998
v -163.598755 127.806816 48.666897
v -163.597626 127.748848 49.812241
v -163.597260 63.714672 50.751125
v -163.595856 100.385887 48.327957
v -163.593826 118.659454 50.774910
v -163.593826 118.780624 50.594395
v -163.591583 127.766205 49.163338
v -163.587738 73.057381 49.351013
v -163.586105 64.337006 49.313118
v -163.582764 63.755028 51.571819
v -163.582764 63.755032 51.571823
v -163.579602 55.329449 48.851937
v -163.578217 82.032860 48.497997
v -163.572922 63.817245 50.888199
v -163.572922 63.928535 50.722404
v -163.571060 81.991737 51.063198
v -163.571060 82.103027 50.897408
v -163.571060 82.214317 50.731613
v -163.568695 88.804893 50.927521
v -163.564270 72.978729 48.620564
v -163.564270 73.090019 48.454769
v -163.563721 82.195633 49.136330
v -163.562408 91.153221 48.795567
v -163.562408 91.375801 48.463982
v -163.561234 76.687561 51.523277
v -163.560791 91.295326 48.606045
v -163.558746 73.138100 50.992409
v -163.551086 73.015419 49.366680
v -163.549225 81.501511 51.051205
v -163.546249 109.557228 48.534821
v -163.544434 127.783638 47.741863
v -163.541763 69.751419 51.099869
v -163.541763 69.751419 51.099873
v -163.539780 55.879223 48.445671
v -163.539703 91.333878 48.921642
v -163.537903 72.940819 50.278595
v -163.536158 55.156371 50.880888
v -163.529022 109.551239 50.552551
v -163.528406 55.159587 50.844735
v -163.526596 55.804626 49.357582
v -163.522825 55.156072 50.892108
v -163.522278 62.570450 51.041195
v -163.522278 63.916996 49.035194
v -163.520737 109.520561 50.138664
v -163.518936 127.746971 49.345703
v -163.516754 125.379082 47.756237
v -163.516068 82.138992 48.757080
v -163.514175 100.479164 48.256981
v -163.510712 90.802536 51.474854
v -163.507996 109.556053 50.860397
v -163.507160 55.388826 48.357180
v -163.506393 127.799492 49.844589
v -163.506180 127.782463 50.067440
v -163.504761 64.557640 48.499233
v -163.484967 55.104343 51.430668
v -163.461365 118.632233 50.671703
v -163.454803 109.590836 48.790020
v -163.436966 127.800308 50.500237
v -163.436966 127.800308 50.500240
v -163.435486 100.369629 47.950817
v -163.422745 137.229401 49.143532
v -163.422745 137.391083 48.902687
v -163.408234 129.981964 48.995075
v -163.408234 130.062805 48.874653
v -163.406723 91.330399 51.035587
v -163.403595 137.282715 50.227413
v -163.403595 137.282715 50.227417
v -163.400085 127.741333 49.015717
v -163.398666 129.766113 49.898285
v -163.398666 129.846954 49.777859
v -163.398666 130.493622 48.814480
v -163.394287 72.971046 49.293060
v -163.394012 137.471024 50.528511
v -163.389084 130.277771 49.717690
v -163.387451 127.772247 49.607979
v -163.382797 136.528015 48.672714
v -163.379517 130.142761 50.500477
v -163.379517 130.466095 50.018787
v -163.377869 127.798897 50.149921
v -163.377869 127.879730 50.029495
v -163.377869 127.879730 50.029499
v -163.376663 91.273842 48.626724
v -163.376099 109.588959 48.323483
v -163.375214 73.048218 49.148201
v -163.374298 127.707710 47.690899
v -163.369934 130.492752 50.560730
v -163.369919 118.665848 50.926899
v -163.366226 109.567642 48.599682
v -163.363647 137.227997 48.793217
v -163.354080 137.577988 48.853466
v -163.346985 91.296097 50.815445
v -163.346237 91.247543 48.863686
v -163.339569 129.764709 49.547966
v -163.339569 130.249710 48.825432
v -163.334930 137.227112 50.539463
v -163.334930 137.388779 50.298618
v -163.334930 137.469620 50.178196
v -163.334259 127.800194 49.971703
v -163.334183 127.819229 48.929512
v -163.330353 109.485756 50.901367
v -163.330002 130.438034 49.126526
v -163.328354 127.770828 49.257664
v -163.328354 127.851669 49.137238
v -163.327087 127.820168 50.377888
v -163.320419 129.979675 50.391006
v -163.319351 127.806839 49.849518
v -163.318787 127.797485 49.799606
v -163.317245 91.328262 50.505081
v -163.314758 109.586555 48.743305
v -163.313515 55.080927 51.579151
v -163.311966 91.325172 47.928169
v -163.310852 130.248825 50.571678
v -163.310852 130.491333 50.210411
v -163.304794 72.968910 48.762554
v -163.293854 72.934982 48.831696
v -163.293854 73.046272 48.665905
v -163.289322 91.271461 50.981773
v -163.285416 137.522385 49.165516
v -163.284668 109.622566 48.578682
v -163.282852 127.741318 47.946098
v -163.282852 127.848976 47.785725
v -163.269272 127.850250 48.786926
v -163.267487 73.008369 50.323933
v -163.261292 73.089989 51.224644
v -163.259155 109.478249 50.342896
v -163.254303 73.045059 51.070053
v -163.201401 127.736435 49.274277
v -163.197449 91.366798 48.938934
v -163.191345 127.815552 50.628971
v -163.184631 127.815430 50.164730
v -163.182510 127.803436 50.311398
v -163.171173 127.815201 49.236252
v -163.159775 73.191093 51.168079
v -163.140411 127.809250 51.248604
v -163.122360 127.765709 49.952961
v -163.116104 91.364853 48.456635
v -163.078430 72.966568 51.017365
v -163.063278 127.845131 49.482224
v -163.053696 127.790947 50.144585
v -163.050385 91.282860 48.132401
v -163.049057 137.516739 47.764248
v -163.048965 127.735207 51.664173
v -163.021271 127.699005 48.150330
v -163.021271 127.806656 47.989956
v -163.004181 127.843719 49.131905
v -162.964249 127.789001 47.697704
v -162.863892 127.695244 47.217258
v -162.825714 82.010918 47.468628
v -162.812531 82.158905 48.048954
v -162.800140 127.872704 50.825928
v -162.794830 72.959518 51.974617
v -162.788803 91.348198 48.176262
v -162.777512 91.171181 47.605141
v -162.772446 127.836510 47.312080
v -162.767822 127.757225 47.851059
v -162.708694 127.798660 51.241497
v -162.684845 73.031433 47.693958
v -162.681000 125.286461 51.416241
v -162.651688 63.869225 47.075142
v -162.649826 82.155014 47.084354
v -162.618942 73.103607 51.590347
v -162.602310 127.760582 47.261116
v -162.601624 91.315277 47.220871
v -162.546921 123.274429 46.808739
v -162.507095 91.238731 47.650482
v -162.473938 82.076523 47.031670
v -162.462631 63.938717 47.602783
v -162.429871 73.061806 52.283779
v -162.423416 114.122322 46.946468
v -162.396713 63.899593 51.664963
v -162.386200 127.747513 51.338219
v -162.379410 82.111267 47.295486
v -162.376785 123.306160 46.597401
v -162.340729 127.718262 47.465347
v -162.331207 91.160240 47.597794
v -162.327118 127.746101 50.987900
v -162.306320 127.799751 48.228973
v -162.274597 137.524307 51.437691
v -162.253983 73.094604 52.065300
v -162.251724 73.095085 46.774700
v -162.248871 127.797989 51.721466
v -162.210648 105.003357 52.457077
v -162.172638 72.981369 51.748791
v -162.159454 73.018059 52.494911
v -162.121124 127.902649 51.442352
v -162.029510 63.779793 47.015110
v -162.007660 68.081215 52.788445
v -162.002945 127.738152 50.982567
v -161.981308 73.051346 46.985832
v -161.970581 118.595535 52.042885
v -161.948151 63.889133 46.367020
v -161.946289 77.945908 52.676327
v -161.934509 127.744347 45.854401
v -161.934280 127.763390 51.174191
v -161.853622 63.812592 46.796631
v -161.843063 127.670303 46.269970
v -161.843063 127.670303 46.269974
v -161.843063 127.777954 46.109596
v -161.843063 127.777954 46.109600
v -161.807678 73.083664 52.057953
v -161.772263 63.810646 46.314331
v -161.755332 55.792446 45.934486
v -161.713245 55.727978 46.644350
v -161.710876 73.118889 47.031174
v -161.678349 55.806233 45.857343
v -161.671735 55.737948 46.587843
v -161.668549 121.136169 45.606045
v -161.658927 55.807776 45.852075
v -161.653919 55.741567 46.565712
v -161.645233 125.405136 45.912632
v -161.572723 109.544258 52.946205
v -161.572723 109.651909 52.785831
v -161.526108 123.357147 45.701080
v -161.516288 57.564435 54.601994
v -161.501269 57.234991 54.613894
v -161.499863 127.807144 45.963043
v -161.490036 127.769249 46.569027
v -161.490036 127.769257 46.569027
v -161.479252 57.532499 54.631337
v -161.453103 57.526412 54.652053
v -161.443015 57.439861 54.660045
v -161.442176 57.476852 54.660711
v -161.433670 57.496040 54.581398
v -161.431198 127.751549 46.275093
v -161.429552 57.464735 54.670712
v -161.425991 55.773751 46.294642
v -161.416508 55.813904 45.889460
v -161.402588 109.468338 52.895241
v -161.402588 109.575989 52.734867
v -161.396375 61.435306 54.696997
v -161.388260 137.503113 46.182945
v -161.370529 105.126976 45.560966
v -161.356800 55.784547 46.191515
v -161.355972 123.281219 45.650116
v -161.338455 95.941254 45.443497
v -161.338455 95.941261 45.443497
v -161.330308 55.792515 46.112621
v -161.311142 109.501945 53.150440
v -161.265741 55.855528 45.480142
v -161.249450 58.362467 54.813399
v -161.219507 55.844713 45.621630
v -161.206189 55.847588 45.598904
v -161.185105 55.868950 45.339701
v -161.181866 61.992040 54.866943
v -161.172302 73.030914 52.744038
v -161.168701 117.320847 44.906055
v -161.137917 62.456674 54.901763
v -161.130447 118.611496 45.307148
v -161.126450 127.687920 53.028252
v -161.098770 125.283371 53.042622
v -161.091948 55.880095 45.264322
v -161.062317 109.424141 52.632935
v -161.049561 109.567284 53.194298
v -160.958130 109.600891 53.449493
v -160.956314 127.719650 52.816910
v -160.954132 126.643593 49.302963
v -160.948212 82.223984 52.662075
v -160.928619 127.683449 49.303066
v -160.921814 127.846497 49.483139
v -160.918267 54.864732 55.075782
v -160.879425 109.491356 53.143333
v -160.862686 126.784851 49.397785
v -160.820541 72.985229 52.472870
v -160.790176 118.674957 44.884468
v -160.774200 62.301655 54.921265
v -160.760683 62.665348 55.200630
v -160.758484 125.239166 52.780319
v -160.734970 127.788071 49.094551
v -160.725403 127.733887 49.756916
v -160.718048 123.300720 52.874928
v -160.709290 109.523087 52.931992
v -160.709290 109.630737 52.771622
v -160.699273 55.897815 45.158369
v -160.694733 127.784988 52.860771
v -160.667953 127.812958 53.128983
v -160.667953 127.812958 53.128986
v -160.657206 62.704737 55.282610
v -160.625015 137.564514 53.036835
v -160.615149 55.910776 45.073266
v -160.599289 127.838196 53.320610
v -160.596725 123.298599 44.498600
v -160.586166 127.101456 44.724945
v -160.573410 127.782867 44.484440
v -160.539154 109.554810 52.720654
v -160.500259 129.156265 49.488911
v -160.494720 127.780983 44.017902
v -160.469894 127.781532 49.439533
v -160.457840 82.101501 44.643471
v -160.457840 82.212791 44.477680
v -160.436566 55.967662 44.450494
v -160.434967 109.623917 53.697586
v -160.428604 137.613571 53.069771
v -160.416031 127.133186 44.513607
v -160.413834 117.444939 53.829533
v -160.375580 125.517693 44.127098
v -160.371201 118.736526 43.995258
v -160.356262 109.514381 53.391422
v -160.336113 55.981634 44.319393
v -160.307922 59.435322 44.098835
v -160.300842 137.556564 53.031498
v -160.300842 137.556564 53.031502
v -160.295229 55.980253 44.268734
v -160.294739 59.472012 44.844955
v -160.233139 127.846321 44.061760
v -160.220001 100.613068 53.930138
v -160.216034 127.828827 52.964958
v -160.213394 59.358776 44.528450
v -160.201065 118.660599 43.944290
v -160.176117 58.021599 54.212700
v -160.138824 63.250519 54.115219
v -160.086319 123.286133 44.024956
v -160.083847 68.628387 44.016872
v -160.065593 55.957705 44.387357
v -160.052948 54.902813 55.486130
v -160.050247 127.698235 44.892902
v -160.050247 127.805893 44.732529
v -160.044296 63.841713 53.550083
v -160.029251 82.275475 54.139618
v -159.976379 127.743042 43.998493
v -159.959810 56.004857 43.858691
v -159.956161 59.389629 43.827671
v -159.932053 64.025406 43.813030
v -159.922745 127.191940 53.393227
v -159.909988 127.765694 53.313095
v -159.903427 54.862228 53.775414
v -159.899048 117.218102 43.441269
v -159.890671 125.218933 42.530735
v -159.884109 114.132141 43.696148
v -159.864777 137.439011 44.218391
v -159.860794 118.724060 43.521614
v -159.850708 63.800880 43.662315
v -159.839050 127.874352 44.261322
v -159.813416 68.584641 44.228004
v -159.811981 124.894096 42.545319
v -159.811981 124.894096 42.545322
v -159.803604 127.727615 49.332710
v -159.799225 125.360199 42.625561
v -159.765350 126.542259 53.422394
v -159.758789 119.007996 49.295483
v -159.750031 109.644112 42.777237
v -159.739853 127.797424 53.101753
v -159.720535 124.927704 42.800518
v -159.720535 125.035355 42.640144
v -159.714355 54.820435 54.468845
v -159.709595 100.385300 53.777241
v -159.661636 63.870373 44.189957
v -159.650223 117.247948 42.763393
v -159.603210 105.083923 42.740429
v -159.569717 127.721497 53.050789
v -159.529388 129.212891 53.195290
v -159.515167 137.591141 53.404079
v -159.448547 62.367316 56.240182
v -159.424316 91.230362 42.746529
v -159.412857 133.817307 49.473381
v -159.387421 137.534134 53.365810
v -159.363342 130.475006 53.518448
v -159.345825 133.923019 53.387394
v -159.332962 129.181122 53.348644
v -159.329254 126.532608 43.179916
v -159.329254 126.532608 43.179920
v -159.318314 109.525871 42.930500
v -159.309555 95.963539 42.666821
v -159.302597 127.806396 53.299263
v -159.294998 114.117790 42.755970
v -159.282639 127.857819 54.538116
v -159.271683 118.602058 42.741810
v -159.235580 130.417999 53.480179
v -159.228516 63.822735 43.436493
v -159.226868 109.559479 43.185699
v -159.194794 100.481415 42.907856
v -159.176483 130.416580 53.129860
v -159.173203 127.749733 49.418186
v -159.173203 127.749741 49.418186
v -159.162735 91.295700 42.790386
v -159.146378 127.676353 42.086578
v -159.110306 127.782364 49.369461
v -159.110306 127.782364 49.369465
v -159.109467 132.624008 53.912888
v -159.071289 91.329308 43.045586
v -159.027237 125.413063 42.195778
v -159.015747 91.264893 42.617619
v -158.992599 91.219772 42.739422
v -158.971268 63.964882 42.569920
v -158.970505 137.524933 43.227974
v -158.963486 127.851227 42.436604
v -158.954727 114.073593 42.493664
v -158.942368 127.705971 54.436184
v -158.914673 125.301422 54.450554
v -158.901154 91.361038 42.834248
v -158.876740 63.888336 42.999531
v -158.852325 137.117935 43.129456
v -158.842743 137.548767 43.069283
v -158.807907 109.621056 42.296486
v -158.774078 137.574005 43.260906
v -158.745316 91.332436 42.662960
v -158.732498 133.962906 43.282490
v -158.731018 91.177460 42.943653
v -158.729218 109.511520 41.990322
v -158.729202 109.511520 41.990326
v -158.701710 61.971408 56.831871
v -158.694199 127.845207 54.722794
v -158.690918 130.351791 43.304073
v -158.680786 127.771309 54.480042
v -158.669830 56.135859 56.857128
v -158.637787 54.833400 56.882514
v -158.619624 62.378624 56.896904
v -158.618439 91.388771 54.717316
v -158.583954 132.504517 42.652901
v -158.582382 96.016182 55.264511
v -158.572352 61.777888 56.934356
v -158.571091 127.762604 42.614155
v -158.561508 127.789253 43.156094
v -158.559067 109.543251 41.778984
v -158.546326 109.471092 42.661091
v -158.544525 127.697495 41.868134
v -158.544510 127.697495 41.868137
v -158.538147 63.805954 41.982246
v -158.524857 127.814667 49.287094
v -158.524857 127.814674 49.287094
v -158.511993 127.761192 42.263836
v -158.507355 127.786789 54.334206
v -158.502426 127.787842 42.805779
v -158.474899 91.177406 43.039883
v -158.474899 91.288696 42.874092
v -158.465820 118.760460 54.712593
v -158.464417 137.538345 54.242058
v -158.443329 127.786430 42.455460
v -158.438690 127.812027 54.525826
v -158.421005 118.653046 41.845490
v -158.419510 68.476479 42.231426
v -158.400391 137.457153 42.483734
v -158.395752 137.563583 54.433678
v -158.376190 109.610466 42.289379
v -158.314056 72.999023 41.900284
v -158.306000 127.756065 42.959133
v -158.288101 86.794823 55.489807
v -158.282928 127.762833 41.911991
v -158.282928 127.762833 41.911995
v -158.277176 91.282616 54.894836
v -158.261863 55.171094 57.180343
v -158.251846 127.834435 54.016823
v -158.248072 58.046473 57.191270
v -158.242279 127.861084 54.558762
v -158.241760 77.780594 55.451317
v -158.241364 54.932419 56.948982
v -158.229535 55.524809 57.205956
v -158.191498 127.796448 42.167191
v -158.186371 63.871555 41.545288
v -158.183182 127.859673 54.208450
v -158.162277 68.507332 41.530651
v -158.151352 62.311314 56.851723
v -158.146774 55.130310 57.188129
v -158.101288 91.426712 54.510567
v -158.100726 58.791381 57.308006
v -158.072266 66.760475 55.028336
v -158.067749 68.430786 41.960262
v -158.043640 72.955276 42.111416
v -158.043640 73.066566 41.945625
v -157.983475 130.091980 43.304352
v -157.957214 100.413933 55.192284
v -157.865494 60.412823 55.336842
v -157.855209 114.046776 41.079842
v -157.845520 59.783226 41.205917
v -157.810501 68.572929 41.093693
v -157.773224 73.022820 42.156754
v -157.772522 126.566185 43.202457
v -157.764175 59.224834 41.552578
v -157.740740 58.398254 57.593209
v -157.708389 109.594238 40.882668
v -157.706573 127.712990 40.250084
v -157.688431 55.119072 57.180584
v -157.610764 121.073090 40.213062
v -157.540436 113.393326 40.175941
v -157.496002 123.760872 43.180450
v -157.494263 55.190437 57.722450
v -157.494263 55.533310 57.211662
v -157.485443 127.671387 43.246426
v -157.477956 56.000874 57.801401
v -157.466125 109.515022 55.718216
v -157.446808 109.444267 41.247269
v -157.444992 127.670677 40.454311
v -157.434433 127.813354 46.133358
v -157.434052 100.329308 55.600746
v -157.431020 55.942586 57.838587
v -157.419586 82.137161 55.489746
v -157.399643 125.811447 56.966209
v -157.383652 55.949547 57.738052
v -157.364580 55.187240 57.891225
v -157.360123 127.702881 56.062565
v -157.342987 127.846962 46.388554
v -157.332428 124.975372 56.558052
v -157.332428 125.405983 55.916561
v -157.325867 125.515038 40.403137
v -157.319672 125.441475 56.638298
v -157.315887 125.465736 56.981735
v -157.244034 127.811111 40.375824
v -157.189987 127.734612 55.851227
v -157.183411 127.736015 40.498173
v -157.153305 77.718361 40.258263
v -157.149170 82.093414 55.700882
v -157.134827 125.384933 56.927494
v -157.125854 109.578476 55.295540
v -157.121246 125.880981 57.012886
v -157.106964 68.592842 40.385567
v -157.082870 73.006042 40.702515
v -157.081421 127.696991 46.753159
v -157.081421 127.804642 46.592785
v -157.079620 127.779518 46.468548
v -157.063904 104.986084 39.650482
v -157.013275 127.767738 40.286835
v -156.979401 125.289627 56.536369
v -156.936783 123.351646 51.513290
v -156.916855 127.828400 56.283665
v -156.911896 91.211884 56.530827
v -156.911270 127.836372 46.381447
v -156.906982 73.038841 40.484032
v -156.894424 132.166656 43.299534
v -156.883209 127.828575 46.501480
v -156.871994 127.774742 43.321037
v -156.871994 127.774750 43.321037
v -156.871964 82.162415 39.874428
v -156.866074 91.309753 56.292725
v -156.856430 125.454468 56.974171
v -156.851196 127.828400 40.562111
v -156.830399 117.285027 56.513824
v -156.825638 100.459503 39.868877
v -156.814545 127.772980 46.813530
v -156.812988 100.901222 57.080559
v -156.809265 125.106049 56.645775
v -156.808258 137.579956 40.469963
v -156.792145 127.726135 43.283176
v -156.787766 123.313324 39.623119
v -156.787384 90.769615 56.628059
v -156.776932 109.949905 56.965027
v -156.774628 91.235718 56.708298
v -156.772827 108.923859 56.717209
v -156.768021 117.777359 57.020058
v -156.765289 91.621399 57.040939
v -156.763367 110.445953 57.050423
v -156.746170 137.522949 56.153244
v -156.727997 100.204247 56.679977
v -156.717911 73.108330 41.011673
v -156.717819 125.354965 56.580223
v -156.695938 91.233833 56.241760
v -156.661804 125.869713 57.005325
v -156.660248 127.866692 40.585888
v -156.639130 125.030121 56.594807
v -156.638702 64.273308 57.150913
v -156.636566 72.995094 40.695168
v -156.636551 100.453156 56.614433
v -156.631912 100.820419 57.026321
v -156.626373 125.496223 56.675049
v -156.626373 127.756927 53.307205
v -156.589203 73.794899 57.120846
v -156.586960 117.696556 56.965816
v -156.584229 91.655167 56.816025
v -156.581573 60.677898 56.957756
v -156.575180 71.842110 56.996460
v -156.568817 117.350365 56.557686
v -156.568390 61.271038 56.874912
v -156.560135 91.277481 56.093872
v -156.553238 82.707352 57.175858
v -156.546951 91.314171 56.839989
v -156.533768 91.796021 56.922939
v -156.533600 127.819038 55.928009
v -156.531097 66.388664 56.943222
v -156.525803 90.834953 56.671917
v -156.517273 91.734100 57.060600
v -156.515656 63.421021 56.875130
v -156.513046 91.301056 56.752159
v -156.505661 73.450027 57.136330
v -156.500610 82.299942 56.801498
v -156.500610 82.299942 56.801502
v -156.498489 109.562950 56.680931
v -156.494034 55.165962 57.212059
v -156.480728 125.788910 56.951084
v -156.480244 60.934607 58.591848
v -156.480244 60.934609 58.591848
v -156.467468 73.026443 56.348480
v -156.466415 100.377235 56.563465
v -156.465591 91.200935 56.523483
v -156.456238 127.788651 53.095867
v -156.456146 54.888641 56.919594
v -156.440857 129.434494 43.387062
v -156.438736 109.491493 39.417877
v -156.425659 82.151466 39.867081
v -156.419800 109.561073 56.214397
v -156.414795 109.902870 56.685875
v -156.407944 64.160194 56.890320
v -156.398682 117.274437 56.506721
v -156.396988 125.443207 56.966606
v -156.385925 126.675690 43.275963
v -156.372620 82.626747 57.121750
v -156.371063 91.235680 56.787300
v -156.368347 55.204782 58.680500
v -156.360992 64.342682 57.197479
v -156.360031 109.597260 38.790970
v -156.357880 91.717529 56.870255
v -156.353531 100.889961 57.072998
v -156.329132 128.152573 57.052231
v -156.326599 63.824379 56.905396
v -156.324722 82.221451 56.748814
v -156.324722 82.221451 56.748817
v -156.322678 128.542496 44.011078
v -156.317490 109.938644 56.957466
v -156.311615 126.780525 52.884422
v -156.308578 117.766090 57.012493
v -156.305832 91.610138 57.033379
v -156.303909 110.434685 57.042862
v -156.298859 127.354279 52.804291
v -156.297974 73.024002 39.512089
v -156.286102 125.344376 56.573120
v -156.286102 127.820381 52.884529
v -156.281723 127.283058 43.451027
v -156.281433 118.872757 57.012604
v -156.278397 73.095932 56.876118
v -156.278397 73.095932 56.876122
v -156.273163 127.867744 44.082199
v -156.267075 55.292000 56.949860
v -156.266785 127.641975 38.573956
v -156.264221 91.007942 56.555405
v -156.256210 101.154861 57.003239
v -156.249403 57.708218 58.774734
v -156.245377 127.921440 56.897072
v -156.245377 128.150574 56.555717
v -156.239105 125.345078 38.427956
v -156.233215 127.813034 42.648003
v -156.232056 64.081703 56.837631
v -156.223648 127.758850 43.310368
v -156.215790 126.492111 43.385372
v -156.215790 127.676285 41.621265
v -156.207413 125.019539 56.587700
v -156.204834 100.442574 56.607323
v -156.202347 125.858452 56.997761
v -156.197037 72.982697 56.559612
v -156.194946 92.371086 57.049011
v -156.194656 125.485641 56.667938
v -156.190277 118.704475 56.536102
v -156.184113 119.137665 56.942848
v -156.156021 91.687180 56.782120
v -156.145401 127.891571 43.923508
v -156.144394 73.403107 56.857849
v -156.137085 117.339775 56.550579
v -156.130859 73.783661 57.113304
v -156.124771 91.643906 56.808460
v -156.116180 130.789886 56.789215
v -156.115692 72.980751 56.077312
v -156.112671 67.079170 57.058517
v -156.094894 82.696114 57.168312
v -156.089340 137.440353 56.830261
v -156.083282 64.412041 57.244041
v -156.081329 91.290466 56.745049
v -156.080948 60.755234 57.259186
v -156.079529 109.086266 56.593590
v -156.079239 137.894882 56.766777
v -156.066772 109.552368 56.673828
v -156.064316 128.069778 56.501480
v -156.058945 91.722855 57.053055
v -156.052216 127.814270 56.602600
v -156.052109 128.144958 56.303867
v -156.050751 128.222107 57.098907
v -156.047318 73.438789 57.128784
v -156.042007 128.173080 56.875633
v -156.039093 110.008179 57.004143
v -156.035690 55.154724 57.204514
v -156.027542 72.980255 39.723221
v -156.027222 127.727074 43.463722
v -156.006104 91.560555 56.764877
v -156.005203 123.831825 44.391258
v -156.005203 127.707314 38.617813
v -156.003052 119.056854 56.888607
v -155.992523 82.103828 39.113617
v -155.991394 100.728355 56.964516
v -155.988083 109.550484 56.207291
v -155.969559 128.370270 56.823708
v -155.966995 127.990974 56.943748
v -155.961639 64.149246 56.882973
v -155.959381 60.588463 56.897720
v -155.955353 109.891602 56.678307
v -155.945587 66.389427 57.089485
v -155.943253 100.507912 56.651184
v -155.924759 91.224739 56.779953
v -155.919052 130.472397 56.760391
v -155.914276 82.615509 57.114204
v -155.913216 55.242902 59.041082
v -155.910385 126.538597 56.959156
v -155.908920 66.299232 56.883190
v -155.908920 78.207230 39.143440
v -155.907211 128.112930 56.835258
v -155.902649 64.445732 57.019669
v -155.900330 60.674625 57.205078
v -155.896820 127.034653 57.044552
v -155.894073 100.878693 57.065437
v -155.892639 125.550270 53.919693
v -155.883240 127.645264 56.959267
v -155.882080 127.738342 56.551636
v -155.882080 127.845993 56.391266
v -155.878418 82.210510 56.741467
v -155.878311 91.642250 56.998947
v -155.875519 117.405113 56.594437
v -155.869675 128.141312 57.044666
v -155.866684 73.358185 57.074677
v -155.864853 72.976364 38.758621
v -155.861176 129.231689 43.425613
v -155.855426 56.102236 38.735009
v -155.846375 91.598869 57.025814
v -155.844879 128.196732 56.338612
v -155.839447 125.477402 52.009686
v -155.835739 129.149277 52.977898
v -155.833954 54.799206 56.859562
v -155.832886 124.940544 37.458500
v -155.832092 73.084984 56.868774
v -155.830811 127.695297 43.617077
v -155.830811 127.776138 43.496655
v -155.824509 127.666412 44.406269
v -155.822327 125.406181 42.656425
v -155.821976 118.861488 57.005043
v -155.820770 55.281059 56.942513
v -155.820129 125.406647 37.538738
v -155.820129 125.406647 37.538742
v -155.816589 127.747543 56.229389
v -155.811661 128.556946 43.496735
v -155.809677 137.689301 56.813080
v -155.794418 68.375336 39.037079
v -155.786224 128.555359 52.928600
v -155.785919 128.139313 56.548157
v -155.784271 130.326965 56.847065
v -155.779648 127.748421 38.761585
v -155.773117 100.431984 56.600220
v -155.762939 125.475052 56.660835
v -155.762329 128.507324 56.731400
v -155.750198 126.048805 56.580696
v -155.741440 125.081810 37.553326
v -155.737442 126.622559 56.500565
v -155.735291 82.023392 38.578632
v -155.733643 82.534897 57.060097
v -155.726501 109.292862 56.732269
v -155.697678 91.675934 56.774574
v -155.692627 127.699310 41.869354
v -155.688965 73.009163 38.540142
v -155.688828 127.367195 56.672806
v -155.688614 128.289642 56.649071
v -155.686066 73.391869 56.850304
v -155.685547 132.217987 41.761837
v -155.679260 127.798019 56.612640
v -155.663116 127.826080 41.783340
v -155.660904 55.488354 57.181488
v -155.656204 73.117790 56.650291
v -155.654373 127.805794 44.034554
v -155.653534 127.771896 42.445705
v -155.649612 91.279877 56.737946
v -155.642609 131.865189 56.722504
v -155.637650 128.163208 56.500412
v -155.636322 137.468750 56.640911
v -155.635056 109.541779 56.666718
v -155.624939 64.515099 57.066231
v -155.620499 127.803680 56.595497
v -155.614552 56.111134 38.953526
v -155.613922 117.470451 56.638298
v -155.612244 130.490463 56.673126
v -155.608948 137.523804 38.510746
v -155.594421 72.932625 38.969753
v -155.588974 73.427551 57.121239
v -155.579636 109.996910 56.996578
v -155.577713 128.248627 57.859444
v -155.572983 91.179047 56.508789
v -155.571304 125.005882 37.502357
v -155.571304 125.005882 37.502361
v -155.566940 130.833252 56.818329
v -155.565201 128.104553 56.829628
v -155.562927 127.731750 44.450127
v -155.558548 125.471985 37.582600
v -155.541809 127.694145 56.289333
v -155.540100 137.483719 56.859375
v -155.529999 137.938263 56.795891
v -155.525447 60.602414 59.348295
v -155.515335 64.138306 56.875626
v -155.509918 132.213409 44.553696
v -155.509918 132.213409 44.553699
v -155.507538 128.208847 56.594833
v -155.492416 127.416260 56.705742
v -155.492416 127.739594 56.224052
v -155.482849 127.847084 56.645569
v -155.479858 125.254799 37.436810
v -155.478455 91.213791 56.772606
v -155.477280 100.570183 37.616806
v -155.471619 133.775040 44.553856
v -155.471481 127.765358 44.705322
v -155.455933 82.604263 57.106659
v -155.450363 127.727753 56.544533
v -155.449478 137.167816 56.613594
v -155.445221 91.276810 37.659710
v -155.439896 137.517807 56.673843
v -155.437363 127.023384 57.036987
v -155.432114 82.199562 56.734123
v -155.430664 109.538712 37.588486
v -155.425400 130.189529 56.645809
v -155.419968 91.631012 56.991405
v -155.418533 72.965424 38.751274
v -155.410217 128.130051 57.037102
v -155.408340 73.346939 57.067131
v -155.405548 127.727982 43.517052
v -155.401169 124.929962 37.451393
v -155.401169 124.929962 37.451397
v -155.398590 100.352997 37.471016
v -155.388412 125.396065 37.531635
v -155.385788 73.074043 56.861427
v -155.374466 55.270111 56.935165
v -155.367188 125.608780 57.820503
v -155.366302 129.945618 56.656761
v -155.359726 127.764473 44.536930
v -155.358841 82.525658 57.547855
v -155.355087 127.790070 56.607300
v -155.355087 127.870911 56.486877
v -155.337189 72.963478 38.268978
v -155.330841 117.142548 37.574642
v -155.330841 117.142548 37.574646
v -155.327728 127.683464 38.717979
v -155.321716 137.110809 56.575325
v -155.312149 137.460800 56.635574
v -155.305725 126.611969 56.493462
v -155.302170 82.087051 37.659374
v -155.295639 128.154816 56.494781
v -155.288071 130.482513 56.667789
v -155.275436 128.125763 57.765366
v -155.255829 72.961533 37.786678
v -155.250377 56.068595 37.798224
v -155.243484 137.566864 56.706779
v -155.235397 121.300568 52.928123
v -155.231979 127.869133 44.257816
v -155.231787 60.152461 59.580951
v -155.220749 60.695820 59.442146
v -155.215576 128.201584 57.580292
v -155.209600 56.068993 37.804924
v -155.209503 63.836010 37.913982
v -155.207718 118.896011 52.942493
v -155.207642 82.233086 37.757401
v -155.172684 130.198273 56.760681
v -155.171524 132.581039 56.678982
v -155.169464 127.722336 42.117447
v -155.169083 109.496399 37.792717
v -155.169083 109.496399 37.792721
v -155.168243 127.489143 56.579983
v -155.163113 57.304368 59.635358
v -155.160309 130.425491 56.629520
v -155.160309 130.425507 56.629520
v -155.155427 56.065119 37.861361
v -155.150742 128.208069 56.899120
v -155.137009 100.418335 37.514874
v -155.125305 137.159866 56.608253
v -155.122452 118.572578 37.604027
v -155.105438 137.899338 57.691254
v -155.101791 64.686478 37.763374
v -155.094650 127.757942 44.881912
v -155.092194 91.375763 37.958767
v -155.078400 55.245285 59.488144
v -155.078079 91.168823 37.743202
v -155.066772 73.031021 38.314316
v -155.052521 127.719284 43.976482
v -155.048141 125.244209 37.429707
v -155.035553 127.756523 44.531593
v -155.031754 82.154594 37.704716
v -155.030914 127.782120 56.601967
v -155.017750 56.085737 37.692241
v -155.013489 91.266228 37.652603
v -155.012939 60.442930 59.754334
v -155.005859 128.176041 57.430511
v -154.998947 109.528122 37.581379
v -154.995428 55.243222 59.768208
v -154.990449 55.251727 59.772153
v -154.984390 127.790024 37.510159
v -154.969452 124.919373 37.444286
v -154.969452 124.919373 37.444290
v -154.948135 78.257996 37.734539
v -154.939087 63.903557 37.959320
v -154.939087 63.903557 37.959324
v -154.937210 82.300629 37.802742
v -154.917374 127.834534 43.710541
v -154.899124 117.131958 37.567539
v -154.890884 73.063820 38.095837
v -154.890884 73.286400 37.764252
v -154.875427 100.483673 37.558735
v -154.873888 57.169606 59.864499
v -154.869049 81.371674 37.900661
v -154.857727 63.679031 37.808609
v -154.834503 127.831184 56.634895
v -154.826996 127.786255 36.577084
v -154.816986 133.704254 52.891167
v -154.816315 83.632950 37.735088
v -154.814240 127.714104 37.459190
v -154.809525 72.950584 37.779331
v -154.807663 91.236366 37.788544
v -154.804123 127.830650 54.538334
v -154.776382 63.343216 37.823685
v -154.766166 56.075858 37.854728
v -154.763199 63.825066 37.906635
v -154.763199 63.825069 37.906635
v -154.761337 82.222137 37.750053
v -154.747723 56.073711 37.880812
v -154.736957 56.076115 37.859654
v -154.735550 123.729080 42.926472
v -154.725117 56.090525 37.719188
v -154.724991 127.747238 42.832073
v -154.723357 56.075064 37.873547
v -154.722809 127.747711 37.714386
v -154.717957 129.929718 56.646088
v -154.714996 73.096619 37.877357
v -154.713135 91.271118 38.052361
v -154.713135 91.271118 38.052364
v -154.690735 118.561996 37.596920
v -154.669617 126.490669 37.568493
v -154.660477 91.365173 37.951656
v -154.660477 91.365173 37.951660
v -154.658875 132.191681 52.923943
v -154.655487 64.675529 37.756031
v -154.645920 109.627075 37.880436
v -154.631775 91.157875 37.735855
v -154.631500 130.387527 37.563496
v -154.629868 127.801170 37.574203
v -154.629852 127.801170 37.574207
v -154.619340 56.132098 37.190504
v -154.602783 127.719101 43.283684
v -154.597137 96.379211 58.749176
v -154.596497 137.041061 37.662651
v -154.586914 137.471893 37.602478
v -154.586914 137.471893 37.602482
v -154.586304 123.374924 58.301659
v -154.585449 82.143646 37.697369
v -154.584982 56.139119 37.086411
v -154.573288 91.648209 58.237862
v -154.572418 130.143616 37.574448
v -154.561081 105.427895 58.633644
v -154.552673 127.779434 37.503052
v -154.537720 125.447052 36.635315
v -154.537247 91.192627 37.999676
v -154.527832 137.227966 37.613430
v -154.524536 127.770988 44.017250
v -154.503754 130.249695 37.645649
v -154.499817 96.758690 58.508736
v -154.461227 127.813049 37.758247
v -154.444656 130.005768 37.656597
v -154.444656 130.086609 37.536179
v -154.444580 73.052879 38.088490
v -154.420868 127.821289 54.182686
v -154.411423 63.668087 37.801262
v -154.397461 126.698685 43.291397
v -154.395279 127.668022 36.730350
v -154.391663 123.790169 58.332817
v -154.382523 127.703514 37.452084
v -154.380020 105.461662 58.408726
v -154.371964 127.738541 43.291504
v -154.367508 73.435509 58.855461
v -154.363220 72.939644 37.771984
v -154.355519 56.084729 37.853250
v -154.347275 127.766747 42.966301
v -154.342758 78.196304 58.840424
v -154.340631 56.083688 37.867322
v -154.331406 137.357864 37.525944
v -154.316895 63.814125 37.899288
v -154.307907 123.444458 58.348335
v -154.307327 130.379578 37.558159
v -154.306793 87.223045 58.725174
v -154.305695 127.793221 37.568871
v -154.301041 132.264740 43.015999
v -154.296112 128.143204 37.629120
v -154.291077 127.737122 37.707279
v -154.277161 56.085169 37.866289
v -154.272324 137.033112 37.657314
v -154.266830 91.260170 38.045013
v -154.262741 137.463943 37.597145
v -154.259252 54.291331 60.272917
v -154.256165 127.765152 36.676613
v -154.237900 126.480080 37.561386
v -154.233078 54.645447 60.275902
v -154.223257 56.141123 37.112025
v -154.209946 127.736389 43.469975
v -154.203659 137.220016 37.608093
v -154.186874 73.354904 58.801353
v -154.183347 65.235421 60.411587
v -154.144562 136.976105 37.619045
v -154.120941 127.768852 37.495945
v -154.114761 127.695290 53.731102
v -154.113281 123.745132 58.550167
v -154.110916 130.428650 37.591091
v -154.109268 127.842278 37.601803
v -154.107910 133.848953 48.446522
v -154.106423 60.274489 60.472531
v -154.105988 73.081787 36.905415
v -154.105917 55.223142 60.472932
v -154.105429 60.401487 60.473318
v -154.105205 60.411535 60.473496
v -154.066330 137.513000 37.630077
v -154.061188 117.255104 35.789112
v -154.055725 133.837524 56.807701
v -154.040604 127.786682 37.913849
v -154.036339 65.225017 60.528055
v -154.014175 104.983429 35.926521
v -153.991089 127.758621 37.021595
v -153.983292 133.011322 58.280373
v -153.981506 78.035088 58.732208
v -153.967560 55.179878 60.185188
v -153.954437 127.703201 43.273010
v -153.954208 54.901463 56.928204
v -153.948151 137.510178 36.929443
v -153.944626 127.727013 53.519764
v -153.943283 72.966606 36.106606
v -153.919189 77.602379 36.091969
v -153.917511 54.749997 56.935005
v -153.910843 134.146637 56.830891
v -153.859665 55.158791 56.860439
v -153.821106 119.005516 53.015999
v -153.810074 128.128754 59.264481
v -153.789627 86.315544 36.409351
v -153.752594 105.048767 35.970379
v -153.737228 129.745956 37.656879
v -153.714996 73.495636 59.389778
v -153.697220 100.347313 35.838749
v -153.683289 125.720062 59.380692
v -153.682663 118.609215 35.767529
v -153.657349 127.777321 37.558201
v -153.653824 123.619301 58.713280
v -153.650635 59.495434 35.962307
v -153.641830 95.861168 35.386375
v -153.629013 128.162521 59.039566
v -153.592758 55.284927 60.502686
v -153.569275 59.382195 35.645798
v -153.543304 82.081177 35.971958
v -153.531693 128.198288 59.311157
v -153.495010 91.193329 35.509941
v -153.472717 128.166687 59.082924
v -153.450821 73.413033 58.840370
v -153.437515 138.000412 59.049183
v -153.437286 73.450714 59.606606
v -153.412125 55.204323 60.448578
v -153.402451 72.990402 36.363079
v -153.387207 127.822899 34.740585
v -153.375168 137.913635 58.806641
v -153.350616 128.232056 59.086243
v -153.337936 128.191833 58.915497
v -153.337936 128.277115 58.788445
v -153.323883 133.721512 52.902756
v -153.321152 125.673027 59.101540
v -153.320602 127.821266 54.007980
v -153.270203 73.446716 58.615997
v -153.189377 125.342422 34.703991
v -153.167938 137.880112 58.968430
v -153.154739 91.256783 35.087265
v -153.141983 91.292274 35.808998
v -153.130707 128.243591 58.950241
v -153.125626 127.672928 35.105190
v -153.113968 134.695374 58.673622
v -153.110184 82.033546 35.218491
v -153.086090 86.669319 35.203854
v -153.076035 73.403793 59.328129
v -153.065094 127.788078 53.811020
v -153.011748 54.658231 56.938409
v -152.947083 59.292763 35.585766
v -152.937973 100.257042 34.847607
v -152.861130 128.208588 58.742439
v -152.860458 127.677231 34.870750
v -152.848129 125.355827 60.374104
v -152.814468 91.320236 34.664589
v -152.812653 109.438995 34.032005
v -152.801712 91.355728 35.386318
v -152.774277 129.372116 37.580616
v -152.750809 125.391594 60.645699
v -152.748840 137.534851 34.849808
v -152.737244 125.887642 60.731094
v -152.721222 109.580254 34.126827
v -152.721207 109.580254 34.126827
v -152.715195 129.128204 37.591568
v -152.678406 60.290756 58.429291
v -152.653900 128.175049 58.904236
v -152.653488 125.541931 60.746616
v -152.623611 101.180054 59.743549
v -152.615677 91.294151 35.181866
v -152.595367 127.751526 35.095310
v -152.591553 128.173569 58.534637
v -152.584396 63.846157 34.553841
v -152.576324 114.390480 59.698231
v -152.560303 68.481934 34.539204
v -152.551071 109.504333 34.075859
v -152.551071 109.504333 34.075863
v -152.526291 100.872116 60.527172
v -152.518768 129.177261 37.624504
v -152.509201 129.608078 37.564331
v -152.490250 109.920799 60.411640
v -152.481339 117.748245 60.466671
v -152.478592 91.592293 60.487553
v -152.439804 91.326950 34.963387
v -152.406647 82.164742 34.344574
v -152.402237 127.139885 56.867615
v -152.392929 110.185707 60.341877
v -152.388672 125.344559 60.366543
v -152.375107 128.131973 57.038399
v -152.348877 100.457993 33.586681
v -152.345261 91.250412 35.393002
v -152.330292 127.744995 35.440292
v -152.297531 91.626053 60.262634
v -152.289490 109.462013 34.280094
v -152.276947 82.792603 60.443848
v -152.254852 77.673058 33.974941
v -152.240982 91.705055 60.498856
v -152.238251 65.612518 60.519688
v -152.229355 73.420990 60.574585
v -152.217743 55.251213 60.480049
v -152.204865 99.107796 60.333187
v -152.200211 91.776398 60.363552
v -152.198044 109.495628 34.535294
v -152.192245 126.679131 56.538536
v -152.169373 91.171921 35.340313
v -152.166748 127.718987 56.538643
v -152.160324 77.596512 34.404552
v -152.145081 127.767052 38.774090
v -152.134201 54.656204 60.283123
v -152.132278 73.685257 60.504993
v -152.124815 56.331872 33.918722
v -152.116455 91.659821 60.037720
v -152.114761 129.213715 56.836983
v -152.113556 126.354286 56.553123
v -152.111771 65.495476 57.230354
v -152.103073 73.070076 33.771099
v -152.102615 125.387756 32.408062
v -152.102615 125.387756 32.408066
v -152.096710 128.086945 57.255753
v -152.093582 56.505165 60.580833
v -152.072617 128.132584 56.848450
v -152.060349 91.738739 60.274487
v -152.056732 63.944557 33.898403
v -152.055222 91.337616 33.513069
v -152.053802 127.682304 37.205215
v -152.048721 73.454674 60.350212
v -152.042435 128.238037 60.328163
v -152.040100 126.863708 56.929810
v -152.037109 55.170605 60.425941
v -152.023926 124.847618 32.743397
v -152.023926 125.062920 32.422649
v -151.986649 54.683723 60.099842
v -151.983856 127.893860 56.888664
v -151.976532 91.228081 33.206909
v -151.972260 127.510849 60.087616
v -151.969925 123.730576 60.273472
v -151.949677 128.214523 60.036510
v -151.949326 69.947830 60.466030
v -151.945114 128.159241 60.770435
v -151.942795 127.128616 56.860046
v -151.927734 128.271118 57.125744
v -151.918735 54.030842 62.173444
v -151.917145 100.339752 33.739948
v -151.917145 100.447403 33.579575
v -151.915680 82.631386 60.335632
v -151.915649 128.120712 57.030838
v -151.914474 138.048233 60.002777
v -151.901733 60.690506 60.426506
v -151.901077 133.632355 56.685951
v -151.900894 132.960068 60.088947
v -151.868866 133.641769 56.860596
v -151.868866 133.727051 56.733543
v -151.868103 73.488358 60.125847
v -151.861374 128.271805 60.103249
v -151.859039 126.668343 57.046242
v -151.858765 134.096313 56.797112
v -151.846924 129.604752 60.048233
v -151.836151 109.981071 60.947262
v -151.832657 72.915039 34.148026
v -151.832657 73.026329 33.982231
v -151.814880 128.239655 59.869087
v -151.804764 126.933998 59.947983
v -151.796417 133.838959 56.808662
v -151.777283 127.783607 32.853123
v -151.775284 126.437195 56.891090
v -151.762344 124.912949 32.787254
v -151.762344 124.912956 32.787254
v -151.761719 126.933243 56.976486
v -151.760529 126.668541 56.531433
v -151.757677 56.324455 34.065775
v -151.735031 127.708397 56.531540
v -151.734573 125.633972 60.560810
v -151.723969 133.950882 56.883785
v -151.720520 127.808701 56.619804
v -151.714233 133.331421 56.658630
v -151.699097 91.577530 60.166271
v -151.699097 91.691818 59.996010
v -151.691803 128.939514 56.680134
v -151.681839 126.343704 56.546017
v -151.680298 128.305573 59.878334
v -151.677963 126.587540 56.992004
v -151.664398 127.198151 56.906723
v -151.655075 109.900269 60.893021
v -151.653427 65.484238 57.222809
v -151.644897 137.927933 59.922028
v -151.643433 91.800896 60.627583
v -151.641434 132.555801 59.817577
v -151.639694 129.741806 59.955929
v -151.632919 55.122932 57.183174
v -151.628143 55.104065 56.823708
v -151.607666 128.291412 59.903831
v -151.599289 133.521469 56.779842
v -151.597549 128.234253 60.602650
v -151.594620 60.378571 57.253326
v -151.586487 133.274414 56.620361
v -151.582977 128.112198 60.491280
v -151.580658 126.852448 56.922245
v -151.572449 138.039841 59.997147
v -151.568985 132.667709 59.892700
v -151.568893 126.091721 37.533329
v -151.556137 126.557823 37.613571
v -151.556137 126.665474 37.453197
v -151.555420 129.711639 56.802612
v -151.550522 136.220200 59.881481
v -151.547058 130.762787 59.904083
v -151.546783 54.768250 56.838783
v -151.545319 128.204636 59.661285
v -151.530640 127.705330 37.453304
v -151.523376 128.175964 56.877567
v -151.515884 127.778687 37.559113
v -151.515701 127.741295 33.057354
v -151.513230 56.363989 33.197900
v -151.511246 133.624390 40.959061
v -151.509506 59.885880 56.907093
v -151.503113 86.741936 33.569122
v -151.496902 126.506737 56.937767
v -151.488007 125.336739 33.071724
v -151.487167 128.909485 37.619442
v -151.487167 128.909485 37.619446
v -151.474014 109.934036 60.668106
v -151.472794 65.403633 57.168701
v -151.472229 65.003510 56.975410
v -151.459259 65.898476 57.253895
v -151.458725 133.217407 56.582092
v -151.456802 127.696442 37.329220
v -151.455444 127.802162 56.964783
v -151.453369 91.251099 33.454998
v -151.427567 137.922531 60.655590
v -151.424255 127.774902 33.312550
v -151.414001 60.297966 57.199219
v -151.399536 72.867409 33.394558
v -151.396072 127.776215 33.015675
v -151.371063 126.517860 33.166656
v -151.358307 127.091614 33.086525
v -151.353195 63.853176 33.356071
v -151.327988 128.199234 60.394848
v -151.302261 126.921982 56.968922
v -151.281296 91.753860 60.348427
v -151.254120 127.698975 33.261585
v -151.247742 68.153137 33.356510
v -151.233368 60.217358 57.145111
v -151.231659 127.744614 39.108398
v -151.215591 73.434189 60.830429
v -151.214996 64.589203 56.937798
v -151.199936 127.849808 56.647400
v -151.174576 55.111694 57.175629
v -151.169952 56.355107 33.280886
v -151.162674 127.732590 33.516785
v -151.161636 129.411438 56.647560
v -151.157913 100.357132 32.588428
v -151.140427 91.184044 32.702991
v -151.137177 126.081131 37.526226
v -151.136292 60.367329 57.245781
v -151.129105 72.934952 33.439899
v -151.124420 126.547234 37.606464
v -151.100479 54.757309 56.831436
v -151.088043 137.521225 33.268505
v -151.087296 55.239159 56.914387
v -151.076828 135.204025 33.459892
v -151.071854 68.408524 32.806446
v -151.055908 104.947166 31.947361
v -151.047760 72.933006 32.957600
v -151.034958 73.467880 60.606056
v -151.025665 129.275360 37.515667
v -151.016098 132.616241 33.120285
v -151.003235 127.712662 33.322384
v -151.003235 127.793495 33.201962
v -151.000519 100.353363 31.655357
v -151.000519 100.353363 31.655359
v -150.995300 127.819794 37.586708
v -150.995300 127.819794 37.586712
v -150.987778 100.388855 32.377090
v -150.966583 127.738075 39.453381
v -150.960297 137.545059 33.109814
v -150.936203 130.405106 33.382874
v -150.928482 105.567650 61.203278
v -150.911818 56.367413 32.359369
v -150.903671 109.996307 61.700241
v -150.891632 137.570297 33.301437
v -150.850037 133.959198 33.323021
v -150.837173 129.217285 33.284271
v -150.826385 114.198219 32.108688
v -150.817642 100.420586 32.165752
v -150.806808 127.761726 33.355316
v -150.777344 73.000549 33.002941
v -150.775467 91.286331 33.012150
v -150.738937 100.418701 31.699217
v -150.738937 100.418701 31.699219
v -150.738144 127.786964 33.546940
v -150.722595 109.915504 61.646000
v -150.720093 68.585411 32.203697
v -150.712021 123.593140 56.560760
v -150.707748 82.601669 61.303612
v -150.681763 113.297745 31.736872
v -150.671417 133.656509 52.509750
v -150.670807 95.968048 31.968575
v -150.657089 119.383942 57.108162
v -150.634598 128.165710 56.565880
v -150.600876 109.420845 31.926094
v -150.565186 119.032944 56.523956
v -150.559263 56.354106 32.543094
v -150.541733 127.755188 33.700294
v -150.541534 109.949272 61.421082
v -150.537277 128.086914 57.008148
v -150.535736 133.706635 56.735806
v -150.485077 82.043686 31.858351
v -150.467770 54.026792 63.341795
v -150.462845 68.393684 31.834501
v -150.453537 128.084915 56.511639
v -150.405624 127.749496 37.482948
v -150.405624 127.749496 37.482952
v -150.404694 128.148376 58.333435
v -150.392868 128.215591 37.563190
v -150.375671 127.723946 35.950214
v -150.360794 118.922226 37.606094
v -150.356216 128.235245 56.612556
v -150.348434 127.817902 56.605042
v -150.337479 127.820244 31.016623
v -150.314178 127.675453 37.898521
v -150.309799 125.415688 31.030994
v -150.290115 128.202560 56.895424
v -150.283478 134.114517 56.809338
v -150.281372 119.832947 56.914398
v -150.272461 127.660400 56.969429
v -150.269745 127.708366 56.298882
v -150.252228 117.162178 31.074003
v -150.247849 109.412140 32.385525
v -150.227768 128.201065 56.525826
v -150.214661 82.111237 31.903692
v -150.213974 118.560478 31.314724
v -150.206879 54.670845 63.520996
v -150.196960 59.890953 55.227024
v -150.178299 127.741974 56.554077
v -150.177063 105.549126 62.181168
v -150.160400 130.518402 56.691879
v -150.144043 127.707184 37.687183
v -150.135117 128.198654 57.998585
v -150.120728 119.488464 56.597092
v -150.109722 53.999298 63.631731
v -150.083801 133.641663 56.692200
v -150.080154 128.189713 62.276386
v -150.075912 127.777924 31.220854
v -150.052597 128.063751 37.461262
v -150.050690 125.745247 62.121006
v -150.048218 125.373375 31.235229
v -150.032043 96.419632 62.242466
v -150.022781 127.795944 37.570702
v -150.007767 119.344131 37.424030
v -150.006927 133.668655 37.669781
v -150.006927 133.668671 37.669781
v -150.005569 134.178558 56.703232
v -150.000351 127.688278 31.209810
v -150.000351 127.688286 31.209812
v -149.983398 59.331818 31.042547
v -149.973892 127.738907 37.475842
v -149.973892 127.738907 37.475845
v -149.951569 133.651596 56.867188
v -149.948090 128.194183 56.889793
v -149.944824 132.560806 54.918556
v -149.939255 98.497627 30.642311
v -149.939255 98.497635 30.642311
v -149.933411 87.229691 62.434364
v -149.933075 109.512260 30.359005
v -149.933075 109.512260 30.359007
v -149.914185 127.847305 36.207706
v -149.911087 73.016571 31.330217
v -149.903244 127.818016 56.626060
v -149.887390 133.690735 56.725136
v -149.885834 78.086655 62.224571
v -149.852081 133.852921 42.859299
v -149.844162 127.816605 56.275742
v -149.794846 128.189896 62.047256
v -149.762939 109.436340 30.308043
v -149.754944 126.727959 47.033230
v -149.718018 128.257248 61.826557
v -149.692322 137.514145 31.342220
v -149.692322 137.514145 31.342222
v -149.671494 109.469948 30.563238
v -149.669235 87.147087 61.884949
v -149.664780 68.559631 31.224405
v -149.640671 72.972824 31.541351
v -149.629944 127.732399 37.877411
v -149.622299 134.007538 56.588425
v -149.580048 109.503555 30.818436
v -149.579071 127.810066 56.620720
v -149.563217 133.682785 56.719799
v -149.562515 137.876678 61.730598
v -149.525269 128.240158 61.712406
v -149.524307 82.094452 30.449448
v -149.502197 127.837059 37.598297
v -149.479752 127.729393 31.237408
v -149.442551 59.466908 31.133228
v -149.436813 133.115860 37.648075
v -149.433533 127.781464 37.910347
v -149.409912 109.427635 30.767471
v -149.409912 109.535286 30.607098
v -149.363281 118.611465 30.418406
v -149.252914 118.929962 47.149376
v -149.239777 109.459366 30.556131
v -149.135971 127.754402 35.857788
v -149.053894 86.719284 30.427462
v -149.052277 109.874443 62.608765
v -149.007568 77.705055 30.388973
v -148.990936 109.489204 29.878258
v -148.982574 117.274734 29.288471
v -148.950317 73.067329 29.921314
v -148.921692 54.778397 53.478642
v -148.899506 109.415161 30.293829
v -148.884399 59.896027 53.546955
v -148.874390 127.712090 36.062019
v -148.871216 109.908211 62.383850
v -148.871216 110.022781 62.213173
v -148.808060 109.556427 30.388653
v -148.778564 123.655846 32.176044
v -148.765762 64.789131 53.464550
v -148.765762 64.789131 53.464554
v -148.679886 72.912300 30.298239
v -148.676559 127.707619 32.336842
v -148.645187 128.192932 60.050308
v -148.637924 109.480507 30.337688
v -148.637924 109.588158 30.177315
v -148.590897 128.114883 63.464069
v -148.579483 133.847595 53.162079
v -148.571015 56.349251 29.353835
v -148.543213 119.064201 63.083096
v -148.507156 128.227448 62.796883
v -148.467789 109.512230 30.126350
v -148.448456 100.291023 29.287146
v -148.443368 53.793881 63.280537
v -148.433914 118.552925 29.215923
v -148.343567 59.808537 53.969219
v -148.341140 53.793000 62.885470
v -148.317791 56.337686 29.661200
v -148.312515 128.184418 63.510746
v -148.294968 63.815689 29.242466
v -148.291672 127.727074 32.458637
v -148.283051 128.145905 59.771149
v -148.257584 127.769188 31.447628
v -148.245438 132.305893 32.387913
v -148.228775 128.182419 63.014236
v -148.185730 125.775726 63.626957
v -148.145020 128.180420 62.517731
v -148.123520 124.895950 28.123112
v -148.115555 127.110771 60.314220
v -148.115082 128.234177 60.049706
v -148.110886 117.717133 63.416771
v -148.110764 125.254395 28.363728
v -148.101974 128.637939 58.863525
v -148.100204 126.150642 32.920155
v -148.094574 91.713516 64.035080
v -148.088409 125.582352 64.239906
v -148.088409 125.811493 63.898552
v -148.088409 125.926064 63.727875
v -148.087448 126.724396 32.840023
v -148.087448 127.693268 31.396662
v -148.083755 119.052933 63.075531
v -148.083450 125.035576 56.598465
v -148.083069 118.866707 34.311913
v -148.083069 118.866707 34.311916
v -148.080505 98.488190 28.076973
v -148.076126 91.168762 28.746998
v -148.076126 91.168762 28.747000
v -148.074844 126.880386 63.130562
v -148.072510 126.437393 28.925194
v -148.072128 105.735451 28.289055
v -148.061951 127.764252 32.840130
v -148.061569 109.430656 28.675774
v -148.061569 109.430656 28.675777
v -148.061569 109.538307 28.515404
v -148.061569 109.538315 28.515400
v -148.059753 126.580544 29.486553
v -148.058533 100.876770 63.748871
v -148.053192 117.216187 28.085987
v -148.053192 117.216187 28.085991
v -148.047699 128.101624 62.959999
v -148.047699 128.330750 62.618645
v -148.047012 125.001251 32.613888
v -148.047012 127.692558 28.604551
v -148.047012 127.800209 28.444176
v -148.047012 127.800209 28.444180
v -148.045364 126.383583 60.073673
v -148.045364 126.498154 59.902996
v -148.045364 126.612724 59.732323
v -148.045364 126.727287 59.561646
v -148.045197 126.649185 56.518440
v -148.044815 124.894066 27.656578
v -148.044815 125.001717 27.496204
v -148.042633 120.696091 28.793459
v -148.042633 120.803741 28.633083
v -148.042633 128.260803 60.251877
v -148.041092 133.189606 35.601372
v -148.040710 119.395889 59.592010
v -148.038254 113.914925 28.661617
v -148.036453 119.223045 47.113468
v -148.036453 127.835236 34.283596
v -148.034256 127.728050 29.326286
v -148.034134 128.253967 63.557423
v -148.032074 124.929558 28.378311
v -148.032074 125.360168 27.736816
v -148.032074 125.467819 27.576443
v -148.031799 126.879631 60.159065
v -148.031799 126.994202 59.988392
v -148.031799 127.108772 59.817719
v -148.031693 104.012306 28.062920
v -148.029495 100.352592 28.397934
v -148.029495 100.460251 28.237558
v -148.029465 125.390739 56.931389
v -148.028076 126.577957 47.165176
v -148.028076 126.685616 47.004803
v -148.023697 126.148293 37.571304
v -148.022476 110.040024 63.462662
v -148.019318 125.503311 28.298178
v -148.018234 128.177658 59.049721
v -148.018234 128.406799 58.708366
v -148.015900 125.886787 57.016781
v -148.014938 118.399185 28.647457
v -148.014938 118.506844 28.487083
v -148.013565 117.638336 63.859043
v -148.013565 117.752907 63.688366
v -148.010941 126.722046 37.491169
v -148.010941 126.722046 37.491173
v -148.010834 91.711517 63.538570
v -148.008759 126.399551 32.854607
v -148.008759 126.614861 32.533859
v -148.004654 125.465782 63.914070
v -148.004654 125.694923 63.572716
v -148.004654 125.809486 63.402042
v -148.004654 128.100861 59.988503
v -148.004654 128.215439 59.817825
v -148.004654 128.673706 59.135117
v -147.997421 91.166878 28.280460
v -147.997421 91.166878 28.280464
v -147.997421 91.274529 28.120089
v -147.997421 91.274529 28.120090
v -147.996002 127.726875 31.651859
v -147.992126 128.230820 63.364815
v -147.991089 126.534676 63.146084
v -147.991089 126.878380 62.634052
v -147.989059 98.521797 28.332170
v -147.988754 127.108017 56.846222
v -147.986435 119.088707 63.347122
v -147.984100 119.776611 56.876587
v -147.982880 109.428780 28.209236
v -147.982880 109.536430 28.048864
v -147.982864 109.428780 28.209240
v -147.982864 109.536430 28.048866
v -147.981064 126.363358 29.340763
v -147.981064 126.578659 29.020018
v -147.975388 134.682602 63.088196
v -147.974884 118.969429 56.481316
v -147.974777 100.760201 63.423038
v -147.970535 118.897835 59.010101
v -147.970505 124.891251 37.425407
v -147.970505 126.721336 34.699059
v -147.970123 109.464272 28.930973
v -147.968323 127.152412 28.939880
v -147.966507 126.324348 56.533024
v -147.963943 120.694206 28.326920
v -147.962128 119.435532 56.561554
v -147.961746 117.142143 28.501560
v -147.961746 117.142151 28.501560
v -147.961746 117.249794 28.341187
v -147.961746 117.249802 28.341183
v -147.961746 117.249802 28.341187
v -147.961624 126.381577 59.577164
v -147.961212 100.912537 64.020462
v -147.957748 118.898201 47.128056
v -147.957748 125.357346 37.505650
v -147.957748 125.357353 37.505646
v -147.956955 119.393883 59.095497
v -147.956955 119.737595 58.583469
v -147.956924 137.979248 63.458130
v -147.955566 125.357819 32.387966
v -147.955566 127.618515 29.020123
v -147.955566 127.726173 28.859749
v -147.953369 124.927673 27.911774
v -147.953369 124.927673 27.911776
v -147.953369 125.035324 27.751400
v -147.951187 120.729698 29.048653
v -147.950806 100.243057 28.091770
v -147.950378 128.251953 63.060917
v -147.948044 126.648491 60.003914
v -147.948044 126.992195 59.491882
v -147.945007 127.761192 34.699165
v -147.940628 124.963165 28.633507
v -147.940628 124.963165 28.633511
v -147.940628 125.178474 28.312761
v -147.940628 125.286125 28.152390
v -147.940628 125.393776 27.992014
v -147.938049 100.386200 28.653130
v -147.938049 100.386208 28.653130
v -147.938049 100.493858 28.492756
v -147.936813 128.404297 63.658340
v -147.936813 128.633438 63.316986
v -147.934479 127.144539 60.089306
v -147.934479 128.175659 58.553215
v -147.927872 123.706833 31.279722
v -147.925156 109.961220 63.904930
v -147.923492 118.432800 28.902653
v -147.920914 125.463783 63.417564
v -147.917313 126.433167 33.109802
v -147.917313 127.724991 31.185322
v -147.907349 125.386986 64.356346
v -147.905991 91.415794 28.214912
v -147.905014 126.647736 57.032417
v -147.900558 125.425751 56.627743
v -147.900345 119.316338 57.062782
v -147.899364 56.338748 28.589025
v -147.894989 72.930260 29.107815
v -147.893768 125.883034 64.441742
v -147.893234 91.666588 28.615898
v -147.891815 126.719452 34.232525
v -147.859970 81.942543 28.664001
v -147.851318 65.428261 65.335648
v -147.849319 127.716293 31.752668
v -147.848663 63.804741 29.235119
v -147.844131 57.017036 28.767239
v -147.832245 137.635132 63.227139
v -147.831903 53.773281 62.805886
v -147.830963 57.053734 29.513357
v -147.830505 134.991699 63.111389
v -147.830170 127.850433 32.716129
v -147.826828 54.751404 54.903503
v -147.826656 65.408289 65.447736
v -147.823944 54.239044 63.231148
v -147.822296 65.102310 28.903645
v -147.821930 64.361206 63.137486
v -147.820435 64.580139 56.931709
v -147.820007 82.568665 63.998260
v -147.816348 54.992032 65.455903
v -147.813644 55.344543 54.820660
v -147.813644 73.039604 28.459724
v -147.812881 54.643269 63.300739
v -147.812042 138.458923 63.227219
v -147.811783 90.880234 29.132101
v -147.811783 91.102814 28.800518
v -147.811783 91.214096 28.634726
v -147.810680 56.325040 29.339465
v -147.809892 64.050403 65.461017
v -147.808395 64.284599 64.073990
v -147.807251 65.061989 57.014664
v -147.807251 84.203819 28.498428
v -147.807251 84.315109 28.332638
v -147.807170 56.337949 28.474121
v -147.806839 130.358078 63.134075
v -147.805099 129.505600 60.350273
v -147.805099 129.761459 59.969124
v -147.804846 53.765842 63.296497
v -147.804502 53.766751 63.238994
v -147.803360 127.715012 58.964024
v -147.803360 127.800293 58.836975
v -147.802777 53.765789 63.305984
v -147.802479 54.670401 65.466891
v -147.801819 54.767410 63.787575
v -147.800461 72.965012 29.371632
v -147.800461 73.076294 29.205841
v -147.797454 59.306301 65.470871
v -147.796738 130.727325 63.197643
v -147.796738 130.897888 62.943542
v -147.794998 128.169174 62.954842
v -147.794998 128.254456 62.827793
v -147.794998 128.510315 62.446644
v -147.793671 56.606873 37.871273
v -147.793274 128.254837 58.773491
v -147.793227 53.766602 63.249295
v -147.792628 53.763436 63.782722
v -147.792526 60.322594 65.366165
v -147.792365 53.763643 63.739451
v -147.792227 53.763778 63.716875
v -147.790640 56.336344 28.549140
v -147.790207 57.580105 64.019203
v -147.789551 77.452805 28.776670
v -147.788376 133.910568 63.122856
v -147.788376 134.081146 62.868759
v -147.788376 134.336990 62.487606
v -147.788376 134.422272 62.360558
v -147.784897 128.282578 63.399559
v -147.784897 128.538437 63.018410
v -147.784897 129.647125 61.366756
v -147.784042 91.823990 63.542477
v -147.781311 65.617157 63.733574
v -147.779709 54.735611 65.178497
v -147.778259 134.023972 63.567574
v -147.778259 134.279816 63.186424
v -147.778259 134.620956 62.678223
v -147.774872 127.685265 34.648201
v -147.774872 127.685272 34.648201
v -147.774338 54.761009 63.608749
v -147.773071 128.311066 59.917023
v -147.772430 73.539925 63.618206
v -147.772406 53.763473 63.771463
v -147.772018 55.447254 57.153896
v -147.769897 137.633636 62.857540
v -147.769318 128.171158 63.006676
v -147.768317 53.804662 65.256693
v -147.768173 134.393219 63.631142
v -147.768173 134.649078 63.249992
v -147.768173 134.819641 62.995892
v -147.768173 134.904922 62.868843
v -147.767586 64.970691 65.494535
v -147.767303 56.123810 40.192471
v -147.767303 63.802799 28.752819
v -147.767303 63.914085 28.587029
v -147.767146 53.811800 65.395382
v -147.766490 53.815730 65.473995
v -147.765442 64.504807 54.957172
v -147.765442 81.866005 29.093615
v -147.765442 82.088577 28.762032
v -147.764694 133.541122 56.793037
v -147.763583 60.299157 65.497706
v -147.762970 128.509750 60.234692
v -147.760803 55.255856 63.693935
v -147.760683 53.817551 65.500003
v -147.760389 53.817380 65.496563
v -147.759878 54.211806 65.500642
v -147.759796 137.832321 63.175209
v -147.759796 138.002899 62.921108
v -147.757991 54.301475 65.502137
v -147.754465 54.470470 65.504930
v -147.754135 56.716949 40.109631
v -147.752283 55.217371 65.506658
v -147.749603 57.051785 29.031059
v -147.748562 54.633766 65.509606
v -147.745720 53.774086 62.771046
v -147.745468 54.749458 54.421204
v -147.745468 54.860748 54.255409
v -147.744644 54.734997 62.757053
v -147.744095 109.994987 63.680012
v -147.744088 56.329274 28.944374
v -147.742767 129.333542 60.234776
v -147.742767 129.674683 59.726578
v -147.740952 64.989075 28.587135
v -147.740952 65.100365 28.421345
v -147.736465 82.566666 63.502953
v -147.734421 127.792213 31.695719
v -147.734390 130.469986 63.209198
v -147.734390 130.811111 62.700996
v -147.734390 133.625488 58.508339
v -147.733734 55.216927 65.396683
v -147.732437 91.666481 63.755924
v -147.732285 55.231308 54.504150
v -147.732285 55.342598 54.338356
v -147.730927 128.168060 58.530945
v -147.730423 90.766998 28.815594
v -147.730423 91.100861 28.318218
v -147.730423 91.212151 28.152428
v -147.730257 53.794974 65.031095
v -147.729369 56.330208 28.857064
v -147.728588 53.799883 65.125277
v -147.727768 65.025772 29.333256
v -147.727768 65.137062 29.167465
v -147.727768 136.296661 63.250160
v -147.724838 64.282600 63.578682
v -147.724838 64.396889 63.408421
v -147.724289 130.839233 63.272766
v -147.723099 91.267708 29.046055
v -147.722565 128.110519 63.284065
v -147.722519 64.968842 57.123833
v -147.721680 127.720055 32.577824
v -147.721283 109.494118 28.253098
v -147.720825 128.281464 58.975662
v -147.720627 54.236801 60.405098
v -147.719116 72.963066 28.889336
v -147.719116 73.074348 28.723543
v -147.717239 91.248848 28.898544
v -147.717239 91.248848 28.898548
v -147.715927 133.937195 63.325031
v -147.715927 134.022476 63.197979
v -147.715927 134.363617 62.689777
v -147.715927 134.534180 62.435677
v -147.715927 134.619461 62.308628
v -147.714188 134.108139 59.016624
v -147.713465 54.494726 65.537412
v -147.712723 84.238564 28.762249
v -147.712463 129.759033 61.441879
v -147.712463 130.014893 61.060730
v -147.712287 56.328962 28.904738
v -147.711456 54.640617 64.912987
v -147.710724 128.224289 59.674477
v -147.709564 54.734383 60.335602
v -147.708984 65.463692 57.209015
v -147.708191 59.867085 54.489513
v -147.708191 59.978374 54.323723
v -147.708191 77.339569 28.460163
v -147.706650 57.463814 63.694160
v -147.705933 54.636951 56.991142
v -147.705826 134.391739 63.261547
v -147.705826 134.562302 63.007446
v -147.705826 134.732864 62.753345
v -147.705826 134.903442 62.499245
v -147.702362 130.298859 61.251343
v -147.701401 55.639526 44.917816
v -147.700623 128.167130 60.373295
v -147.700623 128.252411 60.246246
v -147.700623 128.593552 59.738045
v -147.700409 54.671394 65.538902
v -147.700409 54.764755 65.399818
v -147.699204 53.766258 63.260596
v -147.695724 134.846268 63.198063
v -147.695724 135.016846 62.943962
v -147.693985 127.576202 29.224354
v -147.693985 127.791504 28.903606
v -147.692749 55.230095 56.908302
v -147.692387 53.766997 63.213367
v -147.688477 55.102386 57.169380
v -147.688217 56.121376 45.000771
v -147.687363 137.944229 63.250328
v -147.686966 91.745384 63.983677
v -147.684235 65.652840 64.004509
v -147.684097 81.864059 28.611317
v -147.684097 81.975342 28.445524
v -147.684097 82.086632 28.279732
v -147.682159 130.269806 62.521931
v -147.682159 134.107574 56.804672
v -147.677261 55.253857 63.198631
v -147.675339 73.461311 64.059402
v -147.674181 65.775201 65.568536
v -147.672775 63.837543 29.016640
v -147.670955 65.674378 65.571091
v -147.670914 65.096001 54.392033
v -147.670914 65.096001 54.392036
v -147.670914 82.012039 29.191643
v -147.670914 82.123329 29.025848
v -147.668777 85.269470 63.588367
v -147.668579 127.910721 58.542496
v -147.668243 57.049839 28.548759
v -147.665329 54.203979 63.812874
v -147.663727 55.177246 64.135132
v -147.659370 65.481602 65.580270
v -147.658925 65.498395 65.580622
v -147.657150 65.728203 65.536987
v -147.656097 128.130630 58.770569
v -147.650589 78.564980 63.533585
v -147.650116 128.222427 63.359184
v -147.648697 91.664474 63.259415
v -147.646408 65.135109 28.685165
v -147.644409 91.265823 28.579519
v -147.644394 91.265823 28.579519
v -147.639374 82.602348 63.773888
v -147.635895 91.246902 28.416246
v -147.635895 91.246902 28.416248
v -147.634232 117.170105 27.357147
v -147.634232 117.170113 27.357147
v -147.629852 109.527725 28.508295
v -147.629852 109.527725 28.508297
v -147.627762 64.318283 63.849617
v -147.615295 127.681976 28.597445
v -147.600357 125.457230 27.569338
v -147.588242 128.204926 62.781757
v -147.584244 129.892303 28.846241
v -147.577942 133.313324 32.016052
v -147.577042 127.680801 30.923018
v -147.574661 130.403961 28.665648
v -147.565704 91.156288 28.273357
v -147.565704 91.263947 28.112984
v -147.565094 127.763062 33.181530
v -147.565094 127.763062 33.181534
v -147.563736 133.203903 44.869209
v -147.558807 133.609131 32.738667
v -147.558777 128.166397 59.042160
v -147.555511 130.618942 29.508682
v -147.555511 130.861435 29.147415
v -147.554153 133.553894 44.929462
v -147.554153 133.634720 44.809036
v -147.549347 127.644600 27.409176
v -147.547577 132.261932 31.484985
v -147.545944 127.735527 34.385838
v -147.545944 128.867218 32.699921
v -147.545944 129.756409 31.375273
v -147.544586 133.661377 45.350979
v -147.544586 133.984711 44.869289
v -147.543228 72.995865 28.670856
v -147.541290 133.662079 37.665359
v -147.539658 137.138336 28.644382
v -147.538010 131.803574 32.749458
v -147.536362 127.762184 34.927776
v -147.536362 129.783051 31.917215
v -147.530075 133.204071 35.087029
v -147.530075 133.608246 34.484913
v -147.530075 133.608246 34.484917
v -147.530075 133.689072 34.364491
v -147.530075 133.689087 34.364491
v -147.530075 137.407486 28.825054
v -147.530075 137.488327 28.704632
v -147.526794 129.324692 33.181690
v -147.526794 129.324692 33.181694
v -147.523849 127.715584 28.852642
v -147.518860 132.261047 33.231232
v -147.518860 133.311905 31.665737
v -147.518860 133.473572 31.424892
v -147.517502 133.740967 50.819614
v -147.515579 130.079208 28.797022
v -147.515579 130.160049 28.676598
v -147.515505 65.490702 65.694248
v -147.509277 133.257721 32.328102
v -147.509277 133.419388 32.087257
v -147.509277 133.581055 31.846411
v -147.509277 133.742737 31.605564
v -147.505997 127.842484 32.710793
v -147.505997 130.348373 28.977692
v -147.505997 130.348373 28.977695
v -147.505997 130.510040 28.736851
v -147.504639 133.121643 44.639317
v -147.504349 127.762001 28.988407
v -147.500000 133.228073 56.589264
v -147.499710 133.284378 32.870041
v -147.499710 133.446045 32.629196
v -147.499710 133.607712 32.388351
v -147.499710 133.688553 32.267929
v -147.499710 134.011887 31.786240
v -147.499710 134.092728 31.665817
v -147.496429 129.243332 31.205551
v -147.496429 130.294189 29.640057
v -147.496429 130.860031 28.797100
v -147.495071 133.148300 45.181259
v -147.495071 133.309967 44.940411
v -147.495071 133.390808 44.819988
v -147.495071 133.471634 44.699566
v -147.494781 127.707817 29.650768
v -147.494720 73.495003 63.835033
v -147.491776 133.068176 37.616058
v -147.490143 133.634369 32.930294
v -147.488495 131.775513 31.857203
v -147.488495 132.179688 31.255089
v -147.486847 128.784973 32.470028
v -147.486847 129.674164 31.145380
v -147.485489 133.579132 45.121086
v -147.485489 133.659958 45.000664
v -147.485489 133.902466 44.639397
v -147.480560 136.975250 28.534910
v -147.478912 131.721329 32.519566
v -147.477280 127.760773 34.577461
v -147.477280 129.862473 31.446476
v -147.475922 134.171616 44.820068
v -147.475922 134.252457 44.699646
v -147.474258 91.297554 28.368179
v -147.470993 133.121826 34.857132
v -147.470993 137.082733 28.956429
v -147.470993 137.325241 28.595161
v -147.470993 137.406067 28.474739
v -147.470199 53.794636 63.431217
v -147.469345 134.496368 28.967142
v -147.467697 129.242447 32.951797
v -147.466339 134.359940 45.121166
v -147.466064 127.787766 31.276592
v -147.466049 127.706940 31.397017
v -147.461411 132.825134 35.880764
v -147.461411 137.432724 29.016682
v -147.459778 132.178802 33.001335
v -147.459778 133.310501 31.315420
v -147.458420 133.497055 50.830563
v -147.457901 123.695068 33.598186
v -147.452988 128.160797 62.949211
v -147.451843 133.013458 36.181862
v -147.451248 128.246445 58.767860
v -147.450195 133.337143 31.857363
v -147.450195 133.741318 31.255251
v -147.448685 72.919319 29.100468
v -147.447342 127.713234 33.503792
v -147.446915 129.781113 29.470337
v -147.445267 127.760590 28.638088
v -147.445267 127.760590 28.638092
v -147.445160 127.713699 28.386108
v -147.440628 133.282959 32.519726
v -147.440628 133.444626 32.278881
v -147.440628 133.606293 32.038036
v -147.437332 127.786888 33.022839
v -147.437332 130.373611 29.169319
v -147.437332 130.696945 28.687628
v -147.437332 130.696945 28.687630
v -147.435684 127.787239 29.180031
v -147.427765 129.349396 31.276752
v -147.427765 130.885269 28.988724
v -147.426407 133.335205 45.132034
v -147.426407 133.658554 44.650345
v -147.421753 133.684143 56.720715
v -147.417465 123.694359 30.806082
v -147.411163 73.493004 63.339729
v -147.365479 91.203156 28.627378
v -147.365479 91.203156 28.627380
v -147.359818 56.335967 27.872757
v -147.356735 91.771790 64.074196
v -147.325699 91.698463 63.705196
v -147.284119 91.201210 28.145081
v -147.270935 91.237900 28.891199
v -147.246726 56.323878 28.278833
v -147.244019 128.298203 58.802605
v -147.239273 127.755463 29.333387
v -147.212189 127.754234 34.922440
v -147.196320 127.743546 27.708233
v -147.189590 91.235954 28.408901
v -147.181824 127.753700 32.825878
v -147.180176 127.754051 28.983070
v -147.170609 127.780701 29.525009
v -147.153107 127.671982 34.692547
v -147.107071 127.669037 33.241486
v -147.105225 132.251160 30.779015
v -147.082794 127.778412 30.920938
v -147.082794 127.778412 30.920942
v -147.015625 127.702644 33.496685
v -147.012482 127.723160 27.390179
v -146.994598 91.724747 63.795036
v -146.959976 133.621292 33.620255
v -146.929611 132.246567 33.570873
v -146.929611 132.246567 33.570877
v -146.924179 127.736252 33.751881
v -146.907166 127.773819 33.712799
v -146.883362 109.401955 26.795418
v -146.875153 127.773636 27.773430
v -146.766800 127.732491 32.818810
v -146.704468 137.387344 27.763433
v -146.704468 137.387344 27.763435
v -146.681152 100.355621 26.306236
v -146.680389 127.741508 31.769594
v -146.676971 72.900589 27.163925
v -146.611725 127.685913 32.081638
v -146.566391 104.981148 26.386900
v -146.530334 109.500900 27.094475
v -146.525192 68.408905 26.794292
v -146.523911 127.764450 33.357147
v -146.478851 59.394672 26.755804
v -146.476028 133.556152 27.637276
v -146.455246 127.789688 33.548771
v -146.452240 134.766739 39.105614
v -146.432709 120.764450 26.745621
v -146.386581 127.734093 33.860821
v -146.384323 59.318130 27.185417
v -146.382462 77.603912 27.194628
v -146.364748 56.416224 26.660181
v -146.337067 127.786865 32.848141
v -146.336121 68.478394 27.321932
v -146.320770 125.806198 65.132912
v -146.312027 73.002884 27.473083
v -146.272751 95.860764 26.313290
v -146.266495 128.134094 64.962463
v -146.243637 127.755516 33.066898
v -146.243622 127.755516 33.066902
v -146.228455 127.757385 31.605564
v -146.221279 56.409701 27.108776
v -146.218384 96.364021 64.928535
v -146.215881 133.629395 39.390263
v -146.188248 123.699974 31.973030
v -146.177689 127.718140 31.878630
v -146.116974 128.213089 65.011597
v -146.109558 127.681229 25.572678
v -146.085419 128.167862 64.737549
v -146.081772 138.046799 64.977859
v -146.023911 95.890610 25.635414
v -146.018112 127.714844 25.827873
v -145.953796 127.777504 32.492485
v -145.944229 127.723320 33.154850
v -145.847977 127.638916 25.776909
v -145.847397 128.263367 64.676743
v -145.845195 53.870818 66.953282
v -145.842667 96.469322 65.246811
v -145.839432 54.688072 64.743080
v -145.834259 133.700516 42.756996
v -145.824661 127.709435 32.338058
v -145.763962 133.726105 39.105812
v -145.728836 125.375626 25.886106
v -145.724457 118.702118 25.593891
v -145.683777 65.375305 63.324245
v -145.675858 127.717484 25.814213
v -145.674500 133.077484 37.622311
v -145.663849 132.863464 64.815849
v -145.639206 127.742905 31.945210
v -145.629623 127.769547 32.487148
v -145.622650 55.241333 65.413063
v -145.600739 109.980431 65.403320
v -145.596268 133.614380 37.633343
v -145.592972 132.240891 31.994907
v -145.495590 137.519516 26.105312
v -145.468506 133.638199 37.474651
v -145.460117 53.892695 65.541435
v -145.431854 137.786209 37.464100
v -145.416260 125.367630 29.137646
v -145.410767 127.710945 26.159193
v -145.410767 127.710953 26.159195
v -145.383224 96.343491 65.409920
v -145.374115 127.736359 32.290188
v -145.363190 137.811447 37.655724
v -145.344940 55.196411 65.629890
v -145.344940 55.310703 65.459625
v -145.272095 133.606430 37.628006
v -145.246124 127.767708 25.398090
v -145.236740 63.778198 25.128860
v -145.235443 137.754425 37.617455
v -145.194733 109.360786 24.441416
v -145.194733 109.360786 24.441418
v -145.185303 134.245132 58.555687
v -145.184402 87.886040 24.957750
v -145.182144 84.325249 24.972500
v -145.164322 55.344387 65.235260
v -145.153915 133.118591 37.649910
v -145.153107 64.982010 57.132668
v -145.140335 82.098724 25.401892
v -145.138058 53.843701 67.503994
v -145.116241 86.734505 25.387253
v -145.069901 77.608986 25.514557
v -145.047668 63.847691 25.656498
v -145.021973 55.265526 57.278893
v -145.017944 127.728241 26.345482
v -144.999481 126.612915 31.602007
v -144.992905 121.124046 24.428001
v -144.983688 55.263779 65.181152
v -144.983109 123.711411 65.707420
v -144.957870 134.182556 59.988068
v -144.933563 54.828609 56.879299
v -144.920837 137.396484 37.551865
v -144.920837 137.396484 37.551868
v -144.912613 132.709824 25.322330
v -144.888824 133.354568 37.633621
v -144.872177 64.582016 56.932972
v -144.861115 54.817707 57.070839
v -144.841705 109.459732 24.740473
v -144.841705 109.459732 24.740475
v -144.833344 117.245262 24.150688
v -144.833328 117.245262 24.150688
v -144.830519 54.032920 57.079162
v -144.827148 127.721634 24.669250
v -144.791061 132.927872 59.514446
v -144.751495 133.647537 37.655602
v -144.748459 127.612099 24.363087
v -144.746567 133.971939 25.645485
v -144.735703 127.647591 25.084820
v -144.724426 137.445557 37.584801
v -144.722961 127.790733 25.646183
v -144.720398 59.867748 56.894920
v -144.709091 63.876598 24.473423
v -144.681229 65.465614 57.210312
v -144.669769 127.717873 23.736176
v -144.657013 127.645706 24.618286
v -144.657013 127.753365 24.457911
v -144.655164 54.034195 57.061860
v -144.622421 60.359951 57.240829
v -144.620560 100.715851 66.116676
v -144.614136 133.577560 56.817490
v -144.595352 55.177933 66.605415
v -144.567764 127.678848 29.991165
v -144.565567 127.679321 24.873482
v -144.563629 55.254288 57.271347
v -144.550629 125.346924 24.005749
v -144.531586 134.143997 56.829124
v -144.487259 54.817665 56.871952
v -144.481079 136.246124 56.765808
v -144.476334 58.971592 56.774361
v -144.449982 59.935295 56.940262
v -144.446762 135.955048 56.672928
v -144.435547 133.718674 56.743889
v -144.428253 60.774189 57.271908
v -144.412689 65.052917 57.008575
v -144.408188 127.675552 23.940411
v -144.401535 128.164581 66.468414
v -144.398315 127.632385 24.708988
v -144.397629 127.710579 29.779827
v -144.397614 127.710579 29.779829
v -144.395432 127.711044 24.662144
v -144.386032 133.205597 56.574169
v -144.372055 125.834679 66.142357
v -144.350357 54.744293 57.021557
v -144.305893 136.127869 59.266609
v -144.285690 136.098831 60.537193
v -144.258835 125.908714 61.735569
v -144.241806 128.280640 66.531326
v -144.232178 73.567047 66.847183
v -144.227036 119.340271 62.278080
v -144.225296 127.635117 24.611179
v -144.220459 128.198334 66.243500
v -144.199677 133.766357 56.759926
v -144.189575 134.135620 56.823494
v -144.188660 121.515327 66.956680
v -144.158783 96.351463 67.148354
v -144.149170 135.783203 56.823662
v -144.144272 137.942291 66.382088
v -144.135483 54.549393 56.932373
v -144.133240 127.706680 24.933544
v -144.127228 133.819794 47.728210
v -144.122726 105.400146 67.032822
v -144.120941 133.360733 56.678307
v -144.118484 123.881500 62.107857
v -144.114532 118.662827 23.706429
v -144.107239 128.043243 62.178066
v -144.100250 113.838219 67.002571
v -144.059540 119.450836 61.114384
v -144.054794 134.075470 56.783119
v -144.044678 128.219009 66.121353
v -144.044601 127.701874 30.239258
v -144.039398 128.117538 66.189255
v -144.031036 65.410957 63.348175
v -144.023499 127.124695 63.046974
v -144.014389 135.723053 56.783287
v -144.009918 127.735306 62.961693
v -143.996353 128.231354 63.047085
v -143.992447 133.818130 56.794674
v -143.983612 133.653717 56.700287
v -143.974655 126.621597 51.847191
v -143.974564 61.447701 67.109337
v -143.972244 131.145279 62.003815
v -143.971710 100.289505 23.004951
v -143.957535 126.658020 42.333557
v -143.955643 127.771835 66.204781
v -143.949814 66.094200 67.264565
v -143.946426 54.952759 56.962631
v -143.939743 126.893547 62.891815
v -143.929718 78.168625 67.219238
v -143.912598 127.885651 63.062607
v -143.908173 128.159225 62.026669
v -143.903961 117.186714 22.948204
v -143.902237 56.836880 67.225037
v -143.901535 134.071182 61.940586
v -143.893753 87.195366 67.103989
v -143.876648 135.402252 56.651222
v -143.858322 128.265869 65.793663
v -143.853760 59.293530 23.561455
v -143.841522 70.624420 67.094749
v -143.841110 54.817566 57.225178
v -143.827576 55.426704 57.140102
v -143.827362 134.268753 57.834351
v -143.807159 129.634369 65.965645
v -143.802246 137.933914 66.376457
v -143.798782 132.732330 66.017914
v -143.797058 134.267822 59.676704
v -143.797058 136.229340 56.754551
v -143.796768 133.352783 56.672966
v -143.795319 129.492294 62.737213
v -143.787201 133.702774 56.733215
v -143.785217 129.861542 62.800777
v -143.776855 130.827423 66.029297
v -143.760117 137.108627 66.006783
v -143.759216 59.328278 23.825275
v -143.754913 128.922501 66.040688
v -143.743073 128.268707 63.574547
v -143.743073 128.780411 62.812248
v -143.739914 137.676559 66.388016
v -143.739914 137.932419 66.006866
v -143.726349 132.673676 66.347137
v -143.722870 133.612549 56.840973
v -143.714508 130.399506 66.294952
v -143.712769 134.067078 56.777489
v -143.711014 68.488541 23.961792
v -143.709152 86.774323 23.971003
v -143.706146 133.668045 66.093117
v -143.704407 136.226929 58.227310
v -143.702667 129.916290 63.574715
v -143.695572 118.509094 23.137959
v -143.682465 130.228378 64.337105
v -143.680740 128.523071 62.823803
v -143.672363 130.427063 64.654770
v -143.667465 137.959045 66.209038
v -143.665741 135.400894 65.966232
v -143.664688 59.363022 24.089096
v -143.608292 128.293854 63.407124
v -143.599365 91.274902 22.304432
v -143.590775 100.881424 66.970566
v -143.588852 133.404297 29.806236
v -143.584808 109.429146 22.393581
v -143.584808 109.536797 22.233208
v -143.556839 59.951927 66.846222
v -143.518265 96.373962 66.915878
v -143.502121 123.563354 22.110592
v -143.497742 116.674538 22.139126
v -143.495544 113.230125 22.153389
v -143.491165 106.341309 22.181923
v -143.473511 128.404266 63.112648
v -143.446732 118.754250 22.139338
v -143.414673 109.353226 22.342615
v -143.414673 109.460876 22.182243
v -143.414673 109.568527 22.021870
v -143.411163 128.146927 63.124203
v -143.408478 120.152550 22.380058
v -143.405914 95.575584 22.399677
v -143.389145 132.645721 23.357777
v -143.357101 101.099709 22.385628
v -143.354904 97.655296 22.399891
v -143.346497 135.874191 56.618652
v -143.344849 133.287827 56.629364
v -143.337784 91.232582 22.508663
v -143.335266 133.637817 56.689613
v -143.328751 85.133156 22.388357
v -143.323227 109.494484 22.437439
v -143.317444 67.329224 22.462097
v -143.293189 65.389428 69.039418
v -143.289948 134.283630 61.346004
v -143.283616 53.862567 68.991950
v -143.265106 91.214485 22.622570
v -143.259079 91.230705 22.042126
v -143.225174 71.147331 22.379585
v -143.223718 65.390570 69.094458
v -143.220490 54.716759 68.999153
v -143.182449 82.606995 66.987778
v -143.180389 91.228821 21.575590
v -143.178231 56.529546 22.582239
v -143.174713 76.746811 22.530849
v -143.167923 66.064453 22.575090
v -143.167648 91.264313 22.297325
v -143.163389 60.361047 69.142254
v -143.161656 60.187833 69.143626
v -143.153091 109.418564 22.386475
v -143.129960 65.388263 69.168738
v -143.129824 65.228289 69.168846
v -143.129113 65.316504 69.169409
v -143.123569 56.516413 22.439293
v -143.112317 55.255572 69.182716
v -143.097885 83.532570 22.516430
v -143.095612 79.971786 22.531178
v -143.088943 91.154778 21.991161
v -143.088943 91.262436 21.830788
v -143.075653 69.771271 22.658371
v -143.074387 109.416679 21.919939
v -143.074387 109.524330 21.759563
v -143.061646 109.452171 22.641674
v -143.060593 88.650200 22.584743
v -143.059845 127.678581 21.848715
v -143.029572 100.266457 22.524200
v -143.029572 100.266457 22.524204
v -143.024246 73.537323 67.815163
v -143.010254 91.152893 21.524626
v -142.997498 91.188385 22.246357
v -142.996449 56.515831 22.414372
v -142.995697 109.414795 21.453402
v -142.982941 109.450287 22.175137
v -142.968399 127.712189 22.103910
v -142.968140 136.180542 57.274689
v -142.958367 56.537122 23.045839
v -142.918808 91.186508 21.779823
v -142.906067 91.222000 22.501556
v -142.891510 109.483902 22.430332
v -142.875809 114.648178 67.546265
v -142.859818 122.184303 21.184893
v -142.857635 118.739891 21.199160
v -142.857239 97.499687 21.364891
v -142.855438 115.295486 21.213427
v -142.848877 104.962257 21.256224
v -142.840118 91.184624 21.313286
v -142.831985 91.166847 21.869106
v -142.827362 91.220116 22.035019
v -142.825562 109.446526 21.242065
v -142.819382 120.030548 21.600254
v -142.819000 98.897995 21.605610
v -142.817184 116.801445 21.293772
v -142.816803 95.453583 21.619873
v -142.815002 113.357033 21.308035
v -142.812805 109.912628 21.322302
v -142.810623 106.468216 21.336569
v -142.804443 117.159889 21.534386
v -142.804443 117.159897 21.534382
v -142.804443 117.159897 21.534384
v -142.785492 125.681053 67.772308
v -142.783310 125.411522 21.024837
v -142.783310 125.411530 21.024839
v -142.780746 100.403954 21.685951
v -142.780746 100.403954 21.685955
v -142.770569 125.339363 21.906944
v -142.767990 101.193008 21.285074
v -142.763611 94.088890 21.634352
v -142.761810 111.992340 21.322515
v -142.748672 91.218231 21.568485
v -142.742874 123.473076 21.119452
v -142.737457 91.201591 22.132927
v -142.735916 91.253723 22.290218
v -142.734116 109.480133 21.497259
v -142.734116 109.480133 21.497261
v -142.734116 109.480133 21.497263
v -142.729736 102.483665 21.686165
v -142.723175 92.150436 21.728964
v -142.721375 109.515625 22.218994
v -142.717636 128.275864 68.028610
v -142.706818 127.669876 22.308144
v -142.704620 124.871384 21.360168
v -142.704620 124.871384 21.360170
v -142.668259 134.268356 61.704342
v -142.658157 135.405151 60.624458
v -142.657227 91.144196 21.984055
v -142.657227 91.251846 21.823681
v -142.656097 91.199646 21.650627
v -142.653625 126.412827 22.162251
v -142.644470 91.287338 22.545418
v -142.642670 109.406090 21.912830
v -142.642670 109.406090 21.912834
v -142.633484 105.554459 67.879150
v -142.629929 109.549240 22.474194
v -142.628113 127.560341 22.001980
v -142.628113 127.667992 21.841606
v -142.628113 127.667992 21.841608
v -142.618423 74.581993 21.558683
v -142.615372 127.595833 22.723713
v -142.609772 82.074127 21.777933
v -142.595825 136.256500 58.984360
v -142.578537 91.142311 21.517521
v -142.572479 87.303047 21.680452
v -142.565781 91.177803 22.239254
v -142.565704 76.731979 21.558903
v -142.563980 109.404213 21.446295
v -142.563431 72.948608 21.905235
v -142.563431 73.171188 21.573652
v -142.561569 91.234390 21.914448
v -142.560242 127.695351 21.956310
v -142.555678 56.515100 21.890176
v -142.548782 137.931458 67.664902
v -142.536682 127.701599 22.096806
v -142.536667 127.701599 22.096802
v -142.532944 88.859886 21.763514
v -142.532600 56.535229 22.472686
v -142.528412 81.738312 21.793009
v -142.526154 78.177528 21.807756
v -142.521622 71.055954 21.837250
v -142.519363 67.495163 21.852001
v -142.519165 100.361633 21.890186
v -142.517105 63.934380 21.866749
v -142.504608 118.623535 21.818960
v -142.504608 118.623535 21.818962
v -142.493393 90.639305 21.514990
v -142.492233 119.014671 53.487415
v -142.488876 83.517731 21.544485
v -142.487091 91.283569 21.612343
v -142.480209 91.121155 21.597940
v -142.480209 91.232445 21.432150
v -142.475296 61.596565 22.461933
v -142.475296 62.264305 21.467180
v -142.472534 109.545471 21.541121
v -142.467041 91.157845 22.344055
v -142.467041 91.157852 22.344059
v -142.467041 91.269135 22.178265
v -142.461139 56.526605 22.187101
v -142.457977 127.592072 21.790642
v -142.449326 84.963287 21.793337
v -142.445236 127.735214 22.352003
v -142.435745 63.598564 21.881824
v -142.422562 63.857838 22.296360
v -142.395901 53.895744 67.880519
v -142.385681 91.267197 21.695969
v -142.385284 73.445480 67.753510
v -142.381088 109.471428 21.956688
v -142.381088 109.471428 21.956692
v -142.374359 73.018097 22.432873
v -142.373322 119.677185 57.057419
v -142.372498 91.192596 22.607878
v -142.371735 73.597450 68.349487
v -142.355499 128.114258 67.920128
v -142.355499 128.228821 67.749451
v -142.339355 82.030380 21.989063
v -142.304306 128.261414 67.808510
v -142.304199 91.135490 22.443485
v -142.293015 72.904861 22.116367
v -142.291153 91.190643 22.125580
v -142.291153 91.190651 22.125580
v -142.289566 119.331474 57.072945
v -142.279831 72.941559 22.862486
v -142.276001 119.942085 56.987659
v -142.263943 56.517350 22.122711
v -142.260147 125.219246 21.593676
v -142.258347 119.439163 56.563995
v -142.249588 126.438446 25.668983
v -142.243569 56.526726 22.323776
v -142.241974 128.174652 67.565956
v -142.231873 134.172623 59.244217
v -142.225510 91.133606 21.976948
v -142.210953 109.395508 21.905727
v -142.210953 109.503159 21.745350
v -142.210480 119.099335 67.810745
v -142.204651 73.479164 67.529137
v -142.198593 127.656937 26.952183
v -142.196396 127.657410 21.834501
v -142.191116 73.516846 68.295380
v -142.168274 59.727306 67.930359
v -142.153763 118.937325 26.914955
v -142.143524 64.373810 68.085587
v -142.132645 127.727219 25.603542
v -142.124466 137.545029 21.930027
v -142.119507 109.429115 22.160923
v -142.115265 91.223450 21.907101
v -142.109955 127.791710 25.514668
v -142.107559 73.514847 67.800072
v -142.100388 130.405075 22.203087
v -142.100388 130.405075 22.203091
v -142.098740 127.737877 22.334221
v -142.098740 127.737877 22.334225
v -142.089172 127.764526 22.876165
v -142.088715 136.101761 60.907757
v -142.066696 126.828621 25.698261
v -142.055801 137.489441 22.242077
v -142.044846 134.168152 58.135426
v -142.042618 91.308472 22.326969
v -142.039658 127.736465 21.983910
v -142.036819 123.455666 22.038309
v -142.030075 127.763115 22.525850
v -142.025879 106.341278 21.949265
v -142.015701 127.724159 27.462582
v -142.010483 73.550529 68.071007
v -141.994339 136.184982 58.199158
v -141.983627 122.090973 22.052786
v -141.981445 118.646561 22.067051
v -141.981064 97.514008 22.072411
v -141.979248 115.309807 21.920944
v -141.977066 111.865395 21.935211
v -141.974396 82.132675 22.298223
v -141.974106 59.912964 68.301964
v -141.972687 104.976578 21.963745
v -141.963928 91.198944 22.020807
v -141.962509 127.758942 25.392204
v -141.962296 128.253036 67.802879
v -141.941010 116.815765 22.001291
v -141.940613 95.575554 22.167021
v -141.938431 92.131149 22.181286
v -141.926941 73.548531 67.575699
v -141.891800 101.099678 22.152966
v -141.885440 56.535472 22.416503
v -141.865814 64.328888 68.302414
v -141.861282 136.039185 62.340137
v -141.854446 127.758522 25.317707
v -141.844849 91.179703 22.118233
v -141.833527 73.264481 22.357765
v -141.831268 69.703697 22.372513
v -141.815826 56.274818 37.888870
v -141.793488 59.946648 68.077591
v -141.784149 127.703278 21.786945
v -141.771744 61.171314 22.416977
v -141.771744 61.171318 22.416977
v -141.758972 83.611023 22.328598
v -141.756699 80.050240 22.343346
v -141.754440 76.600746 22.192303
v -141.750305 91.214447 22.382050
v -141.745392 62.246307 22.417088
v -141.734467 55.939003 37.903950
v -141.721680 88.839943 22.231117
v -141.721283 56.532143 37.821106
v -141.720159 56.583159 21.426056
v -141.717117 127.728165 25.821381
v -141.714890 78.157585 22.275360
v -141.712631 74.596794 22.290108
v -141.697968 127.700630 27.025684
v -141.697968 127.700630 27.025688
v -141.682114 133.654175 27.004341
v -141.653122 66.064423 22.334572
v -141.645966 61.682569 21.417543
v -141.619736 129.126709 25.712067
v -141.619736 129.126709 25.712070
v -141.609436 82.123680 22.773176
v -141.586377 58.572541 21.278420
v -141.566608 61.690799 21.317606
v -141.564008 61.576375 21.311974
v -141.563153 61.691157 21.313256
v -141.563153 61.691157 21.313256
v -141.561249 91.172653 23.075481
v -141.519928 105.488899 68.577888
v -141.491989 127.776344 27.600559
v -141.488179 58.238480 21.147678
v -141.468582 73.032906 23.164299
v -141.468313 56.594643 21.101572
v -141.466705 91.318687 23.173510
v -141.461609 127.775810 25.503996
v -141.460815 56.560384 21.875321
v -141.445099 136.143082 58.355324
v -141.423019 128.129486 68.673103
v -141.393234 133.645706 40.623997
v -141.386154 91.739388 69.251678
v -141.364517 134.776505 40.684326
v -141.364517 134.776520 40.684326
v -141.357086 119.346710 57.825920
v -141.356583 137.793701 40.613441
v -141.356583 137.793701 40.613445
v -141.352448 136.140656 59.828079
v -141.340897 63.794151 22.975098
v -141.324008 61.663527 21.671974
v -141.315510 56.569353 21.690145
v -141.292694 73.065704 22.945820
v -141.290817 91.240196 23.120823
v -141.287883 58.839003 21.726162
v -141.276535 128.151352 63.864361
v -141.276323 58.783282 21.709658
v -141.246948 57.877167 59.772930
v -141.241959 128.163254 68.448189
v -141.240367 61.179462 21.738072
v -141.240366 61.179465 21.738073
v -141.235336 118.984085 51.140518
v -141.216019 127.740829 23.518951
v -141.209473 91.238251 22.638525
v -141.205826 128.262878 67.993790
v -141.141754 128.261765 63.569885
v -141.116638 87.203293 68.591194
v -141.114944 91.161705 23.068134
v -141.109801 61.172932 21.841254
v -141.103275 61.638025 22.003074
v -141.070465 63.861694 23.020439
v -141.068604 82.036186 23.195440
v -141.060944 128.230850 68.525177
v -141.060883 128.197021 68.223267
v -141.035660 109.906288 69.067284
v -141.035660 110.020859 68.896614
v -141.024017 91.692352 68.972519
v -141.012392 56.452938 23.695780
v -141.009094 73.058647 23.903074
v -140.987427 60.307968 66.344276
v -140.986771 133.545456 56.795937
v -140.963982 61.642234 21.956489
v -140.954437 127.698509 23.723183
v -140.954437 127.698517 23.723183
v -140.948090 134.254532 62.247959
v -140.927734 72.945412 23.586567
v -140.926163 128.255981 68.357750
v -140.920517 137.837814 31.559490
v -140.904221 134.111893 56.807571
v -140.903015 133.687347 42.748158
v -140.875748 127.696632 23.256649
v -140.863815 134.309647 58.967598
v -140.845688 125.787323 56.950012
v -140.829422 133.632812 31.531775
v -140.818542 126.893982 56.950127
v -140.816360 118.938004 50.411678
v -140.800049 63.706661 23.397366
v -140.791367 128.281128 68.190331
v -140.784302 127.730240 23.511845
v -140.784302 127.730240 23.511847
v -140.761932 125.441605 56.965538
v -140.751846 72.866928 23.533882
v -140.751846 72.978218 23.368088
v -140.734802 126.548271 56.965645
v -140.727753 77.725281 23.187656
v -140.725891 125.553932 70.162804
v -140.721222 127.158890 56.880367
v -140.673523 109.973824 68.617455
v -140.671600 128.225525 69.480316
v -140.669510 82.583229 69.194664
v -140.657318 73.012962 23.631908
v -140.652023 105.015800 23.385891
v -140.642136 125.437355 69.836967
v -140.642136 125.781067 69.324936
v -140.616348 127.653847 28.578564
v -140.597168 78.086700 69.140106
v -140.582092 118.468597 23.343410
v -140.578842 134.649414 41.297749
v -140.577146 56.486026 23.663925
v -140.575958 73.011017 23.149607
v -140.544992 56.565242 22.394470
v -140.544815 125.473129 70.108559
v -140.538895 133.624680 41.308620
v -140.531250 125.969177 70.193954
v -140.528900 117.211555 23.197514
v -140.528519 95.863693 23.523617
v -140.528519 95.863693 23.523621
v -140.507782 125.247879 23.008717
v -140.501785 125.930649 66.454361
v -140.501602 128.217072 69.253113
v -140.501602 134.272217 60.232548
v -140.500092 78.236679 69.240776
v -140.494426 56.572546 22.333025
v -140.491701 56.572963 22.329715
v -140.490646 118.609856 23.438236
v -140.490540 128.259293 69.255402
v -140.481888 104.939880 23.334927
v -140.470726 56.481632 23.746847
v -140.461197 134.299393 62.646671
v -140.444031 127.686043 23.249542
v -140.435104 63.808949 23.706524
v -140.432831 61.138481 22.394936
v -140.423836 61.117785 22.383346
v -140.423789 61.138620 22.383383
v -140.423789 61.138620 22.383383
v -140.372665 117.679443 69.828613
v -140.366806 128.242203 69.085686
v -140.363754 125.506897 69.883644
v -140.356354 92.019531 69.934891
v -140.355423 68.900742 69.642448
v -140.355423 69.015038 69.472183
v -140.333569 54.025877 65.230003
v -140.331604 138.075912 69.051949
v -140.293579 128.102188 64.693466
v -140.288330 133.671280 52.519665
v -140.284256 110.002335 69.874504
v -140.276077 127.609650 28.316261
v -140.263415 60.546912 22.510120
v -140.259216 63.841751 23.488045
v -140.256760 121.079750 23.467722
v -140.249315 56.471536 23.786605
v -140.235254 53.784745 69.619875
v -140.222992 101.218552 69.920273
v -140.214172 54.674088 69.575768
v -140.196259 128.252533 64.794380
v -140.178344 56.466658 23.846468
v -140.169113 128.328079 66.330582
v -140.140747 58.610806 70.144676
v -140.104126 126.275047 56.499931
v -140.103180 109.921524 69.820259
v -140.103180 110.036095 69.649590
v -140.098938 128.173737 65.236649
v -140.095505 128.292847 64.696533
v -140.091614 137.414200 23.414364
v -140.081888 56.459127 23.885562
v -140.077713 68.970108 69.689011
v -140.067139 119.084778 69.534050
v -140.065887 127.687881 23.698135
v -140.064575 91.786392 69.938774
v -140.053558 127.142365 58.354767
v -140.052963 73.502327 70.014503
v -140.044662 127.637413 69.333122
v -140.038193 125.376450 56.594646
v -140.038193 125.376457 56.594650
v -140.037659 119.389961 65.282425
v -140.033173 128.206070 64.453987
v -140.031082 128.248032 69.247841
v -140.031082 128.362595 69.077164
v -140.016998 82.529068 69.899254
v -140.015182 127.140617 66.276230
v -140.015182 128.286301 64.569466
v -140.012695 126.523964 56.434380
v -140.007706 67.787521 70.130096
v -140.006805 127.686470 23.347820
v -140.001617 127.751236 66.190948
v -139.998395 60.868933 22.719556
v -139.997962 53.791660 69.404389
v -139.988052 128.247284 66.276344
v -139.983383 127.217155 56.919479
v -139.978424 126.596817 37.407112
v -139.967484 118.632881 23.686325
v -139.959503 125.051613 56.609230
v -139.959503 125.159271 56.448860
v -139.958160 100.906609 69.710876
v -139.955872 73.652298 70.115173
v -139.953918 119.273392 64.956589
v -139.943985 134.258057 65.014786
v -139.931442 126.909470 66.121078
v -139.926515 56.452570 23.975228
v -139.924051 56.557102 22.783667
v -139.921249 126.665222 56.529205
v -139.917862 128.207504 65.011734
v -139.904297 126.985016 67.657288
v -139.904114 126.701653 47.015572
v -139.883957 91.705788 69.884666
v -139.883957 91.820076 69.714401
v -139.877151 127.060562 69.193489
v -139.872330 73.421715 69.960396
v -139.872330 73.536011 69.790131
v -139.840670 56.439074 24.118836
v -139.815842 128.285950 65.060501
v -139.805740 128.825760 64.869965
v -139.795639 128.427460 66.076988
v -139.792465 137.408890 69.525703
v -139.782364 137.948715 69.335167
v -139.782364 138.033997 69.208115
v -139.778900 132.406006 69.484818
v -139.778900 132.661865 69.103668
v -139.777161 130.530136 68.225616
v -139.775436 129.251251 66.077072
v -139.767059 133.287338 64.731781
v -139.765335 129.705795 66.013588
v -139.760437 136.214355 69.092453
v -139.753494 128.199173 64.817955
v -139.741760 56.436526 24.165295
v -139.736801 128.241272 64.786819
v -139.727478 110.026833 70.138535
v -139.724930 130.329956 67.538353
v -139.720032 137.947235 68.965569
v -139.715836 91.812897 70.043770
v -139.715062 61.152791 22.943463
v -139.714828 129.675812 69.126526
v -139.691147 128.282959 64.321304
v -139.690607 56.408450 24.183402
v -139.687851 133.764633 49.438019
v -139.684525 130.868851 69.190178
v -139.679779 100.861580 69.928230
v -139.666946 78.101906 69.891258
v -139.632080 91.696320 69.717934
v -139.590469 135.082336 49.449127
v -139.555084 127.735855 24.678795
v -139.555084 127.735855 24.678799
v -139.534760 91.846664 69.818848
v -139.521606 114.603828 70.239899
v -139.520908 56.423882 24.307005
v -139.483917 128.249435 64.483101
v -139.481103 56.422491 24.332730
v -139.443512 128.276627 66.897224
v -139.420837 132.683044 23.906887
v -139.390701 58.182480 24.980120
v -139.388229 123.802849 70.225281
v -139.368317 133.569412 37.603157
v -139.365341 109.979797 69.859375
v -139.341248 137.367416 37.532352
v -139.339600 134.700226 37.663486
v -139.339600 134.700226 37.663490
v -139.328111 56.396724 24.555365
v -139.295066 56.401608 24.513891
v -139.261444 118.615479 24.605183
v -139.257441 56.380180 24.764014
v -139.243210 114.558792 70.457253
v -139.214813 127.691658 24.416492
v -139.195877 118.933739 54.363632
v -139.183853 82.508591 70.379471
v -139.173950 128.241608 66.689423
v -139.172241 64.338806 70.284935
v -139.157394 132.029480 29.058056
v -139.152756 134.399292 37.636169
v -139.149246 127.794617 54.495689
v -139.146683 123.241005 24.685848
v -139.081131 81.987305 24.605606
v -139.050812 91.685303 70.364883
v -139.000595 54.799835 70.265434
v -138.990929 53.744317 70.260333
v -138.964828 114.513756 70.674606
v -138.928772 123.677010 70.388397
v -138.906143 82.577957 70.426033
v -138.897247 134.285263 37.559631
v -138.887680 134.635254 37.619884
v -138.887665 134.635254 37.619884
v -138.885101 123.198692 24.890079
v -138.885101 123.306343 24.729708
v -138.874496 125.775772 70.559296
v -138.870193 91.833282 69.970253
v -138.861786 127.682953 24.875921
v -138.857300 133.179703 37.690926
v -138.847733 133.610519 37.630753
v -138.817657 136.787094 54.436508
v -138.811081 137.758530 37.620201
v -138.811081 137.758530 37.620205
v -138.810715 82.054848 24.650948
v -138.806641 128.256012 70.986275
v -138.784897 109.454666 25.202343
v -138.772781 127.841599 54.720364
v -138.771332 134.286514 61.347939
v -138.756912 133.956818 54.458172
v -138.736130 137.979797 70.461815
v -138.722900 128.139435 70.660439
v -138.700363 64.479538 70.873367
v -138.693451 109.488274 25.457542
v -138.688782 134.255981 62.248924
v -138.652786 55.222221 70.833839
v -138.626434 128.284607 70.772842
v -138.623520 63.838558 25.169376
v -138.623520 123.156372 25.094315
v -138.612961 127.066887 25.160290
v -138.599411 68.474335 25.154739
v -138.593979 55.145355 63.372780
v -138.578000 54.758098 72.775072
v -138.567322 73.541969 71.029045
v -138.564102 128.197845 70.530296
v -138.558014 58.686131 71.430153
v -138.547394 127.708107 54.437614
v -138.539703 135.110382 50.166687
v -138.509338 133.654816 50.237732
v -138.508759 127.781906 25.174976
v -138.493820 125.234207 24.627991
v -138.491241 100.334282 25.128731
v -138.484970 127.783691 24.985233
v -138.483765 73.425682 70.704002
v -138.458618 55.293587 71.375710
v -138.446426 91.291710 25.572620
v -138.444626 109.410469 24.940037
v -138.444626 109.410469 24.940041
v -138.430069 127.780022 24.708443
v -138.408651 56.367131 25.121878
v -138.386688 73.461365 70.974937
v -138.367737 91.289825 25.106087
v -138.353180 109.444077 25.195236
v -138.322495 135.051422 47.681538
v -138.292130 133.595871 47.752579
v -138.291519 60.318390 62.893520
v -138.285843 133.217636 56.582253
v -138.276276 133.567627 56.642502
v -138.258560 63.829559 25.644329
v -138.207611 133.673706 56.713707
v -138.199387 133.594635 37.620083
v -138.193100 127.800461 54.518066
v -138.192520 73.647018 71.346542
v -138.183044 109.475807 24.983900
v -138.177368 123.773056 71.195610
v -138.162720 55.173046 61.662491
v -138.153107 68.463387 25.147392
v -138.117859 137.527298 24.887749
v -138.082672 63.862358 25.425850
v -138.082672 63.973648 25.260059
v -138.078842 109.437256 26.121201
v -138.052490 134.318436 37.581894
v -138.032349 114.643570 71.256905
v -138.014709 91.281128 25.565517
v -138.012543 133.293701 37.592766
v -138.002960 133.643692 37.653015
v -137.999776 53.719926 71.474941
v -137.987396 109.578514 26.216022
v -137.968079 100.357307 25.376822
v -137.968079 100.357307 25.376823
v -137.966232 54.902035 57.281876
v -137.954254 130.456726 70.940811
v -137.947327 53.657304 73.250215
v -137.936020 91.171593 25.259354
v -137.935028 114.679337 71.528503
v -137.930267 60.385757 62.444778
v -137.924728 134.261414 37.543625
v -137.906784 63.783867 25.373161
v -137.905518 65.260841 62.259480
v -137.905289 127.661720 24.903358
v -137.900330 117.146858 25.480450
v -137.885010 55.128120 61.879318
v -137.885010 55.242409 61.709053
v -137.874039 54.878021 56.912468
v -137.871460 55.280090 62.475296
v -137.869141 55.166298 57.212284
v -137.862518 54.710522 62.135361
v -137.816132 133.342758 37.625698
v -137.792679 54.542210 56.927544
v -137.789047 133.664871 42.733063
v -137.772064 55.430565 57.142693
v -137.769428 53.662213 71.244484
v -137.764450 127.225052 29.221279
v -137.753830 54.737839 73.250122
v -137.751709 127.691154 29.301517
v -137.741180 133.717285 45.563190
v -137.741180 133.717285 45.563194
v -137.738571 109.393059 25.858898
v -137.738571 109.500710 25.698524
v -137.726656 56.294015 25.764449
v -137.718735 134.660477 37.636810
v -137.686829 57.918068 25.764614
v -137.678802 133.635742 37.647678
v -137.673462 87.194733 71.549240
v -137.636434 56.240823 26.412259
v -137.622711 127.788971 30.054607
v -137.621063 127.708481 26.332218
v -137.617630 125.356178 25.175140
v -137.614777 130.725327 30.104149
v -137.581573 127.722885 29.090179
v -137.560623 133.147903 37.669582
v -137.552399 127.733719 26.523846
v -137.551041 133.578735 37.609409
v -137.538940 125.031334 25.189722
v -137.523270 123.833328 71.731239
v -137.522324 134.709534 37.669743
v -137.521121 53.640792 73.496500
v -137.480453 73.083115 26.564957
v -137.477737 133.629562 49.871403
v -137.462433 125.459595 29.199377
v -137.447495 124.957291 25.605293
v -137.411438 127.754616 28.878839
v -137.407715 123.907860 61.877975
v -137.396500 126.498749 26.407372
v -137.377167 117.169884 25.728542
v -137.370987 126.569733 27.850838
v -137.365555 127.675293 26.135260
v -137.355988 127.782776 26.556778
v -137.342209 123.752525 71.676994
v -137.326309 123.790794 66.998619
v -137.315613 123.160103 25.794729
v -137.269699 119.130493 71.792984
v -137.262299 73.662224 72.097694
v -137.254044 126.566673 29.709877
v -137.254044 126.674324 29.549503
v -137.221359 91.177170 26.204973
v -137.220078 128.331512 72.274872
v -137.203079 135.104706 48.590721
v -137.172714 133.729980 48.541340
v -137.169128 127.724358 26.168192
v -137.137100 126.563614 31.568914
v -137.133829 53.627656 73.810270
v -137.128677 73.037422 26.293791
v -137.103043 56.264873 26.300217
v -137.081665 73.581612 72.043587
v -137.053726 61.314823 26.601746
v -137.045715 82.608360 71.928329
v -137.045471 91.209969 25.986492
v -137.031815 127.774834 26.551443
v -137.031799 127.774826 26.551441
v -137.030960 128.188492 72.182701
v -137.009537 125.691681 72.235931
v -136.997177 134.328735 56.768837
v -136.993958 54.750252 73.863716
v -136.990280 122.541687 30.730242
v -136.985901 118.667137 26.268314
v -136.966965 127.025948 30.716082
v -136.966965 127.025948 30.716084
v -136.939621 72.995628 26.987221
v -136.930893 119.058029 50.026974
v -136.929779 137.444138 26.229401
v -136.926468 137.169373 56.832657
v -136.925781 126.033386 71.227386
v -136.913635 127.691170 25.971230
v -136.913620 127.691170 25.971233
v -136.911575 125.231117 26.254372
v -136.906464 56.154427 37.808060
v -136.905701 130.385025 26.382038
v -136.904816 92.125519 72.729446
v -136.904053 127.798660 26.392750
v -136.901337 134.072723 56.632187
v -136.876297 78.147514 72.144707
v -136.873718 127.738625 56.319191
v -136.861115 137.469376 26.421024
v -136.860962 137.962067 72.108589
v -136.859966 53.619202 74.104771
v -136.857941 128.284485 71.995712
v -136.857819 132.619980 25.960758
v -136.847824 127.669281 26.495193
v -136.837036 129.844421 27.416622
v -136.834320 136.765167 56.692680
v -136.821075 91.779816 72.744972
v -136.819534 133.939117 26.322186
v -136.811935 56.411751 37.740295
v -136.802017 137.467957 26.070705
v -136.802017 137.467957 26.070709
v -136.789154 132.726059 26.031960
v -136.787521 127.714638 29.655350
v -136.770935 109.440987 26.821617
v -136.768372 128.495453 29.655430
v -136.763733 72.917137 26.934536
v -136.762543 119.806885 56.896904
v -136.761383 128.238770 71.847855
v -136.758789 129.249619 29.113569
v -136.749222 129.195435 29.775930
v -136.740067 128.130386 57.037331
v -136.725433 134.690277 34.861874
v -136.707413 134.264679 57.831619
v -136.706879 73.458084 72.701614
v -136.701950 61.269131 26.330578
v -136.685486 133.665543 34.872742
v -136.685486 133.665543 34.872746
v -136.678787 119.346603 57.083103
v -136.669189 73.063171 27.032562
v -136.658630 129.714294 71.732529
v -136.648834 137.813538 34.862190
v -136.640411 124.729584 56.982750
v -136.639999 91.813576 72.520050
v -136.626602 128.263901 71.680428
v -136.624756 133.583649 30.800041
v -136.623337 73.456085 72.206306
v -136.612137 127.696312 56.523422
v -136.599457 128.151062 56.860847
v -136.593644 61.748750 25.410201
v -136.593644 61.748750 25.410201
v -136.592819 134.063019 56.774757
v -136.587845 73.061226 26.550264
v -136.578812 136.812820 56.375298
v -136.572632 134.886810 56.774841
v -136.571945 127.736168 30.892590
v -136.571304 125.079269 26.152439
v -136.567322 118.976692 56.486195
v -136.564255 137.217209 57.970566
v -136.564026 130.753357 30.821703
v -136.564026 130.753357 30.821705
v -136.562378 127.843658 31.314106
v -136.547760 121.556435 72.926254
v -136.536942 133.581345 32.195969
v -136.536942 133.581345 32.195972
v -136.532013 127.681458 29.458389
v -136.515549 86.745979 26.837934
v -136.511533 61.746649 26.264344
v -136.507553 127.732735 26.072519
v -136.500610 95.836342 26.762165
v -136.493317 72.984680 26.979876
v -136.491821 128.289032 71.513000
v -136.482239 128.275223 72.484665
v -136.481827 105.441261 73.002396
v -136.477295 100.320610 26.748005
v -136.468140 133.548325 56.797867
v -136.462738 118.582504 26.676781
v -136.460953 54.706009 74.439278
v -136.459778 136.731583 56.723083
v -136.459351 113.879326 72.972145
v -136.452118 127.733696 26.349144
v -136.447937 134.372116 56.797951
v -136.430664 109.396790 26.559315
v -136.420563 96.657478 73.048164
v -136.411957 72.982735 26.497578
v -136.409180 137.404419 26.377419
v -136.406189 127.891136 56.500458
v -136.405167 61.743927 27.370781
v -136.404251 127.705276 29.299698
v -136.391968 136.350220 56.588821
v -136.377930 128.197922 56.587494
v -136.373260 109.982483 72.832169
v -136.371170 134.463837 56.720039
v -136.357025 128.228882 71.472626
v -136.352356 126.867279 31.540115
v -136.352356 126.867279 31.540117
v -136.342448 53.595378 74.307508
v -136.339264 64.487053 27.288158
v -136.312408 123.803528 72.701569
v -136.303085 119.795616 56.889343
v -136.285263 125.941315 71.165588
v -136.280609 128.119110 57.029766
v -136.278320 54.079384 72.808128
v -136.271362 87.236382 73.059082
v -136.270966 64.800652 73.064774
v -136.266752 61.244808 25.668532
v -136.266752 61.244808 25.668532
v -136.266632 61.246155 25.673815
v -136.258118 128.193665 69.458931
v -136.257294 61.350974 26.084881
v -136.255646 61.369476 26.157440
v -136.248169 127.689949 31.394434
v -136.233566 133.681412 34.708717
v -136.233551 133.681412 34.708717
v -136.230988 127.238098 72.531227
v -136.219131 70.551132 73.220116
v -136.217407 127.848709 72.445946
v -136.201508 126.970428 69.132980
v -136.195099 128.141174 56.485619
v -136.190979 127.758354 50.516525
v -136.190979 127.758354 50.516529
v -136.187943 127.466476 69.218376
v -136.168274 134.621078 56.780769
v -136.147232 127.006950 72.376068
v -136.141541 72.938995 26.708710
v -136.127960 127.806580 26.223387
v -136.126709 78.129028 73.120232
v -136.125244 133.999817 56.583248
v -136.122849 119.432213 56.559326
v -136.122849 123.415352 50.625511
v -136.117791 56.140665 27.595355
v -136.112274 126.572296 51.814098
v -136.105927 134.363724 56.792320
v -136.104202 125.860512 71.111343
v -136.104202 127.120766 69.233902
v -136.101547 60.454094 73.110886
v -136.095215 63.368317 27.499182
v -136.095200 63.368317 27.499182
v -136.090622 127.731384 69.148613
v -136.088974 127.826988 56.611145
v -136.082016 127.802353 56.615547
v -136.079117 68.985992 72.910439
v -136.077057 128.112869 69.404686
v -136.077057 128.227432 69.234016
v -136.067261 128.250107 72.408363
v -136.058411 96.381302 73.110367
v -136.050217 128.194427 56.889961
v -136.046997 134.455887 56.714699
v -136.045258 127.158287 61.584026
v -136.022781 128.263947 72.477097
v -136.022781 128.378525 72.306427
v -136.022369 105.429993 72.994827
v -136.022369 105.544563 72.824158
v -136.018112 123.911339 68.069870
v -136.006882 128.187653 67.969398
v -135.987658 61.250508 25.894550
v -135.984008 61.249148 25.891974
v -135.984008 61.757261 25.891974
v -135.972870 128.759766 69.064514
v -135.969711 137.655914 72.640282
v -135.962769 137.230972 57.058311
v -135.958908 133.701538 35.595638
v -135.954132 100.235977 27.156467
v -135.945618 119.403877 68.015175
v -135.935944 133.647385 72.345383
v -135.934204 130.918671 72.356682
v -135.918131 61.224603 25.845472
v -135.917465 136.944031 72.715317
v -135.914001 131.742462 72.356766
v -135.910538 128.417145 69.203117
v -135.905640 134.669861 72.663132
v -135.897263 137.938385 72.461296
v -135.897263 138.023682 72.334251
v -135.895667 59.997468 25.829615
v -135.892059 130.519806 71.351753
v -135.881958 130.292084 72.304672
v -135.880234 129.780746 69.012665
v -135.865101 58.304408 25.808039
v -135.855133 137.027832 72.218666
v -135.850268 57.376004 25.797568
v -135.845864 56.397400 25.794460
v -135.841705 128.297714 72.252182
v -135.837967 55.942757 37.906471
v -135.825806 128.106857 67.915161
v -135.825806 128.221420 67.744484
v -135.824829 137.965012 72.663467
v -135.824783 56.535900 37.823631
v -135.817886 129.438126 69.151268
v -135.809525 130.745117 71.871590
v -135.791489 134.341858 56.638161
v -135.785858 128.840576 67.828674
v -135.783997 100.267708 26.945129
v -135.740463 56.211304 27.148060
v -135.733612 128.213974 67.776657
v -135.732792 61.760768 26.090500
v -135.725830 127.794228 50.670837
v -135.723511 128.583237 67.840225
v -135.721708 53.594349 74.797513
v -135.715851 95.817047 27.214489
v -135.712540 57.164753 27.423412
v -135.702042 136.764969 50.578609
v -135.692551 100.408966 27.039955
v -135.689178 127.900475 56.681412
v -135.677994 118.563217 27.129105
v -135.671677 135.309402 50.649651
v -135.659821 59.537312 27.092049
v -135.649231 130.917496 50.671154
v -135.646637 59.574005 27.838169
v -135.644008 61.764101 25.651974
v -135.635742 119.026268 50.005653
v -135.633850 82.125000 27.583998
v -135.604645 134.040939 56.610847
v -135.598816 128.153824 67.736282
v -135.598816 128.239120 67.609238
v -135.543915 113.321617 27.332806
v -135.543660 61.765506 25.730371
v -135.529760 56.378066 26.040184
v -135.515198 133.715652 54.645653
v -135.489655 58.686813 73.900436
v -135.475250 132.690918 54.656525
v -135.475250 132.690918 54.656528
v -135.459739 61.228662 26.196243
v -135.427017 91.710426 73.098557
v -135.408238 56.165463 27.539470
v -135.387527 77.556778 27.643978
v -135.379929 123.818771 73.454544
v -135.365906 82.605080 73.655006
v -135.355118 128.247421 73.951500
v -135.336692 56.083659 28.275304
v -135.326675 54.802605 74.907623
v -135.281952 59.824478 73.676178
v -135.280369 61.772548 25.936067
v -135.278173 63.383711 26.455921
v -135.271362 128.245422 73.454994
v -135.266235 57.932838 26.255524
v -135.260190 64.487615 25.951832
v -135.259817 62.437891 25.952123
v -135.250809 128.170120 58.054337
v -135.243867 63.384357 26.412115
v -135.239981 64.460228 25.967620
v -135.237244 128.207901 58.822437
v -135.217539 64.230240 25.985153
v -135.158829 104.234848 27.514393
v -135.155792 128.256058 73.702431
v -135.152328 134.141373 56.827362
v -135.144577 125.836731 73.571205
v -135.101532 123.773735 73.671898
v -135.095459 127.697914 27.910236
v -135.067764 125.293365 27.924610
v -135.027649 133.626694 56.850471
v -135.026423 63.388454 26.134462
v -135.026423 63.388454 26.134462
v -135.004008 56.345981 26.448880
v -135.004008 57.689542 26.457850
v -135.004008 58.187125 26.462969
v -135.004008 61.232697 26.544977
v -135.004008 61.260441 26.651974
v -135.004008 61.264190 26.666431
v -135.004008 61.265855 26.672850
v -135.004008 61.338700 26.953784
v -135.004008 63.391183 26.651974
v -135.004008 63.391271 26.672850
v -135.004008 63.398490 28.382173
v -135.003967 128.225510 58.016609
v -134.995255 114.169189 27.901751
v -134.992981 128.314957 73.501671
v -134.985809 138.029617 73.628319
v -134.977081 128.238663 68.993973
v -134.935080 61.265248 26.720902
v -134.904008 63.394029 26.751974
v -134.904008 61.267415 26.751974
v -134.886230 128.306320 73.367584
v -134.851028 138.054749 73.460892
v -134.829498 121.089737 27.661880
v -134.759171 113.302330 27.785130
v -134.755188 127.653717 27.647934
v -134.733673 114.126877 28.105984
v -134.714584 128.155365 73.889702
v -134.703957 54.660260 75.844319
v -134.694229 133.589081 41.634087
v -134.694031 128.080063 58.489037
v -134.683060 123.451988 48.789013
v -134.672205 54.732726 75.869475
v -134.650986 127.830475 28.464493
v -134.632767 119.410851 58.364143
v -134.619923 53.556306 75.827391
v -134.605103 87.195419 74.019516
v -134.582611 136.737411 51.608215
v -134.574509 137.168381 58.306377
v -134.563187 137.493683 28.009495
v -134.533524 128.303696 73.494110
v -134.517075 128.270370 58.415321
v -134.510437 134.267609 58.202187
v -134.509964 91.338402 28.395599
v -134.478363 127.765945 27.942951
v -134.470825 81.948082 27.946230
v -134.447449 123.834007 74.207520
v -134.434525 128.836823 58.426960
v -134.419281 127.764534 27.592636
v -134.380646 114.118172 28.565414
v -134.380646 114.118179 28.565413
v -134.365087 53.555833 75.868351
v -134.339951 54.684967 75.837418
v -134.326928 53.554219 75.844178
v -134.319946 128.208725 58.005348
v -134.314911 91.179787 29.092682
v -134.312256 66.217583 28.449799
v -134.305847 77.604378 28.156921
v -134.282639 104.249168 28.221912
v -134.264542 128.291046 73.725922
v -134.226151 132.662994 28.085835
v -134.202194 128.289551 73.356323
v -134.174308 61.318299 27.481674
v -134.153152 123.941818 69.575821
v -134.122467 127.782364 45.597042
v -134.120518 53.557050 75.942061
v -134.113083 54.741631 75.875458
v -134.099414 53.554059 75.882557
v -134.098679 136.753098 45.504814
v -134.095367 97.750534 28.279720
v -134.071609 136.832703 50.973446
v -134.071594 136.832703 50.973446
v -134.070450 68.770927 28.480284
v -134.061737 132.550568 34.298985
v -134.053848 128.855240 64.889755
v -134.024048 114.659492 74.486168
v -134.018646 132.463242 74.130684
v -133.987991 123.708176 74.370628
v -133.966458 56.065017 28.826478
v -133.963135 91.245384 28.655724
v -133.886230 54.704933 76.052574
v -133.857483 114.141197 28.813503
v -133.857483 114.141197 28.813505
v -133.810852 123.109726 28.785183
v -133.784271 134.107834 56.804840
v -133.708359 128.847595 56.775517
v -133.702667 127.733849 44.218899
v -133.675201 127.772644 33.362644
v -133.675186 127.772644 33.362644
v -133.674881 87.210617 74.770668
v -133.646027 128.590256 56.787071
v -133.641113 137.145645 56.816730
v -133.605301 119.461365 64.835182
v -133.587479 128.242142 75.185867
v -133.587143 133.790329 56.776020
v -133.578156 125.838188 56.984161
v -133.542328 91.278679 29.518690
v -133.530212 78.103271 74.831818
v -133.527771 109.432922 29.607838
v -133.523926 136.791748 56.710518
v -133.523880 128.051514 56.984390
v -133.516763 53.594584 74.986305
v -133.498657 127.763466 56.568504
v -133.494400 125.492477 56.999680
v -133.472778 133.611465 56.671932
v -133.467270 126.599144 56.999794
v -133.462601 119.267738 57.030159
v -133.462463 133.275650 56.799126
v -133.453842 119.043854 56.531273
v -133.453690 127.209755 56.914513
v -133.449036 119.878357 56.944878
v -133.426559 128.201843 57.085304
v -133.413681 133.367554 56.682884
v -133.406403 128.275909 74.960945
v -133.376938 125.716866 74.976242
v -133.375961 82.032379 29.205294
v -133.366348 128.839218 56.769886
v -133.353088 128.211700 75.147041
v -133.342804 128.199844 56.588795
v -133.335449 133.985291 56.573494
v -133.317871 138.045410 75.113304
v -133.317566 133.584763 56.822319
v -133.314102 128.127335 56.844925
v -133.307480 134.039291 56.758835
v -133.293503 91.200867 29.001190
v -133.287277 128.893219 65.652435
v -133.280746 91.236359 29.722923
v -133.271495 56.044492 29.189976
v -133.241669 128.324524 56.792992
v -133.237076 127.828812 56.612366
v -133.202057 91.234482 29.256386
v -133.194626 129.914200 65.600586
v -133.191478 61.294133 28.106991
v -133.187500 109.388725 29.345535
v -133.187500 109.388725 29.345539
v -133.187500 109.496384 29.185162
v -133.182297 125.444702 76.031456
v -133.180923 99.163155 29.227959
v -133.174423 136.707855 56.707161
v -133.172943 127.650627 29.274313
v -133.169098 127.786049 44.376724
v -133.168732 125.940742 76.116852
v -133.159119 128.890976 56.804634
v -133.145630 127.862419 56.867561
v -133.145309 136.756790 44.284496
v -133.141251 127.755699 46.792564
v -133.140564 72.976349 29.860241
v -133.138702 91.262131 29.869452
v -133.110352 133.636520 56.857063
v -133.109192 127.828087 32.882980
v -133.100250 134.091049 56.793579
v -133.095795 127.836884 56.638721
v -133.091873 137.189026 56.845848
v -133.081772 137.643555 56.782364
v -133.081573 136.376801 56.606663
v -133.072006 136.726791 56.666916
v -133.064850 53.619656 74.919209
v -133.064423 128.040253 56.976822
v -133.044266 128.228867 74.681793
v -133.034439 128.376297 56.827740
v -133.031921 91.158554 29.205421
v -133.030426 133.196518 56.568077
v -133.017563 128.373779 56.649750
v -133.011017 82.134666 29.514458
v -133.002808 127.682358 29.062977
v -132.993759 137.263687 56.677948
v -132.989578 119.867088 56.937317
v -132.987656 125.859947 76.062614
v -132.975555 133.576370 56.816689
v -132.975494 127.786491 56.816597
v -132.975113 125.277802 29.077347
v -132.972092 128.118942 56.839294
v -132.963583 54.682189 77.223147
v -132.958466 127.806519 57.142395
v -132.958466 128.129868 56.660702
v -132.958334 54.690009 77.227305
v -132.952179 133.652588 56.699528
v -132.952179 133.652588 56.699532
v -132.948730 128.201813 74.771812
v -132.941238 118.924202 51.100319
v -132.939050 54.322344 77.242583
v -132.903915 125.628807 75.907463
v -132.902451 73.516891 75.210907
v -132.901510 53.604096 76.924540
v -132.899506 54.680656 76.843292
v -132.891147 56.041514 29.331549
v -132.889801 128.397598 56.491058
v -132.880979 53.594234 77.231841
v -132.879551 54.686171 77.289722
v -132.873947 134.189484 56.710560
v -132.870148 73.043892 29.905581
v -132.843582 132.814758 56.661179
v -132.842316 54.741604 75.673683
v -132.837311 128.229370 56.544815
v -132.824417 110.009674 76.068993
v -132.821136 128.422836 56.682686
v -132.820206 54.803162 76.925529
v -132.788788 72.930656 29.589073
v -132.786926 91.327736 29.432491
v -132.771622 127.828934 56.633385
v -132.768921 127.783890 32.620674
v -132.764862 128.170715 56.874039
v -132.762054 128.178925 56.693634
v -132.740662 110.007668 75.572479
v -132.738022 128.851303 65.808601
v -132.737976 127.829102 46.851204
v -132.722839 125.433434 76.023895
v -132.709274 125.929482 76.109291
v -132.701035 127.749146 29.503826
v -132.679398 100.880188 76.130287
v -132.643341 109.928871 76.014748
v -132.641937 127.747734 29.153511
v -132.634430 117.756325 76.069786
v -132.630081 128.110565 56.833664
v -132.629776 110.424919 76.100143
v -132.628006 133.644638 56.694191
v -132.618088 127.778725 47.040657
v -132.615082 137.120483 56.799843
v -132.611206 73.509651 76.193977
v -132.610214 127.772095 46.812935
v -132.599579 55.225578 76.269707
v -132.598999 137.418457 29.181782
v -132.586426 136.742828 46.720703
v -132.586426 136.742828 46.720707
v -132.582077 101.145096 76.060524
v -132.564697 82.012428 29.672901
v -132.559601 109.583160 76.030273
v -132.559601 109.926865 75.518242
v -132.551422 136.767899 56.694511
v -132.546021 110.079208 76.115669
v -132.536163 54.827415 75.933044
v -132.534378 91.750702 76.191582
v -132.528198 125.848679 76.055054
v -132.527664 73.507652 75.698669
v -132.524915 53.599065 75.927105
v -132.520813 92.361320 76.106300
v -132.509827 133.237640 56.595673
v -132.509446 53.600117 75.916085
v -132.505188 73.034897 30.380531
v -132.498322 100.799385 76.076050
v -132.496964 128.414886 56.677349
v -132.483576 53.603920 75.959520
v -132.483185 127.644440 30.957939
v -132.481445 109.478973 30.104023
v -132.478165 82.686371 76.179398
v -132.466537 64.402298 76.255119
v -132.462433 73.462814 76.100037
v -132.462280 109.962639 75.789833
v -132.462280 110.077202 75.619156
v -132.454147 127.776367 30.754532
v -132.453369 117.675522 76.015541
v -132.448700 110.344116 76.045906
v -132.444458 125.502968 76.070572
v -132.442200 91.713112 76.064140
v -132.431154 53.618049 77.445361
v -132.430573 73.429047 76.139870
v -132.428665 92.207954 76.149323
v -132.417038 73.923889 76.225052
v -132.410324 128.100525 57.512451
v -132.408829 100.894699 75.952492
v -132.404556 91.143028 30.590815
v -132.404556 91.250679 30.430443
v -132.403635 53.617455 76.022251
v -132.401001 100.949722 76.176964
v -132.389999 109.404930 30.519590
v -132.388611 54.761574 75.888840
v -132.388245 109.516533 30.369524
v -132.385315 67.714241 76.255463
v -132.382080 136.818192 51.138390
v -132.381073 82.836342 76.280067
v -132.378784 127.765381 56.940094
v -132.378525 109.502357 75.976036
v -132.378075 53.611052 75.883278
v -132.376663 91.162598 30.614922
v -132.376663 91.276611 30.445070
v -132.375443 127.666824 30.448368
v -132.372772 109.943329 75.836960
v -132.364960 109.998405 76.061424
v -132.356049 117.711288 76.287132
v -132.356049 117.825851 76.116455
v -132.353592 61.504593 76.285866
v -132.353302 91.899040 75.795990
v -132.350067 133.665451 49.895493
v -132.350067 133.665451 49.895496
v -132.347137 125.767876 76.000809
v -132.347031 73.427040 75.644562
v -132.340057 62.113731 76.200790
v -132.335419 54.800102 76.231079
v -132.333496 73.579018 76.240540
v -132.331421 53.982269 75.970985
v -132.329300 72.956406 30.327845
v -132.324783 66.057411 30.025757
v -132.321869 55.294945 76.316269
v -132.318817 127.753967 35.220024
v -132.317261 100.718582 76.021805
v -132.302994 127.792053 30.564259
v -132.297531 82.605759 76.125282
v -132.294281 82.079979 29.718243
v -132.291397 109.438118 30.809658
v -132.291397 109.552132 30.639805
v -132.285904 64.321693 76.201012
v -132.281204 109.881836 75.735596
v -132.276962 128.134048 71.151985
v -132.273926 55.160233 76.107399
v -132.263809 91.765274 76.013786
v -132.263641 64.198723 76.170944
v -132.263382 125.422165 76.016335
v -132.261566 91.746796 75.839767
v -132.261566 91.861084 75.669510
v -132.259705 72.971008 30.593334
v -132.258499 126.479591 34.071518
v -132.258499 127.125511 33.109276
v -132.249939 73.462730 75.915497
v -132.249939 73.577019 75.745232
v -132.248032 92.127350 76.095215
v -132.245743 127.699265 33.029140
v -132.240112 126.610832 47.264748
v -132.237686 73.942307 76.136017
v -132.236252 125.955986 76.869827
v -132.234772 72.879860 30.757456
v -132.234772 72.991150 30.591663
v -132.234421 91.282410 30.219103
v -132.232910 91.165649 30.766666
v -132.232910 91.276932 30.600876
v -132.231583 125.613274 66.488899
v -132.230804 126.551048 30.397295
v -132.229263 128.134293 57.287529
v -132.229004 126.691849 56.547081
v -132.226929 119.885834 64.129791
v -132.219940 100.868919 76.122726
v -132.219864 109.436653 30.308254
v -132.219864 109.544312 30.147882
v -132.215683 119.350266 71.197762
v -132.213303 99.103432 30.351051
v -132.213303 99.211082 30.190676
v -132.211884 126.728279 47.033443
v -132.211884 127.804802 45.429710
v -132.211487 117.114532 29.878841
v -132.210785 118.933487 54.923309
v -132.207504 126.190956 37.599941
v -132.207504 127.698090 35.354713
v -132.206772 126.604874 72.106171
v -132.206146 127.713638 31.004391
v -132.205307 127.806213 30.076656
v -132.200455 82.641441 76.396217
v -132.200378 128.350159 35.359936
v -132.199783 125.804390 56.961472
v -132.199188 117.111725 30.540165
v -132.199127 127.840294 46.151443
v -132.198532 128.350540 31.051184
v -132.196472 91.196198 30.391092
v -132.195541 128.246109 75.931274
v -132.194748 126.764709 37.519810
v -132.193207 126.986351 72.362244
v -132.193207 128.132034 70.655472
v -132.192642 126.497063 33.637154
v -132.192551 127.734047 30.958763
v -132.192169 107.032104 30.322626
v -132.190369 124.935555 30.010788
v -132.190369 125.043205 29.850416
v -132.190369 125.150856 29.690042
v -132.190323 125.015366 30.425074
v -132.188828 64.357376 76.471947
v -132.187790 100.358589 30.030411
v -132.187790 100.466248 29.870037
v -132.186157 91.199631 30.705845
v -132.186157 91.316513 30.531723
v -132.180069 91.419571 76.029305
v -132.179810 126.477715 33.604980
v -132.179810 126.585365 33.444607
v -132.179642 127.138695 72.959671
v -132.179138 118.895645 45.781631
v -132.178101 127.795082 72.480927
v -132.177612 125.294006 30.251402
v -132.177612 125.401657 30.091028
v -132.174973 117.630486 76.232895
v -132.174973 117.745056 76.062218
v -132.174911 126.684273 56.676704
v -132.174911 127.824425 54.978188
v -132.174896 126.684273 56.676708
v -132.174896 127.824425 54.978188
v -132.174500 118.896637 34.941319
v -132.174088 99.707497 30.191133
v -132.173248 118.512840 30.119560
v -132.172241 91.818237 75.741745
v -132.171860 128.257736 46.070438
v -132.170319 110.069946 76.604614
v -132.170319 110.413651 76.092583
v -132.167053 118.977539 45.552853
v -132.167053 126.190247 34.807831
v -132.167053 126.620857 34.166340
v -132.166397 73.003563 76.101242
v -132.166077 125.343369 76.458603
v -132.166077 125.687073 75.946571
v -132.165634 124.862015 37.713715
v -132.164490 91.782478 76.110703
v -132.160492 118.655983 30.680920
v -132.160431 73.007500 30.870403
v -132.160324 128.304733 72.564659
v -132.160217 128.296387 72.623726
v -132.158676 91.741440 76.680527
v -132.158676 118.592674 30.795109
v -132.154785 54.719498 76.176971
v -132.154419 119.502853 57.930729
v -132.154419 119.846558 57.418701
v -132.153412 73.100494 29.943573
v -132.152863 73.498405 76.186432
v -132.152496 125.495705 77.056030
v -132.152496 125.953979 76.373322
v -132.152496 126.526825 75.519936
v -132.152496 128.245361 72.959778
v -132.152130 125.469681 37.628845
v -132.150314 126.367012 56.561661
v -132.149811 126.496315 30.680019
v -132.148712 127.814621 47.190845
v -132.147842 119.080856 75.720978
v -132.147842 119.195427 75.550301
v -132.147110 54.668625 75.850716
v -132.147110 54.762871 75.710312
v -132.147079 100.352753 30.870655
v -132.143265 127.900597 45.666656
v -132.143173 119.310989 64.486664
v -132.142975 91.208366 30.634674
v -132.141556 125.400017 37.534286
v -132.141251 55.214340 76.262161
v -132.141174 109.434776 29.841717
v -132.139359 126.477005 30.812868
v -132.139328 73.993256 76.271622
v -132.138931 127.022873 75.605331
v -132.138626 127.787575 34.996197
v -132.137476 53.631326 75.823661
v -132.136185 100.752350 75.796890
v -132.136185 100.866913 75.626213
v -132.135941 54.793945 76.342178
v -132.135941 55.076691 75.920967
v -132.135941 55.170937 75.780563
v -132.134613 98.993896 30.044889
v -132.134277 125.878181 66.419144
v -132.134277 127.023865 64.712372
v -132.134277 127.138435 64.541695
v -132.134245 53.628937 75.741829
v -132.133179 126.403442 47.048027
v -132.132278 128.258331 30.793415
v -132.131943 128.284622 57.388443
v -132.128799 127.696205 34.888180
v -132.128799 127.803856 34.727806
v -132.128418 109.470268 30.563450
v -132.128418 109.900879 29.921957
v -132.125447 53.647701 76.336637
v -132.125122 126.570999 37.628956
v -132.124927 53.634832 75.858628
v -132.124786 55.296257 76.272026
v -132.122803 127.711647 30.510281
v -132.122803 127.825661 30.340427
v -132.122620 100.790123 76.564995
v -132.122620 101.019257 76.223640
v -132.121857 99.137039 30.606249
v -132.120438 127.838417 45.684906
v -132.120041 117.255798 29.973665
v -132.118378 119.958878 70.615967
v -132.116058 128.162308 34.968418
v -132.116043 125.458679 56.976997
v -132.115845 117.109734 30.046053
v -132.113861 127.732162 30.492226
v -132.113861 127.732170 30.492229
v -132.111786 128.244110 75.434769
v -132.111679 124.933670 29.544254
v -132.111206 109.471718 30.585827
v -132.111206 109.585732 30.415976
v -132.109467 126.526077 72.548439
v -132.109467 126.640640 72.377762
v -132.109467 126.755211 72.207085
v -132.109467 126.869781 72.036407
v -132.109299 125.924995 33.992306
v -132.109299 126.153023 33.652603
v -132.109299 126.381058 33.312897
v -132.106979 124.899353 30.100815
v -132.106979 125.127380 29.761112
v -132.106979 125.355415 29.421406
v -132.105499 118.939224 54.599949
v -132.105286 64.241089 76.146904
v -132.102203 127.761307 30.385410
v -132.101105 125.937569 33.940308
v -132.101105 126.583481 32.978069
v -132.100723 106.958061 30.738195
v -132.100143 109.571892 76.022713
v -132.100143 109.915596 75.510681
v -132.099609 91.231796 30.661373
v -132.098923 124.969162 30.265987
v -132.098923 125.292122 29.784866
v -132.098923 125.399773 29.624491
v -132.098541 104.159569 29.790224
v -132.097500 53.639699 75.863236
v -132.096344 100.284546 30.445980
v -132.096344 100.392197 30.285608
v -132.095886 126.907555 72.804512
v -132.095886 127.136688 72.463158
v -132.095795 126.418640 34.077286
v -132.095795 126.646675 33.737583
v -132.093475 125.278992 30.355650
v -132.093475 125.393005 30.185799
v -132.093475 125.507019 30.015945
v -132.091568 126.340233 56.692154
v -132.088898 126.565338 56.977104
v -132.088364 126.618973 33.699802
v -132.086929 119.044266 56.722374
v -132.086578 110.067940 76.108109
v -132.084366 125.468422 56.656380
v -132.084244 119.233940 57.007469
v -132.083984 118.976593 34.850948
v -132.081802 118.546448 30.374758
v -132.081802 118.546448 30.374760
v -132.080548 53.645268 75.875951
v -132.079482 53.616169 75.342560
v -132.079463 53.617399 75.365838
v -132.078217 54.761227 75.301865
v -132.078064 127.746002 55.418320
v -132.077667 117.666252 76.504486
v -132.077240 99.743095 30.461414
v -132.076261 53.644761 75.899815
v -132.075607 126.977425 33.940418
v -132.075607 127.192734 33.619671
v -132.075333 118.476669 30.470852
v -132.075333 118.590683 30.301001
v -132.075333 127.175957 56.891823
v -132.074921 91.739433 76.184013
v -132.073425 119.537910 56.807354
v -132.070679 119.844551 56.922188
v -132.068787 119.424889 46.136894
v -132.068787 127.747986 33.737694
v -132.068756 125.722839 76.218163
v -132.068756 125.837410 76.047485
v -132.068756 128.243347 72.463272
v -132.068260 53.649305 76.043452
v -132.068223 53.650881 76.089390
v -132.068206 53.651348 76.111340
v -132.067047 54.698051 76.074142
v -132.065829 53.621215 75.403963
v -132.064285 91.206482 30.168137
v -132.063736 100.236748 30.546398
v -132.063736 100.350761 30.376545
v -132.062866 119.369598 46.048664
v -132.062866 127.766479 33.539536
v -132.060333 54.722221 77.678200
v -132.059921 126.530418 47.210770
v -132.058884 72.912659 30.538977
v -132.058868 127.800102 54.732002
v -132.055893 55.106117 76.144386
v -132.055176 127.020874 75.108818
v -132.052963 126.417892 31.120152
v -132.050522 119.116623 75.992569
v -132.050522 125.417908 66.605339
v -132.050522 126.678162 64.727890
v -132.049728 109.468384 30.096914
v -132.049728 109.468384 30.096916
v -132.048176 53.661645 76.373377
v -132.047879 53.640897 77.684664
v -132.046417 127.822174 46.106789
v -132.045868 119.690460 64.246223
v -132.041779 126.226959 37.644405
v -132.036972 109.826836 30.337530
v -132.034622 128.205826 57.830719
v -132.028610 117.181755 30.389236
v -132.027863 109.469727 30.091717
v -132.025955 127.747238 30.780560
v -132.025604 127.812851 34.961788
v -132.023636 124.897362 29.606705
v -132.021713 126.642700 54.924099
v -132.019821 82.560837 76.342110
v -132.019821 82.675125 76.171844
v -132.018997 117.259346 30.146482
v -132.017075 54.882996 54.510841
v -132.016266 91.229797 30.167263
v -132.014359 109.507317 30.856108
v -132.014206 54.752388 75.882675
v -132.012451 126.644676 33.243473
v -132.008194 64.391060 76.247574
v -132.007852 53.659134 75.953383
v -132.002762 91.267395 30.931654
v -131.994263 55.365055 57.098721
v -131.993912 117.664253 76.007980
v -131.991882 66.396599 76.502747
v -131.985443 127.745995 33.243584
v -131.985428 91.720245 76.231140
v -131.985001 125.491699 76.063011
v -131.983856 91.701874 76.056595
v -131.983292 137.133316 57.729942
v -131.981171 119.366913 57.652138
v -131.979828 129.458511 61.055855
v -131.979248 125.588860 76.435959
v -131.979248 125.932571 75.923935
v -131.974786 53.676703 76.431575
v -131.972244 73.532097 75.962059
v -131.964874 127.730949 30.889082
v -131.964355 72.947403 30.802795
v -131.962479 91.233192 30.812008
v -131.959824 66.159706 30.334917
v -131.959625 133.181946 56.736237
v -131.957153 137.193909 45.801285
v -131.957016 53.973083 75.964821
v -131.952988 128.262863 72.785522
v -131.952469 55.240524 76.161301
v -131.952469 55.372818 75.964218
v -131.949371 100.883438 75.944931
v -131.947212 53.645039 75.470300
v -131.947083 55.285706 76.804031
v -131.946106 128.223297 33.316135
v -131.945953 54.190590 76.312576
v -131.945953 54.750755 75.478073
v -131.945129 115.813057 76.310944
v -131.945129 119.364662 71.019997
v -131.944870 68.379570 76.404396
v -131.944397 55.374542 57.096786
v -131.944382 62.969475 30.598408
v -131.943268 55.354340 47.561626
v -131.942184 64.279015 76.224846
v -131.942184 64.411308 76.027763
v -131.942123 59.519981 30.447365
v -131.941559 100.938454 76.169403
v -131.941147 129.826462 67.016083
v -131.941147 136.734451 56.725014
v -131.940887 62.952023 30.687534
v -131.940109 55.172905 60.674469
v -131.939728 137.869415 75.916656
v -131.939728 138.039978 75.662552
v -131.939423 133.238190 57.879768
v -131.939423 133.579330 57.371567
v -131.938934 82.156258 30.697208
v -131.938538 128.222672 74.985390
v -131.936264 82.558838 75.846809
v -131.936264 82.673126 75.676544
v -131.935944 128.207184 57.267120
v -131.935730 54.547184 54.525917
v -131.934850 56.528692 29.101282
v -131.934158 55.867319 30.988967
v -131.933838 128.915543 55.130028
v -131.933838 129.187454 54.724953
v -131.931986 53.667493 75.891040
v -131.931885 73.052917 76.682556
v -131.931885 73.449806 76.091309
v -131.931885 73.582100 75.894218
v -131.931061 136.762573 57.296783
v -131.931061 137.103714 56.788582
v -131.930725 128.277878 75.209854
v -131.929465 63.025914 29.105543
v -131.929337 82.070976 30.193193
v -131.929230 125.818741 56.783798
v -131.928940 60.780857 29.369770
v -131.928932 56.945480 29.105964
v -131.927048 63.808708 30.252293
v -131.925842 128.235306 57.838890
v -131.925842 128.917572 56.822487
v -131.924973 128.260452 75.753487
v -131.924622 130.820877 30.750774
v -131.924423 130.393661 75.505920
v -131.924423 130.649506 75.124771
v -131.923111 129.307968 55.197582
v -131.922729 82.596519 76.613045
v -131.922684 129.797043 72.340973
v -131.922653 128.146378 70.477715
v -131.922419 62.949604 29.111118
v -131.922287 56.796959 29.586792
v -131.922241 101.646393 76.457069
v -131.921600 82.620590 75.957764
v -131.921600 82.752884 75.760681
v -131.921265 134.202713 43.597546
v -131.921265 134.202713 43.597549
v -131.920944 128.262314 70.573570
v -131.919907 98.095276 76.301575
v -131.919220 134.061981 57.879852
v -131.918091 54.725830 75.889114
v -131.918015 63.933178 30.764309
v -131.917908 137.312653 56.849396
v -131.917572 134.203506 34.980045
v -131.917480 128.945328 61.448559
v -131.916275 129.930206 75.335732
v -131.916229 74.022598 76.189911
v -131.916153 82.107666 30.939310
v -131.915741 131.303543 34.992058
v -131.914825 128.201569 70.702148
v -131.914322 130.592346 75.823593
v -131.914322 130.848206 75.442444
v -131.913330 109.932060 75.829399
v -131.913330 110.046631 75.658722
v -131.912048 128.222702 30.965364
v -131.911316 91.262199 76.612556
v -131.911316 91.659081 76.021309
v -131.911316 91.791374 75.824226
v -131.911118 64.312454 76.688774
v -131.911118 64.426743 76.518509
v -131.910706 54.905891 57.284466
v -131.909073 127.153038 72.781898
v -131.908447 56.835487 30.370388
v -131.907684 136.589584 75.610458
v -131.907379 129.911560 60.622776
v -131.906937 55.228142 75.818962
v -131.906845 137.677567 30.456791
v -131.906158 129.593567 66.580330
v -131.905957 53.672126 75.895413
v -131.905777 127.729538 30.538767
v -131.905715 56.046592 29.559838
v -131.905502 109.987137 76.053864
v -131.904999 131.424057 35.464687
v -131.904999 134.505692 30.873875
v -131.904999 134.596329 30.738852
v -131.904999 134.686966 30.603828
v -131.904419 117.759460 75.884422
v -131.904419 117.874031 75.713753
v -131.904221 130.961594 75.887161
v -131.904114 54.417519 57.035820
v -131.903076 128.329163 61.248169
v -131.902573 60.742950 31.027800
v -131.902573 61.299400 30.198839
v -131.902481 128.232895 75.898460
v -131.902145 91.153687 30.927582
v -131.902145 91.270569 30.753464
v -131.901672 91.259964 76.417336
v -131.901672 91.374535 76.246658
v -131.901672 91.489105 76.075981
v -131.901672 91.718239 75.734634
v -131.900742 128.830246 70.954803
v -131.900162 136.239151 57.044262
v -131.899765 110.428108 75.914787
v -131.899353 64.937698 30.252407
v -131.897858 70.230247 76.503136
v -131.897858 127.755836 34.923515
v -131.897858 127.779602 55.194489
v -131.897385 54.843925 60.743027
v -131.896973 55.938484 38.103271
v -131.896973 61.198059 30.267897
v -131.896408 137.333420 75.384392
v -131.896408 137.485214 75.158234
v -131.896240 127.298775 75.537674
v -131.896179 54.545967 56.930069
v -131.896103 137.979355 30.659372
v -131.896103 137.979355 30.659374
v -131.895508 125.472290 76.110130
v -131.895508 125.701431 75.768776
v -131.894592 136.738358 54.701111
v -131.894272 134.807480 31.076456
v -131.894272 134.898117 30.941433
v -131.894272 135.079391 30.671385
v -131.893860 91.887772 75.788422
v -131.892960 87.734436 76.531616
v -131.892120 133.118927 57.246155
v -131.892120 133.574356 56.567699
v -131.890640 128.261383 72.415924
v -131.890411 137.501907 75.497490
v -131.890274 72.923027 30.308548
v -131.890259 54.923576 57.122940
v -131.890244 127.770882 75.198471
v -131.889473 55.947132 30.374181
v -131.888916 129.541016 66.455872
v -131.888136 55.974696 30.155332
v -131.888107 91.756012 76.502731
v -131.887719 56.079591 29.290812
v -131.887177 128.432678 64.053215
v -131.886780 91.851845 76.157265
v -131.885376 128.311157 45.714573
v -131.885376 133.658691 37.748169
v -131.885376 133.658707 37.748169
v -131.884247 127.787567 75.537727
v -131.883850 136.858871 55.173737
v -131.883850 136.858871 55.173740
v -131.883636 54.638382 59.327736
v -131.882996 55.027817 57.013016
v -131.882996 72.945457 30.320498
v -131.882996 73.056747 30.154705
v -131.882187 127.737404 70.801933
v -131.882187 136.643417 57.534332
v -131.881943 125.968338 76.195526
v -131.881943 126.541176 75.342148
v -131.881943 128.259689 72.782005
v -131.881626 53.676032 75.887983
v -131.881165 129.154495 66.285599
v -131.881165 129.255692 66.134827
v -131.881134 91.231247 30.329708
v -131.880572 53.671217 75.773316
v -131.879937 53.674601 75.840320
v -131.878815 129.654404 66.900581
v -131.878815 129.739685 66.773537
v -131.878815 129.824982 66.646484
v -131.878815 129.910263 66.519432
v -131.878132 55.956063 30.307194
v -131.878067 127.991295 60.802673
v -131.878066 55.953092 30.330563
v -131.877380 137.782639 75.674110
v -131.877380 137.953201 75.420006
v -131.877291 55.975415 30.152124
v -131.877274 119.095253 75.543190
v -131.877274 119.209824 75.372513
v -131.877274 125.281921 66.326691
v -131.877274 126.542175 64.449257
v -131.877261 55.878553 30.916185
v -131.877151 55.883559 30.876604
v -131.877075 128.887222 63.989731
v -131.877075 133.663116 56.874916
v -131.876796 55.957433 30.296537
v -131.876419 72.961555 31.092144
v -131.876337 61.047871 29.147579
v -131.875336 128.375900 60.697727
v -131.875168 129.171173 66.624847
v -131.875168 129.272369 66.474083
v -131.875168 129.424179 66.247925
v -131.875153 73.567780 76.232994
v -131.874634 128.341049 46.322224
v -131.874634 134.051132 37.815723
v -131.874588 84.206680 76.450668
v -131.874257 57.834121 29.149225
v -131.874130 133.573807 57.660843
v -131.873611 128.290985 56.770477
v -131.873123 137.341934 55.106274
v -131.873108 132.663177 56.612175
v -131.872620 119.325386 64.308945
v -131.872292 55.958039 30.293202
v -131.872070 127.906769 61.292694
v -131.871277 133.263702 56.873592
v -131.870217 55.958057 30.293552
v -131.870102 55.133224 59.412926
v -131.869812 73.093445 30.900826
v -131.868713 130.023666 66.964149
v -131.868362 127.037224 75.427544
v -131.867822 53.675304 75.808885
v -131.867584 128.279510 55.682400
v -131.867584 129.004593 54.602211
v -131.867294 130.114502 75.568787
v -131.867294 130.367508 75.191864
v -131.867279 138.066605 75.864723
v -131.866974 134.117661 56.811440
v -131.866653 54.686543 75.838478
v -131.866089 128.378876 60.953491
v -131.866043 122.798706 76.296104
v -131.865631 100.766861 75.619095
v -131.865295 66.083160 30.764530
v -131.865295 66.194450 30.598736
v -131.865234 128.318726 61.396545
v -131.865234 128.404007 61.269497
v -131.865234 128.574585 61.015396
v -131.865234 128.830429 60.634243
v -131.865234 128.849884 72.642220
v -131.864029 127.721489 57.122314
v -131.863708 125.892540 66.241409
v -131.863708 127.038216 64.534653
v -131.863708 127.152786 64.363976
v -131.863525 55.283707 76.308723
v -131.861299 55.049944 46.686201
v -131.861298 130.384201 75.531120
v -131.861145 63.042435 76.538330
v -131.861115 133.151962 56.612221
v -131.860535 133.746765 56.806126
v -131.860336 129.283859 72.733673
v -131.859421 137.028915 75.617393
v -131.858368 130.275467 31.168125
v -131.858368 130.728653 30.493006
v -131.858368 130.819290 30.357981
v -131.858215 127.804138 72.158951
v -131.858032 127.687569 57.536949
v -131.858032 128.294800 56.632339
v -131.857819 55.001663 47.577461
v -131.857178 136.659775 56.561142
v -131.856567 54.828033 60.689953
v -131.855759 54.841328 76.179222
v -131.855759 55.238213 75.587975
v -131.855591 54.810684 76.325317
v -131.855133 128.858551 61.206013
v -131.855133 132.662628 57.705318
v -131.855075 59.821256 29.164403
v -131.854095 128.968872 60.802773
v -131.853546 128.239594 57.605804
v -131.853485 82.037338 30.364803
v -131.853485 82.154213 30.190681
v -131.853241 127.314575 75.657631
v -131.853241 127.719391 75.054558
v -131.852219 127.770218 72.573586
v -131.852112 55.436039 47.426685
v -131.852051 100.919205 76.216522
v -131.851518 56.795262 29.167217
v -131.851318 133.658096 35.397396
v -131.851318 133.658112 35.397396
v -131.850250 128.203278 74.957100
v -131.850159 128.833313 66.179352
v -131.849854 63.338089 30.364851
v -131.849808 134.139191 56.873684
v -131.849136 127.872086 65.206062
v -131.848511 128.203644 70.902794
v -131.848511 128.459503 70.521637
v -131.848282 129.759949 74.784035
v -131.848099 129.440979 60.463570
v -131.847961 134.139587 52.564934
v -131.847809 119.973274 70.438210
v -131.847687 54.975346 57.114708
v -131.847641 129.308350 33.261036
v -131.847641 129.308350 33.261040
v -131.847641 130.849167 30.965631
v -131.847580 59.443436 30.876974
v -131.847443 137.517700 75.617447
v -131.847076 127.821915 60.470272
v -131.846695 127.808960 30.068026
v -131.846695 127.808960 30.068027
v -131.846115 128.429901 56.762680
v -131.846115 129.245636 55.547466
v -131.845795 128.311752 30.437548
v -131.845579 61.267102 29.171916
v -131.845524 53.695955 76.342960
v -131.845474 64.276703 75.651520
v -131.845474 112.412285 76.256363
v -131.845474 112.412285 76.256371
v -131.845392 63.268472 29.172064
v -131.845322 56.216518 30.394348
v -131.845200 127.938927 70.281105
v -131.845032 129.398361 61.015480
v -131.844926 56.403909 29.172433
v -131.844345 132.660538 75.637566
v -131.841873 130.960114 75.517563
v -131.841263 127.803360 75.657677
v -131.841232 128.258453 75.256981
v -131.840149 128.316681 75.401817
v -131.840088 55.149532 76.671997
v -131.840088 55.281830 76.474915
v -131.839645 82.192749 30.974277
v -131.839194 63.461423 29.176968
v -131.839188 82.594521 76.117737
v -131.838898 126.654991 72.199997
v -131.838745 134.413467 30.616106
v -131.838745 134.594742 30.346058
v -131.838181 129.119690 66.480934
v -131.838181 129.271500 66.254784
v -131.837143 128.360870 65.206116
v -131.836670 63.486073 30.945177
v -131.836670 63.486073 30.945179
v -131.836670 63.819942 30.447803
v -131.836670 63.931232 30.282011
v -131.836548 61.163813 29.179062
v -131.836121 129.423737 61.217461
v -131.835654 56.777212 29.179769
v -131.835236 136.616211 75.812630
v -131.835190 73.050606 76.109230
v -131.835083 128.007095 60.922626
v -131.835083 128.310699 60.470322
v -131.835052 128.250992 31.180225
v -131.834793 82.105721 30.457012
v -131.834396 60.815605 29.633591
v -131.834396 61.119570 29.180765
v -131.834167 109.540916 30.632278
v -131.833405 128.199066 75.652122
v -131.832785 63.481428 29.823197
v -131.832138 56.809658 30.311504
v -131.830571 63.478782 29.183791
v -131.829849 137.705856 30.671652
v -131.829849 137.796494 30.536627
v -131.829849 137.887131 30.401604
v -131.829803 64.188026 76.735542
v -131.829803 64.320320 76.538460
v -131.829575 109.930054 75.332893
v -131.829124 55.927736 30.542460
v -131.829102 128.327393 60.809578
v -131.828003 134.443359 31.223759
v -131.828003 134.715256 30.818687
v -131.828003 134.805893 30.683662
v -131.827759 63.494564 31.051722
v -131.827759 63.845203 30.529362
v -131.827591 86.189651 76.352325
v -131.827576 64.310448 76.193466
v -131.827255 105.462402 76.542801
v -131.827255 105.576973 76.372124
v -131.827209 128.343201 70.771172
v -131.827042 127.872406 56.676865
v -131.826187 136.237396 56.605667
v -131.826172 129.821304 33.801220
v -131.826172 129.821304 33.801224
v -131.825378 60.806843 29.500137
v -131.825378 61.016436 29.187900
v -131.825333 126.921906 72.626740
v -131.825333 127.151039 72.285385
v -131.825333 128.067581 70.919983
v -131.824829 129.966309 61.396713
v -131.824646 133.746567 50.146603
v -131.824310 130.231506 75.537971
v -131.823486 64.524368 30.199169
v -131.823013 56.249050 30.734461
v -131.822544 56.023580 29.766100
v -131.822433 137.179840 75.171944
v -131.822250 129.270493 72.159096
v -131.821228 55.844261 37.840351
v -131.821228 60.741005 30.545502
v -131.820267 94.579933 76.417671
v -131.820251 94.579941 76.417671
v -131.819519 73.358810 76.602005
v -131.819519 73.491104 76.404915
v -131.818314 130.399994 75.651077
v -131.817276 134.926422 31.156290
v -131.816711 91.151642 30.421055
v -131.816711 91.268524 30.246937
v -131.816437 137.196518 75.511200
v -131.816254 127.465500 75.212181
v -131.816010 109.967827 76.100990
v -131.814606 91.656769 75.447983
v -131.813904 134.229630 50.079136
v -131.813904 136.767441 46.298470
v -131.813675 119.248337 56.829803
v -131.811752 125.355721 75.784302
v -131.811752 125.470291 75.613625
v -131.811111 128.984665 60.922729
v -131.809235 82.529602 76.468460
v -131.809174 56.755104 30.821577
v -131.808182 110.022903 76.325455
v -131.808044 56.326111 37.923302
v -131.807098 117.795227 76.156013
v -131.806366 129.936890 66.721603
v -131.805023 134.259125 54.995537
v -131.805023 134.259125 54.995541
v -131.804764 127.190308 56.714157
v -131.804367 91.754013 76.006218
v -131.801331 128.368561 55.154587
v -131.800110 119.858948 56.744522
v -131.800079 64.857307 30.703598
v -131.800079 64.974190 30.529478
v -131.798935 91.700386 76.334923
v -131.798187 125.393494 76.552399
v -131.798187 125.851761 75.869698
v -131.798187 125.851768 75.869690
v -131.798187 128.257690 72.285500
v -131.797699 56.208733 38.032101
v -131.797287 127.757790 54.936234
v -131.796539 91.808968 76.230690
v -131.796442 61.065914 29.210795
v -131.792801 128.857056 60.836418
v -131.792114 128.279892 33.745853
v -131.792114 130.364517 30.640308
v -131.792114 130.545792 30.370262
v -131.791611 73.565773 75.737686
v -131.790985 72.959511 30.585617
v -131.790604 128.942261 54.952095
v -131.789688 91.773239 76.598465
v -131.789688 92.116112 76.087669
v -131.788757 133.655731 43.622105
v -131.788757 133.655731 43.622108
v -131.788467 72.980202 30.584316
v -131.786545 119.782150 57.683296
v -131.785492 70.271553 76.816750
v -131.785385 136.765671 56.873951
v -131.785019 55.149815 60.662472
v -131.784622 125.889534 76.637794
v -131.780579 87.908035 76.648148
v -131.779984 54.938835 76.324203
v -131.779984 55.281708 75.813416
v -131.779968 125.546829 66.256935
v -131.779953 119.131020 75.814781
v -131.779953 125.546829 66.256927
v -131.779861 128.972137 55.559746
v -131.778076 73.489166 76.674194
v -131.778076 73.832039 76.163399
v -131.775299 119.475723 64.409866
v -131.775299 119.704857 64.068512
v -131.772507 75.209488 76.700737
v -131.772125 119.186157 76.039246
v -131.770645 128.249023 35.096184
v -131.768799 128.249420 30.787432
v -131.768311 100.802635 75.890686
v -131.768311 100.917198 75.720016
v -131.766388 119.283363 76.412201
v -131.766388 127.188553 64.635567
v -131.764053 128.220169 57.653038
v -131.762222 84.247986 76.764282
v -131.762222 84.512573 76.370117
v -131.761749 134.623047 30.560917
v -131.760483 100.857651 76.115158
v -131.758392 128.941269 56.910072
v -131.754211 82.073822 30.641874
v -131.754150 71.549438 76.816879
v -131.750488 116.342865 76.171425
v -131.749237 89.185921 76.648277
v -131.748154 112.448051 76.527962
v -131.743912 128.065079 75.869919
v -131.743866 80.720222 76.683342
v -131.743866 80.852524 76.486252
v -131.743393 54.750336 76.689919
v -131.743393 54.882629 76.492836
v -131.736465 137.059631 75.638008
v -131.736084 128.234848 75.923714
v -131.735794 68.021675 76.735931
v -131.730881 85.525871 76.764412
v -131.730484 64.460426 76.294144
v -131.730286 127.345291 75.678246
v -131.726105 60.843334 29.777206
v -131.725494 77.192467 76.602394
v -131.724472 137.548416 75.638062
v -131.722946 94.730278 76.518593
v -131.722809 73.091911 76.422844
v -131.722595 127.722290 33.277229
v -131.720581 130.176636 30.259892
v -131.718689 110.003601 76.372581
v -131.718307 127.834076 75.678299
v -131.715498 53.706057 75.927403
v -131.714960 55.950306 30.394254
v -131.711014 130.364960 30.560986
v -131.711014 130.364960 30.560987
v -131.708405 127.701180 33.459888
v -131.706146 91.771240 76.103157
v -131.705841 127.899048 55.031059
v -131.705124 110.499641 76.457970
v -131.705124 110.499641 76.457977
v -131.702240 91.565781 75.958679
v -131.702240 91.830368 75.564514
v -131.701431 127.804901 34.956451
v -131.701355 130.211609 75.633972
v -131.700470 103.168289 76.488335
v -131.695358 130.430710 75.671692
v -131.695145 133.165955 35.236122
v -131.694519 73.487167 76.178886
v -131.693481 137.176636 75.607201
v -131.692139 136.828766 45.730286
v -131.690506 128.422287 54.411423
v -131.689087 54.783028 75.927513
v -131.686569 91.741692 76.648537
v -131.686279 127.766129 72.789543
v -131.685852 136.288864 54.800804
v -131.684967 122.603333 76.412537
v -131.684219 133.702499 54.811516
v -131.683929 134.082138 30.610605
v -131.683929 134.243805 30.369762
v -131.682907 55.203102 76.254616
v -131.682571 137.017090 46.031384
v -131.682571 137.178757 45.790539
v -131.682281 129.394058 33.752304
v -131.681320 127.782585 75.534386
v -131.680923 128.529770 54.832939
v -131.679901 92.667297 76.619278
v -131.679291 133.703552 43.283089
v -131.675995 137.099335 30.539722
v -131.674637 55.950690 30.401146
v -131.674637 132.839966 56.678101
v -131.674347 134.351288 30.791281
v -131.674347 134.512955 30.550434
v -131.674347 134.512970 30.550436
v -131.670990 101.067535 75.820930
v -131.666748 115.882591 76.357620
v -131.666428 127.264114 45.773216
v -131.666428 127.344955 45.652790
v -131.666428 137.530151 30.479549
v -131.665070 133.270798 56.617935
v -131.661774 128.017227 56.759781
v -131.661484 127.669342 33.642673
v -131.661484 129.851883 30.391264
v -131.660156 128.177643 75.202736
v -131.656845 127.452438 46.074310
v -131.656845 127.775780 45.592621
v -131.656845 133.110886 37.644733
v -131.655487 133.620789 56.678185
v -131.652206 128.448059 56.699608
v -131.652069 62.816837 76.672783
v -131.651917 127.291824 34.786728
v -131.651917 129.797699 31.053627
v -131.651917 130.363556 30.210672
v -131.650269 127.777184 30.221384
v -131.647278 127.721596 46.254982
v -131.646591 128.329987 75.800163
v -131.644257 128.215912 70.524391
v -131.643860 101.715927 76.503746
v -131.643051 63.879650 30.299911
v -131.642349 129.177673 32.558952
v -131.642349 130.390198 30.752611
v -131.642349 130.390198 30.752613
v -131.641525 98.050247 76.518929
v -131.640701 127.803833 30.763325
v -131.634949 110.001595 75.876076
v -131.633057 136.746521 45.500393
v -131.632904 128.283157 75.563614
v -131.631409 127.855026 54.904060
v -131.631409 127.935860 54.783638
v -131.631409 128.097534 54.542793
v -131.627121 110.056671 76.100540
v -131.626480 133.595367 34.825634
v -131.624832 133.999893 30.380713
v -131.623703 113.819611 76.458313
v -131.623489 136.692337 46.162754
v -131.623291 91.673210 75.951981
v -131.622589 91.654953 75.778114
v -131.621841 127.962517 55.325581
v -131.620728 64.359306 76.278740
v -131.616913 137.097916 30.189405
v -131.615463 91.728165 76.176453
v -131.615265 134.107376 30.802231
v -131.615265 134.188202 30.681808
v -131.615265 134.511551 30.200119
v -131.614822 128.215363 31.352175
v -131.610428 73.530098 76.145203
v -131.609726 91.825546 76.549408
v -131.609070 91.806923 76.374092
v -131.609024 55.000950 75.870125
v -131.607620 136.825775 54.811832
v -131.607620 136.825775 54.811836
v -131.607330 137.367065 30.370079
v -131.607330 137.447906 30.249659
v -131.605469 107.098869 76.403397
v -131.603546 128.214661 72.999359
v -131.602402 127.748772 33.171936
v -131.600815 99.652946 76.604439
v -131.600143 82.171707 76.799995
v -131.600143 82.700882 76.011665
v -131.597443 73.522850 76.449821
v -131.594757 73.838303 76.637978
v -131.592834 130.119629 30.221622
v -131.591064 119.105354 75.985008
v -131.589859 91.342491 76.666458
v -131.589859 91.739380 76.075211
v -131.588470 136.394058 56.618252
v -131.588386 55.941659 30.492999
v -131.588181 127.801018 45.784245
v -131.583252 127.317062 34.978352
v -131.582993 128.253937 57.428123
v -131.581787 78.643944 76.719055
v -131.581604 127.721588 30.533430
v -131.581100 128.242294 55.461555
v -131.578934 128.253922 70.567940
v -131.578903 136.744049 56.678505
v -131.578613 133.647781 37.655762
v -131.573975 136.745102 45.150074
v -131.573959 133.673370 49.726131
v -131.573959 133.673386 49.726131
v -131.573685 127.505379 35.279449
v -131.573685 127.747887 34.918179
v -131.573685 127.747887 34.918182
v -131.573685 128.798737 33.352688
v -131.572037 127.748238 31.075371
v -131.570572 128.281662 75.194016
v -131.570526 137.207336 75.627815
v -131.570343 127.779938 74.876495
v -131.568710 127.622017 30.942886
v -131.564281 53.731785 75.882795
v -131.564102 127.774536 35.460125
v -131.564102 129.633743 32.690403
v -131.562836 127.984276 75.815681
v -131.562836 128.327972 75.303658
v -131.562286 127.746452 70.479958
v -131.561478 82.663887 76.164307
v -131.561096 133.215729 43.304989
v -131.558044 66.518196 76.870255
v -131.556168 134.267639 30.211069
v -131.551193 109.655891 75.891594
v -131.549850 64.379822 76.240028
v -131.541412 130.089630 75.661446
v -131.540131 54.716560 75.882896
v -131.538132 127.696617 57.214973
v -131.521500 128.225433 57.463661
v -131.518631 55.362122 76.528809
v -131.506226 126.531914 75.831093
v -131.505630 128.242676 33.525013
v -131.501572 119.085991 76.032127
v -131.501572 119.200562 75.861458
v -131.498062 73.571404 76.458817
v -131.493225 136.607834 75.806999
v -131.493149 91.340179 76.093132
v -131.493149 91.737061 75.501884
v -131.489929 100.872169 75.937363
v -131.487762 82.609894 76.522362
v -131.479095 128.211411 74.977821
v -131.477478 91.780678 76.388824
v -131.465530 128.249176 75.745926
v -131.451950 128.286957 76.514015
v -131.449631 127.256340 72.603653
v -131.446182 127.694298 57.869522
v -131.442230 91.477837 76.068420
v -131.441574 137.507751 75.610764
v -131.441391 127.726120 75.387131
v -131.440369 127.776947 72.906158
v -131.440308 109.958565 76.589928
v -131.435394 127.793411 75.651001
v -131.435059 53.898056 75.914459
v -131.428650 91.859314 76.324493
v -131.428650 92.088448 75.983139
v -131.428436 91.840607 76.149719
v -131.424408 119.391411 57.916168
v -131.423416 127.776169 76.404892
v -131.422485 125.727936 76.529312
v -131.422485 128.362991 72.603767
v -131.421936 55.227516 76.152565
v -131.412933 54.799873 75.914551
v -131.412460 130.390045 75.644394
v -131.410583 137.085358 75.655289
v -131.405991 127.716995 33.325291
v -131.405197 55.272469 76.301178
v -131.395508 132.716980 75.675453
v -131.393824 55.833010 31.398533
v -131.392609 100.907936 76.208954
v -131.391174 54.650085 75.838272
v -131.391068 82.607582 75.949036
v -131.390472 137.998062 75.818718
v -131.390350 136.614471 57.842949
v -131.388351 128.325470 57.971306
v -131.380844 82.583282 76.110199
v -131.380768 91.646072 76.012573
v -131.380768 91.778366 75.815491
v -131.373413 129.175140 72.423141
v -131.368210 128.170380 76.188187
v -131.366379 127.775177 72.467567
v -131.365875 126.910629 72.619179
v -131.365112 91.689690 76.899513
v -131.361420 127.488022 75.664711
v -131.356552 109.956558 76.093422
v -131.356552 109.956566 76.093422
v -131.356552 110.071129 75.922745
v -131.353241 128.276260 75.927574
v -131.352310 128.323227 71.339165
v -131.348801 53.771216 75.848966
v -131.344910 91.742744 75.998657
v -131.342987 109.994339 76.861519
v -131.328339 128.268799 30.996307
v -131.311600 126.947159 75.862244
v -131.298019 127.557770 75.776962
v -131.288971 73.478096 76.396187
v -131.288971 73.610390 76.199104
v -131.284454 128.282944 75.521004
v -131.284454 128.397522 75.350334
v -131.269455 127.789322 75.866959
v -131.268402 91.687378 76.326187
v -131.264496 129.779266 75.671814
v -131.262344 125.258560 30.834707
v -131.253387 54.081306 75.863808
v -131.252731 91.863289 77.016045
v -131.250626 137.013992 75.607376
v -131.239487 129.137802 75.678619
v -131.238647 137.502777 75.607422
v -131.232651 137.519455 75.946678
v -131.232468 127.788437 75.647659
v -131.226471 127.805115 75.986916
v -131.221512 129.896271 75.641006
v -131.219910 54.740013 76.916985
v -131.215515 130.115372 75.678719
v -131.211488 53.820353 76.912539
v -131.209518 130.385071 75.641052
v -131.208328 127.689217 30.495228
v -131.187134 128.318710 75.792595
v -131.183243 109.486885 31.335165
v -131.183243 109.600899 31.165312
v -131.176605 73.519402 76.709801
v -131.175491 109.990326 75.868507
v -131.162935 53.829375 76.510191
v -131.162170 54.707291 75.876671
v -131.160477 63.906693 31.075788
v -131.151001 54.738365 76.508537
v -131.150082 53.828037 76.836287
v -131.144104 128.203400 72.991798
v -131.140350 91.904587 77.329659
v -131.129898 133.185913 48.986801
v -131.127004 53.831797 77.003308
v -131.125870 119.191292 76.350395
v -131.122177 53.834466 76.459529
v -131.121216 119.535995 64.945480
v -131.109512 127.819145 75.668274
v -131.103394 128.202148 75.466766
v -131.092163 137.899185 30.997290
v -131.089023 53.828727 76.779665
v -131.086563 130.415771 75.661667
v -131.086395 109.522484 31.605446
v -131.082055 53.837875 76.428855
v -131.080566 130.432465 76.000923
v -131.077484 127.751190 72.779526
v -131.074509 64.389915 77.156952
v -131.064606 109.949303 77.078873
v -131.064224 73.428406 77.220497
v -131.061569 129.774292 75.668472
v -131.053940 82.599197 77.086960
v -131.052948 91.620911 77.154785
v -131.052948 91.735481 76.984108
v -131.049576 130.263092 75.668526
v -131.044037 99.562881 77.039139
v -131.033203 126.902122 76.079597
v -131.031433 134.180344 49.066727
v -131.030884 122.663605 76.948158
v -131.020765 55.898578 30.949212
v -131.012650 115.942863 76.893242
v -131.006073 128.237915 75.738358
v -131.003036 109.406471 31.281187
v -130.998856 71.751328 77.238289
v -130.994415 109.107552 77.009003
v -130.993942 89.255524 77.266769
v -130.992508 128.275696 76.506454
v -130.992096 105.441872 77.024185
v -130.991812 53.846306 77.113013
v -130.990173 124.266304 77.033661
v -130.990173 124.266304 77.033669
v -130.990173 128.276184 71.060013
v -130.988098 55.216820 76.717163
v -130.987839 120.715195 76.878174
v -130.987427 98.110519 77.054550
v -130.986740 137.479675 76.138680
v -130.985519 117.049515 76.893356
v -130.980850 109.947296 76.582367
v -130.980850 110.061867 76.411690
v -130.975922 128.257523 56.842827
v -130.975586 85.727760 77.185822
v -130.970215 77.262062 77.220886
v -130.969604 113.879883 76.993935
v -130.969208 91.733482 76.487602
v -130.967514 73.426094 76.647171
v -130.967285 110.099640 77.179787
v -130.963028 125.945801 76.180397
v -130.962616 102.997421 76.868805
v -130.961275 55.898659 30.954019
v -130.957230 82.199997 77.104881
v -130.955627 91.771255 77.255699
v -130.951843 73.734299 77.139938
v -130.951385 107.159142 76.939018
v -130.950867 91.286118 31.521627
v -130.949463 126.785553 75.753769
v -130.948914 138.016541 30.684332
v -130.946945 91.238487 77.168419
v -130.944809 118.995926 76.466835
v -130.944397 96.162109 76.984558
v -130.938873 78.539948 77.221016
v -130.938599 129.805008 75.689095
v -130.933487 70.206543 77.058998
v -130.931274 91.678993 77.464111
v -130.931274 91.811287 77.267029
v -130.931229 119.262833 76.893578
v -130.919586 100.934441 76.969490
v -130.915131 66.546486 77.175133
v -130.913010 112.427521 77.009338
v -130.912567 127.746887 75.401062
v -130.910217 84.050682 77.203613
v -130.909744 58.080791 77.210197
v -130.908752 128.273682 76.009949
v -130.906586 127.814171 75.664932
v -130.906189 109.556084 31.381615
v -130.900589 127.729645 76.154953
v -130.898605 128.167664 30.732555
v -130.897110 110.059860 75.915184
v -130.896774 62.886433 77.291275
v -130.895630 129.922012 75.658279
v -130.891861 80.522919 77.122673
v -130.891388 55.346802 75.946754
v -130.887787 94.709747 76.999969
v -130.883789 67.824371 77.175262
v -130.883636 130.410797 75.658325
v -130.883530 109.983070 76.853958
v -130.881210 119.836411 56.729393
v -130.875717 55.125824 77.227859
v -130.875717 55.258118 77.030777
v -130.875432 55.886993 31.068935
v -130.871887 91.769249 76.759193
v -130.865433 64.164322 77.291405
v -130.861053 119.108490 75.799652
v -130.858719 128.159851 56.869816
v -130.852142 125.904778 77.390762
v -130.852142 126.935890 75.854683
v -130.844849 82.638184 76.827240
v -130.844742 92.761337 76.929985
v -130.838821 55.781066 31.803432
v -130.838196 136.802856 56.898911
v -130.835831 100.932442 76.472984
v -130.834564 91.676682 76.890785
v -130.834564 91.808975 76.693703
v -130.832672 128.374863 56.529873
v -130.831589 119.299103 71.718727
v -130.826599 127.778481 75.640976
v -130.825147 53.852270 75.876350
v -130.824997 128.271683 75.513443
v -130.822845 109.440079 31.057358
v -130.816208 87.884331 77.204010
v -130.813354 109.943291 75.589355
v -130.812561 127.761688 71.583694
v -130.811539 136.212509 56.588966
v -130.811432 128.309448 76.281540
v -130.809662 130.105423 75.672043
v -130.808701 101.695396 76.985123
v -130.808136 75.185783 77.256599
v -130.803665 130.375107 75.634369
v -130.801788 137.070435 75.645264
v -130.795532 128.233154 71.773872
v -130.795267 53.855711 75.871986
v -130.790649 129.194244 75.716515
v -130.789795 137.559219 75.645317
v -130.789612 127.777596 75.421684
v -130.788258 55.863576 31.148416
v -130.787384 126.688721 51.998363
v -130.786224 109.904266 77.296227
v -130.784210 54.698021 75.870453
v -130.777634 127.760361 76.175575
v -130.776199 127.751953 56.654240
v -130.775391 127.694832 56.667015
v -130.774979 128.157852 56.373314
v -130.774567 91.690453 77.201462
v -130.772659 129.952728 75.678894
v -130.768402 126.590179 75.870201
v -130.766218 53.859512 75.876871
v -130.757599 128.367477 71.552933
v -130.748138 82.503578 76.450996
v -130.741257 127.696838 75.870316
v -130.727692 128.307449 75.785034
v -130.722183 91.717987 77.204399
v -130.715225 119.010628 56.699791
v -130.701721 119.504280 56.784775
v -130.690826 91.803017 76.534279
v -130.677246 91.840790 77.302376
v -130.675323 119.372383 64.340500
v -130.672836 137.370834 75.628212
v -130.667633 128.252563 31.377134
v -130.666641 55.164818 76.968147
v -130.666641 55.297112 76.771057
v -130.666412 125.939537 66.272964
v -130.658432 127.708862 56.348381
v -130.654770 100.966209 76.248070
v -130.646423 54.129238 75.895988
v -130.643707 130.253128 75.661842
v -130.635849 137.218155 75.635071
v -130.631546 128.348251 64.432175
v -130.629852 137.487839 75.597404
v -130.624100 55.039616 75.896080
v -130.623672 127.773506 75.637634
v -130.614059 102.912613 75.821548
v -130.608259 63.431645 30.150930
v -130.606720 130.100433 75.668701
v -130.603958 58.249763 76.180069
v -130.600739 130.370132 75.631035
v -130.582672 119.063454 76.017006
v -130.582672 119.178024 75.846329
v -130.581421 91.238129 31.236839
v -130.571014 100.849632 75.922241
v -130.569931 55.294800 76.197731
v -130.549347 73.504074 76.127739
v -130.546616 128.226654 75.730797
v -130.539062 82.674866 75.994202
v -130.534973 110.012825 75.636032
v -130.530716 128.150345 71.223122
v -130.528778 91.713356 76.057739
v -130.528778 91.845650 75.860657
v -130.526062 117.725662 75.861732
v -130.526062 117.725662 75.861740
v -130.523315 91.799011 75.541267
v -130.521408 110.050598 76.404129
v -130.518875 137.029770 75.617966
v -130.517151 125.553055 75.916771
v -130.517151 125.553062 75.916763
v -130.513107 91.756973 76.944679
v -130.506897 137.518555 75.618019
v -130.500717 127.804214 75.658257
v -130.486679 127.736816 71.676353
v -130.477768 130.400848 75.651649
v -130.473709 100.770836 76.364510
v -130.473221 54.895599 76.215652
v -130.463989 137.276993 56.825462
v -130.459976 128.277283 35.115162
v -130.452652 73.369469 75.751495
v -130.451218 109.896255 75.310204
v -130.447266 64.374596 76.574890
v -130.446594 128.343826 63.335693
v -130.440781 130.248154 75.658501
v -130.437653 110.048599 75.907623
v -130.435318 119.214539 56.807114
v -130.435120 53.883707 75.871158
v -130.428741 117.646858 76.304001
v -130.426682 82.583870 76.504890
v -130.426010 91.720207 75.983536
v -130.416810 53.884321 75.865692
v -130.412430 91.757980 76.751633
v -130.406250 54.688755 75.864227
v -130.401596 119.097221 75.792091
v -130.399277 128.148590 56.862251
v -130.395081 55.191071 75.794075
v -130.394882 58.156456 76.117439
v -130.392197 128.303619 56.873772
v -130.389016 53.885655 75.870374
v -130.369537 127.684883 56.660336
v -130.353912 109.702888 75.923141
v -130.353897 110.046593 75.411118
v -130.350555 64.239990 76.198647
v -130.345001 117.644859 75.807495
v -130.344986 117.644859 75.807495
v -130.342667 113.750046 76.164032
v -130.340332 109.969795 76.349892
v -130.340332 110.084366 76.179214
v -130.329987 82.581558 75.931564
v -130.328690 91.755981 76.255127
v -130.313705 136.655655 56.558380
v -130.306244 70.191216 76.476936
v -130.298172 57.757263 76.135361
v -130.293457 104.601143 31.504961
v -130.292633 100.919174 75.968918
v -130.287888 66.663460 76.395988
v -130.283648 53.887392 75.825938
v -130.283585 91.230721 32.242172
v -130.282974 84.167648 76.424469
v -130.268585 58.139872 77.735232
v -130.268463 54.119968 75.889763
v -130.265900 128.182114 70.501701
v -130.265708 56.404121 77.731600
v -130.264145 54.802299 76.153023
v -130.264145 55.199181 75.561775
v -130.263681 55.182222 77.729041
v -130.263580 120.621124 76.319862
v -130.259903 117.254082 31.374874
v -130.258116 53.888620 75.830294
v -130.257294 54.622284 75.819611
v -130.256592 109.967796 75.853386
v -130.251483 53.936133 77.713646
v -130.246604 54.786337 77.707488
v -130.246124 55.124596 75.749451
v -130.238770 125.737167 75.792763
v -130.238190 64.281288 76.512260
v -130.227112 107.065071 76.380707
v -130.210510 123.446243 36.270588
v -130.207321 91.661354 76.308723
v -130.188736 112.448021 76.280357
v -130.182159 128.180115 70.005196
v -130.178724 55.834885 31.632784
v -130.173492 128.330719 34.759293
v -130.172836 109.622086 75.868904
v -130.162521 71.642700 76.593597
v -130.159271 109.889000 76.295647
v -130.155014 125.391457 75.808289
v -130.144165 67.982651 76.709732
v -130.141449 125.887505 75.893684
v -130.139252 85.619133 76.541130
v -130.135788 127.728302 70.795830
v -130.125549 122.603302 76.164932
v -130.114440 53.881184 75.647175
v -130.111572 100.838371 75.914680
v -130.084839 124.206001 76.250443
v -130.078796 66.702454 76.136276
v -130.075516 110.001564 75.628471
v -130.073425 58.236752 76.171341
v -130.066605 117.714394 75.854172
v -130.057693 125.541794 75.909203
v -130.039474 119.164749 75.342262
v -130.039383 55.281788 76.188995
v -130.029099 64.320282 76.252541
v -130.018814 73.491066 76.119003
v -130.008514 82.661850 75.985466
v -130.001083 128.213867 69.780281
v -129.998230 91.700348 76.049011
v -129.991776 109.541283 75.814667
v -129.987518 128.137085 70.719055
v -129.978195 110.037331 75.900063
v -129.976715 57.837555 76.189262
v -129.966553 91.708939 75.975967
v -129.960373 125.806702 75.839439
v -129.942688 54.882591 76.206924
v -129.938110 123.400436 47.327206
v -129.929703 59.820526 76.090912
v -129.917648 123.211487 32.170834
v -129.914139 91.182739 31.957386
v -129.895859 136.071838 58.134811
v -129.890198 128.287415 70.819969
v -129.876846 136.223312 56.596222
v -129.858398 119.198517 75.117340
v -129.839859 134.957367 58.261528
v -129.835922 127.788071 74.116493
v -129.835922 128.209381 74.233711
v -129.833862 136.340317 56.565407
v -129.832840 133.557404 58.305946
v -129.806458 128.170837 70.494141
v -129.779312 125.725899 75.785202
v -129.777664 77.623428 31.948286
v -129.751938 59.080654 32.635208
v -129.740891 86.737732 32.004543
v -129.722702 128.283417 69.826958
v -129.710907 136.371033 56.586021
v -129.708191 132.788712 47.544983
v -129.695557 125.380188 75.800720
v -129.683441 125.219688 32.286934
v -129.681992 125.876236 75.886116
v -129.681992 125.876236 75.886124
v -129.676895 126.623970 47.273567
v -129.673920 136.218338 56.592880
v -129.673065 132.539948 74.463104
v -129.641602 86.774231 32.281612
v -129.640091 134.147064 40.818085
v -129.631744 127.649857 37.367611
v -129.625381 128.204605 70.269226
v -129.625381 128.319183 70.098549
v -129.598251 125.530525 75.901642
v -129.593140 114.045708 32.177853
v -129.547028 127.764091 74.428452
v -129.543945 128.371979 66.307083
v -129.541626 135.141479 40.898006
v -129.516449 54.830002 57.017143
v -129.507001 58.159573 76.774015
v -129.500931 125.795433 75.831879
v -129.500778 55.402798 57.115753
v -129.496292 114.081306 32.448135
v -129.493652 77.577484 32.170025
v -129.460220 128.314682 74.551979
v -129.456879 86.691795 32.226280
v -129.456879 86.808678 32.052162
v -129.451553 127.683456 37.143780
v -129.435730 127.721542 32.488010
v -129.431152 68.499664 32.390839
v -129.416016 127.761322 70.052536
v -129.352386 127.605530 32.163754
v -129.332138 128.278259 50.589092
v -129.294403 133.082169 32.464554
v -129.294403 133.082169 32.464558
v -129.283218 59.302917 32.279251
v -129.279816 100.396255 32.624557
v -129.257858 118.975494 50.762947
v -129.246246 135.224396 45.458546
v -129.221985 127.752411 50.987675
v -129.218048 134.318192 57.504417
v -129.208969 128.194092 73.233139
v -129.201462 134.075409 45.470734
v -129.192245 128.276672 32.568504
v -129.176315 137.942688 32.397537
v -129.147568 91.163841 32.955002
v -129.147156 68.336845 32.786697
v -129.126099 134.973709 57.178974
v -129.125992 128.184448 32.310734
v -129.122162 127.753799 73.109329
v -129.111893 128.242630 50.761044
v -129.111893 128.242630 50.761047
v -129.106689 137.334946 50.792564
v -129.106689 137.334946 50.792568
v -129.106049 129.457932 61.677814
v -129.090134 136.389465 57.254509
v -129.077667 127.674240 37.630363
v -129.054274 57.857453 76.202616
v -129.047936 58.054120 76.194616
v -129.037462 57.825846 76.181397
v -129.035873 58.248747 76.179391
v -129.034912 128.361572 50.840878
v -129.024170 128.391449 51.448532
v -129.021809 58.000130 76.161640
v -129.003189 119.426559 37.760895
v -128.999768 55.714211 32.510464
v -128.999207 59.373856 32.326870
v -128.997712 53.822790 74.223892
v -128.996780 54.654358 74.211784
v -128.980804 118.930679 50.979248
v -128.980804 118.930679 50.979252
v -128.980804 127.709831 37.900646
v -128.953400 109.507996 33.320423
v -128.944931 127.821609 51.034126
v -128.941505 53.881532 75.860950
v -128.941422 100.809822 74.410034
v -128.933770 58.226373 76.050524
v -128.902100 123.488297 54.531372
v -128.900580 53.828705 74.302259
v -128.900558 132.981232 38.860329
v -128.900558 133.706329 37.780140
v -128.897278 55.209839 74.711266
v -128.894394 54.651680 75.839340
v -128.891663 128.297638 50.797970
v -128.880920 128.327530 51.405621
v -128.870193 128.901230 51.203129
v -128.870193 128.901230 51.203133
v -128.869095 87.219635 73.898941
v -128.863571 91.234772 33.002617
v -128.862915 53.830349 74.332658
v -128.853854 55.609855 33.382974
v -128.836151 128.266174 49.797523
v -128.833267 128.299408 73.551407
v -128.825409 134.187408 41.628628
v -128.814667 128.235306 51.147854
v -128.809464 137.327621 51.179375
v -128.800613 127.743439 37.676815
v -128.789597 86.753281 32.772705
v -128.778122 91.115852 32.670216
v -128.768051 133.159332 37.804695
v -128.764740 127.741196 50.980148
v -128.764740 127.741196 50.980152
v -128.764252 136.364594 57.347168
v -128.757309 133.551773 37.872253
v -128.757309 133.642395 37.737228
v -128.753281 127.744736 73.321945
v -128.745961 55.695128 32.697447
v -128.742889 128.234909 37.828808
v -128.741364 134.154160 51.203663
v -128.741364 134.154160 51.203667
v -128.728790 134.093811 47.637589
v -128.726227 134.997665 56.757656
v -128.722214 58.071499 74.630974
v -128.703766 127.779037 37.947098
v -128.684006 134.123093 45.894470
v -128.683568 55.692007 32.769194
v -128.678848 91.269226 32.773167
v -128.671432 128.262024 50.969917
v -128.671432 128.262024 50.969921
v -128.667892 127.776794 51.250427
v -128.665894 128.263199 38.043667
v -128.654633 78.263748 74.462631
v -128.644348 87.302246 74.526176
v -128.642914 132.882690 54.659184
v -128.633926 127.055359 37.707710
v -128.624802 133.095413 37.761787
v -128.615921 59.130650 33.173920
v -128.615921 59.364407 32.825680
v -128.611557 127.699623 49.227539
v -128.593018 109.461189 33.042618
v -128.591095 125.002342 37.807907
v -128.588913 128.563400 37.853455
v -128.585541 135.208145 45.839371
v -128.583710 128.864014 50.982288
v -128.564087 126.217667 37.638168
v -128.559448 118.921700 37.668388
v -128.558548 132.821930 37.774067
v -128.557922 77.996849 74.283470
v -128.550583 126.711319 37.723152
v -128.538925 128.349487 50.049309
v -128.538276 53.863411 75.161531
v -128.526337 134.089844 37.841713
v -128.523575 127.812637 37.723267
v -128.520752 127.071159 60.843052
v -128.520752 127.071159 60.843056
v -128.517456 128.318604 51.399635
v -128.505600 86.707344 32.994446
v -128.496231 128.329971 60.920658
v -128.491272 133.103058 56.579391
v -128.484573 91.256859 33.388443
v -128.479279 133.591843 56.579445
v -128.470825 133.423920 37.786434
v -128.445663 128.227570 38.215618
v -128.445374 127.720421 72.321457
v -128.404572 133.150421 37.798710
v -128.404572 133.150421 37.798714
v -128.385056 127.448883 68.524033
v -128.379410 128.225983 37.822823
v -128.374207 128.254684 51.356728
v -128.371490 127.944931 68.609421
v -128.352470 55.645091 33.043824
v -128.352386 129.135193 68.459671
v -128.345367 127.735222 68.504089
v -128.327576 133.269363 37.878548
v -128.327576 133.360001 37.743523
v -128.327576 133.360001 37.743526
v -128.327393 128.493713 68.466476
v -128.318680 128.404495 50.086235
v -128.306107 134.144852 37.878635
v -128.306107 134.144852 37.878639
v -128.304382 91.290466 33.164612
v -128.301315 127.103180 68.539551
v -128.301300 126.988609 68.710228
v -128.289368 126.742432 42.425369
v -128.278412 128.829803 68.473381
v -128.274170 127.064156 70.246422
v -128.274170 128.209839 68.539665
v -128.272720 59.956543 73.323334
v -128.265121 73.492470 72.975182
v -128.263168 128.282394 49.220814
v -128.260605 127.101929 71.014519
v -128.250595 133.478928 37.823360
v -128.232401 55.227582 75.165307
v -128.225433 128.282578 38.252544
v -128.215225 128.247360 60.889843
v -128.199431 55.633140 33.146557
v -128.195068 132.813004 37.768082
v -128.194672 109.955742 72.626740
v -128.184341 133.205444 37.835636
v -128.184326 133.205444 37.835640
v -128.172195 117.706345 73.620544
v -128.168377 58.122532 75.084500
v -128.166613 57.058658 75.082274
v -128.156479 127.747040 72.558029
v -128.154327 54.325569 56.974094
v -128.151337 127.697540 60.605484
v -128.148758 133.776566 56.826130
v -128.140488 54.831619 57.061211
v -128.138031 134.168991 56.893684
v -128.134338 128.459702 56.782684
v -128.123611 128.852127 56.850243
v -128.107346 133.415009 37.780449
v -128.075842 53.876024 74.967710
v -128.069913 54.669504 74.960227
v -128.064809 53.736801 72.370567
v -128.061310 119.154701 72.612122
v -128.055054 54.829575 56.554688
v -128.041092 133.141510 37.792728
v -128.041092 133.141510 37.792732
v -128.039337 128.302338 56.637398
v -128.034164 128.166550 60.835602
v -128.033524 127.777756 72.578651
v -128.021530 129.885818 70.166405
v -128.008347 127.879944 56.681923
v -128.003677 133.350494 53.014565
v -127.998154 134.076767 39.008121
v -127.998146 134.076767 39.008121
v -127.983521 129.277924 68.446129
v -127.964104 133.351089 37.737541
v -127.964096 133.351089 37.737541
v -127.948090 124.384300 60.524956
v -127.931786 54.722446 74.461159
v -127.926671 53.850466 74.273945
v -127.924828 54.658684 57.188026
v -127.912277 91.250320 33.770782
v -127.909157 55.231476 57.286636
v -127.873756 137.488007 72.754372
v -127.872910 63.165398 73.476105
v -127.857758 128.313889 71.332901
v -127.856827 127.682671 33.940239
v -127.843323 127.720261 34.704628
v -127.841553 133.609512 60.746658
v -127.837616 130.235397 70.947823
v -127.831589 132.804092 37.762100
v -127.823570 134.975220 59.804428
v -127.823273 127.793953 52.493874
v -127.820854 133.196518 37.829655
v -127.820854 133.196518 37.829659
v -127.819458 127.739960 60.962017
v -127.816544 133.575256 59.848854
v -127.777763 55.681664 37.930878
v -127.763924 56.187714 38.017994
v -127.757645 130.199707 70.923866
v -127.755783 128.236084 60.882278
v -127.751236 137.301880 49.203445
v -127.732971 126.539284 37.607670
v -127.727562 91.284767 33.541328
v -127.719467 127.032936 37.692657
v -127.708481 127.737305 60.304123
v -127.697090 127.791214 49.042633
v -127.689728 104.841064 33.637100
v -127.677612 133.132599 37.786747
v -127.676689 128.118515 71.449341
v -127.664650 127.768684 72.791267
v -127.663124 127.867882 34.310947
v -127.649620 126.081230 37.792969
v -127.637901 109.980247 72.890770
v -127.636116 126.688896 37.708099
v -127.625778 128.296631 52.560066
v -127.622200 73.520767 73.280060
v -127.621769 53.719133 71.807897
v -127.602554 73.012245 34.157082
v -127.600624 133.342163 37.731560
v -127.598473 54.683136 71.787064
v -127.593285 127.144211 34.071556
v -127.592941 127.658241 71.635536
v -127.588922 53.753803 72.565611
v -127.579781 127.637863 34.156540
v -127.579781 127.751877 33.986691
v -127.579376 105.370316 33.992359
v -127.579369 128.268860 71.550255
v -127.554710 130.194733 70.920525
v -127.550461 125.319221 33.832058
v -127.545631 132.640991 60.424580
v -127.541161 73.607132 71.622711
v -127.536209 128.264557 49.208847
v -127.518105 119.141434 72.108055
v -127.509537 104.760658 33.583122
v -127.503265 73.048737 34.434151
v -127.496635 128.265152 33.931828
v -127.496437 127.749878 33.492577
v -127.490967 128.153290 60.331535
v -127.485901 128.295029 34.539478
v -127.482933 127.787468 34.256969
v -127.480339 82.124519 33.706810
v -127.469429 126.000824 37.738991
v -127.457382 133.187607 37.823673
v -127.455925 126.608490 37.654121
v -127.449852 56.102470 34.424709
v -127.435463 118.666512 34.047688
v -127.426598 126.456131 34.102451
v -127.417831 73.046692 33.927628
v -127.412590 134.485809 34.190220
v -127.399590 126.531311 35.631233
v -127.399590 127.671463 33.932713
v -127.380386 133.397186 37.768482
v -127.369461 54.834587 71.685059
v -127.355232 130.829285 34.281975
v -127.355232 130.829285 34.281979
v -127.342651 128.231110 34.496567
v -127.342651 128.231110 34.496571
v -127.337036 119.175201 71.883141
v -127.328552 128.923752 52.001705
v -127.328552 128.923752 52.001709
v -127.326714 137.987762 34.190575
v -127.326714 137.987762 34.190578
v -127.326714 138.078400 34.055553
v -127.318550 72.966309 34.378819
v -127.306122 82.595932 72.510567
v -127.300568 54.738686 71.417023
v -127.285614 134.209549 46.735958
v -127.285088 128.262100 67.089256
v -127.284149 85.937134 34.245468
v -127.281769 82.197495 34.260956
v -127.281357 59.136742 34.440887
v -127.275734 126.528076 37.600143
v -127.269890 63.382435 34.512516
v -127.265816 130.373154 70.930939
v -127.260460 134.088821 39.603806
v -127.260460 138.076813 33.662758
v -127.255272 118.586098 33.993710
v -127.252953 114.938110 34.008820
v -127.245773 127.792320 71.057503
v -127.233109 72.730507 34.220535
v -127.230095 134.178070 45.735516
v -127.220512 54.768112 71.640442
v -127.219704 73.422836 72.070770
v -127.210144 128.227936 33.710983
v -127.205589 109.893433 71.347008
v -127.199730 134.176697 52.002243
v -127.199409 128.257828 34.318634
v -127.197830 129.747467 71.057701
v -127.196335 82.078575 33.928551
v -127.192390 126.070023 37.785442
v -127.190804 128.347504 71.102127
v -127.190071 125.044380 33.893955
v -127.183472 138.014481 34.012642
v -127.178879 126.677689 37.700573
v -127.175408 63.440202 32.867129
v -127.167206 129.616379 34.251255
v -127.167206 129.616379 34.251259
v -127.165382 127.171333 37.785557
v -127.163945 53.731134 72.025274
v -127.161995 135.083252 39.683735
v -127.158310 133.090042 34.036755
v -127.155563 96.375153 72.175949
v -127.151878 127.778999 37.700687
v -127.141991 97.329468 71.578644
v -127.140450 54.703293 72.004265
v -127.133827 73.000755 34.149364
v -127.131012 97.569481 33.930069
v -127.124863 119.075020 52.308071
v -127.113846 135.684662 54.973122
v -127.097450 109.538322 34.819099
v -127.096962 135.647736 70.862961
v -127.092003 137.485886 70.893974
v -127.085587 86.711395 33.754890
v -127.068535 127.777008 37.206577
v -127.066574 56.209900 34.749397
v -127.062881 130.368179 70.927605
v -127.057915 132.256927 70.883232
v -127.049019 137.501678 71.013931
v -127.045425 128.314423 34.748352
v -127.037017 55.451626 34.757443
v -127.025696 125.495956 37.646481
v -127.012192 125.989609 37.731464
v -127.005646 127.735931 52.208542
v -127.002808 134.171539 55.132614
v -127.002808 134.171539 55.132618
v -126.998688 126.597275 37.646595
v -126.997353 59.441441 34.140270
v -126.992073 134.926514 54.660076
v -126.992073 134.926514 54.660080
v -126.990044 91.803398 71.543976
v -126.985184 127.090919 37.731579
v -126.984779 106.989662 34.340210
v -126.981133 56.324738 34.068756
v -126.975914 114.779282 34.394974
v -126.971680 127.584572 37.816559
v -126.971680 127.698586 37.646709
v -126.970604 137.342819 52.364761
v -126.959549 129.822388 37.719234
v -126.955826 61.193359 34.053383
v -126.949112 72.918320 34.094032
v -126.941765 128.974991 48.902279
v -126.938400 137.069916 54.727814
v -126.938400 137.069931 54.727814
v -126.931030 128.823608 49.779976
v -126.926056 137.532394 71.034546
v -126.925499 128.190338 37.798889
v -126.917259 109.457916 34.765121
v -126.917259 109.571930 34.595268
v -126.915344 126.253235 37.662041
v -126.913025 125.341606 33.600700
v -126.912331 82.149513 33.976170
v -126.902184 128.341125 34.570419
v -126.899849 133.586624 58.762962
v -126.898338 55.478478 34.484132
v -126.889931 134.109009 48.822975
v -126.888336 127.354546 37.662155
v -126.879066 114.928894 34.495403
v -126.874832 127.734184 37.916988
v -126.848511 128.399902 37.743706
v -126.845505 125.415550 37.592506
v -126.843452 109.960960 70.897179
v -126.843081 55.494919 34.326747
v -126.834412 134.168167 47.687508
v -126.829887 109.998734 71.665276
v -126.829681 124.883553 33.785999
v -126.829681 124.997574 33.616150
v -126.829681 125.111588 33.446297
v -126.820908 134.967575 59.033836
v -126.808823 91.253586 35.110947
v -126.807037 134.713135 70.126244
v -126.791489 127.732185 37.422878
v -126.782257 128.307678 37.485935
v -126.759705 109.958961 70.400673
v -126.758942 128.277206 34.527508
v -126.755577 128.305511 52.370167
v -126.748253 105.349884 34.471416
v -126.746140 109.996735 71.168770
v -126.746132 109.996735 71.168770
v -126.739311 129.877396 37.756161
v -126.737068 109.491516 34.541290
v -126.728317 125.880669 70.937477
v -126.710083 119.159927 70.882561
v -126.705261 128.245346 37.835815
v -126.701889 63.874947 34.085396
v -126.674034 128.208557 70.767029
v -126.658271 61.245829 33.276307
v -126.639008 128.243759 37.443024
v -126.638306 126.322433 37.708492
v -126.615700 128.213287 34.484600
v -126.615692 128.213287 34.484604
v -126.605988 127.709221 70.564316
v -126.601120 100.867310 71.230064
v -126.590866 134.102066 44.901035
v -126.590866 134.102066 44.901039
v -126.565071 110.030495 70.943855
v -126.547249 125.341599 71.565941
v -126.547249 125.456161 71.395264
v -126.543365 109.562706 35.081852
v -126.541458 126.586060 37.639069
v -126.537590 55.455531 34.587121
v -126.530197 55.436135 34.749137
v -126.514450 127.687370 37.639183
v -126.510185 135.037521 35.148155
v -126.508034 134.959732 60.778191
v -126.503319 63.947929 34.639538
v -126.500946 127.724960 38.403568
v -126.490639 124.003799 71.410675
v -126.485031 128.300354 37.872742
v -126.478424 91.292908 35.314827
v -126.469162 135.025253 70.445107
v -126.449975 55.452088 34.595989
v -126.448433 91.206779 34.833138
v -126.447617 128.962524 52.419460
v -126.446220 137.520676 70.589272
v -126.441071 136.054306 60.747482
v -126.434929 91.244370 35.597530
v -126.417885 63.595249 34.655373
v -126.413132 56.232853 34.512230
v -126.386574 129.385422 37.817642
v -126.386566 129.385422 37.817646
v -126.384003 109.949699 70.889618
v -126.379753 128.316360 66.135361
v -126.375839 128.237030 40.180607
v -126.352615 125.756836 71.597099
v -126.352615 125.871407 71.426422
v -126.352608 125.871407 71.426422
v -126.351585 91.242378 35.103420
v -126.344330 82.057632 34.419643
v -126.341789 128.236435 37.829834
v -126.331375 135.635361 53.960716
v -126.313850 56.386223 34.615181
v -126.298332 128.313858 71.085297
v -126.296005 128.085220 65.980202
v -126.296005 128.085220 65.980209
v -126.286682 109.985466 71.161209
v -126.281128 136.691360 59.644188
v -126.276375 82.614975 70.522133
v -126.274101 127.751640 70.920845
v -126.268860 125.411133 71.612617
v -126.268860 125.525696 71.441940
v -126.268860 125.869400 70.929916
v -126.264801 128.445999 37.774647
v -126.247421 85.716881 34.855347
v -126.239960 128.534073 56.832603
v -126.238983 100.934837 70.780235
v -126.235104 55.431186 34.816745
v -126.232910 136.720428 53.905617
v -126.229225 128.926498 56.900162
v -126.225895 55.408121 35.024413
v -126.207146 136.385986 59.657898
v -126.203102 61.252804 34.093285
v -126.202934 109.983467 70.664703
v -126.198685 128.235550 66.081116
v -126.198685 128.235550 66.081123
v -126.182983 109.515900 34.804047
v -126.181068 127.679398 35.662743
v -126.164001 82.523987 71.032829
v -126.157440 134.636169 35.074615
v -126.135117 61.251177 33.690246
v -126.120565 55.376182 35.489595
v -126.119186 109.981461 70.168198
v -126.108986 91.244919 35.030041
v -126.087875 64.312393 70.529495
v -126.077583 73.483177 70.395958
v -126.054314 87.195023 70.737656
v -126.050819 66.468742 35.573933
v -126.046173 134.341324 60.144382
v -126.041206 135.774658 60.778465
v -126.012268 132.518097 69.855667
v -126.006912 64.364143 35.676655
v -126.000877 127.713005 35.438915
v -125.992226 136.515579 60.182297
v -125.988312 55.988365 37.884182
v -125.971550 125.280350 35.284283
v -125.963341 128.191269 69.269943
v -125.946106 128.226532 39.781830
v -125.946106 129.495438 37.891495
v -125.935364 129.978500 37.824028
v -125.935364 129.978500 37.824032
v -125.935318 63.505409 35.605370
v -125.919853 127.710510 40.364956
v -125.904205 135.889786 56.591034
v -125.902878 55.518806 38.074135
v -125.885193 134.978607 56.635506
v -125.866020 128.227051 69.541534
v -125.847694 118.892273 46.764908
v -125.845230 87.101715 70.675026
v -125.838272 136.326309 59.945904
v -125.823006 123.413536 47.089615
v -125.820686 127.746613 35.215084
v -125.802856 129.431519 37.848587
v -125.801018 128.253632 35.295147
v -125.795837 127.614426 69.130310
v -125.756126 73.431175 70.646935
v -125.756126 73.563469 70.449852
v -125.752869 135.290222 40.997849
v -125.732857 87.275314 70.791550
v -125.714966 127.704788 47.259918
v -125.714966 127.818802 47.090065
v -125.708084 134.141235 41.010036
v -125.708084 137.947952 35.339035
v -125.704720 135.529083 56.827335
v -125.695786 100.921570 70.276169
v -125.695663 55.175972 69.256660
v -125.684952 128.146240 69.487297
v -125.683250 136.404572 56.827423
v -125.676773 126.676910 56.671768
v -125.676434 55.387936 35.250002
v -125.640488 127.780212 34.991253
v -125.620322 54.707481 71.868530
v -125.607033 66.549255 70.601578
v -125.583290 55.349567 69.373192
v -125.580780 128.308655 35.332073
v -125.578483 53.740381 71.807029
v -125.570648 118.847458 46.981213
v -125.570648 118.961472 46.811359
v -125.564842 138.065308 35.026081
v -125.564339 91.754372 69.569366
v -125.559708 54.664570 71.570938
v -125.559464 127.777718 39.917297
v -125.559303 135.004333 56.652786
v -125.549377 130.179428 69.379333
v -125.494712 53.601293 69.080489
v -125.487305 123.064018 40.202576
v -125.469757 126.653091 56.848709
v -125.468869 53.737837 71.614257
v -125.464539 128.274414 46.865089
v -125.440048 82.770935 69.483269
v -125.439842 117.135475 35.237438
v -125.437927 127.773987 47.306366
v -125.424362 135.574448 56.598064
v -125.407410 136.079697 59.342953
v -125.398331 133.313904 56.611572
v -125.395416 85.812813 35.172318
v -125.394394 134.949432 59.349709
v -125.393036 82.073174 35.187805
v -125.392334 133.583603 56.573906
v -125.391235 134.102631 47.055923
v -125.376808 128.876404 46.877453
v -125.376808 128.876404 46.877457
v -125.374207 55.123970 69.507645
v -125.372437 126.917999 56.778946
v -125.371284 128.152496 35.031395
v -125.362559 53.734651 71.427453
v -125.350380 135.269058 56.611778
v -125.334061 127.030815 64.529686
v -125.334061 127.030823 64.529686
v -125.333649 100.874535 69.997009
v -125.330360 87.309677 69.385185
v -125.312401 131.502884 46.877724
v -125.310555 128.331009 47.294804
v -125.310555 128.602921 46.889732
v -125.285950 91.709335 69.786713
v -125.281364 133.125519 56.594475
v -125.275124 127.182907 56.709190
v -125.272461 130.172684 68.937401
v -125.269379 133.614319 56.594521
v -125.253517 136.122162 56.833717
v -125.244377 127.710182 64.441277
v -125.244301 128.238785 47.037037
v -125.236740 127.181160 64.630600
v -125.230965 82.677635 69.420639
v -125.223488 136.328064 60.275131
v -125.223175 127.791771 64.545319
v -125.209602 128.287811 64.630714
v -125.208412 129.125946 64.516808
v -125.192902 54.624229 70.932846
v -125.187263 135.848663 56.846001
v -125.187263 135.848679 56.846001
v -125.183411 128.535065 64.448235
v -125.181357 53.618334 69.386990
v -125.172349 63.486816 34.452024
v -125.122452 134.622604 56.615242
v -125.121277 87.216377 69.322556
v -125.120506 77.547783 35.686153
v -125.120506 77.664665 35.512035
v -125.112518 130.202515 68.738716
v -125.097595 123.206902 35.863541
v -125.097595 123.320915 35.693687
v -125.094752 63.431328 34.513421
v -125.092163 135.183334 41.513699
v -125.092052 64.415586 34.515558
v -125.091261 66.427663 34.516184
v -125.086882 63.946442 34.519649
v -125.049500 127.789291 68.759087
v -125.048348 65.295200 34.550138
v -125.047379 134.124985 41.390865
v -125.044434 128.283310 69.084145
v -125.028534 127.061333 66.283234
v -125.021225 77.584274 35.963226
v -125.021225 77.701157 35.789104
v -125.020706 133.760269 56.815189
v -125.012131 85.803360 35.671127
v -124.985092 100.789726 68.949760
v -124.969704 137.484619 69.034149
v -124.955475 133.151260 56.611748
v -124.953337 53.571204 68.380111
v -124.952393 128.294098 56.631866
v -124.943489 133.640045 56.611801
v -124.921394 127.871704 56.676392
v -124.917648 125.874626 69.200356
v -124.914886 91.620506 68.848221
v -124.909592 130.197540 68.735382
v -124.907532 135.106415 56.611946
v -124.888519 134.195236 56.656422
v -124.888191 133.213287 56.839748
v -124.877457 133.696350 56.772278
v -124.865288 110.065483 67.996368
v -124.859352 128.924088 47.301193
v -124.825302 133.727219 37.794155
v -124.814568 134.119644 37.861713
v -124.804016 100.823486 68.724846
v -124.800468 133.815277 56.852119
v -124.796562 134.648346 56.632515
v -124.789734 134.207718 56.919674
v -124.786201 119.457054 64.397331
v -124.784576 135.137131 56.632565
v -124.766052 128.238281 69.301498
v -124.760597 127.765305 69.071045
v -124.759567 129.233002 64.479317
v -124.757530 135.566269 56.852295
v -124.746552 128.355743 64.109154
v -124.741844 127.719696 39.631966
v -124.737221 77.655212 36.010841
v -124.726379 73.450218 68.658501
v -124.724998 133.090576 35.995762
v -124.723480 134.024857 56.796928
v -124.705811 91.659500 68.588509
v -124.703117 87.294357 68.803123
v -124.695686 79.290253 36.098076
v -124.691277 135.292770 56.864571
v -124.682060 133.663284 37.751247
v -124.671326 134.055710 37.818806
v -124.667961 133.268295 56.876675
v -124.647568 127.712494 63.677364
v -124.647132 53.587877 68.670170
v -124.646492 134.143784 56.876762
v -124.642677 118.976631 47.560696
v -124.630226 128.917953 52.389542
v -124.630226 128.917953 52.389545
v -124.625023 135.109909 56.741829
v -124.605133 116.168350 69.122017
v -124.605072 133.782227 37.831085
v -124.594658 129.886520 66.120865
v -124.593430 91.700806 68.902122
v -124.586906 109.905884 68.384399
v -124.586906 110.020447 68.213722
v -124.586609 133.294006 56.598213
v -124.581642 135.132156 56.629227
v -124.552498 77.572784 35.955509
v -124.546196 119.299210 56.863949
v -124.537880 55.147636 68.665863
v -124.537880 55.279930 68.468781
v -124.528084 133.991791 37.775894
v -124.526772 59.146889 36.468311
v -124.526047 123.726837 68.253792
v -124.492186 53.689249 70.124882
v -124.489998 68.494965 36.176327
v -124.481056 91.742104 69.215736
v -124.477936 91.613258 68.731903
v -124.477692 136.074036 56.605370
v -124.471703 129.917236 66.141479
v -124.470947 96.136017 36.417244
v -124.465706 136.562820 56.605415
v -124.464676 134.943771 56.612122
v -124.461823 133.718292 37.788174
v -124.457657 133.594406 56.581161
v -124.439674 134.302292 56.618927
v -124.438644 132.683228 56.625633
v -124.427518 53.542095 67.705731
v -124.422569 128.489502 56.802689
v -124.412735 54.668247 67.703682
v -124.411835 128.881927 56.870247
v -124.404922 73.530518 68.712402
v -124.404785 135.164917 56.778755
v -124.404556 68.025398 36.366280
v -124.394051 135.557343 56.846313
v -124.381462 127.672890 39.354156
v -124.344849 85.747971 36.391674
v -124.340942 127.785660 41.647331
v -124.304733 134.821793 56.639595
v -124.295593 136.642410 56.791214
v -124.292740 134.602142 57.695023
v -124.284851 137.034836 56.858772
v -124.284691 127.686737 63.550728
v -124.263786 54.790272 67.378250
v -124.261543 135.010361 56.870872
v -124.256012 128.938919 52.991211
v -124.256012 128.938919 52.991215
v -124.250809 135.493423 56.803402
v -124.242767 59.334709 36.341808
v -124.234825 117.105827 36.203079
v -124.231758 123.834641 63.622124
v -124.231758 123.834648 63.622124
v -124.220520 128.110931 63.521660
v -124.216423 55.227928 68.719765
v -124.205994 68.565903 36.223942
v -124.205902 126.679367 51.499310
v -124.187759 127.744080 39.894718
v -124.169220 77.680214 36.280197
v -124.167725 127.700768 63.232090
v -124.163498 100.960556 68.321693
v -124.160751 127.819260 41.423500
v -124.157555 128.664444 54.961472
v -124.152672 128.299805 67.362152
v -124.144928 127.857346 36.767735
v -124.119382 53.557774 67.967679
v -124.118752 128.036865 63.238995
v -124.103668 54.754875 67.965500
v -124.090912 127.779678 40.165001
v -124.057037 57.384502 68.737946
v -124.034775 54.658981 67.697464
v -124.032257 125.194672 36.458702
v -124.028030 127.738609 55.166969
v -124.027985 55.472832 38.043274
v -124.007256 134.249054 55.772236
v -124.007256 134.249054 55.772240
v -124.002426 73.432579 67.503113
v -123.981850 91.774155 67.236038
v -123.975052 135.607605 55.704861
v -123.937477 125.431839 56.771667
v -123.898689 100.877754 67.770943
v -123.885216 77.634270 36.501934
v -123.864555 91.674789 66.792549
v -123.842575 55.043343 59.447449
v -123.840157 125.582169 56.872581
v -123.830879 127.709053 66.408844
v -123.829422 55.896454 38.075054
v -123.826180 96.370323 67.716255
v -123.808174 128.325424 36.910252
v -123.794075 128.292984 55.495583
v -123.790657 68.974136 67.655098
v -123.784546 127.810539 36.489929
v -123.748672 124.045807 55.398376
v -123.744400 79.539558 36.518002
v -123.742836 125.847076 56.802818
v -123.733955 130.202713 66.114410
v -123.733955 135.768967 57.822159
v -123.733345 135.813019 56.822067
v -123.715240 138.019745 36.954144
v -123.698845 128.313736 58.722729
v -123.677315 128.212234 62.846916
v -123.674194 127.769714 37.694450
v -123.663750 125.844078 67.199203
v -123.658951 127.721642 66.964050
v -123.648987 138.018158 36.561352
v -123.645622 136.415009 56.834435
v -123.609467 128.171951 67.028755
v -123.603981 135.259964 56.605667
v -123.598999 133.272430 55.508396
v -123.598671 128.169281 36.609573
v -123.591988 129.119843 66.481033
v -123.591988 135.748749 56.605717
v -123.589783 130.736588 37.745312
v -123.584969 127.770470 66.450073
v -123.584572 128.318115 54.924858
v -123.581795 53.648482 69.143857
v -123.579254 109.413780 37.445736
v -123.577347 127.805305 37.964733
v -123.554428 54.741280 69.178391
v -123.542160 137.517303 66.869049
v -123.532745 133.361481 54.980579
v -123.521011 126.587982 37.640358
v -123.512794 130.855515 37.825146
v -123.512154 128.207733 67.300346
v -123.494003 127.689301 37.640476
v -123.488853 91.780090 67.110817
v -123.482407 109.563393 37.546165
v -123.469109 126.946724 66.206306
v -123.464455 119.157104 66.919373
v -123.451309 91.761147 67.227303
v -123.437859 70.200020 67.906212
v -123.431198 137.464035 66.286545
v -123.423225 128.376282 38.119572
v -123.418032 64.477664 35.840104
v -123.402077 130.346329 66.320175
v -123.399063 109.447380 37.221909
v -123.397156 127.724892 37.910755
v -123.388214 137.479843 66.406502
v -123.385559 109.598984 37.816448
v -123.370049 127.748260 67.200623
v -123.364342 128.282486 55.096809
v -123.358810 131.184021 37.849792
v -123.356630 66.495793 35.888688
v -123.355156 133.920547 66.313667
v -123.340813 126.507568 37.586380
v -123.293755 127.910614 55.036041
v -123.291039 134.201340 55.152618
v -123.265251 137.510544 66.427116
v -123.252838 118.753548 37.801899
v -123.242226 91.800133 66.967583
v -123.218872 109.366966 37.167931
v -123.216957 127.758499 37.686924
v -123.213722 128.220139 37.818893
v -123.205368 109.518578 37.762470
v -123.196953 66.515381 37.878422
v -123.193771 91.278656 37.838017
v -123.182991 117.915863 37.732361
v -123.169266 133.261932 55.109619
v -123.160370 135.466690 56.785454
v -123.155932 61.238450 36.047487
v -123.153046 64.410782 37.981144
v -123.150673 60.671146 37.996635
v -123.149315 130.846603 37.819160
v -123.149315 130.846603 37.819164
v -123.144104 128.337494 55.133732
v -123.138580 131.329666 37.751694
v -123.136734 128.248428 38.033752
v -123.134453 57.554440 37.925121
v -123.134117 128.313538 62.172169
v -123.133614 127.414459 37.702374
v -123.130112 73.019043 37.950283
v -123.128166 136.734604 56.853096
v -123.128166 136.734604 56.853100
v -123.126377 53.634465 68.390814
v -123.124138 134.944626 56.612694
v -123.122025 109.174538 37.777916
v -123.122025 109.516579 37.268360
v -123.120796 138.005081 37.727764
v -123.120544 125.487106 67.207161
v -123.120110 127.794098 37.957207
v -123.108521 109.554169 38.032749
v -123.104286 124.867790 37.717590
v -123.103615 55.115920 38.113805
v -123.097432 55.116323 38.106124
v -123.096924 91.314247 38.108295
v -123.081451 63.435165 38.083981
v -123.077278 125.969109 37.717701
v -123.076988 59.785713 66.633247
v -123.067612 64.058098 37.996979
v -123.063774 126.576767 37.632832
v -123.061050 100.433212 37.823467
v -123.057175 136.039200 56.581985
v -123.050369 128.082397 62.017014
v -123.044678 73.016998 37.443760
v -123.036797 125.370529 66.881332
v -123.036797 125.370537 66.881332
v -123.036766 127.678085 37.632950
v -123.036766 127.792099 37.463097
v -123.025177 109.438164 37.708492
v -123.020897 122.315468 66.811234
v -123.013580 91.198242 37.784039
v -122.993492 128.275146 37.855820
v -122.965950 60.588715 37.941299
v -122.948214 55.118005 38.041645
v -122.945396 72.936607 37.894947
v -122.943618 55.106809 38.234559
v -122.929077 130.901611 37.856091
v -122.928322 109.587776 37.808922
v -122.918343 131.384674 37.788620
v -122.916733 91.233841 38.054317
v -122.916733 91.347855 37.884468
v -122.916504 128.484711 37.800632
v -122.912956 66.586319 37.926041
v -122.911293 137.577026 37.832157
v -122.910650 55.116702 38.052462
v -122.910591 125.281029 37.748596
v -122.908615 82.050919 37.951202
v -122.905548 95.603500 37.784489
v -122.901314 110.689087 37.809032
v -122.900558 138.060104 37.764687
v -122.900558 138.060104 37.764690
v -122.898773 128.154678 65.531670
v -122.898773 128.269257 65.360992
v -122.898720 128.906235 47.093342
v -122.892448 118.592728 37.693947
v -122.891975 55.873459 38.059624
v -122.880859 100.352798 37.769489
v -122.871841 91.282112 37.833340
v -122.869301 128.230728 61.621422
v -122.869049 64.481720 38.028763
v -122.867088 83.802841 37.864319
v -122.850250 128.211227 37.812912
v -122.846115 72.973099 38.172020
v -122.844978 109.243736 37.824368
v -122.844978 109.357750 37.654514
v -122.843071 127.749283 38.173508
v -122.842163 125.671204 67.083160
v -122.841354 131.503616 37.868458
v -122.833389 91.003815 37.899914
v -122.831474 109.509354 38.249054
v -122.831474 109.851402 37.739498
v -122.827248 124.936989 37.764042
v -122.826836 102.555435 37.769714
v -122.824928 121.403023 37.609299
v -122.822609 117.641022 37.794258
v -122.821373 87.248383 67.056938
v -122.818375 126.683815 46.820965
v -122.806961 78.464653 38.069645
v -122.796570 130.445267 37.745621
v -122.795601 118.742332 37.794373
v -122.785835 130.837692 37.813179
v -122.773254 128.239517 38.027771
v -122.772560 91.201721 38.284531
v -122.770500 101.110077 37.785049
v -122.762039 127.746796 43.099556
v -122.762039 127.860809 42.929703
v -122.760674 72.971054 37.665497
v -122.759720 127.633270 37.849251
v -122.759720 127.747284 37.679398
v -122.758415 125.325500 67.098679
v -122.758415 125.325500 67.098686
v -122.758415 125.898338 66.245300
v -122.758415 125.898338 66.245308
v -122.755089 120.451317 37.709618
v -122.748131 109.507362 37.754944
v -122.746834 73.360229 37.926735
v -122.744843 125.936111 67.013405
v -122.743492 102.439423 37.445457
v -122.739265 117.296982 37.809708
v -122.736534 91.267441 37.830490
v -122.733133 55.117423 37.998359
v -122.730400 125.200615 37.694618
v -122.719257 55.117035 38.000737
v -122.709938 114.864326 37.655075
v -122.698166 63.893238 37.886311
v -122.691063 137.722687 37.734058
v -122.673279 91.705734 37.865124
v -122.671875 54.688377 67.717194
v -122.666145 80.486824 37.911591
v -122.662872 127.668869 38.119530
v -122.661392 73.007545 37.942566
v -122.657013 130.108643 46.725288
v -122.652472 55.109183 38.098690
v -122.651283 109.428947 38.195076
v -122.651283 109.542961 38.025223
v -122.649456 53.642111 67.943686
v -122.647057 124.856575 37.710064
v -122.642792 66.034325 38.060661
v -122.639687 91.189026 38.270622
v -122.639687 91.303040 38.100769
v -122.633553 125.464241 37.625195
v -122.626991 85.861496 37.983330
v -122.625267 82.614029 66.519066
v -122.624619 82.238739 37.824703
v -122.622528 55.108641 38.099737
v -122.620384 128.224213 65.578346
v -122.615402 118.661926 37.740395
v -122.614075 137.841614 37.813892
v -122.612228 128.959656 46.737473
v -122.603813 100.421997 37.815941
v -122.587837 91.119293 38.229198
v -122.587837 91.353050 37.880959
v -122.585433 55.090352 38.515544
v -122.579529 127.666870 37.625423
v -122.576332 130.500275 37.782551
v -122.567940 109.426949 37.700966
v -122.566025 127.818481 38.219959
v -122.562111 72.927162 38.393757
v -122.562111 73.044037 38.219639
v -122.562111 73.277794 37.871399
v -122.559067 117.216568 37.755730
v -122.556343 91.187027 37.776512
v -122.554863 131.375763 37.782639
v -122.554436 109.578552 38.295506
v -122.554436 109.920601 37.785946
v -122.550201 125.006187 37.810493
v -122.549797 102.624634 37.816166
v -122.547813 137.568115 37.826176
v -122.545563 117.710220 37.840710
v -122.544128 128.324020 42.981098
v -122.544128 128.324020 42.981102
v -122.537079 138.051178 37.758705
v -122.522537 55.708595 37.948956
v -122.513451 63.693924 38.005096
v -122.509109 79.275406 37.856140
v -122.505048 55.125590 37.835011
v -122.499344 130.619217 37.862385
v -122.499344 130.709854 37.727364
v -122.490517 72.302185 37.974236
v -122.488609 131.102280 37.794918
v -122.488556 91.272659 38.332150
v -122.486771 128.202316 37.806927
v -122.484596 109.082909 37.716412
v -122.481422 80.404388 37.856255
v -122.477875 131.494705 37.862473
v -122.476669 72.925117 37.887234
v -122.473000 90.842987 37.791958
v -122.471092 109.576561 37.801395
v -122.463722 100.880974 65.544876
v -122.461106 55.109532 38.044990
v -122.459496 91.336639 37.876942
v -122.458076 65.951897 38.005329
v -122.456116 85.273010 37.840885
v -122.453354 125.269821 37.741070
v -122.449444 55.109206 38.046988
v -122.448311 95.592285 37.776962
v -122.444084 110.677879 37.801506
v -122.442268 85.779060 37.927998
v -122.439896 82.039429 37.943489
v -122.437531 118.923065 42.597015
v -122.437531 118.923065 42.597019
v -122.437515 78.299789 37.958977
v -122.427673 109.815033 65.600021
v -122.423622 100.341591 37.761963
v -122.422356 130.828781 37.807198
v -122.421570 91.647896 65.435951
v -122.414169 63.964172 37.933929
v -122.404572 137.504196 37.783264
v -122.403114 91.270615 37.825626
v -122.402863 114.587364 65.584953
v -122.401657 127.813995 42.651894
v -122.400322 64.470230 38.021049
v -122.398361 83.791344 37.856602
v -122.388153 127.737564 43.586136
v -122.378876 117.136154 37.701752
v -122.378876 117.136162 37.701752
v -122.377388 73.078484 37.990185
v -122.374237 109.840187 37.731972
v -122.370010 124.925781 37.756516
v -122.369606 102.544220 37.762188
v -122.365372 117.629807 37.786732
v -122.359787 133.364227 42.251240
v -122.358505 54.737694 57.230080
v -122.356506 125.533447 37.671646
v -122.354370 127.723602 64.778336
v -122.351463 132.496246 65.248245
v -122.330353 109.965370 65.700935
v -122.307972 55.111745 37.979999
v -122.303833 91.190231 38.276814
v -122.287710 55.110400 37.990980
v -122.283383 61.215733 36.737880
v -122.278776 55.109845 37.996899
v -122.278107 72.998100 38.441376
v -122.278107 73.348732 37.919018
v -122.277504 54.862823 57.314072
v -122.273519 55.110006 37.993375
v -122.273163 125.189407 37.687092
v -122.264389 55.110061 37.990593
v -122.258255 128.177185 65.299194
v -122.255080 55.110047 37.988722
v -122.234955 91.749542 65.109665
v -122.233032 110.001137 65.972527
v -122.232354 55.108791 38.000324
v -122.229446 63.881741 37.878597
v -122.225113 79.346344 37.903759
v -122.212486 91.686882 65.176231
v -122.210144 96.407310 65.265274
v -122.205643 127.657654 38.112003
v -122.204552 91.694237 37.857407
v -122.201759 64.893845 38.052830
v -122.197426 80.475327 37.903873
v -122.192673 72.996056 37.934853
v -122.184341 134.205673 42.816071
v -122.176315 125.453033 37.617668
v -122.172112 85.343948 37.888500
v -122.169914 128.888809 42.772625
v -122.169914 128.888809 42.772629
v -122.168984 55.100875 38.092188
v -122.159805 55.100856 38.090468
v -122.158272 85.850006 37.975616
v -122.151619 137.449646 65.074013
v -122.145447 127.735306 65.114250
v -122.141632 59.789421 37.909920
v -122.137299 75.254021 37.935081
v -122.131462 125.768501 65.415405
v -122.125412 56.555840 38.012524
v -122.124196 55.088501 38.290437
v -122.119118 91.341553 37.873241
v -122.114395 128.222885 42.717346
v -122.114395 128.222885 42.717350
v -122.103661 128.252762 43.324997
v -122.100113 91.728188 65.489853
v -122.097725 57.684822 38.012642
v -122.088425 126.913429 60.737171
v -122.074860 126.951195 61.505272
v -122.074860 127.409470 60.822563
v -122.073212 55.088364 57.190567
v -122.061287 128.020081 60.737282
v -122.057419 127.716743 60.618378
v -122.047104 54.682198 56.960911
v -122.047104 54.799076 56.786789
v -122.047104 54.915955 56.612671
v -122.040390 79.263908 37.848427
v -122.031563 132.505295 64.926262
v -122.025444 127.691254 37.888176
v -122.021454 129.183105 60.618523
v -122.008438 128.052841 60.625278
v -122.000244 60.861664 65.926056
v -121.996452 128.541626 60.625332
v -121.991104 127.063766 60.838085
v -121.987732 91.769485 65.803467
v -121.985497 127.765137 64.915573
v -121.978382 55.101991 38.038202
v -121.976501 54.689163 57.208492
v -121.969307 128.249985 38.230663
v -121.963966 128.170425 60.838200
v -121.960831 55.261963 57.307098
v -121.947823 54.835564 57.063862
v -121.927277 73.514282 64.413193
v -121.915382 61.342026 37.941818
v -121.912773 124.914566 37.748989
v -121.899269 125.522232 37.664120
v -121.898041 109.993118 63.986504
v -121.891029 91.767181 65.230133
v -121.885483 130.765472 56.650536
v -121.882553 128.282486 65.617462
v -121.876381 137.944305 38.274555
v -121.859253 91.740280 65.598610
v -121.856544 127.711327 65.426208
v -121.854485 130.393692 56.619675
v -121.843289 55.103573 37.992388
v -121.826065 128.276703 38.052731
v -121.804741 126.469452 41.995743
v -121.804611 82.461784 64.987427
v -121.791626 87.267426 65.068504
v -121.778656 91.676186 65.740829
v -121.778160 54.666542 66.887863
v -121.769814 55.768044 37.988861
v -121.762872 53.550312 64.822554
v -121.757079 53.545937 64.433418
v -121.736816 131.172516 56.840912
v -121.726082 131.564941 56.908463
v -121.726082 131.564941 56.908470
v -121.725533 130.694092 56.602623
v -121.720413 55.255890 59.018349
v -121.719078 125.441818 37.610142
v -121.707893 126.733078 41.926315
v -121.694389 127.226730 42.011299
v -121.683708 55.030298 39.218473
v -121.682549 130.760498 56.647198
v -121.680885 127.720383 42.096283
v -121.648240 55.080029 38.284752
v -121.619652 109.948090 64.203857
v -121.605820 73.462280 64.664169
v -121.582840 131.501022 56.865555
v -121.582840 131.501022 56.865559
v -121.581718 118.977318 50.025009
v -121.578384 66.592415 39.193012
v -121.575470 129.871140 42.060982
v -121.553596 131.060913 56.630146
v -121.541420 128.239105 42.140640
v -121.536917 55.096363 38.030854
v -121.534477 64.487816 39.295734
v -121.528595 130.470032 56.561569
v -121.527702 126.538651 42.042191
v -121.522339 109.983856 64.475449
v -121.519951 129.114594 42.140728
v -121.497116 91.693245 65.319458
v -121.493439 73.503586 64.977783
v -121.483154 82.542076 65.041328
v -121.472862 91.712868 64.907791
v -121.460503 60.707600 38.021107
v -121.447622 66.600044 37.399166
v -121.442627 130.653442 56.575329
v -121.439598 131.437088 56.822647
v -121.426102 72.977150 38.932468
v -121.406670 129.387268 60.646221
v -121.398178 128.265808 41.962708
v -121.345703 129.706131 61.407017
v -121.344642 64.495999 37.480648
v -121.341270 109.903053 64.421204
v -121.316460 114.560822 64.576813
v -121.301094 55.756546 37.981144
v -121.257523 109.901054 63.924698
v -121.254929 128.292526 41.784771
v -121.243950 110.053391 64.522125
v -121.241386 114.182198 38.921886
v -121.241379 73.128479 38.528896
v -121.229790 95.942276 38.997433
v -121.222748 129.736847 61.427631
v -121.219139 114.711159 64.677727
v -121.215836 54.778679 64.111763
v -121.208626 131.884537 56.927132
v -121.202225 78.386276 38.774761
v -121.189468 53.549829 64.121167
v -121.187653 73.540260 64.144745
v -121.171982 73.583878 65.031685
v -121.155952 126.928665 61.490143
v -121.146942 54.777031 63.703316
v -121.136841 128.893143 48.063873
v -121.120567 53.547866 63.712724
v -121.106800 53.637559 65.894109
v -121.097069 105.096832 38.982887
v -121.068748 129.798309 42.012089
v -121.051910 65.917412 37.982182
v -121.023040 55.089933 38.030732
v -121.021843 63.306759 37.997787
v -121.019550 55.090057 38.028785
v -121.001494 55.090698 38.018711
v -120.997993 54.804810 63.518288
v -120.994156 64.435745 37.997898
v -120.979134 109.970589 63.971375
v -120.966469 64.512817 39.565090
v -120.952629 66.070786 38.085133
v -120.936409 63.070953 37.839500
v -120.933853 129.915268 61.438053
v -120.922562 63.460129 38.100739
v -120.908722 64.083061 38.013733
v -120.894875 63.537197 39.667927
v -120.866196 73.488258 64.395721
v -120.855904 82.659050 64.262184
v -120.849037 54.644089 63.614075
v -120.846440 63.123606 37.874843
v -120.837128 63.224327 37.942451
v -120.831631 66.527503 37.886561
v -120.829496 61.262225 37.888250
v -120.825169 66.535121 37.891674
v -120.811400 66.454906 37.902568
v -120.799988 91.867325 62.712925
v -120.785156 73.442329 62.935452
v -120.780876 61.017206 37.926720
v -120.780251 125.888290 63.515167
v -120.779778 64.315163 63.955933
v -120.778584 66.263729 37.928533
v -120.775208 128.974472 52.231613
v -120.768976 65.107335 37.936135
v -120.764580 91.651611 62.865456
v -120.754890 127.718262 63.243832
v -120.740357 57.456899 37.958780
v -120.739886 63.150169 37.959153
v -120.739540 128.292969 62.405949
v -120.727443 66.339905 37.968999
v -120.725967 128.216171 63.344719
v -120.707779 60.767044 38.061008
v -120.707520 64.379894 37.984762
v -120.701431 64.423346 37.989579
v -120.697801 63.298813 37.992452
v -120.697096 64.428459 37.993010
v -120.697095 64.428458 37.993011
v -120.692302 64.057839 37.996803
v -120.688040 64.279504 38.000175
v -120.685923 63.312816 38.001850
v -120.684845 68.557144 39.248981
v -120.671604 55.086966 38.013180
v -120.668442 66.535090 38.015682
v -120.662238 64.951527 38.020591
v -120.652405 63.025017 38.061237
v -120.650871 55.700902 38.029585
v -120.649284 60.836952 38.030841
v -120.638107 137.463318 63.224213
v -120.633842 87.371384 64.280624
v -120.630611 63.084340 38.045615
v -120.613934 63.021403 38.058811
v -120.610098 63.039937 38.061846
v -120.604139 63.723215 38.066561
v -120.597142 64.571900 38.072097
v -120.594948 131.543274 57.391342
v -120.591931 64.428437 38.076220
v -120.571385 55.546134 38.092477
v -120.568315 63.451442 38.094906
v -120.543388 125.336494 42.467159
v -120.537132 87.236786 63.904385
v -120.502398 63.495328 38.147062
v -120.475868 127.804749 42.892071
v -120.475038 63.452891 38.168710
v -120.465996 127.694275 63.555786
v -120.461151 128.133362 62.793976
v -120.453407 82.561119 63.052895
v -120.447586 128.171143 63.562073
v -120.399887 119.120514 63.181099
v -120.387566 55.178741 62.683102
v -120.362793 105.040810 39.191666
v -120.351318 73.563927 63.302963
v -120.349693 127.687988 39.610676
v -120.340538 91.626923 63.046715
v -120.330742 91.773209 63.232967
v -120.322159 128.842850 49.009438
v -120.322159 128.842850 49.009441
v -120.316139 119.003937 62.855267
v -120.295677 127.724335 42.838093
v -120.295677 127.838348 42.668240
v -120.292116 53.637130 64.699061
v -120.290634 100.441116 39.307091
v -120.288116 133.464706 39.772453
v -120.276253 72.948799 40.428894
v -120.223518 125.290932 39.726326
v -120.218407 96.320465 63.473911
v -120.198830 127.759926 43.108376
v -120.196106 130.200745 61.410980
v -120.169502 127.721588 39.386848
v -120.152527 64.432129 63.176788
v -120.150848 54.752522 64.501541
v -120.135979 128.898468 51.397137
v -120.135979 128.898468 51.397141
v -120.127090 127.753601 61.845985
v -120.091530 72.983246 40.199440
v -120.048584 64.438535 38.506136
v -120.045532 73.468315 62.667004
v -120.029137 128.324585 62.010563
v -120.017267 64.117438 38.530916
v -120.004135 127.683105 62.017368
v -119.999782 64.943633 38.544751
v -119.993179 130.195770 61.407639
v -119.992149 128.323700 61.791267
v -119.953735 55.300339 63.050613
v -119.953242 63.460996 38.581575
v -119.943443 64.338829 63.114159
v -119.906815 73.017693 39.969986
v -119.903648 123.193092 40.042835
v -119.831078 96.439873 39.824226
v -119.796242 129.769302 61.668121
v -119.747719 100.814621 63.024532
v -119.747719 100.929192 62.853855
v -119.734367 64.377823 62.854443
v -119.727402 137.457993 61.799068
v -119.699310 132.161743 61.524456
v -119.698761 126.493805 42.012085
v -119.695381 135.618958 61.548759
v -119.690414 137.406494 61.655159
v -119.690414 137.507706 61.504387
v -119.680275 126.930634 61.739044
v -119.680275 127.045197 61.568371
v -119.666992 132.541519 56.780540
v -119.661293 130.389999 61.538017
v -119.653137 128.151855 61.568481
v -119.634911 120.743706 62.537621
v -119.620361 128.492569 56.804741
v -119.618057 65.141838 40.745060
v -119.617081 82.584785 62.211117
v -119.610100 125.401474 62.693226
v -119.608902 64.516268 38.854029
v -119.600731 132.177383 56.927845
v -119.583656 78.463310 40.089348
v -119.555817 128.302200 61.669395
v -119.554443 118.662605 40.204712
v -119.546875 87.577621 40.145607
v -119.542854 100.422684 40.280258
v -119.530243 61.049522 40.776382
v -119.523743 132.386948 56.872658
v -119.523272 65.165489 38.921783
v -119.514992 73.323006 62.855354
v -119.504700 82.626091 62.524731
v -119.482285 114.176933 40.150284
v -119.474869 63.307491 40.776615
v -119.469742 123.832542 62.382805
v -119.451958 134.471191 40.448067
v -119.447174 64.436478 40.776726
v -119.429031 125.435242 62.468311
v -119.415596 68.955551 62.496639
v -119.415459 125.816719 62.724380
v -119.412445 113.225227 40.250599
v -119.399155 100.958946 61.635929
v -119.383865 130.210098 42.092640
v -119.381332 119.936218 56.796391
v -119.380501 132.323029 56.829746
v -119.367706 118.960342 56.666039
v -119.358833 126.749962 56.720802
v -119.356293 127.870148 56.675343
v -119.349564 123.331490 40.135738
v -119.345329 127.699669 56.126373
v -119.345284 125.776939 61.459778
v -119.331711 125.471008 62.739902
v -119.331711 125.929283 62.057201
v -119.318245 85.390587 40.192993
v -119.303513 132.532593 56.774559
v -119.299652 78.417366 40.311085
v -119.295624 82.665077 62.265015
v -119.268539 123.329002 45.061783
v -119.266396 131.561356 56.638023
v -119.254402 132.050140 56.638077
v -119.241524 125.456451 43.533226
v -119.241386 127.731926 61.394028
v -119.231728 134.707474 40.214943
v -119.230019 58.237514 40.404247
v -119.227524 135.017242 61.254204
v -119.226524 132.651535 56.854393
v -119.224876 73.448364 60.938286
v -119.223412 131.678360 56.607212
v -119.223389 120.934433 40.251385
v -119.210258 128.966522 50.071770
v -119.193687 128.140594 61.560921
v -119.193237 67.351822 40.460503
v -119.192146 126.061882 56.751694
v -119.178642 126.669548 56.666824
v -119.165138 127.733269 55.902542
v -119.160263 132.378036 56.866673
v -119.151634 127.656845 56.836784
v -119.151634 127.770859 56.666931
v -119.140244 72.998795 40.967606
v -119.113640 128.329086 56.890873
v -119.110558 134.980667 61.010952
v -119.107117 64.362495 62.272381
v -119.102905 128.812149 56.823406
v -119.100449 131.709076 56.627831
v -119.096367 128.290924 61.661835
v -119.091583 63.882439 40.404823
v -119.071022 76.230331 40.358475
v -119.063018 53.699076 61.481336
v -119.037430 126.495361 56.742828
v -119.025084 53.700165 61.434444
v -119.023857 127.105972 56.657547
v -119.022738 61.228405 39.317824
v -119.017021 132.314117 56.823761
v -119.015182 129.414154 56.835777
v -119.004448 129.806580 56.903328
v -119.004440 129.806580 56.903332
v -118.996719 128.098053 56.828331
v -118.991783 53.755878 60.744368
v -118.989830 82.569466 61.629055
v -118.987144 78.072021 62.040756
v -118.983147 128.708679 56.743053
v -118.978478 53.701835 61.322539
v -118.977316 53.756047 60.814702
v -118.976852 87.242813 61.907215
v -118.976158 114.618301 61.396847
v -118.971443 127.804466 56.443104
v -118.970398 128.265167 56.847961
v -118.970398 128.355804 56.712940
v -118.969582 125.882248 61.778046
v -118.967567 132.481140 61.082745
v -118.957458 129.260162 56.624237
v -118.940506 131.587097 56.655300
v -118.938446 128.348984 56.668713
v -118.936702 65.183618 39.385899
v -118.935448 119.314339 56.874107
v -118.925430 127.269318 56.600082
v -118.915497 127.707062 61.486687
v -118.915298 128.210129 61.607597
v -118.913704 64.357872 61.125725
v -118.913445 127.707504 56.675514
v -118.907631 134.975693 61.007610
v -118.903412 73.396362 61.189270
v -118.899564 53.759473 60.666710
v -118.897522 131.704102 56.624489
v -118.882668 128.867172 56.860336
v -118.878693 137.487808 61.491024
v -118.871710 64.839662 39.437323
v -118.860580 58.072647 40.293579
v -118.856239 72.952850 41.189342
v -118.856239 73.069733 41.015221
v -118.842789 126.910599 56.773983
v -118.827148 128.291885 56.670029
v -118.827148 128.382523 56.535007
v -118.822853 63.347469 39.475980
v -118.812418 63.940182 39.484237
v -118.811554 131.887497 56.638248
v -118.802986 64.475976 39.491700
v -118.791260 128.744858 49.335392
v -118.791245 127.838066 56.219276
v -118.791039 73.437668 61.502880
v -118.780746 82.608452 61.369339
v -118.777740 127.875656 56.983665
v -118.770805 72.950806 40.682819
v -118.770805 73.067688 40.508698
v -118.759193 109.409195 41.138447
v -118.758636 100.866882 61.574127
v -118.714905 55.226074 60.999550
v -118.701935 59.899422 61.277710
v -118.674889 100.864876 61.077618
v -118.673943 127.798729 41.163330
v -118.662346 109.558807 41.238876
v -118.661728 126.829803 56.719742
v -118.654657 54.740245 63.076971
v -118.652405 109.990295 60.023312
v -118.651703 129.405243 56.829792
v -118.614029 114.456696 61.288368
v -118.611053 127.757660 56.165298
v -118.602531 55.135082 61.510246
v -118.572235 73.023788 41.236961
v -118.529930 128.284546 57.056839
v -118.527710 127.641647 55.841038
v -118.514206 127.793251 56.435577
v -118.501083 128.255264 41.172165
v -118.494225 123.617889 60.505653
v -118.486801 73.021744 40.730434
v -118.485432 53.782325 60.814377
v -118.469582 73.517960 61.556778
v -118.467087 127.245041 56.750900
v -118.440620 128.792130 56.638123
v -118.437203 53.783872 60.842008
v -118.417358 127.828850 56.705856
v -118.399239 128.121307 59.567329
v -118.399239 128.235886 59.396656
v -118.398811 109.476402 40.690788
v -118.380478 59.847420 61.528690
v -118.374565 53.718412 62.597076
v -118.374023 109.945267 60.240665
v -118.313553 127.751923 40.885525
v -118.313164 123.651657 60.280739
v -118.301964 109.511993 40.961067
v -118.284225 125.319267 40.730892
v -118.263191 77.922089 61.082451
v -118.260052 53.801708 60.724744
v -118.243439 128.337982 56.700974
v -118.229004 100.815834 60.301960
v -118.202797 72.975807 40.952171
v -118.190216 54.610695 59.721939
v -118.187531 85.812683 60.375450
v -118.187478 53.875750 59.990336
v -118.179054 54.641762 60.353806
v -118.153824 127.746445 56.157768
v -118.153503 82.725426 60.590195
v -118.120857 128.190842 59.614006
v -118.077377 64.381538 60.283951
v -118.047699 123.223427 41.541508
v -118.041267 54.732719 59.396507
v -118.036110 104.983498 41.617054
v -118.034775 123.721191 60.327415
v -118.020897 134.245804 59.205448
v -118.016777 129.540665 56.593826
v -117.994362 128.273056 40.988247
v -117.981593 53.737007 62.227479
v -117.980263 130.143967 56.738079
v -117.978424 137.939072 40.817280
v -117.939789 128.110046 59.559769
v -117.928139 110.010796 59.294327
v -117.896744 125.932503 59.831131
v -117.891792 95.898140 41.678051
v -117.862831 129.148987 56.658966
v -117.858665 67.474800 41.553356
v -117.850845 127.714882 59.523613
v -117.817253 109.969765 60.504692
v -117.770760 129.715912 56.842476
v -117.761299 73.456703 59.514450
v -117.755913 64.329536 60.534927
v -117.745148 128.181580 60.102951
v -117.734055 137.459930 59.503990
v -117.707771 126.672005 51.494366
v -117.649750 109.965759 59.511681
v -117.637932 123.440002 54.991722
v -117.583755 59.443535 41.718956
v -117.583244 54.658627 59.754112
v -117.561943 127.741501 59.760185
v -117.539238 78.036751 59.729977
v -117.450127 64.366211 59.701889
v -117.446556 127.729248 54.667915
v -117.445457 54.561081 59.077629
v -117.439835 73.404709 59.765430
v -117.434296 54.592155 59.709496
v -117.422386 73.112320 42.559265
v -117.389175 128.288284 42.369518
v -117.382607 105.529869 60.000172
v -117.361069 133.099945 56.577301
v -117.343132 73.402397 59.192101
v -117.340439 68.904953 59.603798
v -117.334908 96.250107 59.960548
v -117.290741 66.390488 59.917152
v -117.286003 101.887154 41.756073
v -117.251335 55.234417 59.575714
v -117.244415 133.418533 56.781654
v -117.238113 133.130646 56.597916
v -117.233681 133.810959 56.849213
v -117.138954 55.275719 59.889324
v -117.106552 109.952492 59.007614
v -117.102692 128.251068 42.148678
v -117.095032 127.645844 42.785408
v -117.095032 127.759857 42.615555
v -117.084160 132.789581 56.587669
v -117.052948 73.064331 42.274479
v -117.035179 133.125671 56.594574
v -117.025703 128.279373 42.363533
v -117.021675 73.350395 59.443085
v -117.011688 127.643845 42.291294
v -117.002823 127.794464 53.726147
v -116.998184 127.795456 42.885834
v -116.950762 63.467153 40.957248
v -116.914841 127.793457 42.391724
v -116.889435 119.034882 58.667160
v -116.866959 128.160309 57.612854
v -116.806396 109.475121 42.907402
v -116.794807 91.235199 42.982948
v -116.734650 127.713051 42.337746
v -116.723053 109.473129 42.413292
v -116.721146 127.750641 43.102139
v -116.709549 109.624733 43.007832
v -116.708366 119.068649 58.442245
v -116.685890 128.079498 57.558617
v -116.685890 128.194061 57.387939
v -116.664253 130.030304 56.594448
v -116.628937 126.075020 56.760509
v -116.626205 109.508720 42.683575
v -116.624298 127.786240 43.372417
v -116.596107 91.283508 42.885796
v -116.593216 82.599159 58.790115
v -116.588417 127.783997 56.675751
v -116.570381 72.974495 43.224480
v -116.566940 54.796233 43.199539
v -116.554459 127.632637 42.283768
v -116.540955 127.670227 43.048161
v -116.529358 109.430305 43.123707
v -116.529358 109.544319 42.953854
v -116.522469 73.382446 57.463387
v -116.517769 91.190384 43.199253
v -116.517769 91.304398 43.029400
v -116.504822 128.113266 57.333702
v -116.504822 128.227829 57.163025
v -116.496826 91.203117 43.336990
v -116.492302 137.993073 42.616302
v -116.484947 72.972450 42.717953
v -116.467316 129.755630 56.628777
v -116.459923 127.781754 47.804356
v -116.429298 127.680267 57.094643
v -116.411385 91.317947 42.656345
v -116.410095 73.423744 57.777000
v -116.394722 128.197235 56.706757
v -116.385658 73.008942 42.995026
v -116.384209 91.721390 57.415764
v -116.364998 128.263123 42.744362
v -116.360756 127.703827 42.824329
v -116.358032 101.788300 42.675259
v -116.354263 128.293015 43.352013
v -116.353806 116.873894 42.699806
v -116.349319 127.745781 56.919918
v -116.349167 109.463905 42.899876
v -116.349167 109.691940 42.560173
v -116.349052 128.321716 56.885918
v -116.348885 82.240135 42.877159
v -116.347252 127.741417 43.588722
v -116.340302 117.367538 42.784786
v -116.338318 132.067673 51.957592
v -116.337578 90.995956 43.315125
v -116.337578 91.337997 42.805569
v -116.337334 127.728546 57.673805
v -116.335663 109.957558 42.984859
v -116.333748 126.524841 46.221481
v -116.331436 125.043144 43.009403
v -116.331429 125.043152 43.009403
v -116.331429 125.157166 42.839554
v -116.323753 128.147034 57.108788
v -116.322563 126.105881 53.085438
v -116.315605 118.924423 47.525650
v -116.313385 73.289139 57.400749
v -116.312103 91.120682 43.281654
v -116.312103 91.237564 43.107536
v -116.312103 109.933212 57.014023
v -116.311378 127.853195 56.722206
v -116.310188 128.184799 57.876884
v -116.309059 126.599533 53.170422
v -116.309059 126.713547 53.000568
v -116.306740 125.459877 49.448784
v -116.306740 127.854195 45.881893
v -116.304420 126.030449 43.179367
v -116.301697 100.228935 42.860443
v -116.301697 100.228935 42.860447
v -116.301697 100.342949 42.690594
v -116.301697 100.456963 42.520741
v -116.300346 127.727661 57.454514
v -116.299789 118.620461 43.379436
v -116.299789 118.734474 43.209587
v -116.299782 109.613274 56.797749
v -116.299377 96.238907 43.385113
v -116.298744 128.352173 42.216545
v -116.298538 109.970985 57.782120
v -116.297722 73.465050 58.090614
v -116.290916 126.524094 43.264351
v -116.290916 126.638107 43.094498
v -116.288193 91.373352 56.873299
v -116.288193 100.380539 43.454987
v -116.286888 91.642593 57.858032
v -116.286377 72.928551 43.446213
v -116.286377 73.045433 43.272095
v -116.284645 130.948181 56.886185
v -116.282806 128.320129 56.493126
v -116.282051 127.814857 53.000679
v -116.279732 127.815353 47.580524
v -116.279114 128.320908 47.875622
v -116.277275 128.321304 43.566872
v -116.277138 91.674332 58.020615
v -116.270050 94.148293 42.720924
v -116.268547 128.308502 53.085663
v -116.267143 126.923805 56.782845
v -116.265823 109.119873 42.915321
v -116.265823 109.347900 42.575619
v -116.265823 109.461914 42.405766
v -116.263908 118.618225 56.682774
v -116.263908 127.739426 43.094612
v -116.263351 127.726776 57.235214
v -116.261185 101.709885 43.115391
v -116.261185 101.823898 42.945541
v -116.256958 116.909492 42.970085
v -116.256958 117.137520 42.630383
v -116.256958 117.251534 42.460529
v -116.254227 90.879944 42.990868
v -116.252319 109.499504 43.170155
v -116.252319 109.499504 43.170158
v -116.252319 109.613518 43.000305
v -116.250404 125.952774 46.576633
v -116.250404 126.066788 46.406784
v -116.250404 126.180809 46.236931
v -116.250404 126.408836 45.897224
v -116.250404 128.119064 43.349445
v -116.250404 128.233078 43.179592
v -116.248093 124.927139 42.685146
v -116.248085 124.927139 42.685146
v -116.248085 125.155167 42.345444
v -116.243454 117.403137 43.055069
v -116.240730 91.259583 43.245701
v -116.240723 91.259583 43.245705
v -116.240723 91.373596 43.075851
v -116.240005 128.145020 56.612282
v -116.240005 128.259598 56.441605
v -116.236900 126.446426 46.661617
v -116.236900 126.674454 46.321911
v -116.234581 125.192764 43.109833
v -116.234581 125.306778 42.939980
v -116.234581 125.420792 42.770130
v -116.234581 125.534805 42.600277
v -116.234177 102.925217 42.945652
v -116.228035 127.851204 56.228096
v -116.226669 91.235519 42.601009
v -116.225716 126.255493 53.185867
v -116.225716 126.483521 52.846165
v -116.223396 125.115837 49.464233
v -116.221077 119.073540 53.046234
v -116.216438 118.618469 42.885326
v -116.216034 96.236908 42.891003
v -116.214790 109.968979 57.285614
v -116.212868 128.220581 58.148476
v -116.212212 126.635132 53.440704
v -116.211021 128.319733 43.174080
v -116.210541 125.471436 56.798252
v -116.209892 127.775772 46.322021
v -116.205254 119.339653 48.050762
v -116.204849 91.257347 56.549038
v -116.204849 100.264526 43.130726
v -116.204849 100.264534 43.130726
v -116.204849 100.378548 42.960876
v -116.204849 100.492561 42.791023
v -116.203140 91.755157 57.190849
v -116.198708 124.962494 56.752876
v -116.194069 126.445679 43.704483
v -116.194069 126.559692 43.534630
v -116.185204 125.456139 56.837852
v -116.184410 129.714966 56.601479
v -116.182884 127.736938 48.020657
v -116.180435 91.672012 57.447289
v -116.173203 94.069878 43.161057
v -116.171700 126.063805 56.752983
v -116.168976 109.497513 42.676048
v -116.167061 118.767838 56.783203
v -116.167061 128.231079 42.685482
v -116.164742 124.925148 42.191036
v -116.164162 82.157700 42.821827
v -116.164162 82.274582 42.647709
v -116.158379 127.656837 56.313454
v -116.158195 126.557457 56.837967
v -116.157379 91.257584 42.751591
v -116.156258 127.684753 56.798477
v -116.155472 109.535103 43.440437
v -116.155472 109.991158 42.761028
v -116.153557 126.672462 45.827801
v -116.152382 127.673523 56.652706
v -116.151237 125.532806 42.106167
v -116.143875 91.295181 43.515984
v -116.141022 79.986763 57.894180
v -116.134583 137.454590 57.969482
v -116.131187 127.772789 56.668228
v -116.131042 109.852409 56.959782
v -116.130669 131.276688 56.910831
v -116.130296 54.781180 42.564032
v -116.129120 128.218567 57.651970
v -116.128410 127.740257 58.009720
v -116.127388 91.272011 42.878082
v -116.126968 68.094376 43.232136
v -116.126549 125.151436 49.734512
v -116.124886 54.721970 57.802284
v -116.124886 55.118851 57.211033
v -116.121719 94.731422 57.703217
v -116.117683 128.266434 56.753208
v -116.112808 102.329689 58.099594
v -116.108559 117.717583 57.782913
v -116.108376 61.471794 42.827869
v -116.107353 132.333847 52.332123
v -116.105820 91.676361 57.633118
v -116.104309 73.328133 57.141037
v -116.101662 72.962997 43.216763
v -116.099648 125.315842 58.179291
v -116.099648 125.430412 58.008614
v -116.099648 125.659546 57.667267
v -116.099648 125.774117 57.496590
v -116.098923 64.333252 57.964436
v -116.096722 54.769522 42.962198
v -116.094528 61.860970 43.089108
v -116.089291 54.779382 42.598249
v -116.088638 73.371742 58.027981
v -116.088638 73.504036 57.830894
v -116.086082 125.926460 58.094009
v -116.084038 129.856186 53.019341
v -116.084038 129.856186 53.019344
v -116.081421 119.053375 57.441673
v -116.080353 130.853973 42.916580
v -116.078346 82.542534 57.894440
v -116.078308 58.393623 43.539951
v -116.075935 54.770866 43.381321
v -116.075935 55.238388 42.684845
v -116.075150 130.520126 56.990578
v -116.069771 100.724983 57.517586
v -116.069771 100.839554 57.346909
v -116.069618 131.246399 42.984138
v -116.068062 91.713318 57.760902
v -116.067848 119.205711 58.039093
v -116.067772 128.255798 43.131172
v -116.067772 128.346436 42.996147
v -116.066841 62.989952 43.089226
v -116.064880 82.077309 43.273014
v -116.064880 82.194191 43.098896
v -116.062088 55.276924 43.468441
v -116.058937 128.178787 56.387367
v -116.058884 128.285294 48.047573
v -116.058884 131.276276 43.591789
v -116.057037 128.285675 43.738823
v -116.056198 100.877327 58.115005
v -116.051834 131.849197 52.006798
v -116.051834 137.740540 43.230251
v -116.051834 137.831177 43.095230
v -116.051834 137.921814 42.960205
v -116.051834 138.012451 42.825180
v -116.050621 59.990128 42.843590
v -116.049988 128.314774 52.963978
v -116.049988 133.027863 45.942738
v -116.049988 133.118500 45.807713
v -116.049988 133.118500 45.807716
v -116.049988 133.209137 45.672691
v -116.048149 128.949615 47.710056
v -116.048149 128.949615 47.710060
v -116.048149 129.855988 46.359821
v -116.047844 127.770798 56.174118
v -116.044319 79.984451 57.320847
v -116.044319 80.116745 57.123768
v -116.042938 133.056946 55.167892
v -116.041595 136.997070 56.896912
v -116.041534 67.975456 42.899731
v -116.041100 132.060349 52.344402
v -116.041100 138.132965 43.297810
v -116.039253 133.782837 45.470200
v -116.039154 54.768574 57.018890
v -116.039154 64.002060 43.263458
v -116.039154 64.118942 43.089336
v -116.039154 64.352699 42.741100
v -116.038758 62.967884 41.678860
v -116.037476 130.217224 57.376038
v -116.037476 130.318436 57.225269
v -116.036774 60.613060 42.756588
v -116.035599 137.114960 57.085396
v -116.034457 63.109443 41.682263
v -116.033722 110.002747 57.060699
v -116.032204 133.268112 55.505493
v -116.030365 132.271500 52.682007
v -116.030365 132.362137 52.546982
v -116.030365 132.543411 52.276936
v -116.029610 137.485855 56.896957
v -116.029472 125.390640 56.744011
v -116.029427 127.704231 56.673325
v -116.029060 102.327682 57.603088
v -116.028519 128.918365 53.369137
v -116.028519 129.008987 53.234116
v -116.028175 54.719658 57.228958
v -116.028107 91.191620 43.329273
v -116.028107 91.308502 43.155151
v -116.024460 129.694183 56.478180
v -116.024406 94.767197 57.974808
v -116.023613 137.401337 57.386978
v -116.023430 127.771515 56.937195
v -116.022934 61.235992 42.669586
v -116.022072 91.674355 57.136612
v -116.022072 91.788925 56.965935
v -116.020149 109.925949 57.999474
v -116.019623 132.754562 52.614540
v -116.018471 129.862686 56.591286
v -116.018471 130.065094 56.289749
v -116.017441 127.686996 57.427216
v -116.016220 72.610321 43.232597
v -116.016220 72.727196 43.058479
v -116.016220 72.960960 42.710239
v -116.015900 125.428406 57.512108
v -116.015900 125.886681 56.829403
v -116.014099 128.223938 46.439476
v -116.014099 130.399200 43.198906
v -116.014099 130.489838 43.063881
v -116.014099 130.489838 43.063885
v -116.014099 130.580475 42.928856
v -116.014099 130.580475 42.928860
v -116.012512 55.292450 57.327560
v -116.011238 117.753349 58.054501
v -116.009190 54.795130 41.702255
v -116.009188 54.795129 41.702326
v -116.009087 61.391407 43.279060
v -116.009087 61.508286 43.104942
v -116.008979 54.795023 41.712592
v -116.007050 129.884491 53.234200
v -116.007050 129.884491 53.234203
v -116.006485 129.997253 57.119019
v -116.006485 130.351471 56.591331
v -116.004601 136.945587 56.752998
v -116.004506 54.790728 42.096579
v -116.004333 54.847168 41.917084
v -116.003798 54.790861 42.091052
v -116.003365 130.882263 43.131439
v -116.003365 130.972900 42.996414
v -116.002380 72.999489 43.493832
v -116.002380 73.116371 43.319714
v -116.002380 73.467010 42.797356
v -116.002373 63.882885 57.075146
v -116.002327 125.351616 58.450882
v -116.002327 125.466187 58.280205
v -116.002327 125.809891 57.768181
v -116.002327 126.382721 56.914803
v -116.002327 126.497292 56.744125
v -116.002327 126.497299 56.744125
v -116.002220 64.198647 57.588188
v -116.002220 64.330940 57.391106
v -116.000488 130.368149 56.930588
v -116.000000 69.493614 43.161083
v -115.999527 59.436619 58.394058
v -115.998611 137.114075 56.866096
v -115.997673 118.936798 57.115845
v -115.997673 119.051369 56.945168
v -115.996834 55.203770 58.411591
v -115.996834 55.336067 58.214504
v -115.995247 62.131218 43.017941
v -115.994499 130.334229 57.345222
v -115.992867 58.274704 43.207550
v -115.992630 128.283707 47.654781
v -115.992630 129.371338 46.034492
v -115.992630 130.912155 43.739094
v -115.992630 131.274704 43.198997
v -115.992630 131.365326 43.063972
v -115.992615 137.029556 57.356117
v -115.992615 137.333160 56.903812
v -115.992615 137.434372 56.753044
v -115.992439 127.703346 56.454025
v -115.991928 73.369438 57.454651
v -115.991928 73.501732 57.257568
v -115.991528 54.764853 43.049466
v -115.991325 91.189331 56.966843
v -115.990784 128.193466 43.481052
v -115.990784 128.284103 43.346027
v -115.990494 54.768822 42.874798
v -115.990494 54.885704 42.700680
v -115.990494 55.470100 41.830082
v -115.988762 125.847656 58.536278
v -115.988762 126.878769 57.000195
v -115.988762 126.878769 57.000198
v -115.988762 126.993340 56.829521
v -115.986549 64.374557 58.278049
v -115.986443 127.720032 56.793282
v -115.986023 100.722984 57.021080
v -115.985580 128.312790 56.879932
v -115.985580 137.738953 42.837460
v -115.984329 86.773071 57.303581
v -115.983780 66.610664 42.741333
v -115.983734 132.663727 46.090038
v -115.981895 128.404221 48.127407
v -115.981888 128.404221 48.127411
v -115.981644 82.407921 57.518196
v -115.981644 82.540222 57.321114
v -115.980446 127.686111 57.207916
v -115.980145 54.768092 43.504404
v -115.979446 82.075272 42.766491
v -115.978004 126.477043 56.783989
v -115.976646 54.807358 43.658394
v -115.976646 55.157997 43.136036
v -115.976646 55.274879 42.961914
v -115.976257 73.413055 58.341591
v -115.976257 73.545341 58.144508
v -115.975487 129.827881 56.786625
v -115.975273 100.447502 56.804771
v -115.974846 137.859482 43.310085
v -115.974846 137.950119 43.175060
v -115.974846 137.950119 43.175064
v -115.973000 128.343079 53.178833
v -115.973000 128.343079 53.178837
v -115.973000 128.433716 53.043812
v -115.973000 133.237427 45.887550
v -115.973000 133.328064 45.752525
v -115.973000 133.509338 45.482479
v -115.972450 100.760757 57.789177
v -115.972450 100.875320 57.618500
v -115.971352 91.711006 57.187569
v -115.970933 61.206519 41.732526
v -115.970331 59.096606 41.733002
v -115.969490 130.198776 56.598190
v -115.968193 60.846798 58.197105
v -115.965973 82.583839 58.208054
v -115.965950 133.085251 55.382751
v -115.965950 133.175888 55.247726
v -115.965950 133.266525 55.112701
v -115.965599 73.114082 56.957283
v -115.965599 82.113800 43.550087
v -115.964104 132.088638 52.559261
v -115.964104 132.179276 52.424236
v -115.963501 130.316666 56.786674
v -115.962265 128.554230 53.516438
v -115.962265 128.644867 53.381416
v -115.962265 128.916779 52.976345
v -115.961624 128.099991 56.829628
v -115.956093 67.505898 43.089684
v -115.955681 91.622330 58.271599
v -115.955627 136.978058 57.212204
v -115.953720 63.415619 43.627533
v -115.953720 63.532497 43.453411
v -115.953712 54.766533 56.512367
v -115.953377 132.481064 52.626820
v -115.953377 132.571701 52.491795
v -115.952965 63.495596 41.746742
v -115.951530 128.946655 53.583996
v -115.951340 60.727898 42.075943
v -115.951340 60.844776 41.901829
v -115.951340 60.948014 41.748028
v -115.951340 60.948016 41.748028
v -115.948051 128.252335 57.427055
v -115.947845 128.312988 45.911659
v -115.943642 137.466858 57.212257
v -115.942665 91.189583 42.822750
v -115.940796 129.339081 53.651554
v -115.940796 129.429718 53.516529
v -115.939545 66.357529 58.179703
v -115.938324 91.672356 56.640106
v -115.937485 128.186020 56.699230
v -115.937111 130.246231 43.683815
v -115.937111 130.427505 43.413765
v -115.937111 130.790054 42.873669
v -115.936401 109.923950 57.502968
v -115.931946 80.025757 57.634464
v -115.931900 130.546844 56.812645
v -115.931740 102.363457 57.874680
v -115.928825 82.228386 57.013535
v -115.928406 68.751755 42.915680
v -115.927490 117.636780 57.728672
v -115.927490 117.751350 57.557999
v -115.927094 54.770653 57.252205
v -115.926376 130.819931 43.481323
v -115.926376 130.910568 43.346298
v -115.926369 130.910568 43.346298
v -115.924759 91.710129 57.408203
v -115.924530 128.282516 42.953239
v -115.921165 130.939270 56.880203
v -115.919327 128.311218 56.487144
v -115.918579 125.464180 57.783699
v -115.916939 72.997452 42.987309
v -115.916939 73.114326 42.813190
v -115.915642 131.393631 43.278831
v -115.914626 54.780103 42.405522
v -115.911186 91.747902 58.176300
v -115.910431 131.422333 56.812737
v -115.906746 132.963928 45.899830
v -115.906746 133.235840 45.494759
v -115.905510 64.196335 57.014862
v -115.905312 54.781042 42.368939
v -115.905014 125.387383 58.722473
v -115.905014 125.845657 58.039772
v -115.905014 126.533066 57.015717
v -115.905014 126.762199 56.674362
v -115.905014 126.876770 56.503689
v -115.903381 137.614685 56.856270
v -115.903091 73.503502 43.074425
v -115.900352 119.087135 57.216759
v -115.900131 55.201458 57.838261
v -115.896011 133.265732 46.102409
v -115.896011 133.537628 45.697338
v -115.895966 62.050831 43.469131
v -115.895226 73.499413 56.684238
v -115.894653 126.133003 56.799431
v -115.892647 138.097748 56.788799
v -115.891212 54.805313 43.151871
v -115.889847 64.372246 57.704720
v -115.888702 100.873322 57.121994
v -115.886838 54.763936 43.131751
v -115.880165 72.995155 56.624878
v -115.880165 82.111755 43.043564
v -115.879555 73.410736 57.768265
v -115.877869 128.097992 56.333126
v -115.871956 86.814369 57.617195
v -115.869263 82.581520 57.634727
v -115.854141 127.841988 56.714676
v -115.852654 110.036514 56.835785
v -115.852531 130.010391 56.581085
v -115.849510 127.728966 46.044216
v -115.842552 109.602066 56.790222
v -115.842331 128.248871 56.837021
v -115.833687 117.391685 56.844986
v -115.832489 127.682571 56.330727
v -115.830963 91.362137 56.865768
v -115.816605 119.085136 56.720253
v -115.815536 129.857712 56.587944
v -115.807693 126.912537 56.775280
v -115.806610 91.340652 56.563267
v -115.804955 100.756744 56.796165
v -115.803429 55.199142 57.264931
v -115.795082 100.367088 56.750793
v -115.788658 130.482910 56.769737
v -115.780876 82.148254 43.320633
v -115.780556 128.019196 56.775391
v -115.780556 128.248322 56.434044
v -115.772560 82.579208 57.061394
v -115.768906 109.919945 56.509953
v -115.762268 91.750000 56.927856
v -115.755333 109.957718 57.278049
v -115.744102 82.145958 56.958206
v -115.741470 124.951279 56.745346
v -115.727608 128.277359 46.083611
v -115.723946 126.566833 56.790802
v -115.721703 137.006119 56.574928
v -115.718376 63.953827 57.122765
v -115.709824 118.756622 56.775673
v -115.709709 137.444305 56.650364
v -115.707642 100.792519 57.067757
v -115.707642 100.907082 56.897079
v -115.704300 128.246887 43.125187
v -115.703537 127.729973 56.690598
v -115.700935 130.994278 56.917130
v -115.700334 63.486585 41.946633
v -115.698235 100.516701 56.851223
v -115.686142 73.009224 57.212860
v -115.686142 73.406113 56.621605
v -115.683235 128.169525 56.876305
v -115.683151 137.760330 56.758171
v -115.680763 64.411232 57.445007
v -115.680595 130.377197 56.608612
v -115.665565 91.615387 56.551613
v -115.662361 109.521652 56.736244
v -115.662361 109.635666 56.566391
v -115.660179 82.620514 57.375008
v -115.650764 91.281731 56.811790
v -115.650764 91.395744 56.641937
v -115.622101 128.303879 56.873947
v -115.619095 72.990044 43.992641
v -115.610321 100.713715 57.510017
v -115.610321 100.713722 57.510021
v -115.607986 97.048042 57.525204
v -115.599487 128.167526 56.379799
v -115.596161 73.066093 56.672497
v -115.592751 137.255936 56.633263
v -115.590607 127.873596 55.996735
v -115.584053 64.276627 57.068764
v -115.573769 73.315125 57.132301
v -115.570435 54.757080 57.011177
v -115.570435 63.523048 43.952221
v -115.568382 64.452538 57.758621
v -115.565361 117.589745 57.449516
v -115.562622 91.777657 56.958374
v -115.547806 82.661819 57.688622
v -115.547775 125.364517 56.776352
v -115.546951 131.413422 56.806751
v -115.544678 54.761276 57.245911
v -115.543594 127.658592 56.642685
v -115.539902 137.605774 56.850288
v -115.538223 119.040100 56.937599
v -115.538223 119.154671 56.766930
v -115.533653 63.871395 57.067432
v -115.529167 138.088837 56.782814
v -115.526642 130.036133 56.598362
v -115.522606 91.177841 56.959126
v -115.518044 100.436287 56.797245
v -115.502167 128.088730 56.822067
v -115.497635 55.103527 56.628971
v -115.496880 73.102585 56.949566
v -115.481613 117.702309 56.782333
v -115.478874 91.661087 56.632538
v -115.477013 128.330994 52.387268
v -115.473297 117.230858 56.737030
v -115.472702 125.529709 56.837364
v -115.464432 125.020477 56.791794
v -115.460098 82.216896 57.005821
v -115.451103 82.659508 57.115295
v -115.446289 118.560204 56.397438
v -115.440811 91.830292 56.981754
v -115.434372 73.141365 43.589069
v -115.426811 137.403641 56.623070
v -115.423325 91.331207 57.062077
v -115.411438 72.983665 56.617165
v -115.397690 130.336533 56.581314
v -115.395813 137.031860 56.592209
v -115.393204 110.025246 56.828220
v -115.385262 55.277122 56.745499
v -115.382675 55.106895 57.271839
v -115.381554 91.696854 56.904133
v -115.376450 117.380470 56.837460
v -115.369591 55.585327 57.238274
v -115.369591 55.717625 57.041191
v -115.364685 73.486404 56.675507
v -115.360695 130.183853 56.588165
v -115.359299 64.756119 57.104736
v -115.357155 119.073868 56.712688
v -115.348938 63.788963 57.012100
v -115.345505 100.745483 56.788597
v -115.344109 91.695679 56.605515
v -115.337883 91.329163 56.555553
v -115.313560 127.828781 56.213043
v -115.312157 73.020149 56.894234
v -115.312157 82.136757 43.312920
v -115.309456 109.908676 56.502388
v -115.291634 125.448906 56.783127
v -115.284241 124.940063 56.737816
v -115.275383 82.134460 56.950485
v -115.272881 55.186134 57.256195
v -115.270737 125.433716 56.822800
v -115.262596 64.356918 57.122658
v -115.258743 64.606094 44.174072
v -115.252304 73.395416 57.186203
v -115.249657 73.058937 43.533737
v -115.248184 100.895821 56.889515
v -115.248184 100.895821 56.889519
v -115.242020 82.566200 57.052666
v -115.240997 100.505486 56.843697
v -115.205124 109.510437 56.728718
v -115.203224 117.771843 56.829010
v -115.203102 128.354141 55.732498
v -115.196259 117.300056 56.783485
v -115.194206 130.921432 56.868233
v -115.193535 91.270515 56.804264
v -115.187393 125.089676 56.838249
v -115.187393 125.203690 56.668396
v -115.170929 60.630650 44.031277
v -115.162254 54.751900 57.239616
v -115.150963 55.260132 57.168633
v -115.150223 64.662811 57.042107
v -115.133369 127.748367 56.159065
v -115.101707 54.745586 57.003464
v -115.090538 125.353302 56.768822
v -115.064934 63.859898 57.059715
v -115.058899 127.709778 44.060253
v -115.051094 73.131920 44.087875
v -115.036522 127.897980 56.259491
v -115.028152 73.091087 56.941849
v -115.022156 117.691040 56.774773
v -115.007195 125.009270 56.784271
v -115.007195 125.579346 55.935009
v -114.993690 125.502914 56.869251
v -114.991379 82.205399 56.998108
v -114.954597 91.319710 57.054359
v -114.951424 55.266426 57.310097
v -114.942719 72.738411 56.957687
v -114.941139 64.437218 57.176559
v -114.933754 110.013977 56.820656
v -114.933746 110.013977 56.820656
v -114.930847 73.475708 57.240101
v -114.930550 54.809776 57.278465
v -114.922104 91.685593 56.896568
v -114.920563 82.646492 57.106560
v -114.919250 55.318008 57.207481
v -114.910271 91.817284 56.973022
v -114.886047 100.734215 56.781036
v -114.880211 63.777466 57.004383
v -114.832184 125.437637 56.775562
v -114.828888 128.375107 56.334167
v -114.817711 54.816525 57.051079
v -114.812950 138.131760 56.028175
v -114.812622 128.315536 44.150593
v -114.797272 100.456688 56.071777
v -114.794838 135.081589 43.991634
v -114.767090 73.085976 44.309616
v -114.762634 128.282883 56.076401
v -114.752525 117.251259 56.011566
v -114.725517 118.694618 55.502121
v -114.698509 127.662964 43.782444
v -114.681648 72.967049 43.977207
v -114.681648 73.083931 43.803089
v -114.669182 125.230316 43.627811
v -114.651115 125.356834 56.721321
v -114.640862 128.340469 54.548141
v -114.637974 63.477478 42.787212
v -114.637535 118.693619 44.167702
v -114.635780 82.235764 55.755608
v -114.634660 63.697555 42.789834
v -114.517906 104.972969 44.073845
v -114.511360 109.569672 54.304619
v -114.505005 54.771147 44.837698
v -114.499771 98.170647 44.189045
v -114.497856 109.607262 55.069008
v -114.451065 82.153328 55.700272
v -114.447746 61.228071 42.937728
v -114.445755 100.487297 44.019417
v -114.433205 138.063278 43.838619
v -114.432655 123.362503 44.098728
v -114.409111 68.558540 44.301437
v -114.392894 64.569961 42.981128
v -114.382889 128.305038 43.751816
v -114.350270 60.636861 43.014854
v -114.338300 64.569179 43.024325
v -114.336618 63.874184 43.025656
v -114.281380 96.036224 55.075584
v -114.263550 62.984554 44.348480
v -114.230087 127.802864 49.789612
v -114.220818 109.448433 55.455166
v -114.216179 109.563438 44.445000
v -114.200394 128.269226 54.892036
v -114.173347 100.441483 55.076031
v -114.164268 63.254807 44.277313
v -114.141190 128.238541 45.274094
v -114.137474 109.560455 54.791203
v -114.137474 109.674469 54.621353
v -114.087921 54.799919 44.411125
v -114.066040 128.266449 49.797703
v -114.044426 68.626419 54.955196
v -114.031091 54.813113 57.241440
v -114.019941 55.143187 57.227368
v -113.982338 82.258713 55.518436
v -113.873970 91.332443 54.284573
v -113.862068 133.275375 54.726921
v -113.854698 128.201324 45.053249
v -113.804337 77.580971 44.801167
v -113.788681 127.867584 54.267998
v -113.774689 91.368942 54.561642
v -113.759346 125.320915 54.283218
v -113.752876 135.024780 54.334305
v -113.741829 68.620026 44.847862
v -113.711761 59.464123 54.614159
v -113.632767 100.428284 54.574394
v -113.628540 118.934319 49.503380
v -113.612480 59.266853 55.239464
v -113.601013 63.746304 54.962852
v -113.601013 63.980061 54.614616
v -113.592659 127.711243 49.728107
v -113.589966 91.286507 54.506310
v -113.584793 67.408615 44.792416
v -113.567566 113.385422 44.793076
v -113.550423 128.404358 54.395164
v -113.536324 123.301498 54.159595
v -113.511635 127.822769 54.484303
v -113.501732 63.782795 55.239929
v -113.471596 128.886246 49.626156
v -113.471588 128.886246 49.626156
v -113.466080 100.310280 53.756027
v -113.445618 95.902771 44.884178
v -113.418610 91.303337 53.376892
v -113.369232 100.459892 53.856453
v -113.339081 128.248611 49.785736
v -113.307922 72.971367 53.325420
v -113.294083 73.126778 53.934895
v -113.268768 77.644760 54.441879
v -113.262093 128.367554 49.865570
v -113.238419 91.222923 53.322918
v -113.237259 138.063065 54.611008
v -113.236328 77.605965 45.070526
v -113.232277 127.778450 49.280449
v -113.202950 127.854126 45.389076
v -113.186943 128.304825 54.524208
v -113.178261 127.814789 52.507862
v -113.173622 125.307457 45.404297
v -113.135117 133.620102 54.174858
v -113.135086 91.353355 53.540882
v -113.094505 109.535782 45.904751
v -113.079094 126.824753 48.886658
v -113.058228 91.256531 53.099087
v -113.052597 128.392685 49.294846
v -113.052078 127.812050 49.056622
v -113.022758 127.773712 45.335098
v -113.010078 73.080833 54.156631
v -112.998062 127.734375 52.453884
v -112.995743 126.480713 48.902100
v -112.989105 68.562592 45.061886
v -112.984154 104.934349 53.903355
v -112.984154 104.934357 53.903358
v -112.973763 128.240097 45.471004
v -112.914314 109.455368 45.850773
v -112.914314 109.455368 45.850777
v -112.914314 109.569382 45.680923
v -112.887863 82.193108 53.706364
v -112.880829 138.025055 45.379871
v -112.864929 91.268883 52.979027
v -112.864525 91.213707 53.809502
v -112.848701 93.646103 45.586842
v -112.844879 126.438637 52.569649
v -112.813232 125.260643 45.126488
v -112.788582 82.229591 53.983433
v -112.781181 91.325729 53.145538
v -112.775040 127.767235 49.272923
v -112.766106 128.355469 49.074005
v -112.753525 128.295105 45.507931
v -112.751854 93.795715 45.687267
v -112.748032 126.588249 52.670074
v -112.739922 72.996361 53.594772
v -112.734528 127.195915 52.585205
v -112.734123 109.488976 45.626945
v -112.733902 129.714020 49.006626
v -112.721024 127.803581 52.500336
v -112.716568 63.920322 45.734352
v -112.691696 127.879257 48.608963
v -112.684334 91.247307 53.585670
v -112.669487 134.515762 45.766323
v -112.662369 127.612885 45.227142
v -112.601395 118.643532 45.612400
v -112.594849 127.800842 49.049095
v -112.589806 100.403610 45.687943
v -112.571030 130.887741 52.732460
v -112.570999 58.346336 45.781395
v -112.569046 72.992271 52.581726
v -112.567085 91.378357 53.810238
v -112.558449 133.183914 45.655769
v -112.555199 73.030807 53.365322
v -112.553932 109.408562 45.572968
v -112.553925 109.408562 45.572968
v -112.545876 128.319839 49.245953
v -112.545868 128.319839 49.245956
v -112.545059 117.198181 45.627731
v -112.542511 138.046219 52.641060
v -112.517357 138.016144 45.373886
v -112.492691 63.952988 53.586136
v -112.485146 134.480331 52.597797
v -112.481644 91.376312 53.303711
v -112.479614 128.408890 48.718140
v -112.467041 128.257904 45.287086
v -112.457077 109.558174 45.673397
v -112.450531 121.109795 45.543201
v -112.443985 127.872780 52.546787
v -112.432983 82.143074 52.915054
v -112.432983 86.818260 45.950275
v -112.427788 130.823822 52.689552
v -112.419136 82.181610 53.698647
v -112.396210 91.257385 52.971306
v -112.338219 133.238922 45.692696
v -112.322273 138.101227 52.677986
v -112.317810 125.475723 52.662437
v -112.317062 60.677288 46.335770
v -112.314690 57.405170 45.654778
v -112.303223 61.767738 45.552288
v -112.286144 54.720401 45.475541
v -112.271231 54.773961 46.625264
v -112.271194 72.984871 53.587059
v -112.270126 54.774112 46.627975
v -112.259384 128.282623 49.025112
v -112.259155 125.399048 45.219391
v -112.253716 54.772736 46.606952
v -112.222534 63.868511 53.024281
v -112.190094 61.842766 46.612953
v -112.185760 73.099701 52.906414
v -112.185760 77.658005 46.115757
v -112.179031 138.037308 52.635078
v -112.179031 138.127945 52.500053
v -112.166939 127.827965 52.763088
v -112.148567 63.828442 46.177826
v -112.128716 128.279068 52.548279
v -112.123253 63.905003 53.301350
v -112.103358 54.717829 45.612456
v -112.099603 54.717785 45.615150
v -112.076881 133.231796 52.739025
v -112.075012 82.173943 46.116219
v -112.060753 54.944061 53.348049
v -112.054481 60.676021 45.251691
v -111.975311 54.708260 53.189762
v -111.969046 60.675609 44.898967
v -111.969046 60.675609 44.898967
v -111.964264 86.806763 45.942558
v -111.963844 63.746010 46.122494
v -111.889877 54.823097 52.509117
v -111.874077 124.970863 52.569931
v -111.869189 61.223615 44.977977
v -111.869189 61.223615 44.977977
v -111.867386 133.256927 52.168301
v -111.864983 82.284950 53.010288
v -111.855934 118.624603 52.005722
v -111.844345 100.498695 51.911415
v -111.832262 61.243002 45.210539
v -111.831497 128.362381 52.800064
v -111.777229 125.234482 52.500504
v -111.749062 61.286682 45.734528
v -111.747498 100.420273 52.351547
v -111.747490 100.420273 52.351547
v -111.717041 77.646515 46.108044
v -111.716621 54.819515 45.939739
v -111.680382 125.384094 52.600933
v -111.661835 100.418777 46.437279
v -111.643463 128.327744 51.014034
v -111.624008 60.682036 45.171974
v -111.624008 61.261501 45.171974
v -111.613185 54.718713 45.786372
v -111.606293 82.162445 46.108501
v -111.582939 63.852932 52.003517
v -111.580559 63.970318 46.273064
v -111.569092 64.008347 52.612991
v -111.567299 100.453873 52.127716
v -111.567299 100.453873 52.127720
v -111.566475 128.265396 51.363918
v -111.546158 73.084122 51.885651
v -111.527191 127.850853 47.111580
v -111.522560 117.248444 52.067505
v -111.484070 86.833298 52.274773
v -111.466692 60.684967 45.296448
v -111.460724 73.082077 51.379128
v -111.443848 127.734840 46.787323
v -111.429320 61.291585 45.326018
v -111.423233 128.292114 51.185986
v -111.364738 109.682869 50.684818
v -111.347000 127.656425 47.227455
v -111.346237 128.320404 51.400841
v -111.337430 60.859974 45.118904
v -111.318567 60.686304 45.115411
v -111.281395 109.452843 50.530411
v -111.255308 61.294253 45.103696
v -111.235716 60.733319 45.100068
v -111.235716 60.733319 45.100068
v -111.184540 109.602455 50.630840
v -111.176720 73.036133 51.600864
v -111.166809 127.804047 46.833771
v -111.130524 114.199402 47.064171
v -111.101196 109.486450 50.306583
v -111.087692 109.524040 51.070972
v -111.084008 61.610491 45.071974
v -111.077438 72.955742 52.052055
v -111.076345 61.652813 45.078030
v -111.068439 55.545961 45.084279
v -111.066112 54.720829 45.086118
v -111.059099 61.828901 45.091660
v -111.058289 54.799023 45.092300
v -111.041806 58.789583 45.105327
v -111.010902 100.478760 46.970314
v -111.004349 109.522041 50.576862
v -110.990035 61.853602 45.146243
v -110.986618 127.723633 46.779793
v -110.986618 127.837646 46.609943
v -110.980919 128.311890 47.086109
v -110.957291 125.290977 46.625164
v -110.938744 95.879066 47.085739
v -110.907501 109.557640 50.847141
v -110.907501 109.671654 50.677292
v -110.887985 138.096848 46.994976
v -110.869781 82.182846 50.921143
v -110.860031 100.436684 50.637859
v -110.830704 100.398346 46.916336
v -110.771423 128.246384 46.650406
v -110.763184 100.472275 50.908142
v -110.763184 100.472282 50.908142
v -110.740021 59.353043 47.214886
v -110.738899 127.831169 50.547768
v -110.733856 100.547958 47.016766
v -110.689117 117.228508 47.126408
v -110.642052 127.752747 50.987900
v -110.640739 59.506416 47.317837
v -110.630463 109.512825 51.063446
v -110.630020 128.272705 50.781227
v -110.629692 86.812859 47.209534
v -110.612724 125.434113 50.663418
v -110.553665 100.467545 46.962788
v -110.553032 128.300995 50.996082
v -110.537086 138.057648 50.690094
v -110.511238 118.743813 50.114655
v -110.474617 63.942734 50.800919
v -110.450264 109.546425 50.839615
v -110.419243 68.421417 47.492878
v -110.375336 63.979225 51.077988
v -110.356735 59.460472 47.539574
v -110.308678 127.744774 49.011459
v -110.216339 82.088928 50.858097
v -110.160965 86.684486 47.375935
v -110.150856 118.697006 49.836845
v -110.094521 118.733841 47.644104
v -110.045143 127.662369 48.463371
v -110.031624 82.123375 50.628643
v -109.996803 72.968483 49.282269
v -109.970665 118.730606 49.613022
v -109.950523 68.409920 47.485161
v -109.888016 59.448978 47.531860
v -109.871796 54.812843 49.723900
v -109.841759 91.216125 48.390636
v -109.841759 91.330139 48.220783
v -109.839851 109.493637 49.079479
v -109.839851 109.607651 48.909626
v -109.837814 91.195061 48.888252
v -109.828255 91.253716 49.155025
v -109.792023 128.282578 48.633347
v -109.772514 54.849335 50.000969
v -109.768097 127.731567 48.509823
v -109.754593 127.769157 49.274216
v -109.661568 91.249725 48.166805
v -109.653091 91.229507 48.658802
v -109.650299 63.844719 49.724819
v -109.650299 63.961597 49.550701
v -109.648064 91.401337 48.761345
v -109.637283 117.354454 49.674805
v -109.627365 72.920494 48.997478
v -109.613518 73.075912 49.606956
v -109.592133 111.995491 49.280563
v -109.587906 127.651154 48.455845
v -109.576309 109.525246 48.361538
v -109.571793 128.337585 48.670273
v -109.571678 102.571327 47.882202
v -109.564720 91.285324 48.437088
v -109.562805 109.448822 49.295784
v -109.551216 91.208900 49.371330
v -109.545074 125.484123 48.725903
v -109.540436 118.758224 47.906860
v -109.528084 73.073868 49.100433
v -109.522293 112.069923 47.852211
v -109.513428 118.947426 49.265789
v -109.511108 115.299438 49.280899
v -109.497604 116.819229 47.837212
v -109.497200 94.323647 48.012737
v -109.492966 109.409241 48.037281
v -109.492966 109.523254 47.867428
v -109.491302 82.071297 49.330807
v -109.491058 127.800766 48.556274
v -109.490646 104.963150 49.241356
v -109.488510 54.803391 50.222710
v -109.486008 97.667183 49.271576
v -109.481377 91.283333 47.942978
v -109.479462 110.016907 47.952412
v -109.477142 106.368919 47.967522
v -109.467873 91.320923 48.707367
v -109.467873 91.434937 48.537514
v -109.459412 122.176193 47.737347
v -109.454529 91.302490 49.212944
v -109.442642 73.071823 48.593906
v -109.441269 115.373871 47.852547
v -109.434723 126.469429 48.401756
v -109.432404 122.251373 49.266125
v -109.428802 73.110359 49.377502
v -109.420807 105.037582 47.813004
v -109.416580 120.123169 47.837547
v -109.416168 97.627594 48.013077
v -109.398438 113.434868 47.782898
v -109.396118 109.558853 48.137711
v -109.389572 120.198349 49.366329
v -109.386841 94.168808 49.387112
v -109.384529 91.318932 48.213257
v -109.382614 109.482430 49.071953
v -109.371429 113.396034 49.481529
v -109.334274 81.678040 48.056522
v -109.315674 74.704819 48.174618
v -109.308540 123.502296 49.366665
v -109.308136 101.120735 49.372337
v -109.299271 109.480431 48.577843
v -109.290405 116.813995 49.312016
v -109.287682 91.240509 48.653389
v -109.287682 91.354523 48.483536
v -109.285767 109.518021 49.342232
v -109.281532 125.287704 48.347668
v -109.280861 63.913612 49.265915
v -109.276520 80.196373 48.072243
v -109.269943 106.363693 49.442326
v -109.258621 137.996277 48.886116
v -109.227859 69.794342 49.424774
v -109.227516 127.718361 48.008186
v -109.220894 130.836212 48.584724
v -109.220886 130.836212 48.584724
v -109.214020 71.235428 48.118938
v -109.214012 127.755951 48.772579
v -109.208313 128.238037 48.799313
v -109.208313 128.328674 48.664291
v -109.193459 83.583328 48.072586
v -109.192375 137.994690 48.493320
v -109.190834 91.276108 48.923668
v -109.188919 109.667633 49.442661
v -109.170525 91.256546 49.434677
v -109.165771 83.777275 49.465656
v -109.163399 80.037636 49.481144
v -109.158638 73.025887 48.815647
v -109.158638 73.142761 48.641525
v -109.156265 69.753761 48.134655
v -109.131325 128.356979 48.879150
v -109.121864 82.140198 48.871899
v -109.119080 109.400024 48.523865
v -109.115379 138.022995 48.708183
v -109.107491 91.274109 48.429558
v -109.107483 91.274117 48.429558
v -109.107483 91.388130 48.259708
v -109.098930 91.332855 47.970444
v -109.093979 91.311707 49.193951
v -109.085083 91.254509 48.928158
v -109.085083 91.371384 48.754036
v -109.065063 128.264755 48.621380
v -109.047478 54.714828 48.647800
v -109.038803 85.059631 49.568726
v -109.033821 127.789558 48.548748
v -109.022583 82.059799 49.323090
v -109.022232 109.435616 48.794144
v -109.022232 109.549629 48.624294
v -109.010635 91.309708 48.699841
v -109.010635 91.423721 48.529987
v -109.001610 71.230064 49.630795
v -108.999649 91.252464 48.421631
v -108.996857 63.984554 49.313534
v -108.986351 118.554581 48.509319
v -108.985809 91.291000 49.205227
v -108.974762 100.314659 48.584862
v -108.972137 138.049698 48.530247
v -108.972137 138.049698 48.530251
v -108.960075 72.981987 49.543907
v -108.937149 82.174644 48.642448
v -108.936974 127.711136 48.988880
v -108.927292 91.307716 48.205730
v -108.925377 109.585228 48.894573
v -108.900368 91.172073 48.872826
v -108.855568 128.289886 48.050655
v -108.842033 109.469223 48.570316
v -108.837860 82.211128 48.919518
v -108.830444 91.229301 48.645863
v -108.830444 91.343315 48.476009
v -108.814926 91.170029 48.366299
v -108.801086 91.208565 49.149895
v -108.801086 91.325447 48.975777
v -108.767845 128.257416 49.008190
v -108.763474 54.785767 48.695419
v -108.752426 82.092209 48.587112
v -108.726700 63.900074 48.751675
v -108.722404 95.634560 48.646313
v -108.715645 91.206520 48.643372
v -108.715645 91.323402 48.469250
v -108.701591 128.255844 48.615398
v -108.697716 100.383858 48.631313
v -108.697716 100.383858 48.631317
v -108.689919 73.131271 48.633812
v -108.661842 109.388809 48.516338
v -108.653145 82.245575 48.690063
v -108.652977 117.292442 48.401253
v -108.650253 91.262901 48.422031
v -108.650253 91.262901 48.422035
v -108.644104 125.082062 48.456017
v -108.643700 102.586487 48.631538
v -108.641380 99.052521 48.476799
v -108.623245 92.250198 48.591995
v -108.616364 91.243011 48.920441
v -108.616364 91.359894 48.746323
v -108.594322 112.085091 48.601547
v -108.587769 123.636711 48.471348
v -108.587364 101.255150 48.477020
v -108.585045 97.607162 48.492130
v -108.569626 116.834389 48.586548
v -108.564995 109.538422 48.616768
v -108.549171 106.498100 48.547009
v -108.531433 122.191360 48.486683
v -108.513290 115.503052 48.432030
v -108.505203 73.048836 48.578476
v -108.492836 105.052750 48.562340
v -108.488602 120.252350 48.417034
v -108.485886 94.222809 48.437817
v -108.482269 81.657097 48.547615
v -108.479469 54.856705 48.743038
v -108.470467 113.450035 48.532234
v -108.468422 82.163147 48.634731
v -108.463669 74.683876 48.665710
v -108.445488 90.771408 48.603870
v -108.442696 63.971016 48.799294
v -108.431648 91.277458 48.690987
v -108.424515 80.058548 48.737450
v -108.405922 73.202209 48.681427
v -108.384804 109.458008 48.562790
v -108.362007 71.214485 48.610031
v -108.299919 85.197418 48.650913
v -108.270218 125.414894 48.433044
v -108.246925 91.195023 48.635654
v -108.242172 83.715752 48.666634
v -108.204605 109.377594 48.508812
v -108.204605 109.491608 48.338959
vt 0.4266701 0.1249574
vt 0.7012004 0.1942254
vt 0.7012004 0.2226178
vt 0.7173799 0.0064724
vt 0.0284447 0.5082001
vt 0.0284447 0.5428381
vt 0.0936847 0.6863133
vt 0.0936847 0.7209513
vt 0.0936847 0.7215386
vt 0.0936847 0.7561763
vt 0.7037879 0.2226144
vt 0.0315701 0.4964584
vt 0.0346954 0.4929359
vt 0.4334418 0.1049967
vt 0.0352164 0.5258126
vt 0.1004565 0.7039258
vt 0.7084931 0.2112509
vt 0.7090965 0.2223516
vt 0.1030609 0.7215386
vt 0.0383418 0.4900006
vt 0.4391718 0.1049967
vt 0.4391718 0.1249574
vt 0.0419881 0.5087874
vt 0.1072282 0.7209513
vt 0.1087909 0.7215386
vt 0.4438609 0.1064050
vt 0.4438609 0.1126135
vt 0.1113954 0.6863133
vt 0.1119162 0.7561763
vt 0.4475072 0.1249425
vt 0.0492806 0.5111357
vt 0.7225573 0.2112509
vt 0.0503225 0.5158322
vt 0.0508433 0.5158322
vt 0.0513643 0.5175935
vt 0.1181671 0.7039258
vt 0.7268715 0.2216703
vt 0.0544896 0.5428381
vt 0.1197297 0.7215386
vt 0.4537399 0.1057365
vt 0.0560523 0.4900006
vt 0.1228551 0.7215386
vt 0.1228551 0.7391511
vt 0.7474216 0.0064724
vt 0.1249387 0.7209513
vt 0.7496758 0.0064724
vt 0.2778584 0.3088933
vt 0.2778584 0.3435313
vt 0.1285851 0.6863133
vt 0.4629894 0.1050793
vt 0.7637584 0.2848111
vt 0.1327523 0.7180161
vt 0.9678242 0.1059523
vt 0.9678242 0.1131093
vt 0.9678242 0.1251219
vt 0.6985132 0.1057092
vt 0.6985132 0.1250830
vt 0.1337940 0.7561763
vt 0.1343149 0.7215386
vt 0.9041469 0.3997864
vt 0.9041469 0.4261706
vt 0.9041469 0.4262039
vt 0.9041469 0.4264653
vt 0.9041469 0.4264758
vt 0.9041469 0.4265380
vt 0.9041469 0.4265803
vt 0.9042261 0.4261706
vt 0.4688641 0.1048313
vt 0.4688641 0.1050219
vt 0.4688641 0.1249425
vt 0.9046678 0.3997864
vt 0.9051173 0.4266366
vt 0.9069093 0.4265384
vt 0.9074054 0.4264047
vt 0.1502386 0.0235836
vt 0.1519981 0.0266685
vt 0.7058058 0.1057092
vt 0.2924436 0.3265058
vt 0.2924436 0.3435313
vt 0.1527400 0.0262739
vt 0.1528466 0.0263885
vt 0.1530078 0.0266444
vt 0.1530309 0.0266439
vt 0.1530829 0.0266426
vt 0.3357609 0.1046408
vt 0.9114394 0.4150506
vt 0.1546451 0.0283229
vt 0.5549656 0.0577928
vt 0.3368496 0.1075038
vt 0.1549130 0.0313222
vt 0.9130021 0.4150506
vt 0.1556418 0.0302886
vt 0.1556517 0.0302746
vt 0.7778226 0.2677859
vt 0.1563888 0.0313222
vt 0.5567210 0.0577928
vt 0.1564078 0.0313222
vt 0.7783435 0.3018366
vt 0.3450066 0.0980631
vt 0.3450737 0.0866765
vt 0.3450794 0.0847972
vt 0.3451252 0.0796064
vt 0.3461881 0.0857344
vt 0.7130984 0.1057092
vt 0.7130984 0.1250830
vt 0.2997362 0.3265058
vt 0.9176903 0.3997864
vt 0.3473637 0.0797248
vt 0.9427394 0.4304898
vt 0.3435745 0.1251889
vt 0.9195966 0.4322623
vt 0.3486950 0.0835769
vt 0.3487096 0.0797961
vt 0.3487542 0.0871635
vt 0.9432603 0.4304898
vt 0.3488043 0.0934744
vt 0.3488723 0.0980631
vt 0.9202948 0.3997864
vt 0.9453439 0.3958518
vt 0.9458648 0.3958518
vt 0.9236104 0.4331680
vt 0.5661025 0.0709116
vt 0.9474275 0.3958518
vt 0.3070287 0.3435313
vt 0.5679881 0.0736440
vt 0.3075497 0.3083060
vt 0.7303043 0.3089624
vt 0.7303043 0.3436001
vt 0.3080705 0.3088933
vt 0.3080705 0.3435313
vt 0.9270665 0.3956768
vt 0.9282047 0.4339905
vt 0.9521155 0.4134643
vt 0.3156236 0.3265058
vt 0.9586268 0.4310768
vt 0.0024938 0.1874749
vt 0.0033563 0.1698862
vt 0.0037300 0.1864382
vt 0.7420246 0.3089624
vt 0.9382658 0.4209214
vt 0.0048679 0.1851913
vt 0.0055915 0.1874749
vt 0.0059608 0.1699919
vt 0.7446291 0.3089624
vt 0.0066333 0.1639915
vt 0.9424350 0.2338143
vt 0.9428989 0.2388343
vt 0.9450395 0.2619945
vt 0.0104054 0.1644747
vt 0.0109849 0.1614517
vt 0.0114882 0.1597029
vt 0.0116656 0.1624427
vt 0.0122090 0.1607372
vt 0.0124778 0.1611330
vt 0.7075605 0.0805867
vt 0.0133174 0.1648476
vt 0.7080814 0.0805867
vt 0.7080814 0.0817606
vt 0.7519218 0.3265749
vt 0.3302088 0.3265058
vt 0.9502485 0.2326400
vt 0.7534844 0.3436001
vt 0.9737329 0.4334251
vt 0.9742538 0.4340124
vt 0.9533043 0.2323269
vt 0.9763374 0.4005487
vt 0.7143322 0.0805867
vt 0.9768583 0.3987874
vt 0.7586933 0.3436001
vt 0.7153739 0.0981992
vt 0.9559784 0.2459282
vt 0.9559784 0.2614072
vt 0.7592143 0.3089624
vt 0.0024284 0.0954270
vt 0.3375014 0.3088933
vt 0.3375014 0.3435313
vt 0.7315504 0.1941874
vt 0.7319813 0.2228353
vt 0.9579130 0.2574826
vt 0.0233020 0.1874749
vt 0.0248832 0.1822771
vt 0.0250438 0.1817494
vt 0.7343800 0.2228210
vt 0.0260146 0.1830853
vt 0.0268827 0.1842800
vt 0.0272403 0.1839610
vt 0.7388431 0.2112129
vt 0.7397013 0.2223758
vt 0.0112836 0.0789888
vt 0.0118046 0.0789888
vt 0.7304801 0.0976119
vt 0.0170135 0.0966013
vt 0.0175344 0.0966013
vt 0.7461356 0.1941874
vt 0.7628331 0.1942450
vt 0.7487401 0.1941874
vt 0.7529073 0.2112129
vt 0.7382935 0.0805867
vt 0.0258688 0.0801628
vt 0.4653945 0.2300696
vt 0.7693569 0.2228018
vt 0.4658468 0.2297712
vt 0.4658468 0.2621901
vt 0.0274335 0.2286243
vt 0.0274335 0.2287744
vt 0.0274335 0.2620587
vt 0.7573352 0.2219067
vt 0.7579732 0.2220948
vt 0.4702902 0.2300552
vt 0.7748138 0.2112702
vt 0.0321195 0.0977753
vt 0.7638503 0.3264158
vt 0.7822798 0.2227447
vt 0.7831481 0.1942450
vt 0.7711429 0.3093906
vt 0.7716637 0.3093906
vt 0.7716637 0.3440286
vt 0.7857269 0.2228245
vt 0.7862735 0.1942450
vt 0.7862735 0.2228926
vt 0.4825157 0.2310325
vt 0.4825157 0.2434033
vt 0.7982778 0.0173530
vt 0.7986362 0.0138790
vt 0.7989214 0.0138874
vt 0.5143528 0.1861766
vt 0.5159185 0.1873530
vt 0.5279227 0.1744117
vt 0.5294886 0.1749999
vt 0.1922236 0.0244118
vt 0.1924937 0.0278749
vt 0.1932811 0.0278394
vt 0.1933717 0.0244118
vt 0.1940442 0.0278076
vt 0.1959811 0.0244118
vt 0.5420147 0.1620587
vt 0.1992162 0.0283184
vt 0.3483821 0.1079410
vt 0.3493157 0.1044336
vt 0.3363779 0.0044117
vt 0.3363779 0.0067648
vt 0.2038201 0.0290378
vt 0.2043318 0.0250000
vt 0.3379435 0.0044117
vt 0.3379435 0.0067648
vt 0.8034970 0.0138235
vt 0.3395094 0.0044117
vt 0.3395094 0.0067648
vt 0.2065176 0.0292921
vt 0.8061064 0.0138235
vt 0.2087623 0.0295335
vt 0.8081438 0.0171563
vt 0.2095512 0.0255882
vt 0.8103576 0.0174170
vt 0.2137266 0.0261764
vt 0.3609340 0.1079736
vt 0.3637952 0.1088687
vt 0.2173504 0.0305526
vt 0.3656054 0.1138236
vt 0.3666649 0.1097437
vt 0.2222958 0.0313004
vt 0.2283403 0.0314706
vt 0.2236430 0.0273528
vt 0.3804075 0.1142472
vt 0.3823069 0.1197059
vt 0.2142484 0.0128045
vt 0.2142484 0.0173530
vt 0.3834734 0.1153237
vt 0.1957841 0.0069346
vt 0.1959813 0.0038237
vt 0.2450418 0.0279411
vt 0.2460856 0.0279411
vt 0.1984577 0.0068294
vt 0.2017223 0.0038237
vt 0.2021304 0.0070431
vt 0.3953073 0.1203474
vt 0.3954821 0.1203897
vt 0.3959556 0.1206211
vt 0.2274532 0.0127023
vt 0.2512448 0.0123858
vt 0.2304280 0.0127529
vt 0.2304280 0.0173530
vt 0.3990084 0.1250000
vt 0.2542771 0.0136440
vt 0.2544363 0.0167647
vt 0.2612214 0.0244116
vt 0.2575679 0.0173529
vt 0.3442066 0.0044118
vt 0.3457725 0.0044118
vt 0.3457725 0.0067646
vt 0.2417855 0.0136714
vt 0.2419051 0.0136431
vt 0.2423564 0.0137596
vt 0.2622651 0.0126472
vt 0.2622651 0.0169593
vt 0.2627046 0.0166418
vt 0.2627870 0.0126472
vt 0.2627870 0.0167013
vt 0.2627870 0.0168280
vt 0.2627870 0.0171219
vt 0.2633089 0.0126472
vt 0.2637675 0.0157250
vt 0.2638310 0.0126472
vt 0.2638310 0.0157037
vt 0.2638310 0.0157369
vt 0.5351395 0.0129827
vt 0.5351409 0.0130487
vt 0.5351480 0.0133950
vt 0.2466076 0.0173530
vt 0.5352297 0.0133908
vt 0.5352297 0.0173528
vt 0.8148731 0.0138236
vt 0.8148766 0.0172682
vt 0.3504697 0.0044119
vt 0.3520354 0.0044119
vt 0.3520354 0.0067646
vt 0.8181320 0.0174895
vt 0.5399270 0.0132354
vt 0.5400077 0.0171441
vt 0.5400100 0.0172566
vt 0.5400129 0.0173961
vt 0.5400141 0.0174555
vt 0.8187265 0.0175222
vt 0.5404489 0.0132354
vt 0.5404489 0.0171974
vt 0.8191546 0.0138236
vt 0.8191546 0.0175248
vt 0.2069416 0.0038234
vt 0.2069416 0.0066634
vt 0.2087460 0.0068548
vt 0.2088862 0.0068841
vt 0.2090291 0.0038234
vt 0.2090291 0.0068756
vt 0.8238519 0.0138234
vt 0.8239183 0.0173423
vt 0.8303852 0.0169750
vt 0.8311586 0.0138234
vt 0.3567328 0.0042039
vt 0.3567328 0.0043191
vt 0.3567328 0.0044480
vt 0.3567328 0.0044575
vt 0.3567328 0.0045373
vt 0.3567328 0.0067648
vt 0.8358560 0.0138235
vt 0.8358560 0.0166639
vt 0.8399097 0.0172892
vt 0.8405533 0.0138235
vt 0.3674742 0.0041667
vt 0.3692589 0.0041342
vt 0.3692589 0.0067648
vt 0.5853341 0.0402941
vt 0.6000900 0.0412817
vt 0.6015135 0.0455881
vt 0.6024550 0.0418742
vt 0.8452505 0.0138932
vt 0.8452505 0.0173530
vt 0.8456089 0.0138790
vt 0.2137266 0.0038236
vt 0.2137266 0.0068184
vt 0.2141231 0.0068028
vt 0.2142768 0.0067991
vt 0.6135201 0.0447768
vt 0.2174897 0.0066809
vt 0.2175103 0.0038236
vt 0.6163991 0.0456636
vt 0.8504696 0.0138236
vt 0.8504696 0.0165319
vt 0.6182149 0.0508822
vt 0.6193412 0.0464395
vt 0.8545235 0.0171280
vt 0.8548087 0.0171360
vt 0.8551671 0.0138236
vt 0.8551671 0.0171225
vt 0.2685282 0.0126470
vt 0.2685282 0.0165091
vt 0.2720152 0.0173015
vt 0.2723509 0.0174164
vt 0.2727035 0.0126470
vt 0.2727035 0.0174607
vt 0.8536013 0.0261766
vt 0.8541232 0.0261766
vt 0.8563742 0.0310877
vt 0.8569849 0.0314983
vt 0.8570803 0.0314138
vt 0.5451123 0.0174865
vt 0.5461900 0.0132354
vt 0.5530456 0.0132354
vt 0.5550174 0.0169998
vt 0.5568033 0.0169192
vt 0.8598642 0.0138235
vt 0.8598642 0.0167150
vt 0.8625159 0.0170687
vt 0.8627497 0.0171524
vt 0.8629958 0.0138235
vt 0.8629958 0.0171406
vt 0.8629958 0.0173051
vt 0.8629958 0.0174023
vt 0.8629958 0.0174308
vt 0.8629958 0.0174822
vt 0.2220772 0.0038235
vt 0.2221354 0.0066440
vt 0.2225990 0.0038235
vt 0.2225990 0.0068800
vt 0.6239562 0.0508824
vt 0.6432671 0.0402940
vt 0.7544362 0.0067648
vt 0.7549581 0.0067648
vt 0.2659187 0.0267646
vt 0.8765659 0.0732354
vt 0.5738519 0.9661765
vt 0.5738519 0.9826470
vt 0.5738519 0.9967646
vt 0.8770878 0.0597059
vt 0.5743738 0.9961764
vt 0.8776097 0.0597059
vt 0.8776097 0.0650000
vt 0.5754176 0.9973528
vt 0.2685281 0.0244118
vt 0.2690500 0.0314705
vt 0.8802191 0.0738235
vt 0.9480688 0.6902941
vt 0.9480688 0.7214706
vt 0.9480688 0.7561764
vt 0.8807412 0.0597059
vt 0.8807412 0.0650000
vt 0.5785491 0.9738234
vt 0.2716597 0.0291177
vt 0.2721816 0.0291177
vt 0.5801148 0.9738234
vt 0.5801148 0.9779411
vt 0.3656054 0.7667646
vt 0.3656054 0.8014707
vt 0.3656054 0.8361765
vt 0.5811586 0.9826470
vt 0.5822026 0.9420589
vt 0.5822026 0.9961764
vt 0.3676932 0.8367647
vt 0.3676932 0.8420588
vt 0.3682151 0.8014707
vt 0.5842902 0.9344117
vt 0.3708245 0.8367647
vt 0.3713467 0.7667646
vt 0.3713467 0.8014707
vt 0.3713467 0.8361765
vt 0.5863780 0.9814706
vt 0.5874218 0.9826470
vt 0.5874218 0.9973528
vt 0.5879436 0.9955882
vt 0.8619519 0.0261764
vt 0.8619519 0.0314705
vt 0.5895093 0.9191177
vt 0.5613256 0.0132354
vt 0.5613256 0.0167648
vt 0.9438934 0.4985294
vt 0.5618477 0.0173530
vt 0.9444156 0.5173529
vt 0.9459812 0.5426469
vt 0.8650835 0.0261764
vt 0.8650835 0.0314705
vt 0.5926409 0.9967646
vt 0.8656054 0.0261764
vt 0.8656054 0.0314705
vt 0.5936847 0.9032352
vt 0.5942066 0.9032352
vt 0.5942066 0.9820588
vt 0.5660231 0.0132354
vt 0.5660231 0.0167648
vt 0.5952506 0.9791178
vt 0.5957725 0.9755883
vt 0.5957725 0.9791178
vt 0.8687370 0.0261764
vt 0.8687370 0.0314705
vt 0.5962944 0.9808824
vt 0.5968163 0.9349999
vt 0.5983819 0.9967646
vt 0.5989041 0.9791178
vt 0.5989041 0.9808824
vt 0.5994260 0.9808824
vt 0.5994260 0.9973528
vt 0.5999479 0.9791178
vt 0.3457725 0.0573530
vt 0.5733298 0.0173530
vt 0.5738517 0.0132354
vt 0.9564195 0.5202942
vt 0.9574635 0.5326470
vt 0.6041232 0.9514707
vt 0.3582986 0.1491178
vt 0.6046451 0.9967646
vt 0.1223904 0.4991175
vt 0.1223904 0.5338236
vt 0.6051670 0.9820588
vt 0.1229123 0.5426472
vt 0.3593423 0.1414706
vt 0.6067327 0.9914705
vt 0.1244782 0.4991175
vt 0.9611170 0.5326470
vt 0.9616389 0.5326470
vt 0.6077767 0.9938236
vt 0.1260439 0.4991175
vt 0.1260439 0.5338236
vt 0.1265657 0.4908824
vt 0.1265657 0.5255882
vt 0.6093424 0.9891177
vt 0.6098643 0.9891177
vt 0.1281314 0.4908824
vt 0.6109080 0.9973528
vt 0.6114302 0.9685293
vt 0.1296973 0.4908824
vt 0.1296973 0.5255882
vt 0.1302192 0.4961765
vt 0.1302192 0.5073529
vt 0.3666493 0.1391175
vt 0.1390919 0.7120587
vt 0.1390919 0.7467648
vt 0.1307411 0.5079411
vt 0.1307411 0.5250000
vt 0.3671712 0.1314706
vt 0.9673799 0.4973530
vt 0.6135177 0.9932354
vt 0.9679018 0.4973530
vt 0.1401356 0.7126469
vt 0.1401356 0.7473530
vt 0.1326598 0.5001967
vt 0.1327069 0.4961765
vt 0.1417016 0.7126469
vt 0.1417016 0.7473530
vt 0.1328425 0.5073529
vt 0.6161274 0.9950000
vt 0.6166493 0.9879410
vt 0.6166493 0.9926469
vt 0.6171712 0.9926469
vt 0.3629958 0.0573530
vt 0.6176931 0.9850001
vt 0.6182150 0.9850001
vt 0.6182150 0.9879410
vt 0.6182150 0.9897059
vt 0.6187369 0.9850001
vt 0.6192588 0.9944118
vt 0.6197809 0.9879410
vt 0.6197809 0.9944118
vt 0.6203028 0.9873528
vt 0.1380481 0.5426472
vt 0.1385700 0.5079411
vt 0.1474426 0.7161764
vt 0.6213466 0.9220587
vt 0.7763570 0.3438235
vt 0.7768789 0.3091178
vt 0.4031836 0.0397059
vt 0.4031836 0.0508823
vt 0.6229122 0.9973528
vt 0.4037055 0.0397059
vt 0.3770876 0.1520588
vt 0.8734344 0.0261764
vt 0.8734344 0.0314705
vt 0.6239563 0.9144118
vt 0.1505742 0.7320590
vt 0.1510961 0.7161764
vt 0.1510961 0.7320590
vt 0.1516180 0.7161764
vt 0.8765657 0.0261764
vt 0.8765657 0.0314705
vt 0.1531836 0.7320590
vt 0.3812629 0.1520588
vt 0.3729122 0.0738235
vt 0.3817851 0.1367647
vt 0.6286535 0.9391176
vt 0.4099687 0.0508823
vt 0.1557933 0.7491176
vt 0.7847077 0.3091178
vt 0.4104906 0.0397059
vt 0.6302192 0.9944118
vt 0.3421189 0.3261765
vt 0.7935803 0.3091178
vt 0.7941022 0.3438235
vt 0.1573590 0.7538235
vt 0.3431627 0.3438236
vt 0.1578809 0.7491176
vt 0.7951463 0.3091178
vt 0.1584030 0.7526471
vt 0.6323070 0.9920587
vt 0.1589249 0.7473530
vt 0.6328289 0.9738234
vt 0.1594468 0.7473530
vt 0.1594468 0.7491176
vt 0.6333508 0.9938236
vt 0.3452505 0.3085293
vt 0.7967119 0.3091178
vt 0.1599687 0.6861765
vt 0.6338727 0.9938236
vt 0.7888831 0.3091178
vt 0.7972338 0.3438235
vt 0.1604906 0.7473530
vt 0.6354383 0.9967646
vt 0.6354383 0.9973528
vt 0.6359602 0.9555884
vt 0.1625784 0.7555884
vt 0.6370043 0.9561766
vt 0.3489040 0.3085293
vt 0.1636222 0.7561766
vt 0.3494259 0.3085293
vt 0.1641441 0.7526471
vt 0.3504697 0.3432354
vt 0.1657097 0.7526471
vt 0.6401356 0.9573530
vt 0.3525575 0.3085293
vt 0.0367955 0.0955883
vt 0.1677975 0.7326472
vt 0.3958768 0.1544119
vt 0.1683194 0.7167646
vt 0.3969206 0.1461765
vt 0.3974425 0.1385293
vt 0.1709291 0.7132354
vt 0.6458769 0.9179413
vt 0.6458769 0.9973528
vt 0.6463988 0.9485294
vt 0.6463988 0.9602942
vt 0.8019311 0.3438234
vt 0.6469207 0.9697060
vt 0.1740605 0.7355881
vt 0.6479644 0.9426471
vt 0.1745823 0.7549999
vt 0.6490085 0.9179413
vt 0.6490085 0.9232354
vt 0.6490085 0.9420589
vt 0.6490085 0.9455881
vt 0.6490085 0.9461766
vt 0.6495304 0.9461766
vt 0.0451462 0.0791176
vt 0.1766702 0.6867647
vt 0.1766702 0.7132354
vt 0.4214510 0.8361765
vt 0.6505741 0.9420589
vt 0.6505741 0.9455881
vt 0.4219728 0.8202942
vt 0.6510960 0.9355881
vt 0.6510960 0.9702942
vt 0.4224947 0.7855882
vt 0.6516179 0.9355881
vt 0.6521398 0.9708824
vt 0.4235385 0.7855882
vt 0.4235385 0.8202942
vt 0.6526617 0.9361763
vt 0.6531838 0.9261764
vt 0.4245825 0.8020589
vt 0.6537057 0.9361763
vt 0.6537057 0.9726470
vt 0.4251044 0.7844118
vt 0.4261482 0.7844118
vt 0.4277139 0.8026471
vt 0.4313673 0.7679410
vt 0.4793842 0.7708823
vt 0.4793842 0.8055883
vt 0.4344989 0.7685295
vt 0.4344989 0.8032353
vt 0.4350208 0.7685295
vt 0.4809498 0.7708823
vt 0.0602817 0.0802942
vt 0.0608039 0.0802942
vt 0.4825158 0.7767648
vt 0.4825158 0.8020588
vt 0.4825158 0.8273528
vt 0.0613258 0.0802942
vt 0.8212423 0.3267648
vt 0.4830377 0.7702941
vt 0.4830377 0.8050001
vt 0.4830377 0.8420587
vt 0.4376305 0.7855882
vt 0.4835595 0.7702941
vt 0.4846033 0.8050001
vt 0.4913882 0.8379410
vt 0.4402400 0.8385293
vt 0.4861690 0.8050001
vt 0.4861690 0.8420587
vt 0.4866911 0.7679413
vt 0.0665449 0.0979411
vt 0.4945198 0.8379410
vt 0.4955636 0.8026471
vt 0.4960855 0.7679413
vt 0.4986952 0.7679413
vt 0.4475469 0.7708823
vt 0.4997390 0.8214706
vt 0.4485907 0.7708823
vt 0.5007830 0.8214706
vt 0.8332465 0.3438234
vt 0.5013049 0.8026471
vt 0.5013049 0.8032353
vt 0.8374218 0.3091176
vt 0.4532882 0.7838236
vt 0.4532882 0.7879413
vt 0.4532882 0.8055881
vt 0.4538101 0.7879413
vt 0.4543320 0.7879413
vt 0.5080897 0.7849999
vt 0.4569414 0.7873531
vt 0.5091337 0.8044117
vt 0.5096556 0.8226470
vt 0.5101775 0.8044117
vt 0.4590292 0.7838236
vt 0.4590292 0.8061766
vt 0.4590292 0.8408824
vt 0.4595511 0.7802941
vt 0.4595511 0.8061766
vt 0.5117432 0.7849999
vt 0.8421189 0.3438235
vt 0.8525573 0.3438234
vt 0.5133091 0.7679413
vt 0.4616389 0.7873531
vt 0.5143529 0.7679413
vt 0.8452505 0.3438235
vt 0.5153966 0.8026471
vt 0.8556889 0.3091176
vt 0.4652922 0.8238234
vt 0.4658143 0.7855882
vt 0.4658143 0.8238234
vt 0.8478602 0.3091177
vt 0.4663362 0.7814705
vt 0.8598643 0.3091176
vt 0.4684237 0.7861764
vt 0.8603862 0.3432352
vt 0.4689456 0.7897059
vt 0.5216598 0.7679413
vt 0.5221817 0.8026471
vt 0.4715553 0.8420588
vt 0.5237474 0.8420587
vt 0.5247911 0.7679413
vt 0.5253130 0.8055884
vt 0.5253130 0.8067648
vt 0.5258352 0.7708823
vt 0.4746869 0.7861764
vt 0.4746869 0.8079412
vt 0.5268790 0.7708823
vt 0.5268790 0.8055884
vt 0.5279227 0.8073530
vt 0.5284446 0.7708823
vt 0.5284446 0.8055884
vt 0.3640396 0.6867648
vt 0.3640396 0.7214706
vt 0.3645615 0.6867648
vt 0.3645615 0.7214706
vt 0.3645615 0.7561763
vt 0.6276097 0.6885295
vt 0.6276097 0.6932354
vt 0.6276097 0.6985294
vt 0.6276097 0.7426470
vt 0.6276097 0.7555882
vt 0.6307410 0.6932354
vt 0.6307410 0.6985294
vt 0.6323070 0.7520587
vt 0.6323070 0.7555882
vt 0.6333507 0.7173530
vt 0.6333507 0.7226470
vt 0.6333507 0.7232352
vt 0.6333507 0.7285293
vt 0.6343945 0.6885295
vt 0.6354383 0.6955881
vt 0.6364823 0.7173530
vt 0.6364823 0.7226470
vt 0.6364823 0.7232352
vt 0.6364823 0.7285293
vt 0.6390918 0.7520587
vt 0.6390918 0.7561764
vt 0.6401358 0.7250001
vt 0.6463987 0.7561764
vt 0.8650834 0.3438235
vt 0.8812631 0.3438235
vt 0.8817850 0.3091177
vt 0.8828287 0.3091177
vt 0.8687369 0.3091178
vt 0.6521398 0.7079412
vt 0.6547495 0.6879413
vt 0.6552713 0.6902941
vt 0.8676397 0.0174253
vt 0.6584029 0.7391178
vt 0.8677862 0.0172272
vt 0.8680867 0.0168207
vt 0.8765657 0.3279413
vt 0.8703028 0.0138237
vt 0.8707590 0.0168425
vt 0.6646659 0.6902941
vt 0.8750001 0.0138237
vt 0.8750001 0.0168197
vt 0.5728079 0.0626470
vt 0.6677974 0.7502941
vt 0.6677974 0.7561764
vt 0.6709290 0.7214706
vt 0.6709290 0.7502941
vt 0.6709290 0.7561764
vt 0.6771919 0.7532354
vt 0.5837684 0.0738234
vt 0.5884656 0.0626470
vt 0.5785491 0.0132354
vt 0.5785491 0.0167646
vt 0.5790710 0.0173531
vt 0.2774007 0.0167646
vt 0.5837683 0.0132354
vt 0.5837683 0.0167646
vt 0.2800600 0.0137675
vt 0.2803966 0.0133882
vt 0.2805184 0.0139536
vt 0.2809344 0.0127822
vt 0.8875260 0.3091177
vt 0.8875260 0.3438235
vt 0.8880479 0.3438235
vt 0.2847077 0.0173528
vt 0.8911795 0.3091177
vt 0.2848990 0.0145492
vt 0.6041231 0.0585294
vt 0.5905533 0.0132354
vt 0.5905533 0.0173531
vt 0.6056890 0.0667647
vt 0.8363779 0.7561763
vt 0.0712422 0.0955882
vt 0.8368998 0.6891176
vt 0.8368998 0.7214706
vt 0.3041250 0.1693467
vt 0.8436849 0.7561763
vt 0.8442068 0.7050001
vt 0.8442068 0.7214706
vt 0.3051668 0.1746305
vt 0.3056877 0.1828496
vt 0.3062086 0.1875465
vt 0.6818893 0.7191178
vt 0.6818893 0.7561763
vt 0.6824112 0.6879412
vt 0.3072505 0.1687597
vt 0.8473381 0.7214706
vt 0.6834550 0.7191178
vt 0.3082922 0.1740435
vt 0.0822026 0.0802942
vt 0.3088131 0.1875465
vt 0.0827245 0.0902941
vt 0.0827245 0.0955882
vt 0.6844990 0.6879412
vt 0.6844990 0.7191178
vt 0.6844990 0.7538235
vt 0.8488161 0.7510806
vt 0.8489325 0.7508181
vt 0.8494259 0.7126470
vt 0.8494259 0.7179411
vt 0.3108967 0.1617146
vt 0.3108967 0.1740435
vt 0.3114176 0.1822626
vt 0.0858558 0.0902941
vt 0.0858558 0.0955882
vt 0.8515135 0.6891176
vt 0.8515135 0.7214706
vt 0.8515135 0.7385295
vt 0.8515135 0.7450000
vt 0.0863780 0.0932354
vt 0.8812632 0.0261763
vt 0.8812632 0.0314707
vt 0.0868999 0.0973528
vt 0.0868999 0.0979413
vt 0.4151880 0.0397060
vt 0.4151880 0.0508824
vt 0.8525575 0.7126470
vt 0.8525575 0.7179411
vt 0.8530794 0.7461764
vt 0.4172755 0.0397060
vt 0.8843945 0.0261763
vt 0.8843945 0.0314707
vt 0.4198852 0.0508824
vt 0.0921190 0.0850001
vt 0.0921190 0.0885295
vt 0.0921190 0.0891177
vt 0.4204071 0.0397060
vt 0.4251043 0.0397058
vt 0.4251043 0.0508824
vt 0.5952506 0.0132353
vt 0.5952506 0.0167648
vt 0.8890919 0.0261765
vt 0.8890919 0.0314705
vt 0.9543320 0.0461764
vt 0.4278534 0.0397058
vt 0.4279074 0.0443232
vt 0.4279842 0.0508824
vt 0.0968163 0.0850001
vt 0.0968163 0.0885295
vt 0.9564195 0.0420587
vt 0.0989041 0.0802942
vt 0.9569417 0.0438236
vt 0.0994260 0.0791178
vt 0.0994260 0.0844119
vt 0.5999479 0.0132353
vt 0.5999479 0.0167648
vt 0.8922235 0.0261765
vt 0.8922235 0.0314705
vt 0.9574635 0.0508823
vt 0.8577766 0.7055884
vt 0.9600730 0.0485295
vt 0.1025573 0.0791178
vt 0.1025573 0.0844119
vt 0.9605949 0.0485295
vt 0.1030794 0.0850001
vt 0.1030794 0.0897059
vt 0.0320981 0.1644118
vt 0.7910405 0.1943466
vt 0.8619520 0.7173529
vt 0.8619520 0.7226470
vt 0.7915448 0.2221923
vt 0.6067327 0.0132353
vt 0.0341857 0.1597059
vt 0.6072546 0.0173530
vt 0.8635176 0.7320588
vt 0.8640398 0.7232352
vt 0.7940349 0.1946882
vt 0.7942838 0.1946882
vt 0.0357516 0.1597059
vt 0.8650836 0.7173529
vt 0.8650836 0.7226470
vt 0.8650836 0.7561764
vt 0.8671711 0.7232352
vt 0.8671711 0.7320588
vt 0.7972747 0.1943822
vt 0.7972747 0.1945923
vt 0.7972747 0.2227796
vt 0.1119521 0.0897059
vt 0.8692589 0.7214706
vt 0.1129958 0.0938236
vt 0.8718684 0.7561764
vt 0.8723905 0.7214706
vt 0.8729124 0.6891176
vt 0.8969207 0.0261764
vt 0.8969207 0.0314705
vt 0.7742694 0.6885294
vt 0.7742694 0.7214706
vt 0.7742694 0.7561763
vt 0.1176931 0.0938236
vt 0.7763569 0.7214706
vt 0.9000523 0.0261764
vt 0.9000523 0.0314705
vt 0.7789666 0.6885294
vt 0.7789666 0.7214706
vt 0.7789666 0.7561763
vt 0.7794885 0.6885294
vt 0.7794885 0.7214706
vt 0.7794885 0.7561763
vt 0.7815763 0.7214706
vt 0.8958769 0.3091178
vt 0.8958769 0.3438235
vt 0.7841858 0.6885294
vt 0.7841858 0.7214706
vt 0.7841858 0.7561763
vt 0.9063151 0.3438234
vt 0.8984863 0.3091178
vt 0.0555847 0.1873530
vt 0.9068373 0.3091176
vt 0.0571503 0.1849999
vt 0.9084029 0.3438234
vt 0.9016179 0.3091178
vt 0.9016179 0.3438235
vt 0.9099686 0.3091176
vt 0.0592379 0.1826472
vt 0.9104905 0.3091176
vt 0.9104905 0.3438234
vt 0.4736431 0.1049999
vt 0.4736431 0.1250001
vt 0.3400314 0.3497059
vt 0.3400314 0.3873530
vt 0.8034970 0.9755883
vt 0.8034970 0.9802942
vt 0.7831421 0.2991176
vt 0.7831421 0.3020589
vt 0.4971296 0.1049999
vt 0.4971296 0.1091176
vt 0.4971296 0.1120588
vt 0.4971296 0.1191175
vt 0.9047496 0.0279413
vt 0.9047496 0.0314705
vt 0.2132047 0.4438235
vt 0.4104907 0.4932352
vt 0.4104907 0.5032354
vt 0.4104907 0.5338235
vt 0.4104907 0.5426471
vt 0.0023488 0.4608822
vt 0.0023488 0.4691176
vt 0.0023488 0.4785294
vt 0.0023488 0.4791176
vt 0.0023488 0.4826470
vt 0.7836640 0.2697059
vt 0.4976514 0.1120588
vt 0.4981733 0.1191175
vt 0.4115345 0.4932352
vt 0.4115345 0.5026469
vt 0.4115345 0.5032354
vt 0.0033925 0.4767648
vt 0.0033925 0.4791176
vt 0.7847077 0.2697059
vt 0.7847077 0.2908822
vt 0.4986952 0.1049999
vt 0.4986952 0.1091176
vt 0.4120564 0.5032354
vt 0.4120564 0.5338235
vt 0.4120564 0.5426471
vt 0.0039144 0.4738235
vt 0.0039144 0.4767648
vt 0.3421190 0.3844117
vt 0.8055845 0.9755883
vt 0.7852296 0.2691177
vt 0.7852296 0.2844117
vt 0.2152923 0.4808824
vt 0.0044363 0.4402941
vt 0.0044363 0.4485295
vt 0.0044363 0.4691176
vt 0.0044363 0.4767648
vt 0.3426409 0.3497059
vt 0.2158141 0.4714706
vt 0.0049582 0.4485295
vt 0.0049582 0.4573530
vt 0.0049582 0.4767648
vt 0.2168579 0.4714706
vt 0.7873174 0.2691177
vt 0.0065241 0.4826470
vt 0.8081942 0.9420589
vt 0.7878393 0.2844117
vt 0.2179020 0.4591176
vt 0.0075679 0.4402941
vt 0.0075679 0.4555881
vt 0.8092380 0.9544117
vt 0.0080898 0.4455882
vt 0.0080898 0.4544117
vt 0.8097599 0.9802942
vt 0.0086117 0.4455882
vt 0.3473381 0.3838235
vt 0.3473381 0.3873530
vt 0.2205114 0.4779411
vt 0.6260437 0.0067646
vt 0.2210333 0.4697060
vt 0.0101773 0.4844116
vt 0.8123696 0.9079410
vt 0.8123696 0.9438235
vt 0.8123696 0.9814706
vt 0.2220773 0.4779411
vt 0.2220773 0.4826470
vt 0.0112214 0.4438236
vt 0.0112214 0.4473531
vt 0.0112214 0.4802942
vt 0.4830376 0.1049999
vt 0.8128915 0.9973528
vt 0.8134134 0.9926469
vt 0.2236430 0.4791178
vt 0.0127870 0.4832352
vt 0.0133089 0.4438236
vt 0.0133089 0.4832352
vt 0.0133089 0.4844116
vt 0.0138308 0.4779412
vt 0.5091335 0.1250001
vt 0.8160231 0.9814706
vt 0.0148749 0.4814706
vt 0.4872130 0.1049999
vt 0.7972338 0.2755882
vt 0.5122651 0.1250001
vt 0.6349166 0.0061765
vt 0.7998435 0.2679413
vt 0.2894051 0.0126470
vt 0.2894051 0.0167646
vt 0.9214511 0.0261764
vt 0.9214511 0.0285295
vt 0.8008873 0.2679413
vt 0.5153967 0.1250001
vt 0.0206159 0.4844116
vt 0.4924321 0.1250001
vt 0.0211378 0.4844116
vt 0.0023486 0.5479413
vt 0.0023486 0.5779412
vt 0.0023486 0.6085295
vt 0.0221815 0.4702940
vt 0.8238517 0.9561766
vt 0.8254176 0.9097059
vt 0.2356472 0.4626470
vt 0.8264614 0.9097059
vt 0.8269832 0.9973528
vt 0.0258350 0.4826470
vt 0.5216596 0.1250001
vt 0.4939980 0.0249999
vt 0.4939980 0.0291176
vt 0.8295930 0.9855883
vt 0.0284447 0.4391177
vt 0.8306367 0.9855883
vt 0.4955637 0.0302942
vt 0.8322024 0.9261764
vt 0.0310542 0.4691176
vt 0.4976515 0.0308824
vt 0.4976515 0.0314706
vt 0.8134134 0.2849999
vt 0.8342902 0.9108823
vt 0.8348121 0.9691175
vt 0.0336639 0.4691176
vt 0.2450417 0.4408822
vt 0.2450417 0.4808824
vt 0.9371085 0.0261764
vt 0.9371085 0.0302941
vt 0.9376304 0.0273528
vt 0.9376304 0.0285295
vt 0.0159187 0.5479413
vt 0.8374218 0.9114705
vt 0.9386744 0.0267646
vt 0.0174844 0.5479413
vt 0.8384656 0.9538235
vt 0.0180062 0.6085295
vt 0.8389875 0.9273531
vt 0.9407620 0.0314705
vt 0.8400312 0.9538235
vt 0.3092379 0.0132352
vt 0.3092379 0.0173528
vt 0.9412838 0.0291177
vt 0.8405531 0.9120587
vt 0.7179018 0.1061765
vt 0.2507830 0.4614706
vt 0.9428498 0.0291177
vt 0.7194677 0.1061765
vt 0.7199896 0.1061765
vt 0.2523487 0.4661765
vt 0.0227035 0.5673530
vt 0.0227035 0.5973529
vt 0.2539143 0.4714706
vt 0.0430584 0.4797058
vt 0.7236431 0.1055883
vt 0.2560021 0.4808824
vt 0.8468163 0.9832352
vt 0.2565240 0.4832352
vt 0.2586116 0.4832352
vt 0.0320982 0.2608822
vt 0.0294886 0.5673530
vt 0.2617432 0.4714706
vt 0.2643529 0.4744119
vt 0.0378392 0.2520590
vt 0.0352296 0.5714707
vt 0.5211377 0.0308824
vt 0.5211377 0.0314706
vt 0.2659185 0.4726470
vt 0.5216596 0.0297058
vt 0.0388830 0.2285295
vt 0.0388830 0.2614707
vt 0.6103861 0.0585293
vt 0.6103861 0.0738237
vt 0.7346032 0.1214705
vt 0.0394049 0.2520590
vt 0.7356473 0.1202941
vt 0.7356473 0.1214705
vt 0.8588205 0.9973528
vt 0.0409708 0.2461764
vt 0.0409708 0.2614707
vt 0.0388831 0.5479413
vt 0.6135177 0.0585293
vt 0.8603862 0.9485294
vt 0.9652922 0.0420590
vt 0.5253131 0.0255884
vt 0.5253131 0.0291176
vt 0.2700939 0.4744119
vt 0.5258350 0.0273530
vt 0.5258350 0.0291176
vt 0.2706158 0.4767647
vt 0.9663360 0.0508822
vt 0.5263569 0.0297058
vt 0.5263569 0.0302942
vt 0.0435803 0.2508823
vt 0.9668582 0.0420590
vt 0.0441024 0.2461764
vt 0.8624740 0.9373530
vt 0.8629959 0.9614706
vt 0.5279228 0.0249999
vt 0.2727036 0.4785293
vt 0.0425366 0.5861765
vt 0.5284447 0.0308824
vt 0.8640396 0.9150000
vt 0.4819937 0.6173528
vt 0.4819937 0.6791175
vt 0.8645615 0.9397058
vt 0.7419102 0.1055883
vt 0.4825156 0.6485294
vt 0.2747911 0.4844119
vt 0.8661275 0.9397058
vt 0.8661275 0.9614706
vt 0.8661275 0.9644116
vt 0.3692590 0.6873530
vt 0.0487997 0.2285295
vt 0.3697808 0.7214706
vt 0.0493216 0.2297059
vt 0.0493216 0.2620589
vt 0.3703027 0.7214706
vt 0.2779227 0.4432353
vt 0.6182150 0.0738234
vt 0.3713465 0.7561763
vt 0.0508872 0.2297059
vt 0.0508872 0.2620589
vt 0.6187369 0.0738234
vt 0.4063151 0.7261765
vt 0.4063151 0.7561764
vt 0.7492171 0.1250000
vt 0.2815762 0.4455881
vt 0.6218685 0.0714706
vt 0.2826200 0.4455881
vt 0.2826200 0.4549999
vt 0.2826200 0.4555884
vt 0.9715553 0.0420587
vt 0.2831419 0.4485294
vt 0.3765656 0.7214706
vt 0.2836638 0.4597058
vt 0.2836638 0.4638234
vt 0.4924322 0.6485294
vt 0.2847078 0.4555884
vt 0.2847078 0.4591176
vt 0.2852297 0.4597058
vt 0.4939979 0.6332354
vt 0.2862735 0.4491176
vt 0.2862735 0.4638234
vt 0.9752088 0.0420587
vt 0.9752088 0.0473528
vt 0.4136221 0.6897058
vt 0.2867954 0.4491176
vt 0.2867954 0.4644116
vt 0.9757306 0.0420587
vt 0.4141440 0.7144116
vt 0.2873172 0.4644116
vt 0.2873172 0.4650001
vt 0.4955636 0.6350000
vt 0.4146659 0.6902940
vt 0.2878391 0.4455881
vt 0.3812632 0.6873530
vt 0.3812632 0.7391177
vt 0.4151880 0.7155883
vt 0.9772966 0.0420587
vt 0.9772966 0.0508823
vt 0.6286536 0.0685293
vt 0.4157099 0.6949999
vt 0.5441024 0.0314706
vt 0.2888832 0.4497058
vt 0.2894051 0.4673529
vt 0.2894051 0.4714706
vt 0.2894051 0.4785293
vt 0.4167537 0.6885294
vt 0.4172756 0.6897058
vt 0.5456680 0.0291176
vt 0.2904488 0.4714706
vt 0.0602818 0.5479413
vt 0.4177974 0.6885294
vt 0.2909707 0.4455881
vt 0.2909707 0.4508825
vt 0.2909707 0.4673529
vt 0.6312630 0.0650001
vt 0.2914926 0.4479412
vt 0.2914926 0.4650001
vt 0.2914926 0.4820588
vt 0.6317849 0.0650001
vt 0.6317849 0.0685293
vt 0.2920145 0.4732352
vt 0.6323068 0.0650001
vt 0.2925367 0.4732352
vt 0.2925367 0.4820588
vt 0.6328289 0.0667647
vt 0.6328289 0.0720588
vt 0.7606995 0.1055883
vt 0.0608038 0.8161765
vt 0.6333508 0.0626470
vt 0.6333508 0.0714706
vt 0.5013049 0.6797060
vt 0.4204071 0.7032353
vt 0.4204071 0.7085294
vt 0.0613257 0.7861766
vt 0.6338727 0.0661765
vt 0.5493215 0.0249999
vt 0.5493215 0.0291176
vt 0.0618476 0.7861766
vt 0.6343946 0.0679411
vt 0.4214509 0.6897058
vt 0.4214509 0.6949999
vt 0.5498434 0.0249999
vt 0.0623695 0.7749999
vt 0.0623695 0.8161765
vt 0.6349165 0.0661765
vt 0.6349165 0.0720588
vt 0.4219728 0.6902940
vt 0.0628914 0.7749999
vt 0.0628914 0.7838235
vt 0.2951461 0.4679411
vt 0.0628914 0.7861766
vt 0.4224947 0.6997058
vt 0.0634133 0.7714705
vt 0.0634133 0.8197060
vt 0.6359603 0.0685293
vt 0.0639352 0.7955884
vt 0.6364821 0.0585294
vt 0.6364821 0.0702942
vt 0.4235387 0.6902940
vt 0.4235387 0.7108824
vt 0.4235387 0.7261765
vt 0.6370043 0.0585294
vt 0.6370043 0.0685293
vt 0.6370043 0.0702942
vt 0.6370043 0.0720588
vt 0.6370043 0.0738234
vt 0.5049583 0.6491176
vt 0.4240606 0.6902940
vt 0.4240606 0.7073530
vt 0.2972339 0.4479412
vt 0.0649792 0.7714705
vt 0.0649792 0.7955884
vt 0.0649792 0.8197060
vt 0.6375262 0.0626470
vt 0.6375262 0.0679411
vt 0.4245825 0.7032353
vt 0.4245825 0.7073530
vt 0.0655011 0.7844117
vt 0.0655011 0.8132352
vt 0.3911796 0.7214706
vt 0.4251044 0.6997058
vt 0.4251044 0.7073530
vt 0.0660230 0.7620587
vt 0.0660230 0.8132352
vt 0.5065240 0.6491176
vt 0.4256263 0.6902940
vt 0.4256263 0.7073530
vt 0.0665449 0.7844117
vt 0.5070459 0.6208823
vt 0.4261482 0.6902940
vt 0.0670668 0.7655882
vt 0.0670668 0.7808822
vt 0.0670668 0.8120588
vt 0.0670668 0.8420587
vt 0.0675886 0.7773530
vt 0.0675886 0.7814707
vt 0.4271919 0.6997058
vt 0.0681105 0.8120588
vt 0.4277141 0.6902940
vt 0.0686327 0.8120588
vt 0.0686327 0.8420587
vt 0.0691546 0.7773530
vt 0.0691546 0.7814707
vt 0.5571504 0.0297058
vt 0.5571504 0.0302942
vt 0.0696765 0.7832353
vt 0.0696765 0.8126470
vt 0.0696765 0.8420587
vt 0.4292798 0.7008825
vt 0.0701983 0.7832353
vt 0.0701983 0.8126470
vt 0.4298017 0.6914707
vt 0.0707202 0.8420587
vt 0.4308454 0.6914707
vt 0.4308454 0.7008825
vt 0.5592379 0.0308824
vt 0.0717640 0.8179411
vt 0.0717640 0.8420587
vt 0.4313673 0.6873530
vt 0.4313673 0.6967648
vt 0.0722859 0.7985294
vt 0.0722859 0.8197060
vt 0.0722859 0.8420587
vt 0.0728081 0.8091175
vt 0.0728081 0.8150001
vt 0.0728081 0.8197060
vt 0.4324114 0.6873530
vt 0.0733299 0.8314705
vt 0.0738518 0.7985294
vt 0.0738518 0.8314705
vt 0.5143528 0.6632353
vt 0.4010959 0.6867648
vt 0.4010959 0.7214706
vt 0.4010959 0.7555881
vt 0.0759394 0.8008824
vt 0.0759394 0.8420587
vt 0.4016178 0.6867648
vt 0.0764613 0.7838235
vt 0.0764613 0.8008824
vt 0.0764613 0.8355882
vt 0.0764613 0.8367646
vt 0.0764613 0.8420587
vt 0.8181108 0.2679412
vt 0.8181108 0.3020588
vt 0.5174844 0.6350000
vt 0.5174844 0.6632353
vt 0.0785491 0.8420587
vt 0.0795929 0.7644118
vt 0.0806366 0.8367646
vt 0.0806366 0.8420587
vt 0.4407621 0.6955881
vt 0.0827244 0.8402941
vt 0.8254175 0.3020588
vt 0.5247911 0.6773529
vt 0.4438934 0.6914707
vt 0.0848120 0.8361764
vt 0.0848120 0.8379413
vt 0.0848120 0.8402941
vt 0.4444156 0.6914707
vt 0.4444156 0.6949999
vt 0.0853341 0.8361764
vt 0.4449375 0.6914707
vt 0.0858560 0.8014706
vt 0.0863779 0.8379413
vt 0.0863779 0.8420587
vt 0.8165449 0.4450000
vt 0.8165449 0.4644117
vt 0.8165449 0.4838234
vt 0.0868998 0.7979412
vt 0.0868998 0.8067647
vt 0.0868998 0.8073529
vt 0.0868998 0.8420587
vt 0.4465031 0.6914707
vt 0.0874217 0.7667646
vt 0.0874217 0.7979412
vt 0.0874217 0.8073529
vt 0.0874217 0.8420587
vt 0.0879436 0.7685295
vt 0.0879436 0.8038234
vt 0.0879436 0.8420587
vt 0.5284446 0.6214705
vt 0.5284446 0.6491176
vt 0.5284446 0.6773529
vt 0.4475469 0.6949999
vt 0.0884655 0.7691177
vt 0.2267744 0.5138235
vt 0.8186325 0.4644117
vt 0.4480688 0.6914707
vt 0.4491128 0.6902940
vt 0.0900314 0.8038234
vt 0.0905533 0.7697059
vt 0.0905533 0.7791176
vt 0.8207203 0.4450000
vt 0.8207203 0.4649999
vt 0.8207203 0.4844116
vt 0.4501566 0.6891176
vt 0.4501566 0.6902940
vt 0.0910752 0.8050001
vt 0.0921189 0.7697059
vt 0.0921189 0.8420587
vt 0.8222859 0.4432354
vt 0.0926408 0.8126470
vt 0.0926408 0.8420587
vt 0.0931627 0.7673531
vt 0.0931627 0.7702941
vt 0.0931627 0.8126470
vt 0.8233300 0.4450000
vt 0.0936849 0.7697059
vt 0.0936849 0.8161765
vt 0.0936849 0.8420587
vt 0.4532882 0.6955881
vt 0.0942068 0.7702941
vt 0.0947287 0.8161765
vt 0.0952505 0.7661764
vt 0.8368998 0.2679412
vt 0.4548538 0.6891176
vt 0.2340814 0.4961764
vt 0.2340814 0.5308824
vt 0.8259394 0.4444118
vt 0.2346033 0.4961764
vt 0.2346033 0.5408824
vt 0.4558976 0.7261765
vt 0.0968162 0.7620587
vt 0.0968162 0.8379413
vt 0.0968162 0.8420587
vt 0.8269832 0.4638235
vt 0.8269832 0.4826470
vt 0.8275053 0.4638235
vt 0.6422235 0.0585294
vt 0.6422235 0.0738234
vt 0.2361692 0.5214707
vt 0.8280272 0.4450000
vt 0.0983821 0.8379413
vt 0.0983821 0.8420587
vt 0.4579854 0.6944117
vt 0.0989040 0.8238237
vt 0.4590292 0.6891176
vt 0.2382567 0.4920587
vt 0.4595511 0.6873530
vt 0.1004697 0.7891176
vt 0.1004697 0.8385295
vt 0.1009916 0.7891176
vt 0.1009916 0.8420587
vt 0.8311585 0.4832352
vt 0.4605949 0.6873530
vt 0.4605949 0.6967648
vt 0.1015135 0.8385295
vt 0.8316807 0.4649999
vt 0.8316807 0.4832352
vt 0.8316807 0.4838234
vt 0.8322026 0.4838234
vt 0.4616389 0.6885294
vt 0.8327245 0.4649999
vt 0.4621608 0.6979412
vt 0.4621608 0.7261765
vt 0.4626827 0.7067648
vt 0.4632046 0.6885294
vt 0.1041232 0.8420587
vt 0.6484864 0.0585294
vt 0.2424321 0.4926472
vt 0.4637265 0.6908822
vt 0.6490083 0.0738234
vt 0.2429540 0.4926472
vt 0.2434759 0.5420588
vt 0.4647702 0.6908822
vt 0.4647702 0.7002940
vt 0.1056888 0.7667646
vt 0.4652924 0.6908822
vt 0.1062110 0.8326469
vt 0.1062110 0.8420587
vt 0.4658143 0.6867648
vt 0.1067329 0.8326469
vt 0.4663362 0.7032353
vt 0.4663362 0.7049999
vt 0.1072547 0.8250001
vt 0.1072547 0.8420587
vt 0.2455637 0.5179412
vt 0.4668581 0.7067648
vt 0.4668581 0.7120588
vt 0.8379436 0.4844116
vt 0.1082985 0.8079411
vt 0.1082985 0.8150001
vt 0.1088204 0.8150001
vt 0.1088204 0.8244119
vt 0.1088204 0.8250001
vt 0.4684237 0.7150001
vt 0.1093423 0.8073529
vt 0.2476512 0.5426470
vt 0.4689456 0.6908822
vt 0.4689456 0.7002940
vt 0.1098642 0.8073529
vt 0.1098642 0.8420587
vt 0.1103863 0.7979412
vt 0.1103863 0.8073529
vt 0.1103863 0.8408823
vt 0.4699896 0.6908822
vt 0.8478602 0.4479412
vt 0.4699896 0.7150001
vt 0.1109082 0.7667646
vt 0.1109082 0.7979412
vt 0.1109082 0.8067647
vt 0.1109082 0.8073529
vt 0.1109082 0.8420587
vt 0.8499479 0.0414706
vt 0.8499479 0.0508824
vt 0.3165449 0.2467648
vt 0.3165449 0.2555884
vt 0.1114301 0.7926471
vt 0.1114301 0.8173529
vt 0.1114301 0.8420587
vt 0.4710334 0.7208824
vt 0.4710334 0.7561764
vt 0.8509916 0.0414706
vt 0.3175887 0.2291177
vt 0.1124739 0.7620587
vt 0.3175887 0.2467648
vt 0.1124739 0.7732354
vt 0.5331419 0.7826471
vt 0.1124739 0.8173529
vt 0.8515135 0.0414706
vt 0.8515135 0.0508824
vt 0.8499478 0.4479412
vt 0.5336638 0.7920589
vt 0.1129958 0.7926471
vt 0.1129958 0.8173529
vt 0.1129958 0.8420587
vt 0.2513047 0.5285294
vt 0.8431628 0.4479413
vt 0.5341857 0.7991176
vt 0.5341857 0.8079411
vt 0.8525573 0.0414706
vt 0.8509915 0.4844118
vt 0.3191544 0.2291177
vt 0.3191544 0.2620588
vt 0.5347076 0.7826471
vt 0.5347076 0.7991176
vt 0.1432673 0.5114706
vt 0.1432673 0.5320588
vt 0.3572548 0.3279413
vt 0.3572548 0.3385295
vt 0.8515137 0.4432353
vt 0.8515137 0.4779410
vt 0.4329333 0.0397059
vt 0.4329333 0.0449999
vt 0.4329333 0.0455881
vt 0.4329333 0.0508822
vt 0.5352298 0.7726472
vt 0.5352298 0.7879412
vt 0.5352298 0.7973530
vt 0.5352298 0.8067647
vt 0.5352298 0.8420587
vt 0.1437892 0.4908822
vt 0.1437892 0.5179411
vt 0.5357516 0.8061765
vt 0.1443111 0.4908822
vt 0.5362735 0.7879412
vt 0.5362735 0.7967648
vt 0.5362735 0.7973530
vt 0.5373173 0.8326469
vt 0.5373173 0.8420587
vt 0.5378392 0.8232352
vt 0.5378392 0.8326469
vt 0.4360646 0.0397059
vt 0.4360646 0.0455881
vt 0.5383611 0.7985294
vt 0.5383611 0.8067647
vt 0.5383611 0.8320587
vt 0.5383611 0.8326469
vt 0.5383611 0.8420587
vt 0.7429540 0.0802941
vt 0.5388830 0.8232352
vt 0.5388830 0.8326469
vt 0.7434761 0.0979412
vt 0.5394051 0.8420587
vt 0.5399270 0.8326469
vt 0.3640396 0.3085293
vt 0.1526618 0.5320588
vt 0.8609082 0.4602942
vt 0.1531837 0.5320588
vt 0.7502609 0.0979412
vt 0.1547494 0.4908822
vt 0.3687369 0.3438235
vt 0.5467118 0.7973530
vt 0.3708247 0.3367646
vt 0.1589248 0.4979412
vt 0.1594466 0.4979412
vt 0.1599688 0.5155883
vt 0.5519312 0.7697059
vt 0.5519312 0.8050001
vt 0.5524531 0.7697059
vt 0.5529750 0.7697059
vt 0.5534969 0.7697059
vt 0.8703027 0.4432353
vt 0.8703027 0.4779410
vt 0.7580898 0.0979412
vt 0.2815762 0.7902941
vt 0.2815762 0.7926469
vt 0.2815762 0.7979413
vt 0.2815762 0.7985295
vt 0.2815762 0.8197058
vt 0.2815762 0.8408824
vt 0.2836640 0.8197058
vt 0.6537057 0.0585294
vt 0.3796973 0.3126470
vt 0.2852296 0.7926469
vt 0.2852296 0.7979413
vt 0.2857515 0.7985295
vt 0.2857515 0.8197058
vt 0.2857515 0.8408824
vt 0.1672755 0.4979412
vt 0.2862734 0.7938236
vt 0.2862734 0.7991177
vt 0.2862734 0.7997059
vt 0.2862734 0.8050000
vt 0.2862734 0.8055882
vt 0.5602820 0.8038234
vt 0.1688414 0.5326470
vt 0.3828289 0.3085293
vt 0.2878393 0.8402942
vt 0.1693633 0.5326470
vt 0.2888831 0.7720588
vt 0.6594467 0.0585294
vt 0.6594467 0.0738234
vt 0.2899269 0.7938236
vt 0.2899269 0.7991177
vt 0.2899269 0.7997059
vt 0.2899269 0.8050000
vt 0.2899269 0.8055882
vt 0.5628914 0.8032352
vt 0.6599686 0.0585294
vt 0.2904488 0.7914705
vt 0.2904488 0.7938236
vt 0.3859602 0.3208823
vt 0.5644573 0.7679413
vt 0.2920147 0.8179412
vt 0.2930585 0.8420588
vt 0.5660230 0.7708823
vt 0.5670668 0.7767648
vt 0.5681105 0.7820589
vt 0.5681105 0.7849999
vt 0.5686327 0.7849999
vt 0.5686327 0.8026470
vt 0.5691546 0.7761763
vt 0.5691546 0.7938235
vt 0.5691546 0.7967648
vt 0.6662318 0.0585294
vt 0.6662318 0.0738234
vt 0.5696765 0.7808822
vt 0.5696765 0.7897058
vt 0.5701983 0.7708823
vt 0.5707202 0.7702941
vt 0.5707202 0.7808822
vt 0.0649791 0.5479413
vt 0.5712421 0.7755881
vt 0.5712421 0.7767648
vt 0.5712421 0.8120588
vt 0.5712421 0.8208824
vt 0.5717640 0.7761763
vt 0.5717640 0.7814707
vt 0.5717640 0.8120588
vt 0.5717640 0.8267646
vt 0.5717640 0.8385295
vt 0.0660228 0.5685294
vt 0.0660228 0.5985293
vt 0.2993214 0.7879410
vt 0.5722859 0.8120588
vt 0.5722859 0.8214706
vt 0.5722859 0.8326469
vt 0.1808456 0.5426469
vt 0.5728081 0.8420587
vt 0.5733299 0.8326469
vt 0.5738518 0.8420587
vt 0.5743737 0.7702941
vt 0.5743737 0.8326469
vt 0.5748956 0.8267646
vt 0.5748956 0.8320587
vt 0.5748956 0.8326469
vt 0.5748956 0.8420587
vt 0.5754175 0.8332354
vt 0.1839770 0.5238234
vt 0.2387786 0.6026470
vt 0.3029749 0.7702942
vt 0.5759394 0.7761763
vt 0.2393005 0.5738235
vt 0.5764613 0.7714705
vt 0.5764613 0.7767648
vt 0.5764613 0.8420587
vt 0.2398227 0.5491177
vt 0.5769834 0.8332354
vt 0.1855429 0.5032353
vt 0.0712423 0.6085293
vt 0.3045408 0.7879410
vt 0.5775053 0.8332354
vt 0.2408664 0.5491177
vt 0.2408664 0.5738235
vt 0.5780272 0.8420587
vt 0.2413883 0.5738235
vt 0.5785491 0.8220588
vt 0.2419102 0.6085293
vt 0.5790710 0.8332354
vt 0.5795929 0.8373528
vt 0.2429540 0.5920588
vt 0.3071502 0.8167648
vt 0.5806366 0.7714705
vt 0.3087162 0.7655883
vt 0.5816807 0.8420587
vt 0.5827244 0.8373528
vt 0.3102818 0.7655883
vt 0.5848120 0.7832353
vt 0.5848120 0.8197060
vt 0.0795930 0.5685294
vt 0.5858560 0.8402941
vt 0.2492172 0.5614705
vt 0.2492172 0.5861766
vt 0.5868998 0.7691177
vt 0.5910752 0.8197060
vt 0.3207204 0.7891177
vt 0.3207204 0.7897059
vt 0.3207204 0.7902941
vt 0.2570460 0.5744117
vt 0.2570460 0.5985293
vt 0.3233298 0.8402942
vt 0.2596554 0.5497059
vt 0.3243736 0.7673529
vt 0.5978602 0.8420587
vt 0.0942066 0.5885294
vt 0.3275052 0.7844119
vt 0.6004697 0.7691177
vt 0.0947285 0.5497059
vt 0.0947285 0.5791176
vt 0.0947285 0.6085293
vt 0.6009916 0.8420587
vt 0.2664405 0.5749999
vt 0.3306368 0.7673529
vt 0.3327243 0.7855883
vt 0.3327243 0.7873528
vt 0.0999479 0.5497059
vt 0.6067329 0.8055883
vt 0.3358559 0.7691175
vt 0.2721815 0.5997060
vt 0.3374218 0.8138235
vt 0.3379437 0.8138235
vt 0.3384656 0.8297058
vt 0.2747912 0.5520587
vt 0.3906576 0.3085294
vt 0.3906576 0.3432354
vt 0.3906576 0.3438236
vt 0.1062108 0.5644117
vt 0.1062108 0.5938234
vt 0.3395094 0.8138235
vt 0.6129958 0.7691177
vt 0.6129958 0.8055883
vt 0.6129958 0.8420587
vt 0.3520354 0.3508824
vt 0.3520354 0.3873530
vt 0.3415972 0.8138235
vt 0.3442066 0.8314707
vt 0.3562108 0.3873530
vt 0.1124740 0.5497059
vt 0.3457726 0.7855883
vt 0.3478601 0.7691175
vt 0.3478601 0.7867646
vt 0.3478601 0.8344117
vt 0.3483820 0.7755883
vt 0.3483820 0.7808824
vt 0.3483820 0.7814706
vt 0.3483820 0.7867646
vt 0.3489039 0.7967646
vt 0.3489039 0.8314707
vt 0.3494258 0.8102941
vt 0.3494258 0.8255881
vt 0.3609080 0.3508824
vt 0.1176932 0.5491177
vt 0.1176932 0.5791176
vt 0.1176932 0.6085293
vt 0.0023487 0.3873528
vt 0.3515136 0.7873528
vt 0.3520355 0.7755883
vt 0.3520355 0.7808824
vt 0.3520355 0.7814706
vt 0.3520355 0.7867646
vt 0.3520355 0.7873528
vt 0.0033925 0.3873528
vt 0.3525574 0.7920587
vt 0.3525574 0.8255881
vt 0.3525574 0.8291176
vt 0.3525574 0.8349999
vt 0.1197807 0.5791176
vt 0.3530792 0.8344117
vt 0.3536011 0.7802942
vt 0.3536011 0.7944118
vt 0.3536011 0.8238235
vt 0.3536011 0.8391176
vt 0.0049581 0.3873528
vt 0.3541233 0.7802942
vt 0.3551671 0.7944118
vt 0.3551671 0.8155881
vt 0.3551671 0.8255881
vt 0.3666493 0.3497060
vt 0.3666493 0.3550001
vt 0.3556890 0.8208822
vt 0.3556890 0.8402942
vt 0.3562108 0.8291176
vt 0.3562108 0.8349999
vt 0.0075678 0.3873528
vt 0.3582987 0.8308825
vt 0.9037057 0.9114706
vt 0.3588205 0.8155881
vt 0.3588205 0.8255881
vt 0.3703028 0.3497060
vt 0.1265658 0.5791176
vt 0.3603862 0.8161763
vt 0.3718685 0.3650000
vt 0.3609081 0.8161763
vt 0.9063152 0.9114706
vt 0.9063152 0.9461764
vt 0.9068370 0.9267647
vt 0.9068370 0.9626472
vt 0.9068370 0.9973529
vt 0.1291755 0.5938234
vt 0.0148748 0.3785295
vt 0.0153967 0.3873528
vt 0.4162317 0.3085294
vt 0.4162317 0.3261765
vt 0.5999478 0.0255882
vt 0.4167536 0.3085294
vt 0.4167536 0.3432354
vt 0.4167536 0.3438236
vt 0.3765657 0.3650000
vt 0.0164405 0.3785295
vt 0.9104905 0.9250001
vt 0.0169623 0.3673529
vt 0.0169623 0.3785295
vt 0.0169623 0.3873528
vt 0.9115346 0.9267647
vt 0.0180064 0.3685293
vt 0.0180064 0.3785295
vt 0.9120565 0.9279411
vt 0.0185283 0.3685293
vt 0.9125783 0.9626472
vt 0.0195720 0.3873528
vt 0.6041232 0.0255882
vt 0.6041232 0.0308823
vt 0.0200939 0.3720588
vt 0.6046450 0.0261764
vt 0.6046450 0.0314705
vt 0.9151878 0.9626472
vt 0.0232255 0.3720588
vt 0.6077766 0.0261764
vt 0.9177975 0.9973529
vt 0.0242693 0.3720588
vt 0.0242693 0.3873528
vt 0.6088204 0.0314705
vt 0.0247912 0.3708824
vt 0.1406575 0.5497059
vt 0.1406575 0.5791176
vt 0.1406575 0.6085293
vt 0.9188413 0.9261765
vt 0.1296972 0.0379413
vt 0.0253131 0.3797059
vt 0.0253131 0.3873528
vt 0.1411794 0.5497059
vt 0.0258350 0.3614706
vt 0.0258350 0.3708824
vt 0.1417016 0.5526472
vt 0.1417016 0.5685294
vt 0.1417016 0.5855884
vt 0.1307412 0.0379413
vt 0.1307412 0.0467646
vt 0.0263571 0.3620588
vt 0.0263571 0.3873528
vt 0.1312631 0.0391177
vt 0.0268790 0.3708824
vt 0.9209291 0.9273529
vt 0.0274009 0.3620588
vt 0.1323069 0.0391177
vt 0.1323069 0.0479413
vt 0.1328288 0.0402941
vt 0.1443110 0.5897058
vt 0.9224947 0.9626472
vt 0.1333507 0.0491177
vt 0.0289665 0.3785295
vt 0.1338726 0.0402941
vt 0.0300103 0.3785295
vt 0.0300103 0.3873528
vt 0.1458769 0.5526472
vt 0.1458769 0.5861766
vt 0.1349166 0.0420587
vt 0.1349166 0.0508823
vt 0.0305325 0.3691178
vt 0.0305325 0.3779410
vt 0.0305325 0.3785295
vt 0.9151879 0.3091177
vt 0.6620564 0.6179411
vt 0.1359604 0.0420587
vt 0.0315763 0.3520588
vt 0.0315763 0.3691178
vt 0.0315763 0.3785295
vt 0.0315763 0.3873528
vt 0.0320981 0.3491176
vt 0.0320981 0.3526470
vt 0.6631002 0.6232352
vt 0.6631002 0.6238237
vt 0.6631002 0.6520590
vt 0.6631002 0.6797058
vt 0.9266701 0.9285293
vt 0.9183195 0.3091177
vt 0.9183195 0.3261764
vt 0.6651880 0.6450000
vt 0.9292798 0.9108824
vt 0.9292798 0.9220588
vt 0.6662318 0.6179411
vt 0.9198852 0.3261764
vt 0.1516180 0.6085293
vt 0.9303236 0.9108824
vt 0.6672756 0.6238237
vt 0.6672756 0.6450000
vt 0.6672756 0.6661766
vt 0.6672756 0.6797058
vt 0.9308455 0.9120588
vt 0.6677974 0.6179411
vt 0.6677974 0.6267646
vt 0.6677974 0.6279410
vt 0.9219727 0.3438235
vt 0.6688412 0.6179411
vt 0.6688412 0.6408823
vt 0.6688412 0.6602940
vt 0.6688412 0.6797058
vt 0.9324114 0.9273529
vt 0.6693634 0.6250001
vt 0.9329333 0.9220588
vt 0.1552714 0.5738235
vt 0.9334552 0.9220588
vt 0.9334552 0.9273529
vt 0.6704071 0.6197060
vt 0.6709290 0.6602940
vt 0.4412839 0.3091176
vt 0.9256262 0.3261764
vt 0.6724947 0.6273528
vt 0.4428496 0.3085294
vt 0.4428496 0.3232352
vt 0.4428496 0.3438236
vt 0.6730166 0.6538235
vt 0.6730166 0.6797058
vt 0.9266703 0.3438235
vt 0.6735387 0.6197060
vt 0.6735387 0.6250001
vt 0.6735387 0.6255883
vt 0.6735387 0.6350000
vt 0.6735387 0.6573530
vt 0.6735387 0.6797058
vt 0.9371086 0.9220588
vt 0.9371086 0.9273529
vt 0.6745825 0.6255883
vt 0.6745825 0.6344118
vt 0.6751044 0.6255883
vt 0.6751044 0.6573530
vt 0.9386743 0.9126470
vt 0.6756263 0.6255883
vt 0.6761482 0.6185293
vt 0.6761482 0.6344118
vt 0.9397181 0.9126470
vt 0.9397181 0.9285293
vt 0.6766701 0.6797058
vt 0.6771919 0.6185293
vt 0.6771919 0.6273528
vt 0.6771919 0.6350000
vt 0.6771919 0.6573530
vt 0.6724949 0.4991178
vt 0.6724949 0.4997060
vt 0.6119521 0.0173529
vt 0.0023488 0.2673530
vt 0.0023488 0.3020588
vt 0.2272966 0.0044118
vt 0.2272966 0.0067646
vt 0.3536014 0.0797060
vt 0.3536014 0.0967646
vt 0.0028706 0.2673530
vt 0.0028706 0.3014706
vt 0.3546451 0.0967646
vt 0.3546451 0.0979410
vt 0.6766703 0.5379412
vt 0.6798016 0.5208823
vt 0.6808456 0.5214705
vt 0.6813675 0.5214705
vt 0.3635178 0.0973528
vt 0.6839770 0.5020588
vt 0.2398227 0.0038236
vt 0.7721816 0.4532352
vt 0.6881523 0.5420589
vt 0.6276095 0.0150001
vt 0.0195721 0.2844116
vt 0.6902401 0.5426471
vt 0.0738518 0.2673529
vt 0.3713466 0.0797060
vt 0.2476512 0.0038236
vt 0.2481734 0.0061764
vt 0.7805323 0.4844118
vt 0.2502609 0.0061764
vt 0.0801147 0.2850001
vt 0.0801147 0.3020587
vt 0.6970249 0.4991178
vt 0.0811588 0.2850001
vt 0.6996346 0.5097059
vt 0.3812630 0.0979410
vt 0.0848120 0.2850001
vt 0.7022443 0.4991178
vt 0.7878393 0.4479411
vt 0.0868998 0.3020587
vt 0.6427453 0.0132352
vt 0.0879436 0.3020587
vt 0.0900314 0.2673529
vt 0.0362736 0.2673530
vt 0.0362736 0.3020588
vt 0.9026618 0.1632352
vt 0.3890918 0.0797060
vt 0.7085362 0.5179803
vt 0.7090291 0.5314705
vt 0.7098462 0.5205499
vt 0.7951463 0.4785295
vt 0.7109067 0.5178925
vt 0.9063153 0.1873528
vt 0.7967119 0.4785295
vt 0.0957724 0.3020587
vt 0.0968162 0.2850001
vt 0.7137264 0.5150000
vt 0.7993216 0.4608824
vt 0.7627871 0.0808823
vt 0.7163361 0.5285295
vt 0.3995304 0.0979410
vt 0.7189458 0.5261764
vt 0.8040189 0.4426470
vt 0.7194876 0.5257693
vt 0.1036013 0.3020587
vt 0.4016179 0.0973528
vt 0.1229123 0.2673530
vt 0.1229123 0.2973529
vt 0.7215552 0.4961765
vt 0.0524531 0.2844116
vt 0.7727035 0.0979413
vt 0.1949374 0.7632352
vt 0.1949374 0.7979413
vt 0.1959811 0.8002941
vt 0.1959811 0.8054532
vt 0.1959811 0.8197058
vt 0.1959811 0.8235712
vt 0.1959811 0.8391175
vt 0.4073590 0.0802942
vt 0.8118477 0.4720587
vt 0.1109082 0.2850001
vt 0.4084030 0.0932352
vt 0.1980689 0.8026472
vt 0.1990873 0.8198636
vt 0.1991623 0.8026472
vt 0.2006784 0.8044117
vt 0.2006784 0.8391175
vt 0.4115343 0.0902942
vt 0.2012005 0.8044117
vt 0.2017224 0.8391175
vt 0.7805324 0.0802941
vt 0.4136221 0.0891178
vt 0.2032881 0.8044117
vt 0.2032881 0.8391175
vt 0.2038100 0.8044117
vt 0.2038100 0.8391175
vt 0.4151878 0.0885293
vt 0.1182149 0.2679411
vt 0.1182149 0.3020587
vt 0.2048537 0.8044117
vt 0.8166188 0.5425865
vt 0.8168380 0.5423764
vt 0.2064197 0.8044117
vt 0.2064197 0.8391175
vt 0.4172756 0.0979410
vt 0.2074634 0.8367647
vt 0.4183194 0.0861765
vt 0.8191544 0.5202942
vt 0.4193632 0.0902942
vt 0.0691546 0.2673530
vt 0.0691546 0.3020588
vt 0.2095513 0.8132353
vt 0.2095513 0.8191176
vt 0.4204072 0.0855883
vt 0.8212423 0.4967648
vt 0.1140397 0.1038236
vt 0.2100732 0.7632352
vt 0.1422234 0.2673530
vt 0.1422234 0.2973529
vt 0.2111169 0.8132353
vt 0.2116388 0.7808823
vt 0.2116388 0.8179412
vt 0.4230167 0.0979410
vt 0.8243736 0.5202942
vt 0.4251045 0.0797060
vt 0.4256264 0.0891178
vt 0.2152923 0.7632352
vt 0.2152923 0.7991177
vt 0.4266701 0.0967646
vt 0.6072546 0.1544117
vt 0.4292798 0.0967646
vt 0.1229124 0.1249999
vt 0.8311561 0.5295764
vt 0.7982776 0.0802941
vt 0.8316805 0.4967648
vt 0.8316805 0.5291458
vt 0.8316805 0.5291557
vt 0.0367953 0.3491178
vt 0.0367953 0.3679413
vt 0.0367953 0.3873530
vt 0.5263569 0.1049999
vt 0.4318893 0.0850001
vt 0.5268788 0.1049999
vt 0.4339771 0.0920588
vt 0.2252087 0.8420588
vt 0.0425366 0.3679413
vt 0.4381525 0.0867647
vt 0.2278184 0.7638234
vt 0.2278184 0.7979413
vt 0.4386743 0.0967646
vt 0.1610124 0.2673530
vt 0.1610124 0.3020588
vt 0.2293841 0.8232353
vt 0.2549582 0.0038236
vt 0.2549582 0.0055882
vt 0.2304281 0.8014705
vt 0.4418059 0.0850001
vt 0.4418059 0.0920588
vt 0.5373173 0.1232353
vt 0.0487995 0.3491178
vt 0.5388830 0.1249999
vt 0.4449373 0.0914706
vt 0.0503273 0.3674823
vt 0.0503396 0.3679784
vt 0.0503410 0.3679413
vt 0.4204072 0.0067646
vt 0.4454594 0.0979410
vt 0.0505055 0.3868202
vt 0.2606995 0.0061764
vt 0.2356472 0.7638234
vt 0.4689457 0.3944118
vt 0.4689457 0.4249999
vt 0.4470251 0.0897060
vt 0.6265657 0.1497058
vt 0.4579854 0.3502942
vt 0.4585073 0.3502942
vt 0.4480688 0.0867647
vt 0.1417014 0.1138236
vt 0.4945198 0.4414706
vt 0.4945198 0.4632354
vt 0.4945198 0.4844117
vt 0.2429542 0.8014705
vt 0.4298017 0.0050001
vt 0.4986952 0.4632354
vt 0.2445198 0.7808823
vt 0.2450417 0.8067648
vt 0.4334552 0.0050001
vt 0.5023487 0.4414706
vt 0.2481733 0.8014705
vt 0.2779228 0.0067646
vt 0.6437891 0.1320587
vt 0.6448329 0.1373531
vt 0.4882569 0.3944118
vt 0.4882569 0.4291176
vt 0.6463988 0.1449999
vt 0.2826201 0.0044118
vt 0.4804279 0.3873528
vt 0.2591335 0.8314706
vt 0.4825157 0.3520588
vt 0.2612213 0.7638234
vt 0.2612213 0.7985295
vt 0.2617432 0.7632352
vt 0.2617432 0.7979413
vt 0.2883611 0.0055882
vt 0.2633089 0.8020590
vt 0.4021398 0.1544119
vt 0.2372129 0.0426953
vt 0.8478601 0.7720588
vt 0.8478601 0.8067646
vt 0.8478601 0.8414706
vt 0.8483820 0.7720588
vt 0.8483820 0.7938236
vt 0.8483820 0.8179412
vt 0.8489039 0.7991177
vt 0.8489039 0.8202940
vt 0.8489039 0.8414706
vt 0.2416836 0.0384485
vt 0.2418522 0.0385265
vt 0.8494258 0.7720588
vt 0.8494258 0.7961764
vt 0.8494258 0.8202940
vt 0.4073590 0.1314706
vt 0.8499479 0.7702942
vt 0.8499479 0.8050000
vt 0.8499479 0.8420588
vt 0.2429204 0.0508824
vt 0.8504698 0.8361766
vt 0.8515136 0.8050000
vt 0.5070459 0.3991177
vt 0.5070459 0.4338235
vt 0.8520355 0.7702942
vt 0.8525574 0.7702942
vt 0.8525574 0.8050000
vt 0.8525574 0.8361766
vt 0.7758350 0.3949999
vt 0.7758350 0.4144117
vt 0.7758350 0.4338234
vt 0.7763569 0.3949999
vt 0.7763569 0.4144117
vt 0.2463303 0.0444525
vt 0.9626828 0.2320587
vt 0.8019312 0.1944118
vt 0.8019312 0.2097059
vt 0.8019312 0.2226471
vt 0.4757308 0.6997060
vt 0.4757308 0.7344117
vt 0.4757308 0.7561766
vt 0.2476909 0.0464632
vt 0.9663360 0.2620589
vt 0.4819937 0.6867647
vt 0.4819937 0.6997060
vt 0.8087160 0.2097059
vt 0.4381523 0.0067646
vt 0.4924323 0.7061765
vt 0.4924323 0.7232354
vt 0.4924323 0.7449999
vt 0.9819937 0.2320587
vt 0.4955636 0.6997060
vt 0.8228081 0.1944118
vt 0.8243737 0.2185294
vt 0.4872129 0.2297059
vt 0.3160230 0.1702942
vt 0.3165449 0.1697058
vt 0.8285491 0.2226471
vt 0.4939979 0.2455882
vt 0.8332463 0.2097059
vt 0.6510960 0.1320588
vt 0.3703170 0.1867682
vt 0.8348120 0.2079413
vt 0.8353341 0.2079413
vt 0.5091337 0.6867647
vt 0.5091337 0.7126469
vt 0.5091337 0.7344117
vt 0.5091337 0.7561766
vt 0.4966076 0.2302941
vt 0.5096556 0.6867647
vt 0.3718736 0.1873530
vt 0.4527662 0.0979412
vt 0.4616388 0.0050000
vt 0.3259394 0.1614707
vt 0.4872129 0.3691176
vt 0.5013049 0.2608822
vt 0.5023487 0.2302941
vt 0.6396138 0.0067646
vt 0.6396341 0.0062829
vt 0.6398917 0.0064828
vt 0.3780999 0.1873530
vt 0.3306367 0.1797060
vt 0.5033924 0.2302941
vt 0.8426408 0.2014705
vt 0.3311586 0.1791175
vt 0.8431627 0.2026472
vt 0.3316805 0.1785293
vt 0.6610126 0.1544118
vt 0.4600732 0.0797059
vt 0.3804159 0.1839339
vt 0.8447287 0.1944118
vt 0.3817358 0.1819853
vt 0.5075678 0.2461764
vt 0.4971293 0.3502941
vt 0.5101775 0.2308823
vt 0.5434572 0.1073230
vt 0.5434578 0.1074023
vt 0.5435058 0.1073230
vt 0.5435955 0.1249126
vt 0.5436097 0.1249144
vt 0.5438737 0.1249448
vt 0.5445435 0.1236969
vt 0.1009917 0.1314705
vt 0.4705115 0.0973530
vt 0.5049582 0.3691176
vt 0.6730166 0.1473528
vt 0.3917996 0.1869181
vt 0.5174845 0.2314705
vt 0.3457725 0.1661766
vt 0.5518075 0.1049839
vt 0.5190501 0.2467646
vt 0.3941845 0.1613301
vt 0.3468163 0.1867647
vt 0.3468163 0.1873529
vt 0.3473382 0.1867647
vt 0.3949149 0.1817311
vt 0.3953437 0.1817228
vt 0.3953870 0.1816594
vt 0.1657099 0.3020590
vt 0.3965193 0.1801385
vt 0.3965193 0.1814874
vt 0.3965193 0.1817002
vt 0.3965193 0.1867682
vt 0.5227036 0.2467646
vt 0.4783403 0.0797059
vt 0.1683194 0.2673529
vt 0.3992526 0.1801847
vt 0.5133089 0.3873529
vt 0.4001513 0.1802179
vt 0.4001513 0.1867682
vt 0.5593310 0.1049839
vt 0.5593310 0.1242816
vt 0.0634071 0.0242963
vt 0.5284446 0.2620589
vt 0.5294884 0.2320587
vt 0.0665449 0.0232352
vt 0.0676088 0.0229688
vt 0.6137540 0.0313645
vt 0.4882567 0.0973530
vt 0.0688937 0.0311769
vt 0.1777139 0.2685293
vt 0.1213467 0.1544117
vt 0.7596556 0.0067646
vt 0.1218686 0.1308823
vt 0.7601775 0.0067646
vt 0.5641507 0.1055659
vt 0.6175520 0.0275014
vt 0.5643695 0.1120052
vt 0.6180985 0.0254342
vt 0.5649495 0.1132983
vt 0.5651257 0.1247501
vt 0.5651324 0.1251877
vt 0.5651516 0.1251870
vt 0.6187369 0.0273531
vt 0.5655822 0.1054794
vt 0.6192461 0.0258226
vt 0.3656055 0.1702942
vt 0.0973382 0.0567646
vt 0.4960855 0.0797059
vt 0.5701993 0.1051576
vt 0.5701993 0.1250035
vt 0.9209291 0.5702941
vt 0.9214510 0.5914707
vt 0.1030794 0.0573528
vt 0.1030794 0.0738235
vt 0.1416480 0.1308823
vt 0.1419464 0.1311945
vt 0.8028364 0.0802737
vt 0.8029207 0.0888060
vt 0.8029929 0.0890220
vt 0.8030595 0.0980621
vt 0.8036461 0.0802534
vt 0.9344990 0.5785294
vt 0.5143528 0.6867648
vt 0.5143528 0.7114706
vt 0.5143528 0.7367646
vt 0.5143528 0.7561763
vt 0.8060125 0.0801990
vt 0.8060125 0.0980621
vt 0.9365866 0.5561764
vt 0.5138308 0.0797059
vt 0.0549356 0.3873529
vt 0.0549394 0.3867540
vt 0.0549416 0.3870802
vt 0.0553676 0.3491176
vt 0.0553922 0.3685294
vt 0.0554085 0.3678708
vt 0.0555846 0.2285295
vt 0.0555846 0.2609105
vt 0.0555846 0.2619505
vt 0.5232254 0.7038234
vt 0.9475470 0.5650000
vt 0.9480689 0.5873530
vt 0.9480689 0.6085293
vt 0.9108090 0.1672781
vt 0.5268789 0.7214706
vt 0.9111505 0.1768056
vt 0.9115292 0.1872886
vt 0.0670669 0.3685294
vt 0.0686326 0.2285295
vt 0.5320980 0.7214706
vt 0.9162961 0.1672781
vt 0.9558977 0.5555882
vt 0.0766611 0.2412355
vt 0.0771422 0.2407846
vt 0.5388831 0.7561763
vt 0.9611169 0.5955884
vt 0.5409709 0.7385295
vt 0.0801149 0.3491176
vt 0.9271921 0.1631846
vt 0.9271921 0.1868683
vt 0.0822025 0.3685294
vt 0.9652922 0.5744117
vt 0.5435803 0.6867648
vt 0.0842903 0.3873529
vt 0.9679019 0.5955884
vt 0.5467119 0.7214706
vt 0.0414926 0.3932352
vt 0.5493216 0.6867648
vt 0.5493216 0.7214706
vt 0.5493216 0.7561763
vt 0.0441023 0.4150000
vt 0.9746867 0.5555882
vt 0.9746867 0.5820589
vt 0.0461899 0.3932352
vt 0.0461899 0.4150000
vt 0.0461899 0.4338235
vt 0.8593425 0.2332354
vt 0.8614300 0.2473530
vt 0.8614300 0.2532353
vt 0.8624738 0.2320590
vt 0.8640397 0.2614706
vt 0.9475470 0.0261764
vt 0.9475470 0.0314705
vt 0.8645616 0.2473530
vt 0.8645616 0.2532353
vt 0.8656054 0.2314705
vt 0.8666492 0.2379412
vt 0.8671711 0.2620588
vt 0.9506786 0.0261764
vt 0.8676932 0.2461766
vt 0.8676932 0.2538235
vt 0.8692589 0.2514707
vt 0.6176931 0.7679411
vt 0.6176931 0.8050000
vt 0.6176931 0.8397058
vt 0.5665449 0.0055882
vt 0.6203028 0.7679411
vt 0.5696765 0.0055882
vt 0.6218685 0.8050000
vt 0.6234342 0.8050000
vt 0.6234342 0.8420588
vt 0.8796972 0.0138236
vt 0.8796972 0.0167646
vt 0.9553757 0.0261766
vt 0.9553757 0.0314706
vt 0.6448329 0.0061766
vt 0.5728078 0.0067646
vt 0.8812631 0.0138236
vt 0.8812631 0.0173531
vt 0.6463988 0.0067648
vt 0.7888830 0.6885295
vt 0.7888830 0.7232353
vt 0.7888830 0.7562734
vt 0.9585073 0.0261766
vt 0.7890080 0.7562792
vt 0.7891358 0.7562606
vt 0.0352295 0.0426471
vt 0.0357517 0.0373530
vt 0.0357517 0.0508825
vt 0.7914927 0.7232353
vt 0.0383611 0.0373530
vt 0.0383611 0.0420589
vt 0.0388830 0.0508825
vt 0.7941022 0.6885295
vt 0.7941022 0.7232353
vt 0.7941022 0.7557809
vt 0.7941022 0.7557812
vt 0.7941022 0.7557946
vt 0.7941022 0.7559215
vt 0.7941022 0.7559348
vt 0.7941022 0.7560013
vt 0.6531836 0.0067648
vt 0.0409708 0.0379412
vt 0.0409708 0.0420589
vt 0.6239562 0.0255884
vt 0.6239562 0.0308824
vt 0.6474426 0.0132352
vt 0.5775051 0.0067646
vt 0.6500523 0.0155883
vt 0.6578811 0.0067648
vt 0.6505742 0.0173529
vt 0.6281315 0.0255884
vt 0.6281315 0.0308824
vt 0.5806367 0.0055882
vt 0.6312631 0.0261766
vt 0.6312631 0.0314706
vt 0.5832464 0.0055882
vt 0.6636221 0.0061766
vt 0.6657097 0.0067648
vt 0.6354385 0.0261766
vt 0.6354385 0.0314706
vt 0.6667537 0.0061766
vt 0.6693632 0.0061766
vt 0.6704072 0.0067648
vt 0.6724948 0.0061766
vt 0.6751045 0.0061766
vt 0.6756264 0.0061766
vt 0.2523486 0.0438234
vt 0.6771920 0.0067648
vt 0.2528705 0.0508824
vt 0.2554802 0.0438234
vt 0.3139353 0.0126471
vt 0.3144572 0.0173530
vt 0.3155010 0.0126471
vt 0.9397180 0.6914705
vt 0.9397180 0.7226470
vt 0.6824112 0.0067648
vt 0.9397462 0.7564156
vt 0.2580899 0.0508824
vt 0.9407621 0.7226470
vt 0.2586118 0.0385294
vt 0.9417613 0.7558696
vt 0.9418509 0.7558569
vt 0.9428496 0.7226470
vt 0.9433715 0.6897059
vt 0.6401358 0.0279410
vt 0.6411796 0.0308823
vt 0.6891962 0.0067648
vt 0.6521398 0.0255884
vt 0.6521398 0.0314706
vt 0.6443112 0.0255883
vt 0.6453550 0.0255883
vt 0.6552713 0.0255884
vt 0.6938935 0.0067648
vt 0.6474425 0.0314705
vt 0.7006785 0.0067648
vt 0.7053758 0.0067648
vt 0.7064196 0.0061766
vt 0.5639354 0.0314705
vt 0.9632045 0.0261766
vt 0.9632045 0.0314707
vt 0.4663361 0.0049999
vt 0.4663361 0.0061766
vt 0.4663361 0.0067648
vt 0.5686326 0.0250000
vt 0.9663361 0.0261766
vt 0.4710333 0.0049999
vt 0.9710333 0.0261766
vt 0.9710333 0.0314706
vt 0.5748955 0.0250000
vt 0.4788622 0.0049999
vt 0.9752087 0.0261766
vt 0.9752087 0.0314706
vt 0.4835594 0.0049999
vt 0.4840813 0.0067648
vt 0.4846035 0.0055881
vt 0.6599688 0.0261765
vt 0.6599688 0.0314706
vt 0.6641441 0.0261765
vt 0.6641441 0.0314706
vt 0.6646660 0.0255883
vt 0.6646660 0.0308824
vt 0.4913883 0.0049999
vt 0.6688414 0.0255883
vt 0.6688414 0.0308824
vt 0.4960855 0.0049999
vt 0.4971296 0.0061766
vt 0.5023487 0.0055881
vt 0.5023487 0.0061766
vt 0.3337683 0.6161765
vt 0.3337683 0.6450000
vt 0.3337683 0.6697058
vt 0.8859603 0.0155882
vt 0.8864822 0.0173528
vt 0.3353339 0.6450000
vt 0.3353339 0.6797058
vt 0.8870041 0.0173528
vt 0.3363780 0.6697058
vt 0.3374218 0.6450000
vt 0.8890919 0.0144118
vt 0.3379436 0.6161765
vt 0.3379436 0.6202942
vt 0.8896138 0.0161764
vt 0.3389874 0.6450000
vt 0.8906576 0.0138236
vt 0.9799060 0.0261765
vt 0.9799060 0.0314706
vt 0.3395093 0.6202942
vt 0.3395093 0.6450000
vt 0.3395093 0.6797058
vt 0.7492172 0.7691178
vt 0.7492172 0.8038235
vt 0.7492172 0.8385293
vt 0.7497391 0.7691178
vt 0.7497391 0.8038235
vt 0.8927454 0.0138236
vt 0.8927454 0.0155882
vt 0.8932673 0.0138236
vt 0.7502910 0.7713178
vt 0.7502914 0.7713427
vt 0.7507829 0.8073530
vt 0.7507829 0.8420588
vt 0.9830376 0.0261765
vt 0.9830376 0.0314706
vt 0.0816805 0.2285293
vt 0.0816805 0.2621044
vt 0.0817495 0.2620891
vt 0.7533926 0.8073530
vt 0.9877349 0.0261764
vt 0.9877349 0.0314705
vt 0.0837684 0.2285293
vt 0.7544364 0.8420588
vt 0.0852589 0.2615709
vt 0.7554802 0.8073530
vt 0.0853591 0.2615677
vt 0.0858559 0.2285293
vt 0.5540187 0.6867648
vt 0.5540187 0.7214706
vt 0.5540187 0.7561763
vt 0.7567759 0.7707655
vt 0.7568885 0.7707647
vt 0.7569783 0.7707658
vt 0.9908663 0.0261764
vt 0.9908663 0.0314705
vt 0.5545406 0.6867648
vt 0.5545406 0.7214706
vt 0.5545406 0.7561763
vt 0.0023487 0.0120587
vt 0.0023487 0.0173528
vt 0.0889875 0.3491177
vt 0.0910751 0.3873529
vt 0.0065241 0.0120587
vt 0.0065241 0.0173528
vt 0.0931629 0.3491177
vt 0.0931629 0.3873529
vt 0.1824113 0.2673531
vt 0.1829331 0.3020588
vt 0.0112213 0.0120587
vt 0.0112213 0.0173531
vt 0.0153966 0.0120587
vt 0.0153966 0.0173531
vt 0.0200939 0.0120590
vt 0.0200939 0.0173530
vt 0.0320980 0.0120590
vt 0.0320980 0.0173530
vt 0.0242692 0.0120590
vt 0.0242692 0.0173530
vt 0.0352296 0.0120590
vt 0.0352296 0.0173530
vt 0.0274008 0.0120590
vt 0.0274008 0.0173530
vt 0.5341858 0.2544118
vt 0.5347076 0.2302942
vt 0.5347076 0.2367647
vt 0.5347076 0.2414706
vt 0.5347076 0.2491177
vt 0.5347076 0.2620587
vt 0.5373173 0.2367647
vt 0.5373173 0.2414706
vt 0.5373173 0.2538236
vt 0.5399270 0.2297060
vt 0.5399270 0.2538236
vt 0.5404489 0.2614705
vt 0.8494260 0.2079410
vt 0.1876306 0.2673529
vt 0.1876306 0.3020587
vt 0.8081943 0.6326469
vt 0.7810544 0.3991176
vt 0.8483822 0.3949999
vt 0.8483822 0.4144117
vt 0.8483822 0.4338234
vt 0.1881525 0.2673529
vt 0.1881525 0.3020587
vt 0.7815763 0.4144117
vt 0.8489041 0.3949999
vt 0.8489041 0.4144117
vt 0.8494259 0.4003179
vt 0.8494259 0.4003233
vt 0.8494259 0.4003365
vt 0.8494259 0.4338234
vt 0.7826201 0.3949999
vt 0.7826201 0.3967648
vt 0.7829937 0.4323094
vt 0.7830972 0.4331770
vt 0.7831631 0.4338031
vt 0.7831748 0.4337823
vt 0.8118475 0.6649999
vt 0.8118475 0.6797058
vt 0.1923278 0.3020587
vt 0.8128915 0.6649999
vt 0.1938935 0.2673529
vt 0.8144572 0.6502941
vt 0.1949373 0.3020587
vt 0.0399268 0.0120588
vt 0.0399268 0.0173528
vt 0.8160228 0.6502941
vt 0.0430584 0.0120588
vt 0.8196763 0.6502941
vt 0.7925365 0.4161766
vt 0.8201982 0.6485295
vt 0.8206644 0.6199101
vt 0.8207204 0.6644117
vt 0.3739563 0.0067647
vt 0.3744782 0.0044116
vt 0.8629959 0.2226472
vt 0.8217641 0.6332354
vt 0.8640396 0.1944119
vt 0.8228079 0.6332354
vt 0.3765657 0.0044116
vt 0.8236697 0.6196645
vt 0.8241675 0.6196920
vt 0.8656053 0.2032352
vt 0.2058977 0.3020587
vt 0.0738518 0.0314705
vt 0.8271083 0.6207252
vt 0.8273695 0.6206157
vt 0.8276781 0.6206039
vt 0.8008872 0.3985294
vt 0.3812630 0.0044119
vt 0.8287077 0.6205131
vt 0.8288663 0.6205121
vt 0.8291143 0.6204228
vt 0.8024531 0.3985294
vt 0.3832433 0.0068669
vt 0.8301149 0.6485295
vt 0.3836831 0.0063870
vt 0.0780018 0.0260138
vt 0.8316805 0.6485295
vt 0.8316805 0.6797058
vt 0.3859602 0.0044119
vt 0.3859939 0.0044517
vt 0.5070460 0.0050000
vt 0.5070460 0.0067646
vt 0.0803244 0.0232354
vt 0.0805023 0.0232354
vt 0.8342902 0.6485295
vt 0.5080898 0.0050000
vt 0.5080898 0.0067646
vt 0.8348121 0.6797058
vt 0.1406576 0.0379411
vt 0.0816806 0.0232354
vt 0.2147703 0.2673529
vt 0.8097598 0.3979412
vt 0.8102820 0.4155884
vt 0.0759395 0.3079412
vt 0.8382264 0.6185847
vt 0.8796973 0.2032352
vt 0.8796973 0.2173528
vt 0.8389875 0.6797058
vt 0.8118476 0.3973530
vt 0.8395094 0.6485295
vt 0.8123695 0.3949999
vt 0.8123695 0.3961763
vt 0.8123695 0.3967648
vt 0.0775052 0.3079412
vt 0.0775052 0.3438236
vt 0.8572547 0.0508822
vt 0.8128914 0.4326470
vt 0.8128914 0.4332352
vt 0.8577766 0.0414705
vt 0.8593425 0.0414705
vt 0.1490084 0.0379411
vt 0.1490084 0.0508824
vt 0.1495303 0.0385293
vt 0.1495303 0.0438234
vt 0.8948330 0.9138236
vt 0.8948330 0.9920587
vt 0.8949900 0.9863845
vt 0.8957198 0.9965565
vt 0.8958767 0.9908823
vt 0.8963457 0.9861249
vt 0.8963986 0.9626470
vt 0.8963986 0.9920587
vt 0.8974427 0.9626470
vt 0.1526618 0.0385293
vt 0.8979646 0.9973528
vt 0.8201983 0.3979412
vt 0.8984864 0.9102941
vt 0.8984864 0.9449999
vt 0.8984864 0.9797060
vt 0.5127871 0.0050001
vt 0.5127871 0.0067647
vt 0.2272964 0.3020587
vt 0.8990083 0.9102941
vt 0.8990083 0.9449999
vt 0.8541231 0.3955883
vt 0.8541231 0.4285295
vt 0.8556891 0.3955883
vt 0.2299061 0.3020587
vt 0.5159187 0.0050001
vt 0.8492184 0.5930298
vt 0.8498302 0.5932022
vt 0.8498592 0.5932103
vt 0.8498921 0.5931423
vt 0.8498993 0.5932217
vt 0.5169624 0.0050001
vt 0.5174843 0.0050001
vt 0.8582985 0.3950001
vt 0.8582985 0.4144118
vt 0.8582985 0.4338235
vt 0.8264613 0.4238234
vt 0.5190500 0.0050001
vt 0.8953550 0.2120587
vt 0.8532089 0.5759419
vt 0.8609082 0.4144118
vt 0.8969207 0.1991178
vt 0.6777140 0.1538236
vt 0.5216597 0.0067647
vt 0.2361691 0.2673529
vt 0.2361691 0.2961764
vt 0.8556550 0.5628839
vt 0.8629957 0.3961765
vt 0.8629957 0.4144118
vt 0.8629957 0.4332354
vt 0.8565028 0.5579422
vt 0.8566135 0.5581125
vt 0.8570748 0.5560115
vt 0.8572841 0.5552251
vt 0.6813674 0.1450000
vt 0.4047496 0.1614706
vt 0.4047496 0.1873528
vt 0.3776097 0.0644119
vt 0.8624739 0.5991175
vt 0.1463987 0.1308824
vt 0.1463987 0.1461765
vt 0.4068371 0.1614706
vt 0.1469206 0.1367647
vt 0.1469206 0.1408824
vt 0.8384655 0.3973530
vt 0.1474425 0.1361765
vt 0.8645615 0.5779412
vt 0.8645615 0.5991175
vt 0.1479646 0.1491177
vt 0.8661274 0.5861766
vt 0.0477558 0.0120588
vt 0.3828288 0.0573529
vt 0.1500522 0.1461765
vt 0.8676931 0.5861766
vt 0.1510959 0.1408824
vt 0.8426408 0.3949999
vt 0.8426408 0.3967648
vt 0.1510959 0.1491177
vt 0.1510959 0.1544118
vt 0.6824112 0.9085294
vt 0.6824112 0.9408823
vt 0.8431627 0.4279411
vt 0.8431627 0.4314706
vt 0.8431627 0.4320588
vt 0.8436849 0.4261765
vt 0.8692590 0.5902942
vt 0.6834552 0.9414705
vt 0.6834552 0.9479413
vt 0.0508873 0.0120588
vt 0.0508873 0.0173529
vt 0.6839771 0.9467646
vt 0.6839771 0.9967647
vt 0.6938935 0.1502941
vt 0.6844990 0.9620590
vt 0.6850209 0.9497059
vt 0.3875260 0.0573529
vt 0.3875260 0.0738237
vt 0.6855427 0.9620590
vt 0.6855427 0.9967647
vt 0.6554207 0.0174703
vt 0.6561931 0.0155382
vt 0.6561972 0.0140088
vt 0.6871087 0.9414705
vt 0.6573592 0.0144117
vt 0.6876306 0.9732353
vt 0.6574356 0.0129468
vt 0.1599687 0.6085293
vt 0.8750000 0.6002942
vt 0.9819937 0.0508823
vt 0.9825156 0.0420588
vt 0.6902400 0.9973529
vt 0.8770876 0.6002942
vt 0.7027662 0.1320588
vt 0.7029962 0.1542168
vt 0.8807410 0.5708822
vt 0.8807410 0.5714707
vt 0.4449375 0.5638235
vt 0.1683195 0.5479413
vt 0.1683195 0.5620590
vt 0.1683195 0.5855884
vt 0.1683195 0.6085293
vt 0.8828289 0.5602941
vt 0.4459812 0.5979411
vt 0.4459812 0.6073529
vt 0.4461524 0.6004779
vt 0.4463123 0.6011986
vt 0.4464443 0.6017936
vt 0.4465031 0.5961765
vt 0.6975470 0.9085294
vt 0.6975470 0.9450000
vt 0.8838726 0.5561764
vt 0.4470250 0.5961765
vt 0.4470250 0.6044119
vt 0.4470250 0.6085293
vt 0.7093840 0.1513639
vt 0.4496347 0.5773530
vt 0.7006785 0.9450000
vt 0.4496659 0.5953727
vt 0.8901358 0.6067647
vt 0.4543320 0.5820589
vt 0.4543320 0.6085293
vt 0.8927453 0.5938234
vt 0.8943112 0.6073529
vt 0.4579854 0.5855884
vt 0.4585073 0.5661763
vt 0.8963987 0.5738235
vt 0.7112591 0.0066630
vt 0.7119803 0.0064597
vt 0.7120809 0.0064273
vt 0.7121425 0.0064571
vt 0.7121607 0.0067646
vt 0.4600730 0.5855884
vt 0.7123009 0.0065187
vt 0.7123707 0.0066151
vt 0.7125452 0.0067646
vt 0.7132046 0.9408823
vt 0.4626827 0.5732353
vt 0.4637265 0.5644117
vt 0.7158141 0.9461764
vt 0.7163362 0.9497059
vt 0.7168581 0.9555882
vt 0.4663362 0.5661763
vt 0.4663362 0.5849999
vt 0.7173800 0.9420587
vt 0.4668581 0.5855884
vt 0.9047495 0.6085293
vt 0.4679018 0.5679412
vt 0.4679018 0.5855884
vt 0.7194676 0.9785294
vt 0.7205116 0.9085294
vt 0.7205116 0.9250001
vt 0.4699896 0.6032352
vt 0.7210335 0.9902942
vt 0.9094467 0.5867648
vt 0.9094467 0.5873530
vt 0.4725991 0.5673530
vt 0.6735385 0.0314706
vt 0.7252089 0.9955883
vt 0.6751044 0.0255884
vt 0.7262526 0.9902942
vt 0.4757307 0.5820589
vt 0.9136221 0.5667648
vt 0.9141440 0.6032352
vt 0.9141440 0.6085293
vt 0.4772963 0.5861766
vt 0.4778185 0.5820589
vt 0.6782360 0.0255884
vt 0.6782360 0.0308824
vt 0.6787579 0.0255884
vt 0.6787579 0.0308824
vt 0.7293842 0.9902942
vt 0.7293842 0.9955883
vt 0.9157099 0.5573531
vt 0.9157099 0.6032352
vt 0.9162318 0.5897058
vt 0.9162318 0.6085293
vt 0.7319937 0.9555882
vt 0.6818892 0.0255884
vt 0.7325155 0.9250001
vt 0.6834552 0.0314706
vt 0.6839771 0.0255884
vt 0.6839771 0.0308824
vt 0.4862440 0.6066099
vt 0.6871086 0.0255884
vt 0.6886743 0.0314706
vt 0.4883055 0.5899319
vt 0.6891962 0.0314706
vt 0.4888557 0.5861766
vt 0.4894242 0.5788194
vt 0.3442066 0.6161765
vt 0.6907621 0.0255884
vt 0.3447287 0.6473531
vt 0.4204072 0.6167648
vt 0.4204072 0.6514706
vt 0.4204072 0.6520588
vt 0.3452506 0.6473531
vt 0.4209291 0.6167648
vt 0.3457725 0.6785294
vt 0.3468163 0.6473531
vt 0.3468163 0.6785294
vt 0.7439979 0.9085294
vt 0.7439979 0.9408823
vt 0.6938934 0.0255884
vt 0.6938934 0.0308824
vt 0.7460857 0.9408823
vt 0.7460857 0.9414705
vt 0.7466076 0.9061766
vt 0.7471295 0.9491177
vt 0.3504697 0.6473531
vt 0.3504697 0.6797058
vt 0.4966075 0.5532354
vt 0.7476513 0.9061766
vt 0.3509916 0.6161765
vt 0.3509916 0.6473531
vt 0.3509916 0.6797058
vt 0.4971294 0.6044119
vt 0.7481732 0.9408823
vt 0.7481732 0.9608823
vt 0.4976513 0.5697058
vt 0.4282360 0.6338234
vt 0.4287579 0.6208825
vt 0.4287579 0.6514706
vt 0.4992172 0.5697058
vt 0.5185282 0.0797060
vt 0.5185282 0.0979410
vt 0.7507829 0.9844117
vt 0.4295801 0.6797850
vt 0.4298017 0.6208825
vt 0.7513048 0.9461764
vt 0.7513048 0.9808825
vt 0.4303236 0.6208825
vt 0.4303236 0.6514706
vt 0.7518267 0.9114706
vt 0.7518267 0.9461764
vt 0.7518267 0.9808825
vt 0.4308455 0.6208825
vt 0.4308455 0.6514706
vt 0.5013048 0.6044119
vt 0.7523486 0.9114706
vt 0.7523486 0.9461764
vt 0.7523486 0.9808825
vt 0.4313673 0.6208825
vt 0.7528705 0.9114706
vt 0.7528705 0.9461764
vt 0.4318892 0.6208825
vt 0.4318892 0.6514706
vt 0.4318892 0.6520588
vt 0.4318892 0.6798313
vt 0.1077767 0.0726470
vt 0.5853341 0.4944117
vt 0.5853341 0.5185293
vt 0.5853341 0.5426469
vt 0.0608039 0.4991176
vt 0.0722861 0.6361766
vt 0.0722861 0.6414706
vt 0.0722861 0.6432352
vt 0.0023488 0.7561764
vt 0.0725122 0.6479072
vt 0.1082986 0.0567647
vt 0.0028706 0.7208824
vt 0.0738518 0.6432352
vt 0.0738518 0.6489005
vt 0.0739067 0.6172988
vt 0.0743737 0.6691177
vt 0.0044363 0.6849999
vt 0.0634133 0.5091176
vt 0.0754175 0.6361766
vt 0.0758432 0.6492753
vt 0.0762140 0.6490312
vt 0.0649792 0.5155883
vt 0.0764615 0.6414706
vt 0.0764615 0.6755882
vt 0.0785490 0.6444116
vt 0.0675887 0.5273529
vt 0.0790709 0.6691177
vt 0.0686325 0.5308824
vt 0.5947287 0.5185293
vt 0.0816806 0.6779413
vt 0.0831327 0.6176419
vt 0.0717640 0.5426469
vt 0.0842901 0.6175808
vt 0.0842901 0.6444116
vt 0.0842901 0.6791177
vt 0.0143527 0.7214706
vt 0.0853341 0.6150779
vt 0.0853341 0.6151458
vt 0.0853341 0.6438234
vt 0.0853341 0.6797059
vt 0.0159186 0.6897058
vt 0.4475469 0.3085295
vt 0.4475469 0.3438235
vt 0.4480688 0.3085295
vt 0.1250001 0.0732352
vt 0.0901004 0.6153194
vt 0.0905533 0.6620588
vt 0.6041232 0.5420587
vt 0.4522442 0.3085295
vt 0.1286536 0.0579411
vt 0.0816807 0.5208824
vt 0.4548539 0.3085295
vt 0.1813674 0.7561763
vt 0.0842901 0.5308824
vt 0.4564195 0.3438235
vt 0.0962943 0.6797059
vt 0.1855428 0.7214706
vt 0.1865866 0.7214706
vt 0.1015137 0.6273530
vt 0.0905533 0.4902940
vt 0.1030793 0.6626470
vt 0.1030793 0.6797059
vt 0.1891963 0.6902940
vt 0.1041231 0.6255881
vt 0.1041231 0.6314707
vt 0.1046450 0.6626470
vt 0.0936846 0.5032353
vt 0.1912838 0.6902940
vt 0.1918060 0.7214706
vt 0.4663362 0.3085295
vt 0.7262527 0.4967646
vt 0.7262527 0.5226471
vt 0.1923278 0.7561763
vt 0.7267022 0.5424053
vt 0.5748957 0.1079411
vt 0.1422234 0.0738237
vt 0.5795930 0.0261765
vt 0.5795930 0.0314706
vt 0.1928497 0.6867648
vt 0.1928497 0.7214706
vt 0.1928497 0.7538235
vt 0.1427453 0.0579411
vt 0.1072547 0.6308825
vt 0.1072547 0.6367648
vt 0.1072547 0.6450001
vt 0.1077766 0.6255881
vt 0.1077766 0.6314707
vt 0.7286669 0.5421430
vt 0.1959813 0.7214706
vt 0.0989041 0.5261765
vt 0.5832464 0.0261765
vt 0.5832464 0.0314706
vt 0.1975470 0.6867648
vt 0.1980689 0.6867648
vt 0.1009916 0.5338237
vt 0.1985908 0.7214706
vt 0.5861353 0.0299195
vt 0.7335594 0.5332352
vt 0.1996345 0.7561763
vt 0.5864074 0.0293614
vt 0.1139838 0.6146159
vt 0.5868999 0.0314706
vt 0.5832464 0.1050001
vt 0.5907040 0.0252342
vt 0.4783404 0.3432353
vt 0.7383449 0.5417108
vt 0.9527663 0.7250000
vt 0.9531365 0.7563671
vt 0.9532882 0.6902942
vt 0.7398226 0.4961764
vt 0.5884655 0.1250000
vt 0.7403445 0.5091176
vt 0.7403445 0.5208825
vt 0.0555845 0.0173530
vt 0.2064196 0.7214706
vt 0.7407748 0.5417405
vt 0.0561064 0.0120589
vt 0.7431638 0.5417945
vt 0.4835595 0.3432353
vt 0.0592380 0.0120589
vt 0.0592380 0.0173530
vt 0.9585073 0.7250000
vt 0.9605951 0.6902942
vt 0.7471295 0.5085294
vt 0.1474427 0.0567648
vt 0.4877349 0.3085295
vt 0.7476514 0.5332352
vt 0.9616389 0.7250000
vt 0.1484864 0.0679411
vt 0.9621608 0.7250000
vt 0.9622235 0.7558891
vt 0.9625665 0.7558448
vt 0.9626240 0.7558053
vt 0.1490083 0.0738234
vt 0.3556889 0.6402942
vt 0.2152922 0.7561763
vt 0.4903444 0.3085295
vt 0.4903444 0.3232354
vt 0.2179019 0.7032352
vt 0.7520841 0.5416902
vt 0.7533924 0.4961764
vt 0.2633089 0.0402940
vt 0.7544362 0.5208825
vt 0.7544362 0.5416157
vt 0.7544362 0.5417699
vt 0.7544362 0.5418023
vt 0.7545304 0.5416157
vt 0.7545304 0.5416146
vt 0.7545307 0.5415985
vt 0.7545308 0.5415949
vt 0.7549584 0.5208825
vt 0.3619521 0.6532352
vt 0.3619521 0.6797059
vt 0.0639353 0.0120588
vt 0.0639353 0.0173529
vt 0.2220773 0.7214706
vt 0.2659186 0.0508825
vt 0.2231211 0.7385295
vt 0.3656055 0.6791177
vt 0.0670669 0.0120588
vt 0.3661274 0.6279412
vt 0.0675888 0.0173529
vt 0.2288621 0.6861766
vt 0.3703028 0.6526470
vt 0.2299061 0.6867648
vt 0.3713466 0.6467647
vt 0.2314718 0.7214706
vt 0.2319937 0.7214706
vt 0.2909709 0.0385293
vt 0.2335596 0.7214706
vt 0.2335596 0.7561763
vt 0.2920147 0.0438237
vt 0.2930584 0.0444119
vt 0.3770876 0.6161766
vt 0.3776095 0.6161766
vt 0.2951463 0.0385293
vt 0.2956681 0.0508823
vt 0.2382569 0.7214706
vt 0.2382569 0.7555881
vt 0.2387788 0.6867648
vt 0.2393006 0.6867648
vt 0.0707202 0.1761764
vt 0.1895555 0.6795672
vt 0.2977557 0.0444119
vt 0.2403444 0.7214706
vt 0.1900915 0.6795400
vt 0.1902710 0.6796485
vt 0.1907619 0.6179410
vt 0.1907619 0.6232354
vt 0.1907619 0.6238236
vt 0.1907619 0.6661766
vt 0.2413882 0.7561763
vt 0.3823070 0.6338234
vt 0.3823070 0.6773531
vt 0.1912840 0.6291177
vt 0.1918059 0.6314705
vt 0.1920269 0.6796400
vt 0.2862735 0.0385294
vt 0.2862735 0.0408822
vt 0.1923278 0.6491176
vt 0.1923278 0.6661766
vt 0.1928497 0.6491176
vt 0.1787578 0.0591176
vt 0.1944154 0.6179410
vt 0.1944154 0.6232354
vt 0.1944154 0.6238236
vt 0.3859602 0.6420588
vt 0.1182149 0.4402489
vt 0.1182149 0.4538237
vt 0.1798016 0.0714706
vt 0.3864824 0.6420588
vt 0.1187371 0.4791177
vt 0.0770865 0.1875995
vt 0.3875261 0.6420588
vt 0.1208246 0.4791177
vt 0.1975470 0.6491176
vt 0.0795929 0.1602942
vt 0.2486951 0.7044116
vt 0.0822024 0.3432353
vt 0.3896137 0.6597059
vt 0.2492170 0.7214706
vt 0.0827243 0.3079413
vt 0.2001567 0.6491176
vt 0.2012004 0.6150001
vt 0.2017223 0.6320587
vt 0.2017223 0.6497058
vt 0.0863778 0.3079413
vt 0.2032880 0.6655884
vt 0.1274813 0.4404838
vt 0.2043320 0.6320587
vt 0.3958769 0.6420588
vt 0.0889875 0.3432353
vt 0.1291753 0.4791177
vt 0.3974425 0.6420588
vt 0.3979644 0.6397060
vt 0.2575678 0.6867648
vt 0.2074633 0.6320587
vt 0.3990085 0.6402942
vt 0.3990085 0.6755882
vt 0.3995304 0.6420588
vt 0.2596556 0.7561763
vt 0.0942066 0.3432353
vt 0.4016179 0.6755882
vt 0.1349164 0.4444119
vt 0.2116387 0.6155883
vt 0.4037057 0.6414706
vt 0.2137431 0.6795539
vt 0.0978601 0.3261763
vt 0.4057933 0.6750000
vt 0.2147703 0.6155883
vt 0.0989039 0.3261763
vt 0.2152922 0.6155883
vt 0.2158141 0.6155883
vt 0.2680063 0.7214706
vt 0.2175116 0.6797410
vt 0.2175137 0.6796648
vt 0.1409251 0.4412374
vt 0.1015136 0.3261763
vt 0.2184238 0.6473530
vt 0.2189457 0.6155883
vt 0.1056890 0.3438235
vt 0.1453549 0.4702941
vt 0.1458768 0.4702941
vt 0.1067327 0.3085295
vt 0.1469206 0.4702941
vt 0.1088205 0.3261763
vt 0.7987997 0.7561766
vt 0.2758352 0.7044116
vt 0.1093424 0.3085295
vt 0.7993216 0.6885294
vt 0.7998434 0.7226469
vt 0.1498676 0.4714705
vt 0.8003653 0.7561766
vt 0.1504642 0.4419810
vt 0.8008872 0.6885294
vt 0.8008872 0.7226469
vt 0.1508570 0.4421509
vt 0.1509566 0.4421460
vt 0.2784446 0.7561763
vt 0.9673800 0.7208825
vt 0.1531080 0.4420087
vt 0.9679019 0.7038235
vt 0.9679019 0.7208825
vt 0.9679019 0.7385293
vt 0.1532952 0.4420352
vt 0.2810543 0.7214706
vt 0.9694676 0.7038235
vt 0.1548483 0.4421620
vt 0.1551505 0.4422560
vt 0.1552713 0.4702941
vt 0.1555834 0.4425047
vt 0.1559942 0.4424550
vt 0.7648747 0.0066346
vt 0.2836640 0.6867648
vt 0.2836640 0.7214706
vt 0.2836640 0.7561763
vt 0.9710702 0.6908790
vt 0.1568372 0.4702941
vt 0.2841859 0.7232352
vt 0.2841859 0.7561763
vt 0.1570142 0.4844046
vt 0.2852297 0.7232352
vt 0.7667952 0.0066346
vt 0.2857515 0.6902940
vt 0.2857515 0.7232352
vt 0.2857515 0.7555881
vt 0.7672240 0.0066346
vt 0.1589248 0.4702941
vt 0.9745646 0.6910137
vt 0.9749894 0.6909322
vt 0.9755962 0.6910441
vt 0.9866911 0.2320588
vt 0.9866911 0.2620590
vt 0.9762031 0.6905264
vt 0.9872130 0.2320588
vt 0.9762890 0.6904235
vt 0.9877349 0.2320588
vt 0.1229123 0.3438235
vt 0.9882568 0.2320588
vt 0.9882568 0.2620590
vt 0.1625783 0.4714705
vt 0.2408664 0.2673529
vt 0.2408664 0.3020587
vt 0.9774075 0.6904564
vt 0.1630945 0.4425670
vt 0.9887787 0.2320588
vt 0.2413883 0.2673529
vt 0.9778770 0.6906651
vt 0.1239561 0.3091177
vt 0.1636220 0.4702941
vt 0.9783402 0.7214707
vt 0.2419101 0.3020587
vt 0.1640397 0.4425180
vt 0.1244780 0.3091177
vt 0.9898224 0.2320588
vt 0.9898224 0.2620590
vt 0.9788621 0.7561765
vt 0.9288719 0.1398346
vt 0.9291850 0.1326103
vt 0.9291863 0.1523239
vt 0.9303676 0.1326103
vt 0.9303676 0.1533699
vt 0.9345839 0.1421232
vt 0.9352862 0.1326103
vt 0.9360289 0.1545663
vt 0.2267745 0.2003068
vt 0.5451461 0.2304093
vt 0.5451461 0.2339180
vt 0.5451461 0.2380114
vt 0.5451461 0.2619875
vt 0.5180062 0.3502193
vt 0.5180062 0.3873530
vt 0.2272933 0.2003068
vt 0.2272933 0.2225285
vt 0.5190440 0.3601606
vt 0.5190440 0.3855986
vt 0.5195628 0.3502193
vt 0.5200816 0.3502193
vt 0.5206006 0.3873530
vt 0.5216382 0.3502193
vt 0.5221572 0.3502193
vt 0.5231948 0.3873530
vt 0.5237137 0.3502193
vt 0.5242326 0.3502193
vt 0.5247514 0.3873530
vt 0.5257891 0.3502193
vt 0.2350762 0.1932894
vt 0.5263079 0.3502193
vt 0.5263079 0.3873530
vt 0.2355952 0.2003068
vt 0.5278645 0.3502193
vt 0.5283833 0.3502193
vt 0.5289023 0.3873530
vt 0.5299399 0.3502193
vt 0.5304589 0.3502193
vt 0.2397459 0.1932894
vt 0.5314965 0.3873530
vt 0.5320154 0.3502193
vt 0.5325342 0.3502193
vt 0.5601929 0.2298245
vt 0.5601929 0.2374267
vt 0.5335720 0.3873530
vt 0.5340908 0.3502193
vt 0.5346096 0.3502193
vt 0.5351286 0.3873530
vt 0.5361662 0.3502193
vt 0.2454534 0.2073242
vt 0.5366852 0.3502193
vt 0.5366852 0.3873530
vt 0.0841737 0.1601721
vt 0.5648627 0.2298245
vt 0.5648627 0.2619875
vt 0.5377228 0.3502193
vt 0.5377228 0.3873530
vt 0.8853188 0.0708282
vt 0.5382416 0.3502193
vt 0.2480476 0.2049850
vt 0.5392794 0.3502193
vt 0.5392794 0.3873530
vt 0.2485664 0.2114177
vt 0.2485664 0.2225285
vt 0.5397982 0.3502193
vt 0.5397982 0.3873530
vt 0.2493447 0.2055699
vt 0.2493447 0.2225285
vt 0.5410954 0.3502193
vt 0.0880652 0.1873644
vt 0.8886915 0.0673195
vt 0.5416142 0.3502193
vt 0.2514203 0.2055699
vt 0.5426520 0.3502193
vt 0.5426520 0.3873530
vt 0.5431708 0.3502193
vt 0.5436896 0.3873530
vt 0.5442086 0.3502193
vt 0.5447274 0.3502193
vt 0.5447274 0.3873530
vt 0.2540145 0.2225285
vt 0.2545334 0.2055699
vt 0.5457651 0.3502193
vt 0.9408560 0.1326770
vt 0.9408560 0.1402791
vt 0.5462840 0.3502193
vt 0.0932537 0.1601721
vt 0.5473217 0.3502193
vt 0.5473217 0.3873530
vt 0.8949178 0.0597173
vt 0.5478405 0.3502193
vt 0.8954366 0.0614717
vt 0.5483593 0.3873530
vt 0.5488783 0.3502193
vt 0.5493971 0.3873530
vt 0.9444879 0.1467118
vt 0.5499159 0.3502193
vt 0.5232949 0.0850737
vt 0.0968857 0.1856101
vt 0.5504347 0.3502193
vt 0.5509537 0.3502193
vt 0.5509537 0.3873530
vt 0.9460445 0.1326770
vt 0.9460445 0.1402791
vt 0.8985497 0.0597173
vt 0.5514725 0.3502193
vt 0.5519913 0.3873530
vt 0.5525103 0.3502193
vt 0.5530291 0.3502193
vt 0.5535479 0.3873530
vt 0.9486389 0.1467118
vt 0.5269270 0.0798107
vt 0.5540668 0.3502193
vt 0.5540668 0.3873530
vt 0.5551045 0.3502193
vt 0.5556234 0.3502193
vt 0.5566610 0.3502193
vt 0.5566610 0.3873530
vt 0.5571800 0.3502193
vt 0.5305589 0.0967693
vt 0.5582176 0.3502193
vt 0.5582176 0.3873530
vt 0.5587366 0.3502193
vt 0.5587366 0.3873530
vt 0.9068514 0.0737522
vt 0.5597742 0.3502193
vt 0.5602930 0.3502193
vt 0.5602930 0.3873530
vt 0.5613308 0.3502193
vt 0.5618496 0.3502193
vt 0.9574594 0.1508052
vt 0.9574594 0.1543139
vt 0.5628873 0.3502193
vt 0.5628873 0.3873530
vt 0.5331348 0.6766933
vt 0.5634062 0.3502193
vt 0.5644439 0.3502193
vt 0.5644439 0.3873530
vt 0.5649627 0.3502193
vt 0.5649627 0.3873530
vt 0.5352103 0.6249401
vt 0.5352103 0.6503782
vt 0.5383418 0.0979389
vt 0.9605725 0.1449574
vt 0.5660005 0.3502193
vt 0.7142229 0.1321336
vt 0.7142229 0.1543554
vt 0.9135966 0.0661500
vt 0.5665193 0.3502193
vt 0.5675571 0.3502193
vt 0.5675571 0.3873530
vt 0.5680759 0.3502193
vt 0.5680759 0.3873530
vt 0.5691137 0.3502193
vt 0.5696325 0.3502193
vt 0.5706702 0.3502193
vt 0.5706702 0.3873530
vt 0.5711890 0.3502193
vt 0.5711890 0.3873530
vt 0.5722268 0.3502193
vt 0.5727456 0.3502193
vt 0.5727456 0.3873530
vt 0.5461246 0.0874128
vt 0.5732644 0.3502193
vt 0.5732644 0.3873530
vt 0.5737834 0.3502193
vt 0.5737834 0.3873530
vt 0.5440308 0.6404368
vt 0.5743022 0.3502193
vt 0.5476811 0.0874128
vt 0.5748210 0.3502193
vt 0.5753400 0.3502193
vt 0.5753400 0.3873530
vt 0.5455874 0.6556413
vt 0.5758588 0.3502193
vt 0.5763776 0.3502193
vt 0.5763776 0.3873530
vt 0.5768965 0.3502193
vt 0.5768965 0.3873530
vt 0.5774153 0.3502193
vt 0.5774153 0.3873530
vt 0.5779342 0.3508041
vt 0.5784531 0.3873530
vt 0.7277132 0.1321336
vt 0.7277132 0.1543554
vt 0.7282321 0.1543554
vt 0.7287509 0.1350576
vt 0.5518137 0.6249401
vt 0.5523325 0.6325422
vt 0.5528513 0.6556413
vt 0.5831227 0.3508041
vt 0.5831227 0.3584063
vt 0.5831227 0.3873530
vt 0.5836417 0.3513889
vt 0.5844199 0.3613301
vt 0.5844199 0.3873530
vt 0.5546674 0.6603194
vt 0.5854576 0.3513889
vt 0.5859765 0.3873530
vt 0.5870141 0.3513889
vt 0.5870141 0.3613301
vt 0.5870141 0.3774116
vt 0.5572617 0.6325422
vt 0.5572617 0.6591498
vt 0.5875331 0.3774116
vt 0.5577805 0.6173379
vt 0.5577805 0.6372206
vt 0.5577805 0.6416064
vt 0.5577805 0.6690912
vt 0.5577805 0.6790324
vt 0.8417054 0.2684338
vt 0.8417054 0.2719426
vt 0.8417054 0.2754513
vt 0.8417054 0.2944567
vt 0.8417054 0.3020588
vt 0.5582993 0.6690912
vt 0.5593371 0.6603194
vt 0.5598559 0.6404368
vt 0.5598559 0.6685063
vt 0.5614125 0.6372206
vt 0.7419818 0.1350576
vt 0.5717896 0.6173379
vt 0.5717896 0.6372206
vt 0.8108263 0.0978916
vt 0.8113451 0.0809330
vt 0.8567522 0.2678491
vt 0.8567522 0.2754513
vt 0.5738651 0.6237706
vt 0.5738651 0.6404368
vt 0.5738651 0.6685063
vt 0.5743839 0.6410217
vt 0.5754217 0.6410217
vt 0.8614219 0.3020588
vt 0.8619407 0.2678491
vt 0.8624597 0.2678491
vt 0.8624597 0.3020588
vt 0.8175714 0.0809330
vt 0.8175714 0.0978916
vt 0.8180902 0.0809330
vt 0.8180902 0.0978916
vt 0.5795724 0.6685063
vt 0.8692048 0.2678491
vt 0.8692048 0.3020588
vt 0.8243165 0.0809330
vt 0.8243165 0.0978916
vt 0.8697236 0.2678491
vt 0.8697236 0.3020588
vt 0.8248353 0.0978916
vt 0.8702424 0.2678491
vt 0.8702424 0.3020588
vt 0.8253543 0.0809330
vt 0.5873553 0.6696759
vt 0.5873553 0.6796172
vt 0.8274296 0.0809330
vt 0.5915062 0.6237706
vt 0.8310616 0.0809330
vt 0.8310616 0.0978916
vt 0.8315806 0.0803482
vt 0.8315806 0.0955525
vt 0.8769877 0.2678491
vt 0.8769877 0.3020588
vt 0.5935816 0.6497933
vt 0.8775065 0.2678491
vt 0.8775065 0.3020588
vt 0.8054783 0.6884902
vt 0.8054783 0.7139283
vt 0.8059971 0.7168521
vt 0.5946193 0.6515477
vt 0.8070349 0.7455065
vt 0.8352125 0.0803482
vt 0.8352125 0.0955525
vt 0.5966948 0.6644129
vt 0.8829545 0.2678491
vt 0.8829545 0.3020588
vt 0.8109263 0.7080805
vt 0.8834733 0.2701882
vt 0.8834733 0.2903633
vt 0.8834733 0.3020588
vt 0.8114451 0.7080805
vt 0.8114451 0.7232848
vt 0.8839921 0.2701882
vt 0.8171526 0.7025250
vt 0.8458491 0.0803482
vt 0.8458491 0.0955525
vt 0.8912562 0.2701882
vt 0.8912562 0.2903633
vt 0.8912562 0.3020588
vt 0.8192280 0.7484303
vt 0.8917750 0.2798371
vt 0.8917750 0.3020588
vt 0.8197468 0.7484303
vt 0.8922938 0.2798371
vt 0.8218224 0.6884902
vt 0.8494811 0.0978916
vt 0.8499999 0.0809330
vt 0.8954070 0.2798371
vt 0.8954070 0.3020588
vt 0.8959259 0.2804219
vt 0.8959259 0.3020588
vt 0.8249355 0.7560326
vt 0.8531130 0.0809330
vt 0.8531130 0.0978916
vt 0.8259731 0.6908294
vt 0.8264920 0.7133434
vt 0.8275297 0.7256239
vt 0.8280485 0.7501847
vt 0.9011145 0.2804219
vt 0.9011145 0.2868546
vt 0.9011145 0.3020588
vt 0.8306429 0.7162674
vt 0.8311617 0.6908294
vt 0.8316806 0.7279630
vt 0.7721816 0.0067647
vt 0.7755983 0.0067647
vt 0.7757183 0.0067647
vt 0.5524531 0.0961764
vt 0.0023488 0.2220588
vt 0.8363780 0.5214707
vt 0.8363780 0.5426470
vt 0.4365868 0.6261765
vt 0.4365868 0.6444119
vt 0.4365868 0.6738235
vt 0.4365868 0.6785294
vt 0.9318895 0.1638234
vt 0.3368999 0.0508824
vt 0.2680064 0.7650000
vt 0.2680064 0.7844117
vt 0.2680064 0.8032352
vt 0.2680064 0.8226470
vt 0.2680064 0.8420587
vt 0.0023488 0.1320589
vt 0.0023488 0.1449999
vt 0.0028706 0.1938235
vt 0.3374218 0.0414706
vt 0.2685283 0.7650000
vt 0.2685283 0.7844117
vt 0.2685283 0.8032352
vt 0.2685283 0.8226470
vt 0.2685283 0.8420587
vt 0.9329332 0.1873528
vt 0.3379437 0.0414706
vt 0.8442067 0.6244119
vt 0.8442067 0.6350001
vt 0.0033925 0.1544116
vt 0.3384656 0.0391175
vt 0.3384656 0.0485293
vt 0.0039144 0.1449999
vt 0.4386743 0.6738235
vt 0.0044363 0.1538234
vt 0.4391962 0.6444119
vt 0.3395093 0.0391175
vt 0.0049582 0.1538234
vt 0.2466074 0.2673528
vt 0.2466074 0.3020589
vt 0.2471293 0.2673528
vt 0.2471293 0.3008825
vt 0.2476515 0.2791177
vt 0.7601776 0.0408823
vt 0.7601776 0.0508823
vt 0.0065241 0.1544116
vt 0.8410752 0.5197058
vt 0.2481734 0.2885294
vt 0.8415971 0.5008823
vt 0.8483821 0.6244119
vt 0.2492171 0.2791177
vt 0.0080898 0.1502942
vt 0.0086117 0.1544116
vt 0.0096554 0.1538234
vt 0.4449375 0.6597059
vt 0.0106995 0.1538234
vt 0.8525575 0.6714707
vt 0.0127870 0.1544116
vt 0.5639352 0.0808823
vt 0.7674843 0.0408823
vt 0.0148749 0.1538234
vt 0.0153967 0.1538234
vt 0.0153967 0.1544116
vt 0.5691546 0.0973531
vt 0.4532882 0.6767648
vt 0.4532882 0.6791176
vt 0.0190502 0.1544116
vt 0.5696765 0.0808823
vt 0.9496347 0.1638234
vt 0.9501566 0.1867646
vt 0.0211378 0.2220588
vt 0.0216597 0.1932353
vt 0.8629957 0.6491177
vt 0.4569414 0.6379411
vt 0.8572548 0.5426470
vt 0.5738519 0.0973531
vt 0.0237475 0.1314707
vt 0.0242694 0.1926471
vt 0.8598643 0.5008823
vt 0.5780272 0.0814705
vt 0.8619521 0.5197058
vt 0.5785491 0.0797059
vt 0.8692589 0.6232352
vt 0.8692589 0.6250001
vt 0.0289666 0.1926471
vt 0.4642484 0.6167648
vt 0.4658143 0.6714705
vt 0.8729124 0.6267647
vt 0.8666493 0.4967646
vt 0.1902401 0.5238236
vt 0.1907620 0.5050001
vt 0.4684237 0.6167648
vt 0.1918058 0.5244118
vt 0.1918058 0.5426472
vt 0.5858561 0.0979413
vt 0.4699897 0.6749999
vt 0.4699897 0.6797058
vt 0.1933717 0.5250000
vt 0.0362736 0.1302940
vt 0.9663362 0.1638234
vt 0.4715553 0.6726472
vt 0.9673799 0.1873528
vt 0.8786534 0.6649999
vt 0.5889874 0.0797059
vt 0.5889874 0.0944118
vt 0.1959811 0.5420590
vt 0.8796972 0.6649999
vt 0.0399270 0.1538234
vt 0.3922235 0.0573529
vt 0.0404489 0.2226470
vt 0.8812631 0.6632354
vt 0.0409708 0.1932353
vt 0.4752088 0.6720590
vt 0.4757307 0.6720590
vt 0.8823069 0.6632354
vt 0.2001565 0.4908824
vt 0.4772964 0.6502941
vt 0.2006784 0.5279413
vt 0.0446243 0.1308822
vt 0.9746869 0.1779410
vt 0.9746869 0.1873528
vt 0.9757307 0.1779410
vt 0.8640396 0.0414705
vt 0.9762526 0.1779410
vt 0.8650834 0.0508823
vt 0.3995302 0.0738236
vt 0.9772963 0.1779410
vt 0.9772963 0.1873528
vt 0.8656053 0.0414705
vt 0.9778185 0.1779410
vt 0.8661275 0.0414705
vt 0.5994259 0.0944118
vt 0.9788623 0.1779410
vt 0.9788623 0.1873528
vt 0.8671712 0.0508823
vt 0.9793842 0.1779410
vt 0.8906576 0.6632354
vt 0.8676931 0.0414705
vt 0.8911795 0.6644117
vt 0.8682150 0.0414705
vt 0.9804279 0.1779410
vt 0.9804279 0.1873528
vt 0.8917014 0.6408823
vt 0.8687369 0.0508823
vt 0.8697807 0.0414705
vt 0.4120565 0.1314705
vt 0.0534969 0.1302940
vt 0.9840814 0.1632352
vt 0.8958768 0.6649999
vt 0.4073590 0.0573529
vt 0.4151878 0.1385295
vt 0.4151878 0.1479412
vt 0.4157097 0.1385295
vt 0.4162318 0.1426472
vt 0.4162318 0.1520589
vt 0.4167537 0.1426472
vt 0.4950418 0.3085295
vt 0.4950418 0.3179413
vt 0.4955637 0.3085295
vt 0.4960856 0.3091177
vt 0.2163361 0.5138237
vt 0.4976512 0.3438235
vt 0.4981734 0.3091177
vt 0.0608039 0.1538234
vt 0.4209291 0.1467648
vt 0.0456681 0.0414707
vt 0.6479646 0.0402941
vt 0.6479646 0.0497058
vt 0.9021400 0.6638235
vt 0.4214510 0.1467648
vt 0.6484865 0.0402941
vt 0.9026618 0.6185293
vt 0.8979646 0.0173528
vt 0.0467119 0.0414707
vt 0.0467119 0.0508824
vt 0.6490084 0.0497058
vt 0.9031837 0.6732353
vt 0.4146660 0.0738236
vt 0.0472338 0.0397058
vt 0.6495303 0.0414705
vt 0.9037056 0.6638235
vt 0.0477557 0.0491176
vt 0.6500521 0.0508822
vt 0.3812630 0.3679413
vt 0.8995302 0.0155882
vt 0.0482776 0.0397058
vt 0.6923277 0.8085295
vt 0.2215552 0.4908824
vt 0.0487995 0.0373530
vt 0.6510959 0.0414705
vt 0.9052713 0.6585295
vt 0.4193634 0.0573530
vt 0.2220774 0.5173528
vt 0.0493216 0.0467648
vt 0.6933717 0.7973528
vt 0.0456681 0.2214705
vt 0.0498435 0.0373530
vt 0.9063153 0.6344119
vt 0.9063153 0.6797058
vt 0.0655011 0.1308822
vt 0.9016180 0.0138236
vt 0.0461900 0.1926470
vt 0.6944155 0.7973528
vt 0.6949374 0.7973528
vt 0.6949374 0.8067646
vt 0.9073591 0.6338237
vt 0.9026618 0.0155882
vt 0.0508872 0.3932354
vt 0.0675887 0.1302940
vt 0.4277139 0.1544117
vt 0.9094466 0.6585295
vt 0.0686325 0.1485294
vt 0.0686325 0.1491176
vt 0.9099688 0.6550000
vt 0.6980690 0.8255881
vt 0.0545407 0.4338235
vt 0.6996346 0.8326471
vt 0.9120564 0.6550000
vt 0.7001565 0.8326471
vt 0.0561064 0.4002941
vt 0.0561064 0.4338235
vt 0.7006784 0.8420589
vt 0.3906575 0.3502941
vt 0.4329333 0.1314705
vt 0.2768790 0.0314705
vt 0.7022443 0.8249999
vt 0.7043319 0.7726470
vt 0.1557934 0.1308824
vt 0.4376306 0.1473530
vt 0.7064197 0.8414707
vt 0.7074635 0.8067646
vt 0.7079854 0.8067646
vt 0.1589248 0.1402941
vt 0.2841857 0.0244118
vt 0.9167536 0.0155882
vt 0.1594466 0.1491177
vt 0.3990082 0.3685295
vt 0.9172755 0.0138236
vt 0.1599688 0.1491177
vt 0.4365867 0.0573530
vt 0.7121607 0.8408825
vt 0.0644572 0.2220587
vt 0.0842901 0.1449999
vt 0.0649790 0.1926470
vt 0.0848120 0.1449999
vt 0.0848120 0.1455884
vt 0.1636220 0.1544118
vt 0.0696765 0.4173530
vt 0.9224949 0.0167646
vt 0.0868998 0.1308822
vt 0.4068371 0.3861766
vt 0.1688414 0.1402941
vt 0.1688414 0.1544118
vt 0.9266702 0.0167646
vt 0.4094468 0.3497059
vt 0.4465031 0.0738235
vt 0.6620564 0.0132354
vt 0.1291753 0.3414707
vt 0.7220771 0.7879411
vt 0.4538101 0.1314705
vt 0.6651879 0.0132354
vt 0.6651879 0.0173530
vt 0.7252087 0.8220590
vt 0.3003653 0.0244118
vt 0.7257306 0.8220590
vt 0.7653968 0.1055883
vt 0.9344991 0.0155882
vt 0.0827245 0.4338235
vt 0.4167537 0.3685295
vt 0.3034969 0.0244118
vt 0.3050625 0.0250000
vt 0.3061066 0.0250000
vt 0.0837683 0.2226469
vt 0.0842902 0.1932352
vt 0.8071503 0.1055882
vt 0.8071503 0.1249999
vt 0.4647703 0.1379413
vt 0.9412839 0.0173528
vt 0.4652922 0.1350000
vt 0.6088203 0.4955882
vt 0.4658141 0.1350000
vt 0.4658141 0.1444117
vt 0.4251045 0.3867648
vt 0.7361692 0.7685294
vt 0.1448330 0.3426471
vt 0.4271920 0.3502941
vt 0.1469206 0.3426471
vt 0.6135179 0.5191176
vt 0.1484865 0.3150000
vt 0.7403445 0.8020587
vt 0.9480689 0.0161764
vt 0.6150835 0.5320589
vt 0.6156054 0.5320589
vt 0.6156054 0.5414706
vt 0.7419102 0.7991177
vt 0.7419102 0.8085295
vt 0.7429540 0.7991177
vt 0.7429540 0.8073528
vt 0.7429540 0.8367648
vt 0.7815761 0.1197059
vt 0.1516181 0.3079413
vt 0.7434761 0.8073528
vt 0.7434761 0.8167646
vt 0.6187370 0.5426470
vt 0.7445199 0.8167646
vt 0.7445199 0.8367648
vt 0.7831420 0.1055883
vt 0.7831420 0.1197059
vt 0.6818894 0.6338237
vt 0.6818894 0.6532354
vt 0.6818894 0.6726471
vt 0.6829331 0.6532354
vt 0.4355427 0.3685295
vt 0.6834550 0.6338237
vt 0.6834550 0.6532354
vt 0.7852296 0.1214705
vt 0.7852296 0.1232354
vt 0.8217642 0.1055882
vt 0.6844991 0.6238234
vt 0.6844991 0.6332352
vt 0.9558978 0.0161764
vt 0.6855428 0.6238234
vt 0.6855428 0.6338237
vt 0.6855428 0.6532354
vt 0.6855428 0.6726471
vt 0.6860647 0.6302942
vt 0.6860647 0.6532354
vt 0.6860647 0.6755881
vt 0.1578810 0.3249999
vt 0.6865866 0.6532354
vt 0.6871085 0.6297060
vt 0.6876304 0.6202942
vt 0.6876304 0.6297060
vt 0.6876304 0.6302942
vt 0.6876304 0.6532354
vt 0.6876304 0.6755881
vt 0.6881523 0.6185293
vt 0.6881523 0.6479413
vt 0.6881523 0.6773530
vt 0.6886744 0.6479413
vt 0.6886744 0.6773530
vt 0.9600732 0.0173528
vt 0.6897182 0.6179411
vt 0.6897182 0.6455882
vt 0.6897182 0.6732353
vt 0.6897182 0.6785294
vt 0.7914927 0.1238236
vt 0.4428497 0.3873530
vt 0.6907620 0.6455882
vt 0.6912839 0.6179411
vt 0.6912839 0.6455882
vt 0.6912839 0.6732353
vt 0.6912839 0.6785294
vt 0.6918058 0.6191175
vt 0.6918058 0.6244119
vt 0.6918058 0.6520587
vt 0.6918058 0.6797058
vt 0.6296972 0.4955882
vt 0.9632045 0.0173528
vt 0.1641442 0.3414707
vt 0.0978602 0.3508824
vt 0.6928498 0.6520587
vt 0.1646661 0.3438235
vt 0.0983821 0.3844118
vt 0.6933717 0.6191175
vt 0.6933717 0.6244119
vt 0.6933717 0.6520587
vt 0.6933717 0.6797058
vt 0.7951462 0.1191177
vt 0.7951462 0.1244118
vt 0.1662317 0.3091177
vt 0.1396138 0.3491176
vt 0.1396138 0.3685293
vt 0.1396138 0.3873528
vt 0.7967119 0.1191177
vt 0.7967119 0.1244118
vt 0.1667536 0.3102941
vt 0.6328288 0.4961764
vt 0.4120563 0.7673530
vt 0.4120563 0.8032352
vt 0.4120563 0.8391177
vt 0.6333506 0.4961764
vt 0.6333506 0.5055882
vt 0.1411794 0.3685293
vt 0.1411794 0.3873528
vt 0.6338725 0.5008823
vt 0.4131001 0.8032352
vt 0.4491126 0.3873530
vt 0.6343947 0.5008823
vt 0.6343947 0.5102941
vt 0.4136222 0.7673530
vt 0.4136222 0.8032352
vt 0.4136222 0.8391177
vt 0.4496348 0.3779412
vt 0.1422235 0.3685293
vt 0.6349166 0.5191176
vt 0.4141441 0.8050001
vt 0.4141441 0.8397059
vt 0.4146660 0.7702940
vt 0.4146660 0.8050001
vt 0.4146660 0.8397059
vt 0.4506785 0.3779412
vt 0.1432672 0.3491176
vt 0.1432672 0.3685293
vt 0.1432672 0.3873528
vt 0.4151879 0.8050001
vt 0.4512004 0.3779412
vt 0.4517223 0.3873530
vt 0.8368997 0.1249999
vt 0.1046450 0.3508824
vt 0.6370041 0.4955882
vt 0.6370041 0.5291176
vt 0.4167536 0.7702940
vt 0.4167536 0.8050001
vt 0.4167536 0.8420590
vt 0.4527661 0.3779412
vt 0.8019310 0.1055883
vt 0.8019310 0.1155882
vt 0.6380479 0.4955882
vt 0.4532880 0.3691177
vt 0.8024529 0.1155882
vt 0.8024529 0.1250000
vt 0.2591337 0.1950000
vt 0.2591337 0.2220589
vt 0.0905534 0.2285294
vt 0.0905534 0.2620588
vt 0.1062110 0.3826469
vt 0.1062110 0.3850000
vt 0.1062110 0.3867646
vt 0.1458769 0.3520588
vt 0.7617433 0.7691177
vt 0.7617433 0.8055883
vt 0.7617433 0.8420587
vt 0.0910752 0.2285294
vt 0.0910752 0.2620588
vt 0.2601775 0.2185294
vt 0.2606994 0.2226471
vt 0.1474426 0.3873528
vt 0.2560021 0.5285295
vt 0.2560021 0.5426471
vt 0.1495302 0.3873528
vt 0.7653965 0.8420587
vt 0.7716597 0.8373528
vt 0.7716597 0.8414705
vt 0.7721816 0.8373528
vt 0.2700939 0.2079413
vt 0.1176930 0.3673529
vt 0.7732254 0.8414705
vt 0.1187371 0.3673529
vt 0.7753132 0.8238237
vt 0.7758351 0.8238237
vt 0.2685282 0.5102941
vt 0.1213465 0.3679411
vt 0.7779226 0.8238237
vt 0.2763571 0.1950000
vt 0.1077767 0.2285294
vt 0.1077767 0.2455884
vt 0.1077767 0.2620588
vt 0.1636222 0.3685293
vt 0.2805324 0.1932354
vt 0.2810543 0.1932354
vt 0.1296972 0.3491176
vt 0.1312632 0.3491176
vt 0.7987996 0.3520587
vt 0.1719729 0.3679411
vt 0.7878393 0.8379413
vt 0.7883612 0.8379413
vt 0.7883612 0.8420587
vt 0.2810543 0.4920588
vt 0.2810543 0.5202941
vt 0.2236430 0.6191177
vt 0.2236430 0.6497058
vt 0.2236430 0.6797060
vt 0.1740605 0.3679411
vt 0.1349164 0.3679411
vt 0.1349164 0.3873528
vt 0.1745823 0.3679411
vt 0.1745823 0.3685293
vt 0.7904487 0.8055883
vt 0.7904487 0.8197060
vt 0.1751045 0.3691178
vt 0.8024531 0.3697059
vt 0.8676932 0.3991176
vt 0.8676932 0.4338234
vt 0.4407620 0.0414707
vt 0.1782358 0.3502942
vt 0.4412838 0.0508824
vt 0.2283402 0.6497058
vt 0.8066285 0.3697059
vt 0.8081941 0.3697059
vt 0.1813674 0.3502942
vt 0.1818893 0.3514706
vt 0.2319937 0.6161765
vt 0.8092379 0.3867648
vt 0.1824112 0.3502942
vt 0.1834552 0.3861764
vt 0.2335596 0.6191177
vt 0.8108038 0.3697059
vt 0.1839771 0.3855882
vt 0.2356472 0.6150001
vt 0.1223904 0.0791175
vt 0.8128914 0.3697059
vt 0.8149792 0.3867648
vt 0.8802193 0.4167648
vt 0.0889875 0.1926471
vt 0.2393006 0.6644117
vt 0.5931629 0.1050001
vt 0.5936848 0.1050001
vt 0.2434760 0.6614707
vt 0.2439979 0.6344118
vt 0.8212421 0.3508823
vt 0.8217640 0.3873530
vt 0.4595512 0.0491176
vt 0.5978601 0.1232354
vt 0.1349165 0.0979410
vt 0.0994258 0.1926471
vt 0.8922235 0.3991176
vt 0.8922235 0.4338234
vt 0.6009917 0.1061765
vt 0.8932673 0.3949999
vt 0.8932673 0.4144117
vt 0.8932673 0.4338234
vt 0.6025574 0.1238236
vt 0.8943110 0.4144117
vt 0.6030793 0.1238236
vt 0.8953548 0.4338234
vt 0.7805325 0.0067648
vt 0.6056890 0.1244118
vt 0.8974426 0.3949999
vt 0.2560021 0.6397059
vt 0.8979645 0.4020589
vt 0.8979645 0.4338234
vt 0.2570459 0.6385295
vt 0.2570459 0.6397059
vt 0.1437891 0.0791175
vt 0.4705114 0.0397058
vt 0.5921189 0.3502940
vt 0.8995302 0.4020589
vt 0.4710333 0.0491176
vt 0.2586118 0.6150001
vt 0.6093425 0.1250000
vt 0.0874218 0.3932354
vt 0.0879437 0.3938235
vt 0.1103862 0.2079411
vt 0.4115344 0.1614705
vt 0.2606994 0.6402941
vt 0.2612212 0.6620589
vt 0.2539144 0.2838237
vt 0.2549581 0.2838237
vt 0.2549581 0.3008823
vt 0.4136222 0.1873530
vt 0.6213466 0.3844117
vt 0.2565241 0.2838237
vt 0.6223904 0.3849999
vt 0.1156054 0.2226470
vt 0.7914926 0.0067648
vt 0.6234342 0.3861766
vt 0.6009915 0.3679411
vt 0.6025575 0.3685293
vt 0.2606994 0.3020587
vt 0.2690501 0.6797060
vt 0.2617432 0.2673529
vt 0.2716598 0.6444117
vt 0.5806367 0.1938235
vt 0.1844988 0.0567647
vt 0.1030792 0.4108825
vt 0.5832464 0.1938235
vt 0.2768789 0.6444117
vt 0.6129957 0.3873528
vt 0.6364821 0.3502941
vt 0.2789665 0.6620589
vt 0.6370043 0.3608823
vt 0.5858561 0.1944117
vt 0.6375262 0.3608823
vt 0.2805324 0.6150001
vt 0.6390918 0.3626472
vt 0.2820981 0.6591176
vt 0.2820981 0.6608825
vt 0.2820981 0.6626471
vt 0.6166492 0.3538235
vt 0.8776095 0.6891176
vt 0.8776095 0.6938234
vt 0.8776095 0.7067647
vt 0.8776095 0.7279413
vt 0.8776095 0.7497058
vt 0.4339769 0.1614705
vt 0.8802192 0.7244118
vt 0.8807411 0.6891176
vt 0.8823068 0.6914706
vt 0.8823068 0.6991175
vt 0.5952506 0.2002940
vt 0.6469207 0.3826471
vt 0.8843946 0.6914706
vt 0.1182150 0.3938235
vt 0.1182150 0.4285293
vt 0.1182150 0.4338234
vt 0.8849165 0.7497058
vt 0.6484863 0.3873530
vt 0.2012003 0.0567647
vt 0.6009916 0.2079412
vt 0.6531836 0.3526472
vt 0.6020354 0.2079412
vt 0.6041233 0.0979410
vt 0.8917015 0.7350000
vt 0.2100732 0.0738236
vt 0.8953550 0.7350000
vt 0.6584030 0.3685294
vt 0.6072548 0.2173530
vt 0.9057934 0.2761765
vt 0.1735386 0.1308824
vt 0.9031836 0.7267646
vt 0.9031836 0.7561766
vt 0.6150836 0.2002940
vt 0.6156055 0.2208824
vt 0.6709291 0.0585294
vt 0.9141441 0.2679412
vt 0.9047495 0.7561766
vt 0.9146660 0.2679412
vt 0.9052714 0.7267646
vt 0.9057933 0.7197059
vt 0.9057933 0.7267646
vt 0.9057933 0.7561766
vt 0.6203028 0.2226470
vt 0.9089249 0.7132352
vt 0.1056889 0.5420587
vt 0.6813674 0.0585294
vt 0.6813674 0.0738234
vt 0.9245824 0.3020587
vt 0.1103861 0.5173529
vt 0.6286533 0.0797060
vt 0.6302193 0.0797060
vt 0.7951462 0.7691177
vt 0.7951462 0.8026471
vt 0.7951462 0.8032353
vt 0.7951462 0.8226470
vt 0.7951462 0.8420588
vt 0.1949373 0.1308824
vt 0.7961899 0.8226470
vt 0.7967118 0.7691177
vt 0.1145615 0.5426469
vt 0.7972337 0.8420588
vt 0.6333508 0.0797060
vt 0.1156055 0.4902940
vt 0.1156055 0.5173529
vt 0.7982777 0.8226470
vt 0.1161274 0.5108824
vt 0.1161274 0.5426469
vt 0.7993215 0.8032353
vt 0.7993215 0.8226470
vt 0.7993215 0.8420588
vt 0.1176931 0.5108824
vt 0.8003653 0.7691177
vt 0.8003653 0.8026471
vt 0.2001565 0.1544119
vt 0.6370041 0.0973528
vt 0.9334550 0.2938237
vt 0.6354383 0.2002940
vt 0.9381525 0.2679410
vt 0.9381525 0.3020589
vt 0.9167538 0.6585297
vt 0.9167538 0.6797060
vt 0.5028707 0.3438237
vt 0.7466076 0.1320586
vt 0.6985909 0.0279410
vt 0.6985909 0.0302938
vt 0.3442068 0.0391175
vt 0.3442068 0.0414703
vt 0.3442068 0.0426473
vt 0.3442068 0.0508821
vt 0.5816807 0.4420587
vt 0.5816807 0.4432351
vt 0.3061066 0.8944118
vt 0.3061066 0.9432352
vt 0.3061066 0.9455883
vt 0.3061066 0.9461765
vt 0.6417016 0.0797060
vt 0.6417016 0.0838234
vt 0.8744782 0.0414707
vt 0.8744782 0.0508824
vt 0.6557934 0.0402941
vt 0.6557934 0.0491176
vt 0.9172757 0.6597061
vt 0.5033926 0.3085294
vt 0.6991128 0.0267646
vt 0.6563153 0.0402941
vt 0.6563153 0.0491176
vt 0.7476514 0.1320586
vt 0.6427454 0.0979410
vt 0.8755220 0.0414707
vt 0.6573591 0.0508822
vt 0.6437891 0.0797060
vt 0.6578810 0.0449999
vt 0.6578810 0.0508822
vt 0.3087160 0.9455883
vt 0.6443110 0.0838234
vt 0.7878392 0.1320589
vt 0.7017223 0.0314708
vt 0.5848120 0.4785294
vt 0.3092379 0.9455883
vt 0.6448329 0.0832352
vt 0.6589248 0.0502940
vt 0.6589248 0.0508822
vt 0.5848836 0.4784084
vt 0.5848898 0.4783979
vt 0.6453548 0.0938237
vt 0.3582984 0.5497060
vt 0.3582984 0.5791177
vt 0.3582984 0.6085294
vt 0.6594466 0.0449999
vt 0.6594466 0.0502940
vt 0.6458769 0.0826470
vt 0.3588206 0.5497060
vt 0.3588206 0.5791177
vt 0.3588206 0.6085294
vt 0.7894051 0.1320589
vt 0.7894051 0.1532352
vt 0.3489041 0.0391175
vt 0.3593425 0.5514706
vt 0.3593425 0.5767646
vt 0.3593425 0.6020589
vt 0.7899270 0.1432352
vt 0.3598644 0.5767646
vt 0.3118476 0.9720587
vt 0.6474426 0.0826470
vt 0.7909708 0.1432352
vt 0.9230167 0.6420589
vt 0.3609081 0.5514706
vt 0.3609081 0.5767646
vt 0.3609081 0.6020589
vt 0.7914927 0.1538234
vt 0.9449373 0.2855882
vt 0.3509916 0.0426473
vt 0.5696764 0.2297059
vt 0.5696764 0.2508822
vt 0.7920146 0.1455883
vt 0.7920146 0.1544119
vt 0.7539143 0.1544119
vt 0.5889874 0.4432351
vt 0.3134133 0.9714705
vt 0.7925365 0.1455883
vt 0.5890616 0.4704135
vt 0.5892258 0.4720749
vt 0.5895063 0.4735648
vt 0.5707201 0.2597058
vt 0.5712423 0.2297059
vt 0.5712423 0.2508822
vt 0.9256264 0.6597061
vt 0.7372130 0.0255880
vt 0.7372130 0.0314706
vt 0.3155011 0.9291176
vt 0.3160230 0.8944118
vt 0.8415971 0.1055883
vt 0.8415971 0.1150001
vt 0.8415971 0.1155883
vt 0.3201983 0.0173528
vt 0.5133090 0.3261766
vt 0.5133090 0.3438237
vt 0.3165449 0.9244117
vt 0.5733298 0.2620589
vt 0.8421190 0.1055883
vt 0.8421190 0.1155883
vt 0.8421190 0.1250001
vt 0.3175886 0.9973530
vt 0.3108037 0.0244119
vt 0.3113256 0.0244119
vt 0.3186327 0.9244117
vt 0.3118477 0.0285295
vt 0.9298018 0.6244118
vt 0.7408665 0.0255880
vt 0.3191546 0.9261766
vt 0.3123696 0.0255883
vt 0.3123696 0.0285295
vt 0.3233299 0.0173528
vt 0.3128915 0.0279410
vt 0.3238518 0.0173528
vt 0.9308455 0.6420589
vt 0.1573591 0.0391179
vt 0.1573591 0.0449999
vt 0.3201983 0.9261766
vt 0.3201983 0.9297058
vt 0.3201983 0.9320589
vt 0.3201983 0.9967648
vt 0.3243737 0.0167646
vt 0.3207202 0.9314707
vt 0.3248956 0.0167646
vt 0.3212421 0.9314707
vt 0.3212421 0.9967648
vt 0.3149790 0.0314705
vt 0.3259394 0.0173528
vt 0.9334552 0.6797060
vt 0.7152924 0.0291174
vt 0.9339771 0.6597061
vt 0.7158143 0.0267646
vt 0.3275053 0.0167646
vt 0.3275053 0.0173528
vt 0.5206159 0.3438237
vt 0.7643529 0.1355884
vt 0.7163362 0.0255883
vt 0.5994259 0.4597058
vt 0.3280272 0.0167646
vt 0.1615345 0.0391179
vt 0.7168581 0.0255883
vt 0.3624739 0.0402939
vt 0.3285491 0.0126469
vt 0.3285491 0.0144118
vt 0.1620564 0.0461763
vt 0.3629958 0.0414703
vt 0.3629958 0.0485293
vt 0.3248956 0.9061764
vt 0.3290710 0.0144118
vt 0.3290710 0.0155882
vt 0.3290710 0.0173528
vt 0.3395093 0.0126473
vt 0.1625782 0.0379409
vt 0.3254175 0.9061764
vt 0.3295929 0.0126469
vt 0.9579853 0.2855882
vt 0.1463987 0.1038236
vt 0.1463987 0.1249999
vt 0.3259394 0.9067646
vt 0.3301147 0.0155882
vt 0.5232254 0.3085294
vt 0.0639352 0.1714706
vt 0.0639352 0.1873528
vt 0.5237475 0.3085294
vt 0.3650836 0.0450001
vt 0.3650836 0.0485293
vt 0.6025575 0.4432351
vt 0.3269834 0.9349999
vt 0.0644573 0.1714706
vt 0.9381525 0.6597061
vt 0.6030794 0.4420587
vt 0.6030794 0.4432351
vt 0.3275053 0.9355884
vt 0.0649792 0.1873528
vt 0.6036013 0.4785294
vt 0.3280272 0.9479411
vt 0.0655011 0.1597060
vt 0.0655011 0.1873528
vt 0.5253132 0.3438237
vt 0.3426409 0.0126473
vt 0.3426409 0.0173529
vt 0.0660230 0.1597060
vt 0.1495303 0.1038236
vt 0.9694676 0.2679412
vt 0.1667536 0.0379409
vt 0.1667536 0.0508824
vt 0.9705114 0.3020591
vt 0.3342901 0.0126469
vt 0.3342901 0.0173528
vt 0.3306366 0.8932354
vt 0.8802191 0.0414706
vt 0.3348120 0.0126469
vt 0.7716598 0.1544119
vt 0.9715554 0.2679412
vt 0.3697809 0.0414703
vt 0.3316807 0.8938236
vt 0.8812631 0.0414706
vt 0.8812631 0.0508824
vt 0.7726534 0.1476922
vt 0.7727036 0.1473530
vt 0.3322026 0.9061764
vt 0.1129959 0.9385294
vt 0.1129959 0.9679411
vt 0.1129959 0.9973528
vt 0.7728678 0.1476173
vt 0.9647704 0.3020589
vt 0.1135178 0.9385294
vt 0.1135178 0.9679411
vt 0.7737199 0.1473530
vt 0.1537056 0.1202944
vt 0.3332463 0.9155881
vt 0.7262526 0.0279410
vt 0.3337682 0.9061764
vt 0.3473382 0.0150001
vt 0.3473382 0.0167647
vt 0.1145615 0.8885293
vt 0.1145615 0.9179413
vt 0.1145615 0.9602942
vt 0.1145615 0.9967646
vt 0.5310542 0.3438237
vt 0.3342901 0.9832354
vt 0.5117431 0.3944117
vt 0.1150834 0.8591176
vt 0.1150834 0.8885293
vt 0.1150834 0.9179413
vt 0.9454592 0.6244118
vt 0.1156053 0.9255882
vt 0.3353341 0.9738236
vt 0.1161275 0.9255882
vt 0.7763571 0.1473530
vt 0.7763571 0.1477406
vt 0.7763571 0.1532355
vt 0.6114301 0.4432351
vt 0.3358560 0.9738236
vt 0.7768191 0.1477536
vt 0.3750000 0.0450001
vt 0.6124739 0.4420587
vt 0.1176931 0.8549999
vt 0.1176931 0.8867647
vt 0.9480689 0.6244118
vt 0.9480689 0.6585297
vt 0.1182150 0.8549999
vt 0.1182150 0.8897060
vt 0.1182150 0.9244118
vt 0.9485908 0.6255882
vt 0.9485908 0.6749998
vt 0.5347077 0.3085294
vt 0.7785298 0.1473530
vt 0.0862482 0.0264724
vt 0.9490338 0.6522548
vt 0.5352296 0.3085294
vt 0.5352296 0.3438237
vt 0.1192588 0.9602942
vt 0.7309757 0.0280462
vt 0.7309829 0.0281168
vt 0.7309967 0.0281152
vt 0.7309967 0.0281152
vt 0.7310094 0.0279410
vt 0.7310096 0.0281137
vt 0.5357514 0.3438237
vt 0.3389874 0.8961764
vt 0.3389874 0.9479411
vt 0.1197807 0.8549999
vt 0.1197807 0.8897060
vt 0.1197807 0.9244118
vt 0.9501567 0.6797060
vt 0.1203028 0.8549999
vt 0.1203028 0.8897060
vt 0.1203028 0.9244118
vt 0.7325157 0.0255883
vt 0.6156055 0.4655884
vt 0.1208247 0.8549999
vt 0.1208247 0.8897060
vt 0.1208247 0.9244118
vt 0.0884656 0.0314707
vt 0.0023487 0.0055883
vt 0.1213466 0.8549999
vt 0.1213466 0.8897060
vt 0.1213466 0.9244118
vt 0.0887405 0.0246183
vt 0.5378393 0.3438237
vt 0.9522442 0.6749998
vt 0.7820981 0.1379412
vt 0.1229123 0.8555881
vt 0.1229123 0.8567648
vt 0.1229123 0.8685294
vt 0.1229123 0.8773530
vt 0.1229123 0.8879411
vt 0.1229123 0.9038237
vt 0.1229123 0.9244118
vt 0.0900351 0.0232410
vt 0.7831419 0.1414704
vt 0.7831419 0.1473530
vt 0.7831419 0.1479307
vt 0.7831419 0.1532355
vt 0.3426408 0.8967646
vt 0.1234342 0.9432353
vt 0.1234342 0.9967646
vt 0.9136220 0.6891176
vt 0.9136220 0.7197057
vt 0.9136220 0.7502944
vt 0.3431627 0.9902941
vt 0.3567327 0.0167647
vt 0.1239560 0.8702940
vt 0.1239560 0.8773530
vt 0.1239560 0.8867647
vt 0.5404490 0.3085294
vt 0.5404490 0.3438237
vt 0.3238519 0.2467646
vt 0.3817851 0.0414703
vt 0.3817851 0.0426473
vt 0.1244782 0.9038237
vt 0.1244782 0.9150000
vt 0.9548539 0.6538235
vt 0.5409709 0.3085294
vt 0.5409709 0.3438237
vt 0.9146661 0.7197057
vt 0.6197809 0.4844119
vt 0.1250001 0.8555881
vt 0.1250001 0.9244118
vt 0.3248957 0.2326472
vt 0.9151879 0.6902940
vt 0.9151879 0.7502944
vt 0.3447287 0.8967646
vt 0.9558977 0.6220590
vt 0.0931629 0.0279409
vt 0.6208247 0.4844119
vt 0.3452505 0.9491175
vt 0.3452505 0.9914705
vt 0.3452505 0.9949999
vt 0.1260439 0.8567648
vt 0.1260439 0.8602940
vt 0.1260439 0.8879411
vt 0.1260439 0.9150000
vt 0.3838726 0.0461765
vt 0.3457724 0.9332353
vt 0.9167536 0.7232355
vt 0.9167536 0.7338236
vt 0.3462943 0.8997059
vt 0.3462943 0.9338235
vt 0.3468162 0.9708823
vt 0.3473381 0.8991177
vt 0.1584028 0.1249999
vt 0.1281314 0.9226472
vt 0.9183195 0.7338236
vt 0.9183195 0.7538235
vt 0.6552715 0.4773531
vt 0.3859605 0.0461765
vt 0.6234344 0.4420587
vt 0.5253133 0.4144119
vt 0.1286536 0.9226472
vt 0.7455638 0.0255882
vt 0.7455638 0.0314708
vt 0.1870859 0.1206846
vt 0.3489040 0.9902941
vt 0.1875419 0.1202989
vt 0.9198852 0.7385292
vt 0.6250000 0.4420587
vt 0.1302192 0.8620589
vt 0.1302192 0.8879411
vt 0.3880480 0.0461765
vt 0.1307411 0.8620589
vt 0.1712017 0.0393882
vt 0.1712083 0.0367647
vt 0.1312630 0.9602942
vt 0.1716667 0.0508821
vt 0.9214509 0.7385292
vt 0.9214509 0.7561763
vt 0.3509916 0.9138235
vt 0.3509916 0.9508824
vt 0.3645615 0.0138234
vt 0.1317849 0.8626471
vt 0.1317849 0.9255882
vt 0.1897180 0.1249998
vt 0.7486951 0.0255882
vt 0.3515135 0.9138235
vt 0.1323068 0.8561763
vt 0.1323068 0.8626471
vt 0.9632047 0.6185292
vt 0.9632047 0.6397061
vt 0.5493216 0.3261766
vt 0.6281316 0.4479413
vt 0.4512991 0.0582076
vt 0.4523660 0.0579070
vt 0.5508872 0.3085294
vt 0.9245824 0.7385292
vt 0.3541232 0.9902941
vt 0.1349165 0.9226472
vt 0.4531025 0.0576995
vt 0.9652922 0.6185292
vt 0.3348121 0.2526472
vt 0.1354384 0.8567648
vt 0.1761481 0.0367647
vt 0.1761481 0.0508821
vt 0.3353339 0.2291174
vt 0.3353339 0.2526472
vt 0.9256262 0.7067647
vt 0.9256262 0.7385292
vt 0.4543318 0.0573531
vt 0.6636222 0.4420588
vt 0.1370043 0.9061765
vt 0.1946434 0.1153457
vt 0.6323070 0.4702940
vt 0.3708247 0.0138234
vt 0.3708247 0.0155883
vt 0.4561323 0.0631598
vt 0.3577766 0.9861764
vt 0.1385700 0.8802942
vt 0.9694676 0.6561763
vt 0.9292797 0.7561763
vt 0.1396137 0.9602942
vt 0.1396137 0.9791178
vt 0.5561064 0.3426473
vt 0.9710335 0.6349999
vt 0.0221817 0.0032355
vt 0.3603863 0.9897059
vt 0.6364823 0.4502941
vt 0.3609082 0.8991177
vt 0.3609082 0.9185294
vt 0.3609082 0.9249999
vt 0.3609082 0.9938235
vt 0.3195992 0.0266485
vt 0.9720773 0.6785296
vt 0.5581942 0.3085294
vt 0.6370042 0.4479413
vt 0.2857516 0.1950001
vt 0.2857516 0.2226472
vt 0.7961014 0.0067650
vt 0.3421190 0.2620589
vt 0.5394050 0.3944117
vt 0.5394050 0.4144119
vt 0.5394050 0.4338236
vt 0.7962779 0.0067650
vt 0.6380480 0.4479413
vt 0.2794885 0.5491177
vt 0.2794885 0.5791176
vt 0.2794885 0.6085293
vt 0.1432672 0.9232354
vt 0.9334551 0.6891176
vt 0.3212421 0.0244115
vt 0.3213174 0.0247507
vt 0.0253131 0.0067646
vt 0.6390918 0.4491177
vt 0.3635177 0.9308825
vt 0.9344988 0.7561763
vt 0.3640395 0.9320589
vt 0.1448329 0.8985293
vt 0.1448329 0.9138236
vt 0.1448329 0.9232354
vt 0.5827245 0.3438235
vt 0.9350210 0.7220591
vt 0.3228081 0.0314705
vt 0.6401358 0.4491177
vt 0.3781316 0.0173529
vt 0.1453550 0.9038237
vt 0.1453550 0.9132354
vt 0.5832464 0.3085293
vt 0.3452506 0.2314708
vt 0.0023487 0.0238236
vt 0.0023487 0.0298721
vt 0.6406577 0.4514705
vt 0.1458769 0.9038237
vt 0.1458769 0.9138236
vt 0.4642014 0.0714705
vt 0.4642014 0.0714705
vt 0.6411796 0.4491177
vt 0.2826201 0.5791176
vt 0.1463988 0.8732353
vt 0.0029638 0.0300628
vt 0.5628915 0.3085294
vt 0.4648431 0.0738401
vt 0.4649549 0.0723258
vt 0.4650180 0.0714705
vt 0.1474426 0.8544117
vt 0.1474426 0.9238236
vt 0.1474426 0.9602942
vt 0.1474426 0.9973528
vt 0.4655532 0.0730050
vt 0.9783402 0.6526471
vt 0.6432671 0.4420587
vt 0.0053240 0.0311788
vt 0.0054568 0.0311986
vt 0.5649790 0.3426473
vt 0.4668579 0.0714705
vt 0.2852295 0.5491177
vt 0.2068249 0.1068834
vt 0.9793843 0.6573527
vt 0.3489041 0.2373528
vt 0.0060022 0.0238236
vt 0.6443112 0.4538232
vt 0.0061860 0.0308663
vt 0.6281316 0.8020585
vt 0.9802230 0.6795496
vt 0.0070460 0.0308826
vt 0.6453550 0.4538232
vt 0.6453550 0.4785294
vt 0.2941023 0.1932352
vt 0.7533925 0.0255885
vt 0.7533925 0.0314705
vt 0.1818893 0.1038235
vt 0.5951078 0.0314303
vt 0.5951128 0.0312079
vt 0.5952505 0.0250000
vt 0.0331419 0.0032355
vt 0.3990083 0.0173530
vt 0.6469206 0.4785294
vt 0.1824112 0.1038235
vt 0.5900312 0.3261764
vt 0.5686325 0.3085294
vt 0.7450416 0.5897061
vt 0.2105949 0.1108824
vt 0.6317851 0.7950002
vt 0.6484865 0.4761766
vt 0.2111899 0.1046238
vt 0.2112704 0.1037763
vt 0.6490084 0.4785294
vt 0.0112213 0.0226472
vt 0.0112213 0.0285292
vt 0.7565241 0.0255885
vt 0.6813675 0.4844115
vt 0.6328289 0.7773530
vt 0.6328289 0.8208821
vt 0.6495303 0.4797058
vt 0.7471295 0.5544118
vt 0.7570459 0.0314705
vt 0.7476513 0.5544118
vt 0.6505741 0.4761766
vt 0.2993215 0.1932352
vt 0.5728078 0.3085294
vt 0.7486951 0.5544118
vt 0.5060020 0.5532354
vt 0.5060020 0.5873527
vt 0.6349164 0.8161765
vt 0.5733297 0.3085294
vt 0.5733297 0.3426473
vt 0.5065239 0.5802943
vt 0.5069860 0.5536597
vt 0.5070460 0.6085296
vt 0.7502610 0.6073532
vt 0.0148748 0.0226472
vt 0.5754176 0.3085294
vt 0.0409708 0.0067646
vt 0.6380480 0.8385292
vt 0.0414926 0.0044119
vt 0.6385699 0.8385292
vt 0.7528705 0.5732353
vt 0.6390918 0.8008821
vt 0.8144571 0.0067650
vt 0.2972337 0.6085293
vt 0.5775051 0.3426473
vt 0.3943109 0.0126470
vt 0.5780273 0.3085294
vt 0.2617433 0.4079412
vt 0.6406577 0.7679413
vt 0.0195721 0.0308826
vt 0.3066284 0.2226472
vt 0.2998434 0.5791176
vt 0.6427453 0.8420590
vt 0.2643527 0.3950002
vt 0.1203026 0.2055882
vt 0.2648746 0.3938232
vt 0.5148746 0.6002942
vt 0.6437890 0.8420590
vt 0.8579364 0.0800732
vt 0.7580899 0.5908824
vt 0.0430586 0.0308823
vt 0.0430586 0.0314705
vt 0.6041233 0.3261764
vt 0.7586118 0.5908824
vt 0.0435805 0.0308823
vt 0.0435805 0.0314705
vt 0.6641441 0.0485294
vt 0.3666493 0.2408826
vt 0.6453550 0.8232355
vt 0.1223904 0.2055882
vt 0.1223904 0.2150000
vt 0.6646660 0.0508822
vt 0.7100731 0.1657904
vt 0.7100731 0.1861763
vt 0.1229123 0.2032354
vt 0.6651879 0.0485294
vt 0.6463987 0.8138237
vt 0.0451461 0.0255882
vt 0.6657098 0.0508822
vt 0.3906576 0.0067644
vt 0.3055845 0.5497059
vt 0.1244780 0.2173531
vt 0.0461899 0.0291177
vt 0.6667536 0.0402941
vt 0.6667536 0.0502940
vt 0.2690500 0.4314703
vt 0.6479644 0.7891176
vt 0.0467118 0.0226469
vt 0.6672755 0.0502940
vt 0.6672755 0.0508822
vt 0.7622653 0.5826471
vt 0.6484865 0.7914704
vt 0.1255220 0.2032354
vt 0.1255220 0.2185295
vt 0.0472339 0.0226469
vt 0.0472339 0.0314705
vt 0.6677976 0.0402941
vt 0.1260439 0.2073528
vt 0.1124740 0.2344119
vt 0.1124740 0.2620587
vt 0.2706159 0.4138238
vt 0.7633090 0.6085296
vt 0.5206159 0.5661763
vt 0.5206159 0.6002942
vt 0.6495303 0.7691177
vt 0.1265658 0.1979410
vt 0.2711378 0.4138238
vt 0.7638309 0.5661763
vt 0.0284447 0.0238236
vt 0.8640436 0.0967894
vt 0.8643478 0.0977528
vt 0.8643605 0.0977751
vt 0.8643722 0.0977686
vt 0.8643728 0.0977683
vt 0.5216597 0.6061762
vt 0.1276096 0.1979410
vt 0.1276096 0.2132354
vt 0.1276096 0.2226472
vt 0.1140396 0.2314706
vt 0.1140396 0.2344119
vt 0.1140396 0.2620587
vt 0.7148050 0.1653730
vt 0.1281315 0.2132354
vt 0.1145615 0.2314706
vt 0.1145615 0.2355883
vt 0.1145615 0.2620587
vt 0.6109081 0.3438235
vt 0.4386742 0.1614706
vt 0.4386742 0.1873531
vt 0.3097598 0.5791176
vt 0.1150834 0.2350001
vt 0.1150834 0.2355883
vt 0.1150834 0.2620587
vt 0.6891961 0.7208824
vt 0.6891961 0.7455885
vt 0.4209289 0.0126468
vt 0.1156053 0.2285293
vt 0.1156053 0.2620587
vt 0.7165331 0.1667611
vt 0.6897183 0.6961763
vt 0.2930586 0.0044118
vt 0.1161275 0.2285293
vt 0.6902402 0.7208824
vt 0.6902402 0.7561766
vt 0.3969208 0.0067644
vt 0.4402402 0.1614706
vt 0.4402402 0.1873531
vt 0.1302193 0.1926470
vt 0.7283403 0.6879409
vt 0.7283403 0.7232352
vt 0.7617433 0.0314706
vt 0.5879437 0.0055883
vt 0.1307412 0.1926470
vt 0.1307412 0.1932352
vt 0.5252829 0.6063805
vt 0.7622652 0.0255880
vt 0.6912839 0.6961763
vt 0.6912839 0.7208824
vt 0.6912839 0.7455885
vt 0.0976025 0.0261842
vt 0.3201983 0.1932352
vt 0.6923277 0.6961763
vt 0.0581941 0.0044119
vt 0.2768788 0.4338237
vt 0.0341857 0.0250000
vt 0.0341857 0.0297056
vt 0.2774007 0.4338237
vt 0.0347076 0.0238236
vt 0.7209027 0.1652487
vt 0.0999479 0.0244618
vt 0.0999479 0.0314708
vt 0.3149792 0.5791176
vt 0.3149792 0.6085293
vt 0.5910753 0.0061765
vt 0.7653967 0.0255880
vt 0.7653967 0.0314706
vt 0.4261483 0.0126468
vt 0.3155011 0.5497059
vt 0.3160230 0.6085293
vt 0.7325332 0.7243411
vt 0.7330376 0.7561766
vt 0.6954593 0.7208824
vt 0.7332200 0.7242935
vt 0.1017846 0.0229525
vt 0.8729123 0.0820588
vt 0.6959812 0.7208824
vt 0.0383611 0.0250000
vt 0.0383611 0.0297056
vt 0.7347901 0.7242779
vt 0.2904489 0.7414705
vt 0.3196765 0.5491177
vt 0.3196765 0.5738235
vt 0.3196765 0.5979411
vt 0.5328092 0.5545482
vt 0.7261686 0.1654077
vt 0.1051671 0.0267646
vt 0.3280272 0.1932352
vt 0.3280272 0.2226472
vt 0.7268968 0.1655854
vt 0.7270223 0.1653155
vt 0.7377348 0.7055880
vt 0.2841858 0.3997058
vt 0.5341858 0.5546235
vt 0.5341858 0.5546259
vt 0.5341858 0.5546378
vt 0.5341858 0.5873527
vt 0.4757307 0.0508825
vt 0.5973382 0.0061765
vt 0.7273183 0.1653155
vt 0.7382567 0.7055880
vt 0.2847077 0.3961766
vt 0.2847077 0.4267647
vt 0.7006784 0.7091178
vt 0.2925365 0.7255883
vt 0.2852296 0.3961766
vt 0.7012003 0.7561766
vt 0.2930584 0.7255883
vt 0.7284395 0.1651299
vt 0.7391427 0.7245355
vt 0.7287744 0.1653591
vt 0.2857514 0.4267647
vt 0.7972337 0.1320589
vt 0.2935803 0.6891176
vt 0.2941024 0.6891176
vt 0.2941024 0.7302941
vt 0.2941024 0.7414705
vt 0.3233300 0.5491177
vt 0.5367955 0.5849999
vt 0.7027663 0.7032352
vt 0.5999479 0.0055883
vt 0.7032882 0.6914707
vt 0.8572547 0.7726469
vt 0.8572547 0.8091175
vt 0.8572547 0.8114703
vt 0.8572547 0.8420590
vt 0.2956681 0.7302941
vt 0.5380675 0.5899526
vt 0.7314718 0.1744118
vt 0.7314718 0.1791174
vt 0.7314718 0.1861763
vt 0.7043319 0.7538232
vt 0.8577766 0.8114703
vt 0.7319937 0.1673528
vt 0.8582985 0.8067647
vt 0.3081941 0.0061764
vt 0.7325156 0.1673528
vt 0.7053757 0.7208824
vt 0.7053757 0.7338233
vt 0.5396469 0.5875441
vt 0.7058976 0.7338233
vt 0.7058976 0.7561766
vt 0.6030792 0.0055883
vt 0.7439980 0.6938235
vt 0.7335596 0.1873527
vt 0.7064197 0.7220588
vt 0.7064197 0.7561766
vt 0.2982778 0.7232352
vt 0.7340815 0.1673528
vt 0.3280272 0.5738235
vt 0.7346034 0.1638139
vt 0.7346034 0.1645217
vt 0.7346034 0.1673528
vt 0.8609082 0.7702941
vt 0.2993216 0.7232352
vt 0.3285491 0.5738235
vt 0.8611142 0.8149174
vt 0.8611964 0.8147716
vt 0.7455637 0.6938235
vt 0.7079854 0.7138234
vt 0.7079854 0.7220588
vt 0.7079854 0.7550002
vt 0.2998434 0.7244119
vt 0.3113257 0.0061764
vt 0.8858242 0.0425065
vt 0.4157098 0.0044116
vt 0.0023486 0.5320589
vt 0.0028705 0.4897057
vt 0.0028705 0.5238235
vt 0.7100730 0.7126470
vt 0.7100730 0.7361767
vt 0.0033924 0.5238235
vt 0.7481734 0.7467649
vt 0.7381548 0.1637580
vt 0.7486953 0.6879409
vt 0.7700940 0.0258000
vt 0.7700940 0.0314705
vt 0.7111170 0.6879409
vt 0.7111170 0.7126470
vt 0.3144573 0.0038236
vt 0.7492172 0.7232352
vt 0.7497391 0.6879409
vt 0.7497391 0.7232352
vt 0.8896138 0.0832352
vt 0.0060021 0.5320589
vt 0.4882568 0.0397058
vt 0.3337683 0.5602941
vt 0.6098643 0.0067646
vt 0.2972338 0.4067648
vt 0.7132045 0.6879409
vt 0.4887787 0.0397058
vt 0.0519311 0.0267646
vt 0.8906575 0.0832352
vt 0.7730357 0.0257398
vt 0.7142483 0.6879409
vt 0.7142483 0.7349997
vt 0.3061064 0.7044116
vt 0.3175886 0.0038236
vt 0.3687368 0.9650001
vt 0.3687368 0.9744119
vt 0.3687368 0.9967646
vt 0.7737475 0.0257270
vt 0.7737475 0.0314705
vt 0.3066285 0.7044116
vt 0.3358561 0.5491177
vt 0.3358561 0.5602941
vt 0.0534970 0.0267646
vt 0.3692590 0.9650001
vt 0.7685283 0.5885296
vt 0.7152924 0.7114706
vt 0.3186327 0.0067646
vt 0.0540189 0.0302941
vt 0.7163361 0.7338233
vt 0.3374217 0.5985293
vt 0.0550626 0.0226472
vt 0.3708247 0.9614706
vt 0.8937891 0.0425917
vt 0.8937891 0.0450002
vt 0.1808455 0.0461764
vt 0.1808455 0.0508826
vt 0.0555845 0.0314705
vt 0.5592380 0.7561764
vt 0.1813674 0.0379410
vt 0.0561064 0.0226472
vt 0.5597599 0.6867648
vt 0.5597599 0.7214706
vt 0.7711377 0.5544117
vt 0.7179018 0.6879409
vt 0.7179018 0.6926471
vt 0.8713465 0.7926468
vt 0.5602818 0.6867648
vt 0.5602818 0.7214706
vt 0.5602818 0.7561764
vt 0.0571502 0.0226472
vt 0.3729122 0.9267646
vt 0.7189458 0.7102942
vt 0.0576724 0.0226472
vt 0.0576724 0.0314705
vt 0.3734344 0.9267646
vt 0.2048539 0.1308824
vt 0.8729124 0.8279410
vt 0.3113258 0.7402941
vt 0.3113258 0.7420587
vt 0.3405533 0.6085293
vt 0.8734343 0.7926468
vt 0.2664406 0.2673529
vt 0.3410752 0.6085293
vt 0.0587161 0.0226472
vt 0.8739562 0.7714705
vt 0.8739562 0.8420590
vt 0.2060833 0.1308824
vt 0.8977378 0.0427215
vt 0.7742693 0.6073531
vt 0.1850209 0.0438236
vt 0.1850209 0.0461764
vt 0.1850209 0.0508826
vt 0.0143528 0.5367645
vt 0.3128914 0.7526472
vt 0.3421190 0.6032352
vt 0.3421190 0.6085293
vt 0.3755219 0.9279413
vt 0.2068198 0.1308824
vt 0.1855427 0.0379410
vt 0.2680062 0.2850000
vt 0.3134133 0.6861766
vt 0.3134133 0.7120588
vt 0.3134133 0.7402941
vt 0.3760438 0.9220587
vt 0.8755218 0.8338236
vt 0.3139352 0.6861766
vt 0.3431628 0.5849999
vt 0.3765657 0.9179413
vt 0.2078867 0.1308824
vt 0.8760437 0.8338236
vt 0.8760437 0.8350000
vt 0.8760437 0.8408826
vt 0.3149792 0.7473531
vt 0.3149792 0.7491177
vt 0.7608053 0.7232352
vt 0.7768790 0.5720588
vt 0.7236431 0.7326469
vt 0.3155011 0.7002942
vt 0.3781316 0.9179413
vt 0.8776097 0.8361764
vt 0.8776097 0.8408826
vt 0.3087161 0.4067648
vt 0.3457725 0.6032352
vt 0.3457725 0.6085293
vt 0.7930585 0.5544116
vt 0.7930585 0.5644119
vt 0.7930585 0.5867646
vt 0.7930585 0.6085294
vt 0.3791754 0.9620588
vt 0.7935804 0.5638234
vt 0.3796973 0.9620588
vt 0.7633089 0.7055880
vt 0.7633089 0.7232352
vt 0.7633089 0.7373531
vt 0.7633089 0.7561766
vt 0.7528705 0.1626834
vt 0.7528705 0.1732354
vt 0.7528705 0.1861763
vt 0.7941022 0.5544116
vt 0.3802192 0.9449999
vt 0.8217640 0.1544116
vt 0.7946241 0.5544116
vt 0.7946241 0.5638234
vt 0.7537551 0.1632651
vt 0.3108036 0.4338237
vt 0.8802191 0.7926468
vt 0.2732254 0.2850000
vt 0.7951460 0.5626470
vt 0.7951460 0.5867646
vt 0.3113258 0.4338237
vt 0.3483822 0.5491177
vt 0.3483822 0.5714707
vt 0.7781842 0.0314622
vt 0.7784448 0.0255880
vt 0.7888832 0.0255882
vt 0.3489041 0.5985293
vt 0.7961901 0.5626470
vt 0.3823070 0.9102941
vt 0.3823070 0.9449999
vt 0.3823070 0.9732352
vt 0.7894051 0.0314708
vt 0.0216598 0.4967646
vt 0.0216598 0.5226472
vt 0.3494259 0.5755881
vt 0.3494259 0.6085293
vt 0.7967119 0.5591175
vt 0.3828289 0.9620588
vt 0.7794594 0.0313065
vt 0.7972338 0.5644119
vt 0.7972338 0.5873528
vt 0.7972338 0.6085294
vt 0.3833507 0.9526471
vt 0.3833507 0.9726470
vt 0.7826200 0.5897060
vt 0.0227035 0.5249999
vt 0.7977557 0.5967646
vt 0.7977557 0.6055881
vt 0.3838726 0.9626470
vt 0.7831419 0.5897060
vt 0.7805323 0.0255880
vt 0.7805323 0.0311418
vt 0.0232254 0.4932355
vt 0.3843945 0.9526471
vt 0.3843945 0.9620588
vt 0.3843945 0.9626470
vt 0.3843945 0.9726470
vt 0.3843945 0.9820588
vt 0.2157731 0.1423687
vt 0.0237473 0.4932355
vt 0.0237473 0.5426471
vt 0.7987995 0.5632352
vt 0.7987995 0.5638234
vt 0.7987995 0.5967646
vt 0.3849164 0.9644116
vt 0.3849164 0.9891177
vt 0.3228078 0.7561763
vt 0.3854383 0.9891177
vt 0.3854383 0.9973528
vt 0.3155012 0.4114704
vt 0.3859605 0.9626470
vt 0.3859605 0.9973528
vt 0.7822669 0.0311738
vt 0.7695721 0.7055880
vt 0.7852297 0.5897060
vt 0.7930585 0.0255882
vt 0.8854385 0.7726469
vt 0.8854385 0.7926468
vt 0.8854385 0.8138237
vt 0.8854385 0.8420590
vt 0.3864823 0.9626470
vt 0.4308456 0.0126470
vt 0.3536013 0.5755881
vt 0.3536013 0.6085293
vt 0.4313674 0.0173532
vt 0.3875261 0.9973528
vt 0.7841858 0.0255880
vt 0.7841858 0.0312093
vt 0.2800104 0.2867646
vt 0.2800104 0.3020590
vt 0.6156054 0.3338235
vt 0.9110125 0.0508821
vt 0.4324112 0.0126470
vt 0.6161273 0.3244117
vt 0.6161273 0.3432352
vt 0.9114650 0.0417015
vt 0.3890918 0.8932352
vt 0.3890918 0.9626470
vt 0.2205114 0.1473532
vt 0.2205114 0.1495938
vt 0.2205114 0.1544116
vt 0.7883611 0.6085295
vt 0.3269832 0.7002942
vt 0.3269832 0.7279410
vt 0.3269832 0.7561763
vt 0.6171711 0.3244117
vt 0.6171711 0.3332353
vt 0.6171711 0.3338235
vt 0.3896137 0.9279413
vt 0.9652924 0.1538238
vt 0.7586118 0.1873527
vt 0.6735387 0.2301831
vt 0.6735387 0.2301952
vt 0.6735387 0.2620585
vt 0.4167538 0.4991176
vt 0.4167538 0.5308821
vt 0.4167538 0.5344119
vt 0.3656055 0.5850001
vt 0.8191546 0.0067649
vt 0.1098644 0.0314708
vt 0.6140398 0.1250000
vt 0.8750001 0.4479413
vt 0.6176932 0.3085295
vt 0.6176932 0.3161763
vt 0.6176932 0.3214707
vt 0.6176932 0.3220589
vt 0.6176932 0.3273530
vt 0.6176932 0.3438234
vt 0.1521400 0.8938234
vt 0.1521400 0.9208823
vt 0.1521400 0.9285295
vt 0.7591325 0.1627017
vt 0.7591337 0.1626472
vt 0.1103863 0.0232355
vt 0.6145617 0.1050001
vt 0.6182151 0.3279412
vt 0.1526619 0.9626470
vt 0.6741415 0.2302367
vt 0.9663362 0.1397058
vt 0.3666493 0.5497058
vt 0.1531838 0.8938234
vt 0.4183194 0.4932350
vt 0.8765658 0.4773530
vt 0.1537057 0.9026470
vt 0.1537057 0.9973528
vt 0.1542275 0.8938234
vt 0.1542275 0.9067646
vt 0.1547494 0.9208823
vt 0.6208246 0.3120590
vt 0.3692588 0.5497058
vt 0.6213464 0.3279412
vt 0.6213464 0.3438234
vt 0.1557932 0.8991178
vt 0.4209291 0.4991176
vt 0.6698853 0.0173530
vt 0.6218686 0.3161763
vt 0.6218686 0.3214707
vt 0.6218686 0.3220589
vt 0.6218686 0.3273530
vt 0.4214510 0.5344119
vt 0.1568372 0.8620589
vt 0.1568372 0.8914706
vt 0.9700229 0.1543569
vt 0.9704205 0.1463552
vt 0.1150324 0.0240575
vt 0.4219729 0.5426472
vt 0.3708247 0.5850001
vt 0.1573591 0.8673530
vt 0.1150929 0.0232355
vt 0.9708864 0.1335515
vt 0.9709856 0.1334174
vt 0.9709887 0.1367093
vt 0.3713466 0.5850001
vt 0.1156054 0.0232355
vt 0.9715553 0.1326469
vt 0.6860647 0.0585296
vt 0.6860647 0.0738233
vt 0.8828287 0.4473531
vt 0.4251045 0.5179411
vt 0.4251045 0.5261765
vt 0.4251045 0.5402938
vt 0.1604907 0.8620589
vt 0.1604907 0.9455881
vt 0.6824114 0.2455884
vt 0.3744782 0.5838237
vt 0.1610126 0.9626470
vt 0.1615345 0.8620589
vt 0.4266702 0.5179411
vt 0.6897181 0.0585296
vt 0.6897181 0.0726469
vt 0.0722860 0.0120214
vt 0.0722860 0.0173529
vt 0.9016179 0.2226472
vt 0.1631002 0.9973528
vt 0.4287577 0.5179411
vt 0.3786535 0.5673530
vt 0.9037057 0.2226472
vt 0.8327245 0.0067649
vt 0.1657099 0.9626470
vt 0.4308455 0.5179411
vt 0.1662317 0.9626470
vt 0.0759343 0.0119141
vt 0.6286534 0.1050001
vt 0.4318893 0.5179411
vt 0.4318893 0.5367646
vt 0.3275052 0.0244119
vt 0.3275052 0.0314708
vt 0.8955991 0.0802940
vt 0.9063152 0.2167646
vt 0.7745388 0.1626472
vt 0.1683193 0.9279413
vt 0.9071800 0.2177391
vt 0.7752986 0.1626690
vt 0.1688415 0.9279413
vt 0.7753142 0.1626686
vt 0.6905586 0.2313043
vt 0.8922235 0.4761766
vt 0.0790710 0.0117839
vt 0.0790710 0.0173529
vt 0.7763570 0.1873527
vt 0.6912840 0.2620585
vt 0.6917703 0.2313654
vt 0.7768789 0.1626472
vt 0.1704071 0.9091177
vt 0.3311586 0.0244119
vt 0.3311586 0.0314708
vt 0.3849164 0.5497058
vt 0.3849164 0.5673530
vt 0.6930247 0.2315217
vt 0.0810589 0.0119895
vt 0.6933715 0.2620585
vt 0.4365866 0.5355883
vt 0.3854383 0.5685294
vt 0.8389874 0.0067649
vt 0.3332465 0.0244119
vt 0.6865868 0.0132354
vt 0.6865868 0.0149999
vt 0.0827245 0.0119590
vt 0.0827245 0.0173529
vt 0.1735387 0.8797058
vt 0.3875261 0.5685294
vt 0.3875261 0.6085292
vt 0.4391963 0.5355883
vt 0.1745825 0.9620588
vt 0.4934759 0.0397059
vt 0.4934759 0.0450000
vt 0.9142789 0.2094211
vt 0.9157099 0.2061765
vt 0.4423278 0.5426472
vt 0.4955638 0.0455882
vt 0.4955638 0.0508823
vt 0.3917015 0.5861765
vt 0.9169578 0.2061765
vt 0.7001566 0.2455884
vt 0.9021399 0.4755884
vt 0.4971294 0.0397059
vt 0.4971294 0.0450000
vt 0.9026617 0.4755884
vt 0.1798016 0.9620588
vt 0.4449373 0.4932350
vt 0.4449373 0.5426472
vt 0.1803235 0.9967646
vt 0.7022441 0.2455884
vt 0.4454592 0.4967648
vt 0.9183193 0.0691174
vt 0.7575677 0.9649999
vt 0.9037055 0.4461764
vt 0.9188415 0.0620590
vt 0.1813675 0.9267646
vt 0.1813675 0.9750001
vt 0.1813675 0.9973528
vt 0.7032882 0.2455884
vt 0.9193633 0.0738235
vt 0.4997391 0.0455882
vt 0.4997391 0.0508823
vt 0.7596555 0.9649999
vt 0.1829332 0.9750001
vt 0.1829332 0.9879410
vt 0.4480689 0.5308821
vt 0.5013048 0.0397059
vt 0.5013048 0.0450000
vt 0.9120563 0.0802940
vt 0.4485908 0.5308821
vt 0.1839770 0.9973528
vt 0.3379435 0.0302939
vt 0.3384654 0.0314703
vt 0.7617431 0.9420587
vt 0.1850208 0.9879410
vt 0.7066386 0.2328034
vt 0.5033926 0.0455882
vt 0.5033926 0.0508823
vt 0.1203028 0.0314706
vt 0.1855429 0.9067646
vt 0.1855429 0.9267646
vt 0.1855429 0.9885295
vt 0.9089249 0.4455882
vt 0.1860648 0.8973529
vt 0.1860648 0.9973528
vt 0.9236760 0.0625318
vt 0.9237167 0.0620590
vt 0.9143868 0.0971036
vt 0.9240606 0.0620590
vt 0.7633090 0.9073529
vt 0.0874217 0.0132354
vt 0.0874217 0.0173528
vt 0.8739562 0.2620588
vt 0.1871086 0.9885295
vt 0.9154759 0.0981033
vt 0.9154870 0.0980894
vt 0.0879436 0.0132354
vt 0.0879436 0.0173528
vt 0.7093057 0.2330351
vt 0.3744780 0.0314708
vt 0.8749999 0.2544119
vt 0.1881524 0.9273531
vt 0.7097818 0.2330690
vt 0.7099989 0.2331310
vt 0.3749999 0.0244118
vt 0.7653966 0.9544117
vt 0.8755218 0.2532352
vt 0.1886742 0.9067646
vt 0.1891961 0.9267646
vt 0.1891961 0.9614706
vt 0.9282360 0.2073529
vt 0.9125784 0.4844116
vt 0.1484865 0.0791174
vt 0.4548539 0.4955884
vt 0.9287579 0.2085293
vt 0.7669625 0.9814706
vt 0.8770878 0.2467647
vt 0.1902402 0.9955882
vt 0.1907621 0.8679412
vt 0.8776097 0.2414706
vt 0.1907621 0.9955882
vt 0.9298017 0.2085293
vt 0.8781315 0.2597060
vt 0.1260439 0.0232352
vt 0.1229123 0.4267647
vt 0.1229123 0.4291175
vt 0.1229123 0.4297060
vt 0.8786534 0.2544119
vt 0.1265657 0.0232352
vt 0.4569415 0.4955884
vt 0.1239561 0.4297060
vt 0.4574634 0.4955884
vt 0.3791753 0.0244118
vt 0.3791753 0.0291174
vt 0.1244780 0.3932354
vt 0.1244780 0.4114707
vt 0.1244780 0.4208824
vt 0.1281314 0.0238234
vt 0.9167538 0.4432354
vt 0.1255220 0.3932354
vt 0.1255220 0.4020589
vt 0.2148613 0.0738236
vt 0.9172757 0.4832352
vt 0.8812631 0.2414706
vt 0.8812631 0.2467647
vt 0.2153013 0.0738236
vt 0.9319274 0.0641823
vt 0.9324064 0.0636640
vt 0.4595512 0.5073530
vt 0.9324113 0.0597056
vt 0.7716598 0.9079411
vt 0.1265658 0.4114707
vt 0.9324601 0.0636059
vt 0.7721816 0.9079411
vt 0.9183194 0.4702940
vt 0.4799061 0.5426469
vt 0.9329907 0.0645202
vt 0.9330260 0.0597056
vt 0.8828288 0.2555883
vt 0.4809498 0.5426469
vt 0.2176272 0.0738236
vt 0.4814717 0.5426469
vt 0.8838726 0.2532352
vt 0.8838726 0.2585293
vt 0.1317849 0.0238234
vt 0.1317849 0.0291178
vt 0.2184237 0.0738236
vt 0.4626828 0.5426472
vt 0.9360648 0.0597056
vt 0.2198341 0.0693057
vt 0.1573591 0.0979409
vt 0.6944155 0.0708824
vt 0.7763570 0.9973529
vt 0.6949374 0.0614706
vt 0.1312631 0.4102940
vt 0.6954593 0.0708824
vt 0.9376428 0.0652193
vt 0.9287578 0.0814704
vt 0.9381524 0.0597056
vt 0.7774008 0.9950001
vt 0.7815762 0.1873529
vt 0.6959812 0.0614706
vt 0.8901356 0.8420590
vt 0.7779227 0.9432354
vt 0.8880479 0.2532352
vt 0.8906575 0.8067647
vt 0.7784446 0.9432354
vt 0.6970249 0.0626470
vt 0.6970249 0.0720588
vt 0.2227572 0.0664571
vt 0.8911797 0.7750002
vt 0.2158143 0.1049999
vt 0.6975471 0.0626470
vt 0.7794886 0.9720589
vt 0.6985909 0.0626470
vt 0.6985909 0.0685293
vt 0.7810543 0.9491177
vt 0.6996346 0.0585293
vt 0.6402033 0.1939707
vt 0.6406576 0.1939707
vt 0.6406576 0.2226472
vt 0.8937891 0.8067647
vt 0.8917014 0.2579411
vt 0.6724947 0.0508826
vt 0.4898225 0.5049999
vt 0.8922233 0.2514706
vt 0.8922233 0.2591178
vt 0.6728693 0.0507392
vt 0.8264615 0.3508824
vt 0.8264615 0.3873531
vt 0.6430346 0.1938732
vt 0.7027662 0.0585293
vt 0.7027662 0.0685293
vt 0.7027662 0.0738237
vt 0.4725992 0.4944120
vt 0.4725992 0.5026468
vt 0.8969207 0.8420590
vt 0.4924322 0.5191175
vt 0.7032881 0.0638234
vt 0.1667536 0.0791174
vt 0.1401357 0.3944117
vt 0.4736430 0.5179411
vt 0.7857515 0.9567648
vt 0.8958768 0.2591178
vt 0.6451295 0.1936259
vt 0.4939978 0.5185293
vt 0.7904488 0.1649999
vt 0.4945197 0.5185293
vt 0.7909707 0.1702942
vt 0.4752089 0.5414708
vt 0.7873174 0.9267646
vt 0.4950419 0.5185293
vt 0.3645617 0.0244119
vt 0.1114301 0.0132354
vt 0.1114301 0.0155882
vt 0.1114301 0.0173528
vt 0.9005742 0.8067647
vt 0.7883612 0.9091175
vt 0.1119520 0.0120587
vt 0.1119520 0.0173528
vt 0.1244781 0.0120588
vt 0.2330376 0.0566572
vt 0.2330376 0.0585293
vt 0.8995303 0.2314707
vt 0.7904488 0.9644117
vt 0.7946241 0.1649999
vt 0.6500521 0.2061765
vt 0.9527661 0.1944119
vt 0.4986951 0.5385295
vt 0.1458767 0.4302942
vt 0.9532882 0.1955883
vt 0.2356473 0.0585293
vt 0.1156055 0.0120587
vt 0.7961901 0.1649999
vt 0.1281316 0.0173529
vt 0.2346034 0.1620586
vt 0.1161274 0.0120587
vt 0.1161274 0.0173528
vt 0.1286535 0.0120588
vt 0.2252088 0.1308824
vt 0.3697808 0.0244119
vt 0.9052714 0.7702941
vt 0.4412839 0.9626472
vt 0.1354384 0.2126470
vt 0.7941022 0.9444118
vt 0.1364822 0.2220588
vt 0.0630770 0.0034979
vt 0.7946241 0.9444118
vt 0.1333506 0.0120589
vt 0.1333506 0.0173530
vt 0.1370041 0.1926471
vt 0.1370041 0.2126470
vt 0.1375260 0.2226470
vt 0.1380481 0.2020589
vt 0.1380481 0.2026471
vt 0.0649792 0.0036052
vt 0.0649792 0.0067647
vt 0.8849166 0.3850002
vt 0.8389876 0.3508824
vt 0.9084030 0.8067647
vt 0.7961901 0.9097060
vt 0.1197809 0.0120587
vt 0.1197809 0.0173528
vt 0.1385700 0.1926471
vt 0.1385700 0.2026471
vt 0.1385700 0.2226470
vt 0.7967119 0.9097060
vt 0.4454593 0.9261765
vt 0.8014092 0.1767647
vt 0.2346033 0.1038235
vt 0.2351252 0.1250001
vt 0.1370041 0.0120589
vt 0.1370041 0.0173530
vt 0.3838726 0.0250000
vt 0.8875260 0.3508823
vt 0.4470250 0.9420588
vt 0.7987995 0.9791176
vt 0.8880479 0.3850002
vt 0.9115343 0.7702941
vt 0.9115343 0.8067647
vt 0.9115343 0.8420590
vt 0.6902402 0.0402938
vt 0.9120565 0.8044119
vt 0.9120565 0.8343020
vt 0.2366911 0.1250001
vt 0.1547496 0.4144117
vt 0.1547496 0.4338234
vt 0.9125042 0.8336805
vt 0.6594468 0.1944119
vt 0.6594468 0.2061765
vt 0.8890919 0.3508823
vt 0.9125784 0.7702941
vt 0.9125784 0.8044119
vt 0.9125784 0.8337163
vt 0.4485909 0.9344119
vt 0.8045408 0.1632353
vt 0.8045408 0.1638235
vt 0.9130347 0.8342454
vt 0.6599687 0.2226472
vt 0.4491128 0.9344119
vt 0.5086117 0.4938235
vt 0.3327244 0.1932352
vt 0.3327244 0.2026469
vt 0.3327244 0.2120587
vt 0.3327244 0.2167649
vt 0.4496347 0.9420588
vt 0.3870042 0.0302941
vt 0.8906576 0.3508823
vt 0.3875261 0.0250000
vt 0.1411795 0.0120589
vt 0.1411795 0.0173530
vt 0.9155165 0.8342293
vt 0.8076721 0.1767647
vt 0.2362010 0.1500449
vt 0.2363825 0.1498752
vt 0.2366911 0.1308824
vt 0.4527663 0.9973530
vt 0.5122652 0.5144116
vt 0.6427454 0.4955884
vt 0.3906577 0.0314705
vt 0.3917014 0.0261764
vt 0.3922233 0.0244118
vt 0.3922233 0.0297059
vt 0.2393005 0.1508823
vt 0.2393005 0.1544115
vt 0.5441022 0.5602938
vt 0.5441022 0.5955881
vt 0.9198851 0.8314708
vt 0.9198851 0.8345795
vt 0.9204072 0.8420590
vt 0.5159187 0.5267647
vt 0.5159187 0.5344119
vt 0.1636222 0.3985294
vt 0.9211822 0.8314708
vt 0.8979646 0.3508823
vt 0.7001566 0.0402938
vt 0.5461900 0.6038235
vt 0.6542276 0.7691174
vt 0.6542276 0.7714708
vt 0.6542276 0.8067645
vt 0.6479645 0.5250001
vt 0.6547495 0.7714708
vt 0.6547495 0.8032353
vt 0.5180062 0.4973530
vt 0.3958768 0.0244118
vt 0.6548750 0.8391846
vt 0.6552713 0.8338234
vt 0.9230167 0.7867648
vt 0.9230167 0.8208821
vt 0.9428496 0.0597058
vt 0.5493216 0.5602938
vt 0.2554802 0.1620586
vt 0.2554802 0.1867647
vt 0.6510961 0.5250001
vt 0.5498435 0.5602938
vt 0.4616389 0.9773530
vt 0.3452505 0.2167649
vt 0.2560021 0.1610927
vt 0.2560021 0.1867647
vt 0.6584029 0.7714708
vt 0.2507829 0.1126471
vt 0.4621608 0.9261765
vt 0.2560892 0.1610874
vt 0.9031837 0.3861766
vt 0.2513048 0.1126471
vt 0.1693632 0.4338234
vt 0.6526617 0.5250001
vt 0.9271920 0.8244119
vt 0.5227035 0.4979412
vt 0.9162316 0.0426469
vt 0.5520231 0.6051383
vt 0.6537055 0.5179411
vt 0.2528704 0.1038235
vt 0.4371087 0.0126471
vt 0.4371087 0.0149999
vt 0.4371087 0.0173530
vt 0.8598644 0.3508824
vt 0.6615345 0.7891174
vt 0.9485909 0.0655881
vt 0.2594878 0.1608822
vt 0.9063153 0.3520587
vt 0.5540188 0.5955881
vt 0.5253132 0.5273529
vt 0.8415971 0.1638235
vt 0.8415971 0.1691176
vt 0.1714510 0.0791177
vt 0.2669624 0.1700497
vt 0.2669624 0.1708271
vt 0.2669624 0.1709143
vt 0.2669624 0.1767646
vt 0.6557933 0.5179411
vt 0.5545407 0.5955881
vt 0.5258351 0.5273529
vt 0.8222860 0.1626471
vt 0.8222860 0.1649999
vt 0.1719728 0.0979413
vt 0.8426409 0.1785293
vt 0.6568371 0.5426472
vt 0.8431628 0.1714706
vt 0.9198851 0.0426469
vt 0.9198851 0.0479413
vt 0.3509916 0.1932352
vt 0.4679018 0.9114707
vt 0.9204070 0.0414705
vt 0.5566283 0.6061763
vt 0.4684237 0.9502941
vt 0.4684237 0.9520587
vt 0.2622723 0.1756595
vt 0.2623876 0.1608822
vt 0.2624520 0.1871686
vt 0.9094469 0.3520587
vt 0.9214511 0.0508823
vt 0.9522444 0.0708825
vt 0.6589249 0.5426472
vt 0.9334552 0.7702941
vt 0.9334552 0.8044119
vt 0.9334552 0.8067647
vt 0.5289667 0.5244119
vt 0.9219729 0.0414705
vt 0.9527663 0.0655881
vt 0.2703407 0.1669739
vt 0.5581942 0.5602938
vt 0.9339771 0.7714705
vt 0.9339771 0.8420590
vt 0.8457725 0.1638235
vt 0.3536013 0.2226469
vt 0.9110125 0.3685294
vt 0.9344990 0.8197057
vt 0.5300105 0.5255883
vt 0.8462944 0.1708824
vt 0.9345252 0.8409362
vt 0.6604906 0.5426472
vt 0.9350209 0.8197057
vt 0.1777140 0.4255883
vt 0.3546450 0.2049997
vt 0.4715553 0.9573528
vt 0.8473382 0.1714706
vt 0.8473382 0.1767647
vt 0.3713465 0.2332354
vt 0.9360115 0.8409216
vt 0.5602818 0.5955881
vt 0.6683193 0.8067645
vt 0.9360646 0.8055883
vt 0.8478600 0.1632353
vt 0.8478600 0.1832352
vt 0.1787577 0.4161766
vt 0.5608036 0.5955881
vt 0.3723903 0.2332354
vt 0.9558976 0.0685294
vt 0.1792796 0.4255883
vt 0.5613258 0.5602938
vt 0.9371087 0.8408826
vt 0.4731212 0.9561764
vt 0.6698853 0.7714708
vt 0.9376306 0.8385292
vt 0.4736431 0.9402942
vt 0.9569416 0.0685294
vt 0.0545408 0.0461764
vt 0.1792798 0.0791177
vt 0.4741650 0.9414706
vt 0.8499479 0.1632353
vt 0.0550627 0.0455882
vt 0.1808456 0.4297060
vt 0.3573084 0.2169646
vt 0.4746869 0.9408824
vt 0.4746869 0.9767648
vt 0.3744781 0.2349999
vt 0.0555846 0.0461764
vt 0.1813674 0.4261765
vt 0.1803236 0.0979413
vt 0.2758351 0.1720590
vt 0.2758351 0.1873527
vt 0.3750000 0.2444117
vt 0.1818893 0.4255883
vt 0.5639352 0.5532355
vt 0.5352296 0.5114706
vt 0.3755219 0.2620588
vt 0.2767223 0.1611175
vt 0.8713465 0.5414707
vt 0.8520354 0.1632353
vt 0.8520354 0.1832352
vt 0.3760438 0.2349999
vt 0.3760438 0.2555884
vt 0.9595511 0.0597058
vt 0.6730166 0.7679410
vt 0.5362734 0.4938235
vt 0.5362734 0.5426469
vt 0.8525573 0.1626471
vt 0.8525573 0.1873529
vt 0.3603863 0.2049997
vt 0.9177976 0.3520587
vt 0.8723905 0.5179410
vt 0.8723905 0.5191174
vt 0.4772966 0.9026471
vt 0.9183195 0.3520587
vt 0.8723905 0.3814705
vt 0.4778185 0.9355883
vt 0.4778185 0.9361765
vt 0.3776097 0.2291177
vt 0.2789666 0.1661764
vt 0.6677975 0.4979412
vt 0.6677975 0.5179411
vt 0.6677975 0.5379410
vt 0.1850209 0.4161766
vt 0.0592380 0.0402941
vt 0.1850209 0.4255883
vt 0.2575679 0.1038232
vt 0.4005741 0.0244119
vt 0.6751044 0.8232352
vt 0.9428497 0.7879412
vt 0.4788622 0.9573528
vt 0.4788622 0.9767648
vt 0.1855428 0.4291175
vt 0.4793841 0.9967648
vt 0.2803872 0.1659022
vt 0.2804448 0.1689417
vt 0.4016179 0.0244119
vt 0.9438935 0.8044119
vt 0.4799060 0.9626472
vt 0.4799060 0.9973530
vt 0.5394050 0.5426469
vt 0.3796972 0.2291177
vt 0.3796972 0.2555884
vt 0.0608037 0.0432354
vt 0.0608037 0.0485295
vt 0.2805510 0.1656805
vt 0.2806719 0.1655171
vt 0.2808276 0.1790253
vt 0.2810234 0.1873527
vt 0.9444154 0.8044119
vt 0.8562108 0.1626471
vt 0.8562108 0.1873529
vt 0.1458767 0.0173529
vt 0.0613256 0.0402941
vt 0.2592289 0.1038232
vt 0.9214508 0.3873530
vt 0.8368997 0.1779411
vt 0.1463986 0.0120588
vt 0.8760440 0.3814705
vt 0.8760440 0.3873531
vt 0.1730168 0.5591175
vt 0.1730168 0.5838236
vt 0.1730168 0.6085294
vt 0.2606807 0.1058042
vt 0.1871086 0.0791177
vt 0.9652924 0.0732353
vt 0.4548539 0.0126471
vt 0.4548539 0.0173530
vt 0.9235386 0.3532351
vt 0.1918059 0.0932350
vt 0.4830376 0.9579413
vt 0.4553758 0.0126471
vt 0.3666433 0.2026561
vt 0.3666433 0.2026560
vt 0.3666493 0.2026469
vt 0.9475470 0.8420590
vt 0.5430584 0.5244119
vt 0.4558977 0.0173530
vt 0.8791753 0.4967646
vt 0.4840814 0.9255883
vt 0.1495302 0.0120588
vt 0.2225990 0.0979413
vt 0.4851251 0.9114707
vt 0.5446241 0.4944117
vt 0.5738519 0.6061763
vt 0.8802193 0.3508824
vt 0.6818895 0.7714708
vt 0.6818895 0.7902944
vt 0.6818895 0.8161763
vt 0.6818895 0.8408824
vt 0.2111170 0.5485292
vt 0.2111170 0.5732353
vt 0.2111170 0.6085296
vt 0.9501567 0.7702941
vt 0.9501567 0.8044119
vt 0.1954593 0.0932350
vt 0.2116389 0.5732353
vt 0.9506785 0.7702941
vt 0.9506785 0.8420590
vt 0.5461900 0.5185293
vt 0.8823069 0.5085292
vt 0.2121608 0.5991178
vt 0.2121608 0.6085296
vt 0.4872130 0.8979412
vt 0.8828288 0.4967646
vt 0.9517223 0.8044119
vt 0.9710334 0.0738235
vt 0.5764613 0.6085297
vt 0.4882567 0.9626472
vt 0.5477557 0.4997058
vt 0.6850208 0.7726472
vt 0.6850208 0.8067645
vt 0.5482776 0.4997058
vt 0.5080897 0.0397060
vt 0.5080897 0.0450001
vt 0.5080897 0.0455883
vt 0.5080897 0.0508823
vt 0.1980688 0.0791177
vt 0.6855427 0.8067645
vt 0.6855427 0.8420588
vt 0.6865867 0.7679410
vt 0.0712423 0.0373528
vt 0.3026900 0.0426888
vt 0.6871086 0.7726472
vt 0.6871086 0.8067645
vt 0.6871086 0.8420588
vt 0.4908664 0.9773530
vt 0.6876305 0.7726472
vt 0.6876305 0.8067645
vt 0.6876305 0.8397060
vt 0.0722860 0.0373528
vt 0.0722860 0.0467646
vt 0.2706158 0.1250002
vt 0.8870042 0.5308825
vt 0.2168580 0.5861763
vt 0.0728079 0.0467646
vt 0.4924321 0.9173530
vt 0.5117432 0.0397060
vt 0.5117432 0.0450001
vt 0.8880479 0.5085292
vt 0.8880479 0.5097056
vt 0.3050625 0.0385292
vt 0.5811586 0.5532355
vt 0.5122651 0.0455883
vt 0.5122651 0.0508823
vt 0.2304339 0.0863942
vt 0.4934759 0.9173530
vt 0.5529748 0.4949999
vt 0.9767744 0.0597058
vt 0.2731117 0.1250002
vt 0.9230168 0.4573527
vt 0.1860648 0.5479412
vt 0.2735742 0.1250002
vt 0.2741398 0.1250002
vt 0.5837683 0.5720590
vt 0.2215553 0.5614708
vt 0.2215553 0.5732353
vt 0.2215553 0.5849999
vt 0.0775052 0.0497059
vt 0.9261481 0.4432354
vt 0.1891961 0.6038235
vt 0.0785489 0.0497059
vt 0.2352939 0.0792314
vt 0.2353036 0.0792172
vt 0.2353447 0.0791566
vt 0.2353537 0.0791433
vt 0.4981734 0.9138235
vt 0.5868999 0.5744118
vt 0.4986953 0.9138235
vt 0.0795930 0.0455882
vt 0.3112758 0.0486278
vt 0.3112758 0.0486278
vt 0.4992172 0.8997058
vt 0.1907621 0.5532352
vt 0.1907621 0.5779410
vt 0.1542276 0.0120588
vt 0.0806368 0.0408823
vt 0.3123131 0.0478816
vt 0.1547495 0.0173528
vt 0.0811586 0.0420587
vt 0.0811586 0.0497059
vt 0.3125211 0.0494885
vt 0.3126687 0.0506286
vt 0.9292797 0.4620589
vt 0.9292797 0.4844116
vt 0.3130888 0.0498809
vt 0.5893839 0.5714273
vt 0.9298016 0.4444118
vt 0.2262525 0.5849999
vt 0.2267744 0.5614708
vt 0.5018266 0.9573528
vt 0.0832465 0.0420587
vt 0.0832465 0.0438236
vt 0.0832465 0.0455882
vt 0.5910752 0.5712809
vt 0.5910752 0.5767646
vt 0.9313675 0.4808824
vt 0.5028706 0.9561764
vt 0.7977558 0.0255883
vt 0.7977558 0.0314706
vt 0.3155011 0.0455882
vt 0.9318894 0.4808824
vt 0.5033925 0.9555882
vt 0.1578811 0.0120588
vt 0.9324113 0.4455882
vt 0.9324113 0.4808824
vt 0.0848121 0.0420587
vt 0.5922753 0.5712343
vt 0.5926409 0.5791174
vt 0.7993215 0.0255883
vt 0.7993215 0.0314706
vt 0.9877348 0.0738235
vt 0.5936847 0.5802944
vt 0.2847076 0.2673528
vt 0.2847076 0.3020589
vt 0.2145830 0.0978956
vt 0.2145835 0.0979029
vt 0.9344988 0.4644117
vt 0.2309498 0.5485292
vt 0.5947287 0.5711390
vt 0.5947287 0.5767646
vt 0.5947287 0.5814708
vt 0.5065241 0.9573528
vt 0.5065241 0.9867648
vt 0.1625784 0.0150000
vt 0.1625784 0.0167646
vt 0.9021400 0.5426471
vt 0.5649792 0.7455885
vt 0.5070460 0.9973530
vt 0.1631003 0.0144118
vt 0.1631003 0.0167646
vt 0.5655011 0.6867645
vt 0.5655011 0.7208824
vt 0.1636222 0.0138236
vt 0.2166582 0.0873019
vt 0.9031837 0.5214708
vt 0.2330376 0.5485292
vt 0.2330376 0.5732353
vt 0.5660230 0.7208824
vt 0.5675887 0.4949999
vt 0.5675887 0.5232352
vt 0.9266702 0.0414706
vt 0.5665449 0.7208824
vt 0.5665449 0.7561766
vt 0.5681106 0.5420587
vt 0.8436847 0.0067648
vt 0.6912839 0.0132354
vt 0.0895094 0.0467646
vt 0.1646660 0.0120587
vt 0.2179018 0.0802941
vt 0.9042275 0.4967646
vt 0.9042275 0.4979410
vt 0.9042275 0.4991174
vt 0.2340814 0.5732353
vt 0.2340814 0.5979414
vt 0.5091336 0.9297060
vt 0.5091336 0.9461765
vt 0.5091336 0.9467646
vt 0.0900313 0.0444118
vt 0.0900313 0.0491177
vt 0.4313673 0.0314708
vt 0.5096554 0.9467646
vt 0.2888830 0.2673528
vt 0.2888830 0.3014707
vt 0.9282358 0.0508823
vt 0.0905532 0.0508823
vt 0.5981300 0.5532355
vt 0.5982344 0.5534256
vt 0.5982462 0.5534103
vt 0.5982762 0.5533716
vt 0.5101773 0.9155884
vt 0.5101773 0.9297060
vt 0.5101773 0.9320588
vt 0.6928496 0.0132354
vt 0.6928496 0.0173530
vt 0.9287577 0.0414706
vt 0.0910750 0.0420587
vt 0.1662316 0.0173528
vt 0.8040188 0.0267648
vt 0.8040188 0.0274477
vt 0.8040188 0.0301921
vt 0.8040188 0.0302065
vt 0.8040188 0.0317616
vt 0.0696764 0.0032353
vt 0.2732255 0.7650000
vt 0.2732255 0.7738235
vt 0.2732255 0.8073529
vt 0.2732255 0.8420587
vt 0.8050626 0.7692604
vt 0.8050626 0.8074208
vt 0.8050626 0.8420588
vt 0.1015136 0.1870607
vt 0.7079854 0.0635185
vt 0.9762526 0.3016685
vt 0.5441023 0.3951970
vt 0.5441023 0.4321832
vt 0.9391962 0.4439467
vt 0.9391962 0.4633205
vt 0.9391962 0.4826942
vt 0.2439979 0.1309283
vt 0.2439979 0.1332769
vt 0.2439979 0.1391477
vt 0.2439979 0.1503021
vt 0.2439979 0.1544116
vt 0.6980689 0.6349540
vt 0.6980689 0.6425861
vt 0.6631002 0.3501423
vt 0.6631002 0.3871285
vt 0.2857515 0.5094781
vt 0.2857515 0.5253293
vt 0.2857515 0.5341354
vt 0.2857515 0.5423548
vt 0.5148747 0.9181992
vt 0.5148747 0.9334631
vt 0.5148747 0.9375729
vt 0.5148747 0.9434438
vt 0.5148747 0.9604690
vt 0.6030793 0.5568661
vt 0.6030793 0.5668465
vt 0.6030793 0.5733043
vt 0.6030793 0.5738916
vt 0.6030793 0.5756526
vt 0.6030793 0.5762398
vt 0.6030793 0.5785881
vt 0.6030793 0.5838720
vt 0.6030793 0.5856332
vt 0.6030793 0.5985489
vt 0.6030793 0.6044197
vt 0.6030793 0.6067683
vt 0.1020345 0.1600548
vt 0.2445188 0.1503021
vt 0.5153957 0.9334631
vt 0.6036003 0.5862202
vt 0.1025553 0.1600548
vt 0.1025553 0.1870607
vt 0.7090271 0.0734989
vt 0.5451441 0.3951970
vt 0.2450397 0.1532376
vt 0.2450397 0.1544116
vt 0.6991106 0.6425861
vt 0.6991106 0.6795724
vt 0.6641420 0.3601227
vt 0.6641420 0.3859543
vt 0.5159165 0.9011736
vt 0.5159165 0.9187861
vt 0.5159165 0.9375729
vt 0.5456650 0.3951970
vt 0.2455606 0.1332769
vt 0.2455606 0.1532376
vt 0.6996316 0.6179285
vt 0.6646629 0.3501423
vt 0.5164374 0.9164379
vt 0.5164374 0.9410952
vt 0.5164374 0.9604690
vt 0.5164374 0.9974552
vt 0.6046420 0.5721303
vt 0.6046420 0.5862202
vt 0.8071463 0.8074208
vt 0.5780231 0.2565771
vt 0.5169584 0.9011736
vt 0.5169584 0.9604690
vt 0.6051630 0.6032457
vt 0.5467068 0.3951970
vt 0.5467068 0.4321832
vt 0.2466024 0.1544116
vt 0.7006734 0.6373023
vt 0.5472277 0.3951970
vt 0.5180002 0.9974552
vt 0.6062048 0.5991362
vt 0.6062048 0.6079423
vt 0.2763691 0.7650000
vt 0.2764494 0.7660373
vt 0.2765367 0.7650000
vt 0.2765628 0.8023378
vt 0.2765638 0.7650000
vt 0.2766694 0.8420587
vt 0.2767822 0.8073529
vt 0.2768342 0.8420587
vt 0.2768363 0.8420587
vt 0.5477485 0.4321832
vt 0.2476442 0.1379734
vt 0.2893978 0.5341354
vt 0.2893978 0.5423548
vt 0.5185210 0.9604690
vt 0.6067256 0.6079423
vt 0.2769034 0.8363343
vt 0.2770123 0.8134502
vt 0.2771159 0.8420587
vt 0.5482695 0.3951970
vt 0.9433634 0.4633205
vt 0.9433634 0.4826942
vt 0.5190419 0.9604690
vt 0.6072465 0.5862202
vt 0.6072465 0.6085293
vt 0.8097508 0.8074208
vt 0.8097508 0.8420588
vt 0.9809408 0.2711403
vt 0.5487904 0.3951970
vt 0.5806276 0.2295712
vt 0.5195629 0.9974552
vt 0.8102716 0.7727828
vt 0.5493113 0.4321832
vt 0.6082883 0.5862202
vt 0.8107926 0.7704346
vt 0.9819825 0.2805334
vt 0.9819825 0.3016685
vt 0.5498322 0.3951970
vt 0.5816694 0.2565771
vt 0.5206047 0.9604690
vt 0.8113134 0.8074208
vt 0.8113134 0.8420588
vt 0.5503530 0.3951970
vt 0.5503530 0.4321832
vt 0.7043196 0.6419988
vt 0.5821902 0.2295712
vt 0.5211255 0.9604690
vt 0.5211255 0.9974552
vt 0.9830243 0.2711403
vt 0.9830243 0.2805334
vt 0.9459679 0.4633205
vt 0.6098510 0.5873945
vt 0.5513949 0.3951970
vt 0.7053615 0.6414118
vt 0.7053615 0.6613726
vt 0.5221674 0.9023476
vt 0.5221674 0.9604690
vt 0.8128761 0.8074208
vt 0.5519158 0.3951970
vt 0.5226882 0.9557724
vt 0.5226882 0.9675141
vt 0.5226882 0.9863009
vt 0.5226882 0.9974552
vt 0.5524367 0.4321832
vt 0.7064033 0.6279089
vt 0.5232092 0.9023476
vt 0.6114137 0.5738916
vt 0.6114137 0.5873945
vt 0.5529575 0.3951970
vt 0.9480515 0.4439467
vt 0.5237300 0.8994124
vt 0.5237300 0.9863009
vt 0.6119346 0.5868072
vt 0.6119346 0.5909168
vt 0.8144388 0.7704346
vt 0.9856288 0.3022558
vt 0.5534785 0.3957839
vt 0.9485724 0.4445337
vt 0.2533741 0.1538246
vt 0.5242509 0.9545981
vt 0.5242509 0.9675141
vt 0.8149598 0.8074208
vt 0.8149598 0.8420588
vt 0.9861497 0.2682048
vt 0.5539994 0.4327702
vt 0.8142019 0.0289012
vt 0.8154806 0.8068338
vt 0.8154806 0.8420588
vt 0.9496142 0.4826942
vt 0.2544159 0.1344509
vt 0.6134973 0.5868072
vt 0.8144572 0.0261763
vt 0.8160015 0.7721958
vt 0.5550412 0.3957839
vt 0.9501351 0.4633205
vt 0.5258136 0.9082185
vt 0.5258136 0.9974552
vt 0.7194451 0.0617572
vt 0.5555620 0.3957839
vt 0.5555620 0.4327702
vt 0.9506560 0.4826942
vt 0.5263345 0.9974552
vt 0.8157558 0.0287246
vt 0.9511769 0.4445337
vt 0.2559786 0.1367991
vt 0.2977322 0.5253293
vt 0.5566039 0.3957839
vt 0.5566039 0.4327702
vt 0.2982532 0.5423548
vt 0.5273764 0.8994124
vt 0.5273764 0.9557724
vt 0.5273764 0.9716236
vt 0.5273764 0.9874749
vt 0.6155810 0.5873945
vt 0.5571247 0.3969582
vt 0.9522187 0.4445337
vt 0.9522187 0.4639075
vt 0.7110913 0.6425861
vt 0.5278972 0.9874749
vt 0.9527396 0.4457080
vt 0.9527396 0.4826942
vt 0.5284181 0.9199604
vt 0.5284181 0.9211344
vt 0.5284181 0.9704497
vt 0.5284181 0.9868879
vt 0.5284181 0.9974552
vt 0.5581665 0.4339445
vt 0.5289390 0.9211344
vt 0.5289390 0.9704497
vt 0.8196478 0.8068338
vt 0.9908378 0.2682048
vt 0.9908378 0.3022558
vt 0.5586875 0.3969582
vt 0.9913587 0.2699660
vt 0.5592084 0.3946097
vt 0.9543024 0.4457080
vt 0.9543024 0.4738878
vt 0.5299809 0.9540111
vt 0.5299809 0.9868879
vt 0.5597292 0.3946097
vt 0.5597292 0.4315959
vt 0.9548232 0.4439467
vt 0.9548232 0.4826942
vt 0.7136958 0.6613726
vt 0.6187063 0.5762398
vt 0.0856707 0.0065129
vt 0.9924005 0.2893398
vt 0.9553441 0.4650818
vt 0.5310226 0.9974552
vt 0.7246542 0.0588219
vt 0.2606668 0.1456055
vt 0.5315436 0.9046962
vt 0.6197482 0.5850459
vt 0.7251750 0.0617572
vt 0.5612920 0.3946097
vt 0.5612920 0.4315959
vt 0.6202690 0.5850459
vt 0.7256960 0.0670411
vt 0.5618129 0.3946097
vt 0.9569069 0.4738878
vt 0.3034622 0.4924526
vt 0.5325854 0.9833653
vt 0.8217971 0.0283662
vt 0.8232941 0.7721958
vt 0.1197450 0.1600548
vt 0.1197450 0.1635770
vt 0.1197450 0.1706222
vt 0.1197450 0.1835381
vt 0.1197450 0.1870607
vt 0.7262168 0.0711506
vt 0.5623337 0.3946097
vt 0.5623337 0.4315959
vt 0.9574277 0.4433597
vt 0.8238150 0.7721958
vt 0.8238150 0.8068338
vt 0.8238150 0.8420588
vt 0.1902033 0.0394746
vt 0.1902033 0.0500420
vt 0.8264246 0.1541195
vt 0.5628547 0.3946097
vt 0.9579486 0.4633205
vt 0.5336271 0.9551854
vt 0.5336271 0.9833653
vt 0.8243360 0.7727828
vt 0.8243360 0.8074208
vt 0.8243360 0.8420588
vt 0.8269456 0.1347457
vt 0.5633756 0.3963709
vt 0.7173422 0.6425861
vt 0.5341481 0.9551854
vt 0.6223527 0.5715430
vt 0.5346689 0.9792558
vt 0.6228735 0.6032457
vt 0.9965677 0.2699660
vt 0.5649382 0.3963709
vt 0.5649382 0.4333572
vt 0.3065875 0.5165229
vt 0.5654592 0.3957839
vt 0.9605531 0.4451210
vt 0.2653548 0.1544116
vt 0.5972963 0.2295712
vt 0.5362316 0.9317021
vt 0.8269405 0.8074208
vt 0.7298632 0.0588219
vt 0.1938496 0.0429969
vt 0.5665009 0.3957839
vt 0.5665009 0.4327702
vt 0.5670219 0.3957839
vt 0.9621158 0.4832812
vt 0.6259989 0.5785881
vt 0.6259989 0.5815237
vt 0.0926409 0.0044117
vt 0.0926409 0.0066548
vt 0.5680637 0.3957839
vt 0.5680637 0.4327702
vt 0.9631576 0.4592109
vt 0.2679593 0.1379734
vt 0.7220303 0.6202768
vt 0.3097129 0.5411805
vt 0.5388361 0.9780815
vt 0.5388361 0.9792558
vt 0.6270407 0.5715430
vt 0.8295450 0.7727828
vt 0.8295450 0.8074208
vt 0.8295450 0.8420588
vt 0.5685846 0.3957839
vt 0.5685846 0.4327702
vt 0.2684802 0.1544116
vt 0.7225512 0.6208641
vt 0.5393571 0.9974552
vt 0.6275617 0.5733043
vt 0.8300658 0.8074208
vt 0.8300658 0.8420588
vt 0.6280825 0.5574531
vt 0.6280825 0.5686077
vt 0.8305867 0.8074208
vt 0.5696264 0.3957839
vt 0.5696264 0.4327702
vt 0.7235930 0.6314315
vt 0.6286034 0.5674334
vt 0.6286034 0.5815237
vt 0.6286034 0.5838720
vt 0.8311075 0.8420588
vt 0.3712954 0.2228829
vt 0.6693121 0.3505291
vt 0.9652412 0.4451210
vt 0.7241138 0.6302572
vt 0.5409196 0.9780815
vt 0.6291242 0.5727173
vt 0.8316285 0.7727828
vt 0.8316285 0.8074208
vt 0.1980168 0.0377134
vt 0.1980168 0.0471064
vt 0.7345512 0.0740859
vt 0.6698331 0.3505291
vt 0.6698331 0.3875153
vt 0.5706682 0.4133964
vt 0.5706682 0.4333572
vt 0.7246348 0.6302572
vt 0.8321494 0.8074208
vt 0.8321494 0.8420588
vt 0.6703540 0.3505291
vt 0.5419616 0.9064575
vt 0.5419616 0.9082185
vt 0.5419616 0.9898234
vt 0.5419616 0.9945200
vt 0.8326703 0.7727828
vt 0.6708749 0.3505291
vt 0.6708749 0.3875153
vt 0.5424824 0.9017606
vt 0.5424824 0.9041089
vt 0.5424824 0.9088058
vt 0.5424824 0.9974552
vt 0.4605949 0.0126472
vt 0.4605949 0.0171125
vt 0.8316805 0.0255881
vt 0.8318020 0.0269569
vt 0.8331912 0.7727828
vt 0.8331912 0.8074208
vt 0.3733791 0.2058577
vt 0.6713958 0.3505291
vt 0.6713958 0.3875153
vt 0.5430033 0.9017606
vt 0.4613070 0.0171372
vt 0.8337120 0.8074208
vt 0.2001003 0.0377134
vt 0.6719166 0.3505291
vt 0.5435241 0.9017606
vt 0.5435241 0.9422695
vt 0.6317287 0.5686077
vt 0.6317287 0.5756526
vt 0.8342330 0.7833504
vt 0.8342330 0.8121175
vt 0.8342330 0.8414717
vt 0.8368426 0.1347457
vt 0.3744209 0.1952901
vt 0.2935232 0.2799430
vt 0.9683666 0.4597979
vt 0.6322497 0.6032457
vt 0.6322497 0.6085293
vt 0.4621607 0.0126472
vt 0.7048538 0.0460652
vt 0.7048538 0.0462174
vt 0.7048538 0.0464857
vt 0.7048538 0.0508823
vt 0.0990121 0.0064634
vt 0.7050446 0.0462613
vt 0.7052269 0.0463619
vt 0.2736892 0.1321026
vt 0.7277602 0.6267349
vt 0.5445660 0.9088058
vt 0.5445660 0.9868879
vt 0.5445660 0.9974552
vt 0.6327706 0.5727173
vt 0.7053757 0.0432352
vt 0.7054711 0.0400112
vt 0.7056556 0.0400814
vt 0.2016631 0.0506290
vt 0.6734793 0.3640320
vt 0.6734793 0.3875153
vt 0.9694084 0.4597979
vt 0.9694084 0.4791717
vt 0.9694084 0.4832812
vt 0.2742100 0.1532376
vt 0.7282810 0.6425861
vt 0.7282810 0.6795724
vt 0.3159637 0.5077168
vt 0.6332915 0.6067683
vt 0.6332915 0.6073553
vt 0.6740003 0.3505291
vt 0.6740003 0.3875153
vt 0.4714951 0.0574739
vt 0.4714951 0.0633448
vt 0.6807853 0.3502871
vt 0.6807853 0.3690738
vt 0.6807853 0.3872736
vt 0.1244178 0.1625640
vt 0.1244178 0.1872216
vt 0.5456078 0.9029349
vt 0.5456078 0.9088058
vt 0.6745211 0.3505291
vt 0.6745211 0.3875153
vt 0.6343332 0.5750656
vt 0.7073773 0.0467074
vt 0.6750421 0.3505291
vt 0.2757728 0.1373864
vt 0.5466496 0.9769075
vt 0.5466496 0.9974552
vt 0.6348542 0.5756526
vt 0.6348542 0.6050070
vt 0.7074634 0.0508823
vt 0.3775463 0.1929418
vt 0.6755630 0.3505291
vt 0.9714920 0.4774104
vt 0.5471705 0.9029349
vt 0.6353751 0.5780011
vt 0.8378792 0.8121175
vt 0.2042676 0.0471064
vt 0.6760838 0.3505291
vt 0.6760838 0.3875153
vt 0.9720129 0.4597979
vt 0.9720129 0.4791717
vt 0.9720129 0.4832812
vt 0.3185682 0.5047812
vt 0.6358959 0.6008975
vt 0.6358959 0.6044197
vt 0.2047885 0.0500420
vt 0.3785881 0.2023352
vt 0.2976904 0.2822913
vt 0.2976904 0.2899234
vt 0.2976904 0.2940329
vt 0.2976904 0.2952072
vt 0.2976904 0.2963815
vt 0.2976904 0.3010781
vt 0.5774399 0.4081126
vt 0.5774399 0.4098739
vt 0.5774399 0.4128094
vt 0.9725338 0.4509918
vt 0.9725338 0.4756491
vt 0.2773355 0.1532376
vt 0.5482123 0.9874749
vt 0.4666059 0.0170307
vt 0.2402781 0.0673886
vt 0.2402781 0.0720852
vt 0.2058303 0.0394746
vt 0.3796299 0.2011609
vt 0.4751413 0.0574739
vt 0.6103188 0.2618609
vt 0.3201309 0.5423548
vt 0.5492541 0.9769075
vt 0.4756623 0.0586479
vt 0.9740965 0.4509918
vt 0.6108397 0.2577513
vt 0.5497750 0.9874749
vt 0.3806716 0.2076187
vt 0.9746174 0.4597979
vt 0.2418407 0.0673886
vt 0.2799400 0.1321026
vt 0.3216936 0.5312001
vt 0.5508168 0.8994124
vt 0.3008158 0.2822913
vt 0.2428826 0.0638661
vt 0.5513378 0.8994124
vt 0.6395423 0.6026584
vt 0.8420465 0.7833504
vt 0.8420465 0.8121175
vt 0.8420465 0.8420588
vt 0.3822344 0.1929418
vt 0.3822344 0.2023352
vt 0.3013367 0.2805300
vt 0.3013367 0.2899234
vt 0.9761801 0.4774104
vt 0.1687688 0.4765609
vt 0.5518586 0.8994124
vt 0.5518586 0.9763205
vt 0.5518586 0.9786688
vt 0.5518586 0.9904104
vt 0.5518586 0.9974552
vt 0.6400632 0.5691947
vt 0.6400632 0.5727173
vt 0.8425674 0.7833504
vt 0.8425674 0.8127047
vt 0.8425674 0.8420588
vt 0.2089557 0.0506290
vt 0.3018576 0.3010781
vt 0.5816071 0.4010678
vt 0.9767010 0.4844555
vt 0.2439244 0.0638661
vt 0.2439244 0.0732594
vt 0.6134442 0.2319194
vt 0.5523795 0.9381599
vt 0.5523795 0.9763205
vt 0.5523795 0.9904104
vt 0.6405841 0.5691947
vt 0.6405841 0.6020715
vt 0.6405841 0.6032457
vt 0.4705115 0.0126472
vt 0.4705115 0.0169173
vt 0.1076648 0.0065672
vt 0.8430882 0.7833504
vt 0.8430882 0.8127047
vt 0.2094765 0.0394746
vt 0.2444452 0.0568212
vt 0.2444452 0.0585825
vt 0.2444452 0.0738464
vt 0.5529003 0.9387469
vt 0.5529003 0.9786688
vt 0.3347365 0.2674208
vt 0.3347365 0.2721175
vt 0.3347365 0.2768142
vt 0.3347365 0.2774012
vt 0.3347365 0.2826851
vt 0.3347365 0.2832721
vt 0.3347365 0.2926654
vt 0.3347365 0.2950139
vt 0.3347365 0.3002976
vt 0.3347365 0.3008847
vt 0.1609370 0.0235910
vt 0.3352575 0.2920785
vt 0.8467397 0.1347457
vt 0.8467397 0.1541195
vt 0.3034203 0.2846395
vt 0.2454871 0.0568212
vt 0.5539422 0.9358117
vt 0.8472606 0.1318101
vt 0.3848388 0.2005739
vt 0.3848388 0.2093800
vt 0.2460079 0.0585825
vt 0.3253399 0.5312001
vt 0.3253399 0.5411805
vt 0.5544631 0.9005867
vt 0.3362993 0.2832721
vt 0.3362993 0.2926654
vt 0.1624997 0.0312232
vt 0.8477815 0.1318101
vt 0.8477815 0.1541195
vt 0.7721030 0.0411643
vt 0.5842116 0.3975452
vt 0.9793055 0.4680170
vt 0.9793055 0.4756491
vt 0.5549840 0.9827783
vt 0.7726238 0.0411643
vt 0.7726238 0.0511447
vt 0.5847324 0.4051773
vt 0.7329579 0.6321521
vt 0.5555048 0.9827783
vt 0.6437094 0.5750656
vt 0.3373410 0.2721175
vt 0.4819131 0.0586479
vt 0.2851490 0.1450185
vt 0.5560258 0.9158506
vt 0.3378620 0.2950139
vt 0.3378620 0.3002976
vt 0.5857743 0.3975452
vt 0.7339998 0.6691384
vt 0.5565467 0.9217214
vt 0.6447513 0.6044197
vt 0.3383828 0.2768142
vt 0.3383828 0.2838592
vt 0.3383828 0.2956009
vt 0.4829548 0.0574739
vt 0.7345206 0.6321521
vt 0.3279444 0.5235680
vt 0.5570676 0.9816040
vt 0.5570676 0.9874749
vt 0.5570676 0.9974552
vt 0.3389037 0.2774012
vt 0.3389037 0.2826851
vt 0.7350415 0.6362616
vt 0.7350415 0.6468290
vt 0.7350415 0.6550484
vt 0.7350415 0.6597450
vt 0.7350415 0.6603320
vt 0.7350415 0.6650288
vt 0.5575885 0.9217214
vt 0.5575885 0.9299408
vt 0.5575885 0.9358117
vt 0.3394246 0.2926654
vt 0.3394246 0.2956009
vt 0.1656250 0.0235910
vt 0.5873369 0.4133964
vt 0.1750196 0.4401619
vt 0.3289862 0.5153489
vt 0.5581093 0.9816040
vt 0.6463139 0.5850459
vt 0.3399455 0.2838592
vt 0.4845175 0.0574739
vt 0.7360833 0.6444808
vt 0.3295071 0.5153489
vt 0.3295071 0.5423548
vt 0.5586303 0.9686884
vt 0.5586303 0.9874749
vt 0.3404665 0.2820979
vt 0.3404665 0.3008847
vt 0.7366043 0.6550484
vt 0.7366043 0.6603320
vt 0.5591512 0.9739719
vt 0.5591512 0.9792558
vt 0.8034101 0.5845418
vt 0.5591512 0.9874749
vt 0.5591512 0.9974552
vt 0.1140396 0.0044117
vt 0.1140396 0.0069689
vt 0.3409873 0.2691821
vt 0.3409873 0.3002976
vt 0.5888996 0.3981322
vt 0.4855593 0.0739121
vt 0.5596721 0.9305278
vt 0.5596721 0.9763205
vt 0.5596721 0.9874749
vt 0.3415082 0.2732917
vt 0.3415082 0.3002976
vt 0.1677087 0.0235910
vt 0.1677087 0.0312232
vt 0.6483976 0.5785881
vt 0.3420291 0.2774012
vt 0.3420291 0.2820979
vt 0.3420291 0.2873818
vt 0.3420291 0.2985363
vt 0.3101919 0.2676143
vt 0.7381668 0.6180622
vt 0.3107129 0.2828786
vt 0.5904623 0.3981322
vt 0.7386878 0.6180622
vt 0.7386878 0.6421325
vt 0.2903579 0.1544116
vt 0.6494394 0.5850459
vt 0.3430710 0.2985363
vt 0.1692714 0.0312232
vt 0.5909833 0.3981322
vt 0.5909833 0.4057643
vt 0.7392088 0.6362616
vt 0.1405657 0.1625640
vt 0.3435918 0.2944267
vt 0.3117546 0.2828786
vt 0.1791868 0.4413359
vt 0.5622765 0.9363986
vt 0.3441127 0.2691821
vt 0.3441127 0.2715304
vt 0.5627975 0.9005867
vt 0.5627975 0.9129153
vt 0.6510021 0.5850459
vt 0.3446336 0.2815109
vt 0.3127964 0.2723109
vt 0.3127964 0.2881621
vt 0.1802285 0.4413359
vt 0.6014185 0.6188207
vt 0.6515229 0.5697817
vt 0.6515229 0.5733043
vt 0.3451545 0.2774012
vt 0.3451545 0.2862076
vt 0.5930668 0.4057643
vt 0.7412923 0.6350874
vt 0.6019395 0.6217560
vt 0.6520439 0.5574531
vt 0.6520439 0.5656722
vt 0.6520439 0.5686077
vt 0.6520439 0.6038327
vt 0.6520439 0.6079423
vt 0.3456755 0.2985363
vt 0.1718759 0.0235910
vt 0.7418132 0.6180622
vt 0.8086191 0.5686906
vt 0.6525648 0.5574531
vt 0.6525648 0.5674334
vt 0.5941086 0.4092869
vt 0.7423341 0.6350874
vt 0.7423341 0.6638545
vt 0.7000585 0.3502871
vt 0.7000585 0.3872736
vt 0.6029812 0.6188207
vt 0.5648810 0.9199604
vt 0.5648810 0.9363986
vt 0.5946295 0.4333572
vt 0.7005794 0.3502871
vt 0.3472380 0.2709434
vt 0.3472380 0.2820979
vt 0.1734385 0.0235910
vt 0.1734385 0.0312232
vt 0.2506827 0.0737844
vt 0.2788664 0.1249207
vt 0.6040230 0.6352589
vt 0.5659228 0.9199604
vt 0.6541274 0.5785881
vt 0.6541274 0.5844590
vt 0.3477590 0.2820979
vt 0.3477590 0.2862076
vt 0.3477590 0.3020588
vt 0.4923310 0.0680413
vt 0.7438968 0.6391972
vt 0.6045440 0.6241045
vt 0.5664438 0.9557724
vt 0.6546484 0.5838720
vt 0.3482799 0.2768142
vt 0.3482799 0.3008847
vt 0.8112236 0.5886513
vt 0.2398225 0.0791177
vt 0.1750012 0.0312232
vt 0.3169636 0.2723109
vt 0.6055857 0.6610908
vt 0.3493217 0.2768142
vt 0.3493217 0.2826851
vt 0.3493217 0.2932526
vt 0.6061067 0.6241045
vt 0.5680065 0.9604690
vt 0.3180054 0.2740722
vt 0.6066275 0.6188207
vt 0.6066275 0.6511101
vt 0.6066275 0.6522844
vt 0.8127862 0.6003930
vt 0.6567319 0.5838720
vt 0.3503635 0.2709434
vt 0.3503635 0.2879688
vt 0.5982758 0.3981322
vt 0.6071485 0.6364332
vt 0.5690483 0.9604690
vt 0.8133071 0.6086124
vt 0.6572528 0.6020715
vt 0.6572528 0.6032457
vt 0.6572528 0.6050070
vt 0.3508844 0.2703563
vt 0.3508844 0.2762271
vt 0.3508844 0.2973621
vt 0.5987968 0.4122222
vt 0.5987968 0.4133964
vt 0.7470222 0.6603320
vt 0.6076694 0.6522844
vt 0.6076694 0.6693099
vt 0.1187369 0.0032352
vt 0.1187369 0.0065675
vt 0.1187369 0.0067101
vt 0.1187369 0.0067788
vt 0.1187369 0.0069907
vt 0.2424321 0.0914705
vt 0.3514053 0.2879688
vt 0.3514053 0.3008847
vt 0.1776057 0.0235910
vt 0.6081902 0.6757678
vt 0.8143489 0.6086124
vt 0.3519262 0.2914913
vt 0.3519262 0.2961880
vt 0.5998385 0.4057643
vt 0.4964982 0.0739121
vt 0.6087112 0.6188207
vt 0.8148698 0.6003930
vt 0.2436957 0.0977772
vt 0.2437176 0.0978867
vt 0.6003595 0.4040030
vt 0.7485850 0.6333264
vt 0.7485850 0.6350874
vt 0.6092321 0.6264528
vt 0.6092321 0.6516974
vt 0.1791684 0.0312232
vt 0.8644502 0.1318101
vt 0.8644502 0.1429648
vt 0.8644502 0.1541195
vt 0.3211308 0.3022523
vt 0.2845964 0.1037856
vt 0.6097530 0.6235173
vt 0.6097530 0.6276268
vt 0.6598573 0.5686077
vt 0.1210162 0.0064841
vt 0.3534889 0.2768142
vt 0.3534889 0.2826851
vt 0.3534889 0.2856205
vt 0.3534889 0.2967750
vt 0.3216518 0.2758334
vt 0.3216518 0.2869881
vt 0.6102739 0.6704839
vt 0.6603783 0.6079423
vt 0.3540098 0.2914913
vt 0.7898135 0.0411643
vt 0.7898135 0.0435126
vt 0.6019221 0.4128094
vt 0.8169534 0.6003930
vt 0.6608991 0.5879815
vt 0.3545307 0.2961880
vt 0.3545307 0.3020588
vt 0.3023386 0.1532376
vt 0.1901257 0.4624709
vt 0.3440923 0.5288518
vt 0.6113157 0.6516974
vt 0.6614201 0.5915041
vt 0.3550517 0.2703563
vt 0.3550517 0.2762271
vt 0.1885590 0.3488241
vt 0.6029640 0.4057643
vt 0.7511894 0.6327391
vt 0.6118366 0.6546327
vt 0.6118366 0.6710712
vt 0.3555725 0.2691821
vt 0.3555725 0.2744658
vt 0.3555725 0.2967750
vt 0.7903324 0.0588873
vt 0.1890798 0.3488241
vt 0.6034848 0.3975452
vt 0.6034848 0.4022418
vt 0.6034848 0.4133964
vt 0.6034848 0.4333572
vt 0.6123574 0.6511101
vt 0.6123574 0.6558070
vt 0.6123574 0.6622648
vt 0.7908533 0.0588873
vt 0.3242563 0.2705496
vt 0.3894964 0.2222200
vt 0.6040057 0.4333572
vt 0.7522312 0.6180622
vt 0.6629828 0.5879815
vt 0.3566142 0.2750530
vt 0.3566142 0.2768142
vt 0.3566142 0.2826851
vt 0.3566142 0.2856205
vt 0.3566142 0.2903172
vt 0.7913742 0.0588873
vt 0.7527520 0.6327391
vt 0.7527520 0.6797058
vt 0.6133992 0.6194077
vt 0.6133992 0.6487619
vt 0.6133992 0.6511101
vt 0.8195579 0.5546006
vt 0.6635036 0.5944393
vt 0.3571352 0.2850333
vt 0.7929390 0.0458612
vt 0.7929390 0.0511447
vt 0.3252980 0.2758334
vt 0.3252980 0.2875751
vt 0.3252980 0.3004911
vt 0.9281164 0.3567013
vt 0.6139202 0.6622648
vt 0.6640246 0.6061810
vt 0.3576562 0.2809238
vt 0.3258190 0.2705496
vt 0.6144411 0.6558070
vt 0.6645455 0.6061810
vt 0.6060893 0.4057643
vt 0.6060893 0.4251381
vt 0.7543148 0.6327391
vt 0.1556717 0.1602158
vt 0.6149619 0.6282141
vt 0.6149619 0.6470006
vt 0.8211206 0.6045029
vt 0.3586979 0.2932526
vt 0.3268608 0.2881621
vt 0.6066102 0.3975452
vt 0.2517042 0.3504506
vt 0.6154829 0.6270398
vt 0.6154829 0.6293881
vt 0.3592187 0.3020588
vt 0.1927260 0.3593915
vt 0.1927260 0.3875717
vt 0.3926217 0.1934528
vt 0.3926217 0.2028462
vt 0.6071311 0.4022418
vt 0.7553565 0.6773575
vt 0.7553565 0.6785318
vt 0.6160037 0.6428910
vt 0.6661081 0.5979619
vt 0.6661081 0.6050070
vt 0.3597397 0.2691821
vt 0.3597397 0.2744658
vt 0.3597397 0.2750530
vt 0.3597397 0.2803366
vt 0.3597397 0.2944267
vt 0.1932470 0.3529337
vt 0.2527460 0.3504506
vt 0.6076520 0.4251381
vt 0.1572345 0.1602158
vt 0.1572345 0.1872216
vt 0.6165247 0.6194077
vt 0.6165247 0.6311494
vt 0.6165247 0.6534587
vt 0.6165247 0.6546327
vt 0.3602606 0.2691821
vt 0.3602606 0.2744658
vt 0.3602606 0.2850333
vt 0.7563984 0.6521129
vt 0.9312419 0.3690302
vt 0.4703859 0.1313461
vt 0.6170456 0.6170594
vt 0.6170456 0.6258655
vt 0.3607815 0.2815109
vt 0.2642261 0.0567589
vt 0.3503430 0.5047812
vt 0.6175664 0.6311494
vt 0.3947053 0.1934528
vt 0.7574402 0.6773575
vt 0.9322836 0.3690302
vt 0.3618232 0.2938396
vt 0.3618232 0.3020588
vt 0.3299861 0.3010781
vt 0.6687126 0.6032457
vt 0.6687126 0.6044197
vt 0.6144319 0.0055906
vt 0.6144319 0.0061776
vt 0.6144319 0.0067647
vt 0.7584820 0.6779448
vt 0.6692335 0.5885685
vt 0.6692335 0.6044197
vt 0.6692335 0.6050070
vt 0.3631255 0.2944267
vt 0.6152132 0.0061776
vt 0.7592633 0.6755962
vt 0.6199105 0.6346719
vt 0.6199105 0.6540457
vt 0.6700149 0.6044197
vt 0.3636465 0.2862076
vt 0.3636465 0.2985363
vt 0.3970494 0.2034332
vt 0.7597843 0.6785318
vt 0.2952749 0.1037856
vt 0.6204315 0.6552200
vt 0.8265901 0.5581232
vt 0.8265901 0.5798452
vt 0.3641673 0.2750530
vt 0.3641673 0.2803366
vt 0.3641673 0.2909042
vt 0.2571736 0.3527989
vt 0.7603051 0.6732479
vt 0.7603051 0.6755962
vt 0.7603051 0.6767705
vt 0.2676120 0.0655653
vt 0.6209523 0.6540457
vt 0.6710567 0.6061810
vt 0.3646883 0.2691821
vt 0.3646883 0.2744658
vt 0.7608261 0.6779448
vt 0.6214732 0.6346719
vt 0.6715776 0.6073553
vt 0.6715776 0.6085293
vt 0.3652091 0.2826851
vt 0.3652091 0.2909042
vt 0.3652091 0.3002976
vt 0.3652091 0.3020588
vt 0.1987164 0.3646754
vt 0.2582153 0.3527989
vt 0.7613469 0.6738349
vt 0.7613469 0.6761835
vt 0.6219941 0.6170594
vt 0.6219941 0.6258655
vt 0.8281527 0.5874773
vt 0.6178177 0.0067647
vt 0.7618678 0.6480033
vt 0.9367112 0.3872297
vt 0.2013250 0.4841930
vt 0.6225150 0.6387815
vt 0.1997583 0.3646754
vt 0.2592573 0.3809790
vt 0.7623888 0.6327391
vt 0.7623888 0.6761835
vt 0.9372322 0.3514178
vt 0.6230360 0.6552200
vt 0.6731403 0.5885685
vt 0.8015317 0.0735646
vt 0.2002791 0.3676109
vt 0.2002791 0.3687849
vt 0.7629096 0.6738349
vt 0.9377530 0.3778363
vt 0.8297154 0.5839548
vt 0.8020527 0.0735646
vt 0.2008001 0.3529337
vt 0.2008001 0.3629141
vt 0.9382740 0.3508305
vt 0.6240777 0.6393685
vt 0.6741821 0.6073553
vt 0.8025735 0.0735646
vt 0.2608198 0.3839146
vt 0.8693784 0.1318101
vt 0.8693784 0.1541195
vt 0.2613408 0.3492766
vt 0.2613408 0.3686504
vt 0.2613408 0.3874369
vt 0.7644723 0.6468290
vt 0.4450569 0.1750540
vt 0.4450569 0.1826862
vt 0.7644723 0.6726609
vt 0.8312782 0.5645810
vt 0.1364823 0.0032352
vt 0.4455778 0.1832731
vt 0.7649933 0.6691384
vt 0.7649933 0.6726609
vt 0.6256405 0.6317364
vt 0.6214640 0.0067647
vt 0.8072677 0.0591465
vt 0.3589379 0.5153489
vt 0.3589379 0.5423548
vt 0.6261613 0.6798773
vt 0.3698973 0.2674208
vt 0.3698973 0.3020588
vt 0.4466196 0.1873830
vt 0.7738638 0.6342079
vt 0.7738638 0.6506464
vt 0.7738638 0.6788263
vt 0.4751801 0.0126470
vt 0.7665559 0.6468290
vt 0.4471404 0.1750540
vt 0.4471404 0.1826862
vt 0.4471404 0.1832731
vt 0.7665559 0.6785318
vt 0.6272030 0.6334976
vt 0.4476614 0.1856217
vt 0.9419202 0.3872297
vt 0.8338827 0.5645810
vt 0.2049673 0.3517594
vt 0.4048629 0.2034332
vt 0.7675978 0.6797058
vt 0.2884746 0.0567324
vt 0.2884746 0.0737579
vt 0.7754266 0.6336209
vt 0.8344036 0.5763227
vt 0.3719808 0.2674208
vt 0.4053837 0.2128266
vt 0.4487031 0.1633124
vt 0.7759474 0.6177697
vt 0.8349244 0.5951095
vt 0.6788701 0.5533435
vt 0.8103932 0.0708881
vt 0.2080967 0.4483810
vt 0.6292867 0.6334976
vt 0.8354454 0.5763227
vt 0.4777223 0.0166364
vt 0.2065299 0.3517594
vt 0.2065299 0.3558693
vt 0.4497449 0.1633124
vt 0.4497449 0.1656606
vt 0.7691604 0.6797058
vt 0.2086176 0.4483810
vt 0.8359662 0.5745614
vt 0.4783403 0.0126470
vt 0.3735435 0.2674208
vt 0.3735435 0.3020588
vt 0.8114350 0.0708881
vt 0.8114350 0.0732364
vt 0.2670707 0.3686504
vt 0.8119559 0.0726494
vt 0.8119559 0.0732364
vt 0.2910791 0.0567324
vt 0.2910791 0.0737579
vt 0.4841897 0.1430878
vt 0.4841897 0.1542425
vt 0.6308494 0.6381945
vt 0.8370081 0.5716261
vt 0.8370081 0.5974577
vt 0.4793572 0.0166586
vt 0.2080926 0.3687849
vt 0.2675915 0.3686504
vt 0.8124767 0.0738234
vt 0.6313703 0.6381945
vt 0.6313703 0.6387815
vt 0.6313703 0.6405428
vt 0.6313703 0.6411298
vt 0.8375289 0.5716261
vt 0.3751062 0.2709434
vt 0.3751062 0.2762271
vt 0.3751062 0.2791625
vt 0.3751062 0.2950139
vt 0.3751062 0.2956009
vt 0.3751062 0.2967750
vt 0.3751062 0.3008847
vt 0.6318912 0.6411298
vt 0.8380499 0.5722131
vt 0.8380499 0.5992190
vt 0.3756272 0.2832721
vt 0.2091345 0.3517594
vt 0.8385708 0.5645810
vt 0.8385708 0.5716261
vt 0.8385708 0.5722131
vt 0.8385708 0.5992190
vt 0.6825165 0.5809364
vt 0.4809544 0.0167296
vt 0.2096553 0.3605658
vt 0.2096553 0.3875717
vt 0.6329330 0.6475879
vt 0.8390916 0.5645810
vt 0.4814719 0.0126470
vt 0.2101763 0.3558693
vt 0.2101763 0.3805266
vt 0.2801136 0.0655653
vt 0.6334539 0.6223433
vt 0.6334539 0.6417170
vt 0.2106971 0.3799396
vt 0.9481710 0.3719655
vt 0.6339747 0.6417170
vt 0.8401334 0.6015673
vt 0.4822931 0.0166782
vt 0.8406544 0.5645810
vt 0.3782317 0.2914913
vt 0.3782317 0.2950139
vt 0.3782317 0.2967750
vt 0.3782317 0.3008847
vt 0.7597557 0.5055675
vt 0.7597557 0.5425538
vt 0.8411753 0.5675163
vt 0.3787525 0.2738788
vt 0.3787525 0.2774012
vt 0.3787525 0.2832721
vt 0.7602765 0.5055675
vt 0.4888778 0.1319334
vt 0.4888778 0.1430878
vt 0.7827191 0.6347952
vt 0.6355375 0.6305624
vt 0.4840814 0.0126470
vt 0.4841775 0.0169381
vt 0.3792735 0.2709434
vt 0.4126764 0.1940401
vt 0.2722797 0.3874369
vt 0.8422171 0.6045029
vt 0.6861628 0.6085293
vt 0.8808381 0.1318101
vt 0.8808381 0.1541195
vt 0.2133016 0.3875717
vt 0.4131972 0.2028462
vt 0.8176857 0.0738234
vt 0.9507755 0.3825332
vt 0.6365792 0.6305624
vt 0.8427379 0.5675163
vt 0.3803152 0.2738788
vt 0.3803152 0.2950139
vt 0.8813591 0.1323971
vt 0.8813591 0.1376810
vt 0.2837599 0.0573459
vt 0.0958685 0.0372562
vt 0.0958685 0.0507592
vt 0.6371002 0.6792903
vt 0.8432589 0.5651680
vt 0.2148664 0.9527344
vt 0.3808362 0.2709434
vt 0.3808362 0.2768142
vt 0.3808362 0.3008847
vt 0.8818800 0.1323971
vt 0.2738424 0.3874369
vt 0.8437798 0.6021543
vt 0.3813570 0.2920785
vt 0.3813570 0.3020588
vt 0.3818779 0.2838592
vt 0.3818779 0.2950139
vt 0.3818779 0.3014717
vt 0.8448216 0.5651680
vt 0.2164291 0.9961788
vt 0.4868401 0.0168353
vt 0.3823988 0.2779884
vt 0.2159061 0.3529337
vt 0.8202902 0.0738234
vt 0.2169499 0.9451023
vt 0.3829197 0.2797496
vt 0.3829197 0.2832721
vt 0.3829197 0.2950139
vt 0.2164270 0.3805266
vt 0.4882568 0.0126470
vt 0.3834407 0.2926654
vt 0.3834407 0.2956009
vt 0.2179918 0.9087033
vt 0.2179918 0.9955918
vt 0.3839615 0.2709434
vt 0.3839615 0.2768142
vt 0.3839615 0.2809238
vt 0.3839615 0.2997104
vt 0.3844824 0.2691821
vt 0.3844824 0.2744658
vt 0.7884490 0.6571043
vt 0.3850033 0.2774012
vt 0.3850033 0.2832721
vt 0.3850033 0.3014717
vt 0.2185106 0.3523467
vt 0.8228947 0.0714751
vt 0.2195544 0.9550830
vt 0.6918926 0.5733043
vt 0.2195544 0.9944175
vt 0.3855242 0.2762271
vt 0.3855242 0.2862076
vt 0.3855242 0.2903172
vt 0.2190315 0.3599788
vt 0.8234156 0.0726494
vt 0.2200754 0.9087033
vt 0.2200754 0.9380575
vt 0.6924136 0.5709560
vt 0.3860452 0.2762271
vt 0.8239366 0.0714751
vt 0.3865660 0.2997104
vt 0.2795722 0.3686504
vt 0.8244574 0.0703011
vt 0.6433509 0.6399558
vt 0.3233299 0.0038235
vt 0.3870869 0.2750530
vt 0.3870869 0.2862076
vt 0.2205942 0.3599788
vt 0.3943938 0.9962536
vt 0.2216381 0.9081160
vt 0.3876077 0.2691821
vt 0.3876077 0.2744658
vt 0.8254992 0.0644303
vt 0.3881287 0.2762271
vt 0.3881287 0.2950139
vt 0.3881287 0.3020588
vt 0.4215316 0.2034332
vt 0.4934759 0.0126470
vt 0.3248956 0.0038235
vt 0.3248956 0.0067648
vt 0.4934846 0.0127840
vt 0.3886497 0.2862076
vt 0.3886497 0.2956009
vt 0.3886497 0.3008847
vt 0.4220526 0.1934528
vt 0.4220526 0.2004979
vt 0.7926163 0.6177697
vt 0.7926163 0.6218793
vt 0.7926163 0.6336209
vt 0.2232008 0.9081160
vt 0.4937523 0.0170064
vt 0.4937675 0.0172471
vt 0.4937732 0.0173369
vt 0.3891705 0.2756401
vt 0.3891705 0.3008847
vt 0.8902143 0.1541195
vt 0.4225734 0.2034332
vt 0.4225734 0.2228070
vt 0.7706945 0.4961741
vt 0.7706945 0.5131996
vt 0.6459554 0.6276268
vt 0.2237216 0.9057678
vt 0.3896914 0.2709434
vt 0.3896914 0.3020588
vt 0.2231987 0.3523467
vt 0.3969983 0.9169972
vt 0.8275829 0.0673656
vt 0.7712154 0.5243543
vt 0.7936580 0.6347952
vt 0.7936580 0.6571043
vt 0.6464764 0.6223433
vt 0.2242426 0.9674117
vt 0.4985149 0.0169149
vt 0.4986952 0.0126471
vt 0.3902122 0.3014717
vt 0.3902122 0.3020588
vt 0.2237195 0.3499984
vt 0.3975191 0.9169972
vt 0.3975191 0.9539834
vt 0.7941788 0.6794136
vt 0.6469972 0.6276268
vt 0.6469972 0.6293881
vt 0.6469972 0.6305624
vt 0.1433438 0.2193594
vt 0.2247634 0.9116386
vt 0.2247634 0.9274898
vt 0.6971016 0.5709560
vt 0.6971016 0.5780011
vt 0.2247634 0.9903080
vt 0.3907332 0.2909042
vt 0.3907332 0.3014717
vt 0.3980401 0.9169972
vt 0.1062864 0.0372562
vt 0.1062864 0.0507592
vt 0.7946998 0.6371435
vt 0.7946998 0.6582786
vt 0.7946998 0.6794136
vt 0.1438647 0.2082048
vt 0.1438647 0.2199464
vt 0.3912541 0.2850333
vt 0.3912541 0.2926654
vt 0.3985610 0.9169972
vt 0.3985610 0.9539834
vt 0.1443857 0.2082048
vt 0.2258053 0.9116386
vt 0.3917750 0.2768142
vt 0.7393741 0.0706349
vt 0.2252823 0.3499984
vt 0.3990819 0.9169972
vt 0.7957416 0.6177697
vt 0.7957416 0.6218793
vt 0.2263261 0.9139869
vt 0.2263261 0.9239675
vt 0.3922959 0.2844463
vt 0.3996028 0.9169972
vt 0.3996028 0.9539834
vt 0.2853022 0.3492766
vt 0.2853022 0.3686504
vt 0.2853022 0.3874369
vt 0.7962625 0.6183567
vt 0.7962625 0.6365562
vt 0.6490809 0.6470006
vt 0.3928169 0.2709434
vt 0.3928169 0.2815109
vt 0.7404160 0.0594802
vt 0.2263242 0.3605658
vt 0.4001238 0.9181714
vt 0.4001238 0.9381322
vt 0.4001238 0.9751185
vt 0.4001238 0.9821636
vt 0.4001238 0.9833376
vt 0.8307083 0.0591465
vt 0.7743409 0.4961741
vt 0.2273680 0.9674117
vt 0.2273680 0.9721082
vt 0.4006446 0.9381322
vt 0.4006446 0.9809893
vt 0.6501227 0.6211690
vt 0.1464692 0.2023339
vt 0.2278888 0.9139869
vt 0.2273659 0.3799396
vt 0.8317501 0.0703011
vt 0.2284098 0.9222063
vt 0.3943795 0.2879688
vt 0.3943795 0.2909042
vt 0.1099327 0.0372562
vt 0.1099327 0.0507592
vt 0.6511644 0.6211690
vt 0.2289306 0.9744568
vt 0.3949004 0.2774012
vt 0.4022073 0.9375452
vt 0.7988670 0.6582786
vt 0.1480319 0.1923535
vt 0.1480319 0.2011596
vt 0.5034740 0.0173381
vt 0.3954212 0.2879688
vt 0.3954212 0.2909042
vt 0.3954212 0.2956009
vt 0.4027281 0.9915570
vt 0.2299724 0.9768050
vt 0.3959422 0.2715304
vt 0.3959422 0.2779884
vt 0.7774662 0.4961741
vt 0.7774662 0.5131996
vt 0.5060674 0.1319334
vt 0.5060674 0.1542425
vt 0.7999088 0.6183567
vt 0.7999088 0.6365562
vt 0.3964631 0.2674208
vt 0.3964631 0.2709434
vt 0.3964631 0.2715304
vt 0.3964631 0.2774012
vt 0.2299704 0.3588045
vt 0.4037700 0.9833376
vt 0.0024130 0.1032295
vt 0.0024130 0.1249515
vt 0.2685926 0.9512680
vt 0.6532481 0.6470006
vt 0.3969839 0.2850333
vt 0.3969839 0.2920785
vt 0.4042908 0.9903827
vt 0.2315351 0.9785663
vt 0.2315351 0.9791533
vt 0.3975049 0.2850333
vt 0.3975049 0.2944267
vt 0.8985487 0.1329844
vt 0.8985487 0.1341584
vt 0.8985487 0.1370940
vt 0.8985487 0.1459001
vt 0.4048118 0.9833376
vt 0.2696343 0.9166300
vt 0.2320561 0.9885467
vt 0.7049152 0.5932654
vt 0.3985467 0.2674208
vt 0.3985467 0.2961880
vt 0.7461458 0.0712219
vt 0.2706761 0.9183913
vt 0.2330978 0.9245545
vt 0.3990676 0.2674208
vt 0.7466668 0.0594802
vt 0.8369591 0.0732364
vt 0.2336188 0.9245545
vt 0.3995884 0.2709434
vt 0.7471876 0.0712219
vt 0.2330957 0.3517594
vt 0.8035550 0.6371435
vt 0.8035550 0.6582786
vt 0.8035550 0.6794136
vt 0.1527200 0.1923535
vt 0.1527200 0.2011596
vt 0.2341396 0.8770006
vt 0.6563734 0.6575683
vt 0.2341396 0.9856111
vt 0.2336167 0.3517594
vt 0.2336167 0.3811139
vt 0.4768317 0.1873830
vt 0.2722388 0.9606614
vt 0.2722388 0.9788609
vt 0.1532409 0.2005726
vt 0.2346605 0.9633021
vt 0.2346605 0.9744568
vt 0.2346605 0.9950045
vt 0.4006303 0.2715304
vt 0.4006303 0.2774012
vt 0.4006303 0.2850333
vt 0.4006303 0.2956009
vt 0.2341377 0.3517594
vt 0.2341377 0.3605658
vt 0.4773527 0.1650737
vt 0.4773527 0.1674219
vt 0.7821544 0.5243543
vt 0.7821544 0.5425538
vt 0.1537619 0.1923535
vt 0.2351815 0.8770006
vt 0.6574153 0.6640261
vt 0.4011512 0.2709434
vt 0.4011512 0.2768142
vt 0.7487503 0.0635898
vt 0.4778735 0.1615511
vt 0.4016721 0.2779884
vt 0.2351794 0.3617401
vt 0.4089790 0.9563320
vt 0.8395636 0.0591465
vt 0.2738016 0.8943209
vt 0.2362233 0.8940261
vt 0.2362233 0.9967658
vt 0.4094998 0.9833376
vt 0.4094998 0.9892087
vt 0.4094998 0.9897957
vt 0.2367441 0.8775879
vt 0.2367441 0.8928521
vt 0.2367441 0.9245545
vt 0.2367441 0.9586053
vt 0.0396673 0.1249999
vt 0.2362212 0.3611528
vt 0.2362212 0.3811139
vt 0.2748433 0.8890371
vt 0.2372650 0.8858070
vt 0.4032348 0.2950139
vt 0.2377860 0.9721082
vt 0.2377860 0.9809146
vt 0.4037557 0.2797496
vt 0.2372630 0.3617401
vt 0.4110625 0.9897957
vt 0.0410359 0.1249999
vt 0.0410402 0.1122309
vt 0.0410869 0.1249999
vt 0.0411511 0.1156779
vt 0.0411730 0.1032354
vt 0.0411763 0.1249999
vt 0.1411796 0.0032354
vt 0.4115835 0.9181714
vt 0.4115835 0.9909697
vt 0.8421681 0.0591465
vt 0.2388278 0.9809146
vt 0.2388278 0.9885467
vt 0.2388278 0.9932433
vt 0.2388278 0.9967658
vt 0.4047974 0.2867946
vt 0.4047974 0.2956009
vt 0.4047974 0.3008847
vt 0.7523966 0.0583060
vt 0.2383047 0.3617401
vt 0.2383047 0.3811139
vt 0.4815198 0.1615511
vt 0.4815198 0.1668349
vt 0.2769269 0.9583131
vt 0.2393486 0.8922648
vt 0.2393486 0.9950045
vt 0.4053184 0.2709434
vt 0.4053184 0.2768142
vt 0.4053184 0.2785755
vt 0.4053184 0.3020588
vt 0.4126253 0.9933183
vt 0.4820407 0.1627254
vt 0.4820407 0.1668349
vt 0.2398695 0.9908950
vt 0.1427454 0.0032354
vt 0.1427454 0.0061764
vt 0.4058393 0.2738788
vt 0.7534385 0.0635898
vt 0.4131462 0.9944923
vt 0.2779688 0.9594871
vt 0.4063602 0.2697693
vt 0.4063602 0.3014717
vt 0.2398675 0.3588045
vt 0.4830825 0.1873830
vt 0.1594917 0.2005726
vt 0.0441023 0.1032354
vt 0.0441023 0.1249999
vt 0.5153966 0.0155881
vt 0.7544803 0.0712219
vt 0.4141880 0.9046685
vt 0.4836034 0.1680092
vt 0.1600126 0.1923535
vt 0.2414323 0.8775879
vt 0.2414323 0.9098773
vt 0.6975469 0.0132353
vt 0.6975469 0.0167831
vt 0.6975469 0.0170481
vt 0.6975469 0.0171573
vt 0.6975469 0.0172142
vt 0.1443110 0.0061764
vt 0.7550011 0.0583060
vt 0.4147088 0.8958621
vt 0.4147088 0.9046685
vt 0.7763998 0.2615006
vt 0.1605334 0.1988114
vt 0.2419531 0.8858070
vt 0.2419531 0.9715212
vt 0.4152298 0.8958621
vt 0.4152298 0.9117136
vt 0.7769208 0.2397783
vt 0.1610544 0.2070305
vt 0.1610544 0.2152499
vt 0.1610544 0.2217077
vt 0.2424740 0.9779790
vt 0.4084438 0.2727047
vt 0.4084438 0.2785755
vt 0.4157507 0.9034942
vt 0.4851662 0.1627254
vt 0.7774417 0.2397783
vt 0.1615753 0.2105530
vt 0.1615753 0.2158369
vt 0.7779626 0.2350818
vt 0.7779626 0.2397783
vt 0.7779626 0.2474104
vt 0.7779626 0.2585651
vt 0.1620962 0.1941148
vt 0.1620962 0.2158369
vt 0.2435158 0.9433413
vt 0.4094856 0.2697693
vt 0.4094856 0.3020588
vt 0.2429929 0.3505854
vt 0.2440367 0.8922648
vt 0.4100064 0.2721175
vt 0.2435137 0.3670236
vt 0.4173133 0.9117136
vt 0.4173133 0.9768798
vt 0.4173133 0.9780541
vt 0.4173133 0.9809893
vt 0.4173133 0.9821636
vt 0.8478979 0.0720624
vt 0.1631379 0.2017469
vt 0.2445576 0.9932433
vt 0.7003505 0.0169075
vt 0.4105274 0.2685950
vt 0.4105274 0.2938396
vt 0.4178343 0.9381322
vt 0.4178343 0.9434161
vt 0.4178343 0.9563320
vt 0.4178343 0.9751185
vt 0.1636589 0.1941148
vt 0.1636589 0.2070305
vt 0.1479645 0.0038236
vt 0.4110483 0.2873818
vt 0.2445556 0.3670236
vt 0.4183552 0.9375452
vt 0.2831778 0.9788609
vt 0.1641798 0.1947018
vt 0.1641798 0.1999857
vt 0.8363778 0.0285293
vt 0.4115691 0.2791625
vt 0.8468510 0.1053339
vt 0.8468510 0.1247077
vt 0.4188760 0.9745315
vt 0.2836986 0.9518550
vt 0.2461203 0.9797403
vt 0.4120901 0.2732917
vt 0.4193970 0.9023202
vt 0.4193970 0.9064298
vt 0.7810880 0.2350818
vt 0.7810880 0.2391913
vt 0.8499815 0.0691269
vt 0.1495303 0.0038236
vt 0.1495303 0.0067646
vt 0.4126109 0.2756401
vt 0.4199178 0.8970364
vt 0.4199178 0.9375452
vt 0.2471621 0.9797403
vt 0.4131319 0.2685950
vt 0.4131319 0.2721175
vt 0.4131319 0.2756401
vt 0.4131319 0.3020588
vt 0.7607310 0.0735702
vt 0.4204387 0.9369582
vt 0.7821298 0.2350818
vt 0.8510233 0.0703011
vt 0.0190818 0.1032295
vt 0.2852613 0.9078239
vt 0.2476830 0.8805231
vt 0.2476830 0.9762181
vt 0.8382626 0.0258742
vt 0.8384655 0.0255883
vt 0.4136528 0.2709434
vt 0.4136528 0.2762271
vt 0.4136528 0.2873818
vt 0.4136528 0.2885559
vt 0.4136528 0.2944267
vt 0.4136528 0.3020588
vt 0.2471601 0.3505854
vt 0.2471601 0.3582175
vt 0.4209597 0.9739445
vt 0.7831715 0.2350818
vt 0.7831715 0.2397783
vt 0.7831715 0.2585651
vt 0.2863031 0.9236751
vt 0.2487248 0.9327736
vt 0.8390842 0.0312746
vt 0.8393388 0.0265725
vt 0.7622937 0.0671124
vt 0.8499764 0.1053339
vt 0.4220015 0.9081911
vt 0.4220015 0.9369582
vt 0.2868240 0.8825793
vt 0.2492457 0.9879597
vt 0.4152155 0.2944267
vt 0.4152155 0.3020588
vt 0.4225224 0.9363709
vt 0.2497667 0.8805231
vt 0.2497667 0.9715212
vt 0.8400600 0.0300115
vt 0.3295929 0.0061763
vt 0.4157364 0.2991234
vt 0.8536278 0.0714751
vt 0.1688679 0.1947018
vt 0.1688679 0.1999857
vt 0.3301149 0.0038235
vt 0.4162573 0.2768142
vt 0.4235642 0.9733572
vt 0.8541487 0.0667786
vt 0.8541487 0.0720624
vt 0.2883867 0.8861015
vt 0.1693888 0.1947018
vt 0.1693888 0.1999857
vt 0.8411054 0.0285635
vt 0.4167781 0.2885559
vt 0.4240850 0.9199327
vt 0.4240850 0.9363709
vt 0.7857760 0.2421269
vt 0.2889076 0.9207395
vt 0.2889076 0.9407006
vt 0.2513293 0.9779790
vt 0.3311586 0.0067648
vt 0.4172991 0.2991234
vt 0.4246060 0.9199327
vt 0.4246060 0.9357839
vt 0.4246060 0.9727702
vt 0.7862970 0.2309722
vt 0.7862970 0.2521073
vt 0.8551905 0.0591465
vt 0.8551905 0.0644303
vt 0.8551905 0.0667786
vt 0.6124974 0.4338234
vt 0.3316805 0.0038235
vt 0.4178200 0.2709434
vt 0.4178200 0.2762271
vt 0.7654192 0.0735702
vt 0.4251269 0.9199327
vt 0.7868179 0.2309722
vt 0.7868179 0.2485847
vt 0.4183408 0.2709434
vt 0.4183408 0.2762271
vt 0.4256477 0.9357839
vt 0.7873388 0.2620876
vt 0.2528920 0.8940261
vt 0.1208247 0.2285293
vt 0.1208247 0.2620587
vt 0.7664610 0.0594802
vt 0.7664610 0.0647641
vt 0.9334756 0.0511562
vt 0.4261687 0.9187584
vt 0.4261687 0.9281518
vt 0.4261687 0.9357839
vt 0.4261687 0.9727702
vt 0.6140601 0.3944888
vt 0.6140601 0.4209077
vt 0.2909912 0.8972562
vt 0.4193826 0.3020588
vt 0.4266895 0.9187584
vt 0.6145809 0.4338234
vt 0.2539338 0.9621278
vt 0.2539338 0.9644761
vt 0.4199036 0.2832721
vt 0.4272105 0.9357839
vt 0.4272105 0.9827506
vt 0.2544547 0.9756308
vt 0.4204245 0.2838592
vt 0.4204245 0.2891430
vt 0.4204245 0.2967750
vt 0.4204245 0.3020588
vt 0.8557064 0.1053339
vt 0.4277314 0.9351970
vt 0.2549757 0.8781749
vt 0.9355591 0.0417631
vt 0.4282522 0.9721832
vt 0.4282522 0.9886214
vt 0.6161437 0.4185595
vt 0.2930748 0.8861015
vt 0.1740769 0.1947018
vt 0.1740769 0.1999857
vt 0.2554965 0.9644761
vt 0.2554965 0.9715212
vt 0.2554965 0.9726955
vt 0.2554965 0.9903080
vt 0.1231822 0.2469132
vt 0.4287732 0.9351970
vt 0.4287732 0.9833376
vt 0.4287732 0.9868602
vt 0.4287732 0.9962536
vt 0.6166646 0.4015340
vt 0.2560174 0.9310124
vt 0.2560174 0.9603665
vt 0.2560174 0.9762181
vt 0.2560174 0.9773920
vt 0.1237540 0.2285293
vt 0.6333507 0.1249999
vt 0.4292940 0.9351970
vt 0.2941165 0.9430489
vt 0.2941165 0.9970607
vt 0.2565383 0.9879597
vt 0.2565383 0.9903080
vt 0.6337745 0.1054194
vt 0.4225081 0.2709434
vt 0.4225081 0.2762271
vt 0.7701072 0.0735702
vt 0.4298149 0.9721832
vt 0.2946375 0.9600744
vt 0.4230290 0.2685950
vt 0.4230290 0.2738788
vt 0.7706282 0.0594802
vt 0.8583108 0.1247077
vt 0.4303359 0.9328484
vt 0.4303359 0.9351970
vt 0.4303359 0.9727702
vt 0.6182273 0.3974244
vt 0.6182273 0.4303011
vt 0.6182273 0.4320624
vt 0.2951584 0.9600744
vt 0.2575802 0.9603665
vt 0.2575802 0.9721082
vt 0.2575802 0.9732825
vt 0.2575802 0.9820889
vt 0.6346341 0.1052318
vt 0.6349165 0.1052861
vt 0.6349165 0.1249999
vt 0.4235498 0.2768142
vt 0.4235498 0.2838592
vt 0.4235498 0.3020588
vt 0.4308567 0.9351970
vt 0.6187482 0.4273656
vt 0.6187482 0.4320624
vt 0.2956793 0.9594871
vt 0.2956793 0.9970607
vt 0.2581010 0.9556700
vt 0.2581010 0.9926563
vt 0.4240708 0.2744658
vt 0.4240708 0.2809238
vt 0.4313777 0.9351970
vt 0.4313777 0.9721832
vt 0.6192691 0.4303011
vt 0.6192691 0.4314751
vt 0.6192691 0.4326494
vt 0.0916073 0.1302447
vt 0.0916073 0.1543150
vt 0.2962002 0.9430489
vt 0.4318985 0.9240423
vt 0.4318985 0.9351970
vt 0.4318985 0.9833376
vt 0.4318985 0.9880344
vt 0.6197899 0.4291269
vt 0.6197899 0.4338234
vt 0.2967210 0.9600744
vt 0.4324194 0.9351970
vt 0.4324194 0.9721832
vt 0.4324194 0.9886214
vt 0.4324194 0.9974278
vt 0.2972420 0.9594871
vt 0.2972420 0.9600744
vt 0.2972420 0.9970607
vt 0.1782441 0.2228820
vt 0.2596637 0.9280771
vt 0.9402473 0.0417631
vt 0.4329404 0.9081911
vt 0.4329404 0.9351970
vt 0.2899341 0.3598072
vt 0.2899341 0.3815293
vt 0.6208318 0.4273656
vt 0.2977629 0.9395263
vt 0.2601847 0.8916778
vt 0.2601847 0.9556700
vt 0.2601847 0.9779790
vt 0.2601847 0.9926563
vt 0.4261543 0.2685950
vt 0.4261543 0.2738788
vt 0.4261543 0.2815109
vt 0.4261543 0.2838592
vt 0.4261543 0.2891430
vt 0.4261543 0.2967750
vt 0.8614362 0.1053339
vt 0.9407681 0.0493949
vt 0.4334612 0.9081911
vt 0.4334612 0.9275648
vt 0.4334612 0.9351970
vt 0.4334612 0.9721832
vt 0.4334612 0.9727702
vt 0.6213527 0.4291269
vt 0.6213527 0.4326494
vt 0.6213527 0.4338234
vt 0.2982838 0.9225008
vt 0.1792858 0.2129016
vt 0.2607055 0.9497992
vt 0.2607055 0.9603665
vt 0.2607055 0.9779790
vt 0.7168581 0.0132353
vt 0.4266753 0.2697693
vt 0.4266753 0.2914913
vt 0.4339822 0.9357839
vt 0.4339822 0.9757058
vt 0.4339822 0.9798153
vt 0.4339822 0.9821636
vt 0.2909759 0.3598072
vt 0.0942118 0.1302447
vt 0.2988047 0.9054753
vt 0.2988047 0.9395263
vt 0.2988047 0.9594871
vt 0.2988047 0.9600744
vt 0.1798068 0.2005726
vt 0.2612264 0.9497992
vt 0.2612264 0.9597795
vt 0.4345030 0.9351970
vt 0.2914967 0.3492396
vt 0.2914967 0.3686133
vt 0.2914967 0.3874001
vt 0.6223944 0.4326494
vt 0.2993255 0.9970607
vt 0.2617472 0.9280771
vt 0.2617472 0.9480379
vt 0.2617472 0.9932433
vt 0.2617472 0.9973528
vt 0.4350239 0.9357839
vt 0.4350239 0.9727702
vt 0.2998465 0.9336555
vt 0.2998465 0.9600744
vt 0.1808486 0.2117273
vt 0.4282380 0.2697693
vt 0.4282380 0.2744658
vt 0.4282380 0.2914913
vt 0.4282380 0.3020588
vt 0.7758372 0.0694606
vt 0.4355449 0.9357839
vt 0.2925386 0.3686133
vt 0.1813695 0.2070305
vt 0.1813695 0.2228820
vt 0.2627891 0.9603665
vt 0.2627891 0.9973528
vt 0.4287588 0.2738788
vt 0.4287588 0.2809238
vt 0.4360657 0.9076038
vt 0.4360657 0.9727702
vt 0.6239571 0.4185595
vt 0.0962953 0.1543150
vt 0.3008883 0.8990175
vt 0.3008883 0.9236751
vt 0.3008883 0.9600744
vt 0.2633100 0.9398188
vt 0.2633100 0.9597795
vt 0.2633100 0.9603665
vt 0.4292798 0.2815109
vt 0.4292798 0.2891430
vt 0.4365867 0.8976234
vt 0.4365867 0.8987977
vt 0.4365867 0.9081911
vt 0.4365867 0.9334357
vt 0.4365867 0.9357839
vt 0.2935804 0.3492396
vt 0.2935804 0.3686133
vt 0.2935804 0.3874001
vt 0.0352297 0.1032295
vt 0.0352297 0.1249515
vt 0.3014092 0.9054753
vt 0.3014092 0.9225008
vt 0.3014092 0.9336555
vt 0.1824113 0.2070305
vt 0.1824113 0.2228820
vt 0.2638309 0.8781749
vt 0.2638309 0.9004839
vt 0.2638309 0.9222063
vt 0.2638309 0.9415800
vt 0.2638309 0.9480379
vt 0.2638309 0.9603665
vt 0.2638309 0.9973528
vt 0.8661273 0.1054974
vt 0.8661273 0.1107810
vt 0.8661273 0.1113682
vt 0.8661273 0.1248712
vt 0.7215553 0.0131052
vt 0.7215553 0.0166278
vt 0.7215553 0.0172148
vt 0.7382568 0.0136807
vt 0.3316806 0.6948273
vt 0.3316806 0.6995241
vt 0.3316806 0.7288783
vt 0.3316806 0.7464908
vt 0.3316806 0.7506004
vt 0.5263570 0.0058795
vt 0.5263570 0.0070535
vt 0.0477557 0.4405726
vt 0.0477557 0.4446822
vt 0.0477557 0.4652303
vt 0.0477557 0.4757976
vt 0.5728079 0.4940146
vt 0.5712422 0.6869006
vt 0.5712422 0.7215386
vt 0.5712422 0.7561763
vt 0.4037056 0.1235334
vt 0.0023486 0.7652521
vt 0.0023486 0.7993031
vt 0.6584029 0.9034195
vt 0.6584029 0.9404058
vt 0.6584029 0.9427540
vt 0.6584029 0.9539087
vt 0.6584029 0.9591925
vt 0.6584029 0.9603665
vt 0.1714509 0.3202942
vt 0.1714509 0.3308824
vt 0.7920146 0.2308823
vt 0.6286534 0.3979411
vt 0.6286534 0.4002942
vt 0.6286534 0.4061765
vt 0.6286534 0.4161764
vt 0.6286534 0.4173528
vt 0.6286534 0.4255882
vt 0.7805323 0.0585293
vt 0.7805323 0.0638234
vt 0.7805323 0.0732352
vt 0.7805323 0.0738237
vt 0.2481733 0.0979413
vt 0.8666483 0.1113682
vt 0.3322015 0.6889565
vt 0.5717631 0.6869006
vt 0.5717631 0.7215386
vt 0.5717631 0.7561763
vt 0.6589239 0.9603665
vt 0.6589239 0.9973528
vt 0.1719728 0.3355883
vt 0.1719728 0.3408824
vt 0.7925365 0.2620589
vt 0.6291753 0.3979411
vt 0.6291753 0.4097059
vt 0.6291753 0.4191177
vt 0.6291753 0.4197059
vt 0.7810542 0.0732352
vt 0.2486951 0.0791177
vt 0.3327223 0.7376844
vt 0.3327223 0.7506004
vt 0.0487975 0.4757976
vt 0.5722839 0.7133192
vt 0.5722839 0.7344543
vt 0.5722839 0.7561763
vt 0.4047474 0.1247077
vt 0.6594447 0.9850242
vt 0.6594447 0.9950045
vt 0.6594447 0.9955918
vt 0.6594447 0.9967658
vt 0.6594447 0.9973528
vt 0.7398195 0.0172033
vt 0.3332433 0.7218332
vt 0.3332433 0.7288783
vt 0.0493184 0.4440952
vt 0.0493184 0.4846040
vt 0.5728049 0.7133192
vt 0.5728049 0.7561763
vt 0.6599656 0.9497992
vt 0.6599656 0.9633021
vt 0.6599656 0.9967658
vt 0.6599656 0.9973528
vt 0.3337642 0.6954143
vt 0.3337642 0.7036337
vt 0.5733258 0.7133192
vt 0.5733258 0.7344543
vt 0.5733258 0.7561763
vt 0.0044323 0.7652521
vt 0.0044323 0.7993031
vt 0.6604866 0.9480379
vt 0.6604866 0.9967658
vt 0.6604866 0.9973528
vt 0.1735386 0.3302942
vt 0.2502609 0.0791177
vt 0.2502609 0.0979413
vt 0.7408613 0.0130937
vt 0.3342851 0.6889565
vt 0.3342851 0.6954143
vt 0.3342851 0.7306396
vt 0.5289615 0.0052925
vt 0.0503602 0.4757976
vt 0.5754124 0.5427425
vt 0.2956629 0.0740722
vt 0.0049531 0.7699489
vt 0.0049531 0.7969545
vt 0.0049531 0.7993031
vt 0.6610074 0.9497992
vt 0.6610074 0.9850242
vt 0.6610074 0.9950045
vt 0.6610074 0.9955918
vt 0.6610074 0.9967658
vt 0.8692528 0.1054974
vt 0.8692528 0.1107810
vt 0.3348060 0.6960016
vt 0.3348060 0.7218332
vt 0.0508812 0.4757976
vt 0.0508812 0.4846040
vt 0.6615284 0.9844372
vt 0.6615284 0.9908950
vt 0.7977558 0.0408824
vt 0.7977558 0.0508824
vt 0.3927381 0.0391037
vt 0.3927381 0.0508454
vt 0.8697736 0.1113682
vt 0.8697736 0.1166518
vt 0.8697736 0.1242839
vt 0.5764542 0.5427425
vt 0.2967047 0.0570467
vt 0.0023487 0.2279410
vt 0.0023487 0.2455882
vt 0.7982777 0.0408824
vt 0.7424240 0.0130937
vt 0.3358478 0.6918920
vt 0.0519229 0.4399857
vt 0.0519229 0.4446822
vt 0.0519229 0.4757976
vt 0.0065158 0.7887354
vt 0.0065158 0.7910837
vt 0.6625701 0.9492122
vt 0.0028705 0.2279410
vt 0.0028705 0.2526472
vt 0.3363687 0.7294653
vt 0.0524439 0.4846040
vt 0.0070368 0.7699489
vt 0.6630911 0.9879597
vt 0.1761482 0.3202942
vt 0.7852296 0.0585293
vt 0.7267643 0.0131052
vt 0.7267643 0.0166278
vt 0.3368896 0.6918920
vt 0.3368896 0.7294653
vt 0.3368896 0.7523616
vt 0.0529647 0.4399857
vt 0.0529647 0.4634690
vt 0.0075576 0.7728842
vt 0.0075576 0.7781680
vt 0.6636119 0.9950045
vt 0.7857516 0.0655883
vt 0.0534857 0.4634690
vt 0.6641328 0.9492122
vt 0.0540065 0.4411596
vt 0.0540065 0.4846040
vt 0.6646537 0.9938306
vt 0.7982776 0.2614707
vt 0.6349165 0.4255882
vt 0.3384523 0.6860212
vt 0.3003511 0.0570467
vt 0.6656956 0.9932433
vt 0.5806214 0.4940146
vt 0.5806214 0.5427425
vt 0.3008719 0.0740722
vt 0.1792798 0.3273529
vt 0.6364823 0.4150000
vt 0.8708083 0.9427540
vt 0.8708083 0.9773920
vt 0.8708083 0.9785663
vt 0.8708083 0.9973528
vt 0.0106831 0.7934322
vt 0.6667373 0.9216190
vt 0.6667373 0.9251415
vt 0.6667373 0.9938306
vt 0.8713291 0.9098773
vt 0.8713291 0.9427540
vt 0.8713291 0.9885467
vt 0.0112039 0.7922580
vt 0.0112039 0.7969545
vt 0.6672582 0.9445153
vt 0.6672582 0.9920693
vt 0.0075678 0.2279410
vt 0.6375260 0.4150000
vt 0.3984680 0.0391037
vt 0.8718501 0.9885467
vt 0.8718501 0.9955918
vt 0.6677791 0.9938306
vt 0.0080898 0.2526472
vt 0.8723710 0.9456896
vt 0.8723710 0.9955918
vt 0.0122458 0.7728842
vt 0.0122458 0.7781680
vt 0.6683001 0.9920693
vt 0.6683001 0.9955918
vt 0.0127666 0.7934322
vt 0.6688209 0.9803276
vt 0.0091336 0.2308823
vt 0.0091336 0.2579412
vt 0.0586946 0.4411596
vt 0.8734128 0.9597795
vt 0.8734128 0.9685859
vt 0.8734128 0.9691729
vt 0.8734128 0.9779790
vt 0.6693418 0.9245545
vt 0.6693418 0.9257285
vt 0.6396137 0.4108823
vt 0.5169399 0.0399797
vt 0.8739336 0.9597795
vt 0.8739336 0.9691729
vt 0.8739336 0.9973528
vt 0.3045182 0.0570467
vt 0.3045182 0.0734852
vt 0.6698626 0.9938306
vt 0.8034969 0.2608822
vt 0.7335360 0.0131052
vt 0.7335360 0.0172148
vt 0.5174608 0.0423283
vt 0.8744546 0.9644761
vt 0.0143293 0.7993031
vt 0.8040188 0.2391177
vt 0.6521154 0.0799144
vt 0.6521154 0.0893074
vt 0.8749755 0.9785663
vt 0.8749755 0.9973528
vt 0.0148503 0.7910837
vt 0.6411795 0.4108823
vt 0.6411795 0.4285295
vt 0.6411795 0.4297059
vt 0.1542020 0.0042540
vt 0.5185026 0.0399797
vt 0.5185026 0.0417410
vt 0.5185026 0.0511344
vt 0.6526362 0.0887205
vt 0.6526362 0.0981138
vt 0.8754964 0.9644761
vt 0.0153711 0.7846258
vt 0.6714254 0.9938306
vt 0.0117432 0.2308823
vt 0.8050626 0.2467646
vt 0.5190236 0.0423283
vt 0.6531572 0.0799144
vt 0.6531572 0.0893074
vt 0.8760173 0.9703472
vt 0.6719463 0.9133999
vt 0.8765381 0.9703472
vt 0.6724671 0.9198577
vt 0.6724671 0.9251415
vt 0.8061065 0.2391177
vt 0.8061065 0.2514705
vt 0.8061065 0.2538235
vt 0.8061065 0.2608822
vt 0.4360647 0.0244117
vt 0.4360647 0.0297058
vt 0.5200653 0.0399797
vt 0.8770591 0.9703472
vt 0.8770591 0.9791533
vt 0.8066284 0.2538235
vt 0.3081646 0.0570467
vt 0.0174548 0.7975418
vt 0.8781008 0.9973528
vt 0.3086854 0.0734852
vt 0.0179756 0.7711229
vt 0.0179756 0.7928450
vt 0.6740299 0.9133999
vt 0.6740299 0.9257285
vt 0.6740299 0.9973528
vt 0.0143529 0.2308823
vt 0.0143529 0.2579412
vt 0.5425049 0.0052925
vt 0.1954276 0.5564482
vt 0.6745508 0.9034195
vt 0.6745508 0.9198577
vt 0.6745508 0.9251415
vt 0.6745508 0.9961788
vt 0.0148748 0.2279410
vt 0.0148748 0.2620589
vt 0.1876305 0.3079412
vt 0.6448330 0.4026470
vt 0.1578484 0.0048410
vt 0.1959486 0.5482290
vt 0.0190175 0.7858001
vt 0.6750718 0.9961788
vt 0.6750718 0.9973528
vt 0.8087161 0.2532354
vt 0.6453549 0.4085295
vt 0.4208953 0.1041597
vt 0.0195383 0.7711229
vt 0.0195383 0.8239604
vt 0.0195383 0.8268960
vt 0.1886743 0.3255883
vt 0.8092379 0.2532354
vt 0.6458768 0.4014706
vt 0.6458768 0.4302941
vt 0.4391962 0.0244117
vt 0.4391962 0.0279412
vt 0.5440676 0.0070535
vt 0.8801845 0.9973528
vt 0.0200593 0.8227864
vt 0.0200593 0.8239604
vt 0.6761135 0.9615408
vt 0.6463988 0.3944119
vt 0.6463988 0.3967647
vt 0.4219371 0.1041597
vt 0.4219371 0.1053339
vt 0.0205801 0.7858001
vt 0.1897182 0.3255883
vt 0.8102819 0.2308823
vt 0.8102819 0.2338236
vt 0.6469207 0.3997060
vt 0.2142117 0.0379192
vt 0.2142117 0.0508351
vt 0.1980321 0.5640803
vt 0.1980321 0.6081117
vt 0.8812263 0.9644761
vt 0.3118108 0.0570467
vt 0.0211010 0.7858001
vt 0.0211010 0.8239604
vt 0.3963620 0.5527565
vt 0.3963620 0.5715430
vt 0.3963620 0.5733043
vt 0.8108037 0.2526472
vt 0.2147326 0.0379192
vt 0.8817472 0.9721082
vt 0.3123318 0.0734852
vt 0.3968829 0.5785881
vt 0.3968829 0.5826977
vt 0.3968829 0.5879815
vt 0.3968829 0.5891555
vt 0.6776763 0.9973528
vt 0.1907620 0.3308824
vt 0.1990739 0.5482290
vt 0.1990739 0.5517516
vt 0.1990739 0.5728864
vt 0.8822681 0.9961788
vt 0.0221428 0.8227864
vt 0.3974038 0.5703690
vt 0.3974038 0.5932654
vt 0.3974038 0.5967876
vt 0.0185282 0.2279410
vt 0.1912840 0.3308824
vt 0.1912840 0.3408824
vt 0.8483422 0.0066795
vt 0.1995949 0.5640803
vt 0.1995949 0.5734737
vt 0.1995949 0.6081117
vt 0.0226637 0.7858001
vt 0.3979247 0.5826977
vt 0.3979247 0.5873945
vt 0.3979247 0.5879815
vt 0.2001157 0.5564482
vt 0.2001157 0.5634933
vt 0.8833098 0.9721082
vt 0.8833098 0.9809146
vt 0.8833098 0.9967658
vt 0.0231846 0.7858001
vt 0.0231846 0.8227864
vt 0.3984455 0.5527565
vt 0.3984455 0.5932654
vt 0.3984455 0.6073553
vt 0.3984455 0.6085293
vt 0.2006366 0.5482290
vt 0.2006366 0.5775832
vt 0.2006366 0.6086987
vt 0.8838308 0.9773920
vt 0.8838308 0.9809146
vt 0.8838308 0.9944175
vt 0.8838308 0.9967658
vt 0.0237055 0.7676003
vt 0.0237055 0.8239604
vt 0.3989665 0.5556918
vt 0.3989665 0.6014845
vt 0.3989665 0.6073553
vt 0.3535584 0.7558842
vt 0.8843517 0.9926563
vt 0.8843517 0.9973528
vt 0.3149363 0.0570467
vt 0.0242265 0.7858001
vt 0.0242265 0.8239604
vt 0.3994874 0.5873945
vt 0.3994874 0.5944393
vt 0.3994874 0.5962006
vt 0.3994874 0.5967876
vt 0.3994874 0.6038327
vt 0.3994874 0.6079423
vt 0.2178579 0.0379192
vt 0.2178579 0.0432030
vt 0.2178579 0.0508351
vt 0.8504258 0.0066795
vt 0.3540792 0.7042207
vt 0.8848726 0.9926563
vt 0.0247473 0.7846258
vt 0.0247473 0.8216121
vt 0.4000083 0.6073553
vt 0.1938935 0.3255883
vt 0.8853935 0.9773920
vt 0.0252682 0.7676003
vt 0.0252682 0.7699489
vt 0.0252682 0.7846258
vt 0.0252682 0.8216121
vt 0.0252682 0.8233734
vt 0.4005292 0.5556918
vt 0.4005292 0.5656722
vt 0.4005292 0.5873945
vt 0.8859143 0.9908950
vt 0.3164989 0.0734852
vt 0.0257891 0.7699489
vt 0.0257891 0.7846258
vt 0.4010500 0.5633239
vt 0.4010500 0.6038327
vt 0.4010500 0.6073553
vt 0.0221816 0.2620589
vt 0.6521398 0.4320590
vt 0.8864353 0.9973528
vt 0.5106524 0.1323454
vt 0.5106524 0.1546548
vt 0.0263100 0.7834519
vt 0.0227036 0.2279410
vt 0.6526618 0.4067646
vt 0.2037621 0.5775832
vt 0.8869562 0.9885467
vt 0.8869562 0.9908950
vt 0.8869562 0.9920693
vt 0.8869562 0.9926563
vt 0.0268310 0.8204381
vt 0.4020919 0.5574531
vt 0.4020919 0.5915041
vt 0.4020919 0.6085293
vt 0.3566837 0.7300523
vt 0.8874770 0.9885467
vt 0.8874770 0.9973528
vt 0.0273518 0.7834519
vt 0.4026127 0.6079423
vt 0.4026127 0.6085293
vt 0.0634133 0.4397059
vt 0.0634133 0.4767647
vt 0.3572047 0.6924790
vt 0.0278727 0.7822776
vt 0.0278727 0.8192638
vt 0.0278727 0.8421602
vt 0.4031337 0.6079423
vt 0.4031337 0.6085293
vt 0.8885188 0.9128129
vt 0.8885188 0.9867854
vt 0.5127359 0.1323454
vt 0.0283936 0.7822776
vt 0.0644573 0.4397059
vt 0.0644573 0.4767647
vt 0.8181107 0.2608822
vt 0.8181107 0.2614707
vt 0.8181107 0.2620589
vt 0.1677454 0.0048410
vt 0.1708769 0.0118930
vt 0.1708769 0.0154155
vt 0.1708769 0.0160025
vt 0.1708769 0.0171768
vt 0.8890398 0.9486249
vt 0.8890398 0.9950045
vt 0.0289145 0.7822776
vt 0.4041755 0.6055940
vt 0.0649791 0.4397059
vt 0.8186326 0.2308823
vt 0.8186326 0.2614707
vt 0.1907089 0.0119506
vt 0.1907089 0.0172344
vt 0.3587674 0.7558842
vt 0.2063666 0.5482290
vt 0.2063666 0.5775832
vt 0.2063666 0.6069374
vt 0.0022956 0.9210320
vt 0.0022956 0.9257285
vt 0.8895607 0.9838499
vt 0.8895607 0.9973528
vt 0.0294355 0.7922580
vt 0.0294355 0.8180896
vt 0.4046964 0.6055940
vt 0.0655010 0.4767647
vt 0.6557933 0.4067646
vt 0.3592882 0.7558842
vt 0.0028164 0.8517560
vt 0.0028164 0.8881553
vt 0.0028164 0.9175094
vt 0.8900815 0.9838499
vt 0.8900815 0.9867854
vt 0.8900815 0.9950045
vt 0.0299563 0.8192638
vt 0.4052172 0.5932654
vt 0.4052172 0.6085293
vt 0.0660229 0.4397059
vt 0.2340263 0.3077168
vt 0.2340263 0.3423548
vt 0.0033374 0.9269028
vt 0.0033374 0.9621278
vt 0.0033374 0.9967658
vt 0.0304772 0.7822776
vt 0.4057382 0.5644982
vt 0.0665449 0.4397059
vt 0.0665449 0.4767647
vt 0.1996347 0.3414706
vt 0.8744781 0.1250001
vt 0.2345471 0.3353097
vt 0.0038582 0.9615408
vt 0.0309980 0.8145673
vt 0.0309980 0.8421602
vt 0.0670668 0.4397059
vt 0.6573591 0.4167646
vt 0.2350681 0.3364840
vt 0.5555273 0.0064665
vt 0.0043791 0.8881553
vt 0.0315190 0.7705359
vt 0.0315190 0.7875614
vt 0.4067800 0.5932654
vt 0.2006785 0.3414706
vt 0.8212422 0.2332354
vt 0.8212422 0.2497059
vt 0.6578810 0.4332354
vt 0.0049001 0.8517560
vt 0.0049001 0.8863940
vt 0.0049001 0.8940261
vt 0.4073009 0.5574531
vt 0.4073009 0.5909168
vt 0.8217640 0.2514705
vt 0.6584029 0.3973529
vt 0.1938343 0.0119506
vt 0.1938343 0.0172344
vt 0.0054209 0.8517560
vt 0.0054209 0.8611494
vt 0.0054209 0.8822844
vt 0.0054209 0.9133999
vt 0.0054209 0.9251415
vt 0.4078217 0.5586274
vt 0.4078217 0.5909168
vt 0.4078217 0.6085293
vt 0.8222861 0.2614707
vt 0.2366308 0.3364840
vt 0.2366308 0.3423548
vt 0.5570901 0.0058795
vt 0.0059418 0.8605624
vt 0.0059418 0.8611494
vt 0.0059418 0.8940261
vt 0.0059418 0.9251415
vt 0.5174241 0.1323454
vt 0.0330817 0.7793420
vt 0.0330817 0.7828646
vt 0.0691545 0.4402941
vt 0.2022443 0.3185294
vt 0.8228079 0.2497059
vt 0.6594468 0.4167646
vt 0.1755650 0.0118930
vt 0.1755650 0.0154155
vt 0.2371516 0.3441161
vt 0.0064627 0.8611494
vt 0.0064627 0.9016582
vt 0.0064627 0.9257285
vt 0.0336025 0.7705359
vt 0.0336025 0.7781680
vt 0.0336025 0.7875614
vt 0.0336025 0.8145673
vt 0.0696764 0.4773529
vt 0.8233298 0.2620589
vt 0.8776096 0.1232352
vt 0.0069836 0.8517560
vt 0.0069836 0.8611494
vt 0.0069836 0.8822844
vt 0.0069836 0.9110516
vt 0.0341235 0.7975418
vt 0.4093845 0.5909168
vt 0.0701983 0.4402941
vt 0.2032881 0.3179412
vt 0.2032881 0.3438237
vt 0.8238517 0.2455882
vt 0.6604906 0.4297059
vt 0.6604906 0.4338235
vt 0.5586528 0.0070535
vt 0.0075046 0.8652589
vt 0.4099054 0.5586274
vt 0.4099054 0.6061810
vt 0.4099054 0.6085293
vt 0.0707203 0.4402941
vt 0.0707203 0.4773529
vt 0.5247913 0.0508823
vt 0.8786535 0.1238234
vt 0.0080254 0.8529303
vt 0.0080254 0.9016582
vt 0.5195076 0.1317585
vt 0.5195076 0.1546548
vt 0.4104262 0.6061810
vt 0.8248956 0.2479413
vt 0.6615345 0.3950001
vt 0.6615345 0.3973529
vt 0.6615345 0.4026470
vt 0.8791754 0.1055881
vt 0.4548539 0.0308824
vt 0.0085463 0.8793492
vt 0.0356862 0.8086965
vt 0.0356862 0.8415729
vt 0.4109472 0.6061810
vt 0.4109472 0.6085293
vt 0.0717641 0.4402941
vt 0.0717641 0.4773529
vt 0.2048538 0.3097058
vt 0.6620564 0.3991178
vt 0.5258351 0.0397059
vt 0.0722860 0.4402941
vt 0.0722860 0.4773529
vt 0.2053757 0.3114707
vt 0.8259394 0.2620589
vt 0.6625782 0.4185295
vt 0.5263569 0.0397059
vt 0.8802192 0.1055881
vt 0.8802192 0.1102940
vt 0.0095881 0.8652589
vt 0.0095881 0.9251415
vt 0.0095881 0.9621278
vt 0.0728080 0.4402941
vt 0.2058978 0.3097058
vt 0.6631003 0.4297059
vt 0.6631003 0.4338235
vt 0.8807412 0.1102940
vt 0.0101091 0.8676075
vt 0.0101091 0.9251415
vt 0.0372489 0.7969545
vt 0.0733299 0.4473530
vt 0.0733299 0.4844119
vt 0.6636221 0.4120587
vt 0.6636221 0.4185295
vt 0.5200940 0.0126470
vt 0.1766007 0.0036670
vt 0.2413188 0.3077168
vt 0.5617781 0.0064665
vt 0.0106299 0.8764136
vt 0.0377698 0.8403989
vt 0.0738518 0.4714706
vt 0.8275052 0.2402941
vt 0.6641440 0.4079410
vt 0.6645955 0.2096748
vt 0.0111508 0.9063550
vt 0.0111508 0.9439283
vt 0.0382907 0.8110447
vt 0.0382907 0.8409859
vt 0.0743736 0.4573530
vt 0.0743736 0.4714706
vt 0.8280271 0.2361764
vt 0.8280271 0.2491177
vt 0.6651165 0.2085006
vt 0.6651165 0.2096748
vt 0.1776426 0.0030800
vt 0.0116718 0.8676075
vt 0.0116718 0.9063550
vt 0.4140726 0.5862202
vt 0.4140726 0.6085293
vt 0.0748957 0.4473530
vt 0.6651879 0.4079410
vt 0.6651879 0.4120587
vt 0.4585074 0.0249999
vt 0.0121926 0.9063550
vt 0.0393325 0.7969545
vt 0.0393325 0.8051739
vt 0.0754176 0.4461763
vt 0.8290710 0.2491177
vt 0.6657098 0.4044119
vt 0.5221816 0.0126470
vt 0.2434025 0.3077168
vt 0.4151144 0.5562788
vt 0.8295929 0.2520590
vt 0.6662317 0.4144118
vt 0.6666790 0.1944106
vt 0.1792051 0.0054283
vt 0.2439233 0.3077168
vt 0.4156352 0.6085293
vt 0.0764613 0.4461763
vt 0.0764613 0.4832352
vt 0.1902400 0.3961765
vt 0.6667536 0.4008824
vt 0.6667536 0.4014706
vt 0.7147703 0.2302941
vt 0.4600730 0.0279412
vt 0.6672000 0.1938236
vt 0.6672000 0.1944106
vt 0.0137553 0.8529303
vt 0.0408952 0.7998901
vt 0.4161562 0.5556918
vt 0.0769833 0.4449999
vt 0.0769833 0.4820588
vt 0.6672756 0.3973529
vt 0.0142763 0.8488207
vt 0.8311587 0.2520590
vt 0.1838994 0.0118930
vt 0.0780271 0.4449999
vt 0.1844203 0.0160025
vt 0.0153180 0.8723040
vt 0.0424579 0.8051739
vt 0.4177189 0.6085293
vt 0.0785490 0.4444117
vt 0.0785490 0.4814706
vt 0.2116388 0.3261765
vt 0.1923277 0.4297059
vt 0.5070459 0.4473531
vt 0.5070459 0.4844116
vt 0.1818096 0.0036670
vt 0.3211625 0.0736496
vt 0.0158389 0.9967658
vt 0.0429787 0.7617295
vt 0.0429787 0.7969545
vt 0.0429787 0.8004771
vt 0.0429787 0.8063479
vt 0.8327245 0.2379413
vt 0.3216834 0.0648435
vt 0.0434997 0.7969545
vt 0.0434997 0.8004771
vt 0.0434997 0.8045866
vt 0.4187607 0.5556918
vt 0.0795929 0.4444117
vt 0.4632046 0.0308824
vt 0.1859831 0.0171768
vt 0.4192816 0.5556918
vt 0.0801148 0.4432354
vt 0.0801148 0.4802942
vt 0.1938935 0.4038237
vt 0.1938935 0.4297059
vt 0.2480905 0.3077168
vt 0.1944154 0.3961765
vt 0.5091336 0.4450000
vt 0.7189457 0.2326472
vt 0.8853547 0.1135126
vt 0.0811587 0.4432354
vt 0.6714510 0.4014706
vt 0.3237669 0.0654305
vt 0.0184434 0.9257285
vt 0.0184434 0.9269028
vt 0.4208442 0.6085293
vt 0.0816806 0.4420590
vt 0.7199896 0.2326472
vt 0.3242879 0.0683660
vt 0.3242879 0.0736496
vt 0.6865008 0.2021739
vt 0.5106994 0.4473531
vt 0.0194853 0.9257285
vt 0.0466251 0.7617295
vt 0.0466251 0.7899097
vt 0.0827244 0.4420590
vt 0.0827244 0.4791175
vt 0.1965031 0.3932352
vt 0.0471460 0.7676003
vt 0.0471460 0.8016514
vt 0.0832464 0.4408823
vt 0.0205270 0.9257285
vt 0.8879592 0.1229060
vt 0.6880636 0.2021739
vt 0.4229279 0.5780011
vt 0.9333663 0.0979410
vt 0.0837683 0.4779411
vt 0.5305324 0.0173528
vt 0.0210478 0.9967658
vt 0.0481877 0.8022383
vt 0.0481877 0.8333538
vt 0.0842902 0.4408823
vt 0.9344081 0.0961801
vt 0.0848121 0.4402941
vt 0.3274133 0.0642565
vt 0.3274133 0.0683660
vt 0.0853341 0.4402941
vt 0.0853341 0.4773529
vt 0.1984978 0.0119437
vt 0.1984978 0.0172276
vt 0.1885813 0.0066023
vt 0.3279342 0.0689530
vt 0.0226106 0.8910908
vt 0.3284551 0.0642565
vt 0.3284551 0.0730626
vt 0.2538205 0.3423548
vt 0.2538205 0.3429418
vt 0.0231315 0.8910908
vt 0.0231315 0.9269028
vt 0.0231315 0.9621278
vt 0.0231315 0.9967658
vt 0.9359708 0.0955928
vt 0.7246868 0.2461763
vt 0.3289759 0.0566244
vt 0.3289759 0.0607339
vt 0.0236523 0.9163354
vt 0.0236523 0.9269028
vt 0.8910845 0.1187964
vt 0.0507922 0.8392246
vt 0.2199895 0.3085294
vt 0.3294969 0.0607339
vt 0.0513132 0.8075222
vt 0.9370125 0.0973541
vt 0.6777140 0.4138236
vt 0.7257307 0.2461763
vt 0.0246942 0.9257285
vt 0.0518341 0.8333538
vt 0.1176931 0.7655882
vt 0.1176931 0.8026470
vt 0.5164405 0.4661766
vt 0.7262526 0.2461763
vt 0.1911858 0.0060153
vt 0.0252151 0.8576268
vt 0.0252151 0.9163354
vt 0.0252151 0.9621278
vt 0.6927516 0.1986513
vt 0.4276159 0.5738916
vt 0.1182150 0.7655882
vt 0.1182150 0.8026470
vt 0.2016233 0.0119437
vt 0.2016233 0.0172276
vt 0.3310596 0.0566244
vt 0.3310596 0.0660175
vt 0.3310596 0.0689530
vt 0.0528759 0.7676003
vt 0.0528759 0.8016514
vt 0.0528759 0.8022383
vt 0.4281369 0.5738916
vt 0.1187369 0.7685295
vt 0.7272964 0.2350000
vt 0.6797015 0.2225908
vt 0.0262568 0.8541045
vt 0.0262568 0.9439283
vt 0.0205157 0.6952371
vt 0.0205157 0.6987597
vt 0.0533967 0.7828646
vt 0.0533967 0.8139800
vt 0.0533967 0.8180896
vt 0.9390961 0.0938315
vt 0.2225992 0.3326470
vt 0.2225992 0.3379411
vt 0.7278184 0.2350000
vt 0.6802225 0.2220035
vt 0.6802225 0.2225908
vt 0.6943143 0.2174381
vt 0.6943143 0.2215477
vt 0.6943143 0.2227220
vt 0.4291786 0.5738916
vt 0.1197808 0.7685295
vt 0.1197808 0.8055883
vt 0.0272987 0.8922648
vt 0.8947309 0.1187964
vt 0.0544386 0.7828646
vt 0.0544386 0.8198508
vt 0.6948353 0.1986513
vt 0.4296996 0.5738916
vt 0.1203027 0.7714705
vt 0.0278196 0.9621278
vt 0.0220784 0.6987597
vt 0.0549594 0.7852128
vt 0.4302204 0.5738916
vt 0.6817852 0.2067393
vt 0.6817852 0.2079136
vt 0.1870044 0.2184352
vt 0.0283405 0.8910908
vt 0.0283405 0.9257285
vt 0.0554804 0.7852128
vt 0.0554804 0.8233734
vt 0.6958770 0.2209607
vt 0.1213466 0.7714705
vt 0.1213466 0.8085293
vt 0.7299061 0.2391177
vt 0.2595503 0.3253293
vt 0.0560012 0.8221991
vt 0.0560012 0.8239604
vt 0.6963979 0.1939548
vt 0.6963979 0.2209607
vt 0.1218685 0.7738235
vt 0.6824113 0.3944119
vt 0.0293823 0.8541045
vt 0.0293823 0.8576268
vt 0.0293823 0.8910908
vt 0.0293823 0.9621278
vt 0.0236412 0.7175465
vt 0.0236412 0.7187205
vt 0.0236412 0.7557067
vt 0.6859585 0.4680080
vt 0.1223904 0.8108824
vt 0.6829332 0.3944119
vt 0.0299032 0.8910908
vt 0.0299032 0.9257285
vt 0.9427425 0.0897219
vt 0.1229123 0.7738235
vt 0.6834551 0.3944119
vt 0.6834551 0.4002942
vt 0.6834551 0.4038237
vt 0.2063113 0.0118955
vt 0.0304241 0.8816974
vt 0.1234343 0.8108824
vt 0.1896089 0.2184352
vt 0.8550577 0.0066023
vt 0.0309450 0.8494077
vt 0.0309450 0.8505820
vt 0.0309450 0.8523433
vt 0.0309450 0.8535173
vt 0.0309450 0.8910908
vt 0.0252039 0.7122626
vt 0.1239562 0.7632354
vt 0.1239562 0.7791176
vt 0.1239562 0.7797058
vt 0.2272965 0.3326470
vt 0.2272965 0.3379411
vt 0.7325157 0.2414705
vt 0.0314660 0.8905035
vt 0.0314660 0.8910908
vt 0.0314660 0.9257285
vt 0.6880422 0.4421764
vt 0.6850209 0.3979411
vt 0.7330376 0.2344118
vt 0.7330376 0.2444117
vt 0.8456611 0.0254074
vt 0.0319868 0.8816974
vt 0.0319868 0.9251415
vt 0.4343876 0.5762398
vt 0.4343876 0.5797624
vt 0.9448260 0.0873737
vt 0.7335594 0.2344118
vt 0.0325077 0.8541045
vt 0.0325077 0.8576268
vt 0.1255220 0.7797058
vt 0.1255220 0.8167647
vt 0.2095512 0.4132354
vt 0.7340815 0.2461763
vt 0.0330285 0.8887422
vt 0.0272874 0.7181335
vt 0.0272874 0.7187205
vt 0.0272874 0.7557067
vt 0.6896047 0.4744658
vt 0.1260439 0.7955884
vt 0.2293842 0.3261765
vt 0.2100731 0.4132354
vt 0.2094368 0.0118955
vt 0.2094368 0.0171790
vt 0.9009816 0.1252546
vt 0.0278084 0.6876050
vt 0.0278084 0.7187205
vt 0.9463887 0.0873737
vt 0.5253131 0.4661766
vt 0.5253131 0.4844116
vt 0.2647594 0.3429418
vt 0.0340704 0.8599754
vt 0.0340704 0.9609538
vt 0.0283293 0.6876050
vt 0.0283293 0.6975854
vt 0.0283293 0.7175465
vt 0.0283293 0.7545327
vt 0.6906466 0.4550920
vt 0.4364713 0.5762398
vt 0.6906466 0.4750531
vt 0.2652802 0.3077168
vt 0.9020234 0.1252546
vt 0.0288501 0.7069788
vt 0.6911675 0.4779884
vt 0.9474305 0.0897219
vt 0.1276097 0.7955884
vt 0.1276097 0.8326469
vt 0.7361692 0.2308823
vt 0.7361692 0.2620589
vt 0.8487865 0.0254074
vt 0.8487865 0.0312783
vt 0.0351122 0.9609538
vt 0.0351122 0.9615408
vt 0.0293711 0.7122626
vt 0.6916884 0.4427634
vt 0.1281315 0.7961766
vt 0.1281315 0.8332354
vt 0.7366910 0.2397059
vt 0.0356330 0.8541045
vt 0.0356330 0.9603665
vt 0.6922092 0.4785754
vt 0.1286534 0.7632354
vt 0.5274008 0.4661766
vt 0.7372129 0.2308823
vt 0.7372129 0.2397059
vt 0.7372129 0.2497058
vt 0.7372129 0.2573530
vt 0.7372129 0.2597058
vt 0.7372129 0.2620589
vt 0.0361540 0.9621278
vt 0.0304129 0.6975854
vt 0.9489932 0.0932445
vt 0.1291753 0.7791176
vt 0.4830375 0.0255884
vt 0.0366749 0.8499947
vt 0.9041071 0.1123386
vt 0.1296973 0.7961766
vt 0.0371958 0.8494077
vt 0.0314546 0.7175465
vt 0.0314546 0.7545327
vt 0.0314546 0.7562940
vt 0.6937720 0.4785754
vt 0.9500350 0.0873737
vt 0.1302192 0.7685295
vt 0.1302192 0.8055883
vt 0.2684056 0.3194584
vt 0.2684056 0.3218067
vt 0.9051489 0.1240803
vt 0.0319756 0.7146109
vt 0.0319756 0.7151979
vt 0.0319756 0.7521842
vt 0.6942929 0.4826849
vt 0.4401175 0.5920911
vt 0.9505560 0.0961801
vt 0.9056697 0.1240803
vt 0.6948137 0.4433504
vt 0.6948137 0.4785754
vt 0.6948137 0.4844462
vt 0.1312630 0.7685295
vt 0.1312630 0.7967648
vt 0.5300104 0.4644117
vt 0.2699684 0.3223937
vt 0.0335383 0.7151979
vt 0.9521187 0.0809158
vt 0.5310543 0.4638235
vt 0.6928497 0.4138236
vt 0.2704892 0.3312001
vt 0.0398003 0.9615408
vt 0.0340591 0.7093271
vt 0.1328288 0.7967648
vt 0.1328288 0.8338236
vt 0.2710101 0.3423548
vt 0.0345801 0.7463133
vt 0.6968974 0.4433504
vt 0.1333507 0.7967648
vt 0.1333507 0.8338236
vt 0.5310542 0.0397059
vt 0.5465831 0.1620564
vt 0.2715310 0.3223937
vt 0.0022199 0.6794136
vt 0.9536813 0.0932445
vt 0.2720519 0.3147616
vt 0.0356218 0.7093271
vt 0.1349165 0.7685295
vt 0.1349165 0.7967648
vt 0.5478855 0.1784949
vt 0.0364032 0.7058048
vt 0.0364032 0.7427911
vt 0.5341858 0.4614707
vt 0.6959812 0.4314705
vt 0.4893006 0.0314706
vt 0.2733542 0.3147616
vt 0.0426653 0.8881553
vt 0.9100974 0.1246673
vt 0.1359604 0.7626472
vt 0.1359604 0.7685295
vt 0.1359604 0.8055883
vt 0.6965032 0.4032352
vt 0.2018500 0.2055192
vt 0.9106183 0.1246673
vt 0.9106183 0.1252546
vt 0.0374450 0.7058048
vt 0.1364823 0.7702941
vt 0.1364823 0.7967648
vt 0.1364823 0.8344118
vt 0.5494482 0.1826045
vt 0.0437071 0.8717170
vt 0.0379659 0.7169592
vt 0.0379659 0.7257656
vt 0.0379659 0.7263526
vt 0.0379659 0.7269396
vt 0.7002833 0.4691820
vt 0.1370042 0.7973530
vt 0.5347077 0.0397059
vt 0.5347077 0.0432354
vt 0.6187369 0.1632354
vt 0.6187369 0.1638235
vt 0.6187369 0.1655881
vt 0.6187369 0.1738235
vt 0.6187369 0.1761766
vt 0.6187369 0.1838235
vt 0.6187369 0.1867648
vt 0.6187369 0.1873530
vt 0.7121607 0.0408823
vt 0.7121607 0.0426472
vt 0.7121607 0.0455881
vt 0.7121607 0.0461763
vt 0.7121607 0.0502940
vt 0.0056057 0.6447756
vt 0.0442279 0.9239675
vt 0.0384867 0.7263526
vt 0.1375260 0.7626472
vt 0.7126826 0.0479412
vt 0.0447488 0.9427540
vt 0.1380481 0.7973530
vt 0.1380481 0.8344118
vt 0.7132046 0.0479412
vt 0.7132046 0.0491176
vt 0.5510109 0.1726241
vt 0.5510109 0.1784949
vt 0.0395287 0.6987597
vt 0.0395287 0.7040435
vt 0.1385700 0.7973530
vt 0.1385700 0.8344118
vt 0.5373173 0.4614707
vt 0.6991128 0.4314705
vt 0.5362735 0.0432354
vt 0.6203027 0.1826471
vt 0.7137265 0.0426472
vt 0.7137265 0.0502940
vt 0.2044545 0.2055192
vt 0.9132227 0.1246673
vt 0.9132227 0.1252546
vt 0.0400495 0.7128496
vt 0.0400495 0.7380942
vt 0.7023668 0.4627241
vt 0.1390918 0.7626472
vt 0.1390918 0.7702941
vt 0.2231211 0.4338235
vt 0.7142484 0.0461763
vt 0.7142484 0.0485294
vt 0.0405704 0.7204817
vt 0.0405704 0.7339847
vt 0.0082102 0.6136602
vt 0.0468324 0.9263158
vt 0.0468324 0.9973528
vt 0.1401357 0.7973530
vt 0.2060172 0.2055192
vt 0.7039295 0.4592016
vt 0.1406576 0.7979412
vt 0.5394050 0.4644117
vt 0.5394050 0.4779412
vt 0.7012004 0.4038237
vt 0.7012004 0.4232354
vt 0.6223904 0.1679412
vt 0.0092521 0.6447756
vt 0.0478743 0.9216190
vt 0.0421331 0.7269396
vt 0.7044505 0.4562663
vt 0.1411795 0.8350000
vt 0.5399269 0.4602940
vt 0.5399269 0.4791176
vt 0.7017223 0.3979411
vt 0.7017223 0.4038237
vt 0.7017223 0.4138236
vt 0.5541362 0.1726241
vt 0.5541362 0.1784949
vt 0.0483951 0.8499947
vt 0.0483951 0.8511690
vt 0.0483951 0.8529303
vt 0.0483951 0.8535173
vt 0.0426540 0.7069788
vt 0.7049713 0.4427634
vt 0.7049713 0.4603759
vt 0.1417014 0.7702941
vt 0.1417014 0.7967648
vt 0.5404488 0.4555881
vt 0.7022442 0.4050001
vt 0.7022442 0.4144118
vt 0.0102939 0.6447756
vt 0.9617553 0.0961801
vt 0.1422234 0.7979412
vt 0.5409708 0.4538235
vt 0.5409708 0.4602940
vt 0.7027662 0.4232354
vt 0.0494369 0.9597795
vt 0.0436957 0.7128496
vt 0.7060131 0.4503955
vt 0.9622761 0.0944188
vt 0.1427453 0.7626472
vt 0.1427453 0.7902940
vt 0.1427453 0.8273528
vt 0.2267745 0.3973529
vt 0.5414927 0.4791176
vt 0.0442167 0.6987597
vt 0.0442167 0.7040435
vt 0.7065340 0.4427634
vt 0.7065340 0.4503955
vt 0.1432672 0.8355882
vt 0.2272964 0.4038237
vt 0.2272964 0.4338235
vt 0.5420146 0.4732353
vt 0.7184238 0.0408823
vt 0.7070550 0.4480472
vt 0.7043319 0.4191177
vt 0.6255219 0.1814707
vt 0.0452585 0.7069788
vt 0.0452585 0.7175465
vt 0.7075758 0.4462859
vt 0.1443111 0.7720590
vt 0.1443111 0.7902940
vt 0.7048539 0.4091177
vt 0.7048539 0.4132354
vt 0.7080967 0.4503955
vt 0.1448330 0.7720590
vt 0.1448330 0.8073529
vt 0.5435804 0.4667648
vt 0.5435804 0.4844116
vt 0.7053758 0.4050001
vt 0.9194735 0.1058808
vt 0.7086176 0.4503955
vt 0.7086176 0.4744658
vt 0.9648806 0.0961801
vt 0.1453549 0.7820589
vt 0.2293841 0.4038237
vt 0.2293841 0.4338235
vt 0.5441023 0.4708825
vt 0.0468212 0.7011080
vt 0.1458768 0.8097060
vt 0.3358559 0.0614706
vt 0.0530833 0.9257285
vt 0.9205154 0.1058808
vt 0.9205154 0.1070548
vt 0.7096595 0.4427634
vt 0.7096595 0.4498082
vt 0.7096595 0.4603759
vt 0.7096595 0.4656597
vt 0.1463988 0.7714705
vt 0.1463988 0.7720590
vt 0.1463988 0.8091175
vt 0.3363779 0.0567647
vt 0.6281316 0.1873530
vt 0.5593452 0.1620564
vt 0.0536041 0.8541045
vt 0.9210362 0.1099903
vt 0.7101803 0.4627241
vt 0.9664433 0.0815028
vt 0.1469207 0.8091175
vt 0.3368998 0.0614706
vt 0.5456681 0.4450000
vt 0.7074635 0.4091177
vt 0.7074635 0.4132354
vt 0.7220773 0.0414705
vt 0.0155029 0.6136602
vt 0.0541250 0.9597795
vt 0.9215572 0.1099903
vt 0.0483839 0.7193074
vt 0.0483839 0.7380942
vt 0.7107012 0.4603759
vt 0.7107012 0.4662467
vt 0.1474426 0.7720590
vt 0.5461900 0.4708825
vt 0.7079854 0.3985293
vt 0.7079854 0.4008824
vt 0.6291753 0.1638235
vt 0.7225991 0.0402941
vt 0.0546460 0.9257285
vt 0.0489049 0.6870180
vt 0.7112222 0.4603759
vt 0.9674852 0.0815028
vt 0.9674852 0.0979410
vt 0.1479645 0.8091175
vt 0.7085073 0.3985293
vt 0.7085073 0.4008824
vt 0.9225989 0.1117516
vt 0.0494257 0.7063918
vt 0.0494257 0.7187205
vt 0.9680060 0.0961801
vt 0.1484865 0.7720590
vt 0.3384656 0.0567647
vt 0.7236431 0.0414705
vt 0.0499466 0.6893663
vt 0.7122639 0.4427634
vt 0.7122639 0.4627241
vt 0.7122639 0.4791627
vt 0.7122639 0.4809239
vt 0.7122639 0.4832722
vt 0.1490084 0.7720590
vt 0.1490084 0.8091175
vt 0.3389875 0.0738236
vt 0.7241649 0.0402941
vt 0.5619497 0.1826045
vt 0.0175864 0.6136602
vt 0.0504674 0.7011080
vt 0.0504674 0.7122626
vt 0.7100731 0.4320590
vt 0.0509884 0.6946501
vt 0.0509884 0.7105013
vt 0.7133057 0.4498082
vt 0.1500521 0.7720590
vt 0.0572505 0.9257285
vt 0.0515093 0.6858437
vt 0.0515093 0.7005210
vt 0.0515093 0.7122626
vt 0.1505742 0.7720590
vt 0.1505742 0.8091175
vt 0.2164352 0.1926033
vt 0.7143475 0.4462859
vt 0.7143475 0.4697693
vt 0.1510961 0.7720590
vt 0.1839771 0.0238234
vt 0.3410752 0.0679410
vt 0.5498434 0.4414705
vt 0.9257244 0.1105773
vt 0.1516179 0.7632354
vt 0.1516179 0.7720590
vt 0.1516179 0.7726472
vt 0.1516179 0.8232352
vt 0.7121607 0.4079410
vt 0.7471294 0.0132352
vt 0.6333507 0.1755881
vt 0.0588131 0.9609538
vt 0.9262452 0.1105773
vt 0.9262452 0.1111643
vt 0.7153893 0.4439374
vt 0.0593340 0.8881553
vt 0.0593340 0.9257285
vt 0.0535929 0.7122626
vt 0.7159102 0.4533307
vt 0.7132046 0.4014706
vt 0.0212328 0.6582786
vt 0.0598550 0.8499947
vt 0.0598550 0.8505820
vt 0.0598550 0.8517560
vt 0.0598550 0.8523433
vt 0.0598550 0.9627151
vt 0.7404395 0.0505521
vt 0.0541138 0.7122626
vt 0.9726942 0.0832641
vt 0.1531837 0.7726472
vt 0.1531837 0.8097060
vt 0.7137265 0.4079410
vt 0.5661169 0.1702758
vt 0.0603758 0.9627151
vt 0.7409603 0.0411587
vt 0.0546347 0.7122626
vt 0.7169520 0.4615502
vt 0.1537056 0.7632354
vt 0.1537056 0.7726472
vt 0.7142484 0.4150000
vt 0.1871085 0.0314706
vt 0.9288497 0.1105773
vt 0.9288497 0.1111643
vt 0.0556764 0.7187205
vt 0.1876305 0.0238234
vt 0.9553758 0.3744119
vt 0.7152923 0.4261764
vt 0.7502610 0.0132352
vt 0.7502610 0.0173529
vt 0.5676796 0.1761467
vt 0.0619385 0.8881553
vt 0.0619385 0.9603665
vt 0.9293707 0.1111643
vt 0.7185147 0.4439374
vt 0.1552714 0.7726472
vt 0.1552714 0.8097060
vt 0.9558977 0.3685293
vt 0.7158142 0.4150000
vt 0.3635178 0.5091177
vt 0.7304280 0.0502940
vt 0.0624595 0.9603665
vt 0.1557933 0.7726472
vt 0.9564196 0.3744119
vt 0.0629803 0.9421670
vt 0.0629803 0.9609538
vt 0.0629803 0.9615408
vt 0.7195565 0.4509825
vt 0.9758195 0.0832641
vt 0.9758195 0.0850254
vt 0.1563152 0.7726472
vt 0.1563152 0.8097060
vt 0.7168580 0.4073528
vt 0.6380480 0.1767648
vt 0.2221651 0.1926033
vt 0.2221651 0.2225447
vt 0.8876140 0.0066023
vt 0.9763405 0.0950058
vt 0.1568372 0.7732354
vt 0.1568372 0.8102942
vt 0.7173800 0.4091177
vt 0.5545408 0.0414705
vt 0.6385700 0.1620590
vt 0.5697632 0.1790819
vt 0.5697632 0.1873010
vt 0.7341682 0.4777893
vt 0.0640220 0.9227933
vt 0.0640220 0.9233803
vt 0.9768613 0.0850254
vt 0.5561065 0.4814706
vt 0.5561065 0.4844116
vt 0.7179019 0.4014706
vt 0.7179019 0.4067646
vt 0.7179019 0.4091177
vt 0.7179019 0.4097059
vt 0.0645430 0.9216190
vt 0.7211192 0.4709432
vt 0.7211192 0.4791627
vt 0.9773822 0.0803285
vt 0.9773822 0.0850254
vt 0.1578810 0.8373528
vt 0.5566284 0.4832352
vt 0.7330376 0.0402941
vt 0.0650639 0.8881553
vt 0.7456485 0.0411587
vt 0.7216402 0.4615502
vt 0.1584029 0.8114706
vt 0.5571503 0.4832352
vt 0.0655848 0.9239675
vt 0.0655848 0.9627151
vt 0.2983614 0.3733354
vt 0.9784240 0.0803285
vt 0.9784240 0.0885480
vt 0.1589249 0.8114706
vt 0.1589249 0.8244119
vt 0.7340815 0.0414705
vt 0.5718468 0.1673403
vt 0.0661057 0.9603665
vt 0.7226819 0.4762271
vt 0.9789450 0.0885480
vt 0.7346034 0.0467648
vt 0.0666265 0.9603665
vt 0.2994032 0.3662903
vt 0.7477320 0.0511391
vt 0.2999241 0.3662903
vt 0.7237237 0.4592016
vt 0.0901120 0.4462514
vt 0.7237237 0.4791627
vt 0.6422233 0.1661763
vt 0.7356471 0.0508822
vt 0.7242446 0.4703563
vt 0.7242446 0.4744658
vt 0.7215554 0.4150000
vt 0.6427454 0.1832353
vt 0.7247655 0.4762271
vt 0.1615345 0.7732354
vt 0.9621608 0.3861764
vt 0.6432672 0.1802940
vt 0.0687102 0.9615408
vt 0.0916747 0.4397932
vt 0.6437891 0.1849999
vt 0.7419102 0.2620590
vt 0.6672755 0.1655883
vt 0.6672755 0.1661765
vt 0.6672755 0.1697060
vt 0.6672755 0.1750001
vt 0.6672755 0.1797059
vt 0.6672755 0.1832354
vt 0.6672755 0.1855882
vt 0.6672755 0.1867646
vt 0.6672755 0.1873528
vt 0.3025286 0.3662903
vt 0.7263282 0.4744658
vt 0.9825912 0.0979410
vt 0.5618476 0.4844116
vt 0.7236431 0.4008824
vt 0.7424322 0.2302942
vt 0.6677975 0.1744119
vt 0.6677975 0.1855882
vt 0.6677975 0.1867646
vt 0.0702729 0.9216190
vt 0.0702729 0.9973528
vt 0.0645318 0.6858437
vt 0.0645318 0.7193074
vt 0.0645318 0.7562940
vt 0.0932374 0.4409675
vt 0.7268491 0.4744658
vt 0.7268491 0.4762271
vt 0.5623695 0.4632353
vt 0.7241649 0.3985293
vt 0.6453549 0.1873530
vt 0.7429541 0.2302942
vt 0.6683194 0.1702942
vt 0.6683194 0.1744119
vt 0.0650526 0.7557067
vt 0.3035704 0.3657033
vt 0.7273700 0.4762271
vt 0.5628914 0.4414705
vt 0.5618476 0.0508822
vt 0.6458768 0.1661763
vt 0.7434760 0.2391177
vt 0.7434760 0.2397059
vt 0.6688413 0.1797059
vt 0.0713147 0.8494077
vt 0.0713147 0.8523433
vt 0.0655736 0.7187205
vt 0.5634133 0.4644117
vt 0.5634133 0.4844116
vt 0.6463987 0.1761766
vt 0.7439979 0.2614705
vt 0.6693632 0.1750001
vt 0.5775768 0.1667533
vt 0.0718357 0.8535173
vt 0.0718357 0.9251415
vt 0.0660945 0.7287008
vt 0.0660945 0.7539454
vt 0.7284119 0.4832722
vt 0.1651879 0.8250001
vt 0.7257307 0.4161764
vt 0.6469207 0.1638235
vt 0.7445199 0.2350001
vt 0.7425026 0.4590025
vt 0.0024191 0.3440445
vt 0.9663361 0.3873528
vt 0.7450418 0.2350001
vt 0.6704071 0.1702942
vt 0.6704071 0.1738237
vt 0.7430236 0.4460866
vt 0.0728774 0.9803276
vt 0.0671363 0.6858437
vt 0.0671363 0.7187205
vt 0.7294536 0.4809239
vt 0.7294536 0.4832722
vt 0.3744781 0.5255881
vt 0.6479645 0.1620590
vt 0.6709290 0.1832354
vt 0.5791394 0.1696885
vt 0.0034609 0.3234967
vt 0.0676571 0.7151979
vt 0.0676571 0.7521842
vt 0.6484864 0.1849999
vt 0.7460855 0.2397059
vt 0.5796603 0.1790819
vt 0.9867584 0.0838511
vt 0.5660230 0.4426472
vt 0.5660230 0.4644117
vt 0.7278184 0.4161764
vt 0.6490084 0.1638235
vt 0.6490084 0.1655881
vt 0.7466076 0.2614705
vt 0.6719729 0.1738237
vt 0.0358179 0.6136602
vt 0.7550246 0.0417457
vt 0.0974045 0.4744312
vt 0.5807021 0.1655790
vt 0.7555455 0.0405714
vt 0.0692198 0.6981727
vt 0.9878002 0.0867867
vt 0.6500522 0.1761766
vt 0.6730167 0.1844118
vt 0.6730167 0.1867646
vt 0.0754819 0.9233803
vt 0.0697408 0.7151979
vt 0.0697408 0.7521842
vt 0.0984464 0.4650379
vt 0.9883212 0.0826771
vt 0.9883212 0.0838511
vt 0.6735386 0.1844118
vt 0.7461489 0.4460866
vt 0.7461489 0.4590025
vt 0.0373806 0.6377305
vt 0.0060654 0.3187998
vt 0.0702616 0.6981727
vt 0.0702616 0.7404425
vt 0.7466698 0.4472609
vt 0.7466698 0.4525447
vt 0.7466698 0.4695699
vt 0.0765237 0.8546915
vt 0.0765237 0.8881553
vt 0.0707826 0.7151979
vt 0.0707826 0.7404425
vt 0.0994882 0.4621026
vt 0.6516180 0.1832353
vt 0.3201983 0.0508822
vt 0.0770446 0.9216190
vt 0.0071073 0.3164516
vt 0.0713035 0.7087401
vt 0.1000092 0.4509479
vt 0.6521399 0.1714707
vt 0.3207202 0.0385295
vt 0.6751044 0.1867646
vt 0.7477116 0.4689829
vt 0.0389433 0.6142472
vt 0.0389433 0.6488852
vt 0.0775655 0.8564528
vt 0.0718243 0.7134366
vt 0.0718243 0.7504232
vt 0.3103421 0.3844901
vt 0.3103421 0.3874254
vt 0.1005300 0.4556448
vt 0.9904047 0.0955928
vt 0.1709290 0.7979412
vt 0.3212421 0.0385295
vt 0.3212421 0.0508822
vt 0.6756263 0.1861764
vt 0.0780864 0.9245545
vt 0.0723453 0.7116756
vt 0.3108630 0.3844901
vt 0.1010509 0.4744312
vt 0.1714510 0.7632354
vt 0.1714510 0.8385295
vt 0.6761483 0.1861764
vt 0.6761483 0.1867646
vt 0.0399851 0.6447756
vt 0.0086699 0.3340641
vt 0.0086699 0.3393479
vt 0.0728661 0.7087401
vt 0.1015717 0.4556448
vt 0.6766702 0.1861764
vt 0.6766702 0.1873528
vt 0.5848693 0.1696885
vt 0.0405061 0.6488852
vt 0.0405061 0.6659107
vt 0.0405061 0.6700202
vt 0.3119048 0.3844901
vt 0.7330376 0.3950001
vt 0.7330376 0.3961765
vt 0.7330376 0.3985293
vt 0.6771921 0.1861764
vt 0.6771921 0.1867646
vt 0.7497953 0.4472609
vt 0.7497953 0.4525447
vt 0.0796491 0.8564528
vt 0.0796491 0.8934391
vt 0.0796491 0.9580183
vt 0.0097118 0.3399349
vt 0.0739080 0.7116756
vt 0.0739080 0.7486619
vt 0.1026136 0.4521222
vt 0.1026136 0.4791281
vt 0.7335594 0.4114705
vt 0.3233298 0.0467648
vt 0.0801700 0.9028325
vt 0.0801700 0.9321867
vt 0.0744288 0.6911276
vt 0.0744288 0.7105013
vt 0.3129466 0.3574842
vt 0.9741650 0.3691178
vt 0.5013049 0.0614707
vt 0.5013049 0.0655881
vt 0.5013049 0.0691176
vt 0.5013049 0.0738235
vt 0.7508370 0.4689829
vt 0.7508370 0.4748538
vt 0.7508370 0.4842472
vt 0.0806909 0.9022452
vt 0.0806909 0.9028325
vt 0.0806909 0.9263158
vt 0.0806909 0.9615408
vt 0.0806909 0.9627151
vt 0.0806909 0.9973528
vt 0.0749498 0.7474876
vt 0.1036554 0.4521222
vt 0.5728079 0.4420587
vt 0.5728079 0.4514705
vt 0.5018267 0.0661766
vt 0.3823069 0.4926470
vt 0.3243737 0.0467648
vt 0.0425896 0.6659107
vt 0.0425896 0.6694329
vt 0.0812117 0.8934391
vt 0.0812117 0.9586053
vt 0.0812117 0.9779790
vt 0.0812117 0.9973528
vt 0.1041762 0.4456641
vt 0.9940510 0.0950058
vt 0.0817327 0.8564528
vt 0.0817327 0.8899165
vt 0.0817327 0.9779790
vt 0.0117953 0.3076455
vt 0.0117953 0.3205611
vt 0.0759915 0.7105013
vt 0.3145093 0.3844901
vt 0.5028705 0.0579412
vt 0.7523998 0.4707442
vt 0.0822536 0.8541045
vt 0.0822536 0.8869813
vt 0.0822536 0.9216190
vt 0.0822536 0.9222063
vt 0.0822536 0.9591925
vt 0.0822536 0.9938306
vt 0.0822536 0.9973528
vt 0.0765125 0.7040435
vt 0.0765125 0.7087401
vt 0.3150302 0.3844901
vt 0.1052181 0.4456641
vt 0.1756264 0.8138234
vt 0.3838727 0.5167646
vt 0.5885156 0.1843658
vt 0.7529206 0.4572413
vt 0.0128371 0.3381736
vt 0.0770333 0.7457263
vt 0.1057390 0.4556448
vt 0.9956137 0.0979410
vt 0.6808455 0.1867646
vt 0.5890365 0.1867141
vt 0.7534415 0.4572413
vt 0.0133580 0.3340641
vt 0.0133580 0.3440445
vt 0.0775543 0.7040435
vt 0.3160720 0.3839031
vt 0.1062599 0.4456641
vt 0.5044363 0.0626471
vt 0.0451941 0.6582786
vt 0.0451941 0.6612138
vt 0.0838162 0.9591925
vt 0.0780751 0.7087401
vt 0.1771920 0.8144119
vt 0.3854384 0.5414707
vt 0.0843372 0.8869813
vt 0.0785960 0.7069788
vt 0.1073017 0.4456641
vt 0.1073017 0.4556448
vt 0.1073017 0.4626896
vt 0.1073017 0.4844116
vt 0.5764614 0.4508823
vt 0.0149208 0.3193871
vt 0.0791170 0.7439651
vt 0.1078226 0.4450771
vt 0.1078226 0.4638639
vt 0.5769833 0.4649999
vt 0.0154416 0.3076455
vt 0.0796378 0.7069788
vt 0.2857515 0.1832352
vt 0.5065240 0.0579412
vt 0.5916410 0.1796689
vt 0.0858999 0.9222063
vt 0.0858999 0.9591925
vt 0.0858999 0.9973528
vt 0.0159625 0.3193871
vt 0.0801588 0.7052175
vt 0.1088644 0.4844116
vt 0.1792797 0.8150001
vt 0.5070459 0.0667648
vt 0.6839770 0.1838236
vt 0.0864207 0.9245545
vt 0.0864207 0.9627151
vt 0.0864207 0.9973528
vt 0.0806796 0.7422038
vt 0.1798017 0.8114706
vt 0.1798017 0.8332354
vt 0.5075679 0.0626471
vt 0.3880481 0.5420589
vt 0.0869417 0.8541045
vt 0.0869417 0.8869813
vt 0.0869417 0.9216190
vt 0.0812005 0.7052175
vt 0.5080898 0.0702940
vt 0.6850209 0.1873528
vt 0.0874626 0.8541045
vt 0.0874626 0.8593881
vt 0.0874626 0.8811101
vt 0.0874626 0.9163354
vt 0.0175252 0.3152773
vt 0.0817215 0.7040435
vt 0.0817215 0.7404425
vt 0.1104271 0.4838246
vt 0.1104271 0.4844116
vt 0.9814718 0.3508824
vt 0.2878392 0.1614707
vt 0.5086117 0.0614707
vt 0.5086117 0.0667648
vt 0.6625783 0.1785294
vt 0.0493613 0.6330339
vt 0.0879834 0.8535173
vt 0.3207601 0.3797932
vt 0.1109479 0.4450771
vt 0.1109479 0.4656251
vt 0.1109479 0.4714960
vt 0.1109479 0.4820634
vt 0.1109479 0.4838246
vt 0.6860647 0.1661765
vt 0.0498823 0.6306854
vt 0.0885044 0.9627151
vt 0.0185670 0.3199741
vt 0.0185670 0.3375866
vt 0.0827633 0.7081531
vt 0.1114689 0.4403805
vt 0.1114689 0.4621026
vt 0.1818894 0.7632354
vt 0.1818894 0.7714705
vt 0.2888831 0.1873529
vt 0.1145616 0.0508822
vt 0.3901357 0.5426471
vt 0.6865867 0.1873528
vt 0.0504031 0.6306854
vt 0.0504031 0.6618011
vt 0.0890252 0.9157481
vt 0.0890252 0.9163354
vt 0.0890252 0.9239675
vt 0.1824113 0.7632354
vt 0.6871086 0.1873528
vt 0.0509240 0.6618011
vt 0.0895462 0.8811101
vt 0.0895462 0.9175094
vt 0.0895462 0.9245545
vt 0.0895462 0.9380575
vt 0.0895462 0.9627151
vt 0.0895462 0.9973528
vt 0.0838050 0.7081531
vt 0.0838050 0.7404425
vt 0.6876305 0.1867646
vt 0.0900671 0.8910908
vt 0.0900671 0.9139869
vt 0.0900671 0.9257285
vt 0.0900671 0.9627151
vt 0.0900671 0.9973528
vt 0.0201297 0.3199741
vt 0.0843260 0.7216560
vt 0.3228437 0.3492651
vt 0.1834551 0.8114706
vt 0.1834551 0.8332354
vt 0.6881524 0.1867646
vt 0.0905879 0.8541045
vt 0.0905879 0.8863940
vt 0.0905879 0.8916778
vt 0.0905879 0.9010712
vt 0.0206506 0.3199741
vt 0.0206506 0.3381736
vt 0.1135524 0.4403805
vt 0.5243040 0.1544116
vt 0.0911089 0.8470594
vt 0.0911089 0.8629106
vt 0.0911089 0.8822844
vt 0.0911089 0.9010712
vt 0.0911089 0.9063550
vt 0.0211715 0.3334771
vt 0.0853677 0.7404425
vt 0.1844990 0.7732354
vt 0.1844990 0.7855881
vt 0.1844990 0.8102942
vt 0.0530076 0.6588655
vt 0.0916297 0.8863940
vt 0.0916297 0.8910908
vt 0.0916297 0.9627151
vt 0.0858886 0.7216560
vt 0.3244063 0.3780323
vt 0.1850209 0.7726472
vt 0.1850209 0.7767648
vt 0.3932672 0.5085295
vt 0.6897181 0.1873528
vt 0.0535285 0.6612138
vt 0.0921506 0.8770006
vt 0.0864095 0.7058048
vt 0.1855427 0.8138234
vt 0.3937891 0.5085295
vt 0.5984127 0.1814302
vt 0.0926716 0.9257285
vt 0.0926716 0.9315997
vt 0.0926716 0.9627151
vt 0.0926716 0.9973528
vt 0.0869305 0.7427911
vt 0.2930585 0.1826470
vt 0.5665449 0.0479411
vt 0.7633386 0.4830729
vt 0.2549878 0.0977557
vt 0.0931924 0.8629106
vt 0.0931924 0.9333606
vt 0.0931924 0.9550830
vt 0.0931924 0.9762181
vt 0.0874513 0.7058048
vt 0.3259690 0.3780323
vt 0.3259690 0.3868384
vt 0.5269085 0.1321026
vt 0.1865867 0.7767648
vt 0.1865867 0.8050001
vt 0.1865867 0.8420587
vt 0.5143528 0.0620589
vt 0.3948330 0.4938237
vt 0.6912839 0.1638234
vt 0.0937134 0.8611494
vt 0.0937134 0.8699558
vt 0.0937134 0.9333606
vt 0.0937134 0.9550830
vt 0.0879722 0.7451394
vt 0.1954879 0.9603426
vt 0.1871085 0.7632354
vt 0.1871085 0.7673531
vt 0.1871085 0.8044116
vt 0.3953549 0.5420589
vt 0.3201983 0.4073529
vt 0.7643805 0.4695699
vt 0.2560297 0.0854270
vt 0.2560297 0.0912979
vt 0.0556122 0.6794136
vt 0.0942343 0.8605624
vt 0.0942343 0.9010712
vt 0.0942343 0.9069420
vt 0.0942343 0.9327736
vt 0.0942343 0.9380575
vt 0.0884932 0.7081531
vt 0.1960089 0.9362719
vt 0.1960089 0.9403815
vt 0.1960089 0.9409688
vt 0.1965031 0.9879412
vt 0.6923277 0.1873528
vt 0.6004963 0.1808432
vt 0.2565505 0.0789692
vt 0.2565505 0.0848401
vt 0.0561330 0.6729555
vt 0.0947551 0.9374705
vt 0.0947551 0.9627151
vt 0.0947551 0.9973528
vt 0.0890140 0.7081531
vt 0.1970251 0.9891176
vt 0.1881525 0.7673531
vt 0.2951462 0.1632353
vt 0.1208247 0.0414705
vt 0.3963988 0.5391176
vt 0.3212422 0.4073529
vt 0.6928497 0.1855882
vt 0.0566540 0.6747168
vt 0.0566540 0.6794136
vt 0.0952761 0.9380575
vt 0.0952761 0.9627151
vt 0.1970506 0.8787379
vt 0.1970506 0.8793249
vt 0.5289922 0.1544116
vt 0.1975470 0.9879412
vt 0.1886743 0.8050001
vt 0.9893006 0.3720588
vt 0.9893006 0.3773528
vt 0.3969207 0.5367648
vt 0.3969207 0.5373530
vt 0.3969207 0.5426471
vt 0.6933716 0.1850000
vt 0.6933716 0.1855882
vt 0.6933716 0.1873528
vt 0.2226236 0.0508052
vt 0.7659430 0.4419770
vt 0.7659430 0.4560670
vt 0.0957969 0.9327736
vt 0.0258595 0.3229094
vt 0.1975714 0.9163112
vt 0.1891962 0.7714705
vt 0.1891962 0.8085293
vt 0.5169624 0.0620589
vt 0.3974426 0.5355881
vt 0.3974426 0.5367648
vt 0.3974426 0.5391176
vt 0.6938935 0.1855882
vt 0.2581133 0.0918849
vt 0.0963179 0.8611494
vt 0.0963179 0.9627151
vt 0.1980924 0.8734540
vt 0.2967118 0.1632353
vt 0.1223903 0.0414705
vt 0.3228079 0.3997058
vt 0.0582167 0.6747168
vt 0.0968388 0.8582141
vt 0.0968388 0.9380575
vt 0.0968388 0.9627151
vt 0.1986133 0.8793249
vt 0.1986133 0.9362719
vt 0.1986133 0.9403815
vt 0.1902401 0.7714705
vt 0.2972339 0.1608822
vt 0.2972339 0.1738235
vt 0.3290710 0.0508823
vt 0.1229124 0.0373531
vt 0.1229124 0.0508822
vt 0.7675058 0.4425640
vt 0.2591550 0.0854270
vt 0.2591550 0.0912979
vt 0.0587375 0.6218793
vt 0.0973596 0.8582141
vt 0.0973596 0.9010712
vt 0.0973596 0.9627151
vt 0.1991342 0.8828474
vt 0.3301363 0.3721611
vt 0.1991342 0.9409688
vt 0.1991342 0.9603426
vt 0.5310757 0.1315156
vt 0.5310757 0.1538246
vt 0.1996347 0.9855884
vt 0.7053758 0.3502941
vt 0.3238518 0.3997058
vt 0.6954593 0.1873528
vt 0.2596760 0.0789692
vt 0.2596760 0.0848401
vt 0.2596760 0.0918849
vt 0.0978806 0.9973528
vt 0.1996551 0.8810862
vt 0.3306572 0.3745097
vt 0.1996551 0.9456653
vt 0.1996551 0.9808903
vt 0.9919102 0.3691178
vt 0.3995303 0.5314707
vt 0.0984014 0.9386445
vt 0.0984014 0.9679986
vt 0.0984014 0.9973528
vt 0.0284640 0.3099938
vt 0.0284640 0.3293675
vt 0.2001759 0.9198337
vt 0.3311780 0.3745097
vt 0.3311780 0.3844901
vt 0.2006784 0.9855884
vt 0.7064196 0.3873529
vt 0.4000521 0.5314707
vt 0.0989224 0.8646719
vt 0.0989224 0.8664332
vt 0.0989224 0.9016582
vt 0.0989224 0.9368832
vt 0.0989224 0.9679986
vt 0.2006969 0.8828474
vt 0.2006969 0.9849999
vt 0.7069416 0.3502941
vt 0.2993216 0.1608822
vt 0.2993216 0.1732353
vt 0.3311587 0.0385295
vt 0.1250001 0.0373531
vt 0.3254176 0.3938235
vt 0.3254176 0.4191178
vt 0.6970251 0.1867646
vt 0.0608212 0.6248145
vt 0.0608212 0.6306854
vt 0.0994433 0.8470594
vt 0.2012178 0.8781506
vt 0.3322199 0.3557229
vt 0.3322199 0.3610068
vt 0.7074635 0.3502941
vt 0.3259395 0.4267646
vt 0.6975470 0.1867646
vt 0.0999641 0.9016582
vt 0.0999641 0.9386445
vt 0.0999641 0.9679986
vt 0.0999641 0.9885467
vt 0.0999641 0.9973528
vt 0.2017387 0.8734540
vt 0.2017387 0.9456653
vt 0.2017387 0.9532974
vt 0.2017387 0.9849999
vt 0.9939979 0.3720588
vt 0.9939979 0.3773528
vt 0.3322025 0.0385295
vt 0.6980689 0.1873528
vt 0.6062262 0.1808432
vt 0.1004851 0.9404058
vt 0.1004851 0.9885467
vt 0.3332617 0.3709871
vt 0.3332617 0.3745097
vt 0.3332617 0.3844901
vt 0.2022596 0.9527104
vt 0.2022596 0.9656261
vt 0.2022596 0.9849999
vt 0.7085073 0.3873529
vt 0.5357515 0.1326472
vt 0.5357515 0.1544117
vt 0.6985908 0.1838236
vt 0.6985908 0.1873528
vt 0.6067470 0.1814302
vt 0.0623838 0.6471239
vt 0.0623838 0.6782393
vt 0.1010059 0.9357092
vt 0.1010059 0.9415800
vt 0.1010059 0.9662374
vt 0.1010059 0.9973528
vt 0.0310685 0.3099938
vt 0.0310685 0.3293675
vt 0.7090293 0.3502941
vt 0.3275053 0.3938235
vt 0.3275053 0.4308823
vt 0.6991128 0.1838236
vt 0.6991128 0.1873528
vt 0.2283536 0.0508052
vt 0.0629047 0.6729555
vt 0.1015268 0.9662374
vt 0.2033014 0.8781506
vt 0.3343035 0.3557229
vt 0.3343035 0.3615938
vt 0.7095512 0.3502941
vt 0.3280272 0.3938235
vt 0.3280272 0.4138234
vt 0.3280272 0.4338236
vt 0.6996347 0.1850000
vt 0.6996347 0.1873528
vt 0.1020478 0.9415800
vt 0.0321104 0.3099938
vt 0.0321104 0.3440445
vt 0.2038223 0.8846087
vt 0.3348244 0.3709871
vt 0.3348244 0.3768580
vt 0.2038223 0.9656261
vt 0.7100731 0.3873529
vt 0.7001566 0.1620588
vt 0.7001566 0.1638234
vt 0.7001566 0.1814705
vt 0.7001566 0.1850000
vt 0.7001566 0.1873528
vt 0.2293953 0.0425861
vt 0.0639465 0.6248145
vt 0.0639465 0.6306854
vt 0.1025686 0.9357092
vt 0.1025686 0.9404058
vt 0.2043431 0.8746283
vt 0.3353452 0.3680516
vt 0.2643528 0.0791176
vt 0.2643528 0.0979411
vt 0.4042275 0.5244117
vt 0.3290709 0.4138234
vt 0.5764613 0.0432352
vt 0.5764613 0.0508824
vt 0.7006784 0.1820587
vt 0.7006784 0.1826469
vt 0.4105008 0.6160545
vt 0.4105008 0.6454087
vt 0.4105008 0.6459957
vt 0.4105008 0.6794594
vt 0.0644674 0.6753038
vt 0.1030896 0.9662374
vt 0.0331522 0.3099938
vt 0.0331522 0.3293675
vt 0.2048641 0.9462523
vt 0.2048641 0.9656261
vt 0.2048641 0.9849999
vt 0.7111170 0.3502941
vt 0.5242694 0.0573530
vt 0.4047495 0.5249999
vt 0.7012005 0.1797059
vt 0.7012005 0.1826469
vt 0.1036104 0.8535173
vt 0.1036104 0.9310124
vt 0.1036104 0.9315997
vt 0.0336730 0.3170386
vt 0.0336730 0.3364123
vt 0.2053849 0.8746283
vt 0.2053849 0.9116146
vt 0.2053849 0.9480136
vt 0.2053849 0.9638651
vt 0.2053849 0.9744325
vt 0.7116388 0.3502941
vt 0.7116388 0.3873529
vt 0.4052714 0.5244117
vt 0.3301148 0.3938235
vt 0.3301148 0.4138234
vt 0.3301148 0.4338236
vt 0.7017224 0.1797059
vt 0.7017224 0.1808823
vt 0.7017224 0.1873528
vt 0.1041313 0.9045938
vt 0.1041313 0.9315997
vt 0.1041313 0.9662374
vt 0.1041313 0.9973528
vt 0.0341940 0.3416962
vt 0.2059059 0.8834344
vt 0.2059059 0.9204207
vt 0.2059059 0.9374462
vt 0.2059059 0.9474266
vt 0.2064196 0.9973529
vt 0.5394050 0.1326472
vt 0.5394050 0.1544117
vt 0.5253131 0.0573530
vt 0.2659186 0.0791176
vt 0.2659186 0.0979411
vt 0.4057933 0.5097059
vt 0.7022442 0.1761765
vt 0.7022442 0.1861764
vt 0.6103934 0.1867141
vt 0.2314790 0.0378893
vt 0.0660302 0.6723685
vt 0.0660302 0.6794136
vt 0.1046523 0.9315997
vt 0.1046523 0.9627151
vt 0.1046523 0.9973528
vt 0.0347149 0.3170386
vt 0.2064268 0.9638651
vt 0.2064268 0.9738455
vt 0.2064268 0.9744325
vt 0.5399269 0.1314705
vt 0.5399269 0.1408823
vt 0.5399269 0.1414705
vt 0.7549582 0.0132352
vt 0.5785490 0.0397058
vt 0.7027661 0.1650001
vt 0.7027661 0.1761765
vt 0.7027661 0.1861764
vt 0.7027661 0.1873528
vt 0.6109142 0.1737981
vt 0.6109142 0.1790819
vt 0.2319998 0.0443474
vt 0.4125844 0.6160545
vt 0.2069476 0.9480136
vt 0.7132046 0.3502941
vt 0.7032882 0.1650001
vt 0.7032882 0.1655883
vt 0.7032882 0.1720588
vt 0.7032882 0.1726470
vt 0.2325208 0.0378893
vt 0.1056941 0.9627151
vt 0.0357567 0.3170386
vt 0.2074686 0.8834344
vt 0.2074686 0.9374462
vt 0.2079854 0.9955883
vt 0.7137265 0.3502941
vt 0.7137265 0.3873529
vt 0.5409708 0.1526471
vt 0.7560021 0.0132352
vt 0.7038100 0.1626470
vt 0.7038100 0.1650001
vt 0.7038100 0.1720588
vt 0.7038100 0.1873528
vt 0.0675928 0.6753038
vt 0.0675928 0.6788263
vt 0.1062149 0.9286641
vt 0.0362775 0.3434575
vt 0.2079894 0.9157242
vt 0.2079894 0.9474266
vt 0.5414927 0.1414705
vt 0.5274008 0.0649999
vt 0.5274008 0.0661766
vt 0.5801148 0.0432352
vt 0.7043319 0.1650001
vt 0.7043319 0.1697060
vt 0.1067358 0.9286641
vt 0.1067358 0.9315997
vt 0.2085104 0.8846087
vt 0.2085104 0.9262915
vt 0.2085104 0.9849999
vt 0.7147703 0.3602940
vt 0.7147703 0.3861765
vt 0.7199895 0.3502940
vt 0.5806367 0.0397058
vt 0.7048538 0.1873528
vt 0.6129979 0.1661660
vt 0.1072568 0.9245545
vt 0.1072568 0.9627151
vt 0.1072568 0.9973528
vt 0.2090313 0.9157242
vt 0.2095512 0.9955883
vt 0.7152923 0.3502941
vt 0.5425366 0.1544117
vt 0.5284447 0.0661766
vt 0.7053758 0.1667647
vt 0.7053758 0.1697060
vt 0.4151889 0.6184028
vt 0.4151889 0.6454087
vt 0.1077776 0.9386445
vt 0.1077776 0.9679986
vt 0.2095521 0.9632778
vt 0.6140397 0.1737981
vt 0.6140397 0.1790819
vt 0.6140397 0.1867141
vt 0.4157098 0.6459957
vt 0.4157098 0.6794594
vt 0.1082986 0.8535173
vt 0.1082986 0.8869813
vt 0.1082986 0.9045938
vt 0.1082986 0.9169224
vt 0.1082986 0.9204450
vt 0.1082986 0.9245545
vt 0.1082986 0.9333606
vt 0.1082986 0.9386445
vt 0.1082986 0.9973528
vt 0.0383612 0.3170386
vt 0.0383612 0.3364123
vt 0.0383612 0.3440445
vt 0.2100731 0.8846087
vt 0.2100731 0.9215950
vt 0.2100731 0.9262915
vt 0.2100731 0.9849999
vt 0.5430585 0.1314705
vt 0.5289666 0.0655881
vt 0.7210334 0.3502940
vt 0.7210334 0.3873528
vt 0.7580898 0.0173529
vt 0.6182150 0.2296736
vt 0.6182150 0.2384800
vt 0.6182150 0.2549182
vt 0.6182150 0.2619633
vt 0.6265657 0.3436577
vt 0.9089248 0.5417675
vt 0.2867954 0.6158082
vt 0.7867954 0.5426494
vt 0.1620564 0.1601998
vt 0.4339770 0.2974473
vt 0.1286534 0.2619057
vt 0.5153966 0.3018319
vt 0.7382568 0.3946420
vt 0.9564196 0.7704344
vt 0.9564196 0.8344269
vt 0.0487996 0.1043197
vt 0.0487996 0.1248677
vt 0.7095511 0.5533435
vt 0.7095511 0.5815235
vt 0.7095511 0.6085294
vt 0.9094458 0.4971491
vt 0.9094458 0.5241550
vt 0.2873163 0.6762778
vt 0.1291744 0.2284420
vt 0.5159176 0.2671939
vt 0.9569406 0.8050724
vt 0.7100721 0.5533435
vt 0.7100721 0.5756527
vt 0.7100721 0.5815235
vt 0.9579823 0.7704344
vt 0.9590241 0.8238592
vt 0.9595451 0.8050724
vt 0.7419030 0.4316283
vt 0.6307330 0.3084327
vt 0.7909626 0.5197531
vt 0.5206056 0.2671939
vt 0.7434658 0.4316283
vt 0.9621495 0.7704344
vt 0.9626704 0.7704344
vt 0.6333375 0.3090197
vt 0.9637123 0.8056597
vt 0.7951298 0.4962697
vt 0.6395964 0.1060212
vt 0.6395964 0.1248077
vt 0.0576548 0.1049067
vt 0.5252938 0.3018319
vt 0.7481539 0.3946420
vt 0.2972134 0.6762778
vt 0.7204901 0.5756527
vt 0.1401132 0.2284420
vt 0.2987761 0.6762778
vt 0.1406341 0.2619057
vt 0.9684003 0.7880472
vt 0.2992970 0.6392916
vt 0.2992970 0.6762778
vt 0.6432428 0.1048469
vt 0.9229891 0.5417675
vt 0.3008596 0.6762778
vt 0.6740329 0.1049390
vt 0.1761206 0.1737027
vt 0.1761206 0.1742897
vt 0.1766415 0.1737027
vt 0.9240310 0.5106520
vt 0.1771625 0.1737027
vt 0.6338420 0.2384800
vt 0.4496040 0.2833574
vt 0.9720466 0.8238592
vt 0.7251781 0.5950265
vt 0.4501249 0.2833574
vt 0.4501249 0.2892282
vt 0.3045060 0.6392916
vt 0.0665102 0.1049067
vt 0.0665102 0.1248677
vt 0.0670310 0.1113647
vt 0.3055478 0.6392916
vt 0.7283035 0.5762398
vt 0.6515771 0.1048469
vt 0.7590927 0.4333896
vt 0.7590927 0.4339766
vt 0.3081523 0.6152209
vt 0.4553339 0.2915765
vt 0.1453130 0.2619070
vt 0.7596137 0.4333896
vt 0.9777765 0.7704344
vt 0.1458340 0.2284430
vt 0.9313235 0.5194584
vt 0.3102358 0.6392916
vt 0.6541815 0.1060212
vt 0.1186900 0.6524663
vt 0.3107568 0.6392916
vt 0.4579384 0.2974473
vt 0.9803810 0.8420587
vt 0.3112777 0.6392916
vt 0.8117985 0.5197531
vt 0.0738027 0.1137130
vt 0.3123195 0.6387043
vt 0.3123195 0.6392916
vt 0.1207735 0.6524663
vt 0.7643017 0.3958160
vt 0.3133613 0.6574910
vt 0.7366380 0.5533435
vt 0.7366380 0.5733044
vt 0.7366380 0.5756527
vt 0.4271379 0.1990026
vt 0.0764072 0.1031454
vt 0.3347579 0.4115799
vt 0.3347579 0.4338891
vt 0.9041724 0.2470180
vt 0.3352789 0.4256700
vt 0.1907058 0.1874991
vt 0.1531265 0.2284430
vt 0.1531265 0.2619070
vt 0.9855900 0.7704344
vt 0.1244199 0.6483567
vt 0.9386162 0.5423548
vt 0.9339189 0.1148768
vt 0.9391370 0.4965621
vt 0.9391370 0.5200454
vt 0.7397633 0.5815235
vt 0.7397633 0.6085294
vt 0.6489481 0.2296736
vt 0.6489481 0.2472861
vt 0.6489481 0.2619633
vt 0.4610567 0.2223548
vt 0.9871527 0.7704344
vt 0.0795327 0.1236935
vt 0.7402842 0.5815235
vt 0.7402842 0.6085294
vt 0.0022873 0.0737844
vt 0.4615775 0.1930003
vt 0.6912226 0.1049390
vt 0.7695107 0.3958160
vt 0.7695107 0.4339766
vt 0.9876735 0.7704344
vt 0.5299491 0.2985363
vt 0.4657519 0.2689738
vt 0.1578187 0.2622085
vt 0.9881945 0.7704344
vt 0.0805744 0.1049067
vt 0.5304700 0.2715304
vt 0.5304700 0.2985363
vt 0.4662728 0.2689738
vt 0.4662728 0.2804219
vt 0.0429952 0.3077190
vt 0.0429952 0.3423570
vt 0.9887154 0.8138788
vt 0.7710734 0.3958160
vt 0.9892362 0.8044854
vt 0.1280662 0.6143060
vt 0.1593814 0.2287447
vt 0.6938272 0.1248999
vt 0.6379806 0.3431270
vt 0.5330745 0.2879688
vt 0.0836999 0.1049067
vt 0.9114650 0.2622822
vt 0.9918407 0.8044854
vt 0.4699191 0.2992086
vt 0.3018606 0.4579930
vt 0.1311916 0.6231121
vt 0.1311916 0.6248734
vt 0.3023816 0.4579930
vt 0.9928826 0.7704344
vt 0.4365141 0.2227794
vt 0.9934035 0.8044854
vt 0.3441341 0.4086445
vt 0.2997699 0.1250715
vt 0.3002907 0.1039364
vt 0.4688701 0.1930003
vt 0.3044651 0.4832376
vt 0.6692877 0.1248077
vt 0.3462178 0.3992512
vt 0.3263837 0.6798004
vt 0.3467386 0.3939674
vt 0.3743995 0.4281646
vt 0.3472596 0.4092316
vt 0.3472596 0.4115799
vt 0.3472596 0.4256700
vt 0.3472596 0.4338891
vt 0.9970497 0.8320783
vt 0.3477804 0.4092316
vt 0.3477804 0.4115799
vt 0.3707439 0.4791281
vt 0.3075906 0.4409675
vt 0.1985092 0.2283857
vt 0.1985092 0.2448239
vt 0.1369214 0.6794722
vt 0.3289882 0.6152209
vt 0.3493431 0.3992512
vt 0.5408880 0.3020588
vt 0.1687576 0.2434217
vt 0.6473568 0.3431270
vt 0.3780457 0.3941136
vt 0.5424507 0.2691821
vt 0.1390051 0.6565758
vt 0.4782535 0.2786607
vt 0.4782535 0.2939249
vt 0.4782535 0.3021440
vt 0.3514268 0.4086445
vt 0.5434925 0.2774012
vt 0.1400469 0.6166543
vt 0.4756419 0.2223548
vt 0.9213621 0.2470180
vt 0.3749112 0.4450771
vt 0.6499613 0.3090763
vt 0.9505876 0.1107672
vt 0.0570594 0.3253315
vt 0.0570594 0.3429440
vt 0.7256388 0.3692293
vt 0.4464113 0.1931317
vt 0.9511085 0.1107672
vt 0.7512129 0.2501686
vt 0.7522547 0.2622039
vt 0.1431722 0.6372020
vt 0.5471388 0.2815109
vt 0.5471388 0.2832721
vt 0.8028789 0.0508824
vt 0.5612287 0.2680080
vt 0.1755293 0.2622085
vt 0.5481807 0.2815109
vt 0.5481807 0.2897300
vt 0.8033999 0.0409020
vt 0.8033999 0.0497082
vt 0.4839833 0.2786607
vt 0.3159249 0.4626896
vt 0.6541285 0.3090763
vt 0.5622705 0.3020587
vt 0.1765711 0.2287447
vt 0.7553800 0.2343174
vt 0.7553800 0.2390141
vt 0.7553800 0.2448849
vt 0.6551703 0.3261015
vt 0.1462976 0.6430729
vt 0.1462976 0.6782982
vt 0.4855461 0.2815961
vt 0.3863802 0.3952879
vt 0.0236442 0.0561719
vt 0.1473394 0.6794722
vt 0.3869010 0.3952879
vt 0.3602821 0.4115799
vt 0.3602821 0.4186250
vt 0.3602821 0.4256700
vt 0.1483812 0.6395506
vt 0.1483812 0.6401376
vt 0.0643519 0.3253315
vt 0.7579845 0.2307948
vt 0.1489021 0.6395506
vt 0.1489021 0.6477697
vt 0.7585055 0.2307948
vt 0.3889847 0.3952879
vt 0.9307383 0.2317538
vt 0.7344941 0.3874288
vt 0.3853291 0.4468384
vt 0.5544314 0.2674208
vt 0.4865808 0.2076776
vt 0.9604847 0.1054834
vt 0.3858501 0.4468384
vt 0.4563083 0.1931317
vt 0.4563083 0.2227794
vt 0.3190431 0.1039364
vt 0.0022363 0.0442818
vt 0.6614210 0.3084890
vt 0.3921100 0.4305129
vt 0.8597509 0.0591672
vt 0.5565150 0.2838592
vt 0.5565150 0.2914913
vt 0.6619420 0.3437140
vt 0.1530693 0.6360280
vt 0.3926309 0.3958749
vt 0.5700839 0.2844462
vt 0.3242593 0.4844118
vt 0.9625683 0.1248572
vt 0.2151779 0.2283857
vt 0.7626727 0.2302078
vt 0.2219619 0.2578697
vt 0.4891853 0.1930003
vt 0.4928387 0.2810089
vt 0.9630892 0.1248572
vt 0.7631936 0.2302078
vt 0.7637144 0.2478203
vt 0.7637144 0.2484073
vt 0.8613136 0.0591672
vt 0.0309369 0.0737844
vt 0.1859473 0.2457702
vt 0.0053616 0.0507396
vt 0.4944013 0.2810089
vt 0.2172614 0.2283857
vt 0.2172614 0.2618494
vt 0.0711236 0.3071320
vt 0.0711236 0.3435313
vt 0.3952354 0.4310999
vt 0.4949223 0.2768994
vt 0.2684087 0.2619035
vt 0.0356321 0.0735313
vt 0.3905381 0.4474254
vt 0.4954432 0.2768994
vt 0.2689296 0.2284395
vt 0.9375100 0.2470180
vt 0.3910591 0.4474254
vt 0.1567156 0.6606854
vt 0.4923106 0.2223548
vt 0.7663189 0.2448849
vt 0.2256082 0.2578697
vt 0.3284265 0.4732571
vt 0.3284265 0.4844118
vt 0.3921008 0.4826507
vt 0.3696583 0.3939674
vt 0.3696583 0.4203861
vt 0.2261290 0.2408445
vt 0.3070267 0.1545511
vt 0.0079661 0.0442818
vt 0.3289473 0.4732571
vt 0.3926217 0.4826507
vt 0.2339578 0.4072148
vt 0.1582783 0.6636209
vt 0.3294683 0.4732571
vt 0.3294683 0.4767797
vt 0.2344787 0.4262951
vt 0.7428285 0.3692293
vt 0.2704903 0.0981070
vt 0.7689234 0.2419495
vt 0.4896938 0.1617435
vt 0.3320728 0.4844118
vt 0.2370832 0.3978214
vt 0.7704861 0.2484073
vt 0.4972592 0.1930003
vt 0.3328541 0.4767797
vt 0.3845243 0.2621312
vt 0.5791997 0.2674210
vt 0.7717885 0.2384270
vt 0.2383855 0.3931247
vt 0.4022675 0.3970491
vt 0.5797206 0.3020587
vt 0.3338959 0.4732571
vt 0.1940212 0.2622085
vt 0.2389064 0.3931247
vt 0.2389064 0.4072148
vt 0.4027885 0.3970491
vt 0.3344169 0.4509479
vt 0.3349377 0.4415547
vt 0.3349377 0.4632767
vt 0.3349377 0.4844118
vt 0.8719921 0.0738443
vt 0.4048720 0.3976361
vt 0.1658314 0.6554018
vt 0.4006957 0.4491866
vt 0.5019472 0.1930003
vt 0.5019472 0.2223548
vt 0.2425526 0.4339271
vt 0.1668732 0.6166543
vt 0.1668732 0.6360280
vt 0.1668732 0.6548145
vt 0.5024681 0.1930003
vt 0.5024681 0.2223548
vt 0.6668722 0.3084489
vt 0.7514233 0.3504425
vt 0.6673930 0.3436739
vt 0.1684359 0.6542275
vt 0.4079975 0.3982231
vt 0.1689567 0.6548145
vt 0.5082051 0.2672125
vt 0.3401467 0.4632767
vt 0.1694776 0.6548145
vt 0.4090392 0.4152486
vt 0.4100810 0.4152486
vt 0.0504777 0.0647249
vt 0.4053837 0.4844116
vt 0.2394120 0.2613922
vt 0.5880550 0.2674210
vt 0.5880550 0.2844462
vt 0.2837752 0.2284395
vt 0.5071562 0.1930003
vt 0.5108096 0.2672125
vt 0.5108096 0.2980344
vt 0.5108096 0.3021440
vt 0.5008931 0.1617435
vt 0.5781374 0.7368027
vt 0.4069464 0.4503609
vt 0.4121647 0.4152486
vt 0.3109121 0.0789864
vt 0.3109121 0.0977731
vt 0.5791793 0.7092097
vt 0.5791793 0.7109710
vt 0.5901385 0.2674210
vt 0.2498453 0.4339271
vt 0.5802211 0.7232998
vt 0.4137274 0.4152486
vt 0.3453558 0.4844118
vt 0.2503662 0.3931247
vt 0.2503662 0.4157276
vt 0.5807420 0.7432607
vt 0.8333516 0.0409020
vt 0.8333516 0.0508824
vt 0.3239559 0.1310678
vt 0.3286532 0.1545857
vt 0.8610123 0.1625700
vt 0.8610123 0.1655054
vt 0.8610123 0.1719632
vt 0.3975468 0.2621312
vt 0.6115342 0.2842897
vt 0.8338724 0.0409020
vt 0.6746857 0.3084489
vt 0.4100719 0.4509479
vt 0.6120552 0.2848768
vt 0.6120552 0.3021958
vt 0.4152900 0.4340354
vt 0.4105927 0.4497739
vt 0.2884613 0.0975200
vt 0.8923224 0.0068580
vt 0.7618413 0.3704036
vt 0.3322995 0.1311023
vt 0.4131972 0.4585800
vt 0.6151805 0.2672643
vt 0.2472255 0.2619795
vt 0.6783319 0.3254744
vt 0.8938852 0.0068580
vt 0.5081858 0.1875751
vt 0.5149698 0.1930003
vt 0.0295836 0.0401720
vt 0.5969102 0.3020587
vt 0.0301044 0.0425205
vt 0.4027557 0.2456930
vt 0.5864718 0.7561765
vt 0.2487882 0.2285155
vt 0.0306253 0.0366496
vt 0.5097485 0.1740722
vt 0.5869928 0.7232998
vt 0.2493090 0.2291028
vt 0.6365741 0.2676302
vt 0.4158017 0.4673864
vt 0.2571378 0.4227726
vt 0.6370951 0.2676302
vt 0.6370951 0.3022682
vt 0.2503509 0.2619795
vt 0.4053602 0.2597830
vt 0.5890763 0.7232998
vt 0.4502444 0.4524616
vt 0.4502444 0.4765322
vt 0.4199730 0.4268281
vt 0.1835419 0.6372020
vt 0.4204939 0.3939514
vt 0.0885523 0.1031904
vt 0.0885523 0.1249125
vt 0.2957539 0.0793202
vt 0.1845838 0.6377893
vt 0.0645420 0.0735313
vt 0.1851046 0.6372020
vt 0.6021192 0.2721175
vt 0.8714303 0.1872274
vt 0.0650628 0.0559188
vt 0.5916808 0.7297577
vt 0.7696548 0.3522038
vt 0.8719512 0.1807695
vt 0.4084857 0.2597830
vt 0.4204899 0.4844116
vt 0.6224732 0.2848768
vt 0.6229940 0.2672643
vt 0.5222623 0.2223548
vt 0.4095274 0.2456930
vt 0.0671465 0.0647249
vt 0.3260181 0.0877928
vt 0.5942853 0.7321060
vt 0.2566017 0.2285155
vt 0.4554534 0.4407199
vt 0.4554534 0.4647906
vt 0.5478334 0.1523109
vt 0.5948062 0.7092097
vt 0.5948062 0.7232998
vt 0.5948062 0.7561765
vt 0.0937613 0.1031904
vt 0.5953271 0.6904230
vt 0.6449086 0.2676302
vt 0.5958480 0.6951197
vt 0.6892708 0.3084489
vt 0.5493961 0.1534852
vt 0.6068074 0.2721175
vt 0.6068074 0.3020587
vt 0.3609827 0.4415547
vt 0.3609827 0.4527092
vt 0.6579556 0.0796184
vt 0.5968898 0.6869005
vt 0.5974107 0.6869005
vt 0.4283075 0.4103896
vt 0.4309160 0.2290233
vt 0.4309160 0.2621935
vt 0.5984525 0.6951197
vt 0.6297657 0.2825284
vt 0.6490758 0.2846557
vt 0.0024161 0.4269062
vt 0.4611832 0.4524616
vt 0.5535632 0.1317631
vt 0.2628524 0.2285155
vt 0.3061718 0.0975200
vt 0.4293451 0.4673864
vt 0.3661917 0.4744314
vt 0.6318494 0.2848768
vt 0.6318494 0.3021958
vt 0.2638942 0.2613922
vt 0.3239151 0.1245418
vt 0.6955216 0.3084489
vt 0.6955216 0.3430869
vt 0.4632669 0.4524616
vt 0.6642064 0.0978180
vt 0.6026197 0.7191902
vt 0.3761052 0.7667349
vt 0.3761052 0.8013726
vt 0.9032451 0.1322972
vt 0.6036615 0.7232998
vt 0.6036615 0.7561765
vt 0.3771470 0.8360106
vt 0.4648296 0.4460038
vt 0.6657691 0.0972309
vt 0.3259987 0.1037004
vt 0.3259987 0.1072229
vt 0.6041824 0.7350414
vt 0.6041824 0.7561765
vt 0.4215081 0.2292545
vt 0.4215081 0.2409962
vt 0.4663924 0.4647906
vt 0.1041794 0.1031904
vt 0.5352848 0.1930003
vt 0.3536564 0.1311023
vt 0.4366418 0.4280021
vt 0.3280823 0.1037004
vt 0.0091878 0.3928555
vt 0.6746366 0.2850920
vt 0.3286032 0.1251289
vt 0.3802723 0.8019599
vt 0.3802723 0.8360106
vt 0.4376835 0.3945384
vt 0.4355959 0.4409675
vt 0.3400824 0.0971861
vt 0.4246336 0.2392352
vt 0.3818350 0.8043082
vt 0.3406033 0.0789864
vt 0.3406033 0.0954249
vt 0.3406033 0.0971861
vt 0.7002066 0.3089484
vt 0.7002066 0.3435864
vt 0.4700386 0.4647906
vt 0.7007275 0.3083614
vt 0.3312077 0.1037004
vt 0.3312077 0.1245418
vt 0.4705594 0.4647906
vt 0.4261962 0.2392352
vt 0.4710804 0.4647906
vt 0.3839187 0.8195724
vt 0.4716013 0.4647906
vt 0.4413299 0.3945384
vt 0.8766118 0.1626955
vt 0.1093884 0.1249125
vt 0.6109542 0.7561765
vt 0.4721222 0.4765322
vt 0.3849604 0.8043082
vt 0.7033320 0.3089484
vt 0.6610565 0.2676302
vt 0.4402840 0.4585800
vt 0.5655439 0.1435048
vt 0.0858988 0.0565058
vt 0.6615773 0.2676302
vt 0.6125167 0.6927713
vt 0.3860022 0.7837601
vt 0.4455012 0.2290233
vt 0.5425774 0.1930003
vt 0.5425774 0.2223548
vt 0.0159595 0.4304288
vt 0.6751453 0.0796184
vt 0.4747266 0.4471781
vt 0.4449762 0.4285894
vt 0.7059365 0.3435864
vt 0.5681484 0.1540722
vt 0.0180430 0.4128163
vt 0.0185640 0.4128163
vt 0.6840128 0.2674795
vt 0.4773311 0.4824030
vt 0.4470597 0.4285894
vt 0.6845336 0.2674795
vt 0.6845336 0.3021175
vt 0.6166840 0.7238869
vt 0.4778521 0.4829900
vt 0.0196057 0.4128163
vt 0.6855765 0.0979641
vt 0.4454930 0.4756055
vt 0.6172049 0.7238869
vt 0.4783729 0.4477650
vt 0.7095828 0.3089484
vt 0.6798333 0.0807925
vt 0.9188720 0.1546062
vt 0.1365118 0.0315432
vt 0.6537352 0.2485559
vt 0.0926705 0.0735313
vt 0.6808751 0.0807925
vt 0.6192885 0.7444348
vt 0.4804566 0.4477650
vt 0.5728365 0.1317631
vt 0.6542562 0.2368142
vt 0.6542562 0.2379884
vt 0.6542562 0.2450333
vt 0.6688699 0.3022682
vt 0.9580140 0.1943289
vt 0.9580140 0.2113543
vt 0.6198094 0.6927713
vt 0.6198094 0.7133194
vt 0.4809775 0.4477650
vt 0.6547771 0.2368142
vt 0.6693909 0.3022682
vt 0.3938157 0.8054825
vt 0.5738783 0.1329371
vt 0.6552979 0.2485559
vt 0.6699117 0.2676302
vt 0.6208512 0.7444348
vt 0.3943366 0.8054825
vt 0.7127082 0.3265609
vt 0.5916206 0.1532376
vt 0.6573816 0.2297693
vt 0.6229348 0.7397381
vt 0.9616603 0.2072447
vt 0.4846238 0.4841643
vt 0.9240810 0.1546062
vt 0.0263775 0.4145776
vt 0.4851446 0.4841643
vt 0.1417208 0.0233239
vt 0.5937041 0.1315154
vt 0.1422418 0.0303689
vt 0.1427627 0.0233239
vt 0.6605069 0.2450333
vt 0.7173963 0.3083614
vt 0.2883754 0.2283025
vt 0.9653065 0.2072447
vt 0.0300237 0.4339514
vt 0.4585196 0.4338729
vt 0.4606073 0.2621935
vt 0.1453672 0.0250852
vt 0.5816918 0.1329371
vt 0.5978713 0.1315154
vt 0.4898328 0.4489393
vt 0.9454695 0.0415673
vt 0.9454695 0.0503735
vt 0.4600822 0.3951253
vt 0.6980780 0.0797646
vt 0.8958850 0.1873528
vt 0.9465113 0.0415673
vt 0.9465113 0.0433286
vt 0.4042337 0.8401202
vt 0.0336700 0.3987264
vt 0.9694737 0.1943289
vt 0.6004758 0.1544118
vt 0.0341909 0.3987264
vt 0.4052754 0.8013726
vt 0.8979685 0.1873528
vt 0.0347117 0.3987264
vt 0.4632076 0.4338729
vt 0.9496367 0.0415673
vt 0.9496367 0.0509607
vt 0.9715574 0.2225090
vt 0.6025595 0.1321026
vt 0.4068381 0.8066565
vt 0.2951471 0.2283025
vt 0.2951471 0.2617666
vt 0.5869008 0.1546592
vt 0.4642494 0.3951253
vt 0.4642494 0.4045187
vt 0.6683204 0.2462076
vt 0.4073591 0.8418814
vt 0.2956681 0.2283025
vt 0.6688414 0.2462076
vt 0.6688414 0.2503172
vt 0.6688414 0.2509042
vt 0.6688414 0.2602976
vt 0.6688414 0.2620588
vt 0.7257307 0.3435864
vt 0.0367954 0.3993134
vt 0.7027662 0.0979641
vt 0.9725992 0.2072447
vt 0.6891962 0.2674208
vt 0.6891962 0.2950139
vt 0.6897172 0.2674208
vt 0.6897172 0.2950139
vt 0.7006560 0.2950139
vt 0.7053441 0.3020588
vt 0.7058651 0.3020588
vt 0.8373798 0.2421647
vt 0.7110741 0.2674208
vt 0.8394634 0.2621256
vt 0.7136786 0.3020588
vt 0.7141994 0.2680080
vt 0.7147203 0.3020588
vt 0.7199293 0.3020588
vt 0.8472769 0.2310102
vt 0.8493605 0.2315972
vt 0.8540486 0.2492097
vt 0.8545695 0.2492097
vt 0.7282637 0.2856205
vt 0.7365980 0.3020588
vt 0.5471399 0.1933595
vt 0.5471399 0.2227139
vt 0.7371190 0.2715304
vt 0.7371190 0.2885559
vt 0.5502652 0.1933595
vt 0.7407653 0.2685950
vt 0.7407653 0.2715304
vt 0.5528697 0.2227139
vt 0.5627668 0.2227139
vt 0.5643296 0.1933595
vt 0.7587363 0.2685950
vt 0.7587363 0.2744658
vt 0.7592573 0.2685950
vt 0.7592573 0.3020588
vt 0.5697989 0.1933595
vt 0.5337864 0.0573852
vt 0.5337864 0.0738235
vt 0.5760497 0.1933595
vt 0.5760497 0.2227139
vt 0.5504553 0.0738235
vt 0.3004542 0.2285950
vt 0.3004542 0.2620588
vt 0.3020169 0.2285950
vt 0.3119139 0.2285950
vt 0.3119139 0.2620588
vt 0.8985508 0.0067647
vt 0.9063643 0.0067647
vt 0.9110237 0.0067647
vt 0.7742693 0.3502768
vt 0.7758872 0.3502768
vt 0.7758872 0.3873530
vt 0.7773253 0.3502768
vt 0.7789432 0.3873530
vt 0.7794824 0.3502768
vt 0.7800217 0.3502768
vt 0.7800217 0.3873530
vt 0.7846954 0.3502768
vt 0.7846954 0.3873530
vt 0.7852348 0.3873530
vt 0.7857741 0.3502768
vt 0.7863133 0.3502768
vt 0.7868526 0.3873530
vt 0.7873918 0.3502768
vt 0.7873918 0.3873530
vt 0.7888300 0.3502768
vt 0.7888300 0.3790462
vt 0.7888300 0.3873530
vt 0.7893693 0.3502768
vt 0.7893693 0.3790462
vt 0.7904478 0.3873530
vt 0.7909871 0.3502768
vt 0.7915264 0.3502768
vt 0.7920657 0.3502768
vt 0.7926050 0.3873530
vt 0.7931442 0.3502768
vt 0.7931442 0.3873530
vt 0.7940430 0.3502768
vt 0.7940430 0.3873530
vt 0.7627451 0.0173530
vt 0.7846760 0.0133009
vt 0.7898891 0.0173530
vt 0.7920463 0.0143139
vt 0.1955083 0.1820852
vt 0.1960476 0.1784384
vt 0.7936641 0.0133009
vt 0.7936641 0.0143139
vt 0.2037774 0.1602043
vt 0.2059344 0.1602043
vt 0.2106083 0.1666876
vt 0.2194165 0.1873530
vt 0.2199559 0.1843139
vt 0.2221129 0.1843139
vt 0.2262475 0.1855295
vt 0.2262475 0.1873530
vt 0.2267868 0.1602043
vt 0.2267868 0.1873530
vt 0.2273261 0.1602043
vt 0.2293034 0.1602043
vt 0.2298428 0.1873530
vt 0.8384196 0.0508824
vt 0.8394981 0.0409548
vt 0.8421945 0.0409548
vt 0.8421945 0.0508824
vt 0.8425541 0.0409548
vt 0.8425541 0.0508824
vt 0.8430933 0.0409548
vt 0.8447112 0.0508824
vt 0.8452505 0.0409548
usemtl material_0
f 2255/6972 2320/7009 2273/6972
f 2320/7009 2147/7009 2273/6972
f 3982/7827 4006/7828 4546/7807
f 4006/7703 4316/7730 4546/7731
f 4546/7731 4316/7730 4994/7755
f 4994/7472 4316/7457 4985/7471
f 4546/7896 4580/7875 4316/7907
f 4580/7875 4324/7880 4316/7907
f 2205/2262 2185/2289 2181/2262
f 2181/2262 2185/2289 2298/2289
f 3385/2006 3384/2007 3358/2003
f 2205/2041 2181/2041 2185/2048
f 2185/2048 2181/2041 2298/2048
f 3393/2169 3388/2169 2710/2125
f 1152/2191 2185/2150 2298/2149
f 2185/2289 2710/2307 2298/2289
f 2298/2289 2710/2307 2709/2307
f 2709/2125 2710/2125 3373/2169
f 2710/2125 3388/2169 3373/2169
f 3373/2169 3388/2169 4407/2190
f 3388/2169 3393/2169 4407/2190
f 3393/2169 4296/2190 4407/2190
f 4407/2190 4296/2190 4481/2187
f 4296/2190 4535/2187 4481/2187
f 4577/2186 4481/2187 4339/2186
f 4481/2187 4535/2187 4339/2186
f 2185/2150 1152/2191 963/2199
f 963/2115 1152/2108 958/2107
f 4024/2004 3970/2004 4112/1998
f 2301/2105 2173/2105 2122/2106
f 2173/2105 2332/2106 2122/2106
f 2122/2068 2332/2068 2309/2067
f 2332/2068 2227/2068 2309/2067
f 2227/2068 2183/2067 2309/2067
f 2309/2067 2658/2112 3211/2143
f 4005/2157 3211/2083 3355/2104
f 3211/2143 2658/2112 3355/2165
f 3355/2165 2658/2112 2809/2122
f 2658/2184 2309/2200 2809/2177
f 4005/2077 3355/2139 3211/2153
f 3355/2022 2809/2000 3211/2014
f 2809/2177 2309/2200 3211/2151
f 1186/2164 1669/2185 1225/2164
f 1225/2164 1669/2185 1670/2185
f 4894/2036 3300/1997 4474/2036
f 4474/2036 3300/1997 3288/1997
f 2309/2120 2183/2120 2122/2056
f 2183/2120 2332/2056 2122/2056
f 2122/2329 2332/2329 2301/2276
f 2332/2329 2227/2329 2301/2276
f 2301/2276 2227/2329 2173/2276
f 4917/2088 4767/2088 4309/2084
f 4767/2088 4005/2084 4309/2084
f 4309/2084 4005/2084 4030/2084
f 4030/2084 4005/2084 4002/2084
f 4005/2084 3935/2081 4002/2084
f 3935/2081 3950/2081 4002/2084
f 4029/2206 4005/2206 4123/2203
f 4141/2001 3997/2023 4003/2025
f 2308/2123 2246/2181 2205/2123
f 4293/2204 4017/2204 4141/2205
f 4141/2205 4017/2204 3997/2208
f 3997/2208 4017/2204 3984/2207
f 3199/2364 2695/2374 2690/2394
f 2690/2394 2695/2374 2133/2393
f 2133/2393 2695/2374 2708/2363
f 2695/2374 3199/2364 2708/2363
f 2708/2404 3199/2424 3187/2414
f 3187/2242 3199/2241 3582/2251
f 3582/2251 3199/2241 3984/2268
f 3199/2241 3571/2250 3984/2268
f 3984/2268 3571/2250 4003/2267
f 3571/2250 3602/2249 4003/2267
f 3685/2253 4003/2267 3328/2246
f 4003/2267 3602/2249 3328/2246
f 3328/2246 3602/2249 3174/2240
f 3602/2249 3571/2250 3174/2240
f 3571/2250 3199/2241 3174/2240
f 3199/2364 2690/2394 3174/2395
f 3174/2395 2690/2394 2702/2408
f 2702/2408 2690/2394 2321/2425
f 2690/2394 2133/2393 2321/2425
f 2133/2393 2339/2393 2321/2425
f 2339/2320 2246/2320 2321/2327
f 2321/2327 2246/2320 2205/2327
f 2246/2320 2247/2320 2205/2327
f 2308/2327 2205/2327 2120/2320
f 2205/2327 2247/2320 2120/2320
f 2246/2192 2339/2192 2183/2194
f 2339/2192 2133/2192 2183/2194
f 2183/2252 2133/2244 2309/2252
f 2133/2244 2708/2236 2309/2252
f 2708/2404 3187/2414 2309/2381
f 3187/2414 3224/2414 2309/2381
f 1593/2175 2164/2183 1613/2179
f 1035/2224 1613/2189 1591/2188
f 1613/2189 2164/2167 1591/2188
f 2164/2167 2302/2166 1591/2188
f 1591/2114 2302/2063 1592/2113
f 1619/2113 1592/2113 2309/2062
f 1592/2113 2302/2063 2309/2062
f 2302/2063 2174/2063 2309/2062
f 2183/2062 2309/2062 2174/2063
f 2174/2166 2302/2166 2278/2167
f 2302/2166 2164/2167 2278/2167
f 2278/2183 2164/2183 2205/2174
f 2205/2174 2164/2183 2321/2174
f 2164/2183 1593/2175 2321/2174
f 1593/2175 1613/2179 1062/2176
f 1613/2189 1035/2224 1062/2225
f 1035/2224 1083/2224 1062/2225
f 1062/2225 1083/2224 1152/2225
f 1083/2224 1138/2224 1152/2225
f 1138/2224 1177/2224 1152/2225
f 1152/2225 1177/2224 1234/2225
f 1234/2225 1177/2224 1243/2224
f 1243/2147 1177/2147 1250/2146
f 1250/2146 1177/2147 1149/2146
f 1177/2147 1138/2147 1149/2146
f 1138/2147 1083/2147 1149/2146
f 4286/1999 4112/1998 4013/1999
f 4013/1999 4112/1998 3986/2005
f 2698/2116 3195/2144 2122/2068
f 3195/2040 2704/2065 2122/2106
f 1855/2031 1588/2042 2122/2056
f 2122/2056 1588/2042 1862/2074
f 1862/2290 1588/2326 1603/2273
f 1603/2273 1588/2326 1443/2305
f 1443/2305 1588/2326 1049/2340
f 1049/2340 1588/2326 1449/2360
f 1449/2021 1588/2042 1590/2012
f 1588/2042 1855/2031 1590/2012
f 1615/2295 1590/2295 2301/2276
f 1590/2295 1855/2306 2301/2276
f 1855/2306 2122/2329 2301/2276
f 2122/2106 2704/2065 2301/2105
f 3221/2039 2301/2105 3185/2039
f 2301/2105 2704/2065 3185/2039
f 2704/2065 3195/2040 3185/2039
f 3185/2039 3195/2040 3570/2018
f 3570/2018 3195/2040 3986/2005
f 3195/2144 3593/2180 3986/2196
f 3986/2196 3593/2180 4005/2195
f 4005/2138 3435/2156 3501/2154
f 2957/2152 3501/2102 2931/2152
f 3501/2102 3435/2109 2931/2152
f 2309/2092 2931/2142 3211/2172
f 2931/2152 3435/2109 3211/2137
f 3435/2121 4005/2168 3211/2087
f 4005/2195 3593/2180 3211/2143
f 3593/2180 3195/2144 3211/2143
f 3195/2144 2698/2116 3211/2143
f 3211/2143 2698/2116 2309/2067
f 2698/2116 2122/2068 2309/2067
f 2122/2056 1862/2074 2309/2120
f 1862/2052 1603/2033 2309/2064
f 2309/2064 1603/2033 1520/2028
f 1503/2261 1465/2264 1439/2265
f 1439/2265 1465/2264 1041/2285
f 1465/2178 1520/2182 1041/2161
f 1520/2028 1603/2033 1041/2013
f 1603/2054 1443/2086 1041/2066
f 1443/2086 1049/2129 1041/2066
f 1049/2129 1080/2129 1041/2066
f 1149/2287 1041/2285 1131/2285
f 1041/2066 1080/2129 1131/2066
f 1131/2066 1080/2129 1136/2129
f 1136/2340 1080/2340 1145/2382
f 1145/2382 1080/2340 1055/2382
f 1080/2340 1049/2340 1055/2382
f 1049/2340 1449/2360 1055/2382
f 1449/2021 1590/2012 1055/2002
f 1590/2012 1615/2012 1055/2002
f 1055/2002 1615/2012 1127/2002
f 1615/2295 2301/2276 2476/2276
f 2301/2105 3221/2039 2476/2105
f 2476/2105 3221/2039 3222/2039
f 3222/2039 3221/2039 4025/2004
f 4025/2004 3221/2039 3970/2004
f 3221/2039 3185/2039 3970/2004
f 3185/2039 3570/2018 3970/2004
f 3570/2018 3986/2005 3970/2004
f 3986/2005 4112/1998 3970/2004
f 3973/2004 3970/2004 4031/1998
f 3970/2004 4112/1998 4031/1998
f 4031/1998 4112/1998 4751/1998
f 4751/1998 4112/1998 4815/1998
f 4112/1998 4286/1999 4815/1998
f 4815/1998 4286/1999 4638/1999
f 4638/2198 4286/2198 4826/2197
f 4826/2197 4286/2198 4123/2197
f 4286/2198 4013/2198 4123/2197
f 4013/2198 3986/2196 4123/2197
f 3986/2196 4005/2195 4123/2197
f 4005/2138 3501/2154 4123/2136
f 4309/2136 4123/2136 3513/2154
f 4123/2136 3501/2154 3513/2154
f 3513/2102 3501/2102 2982/2152
f 3501/2102 2957/2152 2982/2152
f 2982/2142 2957/2142 2413/2092
f 2957/2142 2931/2142 2413/2092
f 2931/2142 2309/2092 2413/2092
f 2413/2064 2309/2064 1541/2028
f 2309/2064 1520/2028 1541/2028
f 1541/2124 1520/2124 1518/2124
f 1520/2124 1503/2124 1518/2124
f 1518/2124 1503/2124 1129/2145
f 1129/2145 1503/2124 1058/2145
f 1503/2124 1439/2126 1058/2145
f 1439/2265 1041/2285 1058/2287
f 1041/2285 1149/2287 1058/2287
f 1149/2146 1083/2147 1058/2146
f 1083/2147 1035/2147 1058/2146
f 1035/2147 1591/2114 1058/2146
f 1591/2114 1592/2113 1058/2146
f 1592/2113 1619/2113 1058/2146
f 1058/2146 1619/2113 1129/2146
f 1129/2146 1619/2113 1646/2113
f 1619/2113 2309/2062 2413/2062
f 2309/2381 3224/2414 2413/2381
f 2413/2381 3224/2414 3225/2414
f 3225/2242 3224/2242 4030/2269
f 4030/2269 3224/2242 4005/2269
f 3224/2242 3187/2242 4005/2269
f 3187/2242 3582/2251 4005/2269
f 3582/2251 3984/2268 4005/2269
f 3974/2206 4005/2206 4144/2203
f 4826/2203 4768/2203 4123/2203
f 4768/2203 4144/2203 4123/2203
f 4144/2203 4005/2206 4123/2203
f 4005/2206 3984/2207 4123/2203
f 3984/2207 4017/2204 4123/2203
f 4017/2204 4293/2204 4123/2203
f 4123/2203 4293/2204 4826/2203
f 4799/2204 4293/2204 4838/2205
f 4293/2204 4141/2205 4838/2205
f 4838/2205 4141/2205 4761/2205
f 4761/2271 4141/2271 4119/2271
f 4119/2271 4141/2271 4004/2266
f 4004/2266 4141/2271 4009/2266
f 4141/2271 4003/2267 4009/2266
f 4003/2267 3685/2253 4009/2266
f 4009/2266 3685/2253 3337/2245
f 3685/2253 3328/2246 3337/2245
f 3337/2239 3328/2238 2631/2259
f 3328/2238 3174/2247 2631/2259
f 3174/2395 2702/2408 2631/2417
f 2702/2408 2321/2425 2631/2417
f 1641/2148 2246/2181 1631/2193
f 3182/2288 3156/2286 3001/2258
f 3001/2258 3156/2286 2960/2257
f 2960/2257 3156/2286 3157/2283
f 3157/2283 3156/2286 3336/2315
f 3336/2315 3156/2286 3326/2314
f 3156/2286 3182/2288 3326/2314
f 3182/2288 3282/2275 3326/2314
f 3326/2314 3282/2275 3608/2310
f 3697/2127 4679/2111 3315/2173
f 2990/2011 3315/2019 3008/2010
f 3008/2010 3282/2016 2958/2009
f 3282/2016 3001/2008 2958/2009
f 2958/2365 3001/2366 2751/2359
f 2561/2342 2246/2320 2205/2327
f 2205/2123 1641/2148 1622/2117
f 1152/2101 1622/2117 1178/2140
f 1622/2117 1641/2148 1178/2140
f 1149/2201 1736/2217 1230/2201
f 1230/2201 1736/2217 1756/2217
f 2954/2171 2471/2194 2925/2171
f 2471/2194 2183/2194 2925/2171
f 2954/2171 2925/2171 2966/2170
f 3336/2315 3326/2314 3343/2316
f 3343/2316 3326/2314 3899/2358
f 3326/2314 3608/2310 3899/2358
f 3814/2076 3693/2060 3474/2051
f 3693/2060 3449/2050 3474/2051
f 3474/2051 3449/2050 3326/2038
f 3449/2050 3254/2032 3326/2038
f 3447/2118 3326/2100 2966/2061
f 3326/2038 3254/2032 2966/2020
f 2183/2378 2326/2377 1518/2407
f 1518/2407 1638/2402 1487/2409
f 1487/2409 1638/2402 1299/2418
f 1299/2418 1638/2402 1417/2415
f 1872/2392 1638/2402 1786/2397
f 1518/2407 2326/2377 1786/2397
f 3073/2260 2783/2256 3116/2270
f 3116/2027 3122/2026 3280/2035
f 3122/2026 3138/2029 3280/2035
f 3138/2029 3293/2037 3280/2035
f 3280/2278 3293/2284 3406/2294
f 3449/2296 3693/2309 3753/2312
f 3753/2312 3693/2309 3806/2325
f 3806/2325 3693/2309 4638/2336
f 3693/2060 3814/2076 4638/2094
f 4952/2094 4638/2094 4521/2093
f 4638/2094 3814/2076 4521/2093
f 3474/2051 3326/2038 4521/2093
f 3326/2100 3447/2118 4521/2162
f 3447/2118 2966/2061 2998/2061
f 2966/2248 2183/2274 2471/2274
f 2183/2378 1518/2407 1531/2407
f 1531/2407 1518/2407 1230/2422
f 1230/2422 1518/2407 1189/2422
f 1518/2407 1487/2409 1189/2422
f 1487/2409 1299/2418 1189/2422
f 1299/2418 1171/2421 1189/2422
f 1171/2421 1223/2421 1189/2422
f 1189/2422 1223/2421 1288/2422
f 1288/2422 1223/2421 1276/2421
f 1276/2421 1223/2421 1285/2420
f 1285/2420 1223/2421 1186/2420
f 1223/2421 1171/2421 1186/2420
f 1171/2421 1299/2418 1186/2420
f 1299/2418 1417/2415 1186/2420
f 1786/2397 2317/2376 2173/2375
f 3073/2260 3116/2270 3288/2277
f 3116/2270 3280/2278 3288/2277
f 3280/2278 3406/2294 3288/2277
f 3288/1997 3689/2017 4474/2036
f 4638/2336 4952/2336 4474/2335
f 4474/2335 4952/2336 4988/2335
f 4988/2335 4952/2336 5007/2336
f 4998/2255 4957/2237 4561/2255
f 4957/2237 4679/2237 4561/2255
f 4679/2237 3697/2254 4561/2255
f 4561/2255 3697/2254 3318/2292
f 3697/2044 3315/2019 3318/2030
f 3315/2019 2990/2011 3318/2030
f 2990/2011 2575/1996 3318/2030
f 3318/2030 2575/1996 2576/1995
f 2598/2344 2576/2344 2586/2346
f 1152/2211 1178/2210 1140/2216
f 1178/2210 1167/2209 1140/2216
f 1140/2216 1167/2209 1135/2215
f 1167/2209 1149/2214 1135/2215
f 3378/2427 3381/2428 3348/2423
f 2682/2345 3381/2343 2623/2304
f 2628/2049 2623/2024 2643/2046
f 2623/2024 3381/2015 2643/2046
f 2643/2046 3381/2015 3064/2053
f 3381/2015 3378/2034 3064/2053
f 3064/2053 3378/2034 3387/2058
f 3378/2427 3348/2423 3387/2426
f 3387/2426 3348/2423 3324/2419
f 3348/2413 3086/2400 3324/2410
f 2555/2119 2682/2103 2274/2130
f 2682/2103 2623/2110 2274/2130
f 2274/2130 2623/2110 2588/2110
f 2623/2024 2628/2049 2588/2024
f 2594/2075 2588/2024 2634/2075
f 2588/2024 2628/2049 2634/2075
f 2628/2049 2643/2046 2634/2075
f 2643/2046 3064/2053 2634/2075
f 3064/2053 3387/2058 2634/2075
f 1714/2233 1723/2234 1687/2231
f 1723/2234 1734/2234 1682/2232
f 1739/2232 1682/2232 1746/2234
f 1682/2232 1734/2234 1746/2234
f 1608/2230 1716/2233 1677/2230
f 1714/2233 1687/2231 1677/2230
f 1677/2135 1687/2134 1559/2141
f 1559/2141 1687/2134 1488/2155
f 1687/2134 1682/2133 1488/2155
f 1521/2078 1512/2078 1488/2078
f 4917/2218 4309/2226 4767/2218
f 4767/2218 4309/2226 4005/2226
f 4309/2226 4030/2226 4005/2226
f 4030/2226 4002/2226 4005/2226
f 4002/2226 3950/2227 4005/2226
f 3950/2227 3935/2227 4005/2226
f 4005/2226 3972/2227 3935/2227
f 4005/2226 4079/2223 4767/2218
f 4061/2085 4767/2088 4374/2089
f 4638/2089 4285/2089 4521/2088
f 4285/2089 4374/2089 4521/2088
f 4374/2089 4767/2088 4521/2088
f 4521/2218 4767/2218 4679/2219
f 4679/2219 4767/2218 4406/2219
f 4406/2219 4767/2218 4405/2219
f 4767/2218 4079/2223 4405/2219
f 4405/2219 4079/2223 4322/2220
f 4322/2222 4079/2223 3937/2229
f 3937/2229 4017/2228 4141/2229
f 4141/2229 4017/2228 4197/2228
f 4197/2228 4017/2228 4108/2227
f 4108/2227 4017/2228 3935/2227
f 3935/2227 4017/2228 3962/2228
f 4017/2228 3937/2229 3962/2228
f 3937/2229 4079/2223 3962/2228
f 4079/2223 4005/2226 3962/2228
f 3962/2228 4005/2226 3935/2227
f 3935/2081 4005/2084 3961/2082
f 4005/2084 4767/2088 3961/2082
f 4767/2088 4061/2085 3961/2082
f 3961/2082 3986/2082 3935/2081
f 3935/2081 3986/2082 4144/2081
f 4144/2081 3986/2082 4286/2082
f 4286/2090 3986/2090 4302/2091
f 4302/2091 3986/2090 3970/2091
f 3986/2090 3961/2090 3970/2091
f 3961/2090 4061/2095 3970/2091
f 4061/2095 4374/2098 3970/2091
f 4905/2099 4024/2091 4750/2099
f 4024/2091 3970/2091 4750/2099
f 3970/2091 4374/2098 4750/2099
f 4374/2098 4285/2098 4750/2099
f 4285/2098 4638/2098 4750/2099
f 4750/2099 4638/2098 4474/2099
f 4638/2336 4346/2336 4474/2335
f 4474/2335 4346/2336 4347/2336
f 4346/2094 4638/2094 4747/2093
f 4638/2094 4521/2093 4747/2093
f 4762/2255 4679/2237 4561/2255
f 4679/2219 4406/2219 4561/2220
f 4406/2219 4405/2219 4561/2220
f 4405/2219 4322/2220 4561/2220
f 128/2561 103/2562 7/2559
f 103/2562 59/2560 7/2559
f 154/2612 170/2611 44/2626
f 170/2611 6/2625 44/2626
f 175/2652 146/2653 7/2648
f 146/2653 59/2649 7/2648
f 59/2649 103/2645 7/2648
f 103/2645 128/2644 7/2648
f 198/2633 92/2636 122/2637
f 122/2452 92/2453 152/2451
f 324/2445 209/2449 349/2446
f 152/2451 92/2453 522/2447
f 522/2447 92/2453 213/2453
f 595/2632 213/2636 315/2632
f 213/2636 92/2636 315/2632
f 92/2636 198/2633 315/2632
f 209/2449 324/2445 342/2449
f 324/2445 559/2445 342/2449
f 149/2466 18/2457 61/2456
f 178/2535 23/2532 62/2531
f 186/2548 9/2543 50/2542
f 611/2537 385/2537 96/2534
f 32/2619 78/2619 77/2627
f 78/2619 97/2627 77/2627
f 97/2534 96/2534 77/2534
f 96/2534 385/2537 77/2534
f 99/2564 117/2563 15/2567
f 117/2563 37/2566 15/2567
f 101/2498 196/2497 56/2503
f 196/2497 11/2502 56/2503
f 125/2643 57/2641 151/2642
f 151/2642 57/2641 47/2640
f 57/2606 162/2589 47/2605
f 162/2589 184/2588 47/2605
f 125/2488 151/2487 57/2495
f 151/2487 47/2494 57/2495
f 143/2650 182/2651 56/2646
f 182/2651 11/2647 56/2646
f 101/2555 56/2551 196/2554
f 56/2551 11/2550 196/2554
f 514/2638 490/2639 341/2638
f 530/2477 204/2472 324/2476
f 559/2476 324/2476 259/2463
f 78/2512 77/2512 96/2512
f 611/2521 96/2512 385/2521
f 96/2512 77/2512 385/2521
f 99/2635 15/2631 117/2634
f 117/2634 15/2631 37/2630
f 15/2434 191/2441 37/2435
f 184/2473 162/2474 47/2470
f 47/2470 162/2474 57/2469
f 47/2544 57/2549 71/2558
f 71/2558 57/2549 77/2570
f 9/2533 186/2529 50/2528
f 170/2437 154/2436 6/2443
f 6/2444 154/2436 44/2442
f 23/2439 178/2432 62/2438
f 146/2660 175/2661 59/2656
f 59/2656 175/2661 7/2657
f 18/2658 149/2662 61/2654
f 536/2665 61/2654 364/2664
f 61/2654 149/2662 364/2664
f 149/2662 18/2658 364/2664
f 18/2658 7/2657 364/2664
f 7/2657 175/2661 364/2664
f 364/2664 175/2661 406/2663
f 175/2661 146/2660 406/2663
f 146/2660 59/2656 406/2663
f 59/2656 62/2655 406/2663
f 62/2490 178/2496 406/2499
f 178/2432 23/2439 406/2429
f 406/2429 23/2439 311/2430
f 23/2439 44/2442 311/2430
f 44/2442 154/2436 311/2430
f 311/2430 154/2436 512/2431
f 154/2436 170/2437 512/2431
f 170/2437 6/2443 512/2431
f 6/2443 50/2440 512/2431
f 50/2440 186/2433 512/2431
f 512/2541 186/2547 385/2552
f 186/2529 9/2533 385/2537
f 385/2537 9/2533 77/2534
f 77/2540 9/2539 63/2509
f 63/2509 9/2539 64/2508
f 9/2539 50/2538 64/2508
f 64/2508 50/2538 81/2507
f 50/2538 6/2536 81/2507
f 81/2507 6/2536 72/2505
f 6/2536 44/2530 72/2505
f 72/2505 44/2530 73/2504
f 44/2530 23/2519 73/2504
f 73/2504 23/2519 79/2500
f 23/2519 62/2511 79/2500
f 79/2500 62/2511 70/2458
f 62/2511 59/2506 70/2458
f 59/2506 7/2501 70/2458
f 7/2501 18/2492 70/2458
f 18/2492 61/2484 70/2458
f 70/2458 61/2484 12/2462
f 61/2654 536/2665 12/2659
f 12/2599 536/2579 188/2585
f 51/2629 17/2621 70/2629
f 17/2621 16/2629 70/2629
f 16/2455 83/2455 70/2455
f 83/2455 156/2454 70/2455
f 156/2454 188/2460 70/2455
f 188/2460 12/2461 70/2455
f 70/2491 12/2493 181/2489
f 181/2515 12/2514 5/2516
f 5/2600 12/2599 17/2598
f 52/2621 17/2621 93/2621
f 93/2621 17/2621 70/2629
f 104/2587 70/2587 83/2587
f 70/2587 17/2598 83/2587
f 17/2598 12/2599 83/2587
f 12/2599 188/2585 83/2587
f 188/2585 156/2582 83/2587
f 83/2587 156/2582 138/2582
f 138/2582 156/2582 189/2582
f 189/2582 156/2582 203/2582
f 203/2582 156/2582 240/2582
f 552/2575 240/2582 484/2575
f 240/2582 156/2582 484/2575
f 156/2582 188/2585 484/2575
f 188/2585 536/2576 484/2575
f 314/2579 484/2575 455/2579
f 484/2575 536/2579 455/2579
f 455/2665 536/2665 506/2664
f 536/2665 364/2664 506/2664
f 506/2664 364/2664 516/2663
f 364/2664 406/2663 516/2663
f 516/2429 406/2429 413/2430
f 406/2429 311/2430 413/2430
f 413/2430 311/2430 354/2431
f 311/2430 512/2431 354/2431
f 354/2541 512/2541 514/2552
f 512/2541 385/2552 514/2552
f 514/2521 385/2521 520/2523
f 520/2523 385/2521 421/2523
f 421/2523 385/2521 191/2513
f 191/2513 385/2521 15/2510
f 385/2521 77/2512 15/2510
f 15/2568 77/2570 37/2565
f 37/2565 77/2570 56/2556
f 56/2556 77/2570 11/2553
f 77/2570 57/2549 11/2553
f 182/2475 11/2471 497/2486
f 11/2471 57/2469 497/2486
f 57/2469 162/2474 497/2486
f 330/2486 497/2486 529/2485
f 529/2485 497/2486 464/2485
f 497/2486 162/2474 464/2485
f 162/2474 184/2473 464/2485
f 184/2450 47/2459 464/2448
f 530/2477 429/2477 324/2476
f 429/2603 430/2603 324/2604
f 509/2446 324/2445 349/2446
f 98/2577 150/2581 147/2580
f 147/2580 150/2581 298/2586
f 298/2586 150/2581 212/2584
f 150/2581 98/2577 212/2584
f 212/2583 98/2577 70/2572
f 98/2577 43/2573 70/2572
f 17/2593 70/2596 42/2594
f 70/2596 43/2597 42/2594
f 42/2594 43/2597 32/2595
f 43/2573 98/2577 32/2574
f 98/2577 147/2580 32/2574
f 32/2574 147/2580 96/2574
f 96/2574 147/2580 194/2580
f 601/2592 194/2580 480/2592
f 194/2580 147/2580 480/2592
f 147/2578 298/2586 480/2592
f 298/2586 500/2591 480/2592
f 500/2591 350/2591 480/2592
f 350/2446 349/2446 480/2445
f 349/2446 324/2445 480/2445
f 324/2604 430/2603 480/2604
f 430/2603 190/2610 480/2604
f 190/2610 140/2616 480/2604
f 140/2616 166/2614 480/2604
f 601/2604 480/2604 219/2614
f 480/2604 166/2614 219/2614
f 219/2527 166/2527 96/2517
f 96/2517 166/2527 32/2517
f 32/2517 166/2527 58/2522
f 166/2527 140/2526 58/2522
f 463/2477 312/2477 495/2476
f 312/2477 530/2477 495/2476
f 530/2477 324/2476 495/2476
f 495/2445 324/2445 304/2446
f 324/2445 509/2446 304/2446
f 349/2446 350/2446 522/2447
f 350/2591 500/2591 522/2590
f 522/2590 500/2591 398/2590
f 500/2591 298/2586 398/2590
f 298/2586 212/2584 398/2590
f 579/2590 398/2590 309/2584
f 398/2590 212/2584 309/2584
f 309/2584 212/2583 276/2584
f 276/2584 212/2583 181/2584
f 212/2489 70/2491 181/2489
f 70/2629 17/2621 63/2628
f 17/2621 42/2620 63/2628
f 63/2628 42/2620 77/2627
f 42/2620 32/2619 77/2627
f 47/2571 71/2557 21/2569
f 71/2557 77/2546 21/2569
f 77/2546 32/2545 21/2569
f 32/2517 58/2522 21/2518
f 519/842 422/842 485/841
f 422/842 327/841 485/841
f 485/841 327/841 331/840
f 331/840 327/841 498/840
f 327/841 144/828 498/840
f 498/840 144/828 183/825
f 183/825 144/828 11/815
f 11/815 144/828 56/819
f 144/828 327/841 56/819
f 56/819 327/841 38/820
f 327/841 422/842 38/820
f 422/842 191/830 38/820
f 191/830 14/821 38/820
f 3007/2924 3653/2883 3019/2924
f 4700/2827 4723/2827 3649/2826
f 4723/2827 3653/2826 3649/2826
f 3649/2883 3653/2883 3017/2924
f 3653/2883 3007/2924 3017/2924
f 4288/2873 4482/2887 4349/2873
f 4349/2873 4482/2887 4450/2887
f 4450/2887 4482/2887 3391/2886
f 4482/2887 3386/2886 3391/2886
f 3386/2886 2696/2885 2668/2885
f 2668/2885 2696/2885 2279/2884
f 2696/2885 2296/2884 2279/2884
f 4700/2962 3469/2961 4723/2962
f 3469/2961 3486/2961 4723/2962
f 2156/2875 2213/2876 2194/2876
f 2194/3011 2213/3011 2285/3010
f 2213/3011 2299/3010 2285/3010
f 2279/2763 2234/2759 2296/2762
f 3677/3190 3287/3149 3533/3173
f 3533/3173 3287/3149 3074/3128
f 3074/3128 3287/3149 3060/3127
f 3287/3149 3078/3130 3060/3127
f 3060/3127 3078/3130 3031/3123
f 3031/3123 3078/3130 3109/3133
f 3078/3130 3287/3149 3109/3133
f 3109/3133 3287/3149 3445/3170
f 3287/3149 3677/3190 3445/3170
f 3445/3170 3691/3192 3914/3205
f 3691/3192 3832/3201 3914/3205
f 3914/3205 3832/3202 3880/3204
f 4394/3212 4657/3212 4312/3214
f 4312/3214 4657/3212 4493/3214
f 4657/3212 3880/3204 4493/3214
f 4039/3214 4493/3214 3796/3199
f 4493/3214 3880/3204 3796/3199
f 3880/3204 3832/3202 3796/3199
f 3832/3201 3677/3190 3796/3197
f 3677/3190 3533/3173 3796/3197
f 3533/3173 3074/3128 3796/3197
f 3796/3197 3074/3128 3772/3197
f 2930/3113 3060/3127 2939/3113
f 3060/3127 3031/3123 2939/3113
f 2939/3113 3031/3123 2934/3114
f 2934/3114 3031/3123 2937/3115
f 3031/3123 3109/3133 2937/3115
f 2937/3115 3109/3133 2941/3115
f 2941/3115 3109/3133 3092/3133
f 3092/3133 3109/3133 3420/3170
f 3109/3133 3445/3170 3420/3170
f 3445/3170 3914/3205 3863/3205
f 3863/3205 3914/3205 4036/3213
f 4036/3213 3914/3205 4483/3213
f 3914/3205 3880/3204 4483/3213
f 3880/3204 4657/3212 4483/3213
f 4657/3212 4394/3212 4483/3213
f 4394/3212 4536/3213 4483/3213
f 3012/3098 2907/3120 2919/3117
f 2772/3040 2919/3053 2797/3041
f 2919/3053 2907/3057 2797/3041
f 2897/3211 2798/3207 3013/3218
f 2798/3061 2897/3058 3013/3050
f 3014/3155 2885/3148 3022/3154
f 3022/3154 2885/3148 2898/3151
f 2885/3203 2786/3210 2898/3206
f 2878/3238 2888/3239 3023/3222
f 2888/3239 3005/3223 3023/3222
f 2878/3126 3023/3112 2888/3125
f 3023/3112 3005/3111 2888/3125
f 2924/2988 2910/2988 2889/2988
f 2910/2988 2868/2988 2889/2988
f 2915/2988 2889/2988 2852/2988
f 2889/2988 2868/2988 2852/2988
f 2868/2988 2828/2988 2852/2988
f 2905/2810 3015/2799 3004/2804
f 3015/2798 2905/2784 3004/2792
f 2909/2949 2910/2949 2778/2950
f 2889/2840 2778/2852 2905/2836
f 2778/2950 2910/2949 2905/2960
f 2905/2784 2910/2783 3004/2792
f 2910/2783 2909/2783 3004/2792
f 2909/2705 2889/2706 3004/2705
f 2889/2706 2905/2711 3004/2705
f 2805/2837 2895/2855 2883/2856
f 2895/2766 3018/2777 2883/2767
f 3018/2835 2895/2844 2883/2845
f 2883/2697 2895/2696 2805/2699
f 2772/2957 2797/2958 2919/2946
f 2797/2958 2907/2944 2919/2946
f 2919/3229 2907/3224 3012/3240
f 3014/3189 3022/3188 2885/3196
f 3022/3188 2898/3194 2885/3196
f 2898/2839 2786/2830 2885/2841
f 2239/2786 2333/2780 2238/2786
f 2130/3016 2258/3021 2129/3016
f 2472/3016 2130/3016 2478/3021
f 2478/3021 2130/3016 2258/3021
f 2258/3021 2130/3016 2201/3020
f 2130/3016 2128/3016 2201/3015
f 2128/3016 2200/3015 2201/3015
f 2201/3015 2200/3015 2256/3019
f 2200/3015 2315/3015 2256/3019
f 2315/3015 2148/3019 2256/3019
f 1598/2832 1577/2832 1584/2832
f 1577/2832 1563/2829 1584/2832
f 1584/2805 1563/2805 1422/2808
f 1422/2808 1563/2805 1379/2808
f 1371/2709 1500/2749 1514/2714
f 1500/2749 1563/2805 1514/2714
f 1563/2805 1708/2750 1514/2714
f 1600/2666 1514/2714 1822/2707
f 1514/2714 1708/2750 1822/2707
f 1309/3030 1364/3030 1344/3027
f 1404/3027 1344/3027 1385/3030
f 1344/3027 1364/3030 1385/3030
f 1364/3030 1309/3030 1368/3029
f 1309/3030 1313/3029 1368/3029
f 659/2695 652/2693 775/2715
f 652/2693 882/2744 775/2715
f 775/2715 882/2744 1073/2785
f 1159/2911 1376/2928 1175/2902
f 1175/2902 1376/2928 1361/2906
f 1376/2812 1159/2791 1379/2811
f 1159/2791 1073/2785 1379/2811
f 882/2744 911/2744 1379/2811
f 1456/2811 1379/2811 910/2744
f 1379/2811 911/2744 910/2744
f 615/2667 652/2693 510/2674
f 652/2693 636/2691 510/2674
f 636/2691 323/2675 510/2674
f 390/3077 515/3077 322/3076
f 322/3076 323/3078 390/3077
f 323/3078 636/3083 390/3077
f 659/3086 775/3104 676/3089
f 676/3089 775/3104 945/3139
f 775/3104 1073/3160 945/3139
f 1073/3160 1159/3171 945/3139
f 676/3089 945/3139 992/3153
f 945/3139 1159/3171 992/3153
f 1159/3171 1175/3172 992/3153
f 448/3051 610/3051 732/3075
f 610/3051 750/3075 732/3075
f 1066/3097 1134/3097 1199/3102
f 1134/3097 1235/3102 1199/3102
f 2912/3121 2921/3118 3016/3099
f 2244/3014 2119/3017 2113/3008
f 2113/3008 2119/3017 2215/3018
f 2119/3017 2329/3022 2215/3018
f 2329/3022 2225/3028 2215/3018
f 2215/3018 2225/3028 2110/3023
f 2319/3032 2110/3023 2226/3031
f 2110/3023 2225/3028 2226/3031
f 2226/3346 2225/3349 2125/3347
f 2225/3349 2329/3351 2125/3347
f 2329/3351 2119/3353 2125/3347
f 3942/3219 3774/3252 3762/3255
f 3450/3275 3762/3255 3307/3288
f 3307/3288 3111/3302 2989/3320
f 2989/3320 3111/3302 2887/3328
f 2887/3328 3111/3302 3551/3270
f 3111/3302 3307/3288 3551/3270
f 3307/3288 3762/3255 3551/3270
f 3762/3255 3774/3252 3551/3270
f 3551/3270 3774/3252 4122/3215
f 3774/3252 3942/3219 4122/3215
f 4122/2778 3942/2774 4014/2776
f 4014/2776 3942/2774 3915/2768
f 3942/3219 3762/3255 3915/3226
f 3762/3255 3450/3275 3915/3226
f 3915/3226 3450/3275 3438/3275
f 3438/3275 3450/3275 3070/3313
f 3450/3275 3307/3288 3070/3313
f 3307/3288 2989/3320 3070/3313
f 3070/3313 2989/3320 2880/3329
f 2989/3320 2887/3328 2880/3329
f 2584/2965 2585/2937 2136/2936
f 2136/2936 2585/2937 2277/2895
f 2585/2937 2880/2922 2277/2895
f 2880/2922 2887/2847 2277/2895
f 2277/2895 2887/2847 2125/2846
f 534/3000 511/3001 466/3000
f 1222/2926 986/2963 1008/2927
f 868/2871 1008/2927 776/2935
f 640/2986 647/2982 635/2985
f 635/2985 647/2982 667/2976
f 647/2982 653/2978 667/2976
f 653/2939 776/2935 667/3012
f 667/3012 776/2935 921/3004
f 776/2935 1008/2927 921/3004
f 1008/2927 986/2963 921/3004
f 921/3004 986/2963 1098/2994
f 986/2963 1222/2926 1098/2994
f 1313/3129 1494/3088 1493/3124
f 1493/3124 1589/3085 1859/3101
f 2477/2786 2239/2786 2484/2780
f 2472/2780 2484/2780 2333/2780
f 2484/2780 2239/2786 2333/2780
f 2333/2780 2239/2786 2304/2781
f 2239/2786 2305/2787 2304/2781
f 2305/2787 2125/2782 2304/2781
f 2304/3039 2125/3094 1882/3052
f 2125/3094 1859/3101 1882/3052
f 1882/3052 1859/3101 1799/3056
f 1859/3101 1589/3085 1799/3056
f 1799/3056 1589/3085 1578/3060
f 1589/3085 1493/3124 1578/3060
f 1493/3124 1494/3088 1578/3060
f 1578/3060 1494/3088 1539/3062
f 1494/3088 1313/3129 1539/3062
f 1539/3062 1313/3129 1324/3066
f 1313/2992 1098/2994 1324/2925
f 1098/2994 1222/2926 1324/2925
f 1324/2925 1222/2926 1344/2861
f 1222/2926 1008/2927 1344/2861
f 1008/2927 868/2871 1344/2861
f 868/2871 882/2871 1344/2861
f 1395/2861 1344/2861 911/2871
f 1344/2861 882/2871 911/2871
f 882/2871 868/2871 662/2877
f 511/3001 623/3001 367/2996
f 367/2996 623/3001 650/2984
f 623/3001 662/2984 650/2984
f 662/2877 868/2871 650/2877
f 868/2871 776/2935 650/2877
f 776/2935 653/2939 650/2877
f 653/2978 647/2982 650/2984
f 647/2982 640/2986 650/2984
f 650/2984 640/2986 367/2996
f 640/2986 635/2985 367/2996
f 635/2985 467/2995 367/2996
f 467/2995 466/3000 367/2996
f 466/3000 511/3001 367/2996
f 367/2996 511/3001 397/2996
f 397/3001 511/3001 396/3001
f 396/2667 511/2667 395/2667
f 395/2667 511/2667 322/2668
f 511/3001 534/3000 322/3000
f 322/3076 534/3076 390/3077
f 534/3000 466/3000 390/2999
f 390/2999 466/3000 507/2999
f 466/3000 467/2995 507/2999
f 467/2995 635/2985 507/2999
f 635/2985 667/2976 507/2999
f 507/2999 667/2976 602/2999
f 602/2999 667/2976 691/2976
f 667/3012 921/3004 691/3012
f 691/3012 921/3004 944/3004
f 921/3004 1098/2994 944/3004
f 944/3004 1098/2994 1153/2994
f 1098/2994 1313/2992 1153/2994
f 1153/2994 1313/2992 1367/2992
f 1313/3129 1493/3124 1367/3129
f 1367/3129 1493/3124 1522/3124
f 1493/3124 1859/3101 1522/3124
f 1522/3124 1859/3101 1874/3101
f 1859/3101 2125/3094 1874/3101
f 1874/3101 2125/3094 2365/3094
f 2125/2846 2887/2847 2365/2846
f 2365/2846 2887/2847 2928/2847
f 2887/3328 3551/3270 2928/3328
f 2928/3328 3551/3270 3493/3270
f 3493/3270 3551/3270 3955/3215
f 3551/3270 4122/3215 3955/3215
f 3955/2998 4122/2998 4007/2998
f 4007/2998 4122/2998 4262/2993
f 4262/2993 4122/2998 4484/2993
f 4122/2998 4014/3003 4484/2993
f 4014/3003 4362/2991 4484/2993
f 4754/2993 4484/2993 4657/2991
f 4484/2993 4362/2991 4657/2991
f 4312/3002 4657/3005 4493/3002
f 4657/3005 4362/3005 4493/3002
f 4362/3005 4014/3009 4493/3002
f 4014/3009 3915/3024 4493/3002
f 4493/3002 3915/3024 4040/3002
f 4040/3002 3915/3024 3864/3024
f 3915/3226 3438/3275 3864/3226
f 3438/3275 3070/3313 3043/3313
f 3043/3313 3070/3313 3037/3313
f 3037/3313 3070/3313 2889/3330
f 3070/3313 2880/3329 2889/3330
f 2880/2922 2585/2937 2889/2988
f 2585/2937 2584/2965 2889/2988
f 2868/2988 2889/2988 2910/2988
f 2910/2988 2889/2988 2924/2988
f 2964/2988 2924/2988 2939/2988
f 2924/2988 2889/2988 2939/2988
f 2939/2988 2889/2988 2472/2987
f 2472/2987 2889/2988 2333/2987
f 2889/2988 2584/2965 2333/2987
f 2584/2965 2136/2936 2333/2987
f 2136/2936 2135/2936 2333/2987
f 2258/2987 2333/2987 2267/2936
f 2333/2987 2135/2936 2267/2936
f 2267/2936 2135/2936 2165/2895
f 2135/2936 2136/2936 2165/2895
f 2136/2936 2277/2895 2165/2895
f 2165/2895 2277/2895 2256/2846
f 2277/2895 2125/2846 2256/2846
f 2125/3347 2119/3353 2256/3354
f 2119/3353 2244/3360 2256/3354
f 2148/3370 2256/3354 2243/3369
f 2244/3014 2113/3008 2243/3007
f 2780/2989 2801/2990 2899/2977
f 2801/2990 3006/2973 2899/2977
f 2780/2967 2899/2970 2801/2968
f 2899/2970 3006/2971 2801/2968
f 2774/2955 2900/2964 2787/2956
f 2900/2964 3027/2966 2787/2956
f 2774/2953 2787/2954 2900/2945
f 2787/2954 3027/2943 2900/2945
f 3016/2869 2921/2857 2912/2853
f 4429/2899 3577/2910 3502/2918
f 3502/2918 3577/2910 3010/2942
f 3577/2910 3148/2933 3010/2942
f 3165/2888 3359/2912 3362/2881
f 3789/2908 3380/2882 3591/2941
f 3380/2882 3362/2881 3591/2941
f 3591/2941 3362/2881 3551/2940
f 3362/2881 3359/2912 3551/2940
f 3551/2940 3359/2912 3126/2948
f 3359/2912 3165/2888 3126/2948
f 3126/2948 3165/2888 3077/2897
f 3380/2882 3789/2908 3672/2833
f 3672/2833 3789/2908 4695/2878
f 4388/2874 4647/2874 4311/2932
f 4647/2874 4648/2874 4311/2932
f 4311/2932 4648/2874 4483/2932
f 4648/2874 4695/2878 4483/2932
f 4695/2878 3789/2908 4483/2932
f 3789/2908 3591/2941 4483/2932
f 4483/2932 3591/2941 4037/2932
f 4037/2932 3591/2941 3537/2941
f 3537/2941 3591/2941 3506/2940
f 3591/2941 3551/2940 3506/2940
f 3506/2940 3551/2940 3493/2940
f 3551/2940 3126/2948 3493/2940
f 3493/2940 3126/2948 3108/2948
f 3108/2948 3126/2948 2928/2959
f 2928/2959 3126/2948 2887/2959
f 3126/2948 3077/2897 2887/2959
f 2887/3069 3077/3059 2902/3068
f 3147/3265 3323/3254 3320/3248
f 3351/3296 3773/3267 3666/3278
f 3666/3278 3773/3267 4334/3243
f 4551/3246 4334/3243 4313/3246
f 4313/3246 4334/3243 4008/3249
f 4334/3243 3773/3267 4008/3249
f 4008/3186 3773/3198 3914/3193
f 3914/3193 3773/3198 3519/3228
f 3773/3198 3351/3241 3519/3228
f 3351/3241 3361/3245 3519/3228
f 3361/3245 3320/3248 3519/3228
f 3320/3248 3323/3254 3519/3228
f 3519/3228 3323/3254 3117/3273
f 3323/3254 3147/3265 3117/3273
f 3147/3265 3103/3268 3117/3273
f 3059/3277 3103/3268 3056/3274
f 3266/2859 3674/2809 3448/2821
f 3266/2859 3448/2821 2911/2879
f 3603/3145 4428/3109 4646/3137
f 4598/3137 4646/3137 4330/3137
f 4646/3137 4428/3109 4701/3109
f 4611/3243 4334/3243 4550/3246
f 4334/3243 4551/3246 4550/3246
f 4551/2822 4313/2822 4311/2823
f 4311/2823 4313/2822 4483/2823
f 4313/2822 4008/2828 4483/2823
f 4008/3186 3914/3193 4483/3187
f 4483/3187 3914/3193 4037/3187
f 4037/3187 3914/3193 3907/3193
f 3907/3193 3914/3193 3863/3193
f 3914/3193 3519/3228 3863/3193
f 3863/3193 3519/3228 3461/3228
f 3519/3228 3117/3273 3461/3228
f 3117/3273 3059/3277 3085/3273
f 3085/3273 3059/3277 3041/3277
f 3041/3277 3059/3277 2941/3283
f 2941/3283 3059/3277 2937/3283
f 3059/3277 3056/3274 2937/3283
f 2937/3283 3056/3274 2922/3280
f 1322/3368 1362/3368 1313/3352
f 1313/3352 1362/3368 1394/3352
f 1362/3368 1383/3368 1394/3352
f 2106/2787 2303/2787 2237/2786
f 2239/2786 2237/2786 2305/2787
f 2237/2786 2303/2787 2305/2787
f 2305/2787 2303/2787 2125/2782
f 2303/2787 2106/2787 2125/2782
f 2106/2787 2256/2782 2125/2782
f 2365/3253 2125/3253 1910/3266
f 1313/3352 1367/3352 1609/3295
f 1367/3352 1653/3295 1609/3295
f 1609/3295 1653/3295 1899/3266
f 1653/3295 1652/3295 1899/3266
f 1652/3295 1910/3266 1899/3266
f 1910/3266 2125/3253 1899/3266
f 1568/3300 1859/3276 1753/3292
f 1801/3282 1784/3285 1899/3266
f 1784/3285 1753/3292 1899/3266
f 1753/3292 1859/3276 1899/3266
f 1899/3266 1859/3276 1609/3295
f 1609/3295 1859/3276 1313/3352
f 1859/3276 1568/3300 1313/3352
f 1313/3352 1568/3300 1322/3363
f 1322/3363 1568/3300 1566/3303
f 1568/3300 1753/3292 1566/3303
f 1753/3292 1784/3285 1566/3303
f 1784/3285 1801/3282 1566/3303
f 1566/3303 1801/3282 1616/3298
f 1616/3298 1801/3282 1928/3261
f 1801/3282 1899/3266 1928/3261
f 1899/3266 2125/3253 1928/3261
f 1928/3261 2125/3253 2196/3256
f 2125/3253 2256/3253 2196/3256
f 2256/3253 2311/3256 2196/3256
f 2109/3356 2311/3356 2149/3357
f 2257/3357 2149/3357 2195/3356
f 2149/3357 2311/3356 2195/3356
f 1446/2864 1440/2865 1383/2860
f 1440/2865 1378/2858 1383/2860
f 2311/3177 1873/3158 2102/3175
f 1747/3144 2102/3175 1724/3144
f 1724/3144 2102/3175 1733/3146
f 2102/3175 1873/3158 1733/3146
f 2311/3177 1885/3161 1728/3147
f 2195/3356 2311/3361 2257/3357
f 2311/3361 2102/3366 2257/3357
f 1724/3144 1733/3146 1378/3105
f 1378/3105 1733/3146 1381/3106
f 1733/3146 1728/3147 1381/3106
f 1728/3147 1544/3132 1381/3106
f 2134/2764 2314/2742 2121/2764
f 1235/3232 1134/3233 1199/3232
f 1199/3232 1134/3233 1066/3233
f 750/3237 610/3244 732/3237
f 610/3244 448/3244 732/3237
f 682/2727 820/2704 833/2702
f 917/2692 943/2689 833/2700
f 855/2698 943/2689 877/2694
f 1372/3073 954/3093 1211/3081
f 954/3093 877/3119 1211/3081
f 1211/3081 877/3119 1003/3090
f 877/3119 943/3095 1003/3090
f 943/3095 917/3100 1003/3090
f 1003/3090 917/3100 945/3096
f 917/2692 833/2700 945/2690
f 833/2702 820/2704 945/2690
f 945/2690 820/2704 676/2731
f 820/2704 682/2727 676/2731
f 682/2727 673/2730 676/2731
f 644/2741 673/2730 654/2738
f 1440/3074 1432/3073 1378/3074
f 1432/3073 1372/3073 1378/3074
f 1372/3073 1211/3081 1378/3074
f 1211/3081 1003/3090 1378/3074
f 1430/3074 1378/3074 1036/3090
f 1378/3074 1003/3090 1036/3090
f 1003/3090 945/3096 952/3096
f 571/2751 644/2741 391/2751
f 644/2741 654/2738 391/2751
f 391/2751 654/2738 321/2753
f 613/2849 316/2850 476/2849
f 487/2931 337/2929 508/2997
f 508/2790 337/2789 391/2788
f 337/3339 336/3336 391/3338
f 391/3338 336/3336 496/3333
f 336/3336 337/3339 527/3334
f 527/3334 337/3339 443/3340
f 337/2929 487/2931 443/2890
f 521/2900 443/2890 541/2934
f 443/2890 487/2931 541/2934
f 487/2931 508/2997 541/2934
f 2314/2673 2275/2672 2276/2678
f 2276/2678 2275/2672 2219/2677
f 2219/2677 2275/2672 2218/2671
f 2116/2800 2218/2800 2199/2802
f 2218/2800 2275/2801 2199/2802
f 2121/2824 2199/2838 2134/2824
f 2199/2838 2314/2838 2134/2824
f 1924/2807 2275/2801 2218/2800
f 2218/3110 2275/3079 2639/3084
f 2639/3084 2275/3079 2314/3035
f 1715/2863 2134/2824 1909/2862
f 2134/2824 2314/2838 1909/2862
f 1909/2816 1924/2807 1902/2815
f 1902/2815 1924/2807 1900/2814
f 1924/2807 2218/2800 1900/2814
f 2218/3110 2639/3084 2637/3116
f 2637/2854 2639/2896 2640/2903
f 2640/2903 2639/2896 2644/2930
f 2639/3084 2314/3035 2644/3045
f 2314/2742 2134/2764 2644/2765
f 2644/2930 2621/2903 2640/2903
f 2640/2903 2621/2903 2637/2854
f 2637/2854 2621/2903 2601/2854
f 2601/2854 2621/2903 2606/2930
f 2621/2903 2644/2930 2606/2930
f 2644/2765 2134/2764 2121/2764
f 2121/2824 2134/2824 1737/2863
f 2134/2824 1715/2863 1737/2863
f 1715/2952 1683/2907 1737/2947
f 1737/2758 1683/2747 1751/2757
f 1683/2734 1699/2739 1751/2735
f 1699/2739 1749/2740 1751/2735
f 1106/2684 1115/2755 1076/2756
f 1076/2756 1115/2755 1103/2843
f 1115/2755 1199/2842 1103/2843
f 316/3272 328/3269 503/3209
f 503/3209 328/3269 376/3208
f 328/3269 679/3227 376/3208
f 376/3208 679/3227 805/3195
f 679/3227 931/3200 805/3195
f 805/3195 931/3200 1059/3169
f 931/3006 1103/2980 1059/2983
f 1059/2983 1103/2980 1089/2979
f 1103/2980 1199/2980 1089/2979
f 1199/3102 1185/3103 1089/3103
f 1089/3103 1185/3103 1169/3107
f 1169/3107 1185/3103 1272/3107
f 1272/3107 1185/3103 1282/3103
f 1282/3103 1185/3103 1294/3102
f 1185/3103 1199/3102 1294/3102
f 1199/3309 1264/3305 1294/3304
f 1295/3301 1264/3305 1205/3307
f 1205/3307 1264/3305 1164/3310
f 1264/3305 1199/3309 1164/3310
f 1199/2842 1115/2755 1164/2754
f 1164/2754 1115/2755 1205/2683
f 1115/2755 1106/2684 1205/2683
f 991/3271 935/3260 904/3257
f 808/3235 786/3225 904/3257
f 786/3225 870/3250 904/3257
f 904/3257 870/3250 951/3264
f 937/3259 951/3264 818/3236
f 951/3264 870/3250 818/3236
f 870/3250 786/3225 818/3236
f 950/3262 935/3260 1340/3293
f 1340/3293 935/3260 1190/3286
f 935/3260 991/3271 1190/3284
f 1249/3284 1190/3284 1153/3279
f 921/3258 944/3258 1098/3279
f 944/3258 1153/3279 1098/3279
f 1153/3279 1190/3284 1098/3279
f 1190/3284 991/3271 1098/3279
f 991/3271 904/3257 1098/3279
f 904/3257 951/3264 1098/3279
f 951/3264 937/3259 1098/3279
f 1098/3279 937/3259 921/3258
f 937/3259 818/3236 921/3258
f 818/3236 809/3234 921/3258
f 921/3258 809/3234 799/3230
f 809/3317 688/3365 799/3318
f 799/3318 688/3365 667/3371
f 688/3164 678/3162 667/3157
f 678/3162 646/3156 667/3157
f 691/3157 667/3157 603/3143
f 603/3143 667/3157 508/3143
f 667/3157 646/3156 508/3143
f 508/3143 646/3156 460/3141
f 1394/2992 1349/2925 1415/2925
f 1415/2925 1349/2925 1404/2861
f 1404/2861 1349/2925 1344/2861
f 1349/2925 1324/2925 1344/2861
f 1344/3027 1324/3026 1309/3030
f 1309/3030 1324/3026 1313/3029
f 1367/3025 1345/3025 1313/3025
f 1345/3025 1302/3029 1313/3025
f 1324/2925 1349/2925 1313/2992
f 1349/2925 1394/2992 1313/2992
f 1394/3294 1402/3293 1313/3294
f 1402/3293 1340/3293 1313/3294
f 1367/3294 1313/3294 1286/3287
f 1286/3287 1313/3294 1227/3287
f 1313/3294 1340/3293 1227/3287
f 1340/3293 1190/3286 1227/3287
f 948/3063 812/3082 1197/3038
f 804/3159 732/3237 657/3163
f 657/3163 732/3237 448/3244
f 732/3075 744/3070 448/3051
f 1253/3107 940/3087 1169/3107
f 1169/3107 926/3087 1185/3103
f 1185/3103 987/3092 1199/3102
f 972/3091 1066/3097 1199/3102
f 1199/3232 1066/3233 1174/3176
f 1066/3233 942/3191 1174/3176
f 1174/3036 948/3063 1165/3037
f 948/3063 1197/3038 1165/3037
f 674/2803 374/2760 797/2746
f 351/3168 502/3168 523/3244
f 318/3043 453/3043 377/3046
f 453/3043 504/3046 377/3046
f 377/3046 504/3046 316/3051
f 504/3046 505/3046 316/3051
f 316/3051 505/3046 448/3051
f 523/3244 502/3168 448/3244
f 448/2850 375/2761 316/2850
f 375/2761 374/2760 316/2850
f 328/2849 329/2850 476/2849
f 329/2850 316/2850 476/2849
f 316/2850 374/2760 476/2849
f 374/2760 674/2803 476/2849
f 648/2848 620/2849 638/2848
f 620/2849 476/2849 638/2848
f 638/2889 666/2894 655/2898
f 655/2898 666/2894 1045/2923
f 666/2851 638/2848 1045/2831
f 638/2848 476/2849 1045/2831
f 476/2849 674/2803 1045/2831
f 674/2803 797/2746 1045/2831
f 1045/2831 797/2746 1053/2779
f 797/2746 796/2701 1053/2779
f 1053/2779 796/2701 1047/2725
f 796/2701 831/2676 1047/2725
f 831/2676 1070/2670 1047/2725
f 1070/2670 1044/2720 1047/2725
f 1044/2720 1070/2670 1056/2745
f 1070/2670 1088/2752 1056/2745
f 1056/2825 1088/2834 1045/2905
f 1045/2905 1088/2834 1103/2909
f 1497/85 1490/85 2296/110
f 2201/94 2316/94 2259/98
f 2316/124 2201/124 2148/126
f 2148/126 2201/124 2256/126
f 2473/10 2334/10 1779/29
f 2334/10 1744/29 1779/29
f 1779/29 1744/29 1396/58
f 1396/58 1744/29 1344/58
f 1744/29 1540/43 1344/58
f 1344/58 1540/43 1324/59
f 1324/59 1540/43 1539/42
f 1540/43 1744/29 1539/42
f 1539/42 1744/29 1578/39
f 1578/39 1744/29 1799/25
f 1799/25 1744/29 1882/19
f 1744/29 2334/10 1882/19
f 2334/10 2304/9 1882/19
f 1894/15 2259/6 2201/5
f 2259/98 2591/51 2201/94
f 1755/28 1778/28 1475/49
f 2937/47 2451/126 2256/126
f 1778/28 1755/28 2256/7
f 1755/28 1896/16 2256/7
f 1896/16 2201/8 2256/7
f 2201/124 2521/106 2256/126
f 2937/47 2592/78 2934/48
f 2521/106 2589/79 2934/48
f 2914/216 2938/216 2916/215
f 2938/216 2934/217 2916/215
f 2934/217 2734/212 2916/215
f 1598/38 2259/6 1577/38
f 1894/15 2201/5 1822/23
f 2201/8 1896/16 1822/24
f 1896/16 1755/28 1822/24
f 1822/24 1755/28 1600/36
f 1755/28 1475/49 1600/36
f 1600/36 1475/49 1514/45
f 1514/45 1475/49 1371/52
f 1029/1 992/1 1378/22
f 1378/22 992/1 1361/21
f 992/1 1175/14 1361/21
f 1068/120 1050/120 1081/119
f 1001/123 452/166 1050/120
f 452/166 923/133 1050/120
f 1051/120 1050/120 1085/119
f 1050/120 1081/119 1085/119
f 1085/119 1081/119 1155/119
f 1155/119 1081/119 1169/119
f 1169/119 1081/119 1090/109
f 1081/119 1050/120 1090/109
f 1090/109 1050/120 1060/115
f 1050/120 923/133 1060/115
f 1060/115 923/133 805/135
f 923/133 452/166 805/135
f 805/135 452/166 376/163
f 376/163 452/166 503/164
f 503/164 452/166 318/168
f 452/166 1001/123 318/168
f 318/168 1001/123 578/168
f 578/168 1001/123 1048/123
f 1001/123 1050/120 1048/123
f 613/157 476/157 316/155
f 931/191 679/170 1104/198
f 679/170 328/158 1104/198
f 328/158 671/167 1104/198
f 1122/198 1104/198 687/167
f 1104/198 671/167 687/167
f 687/167 671/167 624/157
f 624/157 671/167 476/157
f 671/167 328/158 476/157
f 328/158 316/155 476/157
f 476/157 316/155 446/157
f 446/155 316/155 447/155
f 2937/130 2256/176 2451/176
f 2593/193 2520/199 2311/211
f 2520/199 2593/193 2744/190
f 2744/190 2593/192 2723/189
f 2723/189 2593/192 2922/174
f 2922/129 2733/134 2937/130
f 2524/160 2311/175 2256/176
f 3502/30 3404/27 4429/70
f 2512/159 2508/162 2579/144
f 2579/194 2707/197 2514/187
f 2707/197 2579/194 2622/196
f 2579/144 2508/162 2622/139
f 2902/127 2622/139 2887/128
f 2622/139 2508/162 2887/128
f 2928/128 2887/128 2526/162
f 2887/128 2508/162 2526/162
f 2526/162 2508/162 2365/169
f 2365/169 2508/162 2125/169
f 2508/162 2512/159 2125/169
f 2125/169 2512/159 2196/173
f 2512/159 2579/144 2196/173
f 2579/194 2514/187 2196/177
f 1928/214 1847/210 1616/195
f 1513/91 1509/86 1616/118
f 1616/118 1509/86 1566/107
f 1566/107 1509/86 1322/71
f 932/146 801/161 938/148
f 938/148 801/161 752/172
f 638/35 655/33 666/34
f 1122/13 670/34 1104/13
f 670/34 666/34 1104/13
f 666/34 655/33 1104/13
f 655/33 1045/12 1104/13
f 944/20 921/20 691/31
f 691/31 921/20 667/31
f 921/20 799/41 667/31
f 1900/105 1699/57 1902/104
f 1902/104 1699/57 1825/77
f 1699/57 1707/56 1825/77
f 3404/2403 3502/2411 3011/2412
f 2313/2313 2235/2272 2124/2263
f 1825/2311 1707/2332 1908/2303
f 1707/2332 1715/2333 1908/2303
f 4023/4118 4248/4118 3969/4118
f 3969/4118 4248/4118 3923/4127
f 4248/4118 3858/4127 3923/4127
f 3751/4095 3817/4049 3823/4046
f 3823/4046 3817/4049 3883/4046
f 3817/4049 3874/4049 3883/4046
f 3828/4337 3975/4324 3835/4337
f 3835/4337 3975/4324 4043/4324
f 4585/4317 4043/4324 4278/4317
f 4160/4317 4278/4317 4121/4318
f 4121/4318 4278/4317 4120/4318
f 4278/4317 3975/4324 3823/4338
f 3557/4224 3498/4224 3747/4221
f 3751/4170 3509/4198 3505/4172
f 3509/4198 3498/4224 3505/4172
f 3505/4172 3498/4224 3566/4172
f 3498/4224 3568/4224 3566/4172
f 2063/4110 2006/4111 2089/4111
f 2089/4111 2006/4111 2007/4111
f 2007/4111 2006/4111 1941/4111
f 2023/4120 1941/4111 2006/4120
f 2045/4110 1985/4119 2063/4119
f 1956/4214 2074/4205 1969/4205
f 2008/4154 2018/4155 2103/4155
f 3858/4066 3853/4078 3898/4066
f 1944/4064 2096/4076 2103/4064
f 3964/4026 3994/4024 3927/4026
f 3160/3914 3218/3914 3704/3962
f 3218/3914 3747/3962 3704/3962
f 3830/3818 3831/3819 3810/3815
f 3810/3722 3831/3717 3830/3716
f 3732/3889 3712/3890 3700/3888
f 3712/3890 3694/3880 3700/3888
f 3694/4087 3712/4073 3700/4079
f 3700/3841 3712/3840 3732/3839
f 3479/3830 3454/3829 3439/3825
f 3439/3814 3454/3810 3479/3808
f 3314/3812 3299/3813 3308/3809
f 3308/3807 3299/3806 3314/3805
f 3142/3978 3120/3979 3115/3977
f 3115/3844 3120/3843 3142/3842
f 2860/3823 2841/3820 2933/3816
f 2933/3736 2841/3733 2860/3728
f 2661/3904 2652/3907 2646/3902
f 2646/3712 2652/3696 2661/3705
f 2539/4007 2525/4005 2528/4004
f 2528/3826 2525/3827 2539/3821
f 1148/4176 1163/4180 1087/4180
f 2089/4294 2006/4294 2064/4313
f 2006/4294 2063/4313 2064/4313
f 3734/3761 3432/3744 3620/3753
f 4275/4314 4138/4314 4120/4310
f 4138/4314 3809/4329 4120/4310
f 4225/4266 4120/4273 3823/4267
f 2673/4142 2063/4119 2659/4141
f 2940/4269 3052/4272 2100/4270
f 3052/4272 2677/4289 2100/4270
f 2677/4289 2659/4291 2100/4270
f 2659/4291 2063/4282 2100/4270
f 2100/3729 2063/3745 1790/3730
f 1790/4341 2063/4313 1797/4303
f 1791/4303 1797/4301 1802/4301
f 1802/4301 1797/4301 1809/4301
f 2325/4294 1809/4301 2006/4294
f 1809/4301 1797/4301 2006/4294
f 1797/4303 2063/4313 2006/4294
f 2063/4119 2673/4142 2006/4120
f 2673/4142 2675/4143 2006/4120
f 2006/4120 2675/4143 2353/4120
f 3160/4278 2353/4309 3178/4274
f 2353/3886 2675/3923 3178/3952
f 2675/3960 2673/4003 3178/3961
f 3171/3901 3178/3901 3218/3906
f 3178/3901 3212/3893 3218/3906
f 3212/3905 3425/3933 3218/3906
f 3425/3933 3707/3953 3218/3906
f 3751/3910 3212/3956 3191/3957
f 3212/4104 3178/4097 3191/4096
f 3178/3961 2673/4003 3191/4094
f 2659/4291 2677/4289 3191/4305
f 2677/4289 3052/4272 3191/4305
f 3191/4305 3052/4272 3751/4275
f 3505/4268 3823/4267 3751/4275
f 3823/4267 4120/4273 3751/4275
f 4120/4310 3809/4329 3751/4325
f 3809/4138 3630/4160 3751/4114
f 3751/4114 3630/4160 3212/4161
f 3212/3689 3432/3734 3218/3764
f 3432/3744 3734/3761 3218/3687
f 3734/3761 3621/3749 3218/3687
f 3621/3749 3650/3749 3218/3687
f 3160/3914 3218/3914 3197/3914
f 3197/3687 3218/3687 3242/3687
f 3218/3687 3650/3749 3242/3687
f 3242/3687 3650/3749 3651/3749
f 3651/3749 3650/3749 4396/3780
f 4396/3780 3650/3749 4019/3780
f 3650/3749 3621/3749 4019/3780
f 3621/3749 3734/3761 4019/3780
f 3734/3761 3620/3753 4019/3780
f 3620/3753 3780/3765 4019/3780
f 3780/4284 4049/4290 4019/4250
f 4071/4250 4019/4250 4176/4290
f 4019/4250 4049/4290 4176/4290
f 4176/4328 4275/4314 4045/4314
f 4244/4266 4225/4266 3827/4267
f 4225/4266 3823/4267 3827/4267
f 3827/4267 3823/4267 3494/4268
f 3823/4267 3505/4268 3494/4268
f 3494/4268 3505/4268 2942/4269
f 3505/4268 2929/4269 2942/4269
f 2942/4269 2929/4269 2035/4270
f 2929/4269 2940/4269 2035/4270
f 2940/4269 2100/4270 2035/4270
f 2035/3729 2100/3729 1816/3730
f 2100/3729 1790/3730 1816/3730
f 1790/4341 1797/4303 1816/4341
f 1797/4303 1817/4303 1816/4341
f 2034/4123 1949/4123 1990/4115
f 1990/4115 1949/4123 1968/4115
f 2008/4308 2103/4342 2018/4342
f 1956/3694 2031/3694 2074/3693
f 2031/3694 1969/3693 2074/3693
f 2088/3747 2075/3748 1996/3748
f 1675/3928 1674/3928 1633/3930
f 1674/3928 1648/3930 1633/3930
f 1633/3930 1648/3930 1621/3930
f 4156/3787 3615/3755 3196/3754
f 3584/4262 3214/4248 3219/4253
f 3214/3699 3196/3708 2697/3700
f 2697/3700 3196/3708 2683/3709
f 2683/3695 3196/3754 3186/3711
f 3196/3754 3615/3755 3186/3711
f 3205/4157 3186/4173 4241/4158
f 3186/4173 3615/4191 4241/4158
f 3615/4108 4156/4140 4241/4121
f 4156/4140 4155/4140 4241/4121
f 3113/4036 3101/4034 2033/4035
f 1675/4151 1930/4133 1996/4130
f 2033/3937 1996/3918 2098/3937
f 2098/3937 1996/3918 2075/3918
f 1996/3748 2088/3747 2075/3748
f 2088/4128 1996/4130 2021/4129
f 1996/4130 1930/4133 2021/4129
f 1612/4153 1912/4133 1639/4153
f 1912/4133 1930/4133 1639/4153
f 1930/4133 1675/4151 1639/4153
f 1675/4151 1633/4152 1639/4153
f 1639/4153 1633/4152 1582/4153
f 1582/4153 1633/4152 1579/4152
f 1579/3930 1633/3930 1621/3930
f 1621/3930 1633/3930 1648/3930
f 1648/3930 1633/3930 1674/3928
f 1633/3930 1675/3928 1674/3928
f 1674/3938 1675/3938 2098/3937
f 1675/3938 2033/3937 2098/3937
f 2098/4028 2033/4035 3110/4029
f 2033/4035 3101/4034 3110/4029
f 3110/4029 3101/4034 3822/4030
f 3101/4034 3113/4036 3822/4030
f 3113/4036 3826/4037 3822/4030
f 3822/4030 3826/4037 4220/4031
f 3826/4037 4241/4038 4220/4031
f 4220/4121 4155/4140 4269/4140
f 4269/3787 4155/3787 4187/3833
f 2699/3997 2686/3995 3201/3999
f 2686/3995 3204/3994 3201/3999
f 3201/4070 3204/4059 3588/4080
f 3588/4080 3204/4059 3605/4069
f 3605/4069 3204/4059 3610/4058
f 3204/4059 3173/4059 3610/4058
f 3173/4059 3609/4058 3610/4058
f 3610/4058 3609/4058 4249/4057
f 3609/4058 3575/4058 4249/4057
f 2686/3995 2699/3997 2022/3996
f 2098/4156 2075/4182 2033/4156
f 2033/4156 2075/4182 1996/4182
f 2075/4182 1994/4182 1996/4182
f 1994/4010 1937/4010 1996/4010
f 1937/4010 2022/3996 1996/4010
f 1996/4010 2022/3996 2683/4009
f 2683/4009 2685/4000 3196/4008
f 2685/4000 2699/3997 3196/4008
f 2699/3997 3201/3999 3196/4008
f 3196/4090 3201/4070 3601/4089
f 3201/4070 3588/4080 3601/4089
f 3601/4089 3588/4080 4213/4088
f 3588/4080 3605/4069 4213/4088
f 3605/4069 3610/4058 4213/4088
f 3610/4058 4249/4057 4213/4088
f 4249/4057 4127/4057 4213/4088
f 4127/4057 4087/4088 4213/4088
f 4087/4088 4212/4088 4213/4088
f 4212/3833 4187/3833 4213/3833
f 4187/3833 4155/3787 4213/3833
f 4155/3787 4156/3787 4213/3833
f 4213/3833 4156/3787 3601/3785
f 4156/3787 3196/3754 3601/3785
f 3196/3708 3214/3699 3601/3707
f 3214/3699 3584/3698 3601/3707
f 3601/3707 3584/3698 4213/3706
f 4188/3706 4213/3706 4070/3697
f 4213/3706 3584/3698 4070/3697
f 3584/4229 3219/4240 4070/4201
f 4189/4201 4070/4201 4058/4201
f 4058/4201 4070/4201 4186/4201
f 4126/4190 4186/4201 4145/4190
f 4186/4201 4070/4201 4145/4190
f 2076/4241 2058/4241 1995/4241
f 1975/4241 2030/4212 1995/4241
f 1977/3710 1995/3701 1996/3710
f 1995/3701 2683/3709 1996/3710
f 2683/4195 3186/4173 1996/4182
f 3186/4173 3205/4157 1996/4182
f 3205/4157 2033/4156 1996/4182
f 2033/3937 1675/3938 1996/3918
f 2103/4019 2096/4011 1944/4019
f 1919/3738 1933/3739 2074/3741
f 2706/4206 2681/4206 3194/4207
f 2681/4206 3193/4207 3194/4207
f 3648/4334 3194/4335 3617/4334
f 3194/4335 3193/4335 3617/4334
f 3617/4334 3193/4335 3616/4334
f 3581/4323 3583/4330 3188/4326
f 3583/4330 3616/4334 3188/4326
f 3616/4334 3193/4335 3188/4326
f 3188/4211 3193/4207 2694/4209
f 3193/4207 2681/4206 2694/4209
f 2694/4209 2681/4206 2074/4205
f 2681/4206 2706/4206 2074/4205
f 2074/4205 2706/4206 2342/4205
f 3648/4334 3617/4334 4360/4333
f 4360/4333 3617/4334 4182/4333
f 3617/4334 3616/4334 4182/4333
f 3616/4334 3583/4330 4182/4333
f 3583/4330 3581/4323 4182/4333
f 4265/4319 4182/4333 4145/4319
f 4182/4333 3581/4323 4145/4319
f 4145/4319 3581/4323 3590/4320
f 3590/4320 3581/4323 3223/4321
f 3581/4323 3188/4326 3223/4321
f 2694/4209 2074/4205 1956/4214
f 1956/3694 2074/3693 1655/3751
f 2074/3693 1628/3750 1655/3751
f 1655/3751 1628/3750 1179/3782
f 1287/3781 1281/3782 1188/3781
f 1281/3782 1179/3782 1188/3781
f 1935/3719 1267/3781 1919/3719
f 1267/3781 1188/3781 1919/3719
f 1188/3781 1179/3782 1919/3719
f 1179/3782 1628/3750 1919/3719
f 1628/3750 2074/3693 1919/3719
f 2074/3720 1933/3723 1919/3731
f 1633/3930 1690/3930 1661/3931
f 2076/3790 1995/3790 1976/3790
f 1974/3790 1995/3790 1956/3817
f 1173/4312 1179/4312 1658/4311
f 1730/4311 1709/4311 1661/4311
f 1709/4311 1658/4311 1661/4311
f 1658/4311 1179/4312 1661/4311
f 1179/4312 1655/4300 1661/4311
f 1655/3789 1956/3817 1661/3767
f 1956/3817 1995/3790 1661/3767
f 1633/3930 1661/3931 1675/3928
f 1675/3928 1661/3931 1996/3897
f 1661/3931 1995/3898 1996/3897
f 1996/3748 1995/3746 2088/3747
f 2034/4168 1990/4169 1968/4169
f 1968/3850 1990/3850 2087/3850
f 2086/3850 2087/3850 1990/3855
f 1927/3990 1990/3988 1934/3987
f 1990/3988 2020/3983 1934/3987
f 2187/3858 1933/3858 1990/3858
f 1933/3858 1915/3858 1990/3858
f 2020/4016 1990/4017 1934/4018
f 1990/3874 1927/3882 1934/3879
f 1868/3982 1837/3981 1834/3980
f 1834/3859 1837/3860 1868/3851
f 1632/3875 1665/3868 1689/3865
f 1689/3718 1665/3715 1632/3703
f 1525/4074 1529/4075 1511/4071
f 1511/3838 1529/3837 1525/3836
f 1499/3966 1505/3967 1515/3964
f 1505/3853 1499/3852 1515/3856
f 1529/3871 1511/3867 1505/3864
f 1505/4107 1511/4103 1515/4106
f 1511/4067 1529/4068 1515/4063
f 1529/3861 1505/3853 1515/3856
f 1320/4101 1296/4093 1252/4092
f 1252/3866 1296/3862 1320/3854
f 3162/3945 3176/3945 3927/3895
f 3176/4145 3558/4131 3927/4109
f 3927/4109 3558/4131 3965/4122
f 3965/4122 3558/4131 3177/4146
f 3558/4131 3176/4145 3177/4146
f 3177/3849 3176/3849 2221/3935
f 3176/3849 3162/3849 2221/3935
f 3162/3849 2091/3935 2221/3935
f 2221/3797 2091/3797 1796/3770
f 2091/3797 1783/3770 1796/3770
f 1021/3769 1075/3769 1771/3713
f 1075/3769 1796/3713 1771/3713
f 1796/3799 1783/3799 1771/3798
f 1783/3799 1651/3786 1771/3798
f 4023/3942 3923/3947 4248/3946
f 4248/3946 3923/3947 3858/3947
f 2015/3691 1943/3691 2044/3740
f 1943/3691 1965/3740 2044/3740
f 2044/4236 1965/4236 2004/4271
f 1939/3801 2012/3801 2093/3846
f 2096/4263 1945/4264 2018/4264
f 1945/4264 1946/4264 2018/4264
f 1946/4264 2019/4264 2018/4264
f 2019/4264 2093/4264 2018/4264
f 2018/3846 2093/3846 2011/3801
f 2093/3846 2012/3801 2011/3801
f 2011/4081 2012/4081 2091/3989
f 2012/4081 1939/4081 2091/3989
f 1939/4081 2004/3989 2091/3989
f 2091/4271 2004/4271 2059/4236
f 2004/4271 1965/4236 2059/4236
f 1965/3740 1943/3691 2059/3740
f 3964/3726 3927/3726 3994/3724
f 2059/3971 1965/3971 2091/4105
f 2011/3959 2012/3959 2018/3958
f 2096/4148 2018/4147 1945/4147
f 1946/4147 1945/4147 2019/4147
f 1945/4147 2018/4147 2019/4147
f 2019/3958 2018/3958 2093/3958
f 2093/3958 2018/3958 1939/3959
f 2018/3958 2012/3959 1939/3959
f 1939/3795 2012/3795 2004/3797
f 2012/3795 2011/3795 2004/3797
f 2011/3795 2091/3797 2004/3797
f 2004/4105 2091/4105 2044/3971
f 2091/4105 1965/3971 2044/3971
f 2044/3951 1965/3951 2015/4032
f 1965/3951 2059/3951 2015/4032
f 2059/3951 1943/4032 2015/4032
f 2572/3783 2752/3803 2747/3791
f 3618/3950 3253/3917 4046/3975
f 4046/3975 3253/3917 3612/3944
f 3612/3944 3253/3917 3246/3912
f 2572/3783 2548/3778 2475/3776
f 2548/3778 2629/3779 2475/3776
f 2629/3779 2533/3775 2475/3776
f 1437/3811 1562/3835 1769/3863
f 1594/3974 1426/4014 1123/4045
f 1123/4045 1426/4014 1109/4056
f 1426/4014 1562/3986 1109/4056
f 1562/3835 1437/3811 1109/3794
f 1109/3792 1437/3834 1151/3884
f 1437/4286 1769/4292 1151/4255
f 1769/4292 1895/4277 1151/4255
f 1151/4255 1895/4277 1166/4255
f 1166/4255 1895/4277 1905/4277
f 1895/4277 2004/4283 1905/4277
f 4223/3991 3269/3926 3243/3926
f 3269/3932 3114/3921 3243/3932
f 3114/3921 3082/3921 3243/3932
f 3243/3932 3082/3921 3081/3924
f 3082/3921 2873/3913 3081/3924
f 2873/3900 2747/3872 3081/3915
f 3081/3915 3038/3911 3243/3926
f 3038/3911 3210/3916 3243/3926
f 3210/3916 3619/3948 3243/3926
f 3619/3948 3964/3984 3243/3926
f 3243/3926 3964/3984 4223/3991
f 3618/3950 4046/3975 4223/3991
f 4046/3975 4783/3975 4223/3991
f 3744/4006 3065/3939 3047/3939
f 3047/3939 3065/3939 1990/3858
f 1320/4171 1508/4150 1629/4144
f 2599/4189 2953/4202 2932/4203
f 2953/4254 3267/4244 2932/4265
f 2932/4265 3267/4244 3539/4222
f 3267/4244 3292/4243 3539/4222
f 3539/4204 3292/4226 3357/4213
f 3431/4208 3565/4199 3744/4192
f 3565/4167 3434/4149 3744/4179
f 3744/4179 3434/4149 3692/4174
f 1102/4181 1414/4166 1111/4177
f 1414/4166 1447/4163 1111/4177
f 1447/4163 1435/4162 1111/4177
f 1111/4177 1435/4162 1148/4176
f 1435/4162 1470/4159 1148/4176
f 1470/4159 1508/4150 1148/4176
f 1508/4150 1320/4171 1148/4176
f 1320/3892 1620/3920 1148/3870
f 1148/3870 1620/3920 1647/3920
f 1647/3832 1620/3832 1990/3784
f 1620/3832 1320/3894 1990/3784
f 1320/4171 1629/4144 1990/4115
f 1629/4144 1918/4126 1990/4115
f 1918/4126 2034/4123 1990/4115
f 2034/4168 2599/4189 1990/4169
f 2599/4189 2932/4203 1990/4169
f 1990/3858 2932/3934 3047/3939
f 3047/3939 2932/3934 3744/4006
f 2932/3934 3539/3976 3744/4006
f 3539/4204 3357/4213 3744/4193
f 3357/4213 3417/4210 3744/4193
f 3417/4210 3431/4208 3744/4193
f 3744/4179 3692/4174 3830/4188
f 3692/4174 3713/4175 3830/4188
f 3830/4188 3713/4175 3763/4183
f 4772/3877 4267/3877 4223/3941
f 4267/3877 3792/3925 4223/3941
f 4223/4288 3377/4315 3243/4340
f 3377/4315 3365/4316 3243/4340
f 3365/4316 3291/4327 3243/4340
f 3243/4235 3291/4233 3081/4245
f 3291/4233 3277/4234 3081/4245
f 3277/4234 3260/4238 3081/4245
f 3260/4238 3183/4247 3081/4245
f 2821/4200 2562/4186 3081/4220
f 4223/4288 3243/4340 3269/4340
f 3269/4235 3243/4235 3114/4245
f 3243/4235 3081/4245 3114/4245
f 2004/4281 1895/4280 1904/4280
f 1166/4279 1895/4280 1151/4279
f 1895/4280 1567/4251 1151/4279
f 1567/4251 1102/4228 1151/4279
f 1151/4279 1102/4228 1126/4227
f 1126/4184 1102/4181 1087/4180
f 1102/4181 1111/4177 1087/4180
f 1111/4177 1148/4176 1087/4180
f 1087/4180 1148/4176 1112/4180
f 1112/4180 1148/4176 1144/4176
f 1144/4176 1148/4176 1213/4176
f 1213/3870 1148/3870 1229/3870
f 1148/3870 1647/3920 1229/3870
f 1229/3870 1647/3920 1673/3920
f 1673/3832 1647/3832 2187/3784
f 1647/3832 1990/3784 2187/3784
f 1990/3858 3065/3939 2187/3858
f 2187/3858 3065/3939 3080/3939
f 3080/3939 3065/3939 3757/4006
f 3065/3939 3744/4006 3757/4006
f 3744/3737 3830/3743 3757/3737
f 3757/3737 3830/3743 3875/3743
f 4661/4197 3875/4188 4068/4197
f 3875/4188 3830/4188 4068/4197
f 3830/4188 3763/4183 4068/4197
f 3763/4183 3794/4187 4068/4197
f 3794/4187 4267/4196 4068/4197
f 4267/4196 4772/4196 4068/4197
f 4068/4197 4772/4196 4796/4197
f 4796/4197 4772/4196 4920/4196
f 4920/3877 4772/3877 4888/3941
f 4772/3877 4223/3941 4888/3941
f 4223/3991 4783/3975 4888/3991
f 4898/3969 4783/3975 4242/3969
f 4783/3975 4046/3975 4242/3969
f 4046/3975 3612/3944 4242/3969
f 3612/3944 3246/3912 4242/3969
f 3246/3912 3259/3912 4242/3969
f 4459/3969 4242/3969 3255/3912
f 4242/3969 3259/3912 3255/3912
f 3246/3878 2475/3776 2495/3776
f 2475/3721 2015/3692 2328/3692
f 2015/3943 1679/3970 1731/3970
f 1731/3970 1679/3970 1132/4048
f 1132/4048 1679/3970 1095/4048
f 1679/3970 1595/3972 1095/4048
f 1595/3972 1123/4045 1095/4048
f 1095/4048 1123/4045 1086/4062
f 1123/4045 1109/4056 1086/4062
f 1109/3792 1151/3884 1086/3788
f 3946/4257 3927/4259 3911/4257
f 4242/4098 3956/4082 4011/4082
f 4011/4082 3956/4082 3988/4083
f 3988/4083 3956/4082 3911/4083
f 3911/4083 3956/4082 3926/4082
f 3926/4082 3956/4082 3948/4084
f 3956/4082 4242/4084 3948/4084
f 4171/4099 3980/4091 4117/4098
f 4741/4098 4117/4098 3998/4084
f 3998/4084 4117/4098 3948/4084
f 4117/4098 3980/4091 3948/4084
f 3980/4091 3926/4085 3948/4084
f 4722/3845 4018/3848 4103/3845
f 4103/3845 4018/3848 3927/3848
f 4018/4086 3965/4086 3927/4086
f 3965/4086 3944/4086 3927/4086
f 3944/4086 3920/4083 3927/4086
f 3920/4083 3911/4083 3927/4086
f 3911/4083 3926/4085 3927/4086
f 3926/4085 3980/4091 3927/4086
f 3927/3848 3980/3847 4103/3845
f 3980/4091 4171/4099 4103/4100
f 4171/4099 4172/4099 4103/4100
f 4172/4099 4046/4099 4103/4100
f 3929/4307 3995/4302 3923/4304
f 3923/4304 3995/4302 4234/4297
f 4234/4242 3995/4239 4103/4261
f 3995/4239 3929/4237 4103/4261
f 4722/4261 4103/4261 4018/4259
f 4103/4261 3927/4259 4018/4259
f 4018/4259 3927/4259 3965/4259
f 3965/4259 3927/4259 3944/4259
f 3920/4257 3944/4259 3911/4257
f 3944/4259 3927/4259 3911/4257
f 3927/4259 4103/4261 3911/4257
f 4103/4261 3929/4237 3911/4257
f 3911/4257 3929/4237 3968/4257
f 3968/4257 3929/4237 3996/4237
f 3996/4307 3929/4307 4023/4306
f 3929/4307 3923/4306 4023/4306
f 4023/4306 3923/4306 4001/4306
f 4001/3993 3923/3993 3924/3993
f 3924/3993 3923/3993 3884/3993
f 3884/3993 3923/3993 3853/3985
f 1771/3713 1651/3735 1021/3769
f 1651/3735 1026/3768 1021/3769
f 1419/3968 1571/3954 1574/4033
f 1574/4033 1571/3954 1827/3998
f 1827/3998 1571/3954 2059/3971
f 1571/3954 1839/3940 2059/3971
f 2671/3772 2059/3740 3169/3802
f 2059/3740 2665/3759 3169/3802
f 2665/3759 3155/3777 3169/3802
f 3155/3857 3550/3828 3169/3773
f 3540/3758 3169/3773 3941/3796
f 3169/3773 3550/3828 3941/3796
f 3941/3796 3550/3828 3952/3899
f 3550/3828 3155/3857 3952/3899
f 3155/3857 3471/3883 3952/3899
f 3952/3899 3471/3883 3484/3891
f 3484/3824 3471/3822 3049/3896
f 3471/3822 3155/3876 3049/3896
f 3049/3771 3155/3777 1943/3691
f 3155/3777 2665/3759 1943/3691
f 2665/3759 2059/3740 1943/3691
f 2059/3951 1839/3992 1943/4032
f 1586/4102 1943/4032 1576/4102
f 1943/4032 1839/3992 1576/4102
f 1839/3940 1571/3954 1576/3908
f 1576/3908 1571/3954 1410/3922
f 1410/3922 1571/3954 1015/3936
f 1571/3954 1419/3968 1015/3936
f 1038/4194 1015/4194 1021/4246
f 1015/4194 1419/4232 1021/4246
f 1419/4232 1574/4256 1021/4246
f 1021/3963 1574/4027 1676/4044
f 1021/3963 1676/4044 1075/3963
f 1075/3963 1676/4044 1713/4044
f 2221/4185 3176/4231 3177/4231
f 3177/3714 3176/3714 3965/3742
f 3965/3742 3176/3714 3927/3742
f 3927/3742 3176/3714 3162/3714
f 3162/4231 3176/4231 2091/4185
f 3176/4231 2221/4185 2091/4185
f 2221/3919 1713/3949 2091/3919
f 1713/3949 1676/3949 2091/3919
f 1676/3949 1574/3955 2091/3919
f 1574/4033 1827/3998 2091/4105
f 1827/3998 2059/3971 2091/4105
f 2059/4236 2671/4230 2091/4271
f 2091/4185 2671/4225 3162/4231
f 2671/4225 3169/4260 3162/4231
f 3169/3773 3540/3758 3162/3714
f 3465/4139 3135/4164 3130/4165
f 2676/3973 3152/3965 2011/4081
f 3152/3965 2664/4043 2011/4081
f 2011/3801 2664/3873 2018/3846
f 3130/4065 2096/4076 3112/4072
f 3112/4072 2096/4076 3128/4077
f 2096/4263 2018/4264 3128/4218
f 3128/4218 2018/4264 3119/4219
f 3119/4219 2018/4264 3154/4215
f 2018/3774 2664/3766 3154/3732
f 2664/3766 3152/3760 3154/3732
f 3154/3732 3152/3760 3529/3690
f 3529/3762 3152/3804 3929/3752
f 3929/3752 3152/3804 3546/3793
f 3546/3793 3152/3804 3162/3849
f 3152/3804 2676/3885 3162/3849
f 3162/3849 2676/3885 2091/3935
f 2676/3973 2011/4081 2091/3989
f 1783/3770 2091/3797 1651/3763
f 2091/3797 1580/3757 1651/3763
f 1651/3763 1580/3757 1026/3704
f 1042/3688 1026/3704 1024/3688
f 1026/3704 1580/3757 1024/3688
f 1024/3688 1580/3757 1575/3756
f 1580/3757 2091/3797 1575/3756
f 2091/3797 2011/3795 1575/3756
f 1575/3929 2011/3959 1581/3927
f 2011/3959 2018/3958 1581/3927
f 1581/4285 2018/4258 1548/4287
f 2018/4147 2096/4148 1548/4132
f 1548/4132 2096/4148 1553/4134
f 1555/4020 1561/4015 2103/4019
f 1561/4015 1553/4012 2103/4019
f 1553/4012 2096/4011 2103/4019
f 2096/4076 3130/4065 2103/4064
f 3130/4125 3135/4124 2103/4155
f 2103/4155 3135/4124 2656/4137
f 4041/4117 4154/4117 4248/4118
f 4154/4117 3600/4135 4248/4118
f 3600/4135 3567/4136 4248/4118
f 3567/4136 3465/4139 4248/4118
f 4248/4118 3465/4139 3858/4127
f 3465/4139 3130/4165 3858/4127
f 3130/4065 3112/4072 3858/4066
f 3112/4072 3128/4077 3858/4066
f 3858/4066 3128/4077 3853/4078
f 3128/4218 3119/4219 3853/4178
f 3119/4219 3154/4215 3853/4178
f 3924/4252 3853/4252 3949/4249
f 3949/4249 3853/4252 3969/4249
f 3853/4252 3154/4293 3969/4249
f 3154/4295 3529/4322 3969/4339
f 3529/3762 3929/3752 3969/3702
f 3929/4025 3967/4023 3969/4022
f 3967/4023 4093/4023 3969/4022
f 3949/4022 3969/4022 4110/4022
f 4110/4022 3969/4022 4301/4022
f 3969/4022 4093/4023 4301/4022
f 4301/4022 4093/4023 4297/4023
f 4297/4023 4093/4023 4418/4024
f 3927/4026 3943/4026 3994/4024
f 3943/4026 3988/4024 3994/4024
f 3988/4024 4202/4024 3994/4024
f 4202/4024 4418/4024 3994/4024
f 4418/4024 4093/4023 3994/4024
f 4093/4023 3967/4023 3994/4024
f 3967/4023 3929/4025 3994/4024
f 3994/4024 3929/4025 3927/4026
f 3929/3831 3546/3909 3927/3895
f 3546/3909 3162/3945 3927/3895
f 3162/3714 3540/3758 3927/3742
f 3540/3758 3941/3796 3927/3742
f 3927/3726 3941/3727 3994/3724
f 3941/3727 3956/3725 3994/3724
f 3956/3725 4046/3725 3994/3724
f 3931/3726 3927/3726 3968/3724
f 3927/3726 3994/3724 3968/3724
f 3968/3724 3994/3724 4104/3724
f 4104/3724 3994/3724 4418/3724
f 3994/3724 4046/3725 4418/3724
f 4418/3724 4046/3725 4335/3725
f 4335/3800 4046/3800 4242/3903
f 4242/3903 4046/3800 3948/3903
f 4046/3800 3956/3800 3948/3903
f 3956/3800 3941/3796 3948/3903
f 3941/3796 3952/3899 3948/3903
f 3952/3899 3484/3891 3948/3903
f 3484/3891 3510/3891 3948/3903
f 3998/3903 3948/3903 3510/3891
f 3510/3824 3484/3824 3083/3896
f 3484/3824 3049/3896 3083/3896
f 3083/3771 3049/3771 2233/3691
f 3049/3771 1943/3691 2233/3691
f 2233/4032 1943/4032 1605/4102
f 1943/4032 1586/4102 1605/4102
f 1605/3908 1586/3908 1043/3869
f 1586/3908 1576/3908 1043/3869
f 1043/3869 1576/3908 1025/3869
f 1576/3908 1410/3922 1025/3869
f 1410/3922 1015/3936 1025/3869
f 1015/3936 1038/3936 1025/3869
f 1025/4048 1038/4062 1095/4048
f 1193/4048 1095/4048 1180/4062
f 1095/4048 1160/4062 1180/4062
f 1180/3788 1160/3788 1251/3884
f 1251/4279 1158/4227 1204/4227
f 1204/4184 1158/4184 1182/4180
f 1182/4180 1158/4184 1087/4180
f 1087/4180 1158/4184 1126/4184
f 1126/4227 1158/4227 1151/4279
f 1158/4227 1251/4279 1151/4279
f 1151/3884 1251/3884 1086/3788
f 1251/3884 1160/3788 1086/3788
f 1160/4062 1095/4048 1086/4062
f 1095/4048 1038/4062 1086/4062
f 1086/4194 1038/4194 1092/4246
f 1038/4194 1021/4246 1092/4246
f 1021/3769 1026/3768 1092/3769
f 1092/3769 1026/3768 1096/3768
f 1026/3704 1042/3688 1096/3704
f 1096/3704 1042/3688 1094/3688
f 1094/3887 1042/3887 1078/3881
f 1078/3881 1042/3887 1010/3881
f 1042/3887 1024/3887 1010/3881
f 1024/3887 1575/3929 1010/3881
f 1575/3929 1581/3927 1010/3881
f 1581/4285 1548/4287 1010/4299
f 1078/3881 1010/3881 1063/3881
f 1063/4112 1010/4112 1032/4112
f 1032/4112 1010/4112 990/4113
f 990/4113 1010/4112 982/4113
f 1010/4112 1548/4132 982/4113
f 1548/4132 1553/4134 982/4113
f 1553/4012 1561/4015 982/4013
f 1561/4015 1555/4020 982/4013
f 982/4013 1555/4020 973/4021
f 973/4276 1555/4298 2008/4308
f 1555/4298 2103/4342 2008/4308
f 2103/4155 2656/4137 2008/4154
f 3099/4041 3107/4047 2008/4042
f 988/3881 973/3881 1010/3881
f 973/3881 1121/3881 1010/3881
f 1010/3881 1121/3881 1078/3881
f 1078/4216 1121/4223 2000/4217
f 1121/4332 2008/4331 2000/4336
f 2000/4053 2008/4042 3107/4052
f 3107/4047 3099/4041 3820/4051
f 3099/4041 3812/4040 3820/4051
f 3820/4051 3812/4040 4178/4050
f 3812/4040 4063/4039 4178/4050
f 4063/4116 4041/4117 4178/4116
f 4178/4116 4041/4117 4268/4117
f 4268/4117 4041/4117 4023/4118
f 4041/4117 4248/4118 4023/4118
f 4023/3942 4248/3946 4109/3942
f 4109/3942 4248/3946 4035/3942
f 4248/3946 3858/3947 4035/3942
f 4035/4060 3858/4061 4124/4054
f 3858/4061 3853/4055 4124/4054
f 4023/3942 4247/3942 4109/3942
f 4247/3942 4125/3942 4109/3942
f 4125/4001 4124/4002 4109/4001
f 4124/4002 3853/3985 4109/4001
f 3853/3985 3923/3993 4109/4001
f 3923/4304 4234/4297 4109/4296
f 4234/4297 4092/4297 4109/4296
f 4023/4296 4109/4296 4093/4297
f 4109/4296 4092/4297 4093/4297
f 4093/4242 4092/4242 4223/4261
f 4092/4242 4234/4242 4223/4261
f 4234/4242 4103/4261 4223/4261
f 4103/4100 4046/4099 4223/4100
f 4046/3975 4148/3975 4223/3991
f 4267/4196 4132/4196 4068/4197
f 4182/4197 4068/4197 4133/4196
f 4068/4197 4132/4196 4133/4196
f 4132/3877 4267/3877 4203/3941
f 4267/3877 4223/3941 4203/3941
f 4203/3991 4223/3991 4149/3975
f 4223/3991 4148/3975 4149/3975
f 4148/3975 4046/3975 4101/3969
f 4101/3969 4046/3975 4242/3969
f 4046/4099 4172/4099 4242/4098
f 4172/4099 4171/4099 4242/4098
f 4171/4099 4117/4098 4242/4098
f 459/6784 347/6784 338/6785
f 338/6785 347/6784 494/6785
f 347/6784 205/6823 494/6785
f 614/6785 494/6785 299/6833
f 201/6833 243/6833 211/6833
f 243/6833 299/6833 211/6833
f 299/6833 494/6785 211/6833
f 494/6785 205/6823 211/6833
f 135/7010 211/7010 136/7010
f 136/7046 211/7046 210/7046
f 210/7046 211/7046 237/7046
f 585/7015 237/7046 440/7015
f 237/7046 211/7046 440/7015
f 211/7046 205/7052 440/7015
f 205/7052 379/7016 440/7015
f 379/7016 366/7016 440/7015
f 366/7016 425/7015 440/7015
f 492/6614 493/6614 456/6613
f 441/6613 456/6613 320/6614
f 456/6613 493/6614 320/6614
f 87/6861 90/6853 135/6834
f 135/6807 90/6794 87/6788
f 155/7191 139/7206 105/7191
f 139/7206 168/7207 105/7191
f 187/7436 105/7436 211/7420
f 105/7436 168/7424 211/7420
f 168/6998 139/6988 211/7010
f 114/6976 55/7038 124/6977
f 124/6977 55/7038 41/7039
f 55/7038 174/7085 41/7039
f 174/7085 160/7086 41/7039
f 192/7982 179/7981 20/8047
f 179/7981 24/8046 20/8047
f 116/7135 20/7067 119/7134
f 20/7067 24/7066 119/7134
f 106/6786 46/6842 109/6787
f 109/6787 46/6842 53/6843
f 46/6842 180/6891 53/6843
f 111/7190 31/7137 100/7189
f 100/7189 31/7137 35/7136
f 31/7137 176/7084 35/7136
f 241/7476 223/7487 171/7496
f 27/6783 67/6961 13/6952
f 13/6952 67/6961 36/7208
f 36/6808 67/7123 69/6789
f 4/7835 33/7835 75/7835
f 8/7508 1/7507 2/7523
f 74/6602 3/6585 26/6585
f 454/7170 363/7169 284/7176
f 118/7669 107/7668 60/7723
f 107/7668 25/7722 60/7723
f 118/7656 60/7604 107/7655
f 107/7655 60/7604 25/7603
f 60/7429 177/7402 25/7428
f 177/7402 167/7401 25/7428
f 45/7836 69/7829 33/7835
f 161/6827 169/6828 45/6790
f 169/6828 28/6791 45/6790
f 157/7432 39/7463 173/7433
f 173/7433 39/7463 34/7464
f 39/7327 102/7378 34/7328
f 185/7601 89/7626 158/7602
f 19/7363 40/7725 74/7332
f 596/6499 284/6499 197/6499
f 197/6499 284/6499 164/6499
f 587/7106 220/7156 451/7106
f 157/7370 483/7337 173/7369
f 173/7532 483/7611 433/7421
f 169/7771 428/7724 161/7770
f 161/7657 428/7694 343/7691
f 177/6969 167/6951 343/6987
f 343/7333 167/7364 25/7408
f 167/6951 177/6969 25/6914
f 25/6914 177/6969 60/6925
f 60/7163 177/7117 326/7097
f 177/7594 343/7672 326/7546
f 461/7495 174/7555 402/7486
f 174/7555 160/7538 402/7486
f 192/6926 179/6918 325/6962
f 325/7931 180/7889 352/7936
f 587/7458 451/7458 525/7451
f 525/7451 451/7458 241/7451
f 451/7458 479/7466 241/7451
f 223/7443 241/7451 171/7435
f 241/7451 479/7466 171/7435
f 171/7435 479/7466 36/7430
f 36/7430 479/7466 35/7474
f 479/7466 478/7556 35/7474
f 478/7411 176/7437 35/7468
f 111/7908 100/7909 31/7847
f 100/7909 35/7848 31/7847
f 35/7940 176/8000 31/7941
f 176/8000 478/8049 31/7941
f 478/8049 445/8050 31/7941
f 445/8050 352/8051 31/7941
f 31/7941 352/8051 53/7942
f 352/8051 180/8001 53/7942
f 106/7976 109/7977 46/7914
f 109/7977 53/7915 46/7914
f 53/7942 180/8001 46/7943
f 180/7889 325/7931 46/7850
f 325/6792 179/6869 46/6963
f 46/8122 179/8048 24/8121
f 179/6918 192/6926 24/6892
f 116/7199 119/7200 20/7148
f 119/7200 24/7149 20/7148
f 24/6868 192/6926 20/6893
f 192/6926 325/6962 20/6893
f 20/6893 325/6962 41/6909
f 325/6962 402/6978 41/6909
f 402/6970 160/7011 41/7053
f 160/7538 174/7555 41/7582
f 114/6997 124/6996 55/7060
f 124/6996 41/7059 55/7060
f 41/7582 174/7555 55/7593
f 174/7431 461/7453 55/7403
f 55/8099 461/8110 27/8009
f 461/8110 426/8010 27/8009
f 442/6628 193/6692 431/6629
f 431/6629 193/6692 27/6742
f 193/6692 30/6741 27/6742
f 27/6758 30/6757 67/6776
f 67/6776 30/6757 69/6775
f 69/6775 30/6757 33/6756
f 30/6741 193/6692 33/6740
f 69/6894 33/6903 86/6903
f 575/6627 216/6740 454/6627
f 216/6740 164/6740 454/6627
f 164/6740 86/6740 454/6627
f 86/6740 33/6740 454/6627
f 33/6740 193/6692 454/6627
f 193/6692 442/6628 454/6627
f 442/6628 353/6628 454/6627
f 363/7169 454/7168 284/7176
f 454/6509 491/6510 284/6499
f 284/6499 491/6510 137/6465
f 137/6465 491/6510 348/6511
f 491/6510 403/6510 348/6511
f 113/6558 120/6559 200/6538
f 200/6538 120/6559 115/6560
f 120/7262 206/7285 115/7263
f 135/6568 142/6567 131/6571
f 392/6376 214/6393 437/6377
f 214/6393 131/6417 437/6377
f 437/6377 131/6417 115/6418
f 115/6367 142/6361 225/6324
f 142/6361 135/6362 225/6324
f 494/6257 424/6256 488/6257
f 424/6256 225/6324 488/6257
f 225/6324 135/6362 488/6257
f 555/6257 488/6257 222/6362
f 488/6257 135/6362 222/6362
f 239/7010 222/7010 211/7010
f 222/7010 135/7010 211/7010
f 195/7010 211/7010 139/6988
f 211/7010 135/7010 139/6988
f 135/6568 131/6571 139/6578
f 131/6417 214/6393 139/6410
f 214/6393 392/6376 139/6410
f 591/6370 222/6410 456/6370
f 222/6410 139/6410 456/6370
f 139/6410 392/6376 456/6370
f 456/6613 392/6620 492/6614
f 437/7305 115/7263 371/7304
f 115/7263 206/7285 371/7304
f 415/7216 113/7257 215/7257
f 215/6558 113/6558 358/6519
f 358/6519 200/6538 334/6520
f 334/6520 200/6538 471/6521
f 200/6538 115/6560 471/6521
f 115/6367 225/6324 471/6255
f 225/6324 424/6256 471/6255
f 471/6521 319/6521 334/6520
f 358/6519 348/6519 334/6520
f 348/6519 403/6520 334/6520
f 334/6520 403/6520 471/6521
f 471/6627 454/6627 457/6628
f 454/6627 353/6628 457/6628
f 457/6628 353/6628 450/6629
f 353/6628 442/6628 450/6629
f 442/6628 431/6629 450/6629
f 450/7068 431/7068 359/7068
f 359/7068 431/7068 462/7068
f 462/7068 431/7068 360/7068
f 360/7068 431/7068 333/7041
f 431/7068 27/7164 333/7041
f 340/8069 333/8100 432/8069
f 333/8100 27/8101 432/8069
f 431/7849 432/7849 426/7999
f 426/7999 432/7849 365/7999
f 432/7849 27/7881 365/7999
f 355/7869 365/7869 444/7851
f 365/7869 27/7852 444/7851
f 27/7329 426/7368 444/7391
f 444/7391 426/7368 356/7368
f 357/7368 356/7368 346/7368
f 356/7368 426/7368 346/7368
f 346/8010 426/8010 417/8010
f 417/8010 426/8010 449/8110
f 426/8010 461/8110 449/8110
f 449/7495 461/7495 317/7486
f 461/7495 402/7486 317/7486
f 317/6978 402/6978 481/6962
f 402/6978 325/6962 481/6962
f 481/7931 325/7931 344/7936
f 325/7931 352/7936 344/7936
f 344/8051 352/8051 427/8050
f 352/8051 445/8050 427/8050
f 427/8050 445/8050 465/8049
f 445/8050 478/8049 465/8049
f 465/7556 478/7556 362/7466
f 478/7556 479/7466 362/7466
f 362/7466 479/7466 436/7458
f 479/7466 451/7458 436/7458
f 436/7106 451/7106 482/7097
f 451/7106 326/7097 482/7097
f 482/7546 326/7546 335/7672
f 326/7546 343/7672 335/7672
f 335/7691 343/7691 419/7694
f 343/7691 428/7694 419/7694
f 419/7724 428/7724 420/7711
f 428/7724 433/7711 420/7711
f 420/7421 433/7421 472/7611
f 433/7421 483/7611 472/7611
f 472/7337 483/7337 339/7330
f 339/7330 483/7337 345/7330
f 604/7330 345/7330 217/7362
f 217/7362 345/7330 185/7362
f 89/7392 185/7362 158/7361
f 185/7362 345/7330 158/7361
f 345/7330 483/7337 158/7361
f 158/7361 483/7337 19/7407
f 19/7407 483/7337 39/7409
f 483/7337 157/7370 39/7409
f 157/7370 173/7369 39/7409
f 102/7658 39/7712 34/7713
f 39/7409 173/7369 34/7415
f 173/7737 433/7711 34/7785
f 34/7785 433/7711 54/7800
f 54/7800 433/7711 29/7808
f 29/7808 433/7711 28/7815
f 433/7711 428/7724 28/7815
f 428/7724 169/7771 28/7815
f 169/7771 161/7770 28/7815
f 28/7815 161/7770 45/7821
f 161/7657 343/7691 45/7616
f 343/7691 25/7617 45/7616
f 45/7331 25/7425 69/7627
f 25/7425 60/7475 69/7627
f 69/7627 60/7475 22/7590
f 60/7163 326/7097 22/7181
f 22/7181 326/7097 163/7150
f 171/7435 36/7430 33/7419
f 36/7459 112/7445 33/7444
f 69/6894 33/6903 86/6903
f 33/7444 112/7445 86/7444
f 86/7576 112/7588 148/7576
f 148/7576 112/7588 164/7576
f 112/7588 36/7612 164/7576
f 36/6887 86/6903 164/6935
f 164/6935 86/6903 133/6903
f 133/6903 86/6903 76/6894
f 33/6903 76/6894 69/6894
f 76/6894 86/6903 69/6894
f 86/6903 36/6887 69/6894
f 36/7897 171/7870 69/7876
f 171/7833 163/7834 69/7799
f 163/7834 22/7788 69/7799
f 33/7835 69/7829 95/7829
f 95/7736 69/7736 164/7732
f 69/7736 22/7784 164/7732
f 164/7088 22/7040 4/7087
f 4/7205 22/7181 171/7156
f 22/7181 163/7150 171/7156
f 163/7150 326/7097 171/7156
f 326/7097 451/7106 171/7156
f 451/7106 220/7156 171/7156
f 220/7156 199/7156 171/7156
f 199/7156 130/7156 171/7156
f 130/7833 115/7833 171/7833
f 115/7833 91/7799 171/7833
f 33/7799 171/7833 69/7799
f 171/7833 91/7799 69/7799
f 91/7829 75/7835 69/7829
f 69/7829 75/7835 33/7835
f 75/6428 164/6499 33/6428
f 164/6499 284/6499 33/6428
f 284/6499 137/6465 33/6428
f 137/6465 10/6422 33/6428
f 33/6596 10/6586 40/6595
f 40/6595 10/6586 74/6602
f 158/7602 89/7626 19/7635
f 19/7635 89/7626 74/7631
f 74/7631 89/7626 49/7626
f 49/7392 89/7392 3/7410
f 89/7392 158/7361 3/7410
f 158/7361 19/7407 3/7410
f 19/6913 121/6886 3/6879
f 3/6879 121/6886 65/6879
f 65/6835 121/6854 145/6835
f 145/6835 121/6854 159/6835
f 121/6854 19/6880 159/6835
f 19/7138 74/7175 159/7182
f 159/7182 74/7175 110/7182
f 110/7182 74/7175 26/7175
f 26/6585 74/6602 3/6585
f 74/6602 10/6586 3/6585
f 10/6422 137/6465 3/6423
f 137/6465 348/6511 3/6423
f 65/7577 3/7589 159/7533
f 3/7589 348/7467 159/7533
f 159/7533 348/7467 229/7522
f 229/8109 348/8068 569/8098
f 3090/961 3258/1022 3106/961
f 3258/1022 3278/1022 3106/961
f 3278/1022 3321/1039 3106/961
f 4163/1795 4048/1795 4113/1794
f 4113/1794 4048/1795 4228/1794
f 4228/1794 4048/1795 4100/1794
f 4100/1794 4048/1795 3799/1782
f 3767/1776 4048/1795 3851/1783
f 2616/1617 2674/1642 2554/1615
f 2872/1688 2738/1655 2904/1668
f 2904/1668 2738/1655 2877/1660
f 2877/1660 2894/1660 2920/1660
f 2920/1660 2894/1660 2650/1618
f 2894/1660 2877/1660 2650/1618
f 2633/1618 2650/1618 2626/1618
f 2650/1618 2877/1660 2626/1618
f 2877/1660 2738/1655 2626/1618
f 2738/1655 2674/1642 2626/1618
f 2674/1642 2616/1617 2626/1618
f 2626/1618 2616/1617 2625/1617
f 2625/1617 2616/1617 2613/1616
f 2616/1617 2554/1615 2613/1616
f 2554/1615 2518/1609 2613/1616
f 2618/1614 2613/1614 2295/1573
f 2295/1573 2613/1614 1971/1573
f 1971/1573 2613/1614 1982/1591
f 2613/1614 2518/1609 1982/1591
f 1982/1591 1981/1591 1971/1573
f 2067/1573 1971/1573 2072/1591
f 1971/1573 1981/1591 2072/1591
f 2815/1902 2846/1903 2806/1898
f 2806/1863 2846/1860 2815/1859
f 2545/1682 2542/1686 2553/1683
f 2542/1686 2538/1692 2553/1683
f 2483/1856 2341/1848 2358/1847
f 2956/1697 2944/1696 2918/1694
f 2918/1601 2944/1600 2956/1598
f 2753/1709 2822/1685 2851/1684
f 2851/1640 2822/1639 2978/1653
f 2822/1639 2984/1652 2978/1653
f 2753/1851 2851/1868 2822/1869
f 2851/1632 2978/1624 2822/1631
f 2978/1624 2984/1623 2822/1631
f 2763/1972 2758/1973 2831/1961
f 2758/1973 2823/1956 2831/1961
f 2831/1815 2823/1812 2985/1829
f 2985/1813 2823/1830 2831/1828
f 2763/1871 2831/1875 2758/1872
f 2831/1875 2823/1879 2758/1872
f 2987/1791 2995/1790 2825/1805
f 2995/1790 2833/1804 2825/1805
f 2833/1711 2754/1730 2825/1712
f 2660/1271 2613/1265 2633/1261
f 2613/1265 2618/1251 2633/1261
f 4221/1268 4028/1268 4259/1263
f 4028/1268 4032/1263 4259/1263
f 4237/1215 4221/1215 4238/1215
f 4221/1215 4086/1212 4238/1215
f 4238/1215 4086/1212 4200/1212
f 2813/1106 2830/1106 2856/1106
f 2820/1097 2791/1097 2856/1106
f 2791/1097 2759/1097 2856/1106
f 2804/1235 2609/1244 2773/1230
f 2773/1356 2609/1362 2759/1354
f 2759/1350 2609/1347 2582/1355
f 2946/1738 3436/1693 3428/1724
f 3428/1750 3436/1760 4085/1786
f 3436/1343 2946/1344 2973/1339
f 2946/1887 2094/1922 2973/1897
f 2973/1897 2094/1922 1947/1927
f 2094/1566 2946/1630 2041/1610
f 2946/1738 3428/1724 2869/1751
f 4199/1216 4085/1216 4027/1216
f 4027/1216 4085/1216 4107/1215
f 4085/1216 4221/1215 4107/1215
f 4107/1215 4221/1215 4237/1215
f 4237/1215 4221/1215 4238/1215
f 4200/1212 4238/1215 4086/1212
f 4238/1215 4221/1215 4086/1212
f 4221/1215 4085/1216 4086/1212
f 4086/1212 4085/1216 3437/1131
f 4085/1926 3436/1865 3437/1862
f 3436/1865 2973/1820 3437/1862
f 2645/1526 2635/1527 2624/1519
f 2624/1401 2635/1396 2645/1395
f 2538/1982 2542/1985 2553/1987
f 2542/1247 2545/1249 2553/1250
f 2358/1158 2341/1154 2483/1147
f 3881/1471 3887/1472 3856/1465
f 3856/1353 3887/1346 3881/1345
f 3742/1557 3715/1547 3714/1546
f 3714/1193 3715/1194 3742/1191
f 3481/1335 3468/1338 3535/1341
f 3468/1338 3523/1340 3535/1341
f 3523/1515 3468/1522 3535/1516
f 3535/1285 3468/1278 3481/1273
f 3301/1425 3333/1418 3341/1417
f 3341/1325 3333/1323 3301/1316
f 3106/1011 3134/1001 3146/1007
f 3146/983 3134/984 3106/971
f 2987/1651 2825/1638 2995/1650
f 2995/1650 2825/1638 2833/1637
f 2825/1267 2754/1233 2833/1266
f 2988/1836 2835/1826 2849/1825
f 2835/1258 2755/1302 2849/1259
f 2755/1482 2835/1504 2849/1505
f 2849/1208 2835/1209 2988/1196
f 2963/1384 2836/1376 2952/1378
f 2963/1252 2952/1272 2836/1292
f 2761/1097 2813/1106 2791/1097
f 2813/1106 2856/1106 2791/1097
f 2760/1097 2791/1097 2750/1093
f 2886/1106 2856/1106 2830/1106
f 2856/1033 2814/1034 2830/1033
f 2814/1034 2750/1034 2830/1033
f 2830/1033 2750/1034 2836/1026
f 2750/1093 2791/1097 2836/1102
f 2791/1097 2856/1106 2836/1102
f 2836/1102 2856/1106 2952/1110
f 2856/1272 2830/1291 2952/1272
f 2830/1291 2836/1292 2952/1272
f 1338/1370 1397/1370 1358/1369
f 1358/1369 1397/1370 1420/1369
f 1398/1635 1727/1628 1726/1634
f 1726/1634 1727/1628 1957/1633
f 2040/1633 1957/1633 1989/1625
f 1989/1625 1957/1633 2068/1625
f 1957/1633 1727/1628 2068/1625
f 1727/1628 1722/1626 2068/1625
f 1722/1626 1732/1626 2068/1625
f 3750/1952 3322/1962 3332/1953
f 3332/1953 3322/1962 2894/1954
f 1964/1913 1989/1893 2041/1913
f 1989/1893 2068/1893 2041/1913
f 2041/1913 2068/1893 2869/1912
f 2068/1893 2578/1892 2869/1912
f 2578/1892 2894/1891 2869/1912
f 2894/1954 3322/1962 2869/1970
f 2869/1970 3322/1962 3426/1969
f 4143/1965 4042/1965 4073/1949
f 4073/1949 4042/1965 4181/1949
f 4042/1965 3750/1952 4181/1949
f 4181/1949 3750/1952 3966/1949
f 3750/1952 3332/1953 2879/1954
f 3332/1953 2894/1954 2879/1954
f 2879/1891 2894/1891 2620/1892
f 2894/1891 2578/1892 2620/1892
f 2620/1892 2578/1892 2294/1893
f 2578/1892 2068/1893 2294/1893
f 2294/1625 2068/1625 1741/1626
f 2068/1625 1732/1626 1741/1626
f 1741/1626 1732/1626 1427/1627
f 1732/1626 1722/1626 1427/1627
f 1427/1627 1722/1626 1377/1627
f 1722/1626 1727/1628 1377/1627
f 1727/1628 1398/1635 1377/1627
f 1377/1627 1398/1635 1436/1627
f 1704/1980 1710/1981 1657/1974
f 1657/1921 1710/1915 1704/1914
f 1537/1726 1532/1722 1523/1719
f 1523/1715 1532/1713 1537/1705
f 1434/1901 1421/1899 1374/1896
f 1374/1584 1421/1580 1434/1575
f 1220/1297 1207/1297 1198/1279
f 2010/1165 2009/1165 1963/1342
f 2009/1165 2092/1165 1963/1342
f 2092/1165 2048/1342 1963/1342
f 2016/1352 1695/1349 1947/1348
f 1811/1583 1838/1574 1813/1582
f 1813/1880 1838/1890 1835/1886
f 1838/1670 1811/1666 1835/1667
f 2002/1236 2001/1236 1978/1128
f 3933/1523 3862/1548 3329/1558
f 3862/968 3587/1057 3329/1091
f 4816/1025 4263/1025 3886/959
f 3886/959 4263/1025 3846/959
f 2060/1078 2043/975 1987/1078
f 811/1393 828/1393 231/1392
f 231/1392 828/1393 489/1392
f 489/1392 828/1393 836/1393
f 1260/1394 828/1393 1183/1394
f 828/1393 811/1393 1183/1394
f 811/1393 810/1413 1183/1394
f 1277/1394 1183/1394 1308/1421
f 1308/1421 1183/1394 1221/1421
f 1221/1421 1183/1394 825/1420
f 1183/1394 810/1413 825/1420
f 810/1413 811/1393 293/1419
f 811/1393 231/1392 293/1419
f 231/1392 263/1392 293/1419
f 285/1443 544/1446 254/1446
f 803/1943 997/1944 770/1943
f 997/1944 780/1935 770/1943
f 770/1943 780/1935 258/1942
f 258/1942 780/1935 252/1929
f 252/1929 780/1935 847/1930
f 847/1930 780/1935 1398/1931
f 780/1935 997/1944 1398/1931
f 1468/1945 1460/1931 1420/1945
f 1460/1931 1398/1931 1420/1945
f 1398/1931 997/1944 1420/1945
f 1453/1945 1420/1945 1033/1944
f 1420/1945 997/1944 1033/1944
f 1033/1944 997/1944 802/1943
f 997/1944 803/1943 802/1943
f 802/1943 803/1943 532/1942
f 803/1943 770/1943 532/1942
f 770/1943 258/1942 532/1942
f 1693/1758 1695/1758 2003/1779
f 2017/1100 2003/1066 1947/1100
f 1947/1100 2003/1066 2014/1066
f 2003/1779 1695/1758 2014/1779
f 1107/1924 1113/1925 1157/1918
f 968/1894 980/1895 957/1885
f 957/1678 980/1675 968/1674
f 872/1909 867/1907 862/1904
f 862/1597 867/1593 872/1587
f 680/1951 697/1948 686/1947
f 686/1910 697/1911 680/1908
f 761/1594 754/1595 742/1588
f 754/1595 737/1586 742/1588
f 737/1586 736/1585 742/1588
f 630/1467 607/1473 468/1469
f 607/1284 608/1290 468/1256
f 468/1328 608/1318 224/1321
f 1207/1534 1254/1534 1198/1550
f 1130/972 1187/985 1124/973
f 1146/974 1124/973 1244/994
f 1244/994 1124/973 1217/993
f 1217/993 1124/973 1246/992
f 1124/973 1187/985 1246/992
f 1246/1260 1187/1264 1242/1254
f 1187/1264 1130/1277 1242/1254
f 1130/1277 1143/1270 1242/1254
f 1242/1363 1143/1363 1224/1363
f 1224/1363 1143/1363 1141/1363
f 985/1281 997/1289 769/1183
f 769/1183 997/1289 780/1187
f 997/978 985/987 780/1061
f 985/987 769/1063 780/1061
f 1662/1754 1867/1764 1093/1735
f 1093/1735 1433/1742 749/1671
f 749/1671 1433/1742 1079/1736
f 1100/1976 1097/1983 745/1977
f 1079/1153 1101/1150 749/1276
f 1101/1150 1327/1126 749/1276
f 1327/1577 745/1576 749/1592
f 745/1977 1097/1983 749/1990
f 749/1990 1097/1983 1093/1994
f 1672/1754 1662/1754 1607/1754
f 1607/1993 1662/1993 1597/1993
f 1599/1975 1597/1993 1664/1975
f 1597/1993 1662/1993 1664/1975
f 1662/1993 1097/1983 1664/1975
f 1664/1975 1069/1976 1626/1975
f 1626/1975 1069/1976 1040/1976
f 1226/1126 1327/1126 1618/1090
f 1911/1870 1931/1874 1907/1867
f 1931/1874 2090/1878 1907/1867
f 2028/1877 2090/1878 2095/1877
f 2499/1797 2493/1797 2452/1797
f 2493/1142 2489/1142 2452/1142
f 2489/1142 2252/1159 2452/1142
f 2452/1142 2094/1157 2445/1143
f 2536/1648 2535/1649 2345/1629
f 2680/995 2649/995 2551/1037
f 2649/995 2536/1037 2551/1037
f 2228/999 2345/1012 1948/999
f 2345/1012 2470/1015 1948/999
f 2470/1015 2090/1000 1948/999
f 2094/1157 2452/1142 1959/1159
f 2452/1142 2252/1159 1959/1159
f 1911/1017 1907/1018 1959/1002
f 1618/1090 1327/1126 1701/1090
f 2961/1174 3397/1173 3412/1173
f 3412/1152 3397/1152 3866/1234
f 3397/1152 3395/1151 3866/1234
f 3866/1234 3395/1151 3437/1162
f 2596/1115 3443/1114 2973/1164
f 3443/1114 3437/1124 2973/1164
f 3437/1160 3395/1169 2973/1161
f 3395/1169 3397/1173 2973/1161
f 3397/1173 2961/1174 2973/1161
f 2973/1148 2961/1149 1959/1076
f 2961/1174 3412/1173 2993/1174
f 2993/1174 3412/1173 3424/1173
f 3424/1152 3412/1152 3917/1234
f 3412/1152 3866/1234 3917/1234
f 4806/1263 3917/1234 4259/1263
f 3917/1234 3866/1234 4259/1263
f 4221/1268 4259/1263 4086/1262
f 4259/1263 3866/1234 4086/1262
f 3866/1234 3437/1162 4086/1262
f 3437/1124 3443/1114 4086/1095
f 4086/1095 3443/1114 4069/1064
f 4200/1502 4069/1501 4056/1511
f 1695/1765 1693/1765 2014/1787
f 3206/1065 2596/1115 2014/1066
f 2014/1066 2596/1115 1947/1100
f 2596/1115 2973/1164 1947/1100
f 2973/1148 1959/1076 1947/1075
f 1959/1055 1701/1104 1947/1056
f 1947/1056 1701/1104 1695/1105
f 1079/1736 1433/1742 1695/1758
f 1947/1788 1695/1765 2014/1787
f 1695/1758 1433/1742 2014/1779
f 1947/1788 2014/1787 1942/1788
f 1978/1777 2001/1778 2002/1778
f 2014/1779 1867/1764 2002/1778
f 2002/1778 1867/1764 1978/1777
f 1867/1764 1662/1754 1978/1777
f 2002/1236 1978/1128 2689/1144
f 2689/1144 1978/1128 3217/1098
f 3198/1098 3217/1098 2050/1128
f 3217/1098 1978/1128 2050/1128
f 2050/1777 1978/1777 1672/1754
f 1978/1777 1662/1754 1672/1754
f 1219/1741 1672/1754 1221/1741
f 1672/1754 1662/1754 1221/1741
f 1662/1754 1093/1735 1221/1741
f 242/1032 287/1048 252/1032
f 287/1048 293/1048 252/1032
f 252/1032 293/1048 743/1040
f 293/1048 825/1072 743/1040
f 1221/1741 1093/1735 743/1671
f 1117/1305 743/1304 1079/1310
f 1079/1310 743/1304 749/1314
f 743/1304 1093/1309 749/1314
f 780/1288 252/1192 769/1283
f 769/981 252/1052 780/966
f 1157/1542 1113/1533 1107/1532
f 773/1562 782/1556 791/1555
f 791/1008 782/1009 773/1003
f 572/1023 533/1021 518/1020
f 518/1991 533/1992 607/1986
f 533/1917 572/1916 607/1923
f 984/1561 979/1549 976/1544
f 976/1138 979/1134 984/1127
f 852/1539 875/1531 874/1530
f 874/1509 875/1510 890/1508
f 890/1494 875/1492 874/1491
f 875/1492 852/1487 874/1491
f 736/1703 737/1704 742/1700
f 737/1704 754/1698 742/1700
f 742/1498 754/1496 761/1495
f 629/1483 645/1480 643/1478
f 643/1312 645/1307 629/1294
f 1388/1673 1118/1656 1390/1672
f 1002/1071 969/1071 994/1071
f 969/1071 977/1069 994/1071
f 994/1071 977/1069 993/1069
f 993/1069 977/1069 864/1030
f 864/1030 977/1069 823/1030
f 823/1030 977/1069 826/1014
f 1289/1096 1390/1107 1388/1101
f 1323/1855 1498/1839 1793/1798
f 1831/1798 1793/1798 2052/1780
f 2906/1067 3462/1117 3279/1073
f 2445/1136 2452/1135 2503/1145
f 2530/1145 2503/1145 2499/1135
f 2503/1145 2452/1135 2499/1135
f 2499/1797 2452/1797 2180/1811
f 2180/1811 2452/1797 1988/1811
f 2452/1797 2445/1796 1988/1811
f 2445/1796 1952/1810 1988/1811
f 1988/1459 2105/1460 2077/1450
f 2077/1450 2105/1460 2047/1451
f 2060/1078 3102/1088 2043/975
f 3102/1088 3068/1082 2043/975
f 3068/1082 2906/1067 2043/975
f 2906/1067 3279/1073 2043/975
f 2945/1046 2052/975 2043/975
f 2052/1780 1793/1798 2043/1780
f 1793/1798 1498/1839 2043/1780
f 2043/1780 1891/1784 2060/1781
f 2060/1781 1987/1781 2043/1780
f 1806/1166 1836/1166 1804/1166
f 1836/1166 1849/1166 1804/1166
f 1849/1166 1841/1146 1804/1166
f 1841/1146 1808/1146 1804/1166
f 1808/1146 1388/1101 1804/1166
f 1388/1101 1390/1107 1804/1166
f 1812/1166 1804/1166 1438/1107
f 1804/1166 1390/1107 1438/1107
f 1346/1096 1289/1096 1275/1086
f 1275/1086 1289/1096 1202/1086
f 1202/1086 1289/1096 1156/1081
f 826/1014 977/1069 1156/1081
f 977/1069 969/1071 1156/1081
f 1156/1081 969/1071 1202/1086
f 969/1071 1002/1071 1202/1086
f 1002/1071 1275/1086 1202/1086
f 1275/1086 1258/1086 1202/1086
f 1258/1488 1236/1488 1202/1488
f 1236/1488 1018/1456 1202/1488
f 1018/1456 964/1456 1202/1488
f 964/1456 961/1455 1202/1488
f 1202/1488 961/1455 1156/1485
f 827/1799 848/1799 248/1881
f 286/1888 248/1881 570/1888
f 248/1881 848/1799 570/1888
f 856/1404 848/1404 1329/1525
f 1329/1525 848/1404 1283/1525
f 848/1404 827/1404 1283/1525
f 248/1881 900/1785 827/1799
f 900/1430 1283/1525 827/1404
f 751/1197 783/1206 851/1229
f 783/1206 873/1240 851/1229
f 851/1934 873/1939 956/1971
f 1890/1113 1775/1070 1823/1109
f 949/1596 1072/1606 956/1599
f 956/1599 1072/1606 1355/1621
f 1355/970 1506/1089 1570/1016
f 1506/1089 1823/1109 1570/1016
f 1823/1109 1775/1070 1570/1016
f 1570/1016 1775/1070 1792/1028
f 1775/1070 1890/1113 1792/1028
f 1982/1125 1923/1116 1971/1200
f 1923/1116 1890/1113 1971/1200
f 1890/1113 1823/1109 1971/1200
f 1971/1200 1823/1109 1704/1182
f 1823/1109 1506/1089 1704/1182
f 1704/1441 1506/1379 1358/1369
f 1506/1379 1338/1370 1358/1369
f 1358/1619 1338/1620 1019/1604
f 949/1964 956/1971 853/1933
f 853/1933 956/1971 817/1919
f 956/1971 873/1939 817/1919
f 817/1228 873/1240 795/1211
f 873/1240 783/1206 795/1211
f 795/1427 783/1433 721/1452
f 721/1452 783/1433 700/1454
f 783/1433 751/1445 700/1454
f 700/1454 751/1445 634/1475
f 634/1475 751/1445 660/1474
f 651/1479 660/1474 735/1458
f 660/1474 751/1445 735/1458
f 815/1449 751/1541 886/1374
f 751/1541 851/1440 886/1374
f 851/1934 956/1971 886/1950
f 886/1950 956/1971 920/1950
f 920/1950 956/1971 967/1971
f 956/1599 1355/1621 967/1599
f 1355/970 1570/1016 1403/970
f 1403/970 1570/1016 1596/1016
f 1570/1016 1792/1028 1596/1016
f 1792/1028 1897/1041 1820/1028
f 1820/1028 1897/1041 1914/1041
f 1914/1296 1897/1296 1963/1242
f 1897/1296 1986/1243 1963/1242
f 1963/1342 1986/1227 2010/1165
f 2051/1129 1982/1130 1973/1083
f 1982/1130 1971/1084 1973/1083
f 2456/1083 1973/1083 2340/1084
f 1973/1083 1971/1084 2340/1084
f 2340/1084 1971/1084 2380/1084
f 2380/1084 1971/1084 2295/1084
f 2295/1200 1971/1200 1732/1182
f 1732/1182 1971/1200 1722/1182
f 1971/1200 1704/1182 1722/1182
f 1732/1441 1722/1441 1392/1369
f 1722/1441 1704/1441 1392/1369
f 1704/1441 1358/1369 1392/1369
f 1392/1619 1358/1619 934/1567
f 934/1567 1358/1619 925/1567
f 925/1567 1358/1619 903/1567
f 1358/1619 1019/1604 903/1567
f 1019/1604 916/1568 903/1567
f 903/1958 916/1940 798/1905
f 768/1058 817/1094 684/969
f 817/1094 795/1092 684/969
f 795/1427 721/1452 684/1453
f 704/1453 684/1453 661/1476
f 608/1476 631/1476 649/1470
f 631/1476 630/1476 649/1470
f 630/1476 661/1476 649/1470
f 661/1476 684/1453 649/1476
f 684/1453 721/1452 649/1470
f 721/1452 700/1454 649/1470
f 700/1454 634/1475 649/1470
f 634/1475 641/1477 649/1476
f 649/1476 641/1477 224/1506
f 641/1477 634/1475 224/1506
f 634/1475 660/1474 224/1506
f 660/1474 651/1479 224/1506
f 224/1506 651/1479 274/1554
f 651/1479 735/1458 274/1554
f 254/1327 260/1324 261/1326
f 261/1326 260/1324 271/1329
f 224/1223 271/1224 258/1213
f 263/1942 258/1942 288/1929
f 288/1929 258/1942 252/1929
f 258/1029 271/979 252/1013
f 252/1391 271/1383 305/1390
f 271/1329 260/1324 305/1322
f 305/1322 260/1324 297/1319
f 297/1319 260/1324 291/1320
f 260/1324 254/1327 291/1320
f 291/1446 254/1446 218/1446
f 218/1446 254/1446 246/1446
f 246/1446 254/1446 285/1443
f 254/1446 274/1444 285/1443
f 285/1443 274/1444 656/1412
f 486/1047 699/967 230/1047
f 699/967 741/967 230/1047
f 2999/1937 2847/1957 2857/1955
f 2847/1664 2766/1681 2857/1665
f 2999/1834 2857/1827 2847/1823
f 2857/1669 2766/1663 2847/1676
f 2986/1824 2824/1835 2832/1832
f 2824/1920 2767/1938 2832/1928
f 2996/1687 2834/1701 2848/1702
f 2848/1572 2834/1571 2764/1590
f 4271/1331 4277/1331 4163/1331
f 3960/1330 4271/1331 4142/1330
f 2913/1218 2886/1218 2927/1218
f 2927/1218 2886/1218 2856/1218
f 2886/1218 2830/1210 2856/1218
f 2913/1218 2886/1218 2963/1237
f 2963/1237 2886/1218 2856/1218
f 2886/1218 2830/1210 2856/1218
f 2927/1218 2951/1232 2856/1218
f 2951/1232 2830/1210 2856/1218
f 2830/1210 2813/1210 2856/1218
f 2963/1237 2856/1218 2951/1232
f 2951/1232 2856/1218 2830/1210
f 2856/1218 2749/1226 2830/1210
f 2856/1210 2830/1210 2749/1226
f 2779/1042 2788/1044 2746/1045
f 2819/1059 2331/989 2770/1054
f 2331/1524 2024/1512 2770/1497
f 2991/1960 2980/1959 2826/1979
f 2980/1959 2837/1978 2826/1979
f 2837/1367 2756/1375 2826/1368
f 2991/1807 2826/1793 2980/1806
f 2980/1806 2826/1793 2837/1792
f 2826/1301 2756/1255 2837/1300
f 2986/1699 2832/1680 2824/1677
f 2832/1461 2767/1442 2824/1463
f 2996/1589 2848/1570 2834/1569
f 2834/1238 2848/1239 2764/1219
f 2784/1399 2810/1399 2818/1399
f 2818/1399 2810/1399 2850/1399
f 2810/1399 2827/1414 2850/1399
f 2827/1414 2882/1414 2850/1399
f 2882/1414 2908/1399 2850/1399
f 2850/1399 2908/1399 2867/1388
f 2908/1399 2950/1388 2867/1388
f 2884/1241 2950/1241 2936/1241
f 2936/1241 2950/1241 2992/1245
f 2950/1388 2997/1386 2992/1385
f 2997/1386 2976/1381 2992/1385
f 2976/1248 2997/1246 2992/1245
f 2997/1246 2950/1241 2992/1245
f 3847/1489 3668/1553 3877/1486
f 3877/1486 3668/1553 3786/1503
f 3786/1503 3668/1553 3709/1514
f 3775/1038 3709/1050 3549/1062
f 3549/1366 3709/1351 3356/1382
f 3709/1351 3668/1361 3356/1382
f 3356/1382 3668/1361 3658/1365
f 3668/1821 3847/1840 3658/1816
f 3847/1840 3841/1838 3658/1816
f 3658/1365 3841/1317 3665/1364
f 3665/1364 3841/1317 3376/1400
f 3841/1838 3847/1840 3376/1789
f 3847/1840 3366/1789 3376/1789
f 3376/1253 3366/1253 2850/1190
f 3366/1253 2866/1190 2850/1190
f 2827/1414 2850/1399 2810/1399
f 2800/1399 2810/1399 2799/1399
f 2810/1399 2850/1399 2799/1399
f 2799/1399 2850/1399 2853/1399
f 2850/1399 2866/1399 2853/1399
f 3366/1789 3847/1840 3813/1840
f 3813/1840 3847/1840 3843/1840
f 3847/1489 3877/1486 3843/1489
f 3843/1489 3877/1486 3978/1464
f 3978/1464 3877/1486 4255/1464
f 4080/1156 4211/1156 4255/1080
f 4139/1080 4255/1080 4210/1156
f 4255/1080 4211/1156 4210/1156
f 4210/1156 4211/1156 4163/1331
f 4211/1156 4080/1156 4163/1331
f 4080/1156 4271/1331 4163/1331
f 4163/1331 4271/1331 4277/1331
f 4277/1331 4271/1331 4164/1331
f 4164/1331 4271/1331 4142/1330
f 4142/1330 4271/1331 4081/1155
f 4271/1331 4080/1156 4081/1155
f 4080/1156 4255/1080 4081/1155
f 4081/1155 4255/1080 4153/1132
f 4255/1464 3877/1486 4153/1457
f 3877/1486 3786/1503 4153/1457
f 3786/1503 3709/1514 4153/1457
f 3709/1514 3775/1490 4153/1457
f 4153/1457 3775/1490 4208/1447
f 4208/956 3775/1038 4142/957
f 3775/1038 3549/1062 4142/957
f 4142/957 3549/1062 3960/957
f 3960/957 3549/1062 3491/1062
f 3309/1387 3491/1373 3340/1387
f 3491/1373 3549/1373 3340/1387
f 3549/1373 3356/1382 3340/1387
f 3356/1382 3658/1365 3340/1387
f 3340/1387 3658/1365 3372/1389
f 3658/1365 3665/1364 3372/1389
f 3665/1364 3376/1400 3372/1389
f 3372/1644 3376/1565 3133/1602
f 3376/1253 2850/1190 3133/1170
f 2850/1190 2844/1118 3133/1170
f 2901/1841 2866/1842 2808/1833
f 1955/1831 2866/1889 2249/1831
f 2249/1831 2866/1889 2870/1889
f 2853/1195 2819/1195 2850/1202
f 2819/1195 2811/1195 2850/1202
f 2950/1388 2908/1399 2997/1386
f 2950/1241 2997/1246 2858/1225
f 2997/1386 2908/1399 2858/1410
f 2908/1399 2827/1414 2858/1410
f 2811/1204 2858/1207 2746/1199
f 2858/1727 2827/1733 2746/1732
f 2746/1732 2827/1733 2829/1733
f 2829/1399 2827/1414 2850/1399
f 2827/1414 2908/1399 2850/1399
f 2908/1399 2950/1388 2850/1399
f 2950/1043 2858/1036 2850/1035
f 2858/1203 2811/1195 2850/1202
f 1906/1027 1897/1027 1820/1053
f 1897/1027 1792/1053 1820/1053
f 1901/1024 1913/1024 1897/1024
f 1913/1024 1920/1024 1897/1024
f 1920/1024 1961/997 1897/1024
f 1921/1006 1961/997 2083/958
f 1283/1622 900/1691 827/1718
f 827/1718 900/1691 248/1753
f 856/1718 848/1718 517/1753
f 248/1753 517/1753 827/1718
f 517/1753 848/1718 827/1718
f 827/1718 848/1718 1283/1622
f 848/1718 856/1718 1283/1622
f 856/1718 1329/1622 1283/1622
f 1283/1695 1329/1695 1550/1643
f 1510/1466 1273/1507 1484/1462
f 1550/1643 1557/1646 1283/1695
f 1557/1646 1484/1706 1283/1695
f 1484/1462 1273/1507 1283/1484
f 1283/1484 1273/1507 1355/1484
f 1355/1484 1273/1507 1369/1507
f 1352/1543 1369/1507 1279/1543
f 1369/1507 1273/1507 1279/1543
f 1273/1507 1510/1468 1279/1543
f 1510/1468 1617/1438 1279/1543
f 1279/1543 1617/1438 1627/1434
f 1617/1438 1510/1466 1627/1431
f 1627/1431 1510/1466 1583/1424
f 1510/1466 1484/1462 1583/1424
f 1484/1706 1557/1646 1583/1716
f 1557/1646 1550/1643 1583/1636
f 1550/1643 1754/1613 1583/1636
f 1583/1636 1754/1613 1762/1612
f 1781/1611 1958/1579 1854/1607
f 1854/1607 1958/1579 2032/1581
f 2032/1581 1958/1579 1953/1578
f 1953/1578 1958/1579 1997/1563
f 1997/1563 1958/1579 2039/1564
f 2253/1564 2039/1564 1892/1603
f 1877/1603 1888/1603 1866/1603
f 1888/1603 1892/1603 1866/1603
f 1892/1603 2039/1564 1866/1603
f 2039/1564 1958/1579 1866/1603
f 1958/1579 1781/1611 1866/1603
f 1781/1611 1762/1612 1866/1603
f 1871/1605 1866/1603 1857/1605
f 1866/1603 1762/1612 1857/1605
f 1762/1612 1754/1613 1857/1605
f 1754/1613 1550/1643 1857/1605
f 1877/1605 1857/1605 1587/1643
f 1857/1605 1550/1643 1587/1643
f 1550/1643 1329/1695 1587/1643
f 947/1873 832/1906 894/1876
f 574/1181 677/1198 621/1184
f 621/1184 677/1198 757/1221
f 574/1181 621/1184 543/1178
f 282/1405 253/1405 300/1406
f 300/1406 253/1405 270/1406
f 253/1405 543/1416 270/1406
f 543/1416 621/1426 270/1406
f 270/1406 621/1426 540/1406
f 540/1406 621/1426 637/1426
f 1184/1360 637/1184 1146/1360
f 637/1184 621/1184 1146/1360
f 621/1184 757/1221 1146/1360
f 757/1221 912/1306 1146/1360
f 1146/1360 912/1306 1125/1359
f 1125/1359 912/1306 1143/1358
f 1161/1363 1143/1358 771/1220
f 1143/1358 758/1220 771/1220
f 771/1220 758/1220 612/1176
f 758/1220 486/1176 612/1176
f 543/1416 253/1405 262/1411
f 253/1405 282/1405 262/1411
f 262/1989 758/1932 531/1989
f 531/1989 758/1932 771/1932
f 758/1932 966/1864 771/1932
f 771/1932 966/1864 989/1864
f 989/1864 966/1864 1143/1843
f 1143/1843 970/1866 1120/1844
f 1120/1844 970/1866 1139/1845
f 884/1747 876/1747 1400/1766
f 1400/1766 876/1747 1352/1766
f 1420/1619 1397/1620 1358/1619
f 1358/1619 1397/1620 1338/1620
f 1013/1759 880/1749 1355/1770
f 1355/1770 880/1749 901/1749
f 901/1749 880/1749 606/1720
f 245/1707 266/1710 535/1721
f 266/1710 285/1714 535/1721
f 535/1721 285/1714 409/1720
f 285/1714 435/1714 409/1720
f 435/1714 606/1720 409/1720
f 606/1720 880/1749 409/1720
f 409/1720 880/1749 719/1739
f 719/1739 880/1749 857/1746
f 880/1749 1013/1759 857/1746
f 1352/1766 876/1747 869/1747
f 869/1747 876/1747 598/1725
f 876/1747 639/1725 598/1725
f 639/1641 405/1654 598/1641
f 405/1654 245/1654 598/1641
f 245/1654 535/1645 598/1641
f 598/1725 535/1721 547/1723
f 535/1721 409/1720 547/1723
f 409/1720 719/1739 547/1723
f 719/1739 857/1746 547/1723
f 547/1723 857/1746 723/1740
f 857/1746 869/1747 723/1740
f 869/1747 598/1725 723/1728
f 537/1513 230/1517 268/1513
f 896/1120 1028/1079 792/1087
f 289/1099 792/1087 669/1068
f 669/1068 792/1087 1023/998
f 792/1087 1028/1079 1023/998
f 1023/998 1028/1079 1037/1077
f 1067/1529 1037/1529 1057/1528
f 1037/1529 1028/1521 1057/1528
f 1057/1528 1028/1521 1022/1520
f 1028/1079 896/1120 1022/1141
f 1022/1141 896/1120 234/1175
f 896/1120 792/1087 234/1175
f 792/1087 289/1099 234/1175
f 234/1175 289/1099 281/1103
f 244/1518 281/1518 262/1517
f 281/1518 230/1517 262/1517
f 262/1517 230/1517 269/1517
f 269/1517 230/1517 236/1517
f 235/1513 236/1517 268/1513
f 236/1517 230/1517 268/1513
f 230/1517 281/1518 268/1513
f 281/1103 289/1099 268/1031
f 289/1099 669/1068 268/1031
f 669/1068 1023/998 268/1031
f 1023/998 715/1019 268/1031
f 268/1031 715/1019 537/1031
f 537/1031 715/1019 739/1019
f 1074/960 739/1019 1061/960
f 739/1019 715/1019 1061/960
f 715/1019 1023/998 1061/960
f 1023/998 1037/1077 1061/960
f 1037/1077 1067/1077 1061/960
f 778/977 741/986 748/996
f 778/977 748/996 740/1005
f 740/1303 748/1308 235/1222
f 748/1308 741/1313 235/1222
f 272/1852 235/1963 238/1849
f 279/1771 238/1849 781/1850
f 238/1849 235/1963 781/1850
f 1077/1854 1046/1854 1061/1968
f 1046/1854 1012/1853 1061/1968
f 1012/1853 781/1850 1061/1968
f 781/1850 235/1963 1061/1968
f 235/1963 741/1967 1061/1968
f 741/1121 778/1122 1061/1172
f 1074/1172 1061/1172 784/1122
f 1061/1172 778/1122 784/1122
f 784/977 778/977 759/1010
f 698/1010 716/1010 725/1010
f 725/1010 716/1010 740/1010
f 716/1010 759/1010 740/1010
f 759/1010 778/977 740/1010
f 741/967 740/982 230/1047
f 740/1295 235/1222 230/1214
f 235/1963 272/1852 230/1966
f 272/1852 273/1852 230/1966
f 262/1966 230/1966 233/1852
f 230/1966 273/1852 233/1852
f 233/1428 273/1432 275/1429
f 273/980 272/988 275/962
f 272/1818 279/1817 275/1822
f 275/1762 279/1762 280/1762
f 280/1762 279/1762 251/1762
f 251/1762 279/1762 249/1761
f 250/1186 249/1180 255/1186
f 3131/1201 3166/1205 3383/1293
f 3166/1217 3427/1311 3383/1293
f 3383/1293 3427/1311 3681/1357
f 3681/1357 3427/1311 3852/1380
f 3852/1380 3427/1311 3741/1372
f 3741/1372 3427/1311 4054/1408
f 4054/1408 3427/1311 3740/1371
f 3740/1371 3427/1311 3423/1315
f 3427/1311 3166/1217 3423/1315
f 1181/1481 1195/1448 255/1437
f 295/1377 279/1437 228/1377
f 279/1437 255/1437 228/1377
f 255/1437 1195/1448 228/1377
f 1195/1448 1203/1287 228/1377
f 1203/1287 824/1286 228/1377
f 824/1535 814/1545 228/1536
f 228/1536 814/1545 226/1552
f 226/1552 814/1545 822/1551
f 822/1551 814/1545 1198/1550
f 1624/1415 1623/1423 1198/1500
f 1259/1500 1198/1500 1293/1499
f 1359/1499 1347/1499 1290/1499
f 1347/1499 1293/1499 1290/1499
f 1293/1499 1198/1500 1290/1499
f 1290/1499 1198/1500 1660/1422
f 1198/1500 1623/1423 1660/1422
f 1967/1333 1936/1332 2070/1336
f 1936/1112 1660/1139 2070/1111
f 1660/1139 1623/1140 2070/1111
f 1623/1140 1624/1137 2070/1111
f 1967/1337 2057/1337 2038/1334
f 1961/1334 2038/1334 2054/1337
f 2038/1334 2057/1337 2054/1337
f 2057/1337 1967/1337 1991/1336
f 1967/1337 2070/1336 1991/1336
f 1991/1111 2070/1111 2080/1111
f 2080/1111 2070/1111 2081/1111
f 2081/1111 2070/1111 2082/1111
f 2082/1111 2070/1111 1980/1108
f 2070/1111 1624/1137 1980/1108
f 2071/1299 1980/1280 1993/1299
f 1980/1280 1624/1282 1993/1299
f 1993/1299 1624/1282 1610/1298
f 1610/1298 1624/1282 1207/1297
f 1624/1282 1198/1279 1207/1297
f 1198/1550 814/1545 1207/1534
f 814/1545 824/1535 1207/1534
f 824/1286 1203/1287 1207/1188
f 1290/1188 1207/1188 2046/1189
f 2046/1189 1207/1188 2061/1189
f 1207/1188 1203/1287 2061/1189
f 1936/1004 1970/1049 1992/976
f 1970/1163 2061/1231 1992/1119
f 2061/1123 2569/1133 1992/1177
f 2071/1559 1992/1559 1979/1540
f 2079/964 1940/964 1936/964
f 1940/964 2005/964 1936/964
f 2005/964 2081/964 1936/964
f 2081/964 1979/990 1936/964
f 1936/964 1979/990 2843/1074
f 1979/1540 1992/1559 2843/1560
f 1992/1717 2569/1690 2843/1752
f 2569/1690 3422/1689 2843/1752
f 3422/1689 3410/1737 2843/1752
f 3410/1435 3416/1439 2843/1436
f 3416/1984 3423/1988 2843/1884
f 2843/1884 3423/1988 2863/1900
f 3423/1315 3166/1217 2863/1167
f 3166/1205 3131/1201 2863/1167
f 2863/1167 3131/1201 2840/1171
f 2840/1171 3131/1201 2856/1168
f 2803/1106 2813/1106 2802/1106
f 2813/1106 2856/1106 2802/1106
f 2802/1168 2856/1168 3309/1257
f 4142/1409 3960/1409 3340/1257
f 3960/1409 3309/1257 3340/1257
f 3309/1257 2856/1168 3340/1257
f 2856/1168 3131/1201 3340/1257
f 3131/1201 3383/1293 3340/1257
f 3383/1293 3681/1357 3340/1257
f 3681/1357 3852/1380 3340/1257
f 3340/1257 3852/1380 4142/1409
f 3852/1380 3741/1372 4142/1409
f 3741/1372 4054/1408 4142/1409
f 4054/1408 4175/1408 4142/1409
f 4047/1409 4142/1409 4279/1408
f 4142/1409 4175/1408 4279/1408
f 4279/1408 4175/1408 4205/1407
f 4175/1408 4054/1408 4205/1407
f 4206/1407 4091/1407 4076/1407
f 4091/1407 4090/1407 4076/1407
f 4090/1407 4205/1407 4076/1407
f 4205/1407 4054/1408 4076/1407
f 4054/1408 3740/1371 4076/1407
f 3740/1371 3423/1315 4076/1407
f 4206/1809 4076/1802 4183/1809
f 4076/1802 3423/1858 4183/1809
f 3423/1936 3416/1941 4183/1857
f 3416/1941 3410/1946 4183/1857
f 4077/1861 4183/1857 4207/1861
f 4183/1857 3410/1946 4207/1861
f 3410/1737 3422/1689 4207/1679
f 3422/1085 4140/963 4207/1051
f 4207/1051 4140/963 4075/1051
f 3209/1659 3190/1659 1950/1608
f 3190/1659 2099/1608 1950/1608
f 1950/1538 2099/1538 1034/1537
f 1034/1537 2099/1538 1016/1537
f 1016/1537 2099/1538 981/1537
f 2099/1538 1181/1481 981/1537
f 1181/1481 255/1437 981/1537
f 255/1186 249/1180 981/1185
f 998/1185 981/1185 978/1179
f 981/1185 249/1180 978/1179
f 249/1761 279/1762 978/1734
f 1030/1734 978/1734 1016/1731
f 978/1734 279/1762 1016/1731
f 279/1771 781/1850 1016/1772
f 781/1850 1012/1853 1016/1772
f 1012/1853 1046/1854 1016/1772
f 1016/1772 1046/1854 1034/1773
f 1046/1854 1077/1854 1034/1773
f 1030/1772 1016/1772 1039/1773
f 1016/1772 1034/1773 1039/1773
f 1039/1773 1034/1773 1099/1773
f 1099/1773 1034/1773 1119/1773
f 1034/1773 1077/1854 1119/1773
f 1119/1773 1077/1854 1130/1854
f 1130/1854 1077/1854 1143/1968
f 1077/1854 1061/1968 1143/1968
f 1061/960 1067/1077 1143/960
f 1067/1844 1120/1844 1143/1843
f 1120/1844 1168/1844 1143/1843
f 1143/1843 1168/1844 1242/1843
f 1242/1843 1168/1844 1216/1844
f 1216/1844 1168/1844 1238/1845
f 1238/1845 1168/1844 1139/1845
f 1168/1844 1120/1844 1139/1845
f 1120/1844 1067/1844 1139/1845
f 1067/1529 1057/1528 1139/1528
f 1139/1528 1057/1528 1108/1528
f 1108/1528 1057/1528 1054/1528
f 1054/1528 1057/1528 1020/1520
f 1057/1528 1022/1520 1020/1520
f 1009/1528 1057/1528 1022/1520
f 835/1767 477/1745 410/1803
f 861/1661 598/1658 840/1661
f 840/1661 598/1658 849/1729
f 598/1658 477/1745 849/1729
f 477/1745 835/1767 849/1729
f 849/1729 835/1767 1292/1748
f 835/1768 996/1769 1292/1748
f 1292/1748 996/1769 1283/1819
f 1283/1622 996/1647 900/1691
f 996/1647 835/1708 900/1691
f 733/1837 813/1814 900/1785
f 813/1814 1084/1763 900/1785
f 900/1430 1084/1493 1283/1525
f 1084/1763 960/1774 1283/1755
f 1283/1755 960/1774 1303/1756
f 959/1775 1303/1756 834/1800
f 1303/1756 960/1774 834/1800
f 960/1774 1084/1763 834/1800
f 1084/1763 813/1814 834/1800
f 834/1800 813/1814 694/1846
f 694/1846 813/1814 295/1883
f 813/1814 733/1837 295/1883
f 733/1837 221/1882 295/1883
f 295/1883 221/1882 256/1882
f 256/1882 221/1882 286/1888
f 286/1888 221/1882 248/1881
f 221/1882 733/1837 248/1881
f 733/1837 900/1785 248/1881
f 900/1691 835/1708 248/1753
f 835/1767 410/1803 248/1808
f 410/1402 477/1403 248/1397
f 477/1403 296/1398 248/1397
f 296/1398 267/1398 248/1397
f 248/1397 267/1398 285/1397
f 267/1710 266/1710 285/1714
f 266/1710 303/1710 285/1714
f 285/1714 303/1710 292/1714
f 292/1714 303/1710 232/1710
f 283/1707 303/1710 245/1707
f 303/1710 266/1710 245/1707
f 266/1710 267/1710 245/1707
f 245/1657 267/1743 277/1657
f 267/1743 296/1743 277/1657
f 296/1743 477/1744 277/1657
f 477/1744 598/1658 277/1657
f 277/1657 598/1658 513/1657
f 513/1657 598/1658 627/1658
f 598/1658 861/1661 627/1658
f 627/1658 861/1661 866/1661
f 866/1661 861/1661 1342/1662
f 1720/1431 1342/1543 1627/1431
f 1627/1431 1342/1543 1279/1543
f 1342/1662 861/1661 1279/1662
f 861/1661 840/1661 1279/1662
f 840/1661 849/1729 1279/1662
f 849/1729 1292/1748 1279/1662
f 1279/1662 1292/1748 1352/1662
f 1352/1662 1292/1748 1369/1748
f 1292/1748 1283/1819 1369/1748
f 1369/1748 1283/1819 1355/1819
f 1283/1755 1303/1756 1355/1755
f 1355/1755 1303/1756 1366/1756
f 1366/1756 1303/1756 1359/1757
f 1293/1757 1347/1757 1290/1757
f 1347/1757 1359/1757 1290/1757
f 1359/1757 1303/1756 1290/1757
f 1303/1756 959/1775 1290/1757
f 1290/1757 959/1775 829/1801
f 959/1775 834/1800 829/1801
f 834/1800 694/1846 829/1801
f 694/1846 295/1883 829/1801
f 829/1060 295/965 226/991
f 226/991 295/965 265/965
f 265/965 295/965 302/965
f 302/965 295/965 301/965
f 301/1883 295/1883 264/1883
f 295/1883 256/1882 264/1883
f 264/1883 256/1882 294/1882
f 294/1882 256/1882 254/1888
f 256/1882 286/1888 254/1888
f 254/1888 286/1888 247/1888
f 247/1888 286/1888 278/1888
f 286/1888 248/1881 278/1888
f 1813/1275 1835/1269 1811/1274
f 2078/10567 1936/10567 2053/10695
f 2053/10695 1936/10567 2056/10695
f 1936/10567 1966/10695 2056/10695
f 2959/10804 2955/10794 3457/10689
f 3457/10689 2955/10794 3459/10683
f 2955/10794 3163/10748 3459/10683
f 3459/10683 3163/10748 3561/10655
f 3121/10748 3163/10748 2981/10794
f 3163/10748 2955/10794 2981/10794
f 2981/11037 2955/11037 2680/10992
f 2680/10992 2955/11037 2648/10992
f 2955/11037 2959/11024 2648/10992
f 2648/10992 2959/11024 2632/10987
f 2529/10914 2536/10934 2503/10914
f 2536/10934 2632/10987 2535/10927
f 2632/10987 2959/11024 2535/10927
f 3800/10845 3670/10870 3433/10899
f 3433/10899 3670/10870 3543/10882
f 3275/10649 3458/10712 3401/10671
f 3401/10671 3458/10712 3731/10744
f 3743/10745 3731/10744 3543/10724
f 3543/10724 3731/10744 3458/10718
f 3297/10924 3458/10891 3298/10926
f 3298/10926 3458/10891 3286/10928
f 3286/10928 3275/10948 3097/10960
f 3097/10960 3275/10948 3207/10965
f 3275/10649 3401/10671 3207/10630
f 3123/10616 3141/10619 3345/10643
f 3141/10619 3207/10630 3345/10643
f 3207/10630 3401/10671 3345/10643
f 2871/10555 3345/10643 2874/10555
f 2874/10555 3345/10643 3316/10643
f 3345/10643 3401/10671 3363/10671
f 3363/10671 3401/10671 3815/10786
f 3815/10786 3401/10671 3850/10786
f 3401/10671 3731/10744 3850/10786
f 3731/10744 3743/10745 3850/10786
f 3850/10786 3743/10745 3766/10759
f 3743/10745 3543/10724 3766/10759
f 3543/10724 3670/10739 3766/10759
f 3766/10759 3670/10739 3798/10767
f 3798/10844 3670/10870 4100/10817
f 3670/10870 3800/10845 4100/10817
f 4113/10817 4227/10817 4180/10818
f 4227/10817 4100/10817 4180/10818
f 4180/10818 4100/10817 4060/10818
f 4100/10817 3800/10845 4060/10818
f 3800/10845 3433/10899 4060/10818
f 3257/10933 3992/10818 3278/10933
f 3992/10818 4060/10818 3278/10933
f 4060/10818 3433/10899 3278/10933
f 3433/10899 3543/10882 3278/10933
f 3278/10933 3543/10882 3321/10920
f 3321/10920 3297/10924 3105/10955
f 3297/10924 3298/10926 3105/10955
f 3298/10926 3286/10928 3105/10955
f 3286/10928 3097/10960 3105/10955
f 3105/10955 3097/10960 3089/10960
f 3089/10960 3097/10960 3069/10960
f 2861/10998 3069/10960 2893/10998
f 2893/10998 3069/10960 2918/10998
f 3069/10960 3097/10960 2918/10998
f 3097/10960 3207/10965 2918/10998
f 3207/10965 3141/10974 2918/10998
f 3141/10974 3123/10984 2918/10998
f 2875/10998 2918/10998 2876/11001
f 2918/10998 3123/10984 2876/11001
f 2876/11001 3123/10984 2903/11016
f 2903/10573 3123/10616 2871/10555
f 3123/10616 3345/10643 2871/10555
f 2062/10730 2066/10731 1611/10648
f 1611/10648 2066/10731 1993/10732
f 1993/10732 2066/10731 2069/10732
f 1255/10581 2062/10730 1206/10581
f 2062/10730 1611/10648 1206/10581
f 2179/10872 1988/10872 1903/10843
f 1988/10872 1893/10843 1903/10843
f 1903/10843 1893/10843 1829/10808
f 1829/10808 1893/10843 1803/10808
f 1893/10843 1988/10872 1803/10808
f 1848/10808 1803/10808 1841/10814
f 1841/10814 1803/10808 1808/10814
f 1803/10808 1988/10872 1808/10814
f 1808/10814 1988/10872 1951/10878
f 1988/10872 2077/10872 1951/10878
f 1898/10706 1787/10635 1819/10656
f 1480/10549 1819/10656 1556/10582
f 1819/10656 1787/10635 1556/10582
f 1556/10582 1787/10635 1856/10681
f 1787/10635 1898/10706 1856/10681
f 1856/10681 1898/10706 1966/10727
f 2336/10680 2597/10575 2611/10628
f 2839/10594 2701/10613 2862/10479
f 2701/10613 2611/10628 2862/10479
f 2611/10628 2597/10575 2862/10479
f 2842/10470 2862/10479 1936/10567
f 2862/10479 2597/10575 1936/10567
f 2597/10575 2336/10680 1936/10567
f 2336/10680 1966/10695 1936/10567
f 1966/10733 1898/10752 1936/10734
f 1898/10752 1819/10798 1936/10734
f 1936/10734 1819/10798 1659/10838
f 1819/10798 1480/10901 1659/10838
f 1659/10838 1480/10901 1291/10945
f 1480/10901 1304/10944 1291/10945
f 1291/10945 1304/10944 1360/10945
f 1360/10945 1304/10944 1366/10944
f 1366/10511 1304/10511 1355/10505
f 1355/10505 1304/10511 1283/10505
f 1304/10511 1480/10549 1283/10505
f 1480/10549 1556/10582 1283/10505
f 1283/10505 1556/10582 1328/10505
f 1328/10505 1556/10582 1596/10582
f 1556/10582 1856/10681 1596/10582
f 1596/10582 1856/10681 1889/10681
f 2338/10728 1889/10681 2036/10728
f 1889/10681 1856/10681 2036/10728
f 1856/10681 1966/10727 2036/10728
f 1972/11030 2049/11021 2010/10930
f 4258/11039 4174/11045 4065/11045
f 4174/11045 4105/11039 4053/11038
f 4053/11038 4105/11039 3803/11008
f 4158/10388 4052/10388 4044/10477
f 4044/10477 4052/10388 3598/10461
f 3598/10416 4052/10423 3220/10475
f 4158/10388 4044/10477 4129/10477
f 4129/10477 4044/10477 3175/10568
f 3175/10568 4044/10477 3198/10568
f 3198/10568 4044/10477 3217/10568
f 4044/10477 3598/10461 3217/10568
f 3598/10416 3220/10475 3217/10389
f 2693/10791 2013/10902 2002/10775
f 3208/10774 4224/10690 3209/10774
f 3209/10774 4224/10690 3189/10774
f 3825/11014 3896/10938 4196/10988
f 4196/10988 3896/10938 4105/10855
f 3676/10951 3896/10938 3279/11040
f 3896/10938 3825/11014 3279/11040
f 821/10624 830/10623 226/10725
f 226/10725 830/10623 829/10627
f 829/10627 830/10623 1291/10540
f 830/10623 821/10624 1291/10540
f 821/10624 1198/10541 1291/10540
f 1198/10541 1271/10541 1291/10540
f 999/10444 1316/10467 1469/10403
f 1469/10403 1316/10467 1785/10438
f 1793/10496 1785/10438 1323/10499
f 1785/10438 1316/10467 1323/10499
f 826/10498 999/10444 823/10402
f 999/10444 1469/10403 823/10402
f 823/10402 1469/10403 863/10402
f 863/10402 1469/10403 1492/10403
f 1818/10387 1492/10403 1810/10387
f 1492/10403 1469/10403 1810/10387
f 1469/10403 1785/10438 1810/10387
f 1785/10438 1793/10496 1810/10387
f 1793/10496 1831/10496 1810/10387
f 1831/10496 1826/10387 1810/10387
f 920/10663 544/10510 885/10663
f 544/10510 285/10510 885/10663
f 885/10663 285/10510 815/10617
f 846/10968 252/10887 953/10999
f 3371/10736 3143/10699 3339/10589
f 3309/10589 3339/10589 2859/10632
f 2859/10632 3339/10589 2854/10632
f 3339/10589 3143/10699 2854/10632
f 1999/10382 2510/10446 2506/10383
f 2510/10446 2581/10503 2506/10383
f 2541/10795 2506/10782 2692/10854
f 2506/10383 2581/10503 2692/10384
f 2692/10384 2581/10503 2854/10504
f 2926/10504 2854/10504 2609/10503
f 2854/10504 2581/10503 2609/10503
f 2609/10503 2581/10503 2338/10502
f 2338/10502 2581/10503 2036/10502
f 2581/10503 2510/10446 2036/10502
f 2510/10446 1999/10382 2036/10502
f 1999/10382 1998/10382 2036/10502
f 1998/10530 2084/10530 2036/10495
f 2036/10495 2084/10530 1960/10495
f 2084/10885 1998/10885 1954/10886
f 1998/10885 1999/10885 1954/10886
f 1954/10737 1999/10735 2025/10737
f 1999/10735 2506/10782 2025/10737
f 2506/10782 2541/10795 2025/10737
f 2025/10737 2541/10795 2850/10881
f 2541/10795 2692/10854 2850/10881
f 2850/10881 2692/10854 2845/10880
f 2692/10384 2854/10504 2845/10385
f 2854/10632 3143/10699 2845/10790
f 3143/10699 3371/10736 2845/10790
f 3371/10736 3132/10832 2845/10790
f 2026/10827 1999/10740 2104/10820
f 2104/10820 1999/10740 2085/10738
f 2085/10738 1999/10740 1962/10614
f 1962/10614 1999/10740 2037/10618
f 2037/10618 1999/10740 2073/10743
f 1999/10740 2026/10825 2073/10743
f 2249/10553 1551/10436 1954/10553
f 1551/10436 1534/10436 1954/10553
f 1336/10642 1501/10612 1504/10606
f 1501/10612 1569/10572 1504/10606
f 1504/10606 1569/10572 1545/10585
f 1545/10435 1636/10452 1516/10429
f 1636/10452 1637/10456 1516/10429
f 1516/10429 1637/10456 1534/10432
f 1534/10436 1549/10439 1954/10553
f 1549/10439 1789/10481 1954/10553
f 3541/10749 3536/10750 3334/10709
f 3132/10650 3334/10709 3344/10713
f 3334/10709 3536/10750 3344/10713
f 3338/10713 3344/10713 3760/10800
f 3344/10713 3536/10750 3760/10800
f 3536/10750 3541/10749 3760/10800
f 3541/10749 3629/10764 3760/10800
f 3629/10764 3854/10828 3760/10800
f 3760/10800 3854/10828 4051/10856
f 4051/11032 3854/11011 4074/11042
f 3854/11011 3629/10956 4074/11042
f 3850/11019 4074/11042 3400/10929
f 4074/11042 3629/10956 3400/10929
f 3400/10929 3541/10949 3345/10910
f 3541/10949 3334/10903 3345/10910
f 3334/10903 3118/10863 3345/10910
f 3345/10910 3118/10863 2871/10821
f 1954/10886 2527/10942 2829/11029
f 2807/10421 2871/10386 2901/10415
f 2871/10821 3118/10863 2901/10819
f 3118/10863 3334/10903 2901/10819
f 3334/10709 3132/10650 2901/10598
f 2901/10598 3132/10650 2866/10607
f 3132/10650 3344/10713 2866/10607
f 3344/10713 3338/10713 2866/10607
f 3977/10857 3760/10800 4038/10857
f 3760/10800 4051/10856 4038/10857
f 4051/10856 4050/10856 4038/10857
f 4139/10857 4038/10857 4173/10856
f 4038/10857 4050/10856 4173/10856
f 4173/11032 4050/11032 4201/11042
f 4050/11032 4051/11032 4201/11042
f 4051/11032 4074/11042 4201/11042
f 4201/11042 4074/11042 4163/11041
f 4163/11041 4074/11042 4270/11041
f 4074/11042 3850/11019 4270/11041
f 4270/11041 3850/11019 3981/11041
f 3850/11019 3400/10929 3815/11019
f 3815/11019 3400/10929 3370/10929
f 3400/10929 3345/10910 3370/10929
f 3370/10929 3345/10910 3316/10910
f 3316/10910 3345/10910 2874/10821
f 3345/10910 2871/10821 2874/10821
f 1789/10481 1549/10439 1776/10478
f 1549/10439 1534/10436 1776/10478
f 1776/10478 1534/10436 1765/10474
f 1765/10471 1534/10432 1743/10468
f 1534/10432 1637/10456 1743/10468
f 1545/10585 1569/10572 1792/10533
f 1403/10647 1792/10533 1355/10647
f 1792/10533 1569/10572 1355/10647
f 1569/10572 1501/10612 1355/10647
f 1545/10435 1516/10429 1352/10404
f 1352/10404 1516/10429 1399/10404
f 1399/10404 1516/10429 1535/10429
f 1031/10908 1022/10908 458/10890
f 458/10890 1022/10908 227/10890
f 1022/10908 234/10909 227/10890
f 234/10909 281/11044 227/10890
f 281/11044 244/11044 227/10890
f 244/11044 257/10890 227/10890
f 547/10846 722/10871 598/10975
f 4106/11086 4161/11087 4226/11088
f 4226/11088 4161/11087 4057/11087
f 4177/11087 4161/11087 4162/11085
f 4161/11087 4106/11086 4162/11085
f 4162/11085 4106/11086 3578/11080
f 3578/11080 4106/11086 3562/11081
f 3562/11081 4106/11086 3460/11077
f 3460/11077 4106/11086 3457/11078
f 2038/11076 2501/11082 2337/11076
f 2337/11076 2501/11082 2511/11082
f 2608/11083 2511/11082 2582/11083
f 2511/11082 2501/11082 2582/11083
f 2855/11093 2582/11083 2838/11092
f 2838/11092 2582/11083 2701/11089
f 2582/11083 2501/11082 2701/11089
f 2701/11089 2501/11082 2610/11084
f 2610/11084 2501/11082 2335/11079
f 2501/11082 2038/11076 2335/11079
f 2335/11079 2038/11076 1966/11075
f 2055/11075 1966/11075 1961/11076
f 1966/11075 2038/11076 1961/11076
f 4740/11100 4263/11100 3860/11101
f 3860/11101 4263/11100 3819/11101
f 3475/11097 3285/11098 3279/11099
f 4053/11067 4105/11066 3862/11068
f 3862/11068 3748/11073 3586/11074
f 3596/11090 3285/11094 3586/11091
f 3475/11097 3279/11099 3514/11095
f 3606/11095 3514/11095 3595/11096
f 3595/11096 3514/11095 3524/11096
f 1748/11102 1745/11102 1694/11102
f 798/11062 685/11071 902/11064
f 934/11064 924/11064 705/11072
f 924/11064 902/11064 705/11072
f 705/11072 902/11064 683/11072
f 902/11064 685/11071 683/11072
f 685/11071 798/11069 683/11072
f 798/11069 768/11070 683/11072
f 2027/11055 2097/11055 2025/11057
f 1583/11065 1761/11061 1627/11063
f 1761/11061 1780/11060 1627/11063
f 1780/11060 1853/11059 1627/11063
f 1853/11059 2032/11058 1627/11063
f 2032/11058 2025/11057 1627/11063
f 1627/11063 2025/11057 1720/11063
f 1720/11063 2025/11057 2330/11057
f 2330/11057 2025/11057 2429/11057
f 2429/11057 2025/11057 2347/11057
f 2347/11057 2025/11057 2348/11055
f 2348/11055 2025/11057 2027/11055
f 2027/11055 2025/11057 1953/11056
f 2025/11057 2032/11058 1953/11056
f 2600/6973 2654/7012 2715/7028
f 2715/6904 2654/6888 2655/6936
f 2654/7012 2600/6973 2655/6953
f 2254/6810 2157/6800 2448/6810
f 2265/6811 2157/6800 2254/6810
f 2254/6810 2157/6800 2143/6810
f 2143/6810 2157/6800 2144/6800
f 2144/6800 2157/6800 2318/6800
f 2157/6800 2265/6811 2231/6811
f 2202/8102 2231/7978 2307/8102
f 2231/7978 2265/7978 2307/8102
f 2292/7310 2114/7321 2190/7307
f 2190/8013 2114/8014 2281/7989
f 2111/6813 2210/6829 2245/6761
f 2210/6829 2167/6710 2245/6761
f 2261/7210 2280/7192 2177/7192
f 2127/6780 2280/6779 2189/6803
f 2189/6803 2280/6779 2176/6798
f 2280/6779 2260/6778 2176/6798
f 3801/7739 3840/7739 3811/7739
f 3840/7739 3838/7739 3811/7739
f 4398/6817 4630/6812 4371/6812
f 4630/6812 4397/6812 4371/6812
f 4497/8015 4537/8015 4336/8004
f 4630/6812 4633/6818 4372/6812
f 4633/6818 4596/6818 4372/6812
f 3918/7270 3839/7270 3833/7248
f 3833/7248 3839/7270 3764/7249
f 3764/7249 3839/7270 3758/7271
f 2210/7221 2209/7221 2300/7209
f 2949/6855 3046/6809 3098/6793
f 3098/6743 3046/6801 3055/6721
f 3046/6809 2949/6855 3055/6889
f 2865/7622 2776/7679 2949/7613
f 2776/6689 2865/6747 2949/6762
f 2168/7120 2167/7120 2281/7120
f 2167/7120 2166/7140 2281/7120
f 2293/6713 2281/6727 2292/6727
f 2292/6727 2281/6727 2190/6727
f 2190/7120 2281/7120 2280/7140
f 2281/7120 2166/7140 2280/7140
f 2281/6384 3237/6260 2261/6363
f 2261/7210 3237/7241 2280/7192
f 3237/7222 2281/7120 2280/7140
f 2281/7210 2261/7210 2280/7192
f 2167/7509 2281/7509 2168/7540
f 2281/7509 2293/7509 2168/7540
f 2283/7296 2614/7229 2168/7278
f 2293/6713 2192/6727 2281/6727
f 2192/7540 2168/7540 2281/7509
f 2168/7540 2614/7687 2281/7509
f 2281/6727 2614/6814 2293/6713
f 2614/6711 2283/6881 2293/6898
f 2293/6898 2283/6881 2282/6881
f 4496/7990 4725/7990 4336/8004
f 4336/8004 4537/8015 4496/7990
f 4496/7990 4537/8015 3921/7933
f 3921/7273 4537/7211 4499/7231
f 4537/7211 4498/7211 4499/7231
f 4499/6267 4498/6314 4469/6314
f 4498/7883 4496/7905 4469/7883
f 4496/7905 3921/7840 4469/7883
f 3848/7825 3791/7777 3842/7824
f 3842/7727 3791/7773 3848/7728
f 3791/7499 3842/7465 4512/7564
f 4512/7564 3842/7465 4437/7258
f 3842/7465 3791/7499 4437/7258
f 3791/7499 3657/7387 4437/7258
f 4437/8086 3657/8085 3663/8104
f 3663/8104 3657/8085 3228/8084
f 3657/7559 3791/7704 3228/7583
f 3228/7583 3791/7704 3764/7985
f 4303/7960 4359/8021 3869/8022
f 3755/7477 3627/7478 3548/7386
f 3627/7042 3525/7100 3548/7043
f 3525/7100 3500/7101 3548/7043
f 3548/7272 3500/7264 3455/7253
f 3500/6777 3525/6759 3455/6720
f 3455/6720 3525/6759 3464/6702
f 3525/7338 3627/7350 3464/7297
f 3464/7297 3627/7350 3869/7446
f 3627/7350 3755/7416 3869/7446
f 3869/7628 3755/7539 3840/7632
f 4368/7903 3833/7904 3764/7826
f 3764/7662 3833/7746 3759/7648
f 3833/7746 3840/7739 3759/7648
f 3840/7632 3755/7539 3759/7557
f 3755/7477 3548/7386 3759/7379
f 3759/7379 3548/7386 3764/7160
f 3771/7126 3758/7126 3585/7127
f 3585/7127 3758/7126 3515/7127
f 3758/7126 3764/7160 3515/7127
f 3764/7160 3548/7386 3515/7127
f 3515/7127 3548/7386 3613/7127
f 3613/7127 3548/7386 3599/7386
f 3599/7272 3548/7272 3589/7272
f 3589/7272 3548/7272 3521/7272
f 3548/7272 3455/7253 3521/7272
f 3455/6720 3464/6702 3521/6720
f 3521/6720 3464/6702 3545/6702
f 3545/7297 3464/7297 3855/7446
f 3464/7297 3869/7446 3855/7446
f 3855/8022 3869/8022 4337/8021
f 3869/8022 4359/8021 4337/8021
f 4337/8021 4359/8021 4358/7960
f 4359/8021 4303/7960 4358/7960
f 4358/6467 4303/6467 4348/6466
f 4348/6466 4303/6467 4367/6466
f 4961/6466 4367/6466 3910/6419
f 3910/6419 4367/6466 3888/6419
f 4367/6466 4303/6467 3888/6419
f 4303/6467 3869/6411 3888/6419
f 3888/6419 3869/6411 3930/6419
f 3930/6419 3869/6411 3934/6411
f 3934/7628 3869/7628 3870/7628
f 3870/7628 3869/7628 3808/7628
f 3808/7628 3869/7628 3801/7632
f 3869/7628 3840/7632 3801/7632
f 3840/7739 3833/7746 3801/7739
f 3801/7739 3833/7746 3802/7746
f 3802/7746 3833/7746 3807/7746
f 3807/7746 3833/7746 3845/7746
f 3845/7746 3833/7746 3876/7746
f 3833/7746 3859/7746 3876/7746
f 3876/6848 3859/6871 4527/6849
f 3859/6719 4368/6718 4527/6732
f 4411/6658 4305/6658 4555/6657
f 4305/6658 4581/6657 4555/6657
f 4581/6657 4554/6657 4555/6657
f 4554/6657 4517/6657 4555/6657
f 4517/7706 4527/7903 4555/7706
f 4527/7903 4368/7903 4555/7706
f 4368/7903 3764/7826 4555/7706
f 3764/7826 3791/7499 4555/7706
f 4411/6658 4555/6657 4692/6698
f 4692/6698 4555/6657 4391/6697
f 4555/7706 3791/7499 4391/7675
f 3791/7499 4512/7564 4391/7675
f 4391/6269 4581/6297 4692/6270
f 4411/6658 4692/6698 4627/6658
f 4692/6270 4581/6297 4627/6270
f 4627/6270 4581/6297 4743/6297
f 4743/6297 4581/6297 4554/6297
f 4554/6297 4581/6297 4553/6297
f 4581/6297 4391/6269 4553/6297
f 4553/6297 4391/6269 4552/6269
f 4391/7675 4512/7564 4552/7675
f 4552/7675 4512/7564 4473/7564
f 4473/7564 4512/7564 4602/7258
f 4512/7564 4437/7258 4602/7258
f 4602/8086 4437/8086 4384/8130
f 4384/8130 4437/8086 4601/8130
f 4437/8086 3663/8104 4601/8130
f 3663/8104 3660/8129 4601/8130
f 3660/8129 3679/8129 4601/8130
f 4931/8130 4601/8130 3680/8129
f 4601/8130 3679/8129 3680/8129
f 3679/8129 3660/8129 3262/8128
f 3192/7298 3249/7298 3240/7298
f 3249/7298 3262/7298 3240/7298
f 3262/8128 3660/8129 3240/8128
f 3660/8129 3663/8104 3240/8128
f 3663/8104 3228/8084 3240/8128
f 3834/6530 3837/6531 3895/6523
f 3895/6471 3837/6456 3834/6455
f 3733/6561 3739/6572 3710/6562
f 3739/6572 3738/6573 3710/6562
f 3739/6434 3733/6442 3738/6435
f 3733/6442 3710/6443 3738/6435
f 3495/7831 3477/7818 3453/7810
f 3453/6468 3477/6462 3495/6450
f 3319/7916 3313/7900 3327/7899
f 3327/6549 3313/6550 3319/6543
f 3159/6695 3136/6688 3153/6694
f 3136/6494 3159/6491 3153/6490
f 2935/8093 2892/8094 2948/8070
f 2948/7937 2892/7927 2935/7926
f 2679/8127 2667/8112 2657/8103
f 2657/7986 2667/7979 2679/7970
f 2537/6329 2540/6330 2546/6313
f 2546/6303 2540/6262 2537/6261
f 2300/6665 2327/6666 2280/6654
f 2327/6666 2250/6655 2280/6654
f 2210/6706 2300/6707 2209/6707
f 2191/7195 2178/7195 2264/7171
f 2178/7195 2262/7171 2264/7171
f 2245/7184 2167/7280 2111/7130
f 2111/6862 2167/6964 2210/6836
f 2254/7243 2236/7243 2265/7242
f 2236/7243 2231/7242 2265/7242
f 2265/7139 2231/7139 2307/7235
f 2231/7139 2202/7235 2307/7235
f 2736/7072 2881/7071 2816/7128
f 2881/7071 2983/7119 2816/7128
f 2816/7786 2983/7853 2975/7854
f 2983/6704 2881/6736 2975/6705
f 2975/6705 2881/6736 2949/6746
f 3137/7923 2972/7947 3091/8053
f 2972/7947 3002/8035 3091/8053
f 3091/7422 3002/7385 2864/7351
f 3002/7438 2972/7497 2864/7460
f 2972/7497 3137/7605 2864/7460
f 3137/6693 3098/6653 2864/6621
f 3098/6653 2949/6588 2864/6621
f 2864/6621 2949/6588 2776/6587
f 2949/6588 2715/6540 2776/6587
f 2776/6587 2715/6540 2600/6512
f 2307/8102 2583/7922 2636/7983
f 2636/7983 2583/7922 2711/7921
f 2583/7922 2600/7863 2711/7921
f 2600/6512 2715/6540 2711/6513
f 2715/6540 2949/6588 2711/6513
f 2949/7636 2881/7670 2711/7744
f 2881/7670 2736/7733 2711/7744
f 2736/7949 2816/8028 2711/7962
f 2716/7591 2711/7563 2732/7606
f 2711/7962 2816/8028 2732/8029
f 2816/7786 2975/7854 2732/7738
f 2732/6631 2975/6703 3095/6615
f 2975/6703 2949/6744 3095/6615
f 3095/6615 2949/6744 3518/6579
f 2949/6744 3098/6730 3518/6579
f 3098/6730 3137/6802 3518/6579
f 3137/8113 3091/8040 3518/7988
f 3091/8040 3145/8003 3518/7988
f 3145/8003 3500/7963 3518/7988
f 3518/7988 3500/7963 3711/7928
f 3711/7928 3500/7963 3311/7950
f 3500/7963 3145/8003 3311/7950
f 3317/7929 3311/7950 3213/7906
f 3311/7950 3145/8003 3213/7906
f 3145/8003 3091/8040 3213/7906
f 3091/6819 2864/6906 3213/6712
f 2864/6906 2776/6927 3213/6712
f 2776/6927 2600/7023 3213/6712
f 2700/6795 3213/6514 2691/6630
f 2691/6630 3213/6514 2703/6522
f 3213/6712 2600/7023 2703/6941
f 2703/6905 2600/6989 2265/7110
f 2600/7863 2583/7922 2265/7978
f 2583/7922 2307/8102 2265/7978
f 2265/7139 2307/7235 1815/7236
f 1850/7236 1815/7236 2202/7235
f 1815/7236 2307/7235 2202/7235
f 2202/8102 2307/8102 2630/7983
f 2307/8102 2636/7983 2630/7983
f 2630/7983 2636/7983 2662/7983
f 2662/6844 2636/6844 2678/6844
f 2684/6863 2678/6844 2638/6863
f 2678/6844 2636/6844 2638/6863
f 2636/6844 2711/6907 2638/6863
f 2711/6478 2716/6472 2638/6495
f 2638/6495 2716/6472 2666/6495
f 2716/7591 2732/7606 2666/7591
f 2666/7591 2732/7606 2663/7606
f 2663/6631 2732/6631 2687/6631
f 2687/6631 2732/6631 2730/6631
f 2730/6631 2732/6631 3087/6615
f 2732/6631 3095/6615 3087/6615
f 3087/6615 3095/6615 3542/6579
f 3095/6615 3518/6579 3542/6579
f 3542/7988 3518/7988 3716/7928
f 3518/7988 3711/7928 3716/7928
f 3716/6681 3711/6681 3838/6733
f 4314/6667 4342/6722 3824/6668
f 3824/7062 4342/7049 4386/6999
f 4386/6999 4342/7049 4343/7049
f 4342/6722 4314/6667 4343/6722
f 4343/6722 4314/6667 4513/6667
f 4314/6667 3824/6668 3885/6668
f 3885/7017 3824/7062 3840/7017
f 3824/7062 4386/6999 3840/7017
f 3840/7718 4386/7671 4545/7717
f 4386/7671 4343/7671 4545/7717
f 4343/7671 4513/7717 4545/7717
f 4545/6846 4513/6870 3867/6847
f 4513/8024 3865/8023 3867/8059
f 3867/6733 3865/6733 3840/6733
f 3865/6733 3838/6733 3840/6733
f 3838/6733 3711/6681 3840/6733
f 3711/6681 3311/6440 3840/6733
f 3311/6440 3317/6425 3840/6733
f 3840/6733 3317/6425 3759/6644
f 3317/6425 3213/6266 3759/6644
f 3764/7662 3759/7648 3228/7299
f 3759/7648 3213/7275 3228/7299
f 3192/7298 3730/7661 3240/7298
f 3730/7661 3758/7661 3240/7298
f 3758/7661 3764/7662 3240/7298
f 3764/7662 3228/7299 3240/7298
f 3179/7287 3240/7298 3227/7287
f 3240/7298 3228/7299 3227/7287
f 3228/7299 3213/7275 3227/7287
f 3213/6514 2700/6795 3227/6796
f 2700/7633 3062/7795 3227/7884
f 3192/7884 3227/7884 3072/7795
f 3227/7884 3062/7795 3072/7795
f 3072/7795 3062/7795 2480/7417
f 2480/7417 3062/7795 2254/7417
f 3062/7795 2700/7633 2254/7417
f 2700/7029 2691/7030 2254/6810
f 2691/7030 2703/7031 2254/6810
f 2703/7031 2265/6811 2254/6810
f 2265/7242 1815/7383 2254/7243
f 2448/7243 2254/7243 1821/7384
f 1821/7384 2254/7243 1814/7384
f 2254/7243 1815/7383 1814/7384
f 1814/7384 1815/7383 1851/7384
f 1815/7383 1850/7383 1851/7384
f 2191/7447 2281/7452 2168/7452
f 2281/7405 2167/7380 2168/7380
f 1162/7560 1176/7568 1150/7560
f 2169/7161 2264/7171 2263/7171
f 2191/7195 2264/7171 2169/7161
f 2281/7177 2042/7194 2169/7161
f 2169/7161 2042/7194 2191/7195
f 2042/7439 2281/7452 2191/7447
f 2281/7452 2169/7452 2191/7447
f 2167/7309 2042/7291 2280/7306
f 2167/7201 2280/7212 2042/7224
f 1496/7856 1538/7892 1481/7839
f 1481/6942 1538/6900 1496/6928
f 1685/8087 1666/8061 1644/8060
f 1666/6763 1538/6764 1644/6737
f 1685/8087 1644/8060 1656/8087
f 1656/7111 1644/7141 1649/7111
f 1644/7141 1538/7081 1649/7111
f 1538/7300 1666/7250 1649/7255
f 1649/7255 1666/7250 1645/7255
f 1645/8087 1666/8061 1685/8087
f 1546/7757 2171/8124 1684/7830
f 1684/7830 2171/8124 1681/7822
f 1698/7823 1681/7822 2152/8111
f 1681/7822 2171/8124 2152/8111
f 2306/8111 2152/8111 2155/8124
f 2152/8111 2171/8124 2155/8124
f 2171/8124 1560/7763 2153/8123
f 3642/6974 3248/6745 3507/6919
f 3511/6895 3507/6919 3071/6632
f 3507/6919 3248/6745 3071/6632
f 2306/6263 2153/6405 2152/6263
f 2152/6263 2153/6405 2721/6264
f 2153/6405 2712/6356 2721/6264
f 2721/6264 2712/6356 3252/6265
f 2712/6356 2724/6386 3252/6265
f 2724/6386 3248/6357 3252/6265
f 3252/6797 3248/6745 3632/6981
f 3248/6745 3642/6974 3632/6981
f 3632/7047 3642/7048 4398/6817
f 3642/7048 3507/7098 4398/6817
f 3507/7098 3511/7099 4398/6817
f 4630/6812 4398/6817 4633/6818
f 4398/6817 3511/7099 4633/6818
f 3511/7099 3538/7099 4633/6818
f 4942/6818 4633/6818 3560/7099
f 1565/6433 1546/6433 1310/6259
f 1310/6259 1546/6433 1257/6259
f 1546/6433 1684/6489 1257/6259
f 1684/6489 1681/6493 1257/6259
f 1325/6302 1335/6259 1256/6302
f 1335/6259 1257/6259 1256/6302
f 1257/6259 1681/6493 1256/6302
f 1681/6493 1698/6505 1256/6302
f 2327/6475 2300/6476 2250/6470
f 2250/6603 2300/6604 2170/6597
f 2300/8002 2065/8011 2170/8012
f 2170/7959 2065/7948 2029/7945
f 2250/6616 2170/6622 2300/6617
f 2300/8026 2170/8027 2065/8020
f 2170/6394 2029/6404 2065/6399
f 1881/6541 1880/6542 1865/6533
f 1865/6388 1880/6379 1881/6378
f 1729/7866 1721/7855 1686/7838
f 1686/6837 1721/6830 1729/6820
f 1526/6680 1524/6677 1527/6676
f 1527/6590 1524/6591 1526/6580
f 1526/6368 1519/6364 1524/6373
f 1519/6305 1533/6304 1524/6315
f 1533/8056 1536/8057 1524/8037
f 1524/7535 1536/7524 1526/7534
f 1536/7547 1533/7548 1526/7541
f 1533/6333 1519/6355 1526/6346
f 1517/7510 1519/7511 1526/7498
f 1526/6515 1519/6507 1517/6506
f 1312/7891 1339/7882 1354/7871
f 1354/6429 1339/6420 1312/6412
f 1261/7561 1218/7560 1142/7561
f 1218/7560 1150/7560 1142/7561
f 2284/7917 2140/7858 1696/7857
f 1696/8036 1256/8019 1698/7865
f 1698/7245 1256/7244 1680/7308
f 1680/7308 1256/7244 1692/7320
f 1486/7674 1643/7803 1640/7804
f 1678/7924 1691/7932 2210/8126
f 2757/7681 2740/7696 3229/7461
f 2740/7696 2726/7705 3229/7461
f 3229/7647 2726/7673 3236/7688
f 2726/7673 2718/7695 3236/7688
f 2718/7695 2720/7715 3236/7688
f 3236/7688 2720/7715 3238/7716
f 2720/6731 2737/6696 3238/6581
f 3643/6589 3238/6485 3244/6539
f 3238/6581 2737/6696 3244/6534
f 2737/6696 2739/6656 3244/6534
f 2739/6656 2741/6633 3244/6534
f 3244/7790 2741/7925 3235/7764
f 2722/7129 2728/7091 3239/7001
f 3239/7001 2728/7091 3245/6943
f 3639/7228 3245/7069 3232/7078
f 3637/7230 3233/7125 3793/7124
f 3233/6552 3374/6486 3793/6268
f 3793/6268 3374/6486 3611/6414
f 3611/6414 3374/6486 2994/6715
f 3374/6486 3233/6552 2994/6715
f 2994/6715 3233/6552 2731/6825
f 3233/7573 3230/7355 2731/7660
f 2731/7660 3230/7355 2729/7558
f 2558/7286 2729/7279 2727/7469
f 2729/7558 3230/7355 2727/7345
f 3230/6430 3231/6452 2727/6424
f 2727/6424 3231/6452 2713/6436
f 3231/6896 3232/6899 2713/7024
f 2713/7890 3232/7745 2742/7898
f 3232/7745 3245/7758 2742/7898
f 3245/7758 2728/7911 2742/7898
f 2742/7061 2728/7070 2210/7221
f 2728/7816 2722/7864 2210/7817
f 2210/7817 2722/7864 2743/7944
f 2722/7129 3239/7001 2743/7193
f 3239/7001 3234/7151 2743/7193
f 2743/7193 3234/7151 2735/7254
f 3234/7151 3252/7217 2735/7254
f 2735/6483 3252/6477 2714/6516
f 2714/6516 3252/6477 2721/6551
f 3252/6477 3235/6508 2721/6551
f 2721/6551 3235/6508 2152/6714
f 3235/6508 2741/6633 2152/6714
f 2152/6714 2741/6633 2269/6815
f 2741/6633 2739/6656 2269/6815
f 2739/6656 2737/6696 2269/6815
f 2269/7837 2737/7714 2224/7910
f 2737/7714 2720/7756 2224/7910
f 2720/7734 2718/7726 2224/7961
f 2718/7726 2726/7705 2224/7961
f 2224/7961 2726/7705 2288/7938
f 2726/7705 2740/7696 2288/7938
f 2740/7696 2757/7681 2288/7938
f 2288/7938 2757/7681 2762/7680
f 2762/7901 2757/7912 3281/7902
f 2757/7912 3229/7913 3281/7902
f 3281/7987 3229/8058 3636/7791
f 3229/8058 3236/8071 3636/7791
f 3636/7791 3236/8072 3625/7792
f 3625/7792 3236/8072 3654/7793
f 3236/8072 3238/8073 3654/7793
f 3238/8073 3643/7794 3654/7793
f 3654/7793 3643/7794 4375/7562
f 3643/7223 3244/7269 4375/7082
f 4375/7082 3244/7269 3641/7112
f 3244/7269 3235/7247 3641/7112
f 3641/7112 3235/7247 3655/7090
f 3235/7247 3252/7217 3655/7090
f 3655/7090 3252/7217 3632/7063
f 3252/7217 3234/7151 3632/7063
f 3632/7063 3234/7151 3635/7025
f 3234/7151 3239/7001 3635/7025
f 3635/7025 3239/7001 3631/6965
f 3631/6965 3239/7001 3645/6845
f 3239/7001 3245/6943 3645/6845
f 3245/8055 3639/8054 3645/8125
f 3645/6503 3639/6504 4504/6301
f 4504/7789 3639/7637 3638/7646
f 3639/7228 3232/7078 3638/7234
f 3232/7078 3231/7089 3638/7234
f 3638/7234 3231/7089 3652/7240
f 3231/6452 3230/6430 3652/6451
f 3652/6451 3230/6430 3626/6439
f 3626/6439 3230/6430 3634/6413
f 3230/7346 3233/7125 3634/7319
f 3233/7125 3637/7230 3634/7319
f 3634/7620 3637/7621 4652/7394
f 3637/7621 3793/7488 4652/7394
f 4652/6708 3793/6920 3776/7118
f 3793/6268 3611/6414 3776/6331
f 3093/7877 3776/7455 3079/7877
f 3776/7455 3611/7574 3079/7877
f 3611/6901 2994/6535 3079/6563
f 3079/6659 2994/6715 2250/7054
f 2994/6715 2731/6825 2250/7054
f 2731/7183 2729/7279 2250/7080
f 2729/7279 2558/7286 2250/7080
f 2250/7080 2558/7286 2300/7490
f 2558/7286 2727/7469 2300/7490
f 2727/7469 2713/7489 2300/7490
f 2713/7890 2742/7898 2300/8083
f 2742/7061 2210/7221 2300/7209
f 2210/6706 1691/6897 2300/6707
f 1691/6897 1640/6910 2300/6707
f 1640/6592 1643/6856 2300/6593
f 1643/6856 1650/7000 2300/6593
f 2186/6593 2300/6593 2152/6949
f 2152/6949 2300/6593 2248/6949
f 2300/6593 1650/7000 2248/6949
f 2230/6949 2152/6949 2154/7074
f 2152/6949 2248/6949 2154/7074
f 2154/7074 2248/6949 2250/7074
f 1654/7073 2250/7074 1630/7073
f 2250/7074 2248/6949 1630/7073
f 2248/6949 1650/7000 1630/7073
f 1630/7801 1650/7802 1176/7568
f 1650/7802 1643/7803 1176/7568
f 1643/7803 1486/7674 1176/7568
f 1176/7568 1486/7674 1142/7561
f 1486/7674 1640/7804 1142/7561
f 1640/6910 1691/6897 1142/7107
f 1210/7107 1142/7107 1262/7079
f 1142/7107 1691/6897 1262/7079
f 1691/7932 1678/7924 1262/7772
f 1678/7550 1697/7454 1262/7549
f 1697/7454 1692/7320 1262/7549
f 1692/7320 1256/7244 1262/7549
f 1262/7549 1256/7244 1137/7549
f 1137/7549 1256/7244 1133/7244
f 1133/7244 1256/7244 1170/7244
f 1170/8019 1256/8019 1214/8019
f 1256/8019 1696/8036 1214/8019
f 1214/8019 1696/8036 1606/8036
f 1614/7778 1606/7857 1702/7778
f 1606/7857 1696/7857 1702/7778
f 1696/7857 1830/7779 1702/7778
f 1634/7778 1702/7778 1805/7779
f 1702/7778 1830/7779 1805/7779
f 1805/7779 1830/7779 1983/7780
f 1983/7780 1830/7779 2182/7780
f 1830/7779 1696/7857 2182/7780
f 1696/7857 2140/7858 2182/7780
f 2286/7780 2182/7780 2139/7858
f 2182/7780 2140/7858 2139/7858
f 2140/7858 2284/7917 2139/7858
f 2139/7858 2284/7917 2268/7917
f 2229/7246 2138/7246 2151/7246
f 2248/7246 2151/7246 2152/7246
f 2151/7246 2138/7246 2152/7246
f 2138/6726 2268/6824 2152/6726
f 2268/6824 2284/6824 2152/6726
f 2284/6824 1696/7018 2152/6726
f 1696/7018 1698/6882 2152/6726
f 1698/7245 1680/7308 2152/7246
f 2248/7246 2152/7246 2261/7380
f 2293/7405 2292/7405 2281/7405
f 2292/7405 2190/7380 2281/7405
f 2281/7405 2190/7380 2167/7380
f 2190/7380 2261/7380 2167/7380
f 2261/7380 2152/7246 2167/7380
f 2152/7246 1680/7308 2167/7380
f 1680/7308 1692/7320 2167/7380
f 2167/7380 1692/7320 2281/7405
f 1692/7320 1697/7454 2281/7405
f 1697/7454 1678/7550 2281/7405
f 1678/7550 2210/7551 2281/7405
f 2210/7817 2743/7944 2281/7984
f 2743/7944 2735/8052 2281/7984
f 2735/6483 2714/6516 2281/6544
f 2714/6516 2721/6551 2281/6544
f 2721/6551 2152/6714 2281/6544
f 2261/6544 2281/6544 2248/6714
f 2281/6544 2152/6714 2248/6714
f 2248/6714 2152/6714 2151/6714
f 2151/6714 2152/6714 2229/6714
f 2229/6714 2152/6714 2138/6714
f 2138/6714 2152/6714 2172/6815
f 2152/6714 2269/6815 2172/6815
f 2172/7837 2269/7837 2223/7910
f 2269/7837 2224/7910 2223/7910
f 2223/7961 2224/7961 2204/7938
f 2224/7961 2288/7938 2204/7938
f 2204/6385 2288/6385 2287/6371
f 2287/6371 2288/6385 2272/6371
f 2288/6385 2762/6372 2272/6371
f 2762/6372 2745/6372 2272/6371
f 1938/6371 2272/6371 2725/6372
f 2762/7901 3281/7902 3264/7902
f 3264/7987 3281/7987 4116/7569
f 4116/7569 3281/7987 4463/7569
f 3281/7987 3636/7791 4463/7569
f 3636/7791 3625/7792 4463/7569
f 3625/7792 3654/7793 4463/7569
f 3654/6482 4375/6469 4463/6529
f 4317/6529 4463/6529 4567/6469
f 4463/6529 4375/6469 4567/6469
f 4341/7404 4544/7393 4503/7393
f 4503/7393 4544/7393 4410/7394
f 4544/7393 4652/7394 4410/7394
f 4410/7765 4652/7774 4630/7759
f 4652/8039 4425/8038 4630/8074
f 4425/6812 4397/6812 4630/6812
f 4397/6812 4371/6812 4630/6812
f 4630/6812 4371/6812 4398/6817
f 4371/6937 4567/7082 4398/6937
f 4567/7082 4375/7082 4398/6937
f 4375/7082 3641/7112 4398/6937
f 3641/7112 3655/7090 4398/6937
f 3655/7090 3632/7063 4398/6937
f 3632/6500 3635/6501 4398/6300
f 3635/6501 3631/6502 4398/6300
f 3631/6502 3645/6503 4398/6300
f 3645/6503 4504/6301 4398/6300
f 4398/6300 4504/6301 4630/6296
f 4398/6817 4630/6812 4633/6818
f 4633/6818 4630/6812 4430/6818
f 4430/7165 4630/7032 4652/6760
f 4652/6760 4630/7032 4340/6709
f 4340/6258 4630/6296 4341/6258
f 4630/6296 4504/6301 4341/6258
f 4504/7789 3638/7646 4341/7809
f 3638/7646 3652/7659 4341/7809
f 3652/7618 3626/7619 4341/7404
f 3626/7619 3634/7620 4341/7404
f 3634/7620 4652/7394 4341/7404
f 4341/7404 4652/7394 4544/7393
f 4544/7393 4652/7394 5004/7393
f 5004/7393 4652/7394 4968/7394
f 5019/7102 4968/6708 4430/7102
f 4968/6708 4652/6708 4430/7102
f 4652/6708 3776/7118 4430/7102
f 4884/7102 4430/7102 3778/7118
f 4430/7102 3776/7118 3778/7118
f 3778/7455 3776/7455 3104/7877
f 3776/7455 3093/7877 3104/7877
f 3104/6659 3093/6659 2446/7054
f 3093/6659 3079/6659 2446/7054
f 3079/6659 2250/7054 2446/7054
f 2446/7074 2250/7074 1700/7073
f 2250/7074 1654/7073 1700/7073
f 1700/7801 1654/7801 1240/7568
f 1654/7801 1630/7801 1240/7568
f 1630/7801 1176/7568 1240/7568
f 1240/7568 1176/7568 1194/7568
f 1147/7560 1194/7568 1150/7560
f 1194/7568 1176/7568 1150/7560
f 1176/7568 1142/7561 1150/7560
f 4499/6267 4469/6314 3921/6347
f 3098/6743 3055/6721 2949/6687
f 2715/6904 2655/6936 2600/6954
f 438/11158 388/11158 382/11158
f 388/11158 383/11160 382/11158
f 382/11158 383/11160 439/11160
f 414/11158 382/11158 380/11159
f 382/11158 368/11159 380/11159
f 617/11159 368/11159 593/11161
f 593/11161 368/11159 290/11161
f 290/11161 368/11159 202/11161
f 619/11157 539/11154 418/11157
f 539/11154 202/11154 418/11157
f 372/11156 418/11157 207/11155
f 418/11157 202/11154 207/11155
f 202/11161 368/11159 207/11162
f 207/11162 368/11159 439/11160
f 439/11160 368/11159 382/11158
f 369/11147 399/11148 382/11143
f 399/11148 411/11141 382/11143
f 411/11141 386/11142 382/11143
f 382/11123 386/11121 439/11120
f 361/11130 399/11132 381/11132
f 416/11131 411/11131 368/11129
f 141/11127 108/11128 172/11126
f 108/11122 202/11125 172/11124
f 141/11114 172/11115 108/11113
f 172/11115 202/11116 108/11113
f 88/11119 134/11118 132/11117
f 586/11112 290/11110 370/11112
f 401/11157 418/11157 393/11156
f 393/11156 418/11157 372/11156
f 418/11157 370/11157 372/11156
f 372/11134 370/11139 378/11133
f 378/11111 370/11112 389/11111
f 407/11136 389/11140 434/11136
f 207/11145 439/11146 372/11144
f 394/11137 434/11137 384/11144
f 434/11137 372/11144 384/11144
f 384/11144 372/11144 404/11144
f 404/11144 372/11144 408/11144
f 372/11144 439/11146 408/11144
f 408/11144 439/11146 383/11146
f 439/11160 382/11158 383/11160
f 383/11160 382/11158 388/11158
f 388/11158 382/11158 438/11158
f 438/11149 382/11149 423/11149
f 423/11149 382/11149 412/11150
f 412/11150 382/11149 361/11150
f 382/11149 439/11151 361/11150
f 439/11151 207/11152 361/11150
f 399/11132 361/11130 411/11131
f 361/11130 368/11129 411/11131
f 616/11131 411/11131 618/11129
f 411/11131 368/11129 618/11129
f 618/11159 368/11159 617/11159
f 617/11159 368/11159 593/11161
f 593/11161 368/11159 290/11161
f 290/11161 368/11159 202/11161
f 368/11108 361/11107 202/11106
f 202/11106 361/11107 134/11105
f 361/11150 207/11152 134/11153
f 207/11145 372/11144 134/11138
f 372/11144 434/11137 134/11138
f 434/11136 389/11140 134/11135
f 389/11111 370/11112 134/11109
f 134/11109 370/11112 132/11110
f 370/11112 290/11110 132/11110
f 290/11106 202/11106 132/11104
f 202/11106 134/11105 132/11104
f 88/11103 132/11104 134/11105
f 3522/7721 3528/7721 3025/7427
f 3025/7427 3528/7721 3039/7427
f 4282/8091 3528/7721 4939/8091
f 3528/7721 3522/7721 4939/8091
f 2394/6864 2463/6864 2395/6864
f 2367/6865 2407/6858 2441/6865
f 2441/6865 2407/6858 2461/6858
f 3335/8025 3360/8006 3382/7991
f 3009/6272 2977/6306 2962/6307
f 2494/8117 2505/8088 2502/8096
f 4897/6716 4856/6729 4901/6601
f 4901/6407 4856/6398 4851/6397
f 2415/6281 2390/6319 2457/6281
f 4871/6867 4879/6841 4881/6840
f 2377/7094 2376/7094 2441/7075
f 3499/6724 3403/6734 3628/6805
f 3628/6805 3403/6734 3405/6804
f 3413/6556 3405/6556 3367/6556
f 3367/6556 3405/6556 3353/6556
f 3405/6804 3403/6734 3353/6804
f 3353/6804 3403/6734 3364/6804
f 3364/6804 3403/6734 3294/6804
f 3270/7396 3272/7525 3306/7396
f 3508/7397 3306/7396 3499/7526
f 3499/7526 3306/7396 3295/7525
f 3306/7396 3272/7525 3295/7525
f 3272/7554 3284/7554 3295/7554
f 3284/7554 3294/7554 3295/7554
f 3294/7554 3403/7610 3295/7554
f 3403/7610 3499/7644 3295/7554
f 3504/6600 3303/6527 3628/6647
f 3303/6527 3405/6556 3628/6647
f 3628/6647 3405/6556 4933/6873
f 4864/6873 4933/6873 3413/6556
f 4933/6873 3405/6556 3413/6556
f 3413/6556 3405/6556 3302/6527
f 3405/6556 3303/6527 3302/6527
f 3272/7525 3268/7578 3295/7525
f 3268/7578 3303/7578 3295/7525
f 3303/7578 3504/7579 3295/7525
f 3295/7525 3504/7579 3499/7526
f 2391/7666 2748/7677 2404/7643
f 2404/6326 2748/6279 2391/6310
f 2399/6312 2415/6281 2400/6281
f 2389/6984 2390/7002 2449/6984
f 2390/7002 2515/7003 2449/6984
f 2402/7504 2449/7566 2352/7504
f 2352/7504 2449/7566 2399/7504
f 2449/7566 2515/7762 2399/7504
f 2515/6415 2390/6319 2399/6312
f 2399/6312 2390/6319 2415/6281
f 4851/7284 4836/7284 4837/7294
f 4899/7482 3283/7449 4837/7462
f 4939/7966 3408/7592 3805/7844
f 3408/7372 3411/7373 3805/7153
f 3805/7153 3411/7373 3527/7313
f 3504/6389 3580/6380 3100/6400
f 3580/6380 3531/6332 3100/6400
f 3100/6400 2563/6594 2566/6582
f 2563/6594 2577/6574 2566/6582
f 2566/8137 2577/8106 2568/8136
f 2568/8136 2577/8106 2580/8105
f 2580/8105 2577/8106 2619/8105
f 2619/8105 2577/8106 2615/8106
f 2615/6574 2577/6574 2605/6574
f 2605/6574 2577/6574 2587/6594
f 2587/6594 2577/6574 2557/6594
f 2577/6574 2563/6594 2557/6594
f 2557/6594 2563/6594 2414/6645
f 2414/6645 2563/6594 2366/6645
f 2563/6594 3100/6400 2366/6645
f 2371/6564 2414/6645 2373/6564
f 2414/6645 2366/6645 2373/6564
f 2366/6645 3100/6400 2373/6564
f 2373/6564 3100/6400 2375/6553
f 2496/6626 2375/6684 3026/6288
f 2375/6553 3100/6400 3026/6316
f 3100/6400 3531/6332 3026/6316
f 3531/6332 3512/6271 3026/6316
f 3512/7314 3527/7313 3026/7598
f 3527/7313 3411/7373 3026/7598
f 3411/7373 3408/7372 3026/7598
f 3026/7598 3408/7372 3025/7597
f 3025/7427 3408/7654 3522/7721
f 3408/7654 4939/8091 3522/7721
f 3382/7390 3360/7381 3335/7367
f 3009/6392 2962/6383 2977/6382
f 2970/8107 2974/8108 2890/8065
f 2890/8043 2974/8008 2970/8007
f 2414/6915 2366/6915 1886/6806
f 2366/6915 1843/6806 1886/6806
f 2433/6950 2377/6944 2432/6950
f 2461/7326 2431/7317 2394/7316
f 2431/8095 2377/8135 2394/7819
f 2394/7819 2377/8135 2455/7735
f 2455/6945 2377/6944 2433/6950
f 1795/7639 1782/7639 2481/7638
f 1782/7639 1777/7639 2397/7638
f 1777/7639 1774/7584 2397/7638
f 2453/7527 2397/7638 2394/7527
f 2397/7638 1774/7584 2394/7527
f 2394/7527 1774/7584 1768/7528
f 1768/7528 1774/7584 1448/7529
f 1774/7584 1450/7640 1448/7529
f 1448/7529 1450/7640 1502/7529
f 2440/7162 1752/7218 2447/7152
f 1459/8079 1491/8032 1485/8031
f 2441/7493 2367/7493 2377/7513
f 1423/7146 1457/7146 1413/7147
f 2450/6922 2383/6922 2443/6946
f 2459/6929 2443/6946 2391/6929
f 2450/6922 2443/6946 2459/6929
f 2465/7781 2362/7805 2418/7760
f 2423/6496 2441/6496 2346/6275
f 2385/6275 2386/6275 2343/6275
f 2405/7104 2343/7065 2419/7077
f 2419/7077 2343/7065 2394/7044
f 2343/6275 2386/6275 2394/6275
f 2386/6275 2346/6275 2394/6275
f 2346/6275 2441/6496 2394/6275
f 2441/6865 2461/6858 2394/6864
f 2433/6950 2431/6950 2455/6945
f 2431/6287 2435/6402 2455/6678
f 2435/6447 2394/6448 2455/6437
f 2394/6448 2461/6454 2455/6437
f 2455/7572 2461/7545 2464/7544
f 2350/8076 2442/8062 2392/8076
f 2392/8076 2442/8062 2424/8062
f 2426/7238 2370/7220 2359/7293
f 2370/7220 2416/7274 2359/7293
f 2416/7092 2424/7092 2359/7034
f 2424/7092 2442/7092 2359/7034
f 2492/7312 2439/7282 2490/7311
f 2439/7282 2359/7281 2490/7311
f 2564/7121 2490/7026 2498/7144
f 2490/7026 2359/7034 2498/7144
f 2359/7034 2442/7092 2498/7144
f 2442/8062 2350/8076 2498/8134
f 2498/8134 2350/8076 2500/8133
f 2513/8133 2500/8133 2485/8076
f 2500/8133 2350/8076 2485/8076
f 2403/6518 1752/6565 2391/6497
f 2391/6401 1752/6318 2403/6391
f 2459/6929 2388/6929 2443/6946
f 2388/6649 1984/6822 2443/6584
f 2443/6946 1984/6957 2459/6929
f 2382/6929 2450/6922 2344/6929
f 2450/6922 2459/6929 2344/6929
f 2344/7957 2459/7974 2401/7957
f 2459/7974 1984/7797 2401/7957
f 1984/6293 2388/6299 2401/6323
f 2401/6323 2388/6299 2458/6299
f 2447/6369 1752/6294 2440/6359
f 2416/6566 2417/6566 2368/6625
f 2368/6625 2417/6566 2381/6625
f 2417/6566 1932/6570 2381/6625
f 1884/6979 1870/6975 1846/6966
f 1725/6375 1767/6366 1759/6358
f 1759/6350 1767/6334 1725/6327
f 1564/7412 1554/7406 1547/7399
f 1547/7360 1554/7358 1564/7348
f 1485/6320 1491/6321 1459/6283
f 4908/7520 4932/7519 4833/7520
f 4833/7520 4932/7519 4923/7519
f 4923/7519 4932/7519 3871/7450
f 3871/7450 4932/7519 3872/7450
f 4932/7519 4908/7520 3872/7450
f 3129/7885 3415/7676 3048/7867
f 3048/7867 3415/7676 3303/7689
f 3415/7676 3413/7676 3303/7689
f 3882/7567 3816/7567 3872/7567
f 3816/7567 3821/7692 3872/7567
f 3872/7567 3821/7692 3894/7692
f 3836/6769 3821/6769 3894/6769
f 4865/7954 3821/7955 4857/7935
f 2468/6982 2410/6982 2420/6982
f 2410/6982 2408/6982 2420/6982
f 2408/8116 2444/7894 2420/8116
f 2420/8116 2444/7894 2384/7894
f 2384/7894 2444/7894 2469/7719
f 2469/7719 2444/7894 2398/7719
f 4886/7340 4866/7339 4858/7339
f 3879/7277 4866/7339 4843/7340
f 4866/7339 4886/7340 4843/7340
f 4886/7340 4887/7340 4843/7340
f 3868/6751 3916/6782 3890/6751
f 3987/6782 3916/6782 4885/6884
f 4895/6884 4885/6884 4843/6872
f 4843/6872 4885/6884 3903/6767
f 3916/6782 3868/6751 3903/6767
f 3903/6767 3868/6751 3879/6750
f 3879/6750 3868/6751 3919/6751
f 3891/6782 3868/6751 3916/6782
f 4883/7122 3985/7353 4908/7503
f 3829/6769 3894/6769 3821/6769
f 3821/6769 3894/6769 3906/6754
f 3953/6755 3894/6754 3908/6755
f 3894/6769 3684/6923 3908/6755
f 3684/6923 3687/6924 3908/6755
f 3903/7109 4843/7203 3879/7105
f 3829/6769 3894/6769 3821/6769
f 3912/8041 3957/8077 3894/8030
f 3957/8077 3932/8078 3894/8030
f 3894/7692 3932/7692 3872/7567
f 3932/7692 3945/7567 3872/7567
f 3945/7567 3882/7567 3872/7567
f 3882/7567 3816/7567 3872/7567
f 3816/7567 3821/7692 3872/7567
f 3821/7692 3894/7692 3872/7567
f 3872/7567 3894/7692 3916/7994
f 3894/7692 3903/7956 3916/7994
f 4131/7448 3354/7418 3936/7426
f 3304/7873 3667/7652 3671/7685
f 3673/7783 3671/7685 3936/7630
f 4883/7400 4863/7575 3940/7440
f 4863/7575 3936/7630 3940/7440
f 3936/7630 3671/7685 3940/7440
f 3671/7685 3667/7652 3940/7440
f 3667/7796 3754/7806 3940/7571
f 3940/7571 3754/7806 3788/7766
f 3788/7766 3754/7806 3520/8097
f 3754/7806 3667/7796 3520/8097
f 3667/7796 3304/8080 3520/8097
f 3594/6484 3473/6461 3520/6474
f 3520/6474 3473/6461 3483/6460
f 3556/6460 3483/6460 3559/6461
f 3483/6460 3473/6461 3559/6461
f 3559/6461 3473/6461 3614/6484
f 3473/6461 3594/6484 3614/6484
f 3614/7356 3594/7356 3656/7356
f 3656/7356 3594/7356 3678/7356
f 3669/7237 3678/7356 3607/7237
f 3678/7356 3594/7356 3607/7237
f 3553/7225 3607/7237 3312/7232
f 3607/7237 3594/7356 3312/7232
f 3594/7356 3520/7388 3312/7232
f 3520/7388 3304/7276 3312/7232
f 3304/7873 3671/7685 3312/7934
f 3671/7685 3673/7783 3312/7934
f 3312/7934 3673/7783 3662/7860
f 3673/7783 3922/7634 3662/7860
f 3922/6816 3936/6821 3662/6648
f 3936/6691 3354/6289 3662/6480
f 3662/7256 3354/7115 3310/7115
f 3553/7225 3312/7232 3310/7103
f 3312/7934 3662/7860 3310/8141
f 2366/7395 2414/7395 1843/7352
f 2414/7395 1886/7352 1843/7352
f 1280/7335 1307/7341 1315/7341
f 1278/6322 1239/6526 1315/6286
f 1239/6526 1247/6557 1315/6286
f 1315/7341 1247/7342 1333/7342
f 1247/7342 1284/7342 1333/7342
f 1479/6766 1445/6766 1457/6781
f 1472/6876 1471/6875 1448/6885
f 1471/6517 1479/6766 1448/6525
f 1448/6525 1479/6766 1457/6781
f 1467/6685 1471/6995 1413/6663
f 1471/6995 1472/7133 1413/6663
f 1413/7143 1472/6673 1407/6673
f 568/8082 600/8064 565/8081
f 1413/6675 1457/6646 1464/6675
f 779/6351 788/6360 765/6336
f 2384/8139 2444/8139 2420/8140
f 2411/8140 2420/8140 2351/8140
f 2351/8140 2420/8140 2408/8140
f 2420/8140 2444/8139 2408/8140
f 2398/8138 2444/8139 2469/8138
f 2444/8139 2384/8139 2469/8138
f 1852/7058 1642/6968 1717/6986
f 1642/6968 1668/6968 1717/6986
f 1717/6752 1668/6752 1688/6768
f 1668/7202 1642/7202 1688/7178
f 1642/7202 1852/7131 1688/7178
f 1004/7596 1114/7565 1007/7595
f 1200/7565 1128/7565 1116/7565
f 1233/7491 1114/7565 1231/7492
f 1114/7565 1004/7596 1231/7492
f 1451/7740 1231/7651 1266/7747
f 1231/7651 1004/7665 1266/7747
f 2517/6409 2534/6408 2552/6426
f 3129/7885 3096/7951 3415/7676
f 3096/7951 3392/7930 3415/7676
f 3415/7676 3392/7930 4933/7623
f 3392/7930 3746/7842 4933/7623
f 4933/7623 3746/7842 4845/7893
f 4845/7893 3746/7842 3399/8115
f 3746/7842 3392/7930 3399/8115
f 3440/7761 3346/7690 3330/7748
f 3346/7690 3256/7682 3330/7748
f 3331/7813 3330/7812 3251/7879
f 3330/7812 3256/7878 3251/7879
f 3256/7641 3346/7642 3251/7585
f 3251/7585 3346/7642 3347/7586
f 3347/7887 3346/7886 3441/7953
f 3346/7886 3440/7952 3441/7953
f 3440/7213 3330/7214 3441/7154
f 3330/7214 3331/7155 3441/7154
f 3331/6634 3161/6528 3441/6739
f 3441/6739 3161/6528 3421/6700
f 3421/6700 3161/6528 2771/6328
f 3161/6528 3331/6634 2771/6328
f 2641/6349 2768/6278 2642/6348
f 2768/6278 2771/6277 2642/6348
f 2771/6328 3331/6634 2642/6295
f 3331/6634 3251/6635 2642/6295
f 2642/7609 3251/7629 2670/7859
f 3251/7095 3347/7187 2670/6938
f 3347/7187 3399/7251 2670/6938
f 3399/7251 3392/7302 2670/6938
f 3392/7302 3096/7188 2670/6938
f 3096/7188 3129/7233 2670/6938
f 3129/7233 3048/7215 2670/6938
f 3048/7215 2552/7050 2670/6938
f 2552/7050 2534/7020 2670/6938
f 2534/7020 2550/6971 2670/6938
f 2366/7395 1706/7196 1863/7157
f 1916/8042 1473/7749 1788/7918
f 1401/7434 1530/7266 1828/7374
f 1828/7374 1530/7266 1860/7265
f 1864/7265 1860/7265 1542/7266
f 1860/7265 1530/7266 1542/7266
f 1542/7266 1530/7266 906/7267
f 906/7267 1530/7266 860/7267
f 860/7267 1530/7266 841/7512
f 1530/7266 1401/7434 841/7512
f 1401/7434 1375/7502 841/7512
f 1375/7720 1528/7787 841/7494
f 1528/7787 1788/7918 841/7494
f 1788/7918 1473/7749 841/7494
f 841/7494 1473/7749 1274/7684
f 1473/7749 1863/7964 1274/7684
f 1863/7157 1706/7196 1274/6955
f 1274/6955 1706/7196 1843/7352
f 1706/7196 2366/7395 1843/7352
f 1843/6806 2366/6915 2375/6916
f 2375/6916 2366/6915 2430/6916
f 2430/6916 2366/6915 2414/6915
f 2363/7185 2467/7185 2420/7185
f 2420/7185 2467/7185 2357/7185
f 2467/7185 2351/7185 2357/7185
f 2351/7185 2414/6956 2357/7185
f 2414/6956 2366/6956 2357/7185
f 2366/6956 1863/7033 2357/7185
f 2421/8090 2357/8142 2427/8090
f 2357/8142 1863/8119 2427/8090
f 2356/8034 2427/8089 2420/8034
f 2427/8089 1863/8118 2420/8034
f 1863/7964 1473/7749 2420/8140
f 1473/7749 1916/8042 2420/8140
f 1916/8042 2384/8139 2420/8140
f 2384/7894 2670/7859 2420/8116
f 2468/8018 2420/8018 2422/8018
f 2422/8018 2420/8018 2437/7971
f 2420/8018 2670/8005 2437/7971
f 2364/6690 2437/6690 2428/6674
f 2437/6690 2670/6826 2428/6674
f 2420/6982 2428/7019 2468/6982
f 2428/7019 2670/6990 2468/6982
f 2670/6938 2550/6971 2468/6874
f 2420/6982 2468/6982 2409/6982
f 2409/6874 2468/6874 2396/6874
f 2414/7014 2396/6874 2366/7014
f 2396/6874 2468/6874 2366/7014
f 2468/6874 2550/6971 2366/6992
f 2550/7709 2534/7868 2366/7973
f 2534/6406 2517/6445 2366/6431
f 2517/6985 2552/7050 2366/7014
f 2552/7050 3048/7215 2366/7014
f 3048/7215 2577/7116 2366/7014
f 2414/7014 2366/7014 2587/7116
f 2366/7014 2577/7116 2587/7116
f 2587/7288 2577/7288 2605/7288
f 2605/7288 2577/7288 2615/7288
f 2603/7283 2615/7288 2574/7283
f 2615/7288 2577/7288 2574/7283
f 3054/7481 2574/7283 3051/7480
f 2574/7283 2577/7288 3051/7480
f 2577/7288 3048/7479 3051/7480
f 3051/7480 3048/7479 3124/7543
f 3048/7479 3129/7542 3124/7543
f 3129/7553 3415/7552 3124/7600
f 3124/7600 3415/7552 3418/7599
f 3418/7599 3415/7552 3379/7599
f 3379/7599 3415/7552 3368/7552
f 3368/7552 3415/7552 3390/7552
f 3390/7676 3415/7676 3413/7676
f 3413/7676 3415/7676 4864/7623
f 3415/7676 4933/7623 4864/7623
f 4933/7623 4845/7893 4864/7623
f 4864/7623 4845/7893 4953/7893
f 4845/6991 4936/6948 4953/6991
f 4936/6948 4845/6991 4000/6912
f 4845/7132 3421/6700 4000/6860
f 4000/6860 3421/6700 3352/6449
f 3421/6700 2771/6328 3352/6449
f 3349/6449 3350/6449 2769/6328
f 3350/6449 3352/6449 2769/6328
f 3352/6449 2771/6328 2769/6328
f 2769/6328 2771/6328 2717/6328
f 2717/6328 2771/6328 2719/6328
f 2771/6277 2768/6278 2719/6277
f 2719/6277 2768/6278 2705/6278
f 2768/6278 2641/6349 2705/6349
f 2641/6349 2642/6348 2705/6349
f 2705/6349 2642/6348 2688/6348
f 2688/6348 2642/6348 2672/6348
f 2672/7609 2642/7609 2651/7609
f 2651/7609 2642/7609 2398/7719
f 1798/7993 2398/7965 2469/7992
f 2398/7719 2642/7609 2469/7719
f 2642/7609 2670/7859 2469/7719
f 2670/7859 2384/7894 2469/7719
f 2384/8139 1916/8042 2469/8138
f 1916/8042 1788/7918 2469/8138
f 1788/7918 1528/7787 2469/8138
f 1528/7787 1375/7720 2469/8138
f 2469/8138 1375/7720 1833/7946
f 1375/7502 1401/7434 1833/7501
f 1401/7434 1828/7374 1833/7501
f 1828/7769 1860/7895 1833/7614
f 1860/7895 1861/7615 1833/7614
f 1798/7614 1833/7614 1844/7615
f 1833/7614 1861/7615 1844/7615
f 1844/7615 1861/7615 1876/7615
f 1876/7615 1861/7615 1879/7615
f 1861/7615 1860/7895 1879/7615
f 1879/7615 1860/7895 1878/7895
f 622/8033 850/7768 566/8033
f 594/8033 566/8033 557/8063
f 557/8063 566/8033 600/8063
f 566/8033 837/7782 600/8063
f 837/7782 845/7776 600/8063
f 600/8063 845/7767 843/7775
f 843/7775 845/7767 1311/7536
f 1373/7516 1393/7530 1300/7516
f 1393/7530 1333/7530 1300/7516
f 1333/7530 1311/7536 1300/7516
f 1311/7536 845/7767 1300/7516
f 845/7776 1301/7531 1300/7516
f 1301/7180 1208/7198 1300/7173
f 1301/7174 1300/7173 1208/7198
f 842/6624 1311/6298 844/6537
f 844/6537 1311/6298 843/6463
f 843/6463 854/6458 600/6607
f 854/6458 858/6457 600/6607
f 600/6599 858/6457 561/6598
f 561/6598 858/6457 772/6487
f 1212/7708 1431/7624 772/7995
f 1431/7624 774/7967 772/7995
f 1191/7076 1071/7108 772/7261
f 772/7261 1071/7108 946/7186
f 946/6682 1071/6583 1573/6446
f 1071/6583 1191/6555 1573/6446
f 1573/6446 1191/6555 1757/6395
f 1757/6960 1191/6577 1209/6576
f 1191/6577 772/6291 1209/6576
f 1209/6576 772/6291 1091/6546
f 772/6291 774/6290 1091/6546
f 774/6290 1105/6545 1091/6546
f 1091/6546 1105/6545 1601/6890
f 1601/7413 1105/7710 1201/7678
f 1105/7710 774/8092 1201/7678
f 774/8092 1154/7678 1201/7678
f 1201/7939 1154/7939 1764/7581
f 1764/7581 1154/7939 1718/7581
f 1154/7678 774/8092 755/8092
f 755/8092 774/8092 746/8092
f 746/7967 774/7967 756/7967
f 756/7967 774/7967 1380/7624
f 774/7967 1431/7624 1380/7624
f 1380/7624 1431/7624 1719/7442
f 1719/7442 1431/7624 1738/7442
f 1431/7624 1212/7708 1738/7442
f 1738/7442 1212/7708 1196/7729
f 1212/7708 772/7995 1196/7729
f 1196/6311 772/6487 1333/6280
f 772/6487 858/6457 1333/6280
f 858/6457 854/6458 1333/6280
f 854/6458 843/6463 1333/6280
f 843/6463 1311/6298 1333/6280
f 1333/7342 1311/7336 1315/7341
f 1315/7341 1311/7336 1280/7335
f 1311/6298 842/6624 1280/6473
f 842/7354 838/7357 1280/7179
f 1306/7179 1280/7179 1241/7197
f 1280/7179 838/7357 1241/7197
f 1337/7843 1241/7872 1326/7683
f 1326/6933 1241/7167 1333/6832
f 1333/6832 1241/7167 1350/6701
f 1232/7292 1228/7292 1270/7301
f 1228/7292 1268/7301 1270/7301
f 1268/7301 1330/7301 1270/7301
f 1330/7301 1350/7301 1270/7301
f 1350/7301 1241/7219 1270/7301
f 1270/7301 1241/7219 1232/7292
f 1241/7219 865/7055 1232/7292
f 865/7055 658/6911 1232/7292
f 658/6911 672/6921 1232/7292
f 1270/7301 1232/7292 1269/7301
f 1269/6387 1232/6403 936/6335
f 936/6993 1232/7166 930/6994
f 1232/7166 672/6771 930/6994
f 928/7145 908/7159 681/7093
f 908/6488 930/6492 681/6292
f 930/6994 672/6771 681/6770
f 681/6921 672/6921 675/6921
f 675/6921 672/6921 663/6921
f 672/6921 658/6911 663/6921
f 663/6921 658/6911 626/6857
f 626/6857 658/6911 546/6857
f 554/6748 546/6857 560/6748
f 546/6857 658/6911 560/6748
f 658/6911 865/7055 560/6748
f 865/7055 1241/7219 560/6748
f 1241/7197 838/7357 560/7515
f 583/7514 560/7515 584/7514
f 560/7515 838/7357 584/7514
f 838/7357 842/7354 584/7514
f 842/6624 844/6537 584/6851
f 844/6537 843/6463 584/6851
f 843/6463 600/6607 584/6851
f 582/6851 584/6851 573/6607
f 584/6851 600/6607 573/6607
f 573/6607 600/6599 599/6599
f 599/6599 600/6607 564/6607
f 564/6607 600/6599 592/6599
f 592/6599 600/6607 556/6598
f 600/6607 561/6598 556/6598
f 556/6598 561/6598 557/6598
f 557/6598 561/6598 580/6598
f 580/6598 561/6598 588/6606
f 561/6598 772/6487 588/6606
f 772/7261 946/7186 588/7398
f 3492/7027 4841/7114 3497/7057
f 4841/6799 4948/6852 3497/6967
f 3497/7051 4948/6932 3496/7083
f 3496/7083 4948/6932 3482/7172
f 3488/7664 3777/7500 3489/7663
f 2962/7972 3265/7811 2977/7980
f 878/6381 895/6536 563/6374
f 563/6374 895/6536 642/6728
f 895/6536 898/6765 642/6728
f 642/6728 898/6765 909/6765
f 909/6672 898/6672 1407/6673
f 898/6672 895/6908 1407/6673
f 1767/6669 2377/6944 1758/6670
f 1758/7841 1760/8131 1407/8132
f 1407/7204 1760/6934 1564/7045
f 1564/7045 1760/6934 2455/6664
f 1760/6671 1758/6670 2455/6945
f 1758/6670 2377/6944 2455/6945
f 2377/6661 2604/6479 2455/6660
f 2604/6479 2765/6390 2455/6660
f 2571/6524 2455/6660 2647/6453
f 2455/6660 2765/6390 2647/6453
f 2647/6453 2765/6390 2977/6306
f 2977/6306 2765/6390 2962/6307
f 2765/6390 2604/6479 2962/6307
f 2604/6479 2377/6661 2962/6307
f 2377/7094 2974/7375 2962/7389
f 2962/6958 2974/6947 3488/6749
f 3488/6749 2974/6947 3463/6738
f 3463/6738 2974/6947 3476/6735
f 3476/7441 2974/7625 3485/7343
f 3482/7172 3470/7227 2968/7382
f 3470/7227 3485/7343 2968/7382
f 3485/7343 2974/7625 2968/7382
f 2968/7259 2974/7260 2617/7056
f 2617/7056 2974/7260 2441/6865
f 2974/7375 2377/7094 2441/7075
f 1773/6532 2441/6496 1772/6662
f 1772/7324 2441/7493 1750/7325
f 2441/7493 2377/7513 1750/7325
f 2377/7513 1767/7334 1750/7325
f 1750/7325 1767/7334 1413/7147
f 1767/7607 1758/7841 1413/7608
f 1758/7841 1407/8132 1413/7608
f 1407/6673 895/6908 1413/7143
f 895/6908 878/7113 1413/7143
f 878/7113 879/7142 1413/7143
f 879/7315 871/7322 1413/7064
f 1413/7064 871/7322 881/7323
f 580/6598 588/6606 550/6606
f 551/6606 550/6606 581/6606
f 550/6606 588/6606 581/6606
f 581/7398 588/7398 558/7398
f 558/7398 588/7398 576/7667
f 576/7667 588/7398 605/7667
f 588/7398 883/7347 605/7667
f 883/7347 881/7456 605/7667
f 881/7323 871/7322 605/7580
f 871/7322 879/7315 605/7580
f 549/7570 605/7580 577/7570
f 605/7580 879/7315 577/7570
f 879/6365 878/6381 577/6325
f 878/6381 563/6374 577/6325
f 548/6309 577/6274 588/6308
f 589/6317 588/6308 609/6273
f 588/6308 577/6274 609/6273
f 577/6325 563/6374 609/6723
f 563/6374 642/6728 609/6723
f 609/6723 642/6728 632/6723
f 632/6723 642/6728 664/6728
f 642/6728 909/6765 664/6728
f 922/6672 909/6672 1482/6673
f 909/6672 1407/6673 1482/6673
f 1407/7204 1564/7045 1482/7204
f 1482/7204 1564/7045 1585/7045
f 1564/7045 2455/6664 1585/7045
f 1585/7045 2455/6664 2486/6664
f 2455/6660 2571/6524 2486/6660
f 2486/6660 2571/6524 2595/6524
f 2571/6524 2647/6453 2595/6524
f 2595/6524 2647/6453 2669/6453
f 2647/6453 2977/6306 2669/6453
f 2669/6453 2977/6306 2979/6306
f 3451/7649 2979/7980 3472/7649
f 2979/7980 2977/7980 3472/7649
f 3472/7649 2977/7980 3467/7649
f 2977/7980 3265/7811 3467/7649
f 3467/7649 3265/7811 3480/7650
f 3265/7811 2962/7972 3480/7650
f 2962/6282 3489/6464 3480/6459
f 3480/6459 3489/6464 4615/6608
f 4198/7371 4615/7371 4416/7371
f 4416/7371 4615/7371 4871/7365
f 4615/7371 3489/7663 4871/7365
f 3489/7663 3777/7500 4871/7365
f 4846/7366 4871/7365 4910/7366
f 4871/7365 3777/7500 4910/7366
f 3777/7500 3488/7664 4910/7366
f 3488/6605 3463/6618 4910/6831
f 3463/6618 3476/6623 4910/6831
f 4909/6850 4910/6831 4856/6850
f 4910/6831 3476/6623 4856/6850
f 3476/7441 3485/7343 4856/7290
f 4856/7290 3485/7343 4813/7036
f 3485/7343 3470/7227 4813/7036
f 3470/7227 3482/7172 4813/7036
f 3482/7172 4948/6932 4813/7036
f 4900/7707 4851/7707 4849/7693
f 4851/7707 3790/7521 4849/7693
f 4890/6839 4849/6859 4899/6839
f 4849/6859 3790/6753 4899/6839
f 3283/6432 4899/6396 4837/6416
f 4899/6917 3790/7096 4837/6902
f 3790/7289 4851/7284 4837/7294
f 4955/8044 4837/8066 4870/8045
f 4837/7820 4851/7832 4870/7645
f 4851/7518 4813/7517 4870/7537
f 4870/7036 4813/7036 4807/7036
f 4919/7036 4807/7036 4860/7036
f 4807/7036 4813/7036 4860/7036
f 4860/7036 4813/7036 4877/6932
f 4813/7036 4948/6932 4877/6932
f 4877/6852 4948/6852 4940/6799
f 4948/6852 4841/6799 4940/6799
f 4913/7035 4940/7114 4859/7035
f 4940/7114 4841/7114 4859/7035
f 4841/7114 3492/7027 4859/7035
f 3492/7027 3490/6983 4859/7035
f 3490/6983 3532/6983 4859/7035
f 4997/7035 4859/7035 3555/6983
f 4859/7035 3532/6983 3555/6983
f 3044/8017 3490/8016 3021/8017
f 3490/8016 3492/8075 3021/8017
f 3021/8017 3492/8075 3030/8114
f 3492/7027 3497/7057 3030/7013
f 3497/7051 3496/7083 3030/7239
f 3496/7083 3482/7172 3030/7239
f 3482/7172 2968/7382 3030/7239
f 2386/6864 2343/6864 2395/6864
f 2463/6864 2395/6864 2394/6864
f 2395/6864 2343/6864 2394/6864
f 2343/6864 2361/6699 2394/6864
f 2361/6699 2379/6699 2394/6864
f 2379/6699 3030/7158 2394/6864
f 3030/7158 2968/7259 2394/6864
f 2968/7259 2617/7056 2394/6864
f 2617/7056 2441/6865 2394/6864
f 2441/6496 1773/6532 2394/6275
f 1773/6532 1768/6441 2394/6275
f 2394/6275 1768/6441 2436/6276
f 1712/6444 1757/6444 1428/6554
f 1411/6838 1405/6554 1457/6838
f 1457/6838 1405/6554 1448/6554
f 1405/6554 1425/6554 1448/6554
f 1425/6554 1418/6554 1448/6554
f 1418/6554 1428/6554 1448/6554
f 1428/6554 1757/6444 1448/6554
f 1757/6444 2436/6276 1448/6554
f 2436/6276 1768/6441 1448/6554
f 1768/6441 1773/6532 1448/6554
f 1448/6554 1773/6532 1457/6838
f 1773/6532 1772/6662 1457/6838
f 1772/7324 1750/7325 1457/7146
f 1750/7325 1413/7147 1457/7146
f 1413/6675 881/6883 1457/6646
f 881/6980 883/6866 1457/6781
f 1457/6781 883/6866 1448/6525
f 1448/6525 883/6866 889/6725
f 883/7347 588/7398 889/7226
f 588/7398 946/7186 889/7226
f 1448/6930 899/6575 889/6569
f 889/6569 899/6575 588/6284
f 580/6284 588/6284 562/6285
f 562/6285 588/6284 590/6285
f 588/6284 899/6575 590/6285
f 590/6285 899/6575 625/6285
f 1502/6939 1507/6940 1471/6939
f 1507/6940 1472/6940 1471/6939
f 1472/6940 1452/6931 1471/6939
f 1452/6931 1448/6930 1471/6939
f 1448/6525 889/6725 1471/6517
f 889/6725 946/6682 1471/6517
f 946/6682 1573/6446 1471/6517
f 1479/6766 1471/6517 1411/6766
f 1411/6766 1471/6517 1405/6517
f 1405/6517 1471/6517 1425/6517
f 1425/6517 1471/6517 1429/6517
f 1471/6517 1573/6446 1429/6517
f 1429/6517 1573/6446 1552/6446
f 1552/6446 1573/6446 1558/6446
f 1558/6446 1573/6446 1572/6446
f 1573/6446 1757/6395 1572/6446
f 1572/6446 1757/6395 1712/6395
f 1712/6960 1757/6960 1764/6959
f 1757/6960 1209/6576 1764/6959
f 1209/6576 1091/6546 1764/6959
f 1091/6546 1601/6890 1764/6959
f 1764/7581 1601/7653 1201/7939
f 763/8143 779/8144 767/8120
f 1717/6752 1688/6768 1852/6683
f 4846/3571 4850/3572 4871/3570
f 4850/3572 4812/3573 4871/3570
f 4812/3573 4878/3576 4871/3570
f 2462/3587 2393/3587 2466/3587
f 2354/3580 2355/3580 2461/3580
f 2355/3580 2466/3587 2461/3580
f 2466/3587 2393/3587 2461/3580
f 2461/3580 2393/3587 2464/3581
f 2464/3581 2393/3587 2454/3581
f 2361/3553 2349/3562 2378/3553
f 3003/3564 3021/3564 2965/3564
f 2965/3564 3021/3564 2531/3563
f 3021/3564 3029/3554 2531/3563
f 3029/3554 2378/3553 2531/3563
f 2378/3553 2349/3562 2531/3563
f 3489/3664 2962/3637 3487/3636
f 3925/3486 3938/3485 3928/3484
f 3928/3432 3938/3433 3925/3430
f 4938/3387 4821/3380 4442/3387
f 4889/3388 4821/3380 4938/3387
f 4938/3387 4821/3380 4868/3387
f 4868/3387 4821/3380 4926/3380
f 4926/3380 4821/3380 4937/3380
f 4937/3380 4821/3380 4947/3380
f 4947/3380 4821/3380 4825/3388
f 4821/3380 4889/3388 4825/3388
f 4825/3496 4889/3496 4933/3519
f 3499/3591 3094/3593 3508/3594
f 3508/3643 3094/3612 3305/3639
f 3270/3639 3305/3639 2619/3603
f 2619/3603 3305/3639 2580/3603
f 3305/3639 3094/3612 2580/3603
f 2580/3603 3094/3612 2568/3602
f 2568/3600 3094/3601 2566/3589
f 2566/3589 3094/3601 3100/3590
f 3100/3577 3094/3593 3503/3578
f 3094/3593 3499/3591 3503/3578
f 3499/3591 3628/3579 3503/3578
f 3628/3476 4933/3519 3503/3461
f 3503/3461 4933/3519 3579/3463
f 3579/3463 4933/3519 3530/3442
f 4933/3519 4889/3496 3530/3442
f 3530/3442 4889/3496 3512/3429
f 4889/3388 4938/3387 3512/3435
f 3512/3435 4938/3387 3526/3434
f 4938/3387 3804/3404 3526/3434
f 3761/3459 3756/3460 3765/3457
f 3765/3454 3756/3451 3761/3450
f 3592/3531 3552/3530 3547/3529
f 3547/3445 3552/3446 3592/3443
f 3452/3512 3472/3512 4198/3513
f 4198/3513 3472/3512 4614/3513
f 3472/3512 3466/3512 4614/3513
f 3466/3512 3480/3559 4614/3513
f 3429/3650 2969/3681 2967/3676
f 2462/3587 2393/3587 2466/3587
f 2406/3580 2354/3580 2461/3580
f 2354/3580 2355/3580 2461/3580
f 2355/3580 2466/3587 2461/3580
f 2466/3587 2393/3587 2461/3580
f 2406/3580 2461/3580 2412/3581
f 2412/3581 2461/3580 2464/3581
f 2461/3580 2393/3587 2464/3581
f 2393/3587 2967/3623 2464/3581
f 2967/3623 2969/3624 2464/3581
f 2487/3581 2969/3624 2971/3624
f 2969/3681 3429/3650 2971/3681
f 2971/3681 3429/3650 3409/3650
f 3430/3650 3429/3650 3442/3646
f 3429/3650 2967/3676 3442/3646
f 2967/3676 3470/3638 3442/3646
f 3414/3424 3442/3424 4310/3441
f 4310/3441 3442/3424 4929/3441
f 4941/3441 4929/3441 4869/3470
f 4869/3470 4929/3441 4812/3470
f 4929/3441 3442/3424 4812/3470
f 3442/3424 3470/3458 4812/3470
f 3200/3465 3180/3464 3184/3462
f 3184/3449 3180/3448 3200/3447
f 2570/3492 2565/3493 2556/3490
f 2556/3440 2565/3437 2570/3436
f 2502/3504 2504/3505 2494/3501
f 2513/3668 2516/3668 2500/3668
f 2516/3668 2519/3668 2500/3668
f 2371/3660 2372/3660 2369/3661
f 2369/3661 2372/3660 2425/3661
f 2372/3660 2374/3663 2425/3661
f 2374/3663 2496/3667 2425/3661
f 2519/3381 2523/3382 2544/3382
f 2573/3383 2544/3382 2559/3383
f 2544/3382 2523/3382 2559/3383
f 2559/3383 2523/3382 2564/3415
f 2564/3619 2559/3622 2490/3628
f 2491/3627 2490/3628 2531/3625
f 2490/3628 2559/3622 2531/3625
f 2507/3625 2531/3625 2509/3625
f 2531/3625 2559/3622 2543/3622
f 2543/3622 2559/3622 2560/3622
f 3039/3384 2573/3383 3024/3384
f 2573/3383 2559/3383 3024/3384
f 2559/3383 2564/3415 3024/3384
f 3024/3384 2564/3415 3026/3426
f 3026/3426 2564/3415 2496/3425
f 2496/3425 2564/3415 2497/3414
f 2564/3415 2523/3382 2497/3414
f 2497/3414 2523/3382 2500/3381
f 2523/3382 2519/3381 2500/3381
f 2519/3668 2482/3661 2500/3668
f 2482/3661 2425/3661 2500/3668
f 2425/3661 2496/3667 2500/3668
f 1842/3517 1840/3518 1886/3517
f 1840/3518 1883/3518 1886/3517
f 1455/3390 1412/3386 1448/3389
f 1412/3386 1406/3385 1448/3389
f 1406/3385 1472/3391 1448/3389
f 2108/3444 1929/3453 1932/3452
f 1932/3665 1929/3666 2381/3673
f 2368/3673 2381/3673 2392/3672
f 2392/3672 2381/3673 2349/3672
f 2381/3673 1929/3666 2349/3672
f 2416/3439 2438/3438 2417/3439
f 2438/3438 2108/3444 2417/3439
f 2108/3444 1932/3452 2417/3439
f 1845/3420 1869/3419 1884/3418
f 1711/3669 1703/3678 1757/3669
f 1703/3678 1763/3678 1757/3669
f 1763/3678 1858/3679 1757/3669
f 2436/3670 1757/3669 2460/3680
f 1757/3669 1858/3679 2460/3680
f 2460/3680 1858/3679 2115/3680
f 2115/3680 1858/3679 1807/3679
f 1858/3679 1763/3678 1807/3679
f 4934/3403 4907/3402 4833/3405
f 3686/3503 4848/3467 3908/3482
f 4935/3575 3684/3539 4865/3574
f 3684/3539 3893/3560 4865/3574
f 3421/3588 4845/3506 3441/3568
f 3441/3568 4845/3506 3347/3561
f 4845/3506 3398/3545 3347/3561
f 3878/3626 3893/3626 3349/3599
f 3349/3599 3893/3626 3350/3599
f 3350/3599 3893/3626 3352/3599
f 3893/3626 3999/3633 3352/3599
f 3124/3421 3418/3401 3050/3431
f 3050/3431 3418/3401 3296/3410
f 3418/3401 3379/3401 3296/3410
f 3379/3401 3294/3410 3296/3410
f 3294/3641 3284/3641 3296/3641
f 3284/3641 3271/3641 3296/3641
f 3053/3558 3305/3592 2574/3557
f 2602/3557 2574/3557 3270/3592
f 2574/3557 3305/3592 3270/3592
f 3271/3641 3270/3654 3296/3641
f 3270/3654 3305/3654 3296/3641
f 3305/3654 3053/3655 3296/3641
f 3053/3655 3050/3642 3296/3641
f 3271/3641 3296/3641 3303/3629
f 3296/3641 3050/3642 3303/3629
f 3050/3642 3048/3630 3303/3629
f 3781/3635 3785/3634 3857/3645
f 3857/3645 3785/3634 3861/3644
f 3861/3455 3785/3474 3939/3475
f 3785/3621 3781/3620 3939/3632
f 3939/3632 3781/3620 3936/3631
f 3857/3607 3861/3606 4863/3614
f 4863/3614 4925/3618 4855/3614
f 4855/3614 4925/3618 4854/3618
f 4854/3618 4925/3618 4862/3618
f 4862/3618 4925/3618 4872/3618
f 4872/3618 4925/3618 4892/3617
f 4925/3618 4828/3617 4892/3617
f 4892/3617 4828/3617 4839/3617
f 4839/3617 4828/3617 4840/3617
f 4934/3613 4840/3617 4883/3613
f 4840/3617 4828/3617 4883/3613
f 4828/3617 4925/3618 4883/3613
f 4925/3618 4863/3614 4883/3613
f 4863/3614 3861/3606 4883/3613
f 3861/3455 3939/3475 4883/3456
f 4887/3656 4829/3656 4843/3656
f 4829/3656 4835/3657 4843/3656
f 4843/3656 4835/3657 3903/3652
f 3879/3647 3903/3652 3893/3648
f 3903/3652 4835/3657 3893/3648
f 3893/3648 4835/3657 3872/3649
f 4835/3657 4907/3658 3872/3649
f 4907/3491 3985/3469 3872/3514
f 3871/3514 3872/3514 3556/3541
f 3556/3541 3872/3514 3483/3541
f 3483/3541 3872/3514 3520/3534
f 3520/3534 3872/3514 3787/3483
f 3872/3514 3985/3469 3787/3483
f 3985/3502 4883/3456 3787/3515
f 4883/3456 3939/3475 3787/3515
f 1332/3653 1742/3674 1196/3675
f 1196/3675 1742/3674 1738/3682
f 1738/3682 1742/3674 1667/3682
f 1667/3682 1742/3674 1671/3674
f 1671/3674 1742/3674 1297/3653
f 1742/3674 1332/3653 1297/3653
f 1332/3653 1284/3653 1297/3653
f 1886/3604 1883/3586 1842/3604
f 1883/3586 1840/3586 1842/3604
f 1341/3671 1298/3677 1348/3677
f 1348/3677 1298/3671 1317/3671
f 1317/3671 1298/3677 1200/3671
f 1298/3677 1128/3671 1200/3671
f 553/3567 600/3566 545/3569
f 600/3566 567/3565 545/3569
f 1215/3412 1248/3411 1305/3409
f 1305/3408 1248/3407 1215/3406
f 1004/3608 1006/3609 1265/3596
f 1006/3609 1298/3595 1265/3596
f 1298/3677 1005/3662 1274/3683
f 1274/3683 1005/3662 841/3651
f 1489/3584 1424/3583 1442/3584
f 1424/3583 1365/3583 1442/3584
f 1442/3584 1365/3583 1451/3598
f 1451/3598 1735/3585 1442/3584
f 1451/3615 1442/3616 1231/3610
f 1231/3610 1442/3616 1233/3611
f 1233/3611 1442/3616 1237/3611
f 1237/3611 1442/3616 1409/3616
f 1409/3584 1442/3584 1463/3584
f 1463/3584 1442/3584 1489/3584
f 1442/3584 1735/3585 1489/3584
f 1489/3584 1735/3585 1766/3585
f 1887/3586 1766/3585 1840/3586
f 1766/3585 1735/3585 1840/3586
f 2488/3556 1875/3518 2360/3556
f 1875/3518 1840/3518 2360/3556
f 2369/3556 2360/3556 2430/3555
f 2430/3555 2360/3556 2374/3555
f 2360/3556 1840/3518 2374/3555
f 2374/3555 1840/3518 1842/3517
f 1840/3586 1735/3585 1842/3604
f 1735/3585 1451/3598 1842/3604
f 1842/3604 1451/3598 1274/3605
f 1274/3605 1451/3598 1265/3597
f 1451/3598 1365/3583 1265/3597
f 1265/3597 1365/3583 1298/3582
f 1365/3583 1341/3582 1298/3582
f 1341/3671 1014/3659 1298/3671
f 1298/3671 1014/3659 995/3659
f 1014/3659 905/3640 995/3659
f 905/3640 859/3640 995/3659
f 859/3640 841/3651 995/3659
f 841/3651 1005/3662 995/3659
f 1005/3662 1298/3671 995/3659
f 1000/3397 1027/3396 1052/3395
f 1052/3394 1027/3393 1000/3392
f 1011/3527 1017/3528 983/3526
f 983/3497 1017/3495 1011/3494
f 907/3525 918/3524 914/3523
f 914/3521 918/3522 907/3520
f 888/3400 919/3399 908/3398
f 919/3546 913/3547 908/3548
f 908/3533 913/3532 930/3536
f 913/3532 919/3535 930/3536
f 919/3416 888/3413 930/3417
f 930/3417 888/3413 915/3413
f 888/3400 908/3398 915/3400
f 819/3543 816/3544 806/3542
f 806/3540 816/3538 819/3537
f 793/3473 787/3472 762/3478
f 793/3428 762/3423 787/3427
f 787/3472 779/3477 762/3478
f 787/3427 762/3423 765/3422
f 762/3552 779/3549 765/3551
f 767/3550 779/3549 762/3552
f 703/3516 718/3511 711/3510
f 711/3508 718/3509 703/3507
f 668/3500 665/3499 672/3498
f 672/3488 665/3489 668/3487
f 633/3480 628/3481 642/3479
f 642/3471 628/3466 633/3468
f 5194/343 5273/343 5225/343
f 5225/343 5273/343 5276/343
f 5276/303 5273/303 5314/301
f 5314/301 5273/303 5310/301
f 5310/289 5301/290 5194/288
f 5194/245 5301/240 5220/244
f 6611/286 6599/286 6130/272
f 5700/228 5671/228 5310/226
f 5310/226 5671/228 5684/228
f 5684/228 5671/228 6104/236
f 5671/228 5700/228 6104/236
f 6599/229 6611/229 6905/227
f 6611/286 6130/272 6127/271
f 6130/272 5723/262 6127/271
f 4152/324 4134/324 4412/318
f 4134/324 4387/318 4412/318
f 4412/318 4387/318 4906/318
f 4906/318 4387/318 4959/318
f 5194/343 5273/343 5225/343
f 5225/343 5273/343 5276/343
f 5276/303 5273/303 5314/301
f 5314/301 5273/303 5310/301
f 5310/241 5301/240 5194/245
f 5301/314 5220/315 5194/316
f 5194/245 5220/244 5055/248
f 5055/248 5220/244 5035/247
f 4168/294 4264/297 4150/294
f 4150/294 4264/297 4253/297
f 4264/297 4151/297 4253/297
f 4151/297 4135/297 4253/297
f 6432/405 6444/405 7430/404
f 7544/407 7614/407 7575/407
f 7575/407 7614/407 7615/407
f 7615/407 7614/407 7640/406
f 7640/406 7614/407 7637/406
f 7457/858 7166/848 7165/858
f 7165/858 7166/848 7256/848
f 7166/771 7457/770 7256/771
f 7256/771 7457/770 7165/770
f 4758/411 4329/414 4444/411
f 4444/411 4329/414 4607/414
f 4329/414 5396/436 4607/414
f 4607/414 5396/436 5393/436
f 5396/436 5600/448 5393/436
f 5393/436 5600/448 5598/448
f 5598/448 5600/448 6503/498
f 5600/448 6486/498 6503/498
f 6503/755 6486/755 7256/771
f 6486/755 7166/771 7256/771
f 6534/754 7166/771 6143/741
f 7535/574 7185/591 7461/574
f 7185/591 6991/591 7461/574
f 7199/724 7397/724 7191/733
f 7363/677 7185/677 7383/678
f 7185/677 7191/678 7383/678
f 7191/733 7397/724 7383/733
f 5008/740 4403/740 5003/739
f 4380/737 4357/736 4356/738
f 4903/638 5028/638 4380/636
f 5028/638 4916/636 4380/636
f 4916/739 4403/740 4380/739
f 4922/952 4819/954 4403/954
f 4969/954 4916/955 4403/954
f 4403/954 4916/955 4380/955
f 4380/499 4916/499 4356/500
f 5093/756 5176/757 4788/750
f 5176/757 4760/751 4788/750
f 5330/872 5299/871 5108/887
f 5299/871 5137/886 5108/887
f 4798/931 5108/924 4780/930
f 5108/924 5137/923 4780/930
f 4915/787 5117/784 4791/786
f 5117/784 5147/783 4791/786
f 4928/861 5127/851 4802/860
f 5127/851 5109/850 4802/860
f 4771/857 5183/839 4918/856
f 5183/839 5119/838 4918/856
f 5130/468 5207/468 5131/470
f 4967/594 4704/594 4705/593
f 7595/902 7578/908 7631/908
f 7636/951 7580/951 7363/940
f 7580/951 7053/940 7363/940
f 5230/549 5236/548 5338/549
f 5456/570 5487/567 5342/551
f 5487/567 5338/549 5342/551
f 5338/549 5236/548 5342/548
f 5236/463 5257/463 5342/463
f 5257/463 5304/463 5342/463
f 5342/464 5304/463 5354/464
f 4318/732 4896/728 4332/731
f 4318/634 4332/637 4020/641
f 4020/641 4332/637 4022/640
f 4022/514 4332/514 3963/513
f 4332/514 4356/513 3963/513
f 3963/513 4356/513 4034/513
f 4034/513 4356/513 4393/513
f 4896/728 4318/732 4993/726
f 4993/529 4318/535 4578/536
f 4318/535 4020/539 4578/536
f 4318/801 4896/802 4993/801
f 4896/802 4318/801 4332/802
f 6924/616 6748/582 6791/604
f 6884/620 6791/604 6713/597
f 6713/597 6586/537 6706/595
f 6706/595 6586/537 6190/507
f 6190/507 6586/537 6558/534
f 6558/534 6586/537 6609/541
f 6586/537 6713/597 6609/541
f 6713/597 6791/604 6609/541
f 6791/604 6748/582 6609/541
f 6609/541 6748/582 6876/580
f 6748/582 6924/616 6876/580
f 6876/580 6924/616 6946/618
f 6946/493 6924/512 7313/563
f 7313/563 6924/512 6952/610
f 6924/512 6791/517 6952/610
f 6791/517 6884/565 6952/610
f 6952/610 6884/565 6867/611
f 6884/620 6713/597 6867/643
f 6713/597 6706/595 6867/643
f 6706/595 6497/566 6867/643
f 6114/555 6867/643 6129/545
f 6867/643 6497/566 6129/545
f 5356/451 6129/545 5602/474
f 5602/474 6129/545 5929/486
f 6129/545 6497/566 5929/486
f 6497/566 6706/595 5929/486
f 6706/595 6190/507 5929/486
f 6190/507 6558/533 5929/486
f 5343/440 5356/451 5336/435
f 5356/451 5929/486 5336/435
f 5336/435 5929/486 5912/469
f 5929/486 6558/533 5912/469
f 5882/469 5913/469 6543/534
f 5913/469 5912/469 6543/534
f 5912/469 6558/534 6543/534
f 6543/534 6558/534 6585/541
f 6558/534 6609/541 6585/541
f 6585/541 6609/541 6831/580
f 6609/541 6876/580 6831/580
f 6831/580 6876/580 7003/614
f 7003/614 6876/580 7364/614
f 7364/614 6876/580 7416/646
f 6876/580 6946/618 7416/646
f 6946/493 7313/563 7416/487
f 7416/487 7313/563 7382/552
f 7382/552 7313/563 7318/608
f 7313/563 6952/610 7318/608
f 6856/643 6070/555 6071/555
f 6071/555 6070/555 5305/464
f 6114/555 6129/545 5342/464
f 6129/545 5356/451 5342/464
f 5356/451 5343/440 5342/463
f 5343/440 5283/440 5342/463
f 5354/464 5342/464 5304/463
f 5304/463 5342/463 5257/463
f 5257/463 5342/463 5236/463
f 5342/463 5283/440 5236/463
f 5239/812 5289/812 5242/880
f 5242/880 5289/812 5347/880
f 5347/880 5289/812 5345/812
f 5345/730 5289/730 5344/723
f 5289/730 5237/723 5344/723
f 5237/410 5283/440 5344/410
f 5283/440 5343/440 5344/410
f 5343/440 5336/435 5344/410
f 5336/435 5912/469 5344/410
f 5912/469 5913/469 5344/410
f 5913/469 5882/469 5344/410
f 5882/469 5260/410 5344/410
f 5260/935 5112/941 5344/935
f 5112/941 5077/941 5344/935
f 5154/854 5216/859 5138/855
f 5138/855 5216/859 5338/862
f 5236/866 5277/862 5342/866
f 5277/862 5338/862 5342/866
f 5338/862 5216/859 5342/866
f 4962/852 4634/852 4635/853
f 5325/462 5292/461 5091/472
f 5292/461 5129/471 5091/472
f 4786/831 5091/843 4756/832
f 5091/843 5129/844 4756/832
f 5328/883 5296/882 5150/892
f 5296/882 5134/891 5150/892
f 4797/759 5150/753 4954/758
f 5150/753 5134/752 4954/758
f 4403/954 4380/955 4922/952
f 4380/955 4972/949 4922/952
f 4972/949 5163/944 4922/952
f 4922/952 5163/944 5169/947
f 5169/833 5163/834 5204/827
f 5204/827 5163/834 5112/835
f 5163/489 4972/495 5112/490
f 4972/495 4380/499 5112/490
f 5112/490 4380/499 4356/500
f 4380/499 4381/499 4356/500
f 4579/801 4318/801 4621/802
f 4403/954 4922/952 4713/954
f 4713/954 4922/952 4820/952
f 4820/952 4922/952 4970/952
f 4970/952 4922/952 5009/952
f 4922/952 5169/947 5009/952
f 5967/556 5992/558 6189/581
f 5992/558 6047/562 6189/583
f 6209/592 6523/609 6524/607
f 6524/619 6523/609 6667/630
f 6728/709 6808/704 6675/715
f 6675/520 6808/497 6850/496
f 6850/598 6933/572 6901/586
f 7472/456 6897/484 7154/457
f 6897/484 6901/485 7154/457
f 7154/789 6901/782 7184/810
f 6901/782 6933/790 7184/810
f 7184/810 6933/790 6937/807
f 6933/572 6850/598 6937/576
f 6850/598 6808/600 6937/576
f 6808/600 6728/605 6937/576
f 6937/576 6728/605 6849/602
f 6728/711 6667/717 6849/705
f 6849/705 6667/717 6672/719
f 6667/630 6523/612 6672/629
f 6672/629 6523/609 6136/588
f 6136/588 6523/609 5980/559
f 6523/609 6209/592 5980/559
f 6209/592 6189/583 5980/559
f 5980/559 6189/583 5946/557
f 6189/583 6047/562 5946/557
f 6047/562 5992/558 5855/544
f 5967/556 6189/581 5748/526
f 5748/526 6189/581 6137/583
f 6626/621 6189/583 6675/621
f 6189/583 6209/592 6675/621
f 6209/592 6524/619 6675/621
f 6524/532 6667/564 6675/481
f 6850/496 6901/485 6675/518
f 6901/485 6897/484 6675/518
f 6897/484 7472/456 6675/518
f 6626/518 6675/518 7135/454
f 7564/508 7494/508 7566/509
f 7496/509 7566/509 7494/508
f 7494/573 7564/573 7174/574
f 7174/574 7564/573 7535/574
f 7564/573 7522/578 7535/574
f 7522/578 7473/587 7535/574
f 7535/574 7473/587 7185/591
f 7185/674 7517/669 7535/668
f 6991/674 7185/674 7461/668
f 7185/674 7535/668 7461/668
f 7461/668 7535/668 7514/668
f 7580/664 7514/668 7599/664
f 7514/668 7535/668 7599/664
f 7599/664 7535/668 7597/665
f 7535/668 7517/669 7597/665
f 7597/665 7534/665 7599/664
f 7599/664 7534/665 7513/664
f 7513/664 7534/665 7447/665
f 7447/665 7534/665 7488/666
f 7538/948 7344/946 7317/896
f 7344/946 7180/946 7317/896
f 7457/896 7317/896 7180/946
f 7180/939 7344/939 7185/940
f 7397/433 7199/433 7383/432
f 7199/433 7191/432 7383/432
f 7383/432 7191/432 7363/431
f 7191/432 7185/431 7363/431
f 7185/940 7344/939 7363/940
f 7344/939 7538/945 7363/940
f 7363/940 7538/945 7636/951
f 7538/945 7633/950 7636/951
f 7633/950 7616/950 7636/951
f 4921/633 4831/625 5124/632
f 4831/625 5131/624 5124/632
f 5124/473 5130/468 4921/477
f 4802/870 4928/885 4792/903
f 4792/793 4791/792 4524/809
f 4791/792 4915/796 4524/809
f 4780/415 4798/416 4524/413
f 4524/413 4798/416 4460/409
f 4460/893 4760/890 4402/879
f 4760/745 4788/749 4402/761
f 4921/538 4402/540 5124/528
f 4402/761 4788/749 5124/760
f 5124/760 4788/749 5093/748
f 4788/881 4760/890 5093/873
f 5093/873 4760/890 5176/888
f 4760/890 4460/893 5176/888
f 4460/409 4798/416 5176/420
f 5176/420 4798/416 5108/425
f 4798/416 4780/415 5108/425
f 5330/898 5108/909 5299/899
f 5299/899 5108/909 5137/910
f 5108/425 4780/415 5137/424
f 4780/585 4524/589 5137/571
f 4524/809 4915/796 5137/808
f 5137/808 4915/796 5117/795
f 4915/796 4791/792 5117/795
f 5117/795 4791/792 5147/791
f 4791/503 4792/504 5147/494
f 4792/903 4928/885 5147/901
f 5147/901 4928/885 5127/884
f 4928/885 4802/870 5127/884
f 5127/884 4802/870 5109/869
f 4802/713 4771/698 5109/716
f 5109/716 4771/698 5183/701
f 4771/584 4918/601 5183/579
f 5183/579 4918/601 5119/596
f 6741/708 6891/693 6766/706
f 6766/706 6891/693 6961/685
f 6891/693 6809/703 6961/685
f 6961/685 6809/703 6740/710
f 5496/714 5512/712 5683/702
f 5497/720 5683/702 5883/692
f 5883/692 5683/699 5915/691
f 5915/691 5683/699 5905/689
f 5905/689 5683/699 5875/690
f 5875/690 6092/671 6352/654
f 6352/654 6092/671 6609/631
f 6092/671 5875/690 5634/700
f 5875/690 5683/699 5634/700
f 5683/699 5512/712 5634/700
f 5634/700 5512/712 5344/723
f 5512/712 5496/714 5344/723
f 5344/723 5496/714 5345/730
f 5496/714 5683/702 5345/730
f 5683/702 5497/720 5345/730
f 5345/926 5269/929 5344/927
f 5262/938 5343/936 5344/935
f 5343/936 5283/936 5344/935
f 5344/927 5289/926 5345/926
f 5345/926 5289/926 5347/925
f 5347/925 5289/926 5242/925
f 5242/925 5289/926 5239/926
f 5289/822 5344/823 5237/823
f 5344/421 5283/422 5237/421
f 5236/423 5283/422 5342/423
f 5283/936 5343/936 5342/937
f 5343/936 5262/938 5342/937
f 5342/937 5262/938 5154/943
f 5154/943 5262/938 5075/942
f 5075/942 5262/938 5077/941
f 5262/938 5344/935 5077/941
f 5077/934 5344/927 5079/933
f 5344/927 5269/929 5079/933
f 5079/933 5269/929 5131/932
f 5269/929 5345/926 5131/932
f 5131/932 5345/926 5347/925
f 5345/812 5497/829 5347/880
f 5497/628 5883/657 5347/606
f 5347/606 5883/657 6077/675
f 5883/657 5915/658 6077/675
f 5915/658 5905/662 6077/675
f 6077/682 5905/689 6063/680
f 5905/689 5875/690 6063/680
f 5875/690 6352/654 6063/680
f 6063/680 6352/654 6305/667
f 6305/667 6352/654 6559/649
f 6352/654 6609/631 6559/649
f 6609/722 6740/710 6559/725
f 6559/725 6740/710 6610/721
f 6740/710 6809/703 6610/721
f 6809/703 6891/693 6610/721
f 6891/693 6741/708 6610/721
f 6610/686 6741/695 6650/681
f 6741/695 6766/697 6650/681
f 6650/681 6766/697 6661/683
f 6661/683 6766/697 6560/676
f 6560/676 6766/697 6813/696
f 6813/696 6766/697 6983/727
f 6766/706 6961/685 6983/679
f 7603/443 7639/443 7636/442
f 7639/443 7541/439 7636/442
f 7541/439 7383/432 7636/442
f 7636/442 7383/432 7363/431
f 7383/678 6983/679 7363/677
f 6983/679 6961/685 7363/677
f 7636/442 7363/431 7580/442
f 7580/442 7363/431 7053/431
f 7363/677 6961/685 7053/677
f 7053/677 6961/685 6943/685
f 6961/685 6740/710 6943/685
f 6943/685 6740/710 6697/710
f 6740/710 6609/722 6697/710
f 6697/710 6609/722 6585/722
f 6609/631 6092/671 6585/631
f 6585/631 6092/671 6043/671
f 6043/671 6092/671 5553/700
f 6092/671 5634/700 5553/700
f 5634/700 5344/723 5553/700
f 5553/700 5344/723 5260/723
f 5344/927 5077/934 5260/927
f 5260/927 5077/934 5052/934
f 5052/603 5077/599 5027/603
f 5027/603 5077/599 4704/603
f 5077/599 5119/596 4704/603
f 5119/596 4918/601 4704/603
f 4918/601 4771/584 4704/603
f 4771/698 4802/713 4704/688
f 4357/593 4653/593 4705/593
f 4653/593 4805/593 4705/593
f 4805/593 4355/594 4705/593
f 4355/594 4704/594 4705/593
f 4357/593 4705/593 4380/488
f 4734/521 4404/525 4720/522
f 4404/765 4380/766 4720/767
f 4380/488 4705/593 4720/488
f 4705/593 4704/594 4720/488
f 4704/594 4802/550 4720/488
f 4720/488 4802/550 4781/475
f 4802/550 4792/506 4781/475
f 4781/475 4792/506 4678/460
f 4792/506 4524/479 4678/460
f 4678/460 4524/479 4734/412
f 4524/479 4460/447 4734/412
f 4460/447 4402/417 4734/412
f 4402/478 4921/477 4734/480
f 4921/477 4831/476 4734/480
f 4734/480 4831/476 5032/480
f 5032/480 4831/476 4974/476
f 5251/470 5168/468 5131/468
f 5168/468 4974/476 5131/468
f 4974/476 4831/476 5131/470
f 4831/476 4921/477 5131/470
f 4921/477 5130/468 5131/470
f 5131/468 5130/468 5207/468
f 5207/568 5130/568 5319/575
f 5130/568 5124/577 5319/575
f 5124/426 5131/429 5319/430
f 5060/468 5131/468 5036/468
f 5036/468 5131/468 5014/468
f 5014/932 5131/932 5243/925
f 5131/932 5347/925 5243/925
f 5243/606 5347/606 6020/675
f 5347/606 6077/675 6020/675
f 6020/675 6077/675 6046/675
f 6077/682 6063/680 6046/682
f 6046/680 6063/680 6415/655
f 6513/655 6455/655 6500/655
f 6455/655 6415/655 6500/655
f 6415/655 6063/680 6500/655
f 6063/680 6305/667 6500/655
f 6305/667 6559/649 6500/655
f 6559/649 6610/644 6500/655
f 6481/653 6500/655 6525/653
f 6500/655 6610/644 6525/653
f 6610/644 6650/648 6525/653
f 6650/648 6661/647 6525/653
f 6661/647 6560/650 6525/653
f 6525/670 6560/676 7397/724
f 6560/676 6813/696 7397/724
f 6813/696 6983/727 7397/724
f 6983/727 7383/733 7397/724
f 7383/432 7541/439 7397/433
f 7541/439 7639/443 7397/433
f 6455/670 6525/670 7067/724
f 6525/670 7397/724 7067/724
f 7067/433 7397/433 7586/444
f 7586/444 7397/433 7641/444
f 7397/433 7639/443 7641/444
f 7639/443 7603/443 7641/444
f 7641/509 7603/508 7566/509
f 7566/509 7603/508 7564/508
f 7564/443 7603/443 7599/442
f 7603/443 7636/442 7599/442
f 7599/951 7636/951 7582/950
f 7636/951 7616/950 7582/950
f 7582/953 7616/953 7579/908
f 7616/953 7633/953 7579/908
f 7579/908 7633/953 7631/908
f 7633/953 7538/948 7631/908
f 7538/948 7317/896 7631/908
f 7555/902 7574/902 7595/902
f 7488/666 7534/665 7595/666
f 7534/665 7597/665 7595/666
f 7597/665 7517/669 7595/666
f 7595/666 7517/669 7457/673
f 7457/673 7517/669 7465/672
f 7465/672 7309/672 7457/673
f 7282/673 7457/673 7310/672
f 7457/673 7309/672 7310/672
f 7185/591 7354/587 7331/591
f 7355/501 7354/501 7378/502
f 7378/502 7354/501 7199/502
f 7522/505 7564/508 7199/502
f 7564/508 7566/509 7199/502
f 7566/509 7519/509 7199/502
f 7519/509 7135/502 7199/502
f 7135/454 6675/518 7199/454
f 6675/518 7472/456 7199/454
f 7378/454 7199/454 7349/456
f 7199/454 7472/456 7349/456
f 7349/661 7472/661 7228/660
f 7472/661 7227/660 7228/660
f 7228/660 7227/660 7332/659
f 7227/660 7423/660 7332/659
f 7310/814 7465/814 7282/811
f 7282/811 7465/814 7457/811
f 7465/814 7180/814 7457/811
f 7318/811 7457/811 7344/814
f 7457/811 7180/814 7344/814
f 7344/814 7180/814 7364/813
f 7180/814 7465/814 7364/813
f 7364/813 7465/814 7470/813
f 7310/814 7332/813 7470/813
f 7332/659 7423/660 7470/659
f 7184/810 6937/807 7003/810
f 7003/810 6937/807 6923/807
f 6672/629 6136/588 6619/629
f 6857/516 6828/515 6690/543
f 6247/773 6622/763 5881/762
f 5881/762 6622/763 6150/744
f 6150/663 6622/687 6543/684
f 6622/918 6690/921 6543/911
f 6543/911 6690/921 6672/920
f 6690/547 6828/569 6672/546
f 6672/546 6828/569 6903/590
f 6903/826 6828/846 6948/816
f 6828/846 6857/847 6948/816
f 6948/492 6857/516 6704/542
f 6857/516 6690/543 6704/542
f 6690/921 6622/918 6704/922
f 6622/918 6247/889 6704/922
f 5930/785 6704/788 5959/785
f 6704/788 6247/773 5959/785
f 6247/773 5881/762 5959/785
f 5959/785 5881/762 5552/769
f 6150/663 6543/684 5701/617
f 5649/617 5701/617 6508/684
f 5701/617 6543/684 6508/684
f 6508/911 6543/911 6619/920
f 6543/911 6672/920 6619/920
f 6776/845 6849/845 7031/813
f 7031/813 6849/845 7470/813
f 6849/845 6944/817 7470/813
f 7470/813 6944/817 7465/814
f 6944/817 6934/818 7465/814
f 7465/814 6934/818 7457/811
f 6934/818 6903/826 7457/811
f 6903/826 6948/816 7457/811
f 7166/771 6506/755 6486/755
f 6486/498 6506/498 5600/448
f 6670/788 5930/785 5922/785
f 5922/785 5930/785 5148/779
f 5930/785 5959/785 5236/779
f 5959/785 5552/769 5236/779
f 5239/768 5462/776 5242/764
f 5169/833 5204/827 5242/824
f 5100/805 4896/803 4318/801
f 4318/801 4896/803 4332/802
f 4579/735 4318/732 4621/734
f 4668/742 5158/746 4867/743
f 4867/743 5158/746 5145/747
f 5145/438 5158/437 5316/441
f 4954/427 4797/418 4298/428
f 4797/445 4441/465 4298/434
f 4668/467 4298/482 4867/453
f 4298/482 4564/455 4867/453
f 4867/626 4564/627 5145/615
f 5215/849 5154/849 5155/849
f 5154/849 5145/917 4634/852
f 5145/917 4564/919 4634/852
f 4634/852 4635/853 4793/852
f 4793/852 4635/853 4794/853
f 4794/853 4635/853 4578/853
f 4578/853 4635/853 4319/853
f 4319/853 4635/853 4333/928
f 4635/853 4332/928 4333/928
f 4705/651 4357/656 4669/652
f 4357/639 4332/642 4669/645
f 4332/928 4635/853 4669/928
f 4635/853 4634/852 4669/928
f 4634/852 4564/919 4669/928
f 4669/707 4564/694 4328/729
f 4564/694 4298/718 4328/729
f 4328/446 4298/434 4705/491
f 4298/434 4441/465 4705/491
f 4441/865 4756/864 4705/895
f 4756/864 4786/878 4705/895
f 5052/894 4903/895 5077/894
f 4903/895 4705/895 5077/894
f 4705/895 4786/878 5077/894
f 5077/894 4786/878 5091/877
f 4786/878 4756/864 5091/877
f 5325/459 5091/450 5292/458
f 5292/458 5091/450 5129/449
f 5091/877 4756/864 5129/863
f 4756/530 4441/531 5129/519
f 4441/904 4797/905 5129/913
f 5129/913 4797/905 5150/912
f 4797/418 4954/427 5150/408
f 5328/561 5150/554 5296/560
f 5296/560 5150/554 5134/553
f 5150/408 4954/427 5134/419
f 4954/427 4298/428 5134/419
f 4298/482 4668/467 5134/483
f 5134/483 4668/467 5158/466
f 4668/467 4867/453 5158/466
f 4867/453 5145/452 5158/466
f 5158/622 5145/623 5316/613
f 4903/638 4380/636 4356/635
f 5615/5451 5616/5451 4445/5372
f 4445/5372 5616/5451 4739/5372
f 5616/5451 5615/5451 5891/5487
f 7401/6052 6490/5863 6491/5863
f 6490/5863 5581/5745 6491/5863
f 6507/5863 6489/5863 7235/6052
f 6489/5863 6507/5863 5569/5745
f 6507/5863 5572/5745 5569/5745
f 5569/5745 5572/5745 4426/5675
f 5572/5745 4466/5675 4426/5675
f 4466/5675 4331/5676 4426/5675
f 4445/4693 4575/4746 4739/4693
f 4575/4746 4331/4746 4739/4693
f 6133/4866 4445/4693 6146/4866
f 4445/4693 4739/4693 6146/4866
f 6384/6071 6426/6217 6393/6045
f 6426/4355 6353/4583 6325/4355
f 6287/4826 6353/4583 6418/4826
f 6418/4826 6353/4583 6408/4583
f 6353/4583 6426/4355 6408/4583
f 4026/4354 4465/4354 5682/4512
f 4465/4354 5724/4512 5682/4512
f 5682/4512 5724/4512 6368/4707
f 6461/4707 6368/4707 5758/4512
f 6368/4707 5724/4512 5758/4512
f 5724/4512 4465/4354 5758/4512
f 7358/4586 7469/4586 7413/4587
f 7257/4587 7413/4587 7204/4586
f 7413/4587 7469/4586 7204/4586
f 7204/5393 7469/5393 7300/5371
f 7469/5393 7358/5393 7300/5371
f 7358/5393 7440/5371 7300/5371
f 8039/5982 8141/6025 8138/6026
f 8062/5216 8138/5180 8044/5215
f 8138/5180 8141/5179 8044/5215
f 8062/5017 8044/5016 8138/5039
f 8044/5016 8141/5038 8138/5039
f 8138/4864 8141/4863 8039/4886
f 8017/5026 8028/5027 8126/5007
f 8028/5027 8134/5002 8126/5007
f 8134/5279 8045/5329 8126/5285
f 8017/4844 8126/4865 8028/4845
f 8028/4845 8126/4865 8134/4871
f 8126/5214 8045/5183 8134/5223
f 8130/4698 8018/4721 8135/4699
f 8018/4498 8130/4526 8135/4527
f 8090/5229 8111/5229 8096/5229
f 8096/5229 8089/5229 8090/5229
f 8070/5234 8096/5234 8097/5229
f 8070/5244 8088/5235 8056/5244
f 8096/5210 8043/5245 8133/5210
f 8056/5244 8088/5235 8096/5234
f 8096/5210 8073/5236 8043/5245
f 8043/4842 8073/4852 8131/4869
f 8073/4852 8096/4862 8131/4869
f 8096/4771 8088/4780 8131/4763
f 8089/5229 8096/5229 8082/5229
f 8058/5234 8082/5229 8096/5234
f 8096/5073 7413/5265 8059/5073
f 8059/5073 7413/5265 7033/5265
f 6418/5274 6438/5274 6477/5269
f 6438/5274 7033/5063 6477/5269
f 7033/5063 7413/5063 6477/5269
f 6454/4518 6426/4356 6492/4513
f 5682/5141 6368/5001 5724/5141
f 6368/5001 6461/5001 5724/5141
f 6461/5001 5758/5141 5724/5141
f 5758/5901 4465/5778 5724/5901
f 4465/5778 4026/5778 5724/5901
f 4026/5778 5682/5901 5724/5901
f 6340/4873 6334/4673 6426/4873
f 6426/4873 6334/4673 6453/4673
f 4721/5299 4732/5306 4733/5313
f 4733/5085 4732/5093 4748/5086
f 6097/4432 5861/4477 5880/4475
f 5880/4475 5861/4477 5358/4612
f 5358/4612 5861/4477 5687/4516
f 6042/6106 6008/6106 5688/5978
f 6008/6106 6009/6107 5688/5978
f 5688/5978 6009/6107 5707/5979
f 5398/6100 5707/5979 5724/6202
f 5707/5979 6009/6107 5724/6202
f 5724/6202 6009/6107 6316/6219
f 6009/6107 6008/6106 6316/6219
f 6008/6106 6042/6106 6316/6219
f 6316/6219 6042/6106 6395/6218
f 6395/6218 6042/6106 6048/6067
f 6048/5921 6042/5976 5687/5791
f 6042/5976 5688/5843 5687/5791
f 5688/4905 5707/4907 5383/4952
f 5383/4952 5707/4907 5400/4958
f 5400/4958 5707/4907 4785/5053
f 5707/5979 5398/6100 4785/5965
f 4785/5965 5398/6100 4748/6193
f 5398/6100 5724/6202 4748/6193
f 5724/6202 5636/6202 4748/6193
f 4114/6193 4748/6193 5653/6202
f 4748/6193 5636/6202 5653/6202
f 5636/6202 5724/6202 6230/6219
f 5724/6202 6316/6219 6230/6219
f 6230/6219 6316/6219 6292/6218
f 6316/6219 6395/6218 6292/6218
f 6292/6218 6395/6218 6367/6218
f 6442/6217 6367/6218 6426/6217
f 6367/6218 6395/6218 6426/6217
f 6426/6217 6395/6218 6393/6045
f 6395/6218 6048/6067 6393/6045
f 6048/5921 5687/5791 6393/5888
f 5687/5791 5861/5790 6393/5888
f 5861/5790 6097/5789 6393/5888
f 6393/5888 6097/5789 6407/5788
f 6097/4432 5880/4475 6407/4367
f 7850/5120 7809/5130 7899/5131
f 7899/5131 7809/5130 7819/5156
f 7629/5196 7748/5173 7697/5170
f 7697/5170 7748/5173 7765/5139
f 7748/5173 7819/5156 7765/5139
f 7819/5156 7809/5130 7765/5139
f 7765/5139 7809/5130 7788/5082
f 7809/5130 7850/5120 7788/5082
f 7788/5082 7850/5120 7877/5080
f 7877/5080 7850/5098 7943/5037
f 7850/5098 7899/5067 7943/5037
f 7943/5037 7899/5067 7948/5033
f 7899/5067 8077/4995 7948/5033
f 7948/5033 8077/5010 8064/5009
f 8064/5009 8077/5010 8085/4994
f 7656/5426 7734/5449 7859/5481
f 7859/5256 7734/5327 8103/5143
f 7734/5327 7867/5257 8103/5143
f 8103/5910 7867/5816 7944/5854
f 7843/4461 7944/4411 7590/4572
f 7944/4411 7867/4453 7590/4572
f 7867/5480 7734/5449 7590/5403
f 7734/5449 7656/5426 7590/5403
f 6853/5598 6473/5682 6874/5596
f 6895/5580 6874/5596 7440/5517
f 6874/5596 6796/5615 7440/5517
f 7590/5403 7440/5371 7358/5393
f 7358/5532 7440/5517 7143/5536
f 7440/5517 6796/5615 7143/5536
f 6796/5615 6763/5634 7143/5536
f 7143/5066 6763/5149 7109/5072
f 7109/5072 6763/5149 6464/5246
f 6464/5696 6763/5634 6454/5688
f 6763/5634 6796/5615 6454/5688
f 6796/5615 6874/5596 6454/5688
f 6874/5596 6473/5682 6454/5688
f 6454/4518 6473/4423 6426/4356
f 6473/5682 6853/5598 6426/5681
f 6368/5681 6426/5681 6788/5598
f 6426/5681 6853/5598 6788/5598
f 6853/5598 6874/5596 6788/5596
f 6788/5596 6874/5596 6839/5596
f 6839/5596 6874/5596 6838/5580
f 6838/5580 6874/5596 6868/5580
f 6874/5596 6895/5580 6868/5580
f 6868/5580 6895/5580 7060/5517
f 6895/5580 7440/5517 7060/5517
f 7060/5371 7440/5371 7622/5420
f 8122/5495 8101/5495 7657/5420
f 8101/5495 8047/5495 7657/5420
f 8047/5495 7622/5420 7657/5420
f 7622/5420 7440/5371 7657/5420
f 7440/5371 7590/5403 7657/5420
f 7590/5403 7656/5426 7657/5420
f 7657/5420 7656/5426 8122/5495
f 7656/5426 7859/5505 8122/5495
f 7859/5256 8103/5143 8122/5142
f 8103/6078 8129/6085 8122/6086
f 8129/4985 8085/4994 8122/4986
f 8085/4994 8077/5010 8122/4986
f 8122/4986 8077/5010 8047/4986
f 8047/4986 8077/5010 7982/5010
f 8077/5010 7899/5067 7982/5010
f 7982/5010 7899/5067 7874/5067
f 7899/5067 7819/5156 7874/5067
f 7874/5067 7819/5156 7790/5156
f 7819/5156 7748/5173 7790/5156
f 7790/5156 7748/5173 7729/5173
f 7570/5241 7729/5173 7624/5241
f 7729/5173 7748/5173 7624/5241
f 7748/5173 7629/5196 7624/5241
f 7629/5196 7594/5196 7624/5241
f 7624/5241 7594/5196 7589/5241
f 7589/5241 7594/5196 7563/5196
f 7563/5196 7594/5196 7569/5150
f 7569/5150 7594/5196 7630/5150
f 7594/5196 7629/5196 7630/5150
f 7629/5196 7697/5170 7630/5150
f 7697/5170 7765/5139 7630/5150
f 7765/5139 7788/5082 7630/5138
f 7587/5150 7630/5150 7741/5082
f 7630/5150 7788/5082 7741/5082
f 7741/5082 7788/5082 8001/5013
f 8112/4812 8140/4812 8096/4799
f 8088/4789 8096/4799 8131/4807
f 8096/4799 8140/4812 8131/4807
f 8131/5335 8140/5346 8043/5338
f 8140/5346 8082/5346 8043/5338
f 8082/5346 8001/5338 8043/5338
f 8001/5013 7788/5082 8043/5013
f 7788/5082 7877/5080 8043/5013
f 7877/5064 7943/5037 8043/5013
f 7943/5037 7948/5033 8043/5013
f 8043/5013 7948/5033 8073/5008
f 7948/5033 8064/5009 8073/5008
f 8064/5009 8085/4994 8073/5008
f 8073/5008 8085/4994 8096/4991
f 8085/4994 8129/4985 8096/4991
f 8129/6085 8103/6078 8096/6077
f 8103/5910 7944/5854 8096/5903
f 7944/4411 7843/4461 8096/4345
f 8096/4345 7843/4461 7413/4587
f 7843/4461 7590/4572 7413/4587
f 7590/4572 7358/4586 7413/4587
f 7358/5062 7143/5066 7413/5063
f 7143/5066 7109/5072 7413/5063
f 7413/5063 7109/5072 6477/5269
f 7109/5072 6464/5323 6477/5269
f 6287/4622 6408/4850 6276/4850
f 6340/4353 6408/4582 6426/4353
f 6408/4850 6287/4622 6418/4622
f 6287/5274 6336/5274 6418/5274
f 6336/5274 6458/5274 6418/5274
f 6458/5274 6477/5269 6418/5274
f 6477/5269 6464/5323 6418/5274
f 6418/4622 6464/4761 6408/4850
f 6464/4694 6492/4511 6408/4582
f 6492/4511 6426/4353 6408/4582
f 6426/4355 6384/4517 6408/4583
f 6384/4517 6402/4695 6408/4583
f 6408/4583 6402/4695 6418/4826
f 6402/4695 6407/4704 6418/4826
f 6407/4367 5880/4475 6418/4346
f 6418/4346 5880/4475 6360/4346
f 6360/4346 5880/4475 5827/4475
f 5880/4475 5358/4612 5827/4475
f 5827/4475 5358/4612 5298/4612
f 4082/5015 5298/4937 4708/5015
f 5298/4937 5358/4937 4708/5015
f 5358/4937 5687/4899 4708/5015
f 5687/4899 5383/4952 4708/5015
f 5383/4952 5400/4958 4708/5015
f 5400/4958 4785/5053 4708/5018
f 4785/5053 4344/5053 4708/5015
f 4431/5015 4708/5015 4636/5053
f 4708/5015 4344/5053 4636/5053
f 4785/5965 4748/6193 4515/6193
f 4515/5539 4748/5538 4676/5727
f 4748/5538 4732/5699 4676/5727
f 4732/5028 4721/4851 4676/4987
f 5745/5090 5757/5091 4446/4925
f 5757/5091 5869/5105 4446/4925
f 5757/5091 5745/5090 6509/5262
f 5745/5090 6482/5261 6509/5262
f 6076/5061 6115/5052 5802/5119
f 5441/5516 5410/5525 5823/5474
f 5410/5525 5802/5484 5823/5474
f 5802/5119 6115/5052 5823/5104
f 6115/5579 6453/5686 5823/5637
f 5823/5474 6453/5367 6109/5437
f 6453/5000 6115/5052 6461/5001
f 6115/5052 6076/5061 6461/5001
f 5954/5458 6141/5432 6118/5441
f 6068/5448 5993/5453 5769/5496
f 5659/5514 5769/5502 5994/5457
f 5769/5496 5993/5453 5994/5457
f 5994/5457 5993/5453 6253/5395
f 5993/5453 6068/5448 6253/5407
f 6253/5407 6068/5448 6461/5368
f 6068/5448 6118/5441 6461/5368
f 6118/5441 6141/5432 6461/5368
f 6141/5432 6153/5433 6461/5368
f 6461/5368 6153/5433 6460/5369
f 6407/5988 6460/5989 6469/5988
f 6469/5988 6460/5989 6011/5877
f 6011/5877 6460/5989 5952/5858
f 6460/5989 6153/5918 5952/5858
f 6153/4960 6141/5019 5952/4840
f 6141/5019 5954/4901 5952/4840
f 5952/6117 5954/6126 5731/6150
f 5731/6150 5954/6126 5846/6154
f 5954/5458 6118/5441 5846/5485
f 6118/5441 6068/5448 5846/5485
f 6068/5448 5769/5496 5846/5485
f 5846/6154 5769/6171 5521/6184
f 5769/5900 5472/5840 5521/5853
f 5521/4703 5472/4713 5234/4756
f 5234/4756 5472/4713 5401/4732
f 5472/5840 5769/5900 5401/5827
f 5769/5900 5659/5884 5401/5827
f 5401/4732 5659/4683 5372/4744
f 5372/4744 5659/4683 4587/4797
f 4587/4797 5659/4683 5370/4743
f 5370/4743 5659/4683 5666/4668
f 5659/5514 5994/5457 5666/5513
f 5994/5457 6253/5395 5666/5513
f 6253/4681 6461/4707 5666/4493
f 5666/4493 6461/4707 5758/4512
f 6461/5001 6076/5061 5758/5141
f 6076/5061 5802/5135 5758/5141
f 5758/5901 5802/5902 5404/5834
f 5404/5834 5802/5902 4876/5779
f 5802/5902 5410/5835 4876/5779
f 5441/5516 5823/5474 5502/5507
f 5849/5113 6482/5261 5836/5109
f 5836/5109 6482/5261 5751/5094
f 6482/5261 5745/5090 5751/5094
f 6509/5494 6527/5438 6561/5486
f 6561/4692 6527/4684 6572/4691
f 6334/5000 6453/5000 6340/5001
f 6453/5000 6461/5001 6340/5001
f 6461/5368 6460/5369 6340/5368
f 6340/5368 6460/5369 6338/5369
f 6460/5989 6407/5988 6338/5989
f 6338/5989 6407/5988 6351/5988
f 6351/5988 6407/5988 6361/5987
f 6361/5987 6407/5988 6477/5987
f 6407/5988 6469/5988 6477/5987
f 6469/5988 6011/5877 6477/5987
f 5463/6168 5599/6151 5491/6168
f 5491/6168 5599/6151 5621/6151
f 5599/5805 6390/5987 5621/5805
f 6390/5987 6477/5987 5621/5805
f 6477/5987 6011/5877 5621/5805
f 6011/5877 5952/5858 5621/5805
f 5621/6151 5952/6117 5491/6163
f 5491/6168 5952/6117 5473/6172
f 5952/6117 5731/6150 5473/6172
f 5731/6150 5846/6154 5473/6172
f 5846/6154 5521/6184 5473/6172
f 5521/4703 5234/4756 5473/4714
f 5473/4714 5234/4756 5420/4714
f 5420/4714 5234/4756 5121/4756
f 4083/4791 5121/4756 4709/4791
f 5121/4756 5234/4756 4709/4791
f 5234/4756 5401/4732 4709/4791
f 5401/4732 5372/4744 4709/4791
f 5372/4744 4587/4797 4709/4791
f 4587/4797 4586/4797 4709/4791
f 4432/4791 4709/4791 4344/4797
f 4709/4791 4586/4797 4344/4797
f 4344/4797 4586/4797 4748/4785
f 4586/4797 4587/4797 4748/4785
f 4409/4645 4733/4663 4440/4646
f 4440/4646 4733/4663 4465/4647
f 4733/4663 4748/4669 4465/4647
f 4748/4785 4587/4797 4465/4785
f 4587/4797 5370/4743 4465/4785
f 5370/4743 5666/4668 4465/4785
f 5666/4493 5758/4512 4465/4354
f 5758/5901 5404/5834 4465/5778
f 5404/5834 4876/5779 4465/5778
f 4465/5778 4876/5779 4366/5769
f 8069/5599 8031/5600 8137/5571
f 8031/5600 8048/5566 8137/5571
f 8137/4454 8048/4434 8035/4433
f 8035/5188 8048/5189 8137/5155
f 8069/4462 8137/4486 8031/4463
f 8137/4486 8048/4491 8031/4463
f 7273/4909 7272/4909 7439/4904
f 7400/5259 7192/5258 7321/5258
f 7321/5258 7192/5258 7464/5257
f 7464/5257 7192/5258 7360/5257
f 6561/5354 6509/5354 6633/5352
f 6509/5961 6837/6109 7263/6121
f 6248/5518 6220/5518 6607/5555
f 6461/5828 6426/5825 6443/5825
f 6443/5825 6426/5825 6369/5825
f 6369/5825 6426/5825 6340/5825
f 6334/5826 6340/5825 6416/5826
f 6340/5825 6426/5825 6416/5826
f 6426/5825 6453/5826 6416/5826
f 7440/4531 6958/4499 6985/4531
f 6958/4655 6707/4737 6939/4655
f 6939/4655 6707/4737 6684/4737
f 6292/4775 6684/4737 6395/4775
f 6684/4737 6707/4737 6395/4775
f 6773/4954 6416/5057 6781/4955
f 6919/4804 6781/4834 6707/4742
f 6707/4742 6781/4834 6395/4775
f 6781/4834 6416/4919 6395/4775
f 6416/4919 6334/4919 6395/4775
f 6958/5114 6732/5205 6765/5190
f 7002/5132 7016/5286 6735/5287
f 7016/5095 6765/5190 6735/5201
f 6735/5201 6765/5190 6422/5332
f 6765/5190 6732/5205 6422/5332
f 6732/5205 6583/5270 6422/5332
f 6583/5270 6411/5331 6422/5332
f 6422/5332 6411/5331 6307/5331
f 6307/5331 6411/5331 6395/5330
f 6411/5331 6583/5270 6395/5330
f 6395/5330 6583/5270 6707/5209
f 6583/5270 6732/5205 6707/5209
f 6732/5205 6958/5114 6707/5209
f 6292/5330 6395/5330 6695/5209
f 6395/5330 6707/5209 6695/5209
f 6695/5209 6707/5209 6939/5114
f 6707/5209 6958/5114 6939/5114
f 7990/5794 7917/5821 8006/5764
f 7670/5977 7730/5913 7758/5897
f 7730/5913 7826/5850 7758/5897
f 7758/5897 7826/5850 7806/5867
f 7800/5927 7810/5933 8001/6051
f 7917/6134 7990/6175 8001/6051
f 8001/6051 7990/6175 8050/6179
f 7990/5794 8006/5764 8050/5777
f 8006/5764 8101/5744 8050/5777
f 8050/5777 8101/5744 8093/5761
f 8093/6058 8101/6057 8078/6063
f 8101/6057 7827/6122 8078/6063
f 7827/6122 7701/6156 8078/6063
f 7701/6156 7837/6123 8078/6063
f 7837/6123 7931/6101 8078/6063
f 8078/6063 7931/6101 8070/6068
f 8070/6069 7931/6101 7807/6155
f 7807/6155 7931/6124 7491/6204
f 7931/6101 7837/6123 7491/6204
f 7837/6123 7701/6156 7491/6204
f 7491/6204 7701/6156 7567/6185
f 7701/6156 7827/6122 7567/6185
f 7827/6122 8101/6057 7567/6185
f 7526/6185 7567/6185 8002/6057
f 7567/6185 8101/6057 8002/6057
f 8101/5744 8006/5764 8002/5764
f 8002/5764 8006/5764 7970/5764
f 8006/5764 7826/5850 7970/5764
f 7970/5764 7826/5850 7787/5850
f 7468/6022 7787/5850 7556/6022
f 7787/5850 7826/5850 7556/6022
f 7826/5850 7730/5913 7556/6022
f 7730/5913 7670/5977 7556/6022
f 7670/5977 7663/5981 7556/6022
f 7663/5981 7563/6035 7556/6022
f 7563/6035 7498/6035 7556/6022
f 7503/4661 7549/4661 7556/4662
f 7549/4661 7584/4661 7556/4662
f 7556/4662 7584/4661 7624/4662
f 7624/4662 7584/4661 7620/4661
f 7620/4347 7584/4347 7618/4368
f 7439/4904 7656/4891 7427/4920
f 7656/4891 7715/4879 7427/4920
f 7427/4920 7688/4893 7217/4938
f 7692/4900 7217/4938 7815/4867
f 7217/4938 7688/4893 7815/4867
f 7815/4867 7688/4893 7816/4858
f 7688/4893 7427/4920 7816/4858
f 7427/4920 7715/4879 7816/4858
f 7816/4858 7715/4879 7869/4838
f 7715/4879 7656/4891 7869/4838
f 7656/4889 7751/4868 7869/4838
f 7751/4953 7951/4885 7869/4911
f 7952/4892 7869/4911 8132/4856
f 7869/4911 7951/4885 8132/4856
f 7720/6004 7711/6016 7632/5941
f 7711/6016 7798/6061 7632/5941
f 7632/5941 7798/6061 7748/6042
f 7798/6061 7833/6072 7748/6042
f 7748/6042 7833/6072 7819/6065
f 7833/5652 7870/5668 7819/5649
f 7819/5649 7870/5668 7899/5683
f 7870/5668 7940/5703 7899/5683
f 7899/5683 7940/5703 8071/5746
f 8071/5746 7940/5703 7993/5728
f 7940/5703 7870/5668 7993/5728
f 7993/5728 7870/5668 7840/5657
f 7870/5668 7833/5652 7840/5657
f 7833/6072 7798/6061 7840/6064
f 7798/6061 7711/6016 7840/6064
f 7711/6016 7720/6004 7840/6064
f 7840/6064 7720/6004 7838/6060
f 7838/6060 7720/6004 7710/5996
f 7710/5996 7720/6004 7643/5929
f 7720/6004 7632/5941 7643/5929
f 7643/6095 7632/6096 7620/6091
f 7620/6091 7632/6096 7624/6092
f 7632/5941 7748/6042 7624/5938
f 7531/5938 7624/5938 7729/6042
f 7624/5938 7748/6042 7729/6042
f 7729/6042 7748/6042 7790/6065
f 7748/6042 7819/6065 7790/6065
f 7790/5649 7819/5649 7874/5683
f 7819/5649 7899/5683 7874/5683
f 7874/5683 7899/5683 8046/5767
f 8046/5767 7899/5683 8122/5767
f 7899/5683 8071/5746 8122/5767
f 8071/5746 8132/5766 8122/5767
f 8132/4343 7951/4416 8122/4344
f 7951/4416 7751/4502 8122/4344
f 7751/4502 7656/4552 8122/4344
f 8122/4344 7656/4552 8101/4344
f 8101/4344 7656/4552 8046/4344
f 8046/4344 7656/4552 7651/4552
f 7656/4889 7439/4904 7651/4889
f 7651/4889 7439/4904 7059/4904
f 7059/4904 7439/4904 6985/4904
f 6985/4904 7439/4904 7005/4904
f 7005/4904 7439/4904 6998/4909
f 6998/4909 7439/4904 7273/4909
f 7439/4904 7427/4920 7273/4909
f 7273/4909 7427/4920 7350/4928
f 7427/4920 7217/4938 7350/4928
f 7350/4928 7217/4938 7242/4943
f 7242/4943 7217/4938 7338/4956
f 7217/4938 7692/4900 7338/4956
f 7238/5577 7237/5581 7273/5446
f 7271/5450 7273/5446 7236/5588
f 7273/5446 7237/5581 7236/5588
f 7236/5588 7237/5581 7361/5717
f 7237/5581 7238/5577 7361/5717
f 7238/5577 7194/5714 7361/5717
f 7692/5726 7815/5802 8092/5810
f 7815/4959 7816/4942 8092/4876
f 7816/4942 7869/4915 8092/4876
f 7869/4911 7952/4892 8092/4876
f 8092/4876 7952/4892 8127/4872
f 7952/4892 8132/4856 8127/4870
f 8132/5766 8071/5746 8127/5765
f 8071/5746 7993/5728 8127/5765
f 7838/6060 7710/5996 7646/5909
f 7710/5996 7643/5929 7646/5909
f 7643/6095 7620/6091 7646/6094
f 7620/6091 7618/6090 7646/6094
f 7618/4368 7584/4347 7536/4368
f 7584/4347 7549/4347 7536/4368
f 7549/4347 7503/4347 7536/4368
f 7536/4368 7503/4347 7235/4368
f 7235/4368 7503/4347 7302/4347
f 7302/4661 7503/4661 7387/4662
f 7503/4661 7556/4662 7387/4662
f 7556/6022 7498/6035 7387/6022
f 7387/6022 7498/6035 7426/6035
f 7426/5812 7498/5812 7334/5813
f 7498/5812 7563/5812 7552/5813
f 7563/5812 7663/5837 7552/5813
f 7486/5813 7552/5813 7698/5868
f 7552/5813 7663/5837 7703/5868
f 7663/5837 7670/5841 7703/5868
f 7703/5868 7670/5841 7714/5878
f 7758/5908 7806/5937 7714/5878
f 7806/5937 7800/5927 7714/5878
f 7698/5878 7714/5878 7760/5927
f 7714/5878 7800/5927 7760/5927
f 7760/5927 7800/5927 7958/6051
f 7800/5927 8001/6051 7958/6051
f 7032/6227 7965/5994 7162/6227
f 7162/6227 7965/5994 8096/5994
f 7965/6051 8001/6051 8096/6074
f 8001/6051 8050/6179 8096/6074
f 8050/6179 8093/6188 8096/6074
f 8093/6058 8078/6063 8096/6059
f 8078/6063 8070/6069 8096/6059
f 8096/5994 8070/6003 7162/6227
f 8070/5722 7807/5838 7162/5839
f 7807/6155 7491/6204 7162/6221
f 7257/6221 7162/6221 7388/6220
f 7162/6221 7205/6220 7388/6220
f 7706/5355 7831/5303 7777/5328
f 7682/4671 7777/4725 7786/4726
f 7786/4726 7777/4725 7923/4760
f 7777/4725 7831/4736 7923/4760
f 7923/4487 7831/4616 7928/4483
f 7928/4483 7831/4616 7844/4616
f 7831/5303 7706/5355 7844/5298
f 7706/5355 7939/5213 7844/5298
f 7941/5240 7844/5298 8094/5169
f 7844/5298 7939/5213 8094/5169
f 8027/4627 7967/4606 7953/4597
f 7967/4606 7966/4598 7953/4597
f 7953/4597 7966/4598 7961/4593
f 7966/4598 7937/4566 7961/4593
f 7961/4593 7868/4525 7845/4510
f 7868/4525 7824/4481 7845/4510
f 7707/4441 7845/4507 7712/4442
f 7845/4507 7824/4481 7712/4442
f 7712/4731 7824/4770 7694/4727
f 7694/4727 7824/4770 7772/4759
f 7824/4770 7868/4816 7772/4759
f 7772/4759 7868/4816 7893/4829
f 7868/4816 7937/4855 7893/4829
f 7937/4855 7966/4875 7893/4829
f 7893/4829 7966/4875 7971/4881
f 7966/4875 7967/4880 7971/4881
f 7967/4880 8027/4887 7971/4881
f 7971/4881 8027/4887 8101/4896
f 8027/4887 8094/4898 8101/4896
f 8094/4803 7939/4854 8101/4796
f 7939/4854 7706/4914 8101/4796
f 8101/4796 7706/4914 7600/4978
f 7706/4890 7777/5014 7600/4788
f 7600/4788 7777/5014 7675/4888
f 7675/5882 7777/5872 7396/5956
f 7777/5872 7682/5945 7396/5956
f 7400/4402 7396/4488 7460/4351
f 7362/4998 7206/4980 7319/4997
f 7206/4980 7460/4979 7319/4997
f 7460/6031 7396/5956 7319/6031
f 7396/5956 7682/5945 7319/6031
f 7682/4671 7786/4726 7319/4591
f 7598/5127 7537/5145 7613/5217
f 7814/6062 7613/6084 7360/6216
f 7203/5822 7360/5670 7400/5822
f 7360/5670 7613/5768 7400/5822
f 6727/5488 6602/5479 6746/5478
f 6746/5478 6602/5479 6608/5460
f 6746/5478 6608/5460 6743/5459
f 6245/5419 6608/5370 6220/5434
f 6608/5370 6552/5413 6220/5434
f 6214/5102 6262/5099 6221/5101
f 6262/5099 6214/5102 6347/5092
f 6347/5373 6214/5373 6603/5427
f 6227/4769 6245/4628 5663/4833
f 5663/4833 6245/4628 5689/4755
f 6245/4628 5691/4660 5689/4755
f 5371/5713 5691/5785 4676/5667
f 4676/5126 5691/4996 5898/4931
f 6245/5443 5888/5429 5898/5442
f 6382/5107 6421/5106 6285/5122
f 6285/5122 6421/5106 6289/5121
f 5888/5429 6245/5443 6289/5430
f 6245/4628 6227/4769 6289/4592
f 7786/4726 7923/4760 8061/4825
f 7923/4487 7928/4483 8061/4369
f 7928/4483 7844/4616 8061/4369
f 7844/4616 7941/4478 8061/4369
f 8061/4369 7941/4478 8092/4349
f 7941/5240 8094/5169 8092/5187
f 8094/4654 8027/4627 8092/4653
f 8027/4627 7953/4597 8092/4653
f 7845/4507 7707/4441 7536/4368
f 7536/4368 7707/4441 7549/4347
f 7707/4441 7712/4442 7549/4347
f 7549/4661 7712/4731 7556/4662
f 7712/4731 7694/4727 7556/4662
f 7694/4727 7772/4759 7556/4662
f 7468/4662 7556/4662 7728/4759
f 7556/4662 7772/4759 7728/4759
f 7879/4829 7893/4829 7949/4881
f 7893/4829 7971/4881 7949/4881
f 7949/4881 7971/4881 8002/4896
f 7971/4881 8101/4896 8002/4896
f 8101/4796 7600/4978 8002/4796
f 8002/4796 7600/4978 7526/4978
f 6985/4503 7060/4503 7439/4503
f 7060/4503 7526/4529 7439/4503
f 7526/4529 7600/4529 7439/4503
f 7600/4529 7675/4556 7439/4503
f 7675/4556 7396/4504 7439/4503
f 7396/5971 7400/6087 7439/5824
f 7400/6087 7299/5825 7439/5824
f 7439/6203 7299/6203 7469/6220
f 7299/6203 7205/6220 7469/6220
f 7205/6220 7162/6221 7469/6220
f 7162/6221 7491/6204 7469/6220
f 7469/6220 7491/6204 7439/6203
f 7491/6204 7567/6185 7439/6203
f 7567/6185 7526/6185 7439/6203
f 7526/6185 7060/6203 7439/6203
f 7060/5083 6958/5114 7439/5083
f 6958/5114 6765/5190 7439/5083
f 6765/5190 7016/5095 7439/5083
f 7016/6209 7142/6205 7439/6198
f 7439/6198 7142/6205 7469/6199
f 7469/6199 7204/6199 7439/6198
f 7439/6198 7204/6199 7299/6198
f 7204/6199 7469/6199 7258/6194
f 7469/6199 7142/6205 7258/6194
f 6312/5314 6982/5129 6418/5314
f 6418/5314 6982/5129 7109/5129
f 6982/4540 6996/4540 7109/4530
f 6996/4540 7258/4540 7109/4530
f 7258/4540 7142/4533 7109/4530
f 7142/6205 7016/6209 7109/6210
f 7016/5128 7002/5132 7109/5129
f 7109/5129 7002/5132 6418/5314
f 7002/5132 6735/5287 6418/5314
f 6735/5201 6422/5332 6418/5333
f 6418/5333 6422/5332 6287/5333
f 6287/5333 6422/5332 6290/5332
f 6422/5332 6307/5331 6290/5332
f 6307/5331 6395/5330 6264/5330
f 6395/4775 6334/4919 6264/4775
f 7464/5257 7192/5258 7360/5257
f 6737/5133 7192/5258 7400/5259
f 7192/5258 7464/5257 7400/5259
f 7399/4417 7400/4417 7299/4657
f 7301/4656 7455/4657 7440/4656
f 7440/4656 7455/4657 7175/4657
f 7299/4657 7400/4417 7175/4657
f 7175/4657 7400/4417 7236/4417
f 7400/4878 7464/4877 7236/4878
f 7236/4878 7464/4877 7182/4882
f 6773/4954 6781/4955 7182/4882
f 6781/4955 6919/4908 7182/4882
f 7182/4882 6919/4908 7312/4884
f 6919/4741 6707/4742 7312/4667
f 6707/4737 6958/4655 7312/4667
f 6958/4499 7440/4531 7312/4532
f 7440/4656 7175/4657 7312/4541
f 7312/4541 7175/4657 7396/4492
f 7175/4657 7236/4417 7396/4492
f 7236/4417 7182/4352 7396/4492
f 6073/4521 5835/4617 6383/4664
f 5835/4617 6094/4749 6383/4664
f 6383/4664 6094/4749 6388/4859
f 5724/4841 6388/4859 5698/4836
f 6388/4859 6094/4749 5698/4836
f 6094/4749 5835/4617 5698/4836
f 5698/4836 5835/4617 5421/4728
f 5421/4728 5835/4617 5056/4579
f 5056/4579 5835/4617 5501/4484
f 6453/4673 6383/4664 6426/4873
f 6383/4664 6388/4859 6426/4873
f 6388/4859 5724/4841 6426/4873
f 5724/4841 5682/4841 6426/4873
f 6426/4873 5682/4841 6368/4873
f 4114/4422 5682/4348 4748/4422
f 5682/4348 5724/4348 4748/4422
f 5724/4348 5698/4372 4748/4422
f 5698/4372 5421/4482 4748/4422
f 5421/4482 5056/4629 4748/4422
f 4748/4422 5056/4629 4677/4638
f 6577/5846 6852/5940 7231/6054
f 6930/5995 7171/6055 7337/6056
f 7171/6055 7287/6055 7337/6056
f 7193/6056 7337/6056 7286/6055
f 7337/6056 7287/6055 7286/6055
f 7286/6055 7287/6055 7163/6054
f 7287/6055 7171/6055 7163/6054
f 7171/6055 7231/6054 7163/6054
f 7163/6054 7231/6054 7300/6053
f 7204/5062 7469/5062 7257/5063
f 7413/5063 7257/5063 7358/5062
f 7257/5063 7469/5062 7358/5062
f 7358/5532 7469/5532 7440/5517
f 7469/5532 7204/5532 7440/5517
f 7204/5532 7300/5517 7440/5517
f 7300/6053 7231/6054 7440/6053
f 7231/6054 6852/5940 7440/6053
f 7175/4657 7440/4656 7005/4656
f 7440/6053 6852/5940 7005/6053
f 7005/6053 6852/5940 6788/5940
f 6852/5940 6577/5846 6788/5940
f 6788/5940 6577/5846 6565/5846
f 6426/5825 6442/5825 6461/5828
f 6442/5825 6565/5846 6461/5828
f 6565/5846 6577/5846 6461/5828
f 6577/5846 7231/6054 6461/5828
f 6461/5828 7231/6054 6642/5864
f 6642/5864 7231/6054 6795/5928
f 7231/6054 7171/6055 6795/5928
f 7171/6055 6930/5995 6795/5928
f 6795/5928 6930/5995 6475/5833
f 6930/5995 7337/6056 6475/5833
f 6472/4476 6453/4382 6459/4350
f 6453/5826 6426/5825 6459/5829
f 6426/5825 6461/5828 6459/5829
f 6461/5828 6642/5864 6459/5829
f 6642/5864 6795/5928 6459/5829
f 6795/5928 6475/5833 6459/5829
f 7485/8558 7343/8575 7341/8576
f 7341/8576 7343/8575 7451/8576
f 7451/8576 7343/8575 7308/8575
f 7308/8575 7343/8575 7501/8558
f 7343/8575 7485/8558 7501/8558
f 7515/8230 7492/8230 7395/8245
f 6288/9699 5851/9902 5871/9889
f 5025/8542 4963/8542 5162/8496
f 4963/8542 5201/8496 5162/8496
f 6632/8262 6621/8246 6668/8220
f 5850/9176 5799/9164 5803/9159
f 5803/8221 5799/8207 5850/8155
f 6580/8298 5853/8619 6571/8289
f 6571/8289 5853/8619 6575/8156
f 6575/8156 5853/8619 6570/8156
f 6555/8156 6570/8156 5779/8619
f 6570/8156 5853/8619 5779/8619
f 5779/8619 5853/8619 5795/8619
f 5853/8632 6580/8298 6060/8582
f 6060/8582 6580/8298 6259/8543
f 6580/8298 6725/8231 6259/8543
f 6725/8231 6744/8297 6259/8543
f 6744/8297 6747/8313 6259/8543
f 6747/8313 6255/8590 6259/8543
f 6228/9493 6113/9565 6806/9165
f 5360/8340 5349/8344 5241/8364
f 5162/8282 5206/8161 5025/8282
f 5025/8282 5206/8161 5026/8282
f 5206/8161 5049/8161 5026/8282
f 4345/8577 4538/8567 4632/8577
f 4538/8567 5025/8529 4632/8577
f 5025/8529 4975/8544 4632/8577
f 4632/8577 4975/8544 4973/8577
f 4973/8577 4975/8544 5030/8528
f 5030/8528 4975/8544 5049/8528
f 4975/8544 5025/8529 5049/8528
f 5206/8528 5049/8528 5205/8528
f 5049/8528 5025/8529 5205/8528
f 5025/8529 5122/8529 5205/8528
f 4779/8670 5006/8633 4927/8670
f 4927/10224 5006/10224 5198/10360
f 5198/10360 5006/10224 5275/10360
f 5160/10360 5275/10360 5153/10359
f 5153/10359 5275/10360 5266/10359
f 5266/10359 5275/10360 4989/10223
f 5275/10360 5006/10224 4989/10223
f 5337/10368 5350/10368 5311/10353
f 5339/10354 5284/10354 5311/10353
f 5324/10353 5311/10353 5281/10353
f 5244/10354 5284/10354 5250/10369
f 5329/10369 5315/10369 5353/10369
f 5353/10369 5315/10369 5340/10369
f 5315/10369 5250/10369 5340/10369
f 5250/10369 5284/10354 5340/10369
f 5284/10354 5339/10354 5340/10369
f 5339/10354 5311/10353 5350/10368
f 5311/10353 5324/10353 5350/10368
f 5324/10353 5348/10368 5350/10368
f 7117/10366 7450/10367 7036/10341
f 7036/8283 7450/8264 7117/8263
f 6925/8497 6916/8487 6902/8466
f 6902/8394 6916/8386 6925/8371
f 6827/8409 6818/8410 6794/8399
f 6818/8410 6780/8397 6794/8399
f 6827/10143 6794/10155 6818/10144
f 6794/8331 6780/8339 6818/8324
f 6668/8715 6621/8691 6632/8679
f 6448/9777 6474/9762 6515/9740
f 6515/8248 6474/8223 6448/8209
f 6166/9060 6162/9052 6183/9036
f 6183/8801 6162/8784 6166/8773
f 6036/8395 6019/8387 6006/8375
f 6006/8396 6019/8388 6036/8376
f 6760/9265 6762/9248 7275/9501
f 7275/9501 6762/9248 6749/9196
f 6761/8210 6749/8224 6296/8211
f 5842/8225 5858/8212 6296/8211
f 6296/9975 5858/9974 5857/9989
f 5857/8680 5858/8692 5376/8681
f 5858/8692 5842/8705 5376/8681
f 5376/8681 5842/8705 5378/8717
f 5378/8717 5842/8705 5843/8716
f 5843/8234 5842/8225 6326/8233
f 5842/8225 6296/8211 6326/8233
f 6296/8211 6749/8232 6326/8233
f 6749/9196 6762/9248 6326/9002
f 6762/9248 6760/9265 6326/9002
f 6326/9002 6760/9265 6322/9038
f 6760/9265 6154/9502 6322/9038
f 4558/9039 4363/9503 4763/9039
f 6139/9502 6144/9502 7251/9501
f 6144/9502 6154/9502 7251/9501
f 6154/9502 7275/9501 7251/9501
f 7251/9501 7275/9501 7438/9424
f 7438/9424 7275/9501 7177/9424
f 7177/9424 7275/9501 7340/9424
f 7275/9501 6749/9196 7340/9424
f 6749/8301 6761/8306 7340/8290
f 7304/8290 7340/8290 7303/8309
f 7340/8290 6761/8306 7303/8309
f 6761/9976 6296/9975 6320/9990
f 6296/9975 5857/9989 6320/9990
f 5857/8981 5814/8982 6320/8798
f 6320/8798 5814/8982 6238/8799
f 6255/8789 6238/8799 5815/8969
f 6238/8799 5814/8982 5815/8969
f 5815/8820 5814/8832 5340/9001
f 5814/8832 5857/8831 5340/9001
f 5857/8831 5376/9000 5340/9001
f 5340/9001 5376/9000 5353/9000
f 5595/9959 5656/9939 5618/9973
f 5656/9939 5585/9939 5618/9973
f 5618/8372 5585/8372 5559/8389
f 5585/8765 5656/8765 5559/8728
f 5656/8765 5595/8747 5559/8728
f 6034/10168 5212/9948 6069/9880
f 6069/9880 5212/9948 5266/9720
f 5212/9948 5065/9958 5266/9720
f 5065/9958 4989/9728 5266/9720
f 4716/8280 5266/8153 4304/8244
f 5266/8153 4989/8192 4304/8244
f 4770/9903 4304/9700 4530/9903
f 4530/9903 4769/9909 4327/10277
f 4327/10182 5065/9958 5171/10276
f 5386/8159 5840/8450 6160/8727
f 6160/8727 5840/8450 6228/8783
f 6228/8783 5840/8450 6113/8661
f 5840/8450 5386/8159 6113/8661
f 6113/10153 5386/9661 6112/10340
f 6034/10168 6069/9880 6824/10081
f 4716/8280 4304/8244 4731/8280
f 4731/8280 4304/8244 4755/8244
f 4530/9903 4327/10277 4606/10277
f 4606/9784 4327/9784 4376/9783
f 4376/9783 4327/9784 4691/9783
f 4327/9784 5020/9739 4691/9783
f 4691/9783 5020/9739 4874/9783
f 4874/9783 5020/9739 5099/9739
f 5099/9739 5020/9739 5186/9701
f 5020/9739 4327/9784 5186/9701
f 4327/10237 5171/10361 5186/10362
f 4949/10257 4966/10258 4369/10257
f 4369/10257 4966/10258 4764/10258
f 4764/10258 4966/10258 4399/10259
f 4966/10258 5018/10259 4399/10259
f 5288/8939 5326/8933 5287/8933
f 4808/8961 5017/8922 5193/8913
f 5326/8933 5193/8913 5247/8933
f 5247/8933 5193/8913 5152/8913
f 5193/8913 5017/8922 5152/8922
f 5017/8922 5105/8922 5152/8922
f 5335/10014 5098/10095 5332/10015
f 5098/10095 5086/10096 5332/10015
f 5307/8854 5132/8887 5101/8888
f 5132/8887 4777/8914 5101/8888
f 5286/8618 5320/8617 5110/8678
f 5320/8617 5135/8677 5110/8678
f 5110/8918 5135/8917 4891/8959
f 5135/8917 4789/8958 4891/8959
f 5206/10210 5067/10210 5011/10154
f 5011/9931 5067/9949 5029/9931
f 4873/10239 4790/10257 4369/10257
f 5645/9812 5640/9805 6123/10167
f 6123/10167 5640/9805 5911/9963
f 5640/9805 5645/9812 5162/9511
f 5089/9949 5162/9950 4975/9949
f 5162/9950 5025/9950 4975/9949
f 5025/9950 5084/9919 4975/9949
f 5206/10210 5067/10210 5011/10154
f 5067/9949 4975/9949 5011/9931
f 4975/9949 5084/9919 5011/9931
f 5011/10154 5084/10170 5206/10210
f 5084/10170 5162/10209 5206/10210
f 5162/8282 5645/8162 5206/8161
f 5645/8162 5627/8162 5206/8161
f 5029/8161 5206/8161 5603/8162
f 5206/8161 5627/8162 5603/8162
f 6902/8583 6914/8574 6881/8574
f 6881/8574 6914/8574 6882/8574
f 7100/8245 7395/8245 7207/8245
f 7207/8245 7395/8245 7471/8245
f 7530/8230 7471/8245 7515/8230
f 7471/8245 7395/8245 7515/8230
f 7070/8154 7147/8230 7485/8154
f 7147/8230 7515/8230 7485/8154
f 7207/10017 7452/10005 7395/10017
f 7452/10005 7341/10005 7395/10017
f 7341/10005 7485/10048 7395/10017
f 7485/8154 7515/8230 7395/8261
f 7100/8245 7099/8261 7395/8261
f 7099/10363 6914/10364 7395/10363
f 7207/10363 7395/10363 7453/10256
f 7453/10256 7395/10363 7341/10256
f 7395/10363 6914/10364 7341/10256
f 6914/8574 6902/8583 7341/8414
f 6720/9460 7341/9175 6666/9543
f 7341/9175 6902/9360 6666/9543
f 6902/9360 6881/9360 6666/9543
f 6881/9360 6630/9543 6666/9543
f 6630/9619 6123/9938 6666/9619
f 6123/9938 5911/10133 6666/9619
f 6666/9619 5911/10133 6187/9881
f 5206/10210 5162/10209 5049/10210
f 5162/10209 5025/10209 5049/10210
f 4963/8488 5025/8488 5201/8520
f 5025/8488 5162/8520 5201/8520
f 4977/10078 4560/9806 4690/10046
f 4690/10046 4560/9806 4559/9806
f 4559/9806 4560/9806 4728/9512
f 4728/9512 4560/9806 4778/9813
f 4560/9806 4977/10078 4778/9813
f 5960/9761 4728/9512 5973/9761
f 4728/9512 5518/9683 5973/9761
f 5973/9761 5518/9791 5979/9998
f 5518/9791 4778/9813 5979/9998
f 4778/9813 4977/10078 5546/10047
f 5546/8682 4977/8672 5013/8693
f 4977/8638 4690/8626 5013/8611
f 5013/8881 4690/8861 5025/8960
f 5025/8960 4690/8861 4538/8932
f 4538/8932 4690/8861 4488/8932
f 4488/8932 4690/8861 4639/8861
f 4690/10046 4559/9806 4639/10046
f 4639/10046 4559/9806 4509/9806
f 4728/9512 5960/9761 5943/9761
f 6810/9610 6877/9611 6806/9610
f 5531/9042 5534/9041 5982/9286
f 6485/9451 5982/9286 6487/9450
f 6806/8527 6252/8157 6288/8208
f 6288/8800 6252/8781 5686/8383
f 5686/8383 6252/8781 6505/8853
f 6252/8157 6806/8527 6505/8299
f 6806/9610 6487/9450 6505/9449
f 5686/9088 6505/8704 5983/8925
f 6505/9449 6487/9450 5983/9285
f 6487/9450 5982/9286 5983/9285
f 5982/9286 5551/9132 5983/9285
f 5983/9285 5551/9040 5686/9135
f 5686/9135 5551/9040 4992/8839
f 5551/9040 5534/9041 4992/8839
f 5534/9041 5531/9042 4992/8839
f 5368/8584 4992/8597 5059/8637
f 4115/9729 4912/9775 4738/9729
f 4912/9775 4992/9775 4738/9729
f 4489/9729 4738/9729 4408/9730
f 4639/10046 4689/10046 4690/10046
f 4689/9730 4408/9730 4690/9730
f 4408/9730 4738/9729 4690/9730
f 4690/9730 4738/9729 4977/9776
f 4738/9729 4992/9775 4977/9776
f 4992/8839 5531/9042 4977/8833
f 4977/8833 5531/9042 5546/9043
f 5531/9042 5982/9286 5979/9288
f 5979/9287 5982/9286 6499/9452
f 5982/9286 6485/9451 6499/9452
f 6499/9452 6485/9451 6800/9611
f 6485/9451 6487/9450 6800/9611
f 6487/9450 6806/9610 6800/9611
f 6806/9610 6877/9611 6800/9611
f 6877/9611 6861/9611 6800/9611
f 5973/9761 5979/9998 6499/9971
f 6800/9780 6499/9779 6483/9785
f 6499/9779 5979/9778 6483/9785
f 6484/9821 6483/9820 6007/10001
f 6007/10001 6483/9820 5965/10016
f 5180/8362 5114/8355 5094/8354
f 5094/8363 5114/8357 5180/8356
f 4976/8952 4991/8944 5011/8934
f 5011/8737 4991/8718 4976/8706
f 5335/10000 5332/9999 5098/10080
f 5332/9999 5086/10079 5098/10080
f 5086/10003 4834/10083 5098/10004
f 4853/9513 4777/9668 4326/9514
f 4326/9514 4777/9668 4712/9227
f 4712/9227 4777/9668 4787/9535
f 4453/10013 4787/9510 4548/9842
f 4787/9510 4777/9649 4548/9842
f 4834/10066 4548/10082 5086/10002
f 5086/8273 4548/8148 5101/8272
f 4548/8148 4777/8147 5101/8272
f 5307/9035 5101/9080 5132/9081
f 5101/8272 4777/8191 5132/8271
f 4777/9628 4853/9634 5132/9676
f 5132/9676 4853/9634 5088/9675
f 4853/9479 4326/9488 5088/9439
f 4326/10274 4891/10295 5088/10358
f 5088/10358 4891/10295 5110/10357
f 4891/10295 4789/10294 5110/10357
f 5286/9738 5110/9682 5320/9737
f 5320/9737 5110/9682 5135/9681
f 5110/10357 4789/10294 5135/10356
f 5135/9492 4789/9544 4622/9548
f 4789/9941 4891/9942 4622/9933
f 4891/9942 4326/9920 4622/9933
f 4326/9920 4712/9932 4622/9933
f 4971/8166 4852/8166 4956/8167
f 4956/8167 4852/8166 4399/8167
f 4399/8167 4852/8166 4320/8166
f 4320/8166 4852/8166 4729/8165
f 4852/8166 4987/8165 4729/8165
f 5317/9183 5095/9236 5120/9237
f 5120/9237 5095/9236 4911/9284
f 5095/9236 4680/9283 4911/9284
f 5115/8146 5182/8145 4823/8260
f 5182/8145 4875/8259 4823/8260
f 5083/10207 5102/10208 4914/10131
f 5102/10208 4880/10132 4914/10131
f 5152/8160 5076/8160 5193/8160
f 5152/8922 4808/8961 5193/8913
f 4808/8281 5092/8222 5193/8160
f 5092/8962 5326/8923 5193/8920
f 5193/8913 5326/8933 5152/8922
f 5326/8486 5092/8434 5152/8485
f 4817/8549 5152/8519 4808/8518
f 5152/10318 5092/10319 4808/10225
f 4804/9930 5126/9867 5149/9866
f 5149/8451 4804/8508 4702/8521
f 4680/10304 4911/10206 4681/10275
f 4823/8703 4681/8843 4875/8607
f 4875/8607 4681/8843 4379/8608
f 4914/8296 4379/8370 4880/8150
f 4880/8150 4379/8370 4385/8151
f 4702/8605 4385/8821 4300/8433
f 4385/8821 4379/8950 4300/8433
f 4379/8950 4592/8919 4300/8433
f 4592/8919 4320/8919 4300/8433
f 4435/8433 4300/8433 4436/8433
f 4436/8433 4300/8433 4776/8919
f 4300/8433 4320/8919 4776/8919
f 4776/8158 4320/8158 4400/8690
f 4320/8158 4592/8158 4400/8690
f 4424/10106 4423/10120 4718/10107
f 4306/10028 4735/10065 4759/10028
f 4759/10059 4737/9987 4453/9987
f 4453/9987 4737/9987 4717/9987
f 4717/9987 4737/9987 5340/9988
f 5340/9988 4737/9987 5395/9988
f 5369/9905 5395/9905 5388/9869
f 5329/10058 5353/10058 5315/10058
f 5250/10058 5315/10058 5340/10058
f 5315/10058 5353/10058 5340/10058
f 5353/10058 5388/10097 5340/10058
f 5340/10058 5388/10097 5161/9972
f 5388/9869 5395/9905 5161/9906
f 5395/9988 4737/9987 5161/10116
f 4737/9987 4759/10059 5161/10116
f 4759/10028 4735/10065 5161/10029
f 5161/10029 4735/10065 5098/10169
f 5098/8644 4735/8660 4453/8688
f 4735/8660 4487/8688 4453/8688
f 4487/8688 4307/8688 4453/8688
f 4307/8688 4454/8688 4453/8688
f 4454/8688 4718/8688 4453/8688
f 4453/8634 4718/8662 4724/8635
f 4718/10107 4423/10120 4724/10142
f 4724/10142 4423/10120 4712/10141
f 4423/10120 4424/10106 4712/10141
f 4424/10106 4400/10105 4712/10141
f 4400/8690 4592/8158 4712/8690
f 4592/8158 4379/8247 4712/8690
f 4379/8247 4681/8423 4712/8690
f 4681/10275 4911/10206 4712/10045
f 5105/8160 5017/8281 5152/8160
f 5152/8160 5017/8281 5193/8160
f 5193/8160 5017/8281 4808/8281
f 5017/8300 4712/8300 4808/8281
f 4808/8281 4712/8300 5092/8222
f 4712/10045 4911/10206 5092/10181
f 5092/10181 4911/10206 5120/10296
f 4911/10206 4680/10304 5120/10296
f 5317/9698 5120/9759 5095/9760
f 5120/9108 4680/9059 5095/9107
f 4680/10320 4681/10330 5095/10238
f 4681/8843 4823/8703 5095/8841
f 5095/8841 4823/8703 5115/8702
f 4823/8703 4875/8607 5115/8702
f 5115/8702 4875/8607 5182/8606
f 4875/8683 4379/8694 5182/8624
f 4379/8370 4914/8296 5182/8369
f 5182/8369 4914/8296 5083/8295
f 4914/8296 4880/8150 5083/8295
f 5083/8295 4880/8150 5102/8149
f 4880/8766 4385/8774 5102/8707
f 5102/8541 4385/8465 5126/8540
f 4385/8465 4702/8464 5126/8540
f 4702/8464 4804/8476 5126/8540
f 4804/8476 5149/8539 5126/8540
f 5334/9793 5295/9793 5350/9792
f 5104/10351 5152/10352 5268/10297
f 5152/10352 5350/10222 5268/10297
f 5268/10297 5350/10222 5339/10221
f 5339/10221 5350/10222 5284/10221
f 5284/10221 5350/10222 5265/10222
f 5350/9967 5295/9966 5265/9967
f 5295/9966 5235/9966 5265/9967
f 4369/10257 4764/10258 4873/10239
f 4873/10239 4764/10258 4965/10226
f 5232/10305 5125/10342 5265/10280
f 5265/10280 5125/10342 5106/10343
f 5125/10172 5063/10183 5106/10173
f 5063/10183 4965/10226 5106/10173
f 5177/10259 5106/10173 5053/10259
f 5106/10173 4965/10226 4399/10259
f 4965/10226 4764/10258 4399/10259
f 4882/9797 4775/9796 5001/9822
f 5219/9951 5167/9922 5111/9921
f 5167/9844 5001/9822 5111/9843
f 5111/9843 5001/9822 4893/9795
f 5001/9822 4775/9796 4893/9795
f 3993/9004 3976/9003 4320/9020
f 3976/8322 4021/8321 4320/8322
f 4320/8322 4021/8321 4729/8321
f 4021/8321 4084/8321 4729/8321
f 4979/8330 5022/8330 4893/8330
f 4729/8321 4893/8330 4320/8322
f 4893/8330 5022/8330 4320/8322
f 5022/8330 4971/8322 4320/8322
f 4320/9028 4971/9044 4399/9029
f 4971/9053 5018/9054 4399/9029
f 5018/8408 4439/8385 4399/8384
f 4439/8385 3993/8361 4399/8384
f 3993/9004 4320/9020 4399/9029
f 4729/8165 4893/8193 4320/8166
f 4893/8193 4775/8194 4320/8166
f 4320/8166 4775/8194 4399/8167
f 4775/8194 4882/8195 4399/8167
f 4729/8165 4320/8166 4549/8166
f 4320/8166 4399/8167 4670/8167
f 5177/9967 5053/9967 5106/9923
f 4882/9798 5001/9822 5106/9845
f 5001/9822 5167/9844 5106/9845
f 5167/9922 5219/9951 5106/9923
f 5106/9923 5219/9951 5265/9967
f 5219/9951 5235/9966 5265/9967
f 5235/8646 5295/8646 5265/8647
f 5265/8647 5295/8646 5350/8647
f 5350/8647 5295/8646 5334/8646
f 5334/9712 5295/9712 5352/9741
f 5352/9741 5295/9712 5270/9741
f 5295/9712 5235/9712 5270/9741
f 5235/9966 5219/9951 5270/9965
f 5219/9951 5111/9921 5270/9964
f 4729/8321 4320/8322 4549/8322
f 4320/8498 4399/8499 4670/8467
f 4507/10258 4506/10258 4632/10257
f 4506/10258 4764/10258 4632/10257
f 4764/10258 4369/10257 4632/10257
f 4369/10257 4873/10239 4632/10257
f 4632/10257 4873/10239 4861/10239
f 4861/10239 4873/10239 4950/10239
f 5206/10210 5089/10154 5011/10154
f 5089/9868 4950/9910 5011/9868
f 4950/9910 4873/9910 5011/9868
f 4873/9910 4965/9904 5011/9868
f 4965/10226 5063/10183 5011/10193
f 5063/10183 5125/10172 5011/10193
f 5139/10171 5011/10193 5094/10171
f 5011/10193 5125/10172 5094/10171
f 5125/10342 5232/10305 5094/10331
f 5232/10305 5274/10279 5094/10331
f 6456/9204 6398/9190 6140/9072
f 6012/9297 6030/9273 5839/9410
f 5839/9410 6030/9273 5879/9371
f 6030/9273 6140/9226 5879/9371
f 5879/9371 6140/9226 6064/9261
f 6140/9072 6398/9190 6064/9061
f 6542/9274 6064/9061 6570/9274
f 6064/9061 6398/9190 6570/9274
f 6570/9274 6398/9190 6751/9443
f 6894/9530 6858/9478 6674/9361
f 6858/9478 6751/9443 6674/9361
f 6751/9443 6398/9190 6674/9361
f 6398/9190 6456/9204 6674/9361
f 6674/9361 6456/9204 6185/9116
f 6456/9204 6140/9072 6185/9116
f 6140/9226 6030/9273 6185/9177
f 6030/9273 6012/9297 6185/9177
f 6012/9297 5722/9448 6185/9177
f 5722/9448 6012/9297 5227/9677
f 6012/9297 5839/9410 5227/9677
f 5227/9677 5839/9410 5337/9658
f 5261/9658 5337/9658 5791/9410
f 5337/9658 5839/9410 5791/9410
f 6026/9061 6064/9061 6512/9274
f 6512/9274 6542/9274 6863/9522
f 6542/9274 6570/9274 6863/9522
f 7422/9691 7034/9691 6886/9522
f 7034/9691 6863/9522 6886/9522
f 6863/9522 6570/9274 6886/9522
f 6570/9274 6751/9443 6886/9522
f 6886/9522 6953/9587 7422/9691
f 6953/9587 6894/9530 7422/9691
f 6894/9530 7196/9685 7422/9691
f 7196/9685 7466/9685 7422/9691
f 6074/9011 6188/9098 6355/9169
f 6355/8596 6188/8610 6669/8343
f 6888/8802 6678/8671 6907/8809
f 6907/8809 6678/8671 6967/8921
f 6678/8671 6814/8844 6967/8921
f 6064/8636 6573/8378 6601/8378
f 6573/8736 6928/8951 6601/8736
f 6928/8951 6814/8844 6601/8736
f 6814/9911 6678/10118 6601/10119
f 6678/10118 6419/10365 6601/10119
f 6419/8323 6065/8625 6601/8378
f 6601/8378 6065/8625 6064/8636
f 6065/8625 6419/8468 6064/8636
f 6419/8468 6188/8610 6064/8636
f 5651/8816 5676/8822 5467/8689
f 5676/8822 5800/8874 5467/8689
f 5903/8924 5467/8689 5923/8924
f 5467/8689 5800/8874 5923/8924
f 5800/8874 6074/9011 5923/8924
f 6074/9011 6355/9169 5923/8924
f 5923/8924 6355/9169 6281/9169
f 6281/8596 6355/8596 6724/8329
f 6724/8329 6355/8596 6733/8329
f 6355/8596 6669/8343 6733/8329
f 6669/10140 6873/9940 6733/10117
f 6733/8623 6873/8790 7036/8882
f 6873/8790 6888/8802 7036/8882
f 6888/8802 6907/8809 7036/8882
f 7036/8882 6907/8809 7160/8891
f 6907/8809 6967/8921 7160/8891
f 7160/8891 6967/8921 6975/8926
f 7422/9089 6928/8951 7034/9089
f 7034/9089 6928/8951 6915/8951
f 6928/8951 6573/8736 6915/8951
f 5261/8609 5791/8868 5337/8609
f 5791/8868 5870/8868 5337/8609
f 5341/8274 5362/8249 5399/8164
f 5362/8643 5580/8782 5399/8654
f 5580/8782 5651/8816 5399/8654
f 5651/8163 5467/8308 5399/8353
f 5365/8353 5399/8353 5416/8308
f 5399/8353 5467/8308 5416/8308
f 5416/8689 5467/8689 5893/8924
f 5467/8689 5903/8924 5893/8924
f 5903/8924 5923/8924 6282/9169
f 5923/8924 6281/9169 6282/9169
f 6724/8623 6733/8623 6968/8882
f 6733/8623 7036/8882 6968/8882
f 6968/8882 7036/8882 6976/8882
f 6976/8882 7036/8882 6977/8882
f 6977/8882 7036/8882 6994/8882
f 7036/8882 7160/8891 6994/8882
f 6994/8882 7160/8891 6995/8900
f 6995/8900 7160/8891 7410/8900
f 7160/8891 6975/8926 7410/8900
f 7410/8900 6975/8926 7189/8989
f 6975/8926 7422/9089 7189/8989
f 7189/8989 7315/8989 7410/8900
f 7395/8900 7410/8900 7316/8989
f 7410/8900 7315/8989 7316/8989
f 7316/8989 7315/8989 7245/9089
f 7315/8989 7189/8989 7245/9089
f 7189/8989 7422/9089 7245/9089
f 7245/9691 7422/9691 7346/9685
f 7422/9691 7466/9685 7346/9685
f 7346/9685 7466/9685 7265/9684
f 7466/9685 7196/9685 7265/9684
f 7265/9684 7196/9685 7434/9684
f 7196/9685 6894/9530 7434/9684
f 6894/9530 6674/9361 7434/9684
f 7434/9684 6674/9361 7128/9684
f 7128/9684 6674/9361 6618/9361
f 6674/9361 6185/9116 6618/9361
f 6618/9361 6185/9116 6142/9116
f 5238/8316 5089/8316 5159/8317
f 5159/8317 5233/8317 5238/8316
f 5233/8317 5341/8274 5238/8316
f 5341/8274 5399/8164 5238/8316
f 5399/8164 5365/8164 5238/8316
f 5365/8164 5174/8316 5238/8316
f 5174/10278 5094/10331 5238/10278
f 5094/10331 5274/10279 5238/10278
f 5238/10278 5274/10279 5159/10279
f 5238/10278 5159/10279 5089/10278
f 5265/9967 5235/9966 5144/9967
f 5235/9966 5295/9966 5270/9965
f 5270/9965 5295/9966 5352/9965
f 5295/9793 5334/9793 5352/9794
f 6517/9117 6120/9262 6147/9231
f 6147/9231 6120/9262 5966/9348
f 5810/8928 5863/8953 5631/8855
f 5863/8953 5921/8996 5631/8855
f 5631/8855 5921/8996 5782/8907
f 5921/8996 5966/9021 5782/8907
f 5782/8907 5966/9021 5853/8929
f 5966/9021 6120/9127 5853/8929
f 6436/9263 5853/8929 6451/9263
f 5853/8929 6120/9127 6451/9263
f 6120/9127 6711/9453 6451/9263
f 6451/9263 6711/9453 6921/9588
f 6711/9453 6712/9461 6921/9588
f 6712/9461 6855/9536 6921/9588
f 6921/9588 6855/9536 6941/9635
f 6941/9635 6855/9536 7211/9766
f 7211/8645 6855/8883 6945/8791
f 6945/8791 6855/8883 6686/8971
f 6855/8883 6712/8927 6686/8971
f 6686/8971 6712/8927 6557/9090
f 6712/8927 6711/8935 6557/9090
f 6557/9090 6711/8935 6517/9109
f 6711/8935 6120/9262 6517/9109
f 6517/9117 6147/9231 6078/9303
f 6147/9231 5966/9348 6078/9303
f 5966/9348 5921/9384 6078/9303
f 5921/9384 5863/9418 6078/9303
f 5863/9418 5810/9444 6078/9303
f 6517/9109 6078/9303 5971/9372
f 6078/9303 5810/9444 5971/9372
f 5971/9372 5810/9444 5720/9491
f 5720/9491 5810/9444 5450/9620
f 5810/8928 5631/8855 5450/8767
f 5133/9861 5256/9826 5152/9860
f 5256/9826 5334/9793 5152/9860
f 5152/9860 5334/9793 5350/9792
f 5334/8646 5450/8767 5350/8647
f 5450/8767 5631/8855 5350/8647
f 5288/8939 5152/8922 5326/8933
f 5326/8486 5152/8485 5113/8485
f 5113/8485 5152/8485 5076/8485
f 5076/8160 5152/8160 5023/8160
f 5023/9860 5152/9860 4983/9860
f 4983/9860 5152/9860 5240/9792
f 5152/9860 5350/9792 5240/9792
f 5240/8647 5350/8647 5562/8855
f 5350/8647 5631/8855 5562/8855
f 5562/8855 5631/8855 5703/8907
f 5631/8855 5782/8907 5703/8907
f 5703/8907 5782/8907 5813/8929
f 5782/8907 5853/8929 5813/8929
f 5813/8929 5853/8929 6412/9263
f 5853/8929 6436/9263 6412/9263
f 6412/9263 6436/9263 6886/9588
f 6436/9263 6451/9263 6886/9588
f 6451/9263 6921/9588 6886/9588
f 6886/9588 6921/9588 7052/9767
f 7052/9767 6921/9588 7266/9767
f 6921/9588 6941/9635 7266/9767
f 6941/9635 7211/9766 7266/9767
f 7211/9766 7376/9766 7266/9767
f 7376/9766 7377/9766 7266/9767
f 7428/9750 7438/9749 7170/9750
f 7266/9765 7170/9750 7200/9764
f 7170/9750 7438/9749 7200/9764
f 7200/9764 7438/9749 7177/9763
f 7177/9763 7438/9749 7450/9763
f 7450/9763 7438/9749 7305/9749
f 7305/9749 7438/9749 7179/9749
f 7179/9749 7438/9749 7274/9749
f 7274/9749 7438/9749 7429/9750
f 7438/9749 7428/9750 7429/9750
f 7429/9750 7428/9750 7422/9765
f 7428/9750 7170/9750 7422/9765
f 7170/9750 7266/9765 7422/9765
f 7266/9767 7377/9766 7422/9767
f 7377/9853 7506/9890 7422/9854
f 7116/9854 7422/9854 7495/9915
f 7495/9915 7422/9854 7573/9915
f 7573/9915 7422/9854 7585/9914
f 7422/9854 7506/9890 7585/9914
f 7585/9914 7507/9914 7573/9915
f 7456/10031 7497/10030 7547/10060
f 7548/10068 7583/10068 7573/10067
f 7583/10068 7547/10060 7573/10067
f 7547/10060 7497/10030 7573/10067
f 7573/10067 7497/10030 7495/10067
f 7495/10067 7497/10030 7157/10030
f 7116/10006 7157/10030 7422/10006
f 7157/10030 7497/10030 7422/10006
f 7264/9852 7173/9852 7466/9853
f 7173/9852 7197/9853 7466/9853
f 7466/9853 7197/9853 7245/9854
f 7197/9853 7377/9853 7245/9854
f 7377/9853 7422/9854 7245/9854
f 7422/10006 7456/10018 7245/10006
f 7245/10006 7456/10018 7315/10018
f 7315/10018 7456/10018 7395/10019
f 7395/10019 7456/10018 7410/10019
f 7410/10019 7456/10018 7189/10018
f 7189/10018 7456/10031 7410/10019
f 7456/10031 7547/10068 7410/10019
f 7028/10019 7410/10019 7493/10098
f 7493/10098 7410/10019 7554/10098
f 7410/10019 7547/10068 7554/10098
f 7547/10068 7583/10084 7554/10098
f 7583/10068 7548/10068 7554/10098
f 7554/10098 7548/10068 7395/10098
f 7395/10098 7548/10068 7483/10068
f 7483/10068 7548/10068 7475/10067
f 7548/10068 7573/10067 7475/10067
f 7475/9915 7573/9915 7487/9914
f 7573/9915 7507/9914 7487/9914
f 7487/9914 7507/9914 7265/9913
f 7507/9914 7585/9914 7265/9913
f 7265/9913 7585/9914 7540/9913
f 7585/9914 7506/9890 7540/9913
f 7506/9890 7377/9853 7540/9912
f 7006/9852 7417/9913 7173/9852
f 7417/9913 7540/9913 7173/9852
f 7377/8645 7376/8645 7173/8655
f 7376/8645 7211/8645 7173/8655
f 7173/8655 7211/8645 7443/8655
f 7211/8645 6945/8791 7443/8655
f 6945/8791 6686/8971 7443/8655
f 6686/8971 6557/9090 7443/8655
f 6557/9090 6517/9110 7443/8655
f 7173/8269 7443/8269 7167/8270
f 7443/8269 7260/8270 7167/8270
f 7167/9409 7260/9409 7253/9727
f 7253/9727 7260/9409 7425/9727
f 7425/9727 7260/9409 7169/9727
f 7260/9409 7529/9477 7169/9727
f 7169/9727 7529/9477 7528/9643
f 7177/8620 7283/8621 7539/8573
f 7606/8516 7625/8516 7634/8517
f 7625/8516 7539/8573 7634/8517
f 7052/8622 7591/8517 7266/8622
f 7591/8517 7634/8517 7266/8622
f 7634/8517 7539/8573 7266/8622
f 7539/8573 7283/8621 7266/8622
f 7283/8621 7428/8621 7266/8622
f 7422/8622 7266/8622 7429/8621
f 7266/8622 7428/8621 7429/8621
f 7429/8621 7428/8621 7274/8620
f 7428/8621 7283/8621 7274/8620
f 7283/8621 7177/8620 7274/8620
f 7274/9143 7177/9143 7178/9143
f 7178/9143 7177/9143 7305/9143
f 7305/9143 7177/9143 7450/9143
f 7450/9143 7177/9143 7186/9143
f 7186/9143 7177/9143 7449/9144
f 7251/8504 7177/8505 7275/8504
f 7177/8505 7176/8505 7275/8504
f 7176/8505 7340/8505 7275/8504
f 7120/8504 7275/8504 7561/8504
f 7561/8504 7275/8504 7659/8424
f 7275/8504 7340/8505 7659/8424
f 7340/8477 7449/8506 7659/8507
f 7659/9189 7449/9144 7644/9179
f 7449/9144 7177/9143 7644/9179
f 7177/8620 7539/8573 7644/8515
f 7539/8573 7625/8516 7644/8515
f 7625/8516 7606/8516 7644/8515
f 7644/8515 7606/8516 7592/8515
f 7592/8515 7606/8516 7557/8516
f 7557/8516 7606/8516 7573/8517
f 7606/8516 7634/8517 7573/8517
f 7634/9915 7602/9914 7573/9915
f 7573/9915 7602/9914 7585/9914
f 7585/9618 7602/9618 7576/9203
f 7576/9203 7602/9618 7638/9203
f 7602/9618 7642/9618 7638/9203
f 7642/9618 7528/9643 7638/9203
f 7528/9643 7529/9477 7638/9203
f 7529/9477 7260/9409 7638/9203
f 7260/8270 7443/8269 7638/8338
f 7638/8338 7443/8269 7558/8338
f 7558/8338 7443/8269 7058/8269
f 7443/8655 6517/9109 7058/8655
f 7058/8655 6517/9109 6450/9109
f 6517/9109 5971/9372 6450/9109
f 6450/9109 5971/9372 5936/9372
f 5246/9741 5936/9372 5352/9741
f 5936/9372 5971/9372 5352/9741
f 5971/9372 5720/9491 5352/9741
f 5720/9491 5450/9620 5352/9741
f 5450/9620 5334/9712 5352/9741
f 5334/9793 5256/9826 5352/9794
f 5256/9826 5133/9861 5352/9794
f 5133/9861 5081/9862 5352/9794
f 5080/9018 5081/9018 5118/9018
f 5211/9018 5118/9018 5199/9018
f 5118/9018 5081/9018 5199/9018
f 5199/9018 5081/9018 5290/8970
f 5157/8152 5210/8243 5211/8152
f 5210/8243 5272/8243 5211/8152
f 5211/8152 5272/8243 5164/8219
f 5272/8243 5290/8279 5164/8219
f 5290/8970 5081/9018 5164/9019
f 5164/9019 5081/9018 4844/9067
f 5081/9018 4904/9066 4844/9067
f 5618/8372 5559/8389 5595/8377
f 5386/10676 6160/10538 5387/10672
f 5872/11046 5852/11043 5386/10995
f 4778/10440 5519/10512 4728/10532
f 6587/10451 6721/10450 6840/10524
f 6798/10524 6840/10524 7307/10523
f 6840/10524 7343/10523 7307/10523
f 7306/10517 7307/10523 7342/10517
f 7307/10523 7343/10523 7342/10517
f 7342/10517 7343/10523 6720/10447
f 7343/10523 6721/10450 6720/10447
f 6720/10447 6721/10450 6187/10391
f 6187/11049 6720/10978 6666/11006
f 6007/10833 5964/10829 5555/10776
f 5555/10776 5964/10829 5550/10777
f 5964/10829 5547/10778 5550/10777
f 5844/10657 5859/10666 5379/10577
f 5327/10577 5379/10577 4717/10578
f 5379/10577 4736/10578 4717/10578
f 4508/10755 4717/10578 4765/10755
f 4717/10578 4736/10578 4765/10755
f 4765/10755 4736/10578 4558/10755
f 4736/10578 5379/10577 4558/10755
f 4558/10755 5379/10577 5217/10754
f 5379/10577 5859/10666 5217/10754
f 5217/10754 5859/10666 6321/10753
f 5859/10666 5844/10657 6321/10753
f 5844/10657 6326/10741 6321/10753
f 6113/10864 6111/10943 6806/10865
f 6810/10865 6806/10865 6753/11012
f 6753/11012 6806/10865 6824/11012
f 5302/10789 5360/10789 5321/10796
f 5373/10796 5346/10796 5386/10796
f 5346/10796 5321/10796 5386/10796
f 5321/10796 5360/10789 5386/10796
f 6747/10445 6729/10443 6254/10390
f 6254/10985 6729/11047 6238/10976
f 6319/10977 6238/10976 6761/11048
f 6238/10976 6729/11047 6761/11048
f 6761/10442 6729/10441 7303/10491
f 6729/10443 6747/10445 7303/10491
f 7450/10970 7303/10989 7177/10970
f 7303/10989 6747/11050 7177/10970
f 6747/10822 6744/10850 7177/10823
f 6744/10850 6725/10900 7177/10823
f 7177/10823 6725/10900 7200/10931
f 7200/10651 6865/10605 7266/10719
f 6555/10564 7052/10719 6570/10564
f 7052/10719 7266/10719 6570/10564
f 6570/10564 7266/10719 6575/10564
f 7266/10719 6865/10605 6575/10564
f 6575/10564 6865/10605 6571/10542
f 6865/10605 7200/10651 6571/10542
f 6571/10542 7200/10651 6580/10539
f 7200/10651 6725/10550 6580/10539
f 4453/10969 4548/11002 5097/11004
f 4548/11002 4834/11005 5097/11004
f 4834/11005 5086/11013 5097/11004
f 5245/10801 5249/10665 5285/10801
f 5249/10665 5340/10665 5285/10801
f 5340/10665 5339/10801 5285/10801
f 5161/10641 5097/10691 5340/10665
f 5565/10859 5825/10742 5340/10720
f 5340/10720 5825/10742 5815/10721
f 5815/10721 5825/10742 6254/10722
f 6254/10722 5825/10742 6259/10768
f 5825/10742 5565/10859 6259/10768
f 6259/10768 5565/10859 6060/10875
f 6060/10485 5565/10590 5853/10544
f 5282/10639 5796/10544 5350/10639
f 5796/10544 5853/10544 5350/10639
f 5350/10639 5853/10544 5339/10638
f 5853/10544 5565/10590 5339/10638
f 5565/10859 5340/10720 5339/10858
f 5339/10801 5340/10665 5268/10799
f 5340/10665 5097/10691 5268/10799
f 5097/10691 5104/10805 5268/10799
f 4712/11017 4818/11023 4623/11018
f 4623/11018 4818/11023 5135/11034
f 5135/11034 4818/11023 5152/11033
f 5152/11033 4818/11023 4808/11022
f 4818/11023 4712/11017 4808/11022
f 4808/11022 4712/11017 5016/11017
f 7253/10576 7425/10576 7422/10462
f 7425/10576 7169/10576 7422/10462
f 7422/10462 7169/10576 7266/10462
f 7169/10576 7527/10604 7266/10462
f 7527/10604 7642/10615 7266/10462
f 7052/10462 7266/10462 7591/10472
f 7591/10472 7266/10462 7635/10472
f 7266/10462 7642/10615 7635/10472
f 7635/10472 7642/10615 7601/10615
f 4703/10685 4844/10697 5149/10703
f 5149/10703 4844/10697 5164/10707
f 4844/10697 4904/10696 5164/10707
f 5164/10707 4904/10696 5211/10714
f 5157/10714 5211/10714 5081/10714
f 5157/10714 5081/10714 4986/10684
f 5081/10714 5211/10714 4986/10684
f 5211/10714 4904/10696 4986/10684
f 4300/10684 4986/10684 4471/10692
f 4986/10684 4904/10696 4471/10692
f 4904/10696 4844/10697 4471/10692
f 4844/10697 4703/10685 4471/10692
f 4703/10685 4300/10684 4471/10692
f 4471/10692 4300/10684 4433/10692
f 4433/10692 4300/10684 4434/10684
f 4300/10684 4435/10684 4434/10684
f 4015/5108 4185/5108 4290/5108
f 6151/5738 6131/5732 6124/5730
f 5927/5661 5892/5655 5908/5659
f 5892/5655 5889/5654 5908/5659
f 5655/5968 5647/5959 5604/5953
f 5604/5905 5647/5898 5655/5890
f 4945/5750 5034/5740 5048/5737
f 4146/5003 5402/5081 5517/5103
f 5517/5103 5402/5081 5488/5103
f 5488/5103 5402/5081 5385/5081
f 5402/5081 4146/5003 5385/5081
f 4146/5003 4010/5003 5385/5081
f 6318/4523 6317/4528 6363/4528
f 5665/5251 5639/5273 6249/5252
f 6184/5295 6181/5252 6256/5295
f 6181/5252 6249/5252 6256/5295
f 5889/5059 6256/5148 5658/5025
f 6256/5295 6249/5252 5658/5294
f 6249/5252 5639/5273 5658/5294
f 6256/5148 5889/5059 6196/5148
f 6196/5148 5889/5059 5874/5059
f 5889/5059 5658/5025 5874/5059
f 5874/5059 5658/5025 5605/5025
f 3959/5293 5605/5294 4169/5293
f 5605/5294 5658/5294 4169/5293
f 5658/5294 5639/5273 4169/5293
f 5639/5273 5665/5251 4169/5293
f 5665/5251 4130/5250 4169/5293
f 4130/5250 4266/5250 4169/5293
f 4266/5250 4059/5293 4169/5293
f 4214/6212 4072/6212 4190/6212
f 4072/5206 5668/5271 5665/5224
f 5665/5224 5668/5271 6249/5343
f 6246/5343 6249/5343 5740/5342
f 5662/5342 5660/5342 5744/5342
f 5668/5271 4072/5206 5744/5342
f 5744/5318 4072/5321 4215/5319
f 4072/5321 4214/5319 4215/5319
f 6535/6010 6350/5991 6428/6020
f 6428/4506 6350/4497 6346/4496
f 6346/5523 6350/5530 5505/5524
f 6195/4913 6210/4912 6236/4916
f 6236/4916 6210/4917 6195/4913
f 6124/4680 6131/4666 6151/4659
f 5927/4633 5908/4651 5892/4652
f 5908/4437 5889/4445 5892/4438
f 5403/5307 5377/5308 5406/5296
f 5406/4809 5377/4795 5403/4794
f 5048/5361 5034/5348 4945/5344
f 6363/4992 6303/5140 6323/5158
f 6363/4800 6284/4561 6356/4561
f 6356/5324 6284/5334 6324/5325
f 6324/5325 6284/5334 6213/5339
f 6216/5762 6284/5792 6249/5939
f 6284/4766 6363/4642 6249/4685
f 6249/4685 6363/4642 6229/4670
f 6303/4649 6363/4800 6356/4561
f 7533/6038 7226/6038 7474/6033
f 7226/6038 7156/6038 7474/6033
f 7026/5077 7112/5218 7152/5041
f 7152/5356 7112/5357 7039/5357
f 8079/5382 8036/5394 7980/5397
f 8036/5394 7991/5399 7980/5397
f 7927/5606 7932/5607 7924/5601
f 7830/5560 7813/5551 7805/5548
f 7991/6242 8026/6231 8032/6208
f 8032/5541 8026/5537 7991/5531
f 8000/5760 8120/5795 8114/5793
f 8120/5795 8005/5807 8114/5793
f 8005/5807 8019/5806 8114/5793
f 8019/5610 8005/5611 8114/5586
f 8005/5611 8120/5583 8114/5586
f 8114/5421 8120/5414 8000/5435
f 8012/5923 7984/5924 8124/5885
f 7984/5924 7981/5883 8124/5885
f 8124/5719 7981/5706 8008/5705
f 8008/5886 7981/5887 8124/5856
f 8012/5870 8124/5911 7984/5871
f 8124/5911 7981/5916 7984/5871
f 8022/6083 7985/6082 8117/6111
f 7985/6082 8121/6110 8117/6111
f 7986/6080 8117/6104 8003/6081
f 8117/6104 8121/6105 8003/6081
f 8003/5735 8121/5758 7986/5736
f 7986/5736 8121/5758 8117/5759
f 8121/5758 7985/5796 8117/5759
f 7985/5796 8022/5797 8117/5759
f 8010/5543 7983/5544 8128/5527
f 7983/5544 8113/5528 8128/5527
f 8113/5528 7972/5504 8128/5527
f 7972/5504 8016/5503 8128/5527
f 8016/5380 7972/5379 8128/5412
f 7972/5379 8113/5411 8128/5412
f 8010/5248 8128/5220 7983/5247
f 8128/5220 8113/5219 7983/5247
f 7910/4485 7894/4480 7909/4479
f 7884/4968 7909/4968 7875/4968
f 7909/4968 7894/4974 7875/4968
f 7894/4974 7880/4974 7875/4968
f 8142/4940 8136/4941 8143/4936
f 8102/4450 8081/4450 8065/4456
f 7081/4562 7018/4562 7093/4569
f 7104/4569 7093/4569 7103/4569
f 7103/4569 7093/4569 7026/4569
f 7026/4569 7093/4569 7095/4562
f 7093/4569 7018/4562 7095/4562
f 7095/4562 7018/4562 7023/4563
f 7018/4562 7081/4562 7023/4563
f 7081/4562 7073/4563 7023/4563
f 7757/4719 7742/4719 7013/4821
f 7742/4719 6989/4821 7013/4821
f 6972/4563 7073/4563 6980/4571
f 7073/4563 7138/4571 6980/4571
f 6980/4571 7138/4571 6969/4571
f 7138/4571 6990/4571 6969/4571
f 7024/4508 7101/4515 7102/4515
f 8079/5194 7980/5181 8036/5184
f 7980/5181 7991/5175 8036/5184
f 7924/5208 7932/5198 7927/5197
f 7805/4431 7813/4429 7830/4419
f 7702/5359 7704/5360 7719/5347
f 7719/5317 7704/5301 7702/5300
f 7617/4946 7627/4947 7623/4939
f 7623/4425 7627/4421 7617/4420
f 7912/4364 7910/4363 7909/4374
f 7909/4968 7910/4974 7894/4974
f 7910/5310 7912/5311 7894/5297
f 7912/4969 7909/4968 7894/4974
f 7781/5249 7747/5263 7764/5254
f 7764/5254 7747/5263 7739/5267
f 7747/5263 7736/5266 7739/5267
f 7764/5642 7739/5638 7781/5648
f 7781/5648 7739/5638 7747/5640
f 7747/4808 7739/4802 7736/4801
f 7621/4967 7658/4949 7655/4957
f 7655/4543 7658/4544 7621/4537
f 8118/4495 7996/4474 8102/4490
f 8021/4456 8102/4450 8065/4456
f 8102/4457 8118/4452 8065/4457
f 8015/4456 8065/4456 8042/4459
f 8065/4456 8118/4449 8042/4459
f 7996/4473 8118/4452 8102/4457
f 7996/5152 7988/5167 8102/5172
f 8102/4457 7988/4457 8118/4452
f 7988/5232 7996/5243 8118/5228
f 7996/4474 8102/4490 8118/4495
f 7978/4918 8025/4927 8042/4927
f 6239/6088 5642/6243 5629/6243
f 5629/4722 5642/4722 4012/4607
f 4012/4607 5642/4722 4170/4607
f 5397/5164 5389/5157 5695/5230
f 5389/5157 5664/5225 5695/5230
f 5695/4519 5664/4514 5996/4686
f 5996/4686 5664/4514 5997/4682
f 5997/4682 5664/4514 5669/4715
f 4170/4607 5669/4715 5357/4557
f 5669/4715 5664/4514 5357/4557
f 5664/5225 5389/5157 4240/5075
f 4290/5108 4240/5074 4185/5108
f 4185/5108 4240/5075 4660/5115
f 4240/5075 5389/5157 4660/5115
f 5389/5157 5397/5164 4660/5115
f 4660/5115 5397/5164 5696/5242
f 5397/5164 5695/5230 5696/5242
f 5752/5692 5775/5694 5051/5622
f 5050/5626 5051/5622 5175/5626
f 5051/5622 5775/5694 5175/5626
f 5090/5626 5175/5626 5141/5628
f 5175/5626 5775/5698 5141/5628
f 5775/5698 5766/5715 5141/5628
f 5766/5715 5765/5715 5141/5628
f 5728/5715 5765/5715 6240/5818
f 5765/5715 5766/5715 6240/5818
f 6240/5818 5766/5715 6324/5818
f 6324/5818 5766/5715 6333/5804
f 5766/5715 5775/5698 6333/5804
f 6333/5804 5775/5698 6323/5787
f 5752/5692 5696/5684 6323/5787
f 5696/5684 5695/5671 6323/5787
f 5695/4519 5996/4686 6323/4674
f 6239/6088 6295/6088 6318/6088
f 6295/4523 6339/4523 6318/4523
f 6339/4523 6366/4528 6318/4523
f 6366/4528 6363/4528 6318/4523
f 6363/4528 6323/4524 6318/4523
f 6323/4674 5996/4686 6318/4792
f 5996/4686 5997/4682 6318/4792
f 5643/6243 6318/6088 6257/6097
f 6318/4792 5997/4682 6257/4790
f 5997/4682 5669/4715 6257/4790
f 6257/4790 5669/4715 5643/4722
f 5669/4715 4170/4607 5643/4722
f 4170/4607 5642/4722 5643/4722
f 5643/6243 5642/6243 6318/6088
f 5642/6243 6239/6088 6318/6088
f 6239/5893 6956/5781 6318/5893
f 6956/5781 6966/5781 6318/5893
f 6962/5786 6318/5893 6966/5781
f 6410/5771 5934/5847 5933/5851
f 6935/4733 7063/4762 6963/4733
f 5754/5564 5753/5558 5721/5558
f 7130/6181 7054/6181 7017/6230
f 7017/6230 7054/6181 7075/6230
f 7054/6181 6204/6180 7075/6230
f 7776/5930 7773/5947 7991/5931
f 7017/5289 7075/5289 7131/5337
f 7131/5337 7075/5289 7055/5337
f 7055/5337 7075/5289 8004/5336
f 7075/5289 7991/5288 8004/5336
f 7991/5931 7773/5947 8004/5967
f 8004/5967 7773/5947 7771/5966
f 7771/5862 7773/5861 7359/6034
f 7462/6034 7359/6034 7137/6044
f 7137/6044 7359/6034 7145/6044
f 7359/6034 7156/6038 7145/6044
f 7137/6044 7145/6044 6979/6044
f 6984/6038 7156/6038 7004/6038
f 7004/6038 7156/6038 7168/6038
f 7168/6038 7156/6038 7418/6033
f 7418/6033 7156/6038 7474/6033
f 7156/6038 7359/6034 7474/6033
f 7359/6034 7773/5861 7474/6033
f 7773/5861 7776/5860 7474/6033
f 7776/5860 7749/5860 7474/6033
f 7108/6033 7474/6033 7738/5860
f 7474/6033 7749/5860 7738/5860
f 7738/5930 7749/5930 7947/5931
f 7749/5930 7776/5930 7947/5931
f 7776/5930 7991/5931 7947/5931
f 7991/5288 7075/5289 7947/5288
f 7947/5288 7075/5289 6981/5289
f 6177/6229 6981/6230 6211/6229
f 6981/6230 7075/6230 6211/6229
f 7075/6230 6204/6180 6211/6229
f 6211/6229 6204/6180 6161/6229
f 4097/6240 4284/6241 4233/6213
f 6041/6032 5754/5935 5776/5943
f 5774/5558 5749/5557 5721/5558
f 5749/5557 5712/5557 5721/5558
f 7039/5647 7164/5647 7152/5720
f 7152/5720 7164/5647 7093/5720
f 6859/5618 6890/5603 6887/5602
f 7075/5182 7090/5182 7017/5182
f 6973/5182 7075/5182 7008/5193
f 4166/4400 5817/4401 4276/4381
f 6782/4390 7137/4396 7145/4409
f 7063/4535 7037/4534 7111/4538
f 5445/5997 6056/5952 5726/5922
f 6056/5952 6546/5842 5726/5922
f 6755/5729 6546/5842 7030/5803
f 6546/5842 6056/5952 7030/5803
f 5942/5477 5499/5401 6121/5406
f 5499/5401 5938/5400 6121/5406
f 7134/5440 7030/5585 7064/5440
f 7030/5585 6767/5493 7064/5440
f 6767/5493 6420/5415 7064/5440
f 7064/5440 6420/5415 7000/5440
f 7000/5440 6420/5415 6315/5415
f 6420/5415 6121/5406 6315/5415
f 6315/5415 6121/5406 6098/5406
f 6121/5406 5938/5400 6098/5406
f 6098/5406 5938/5400 5899/5400
f 5446/5383 5899/5400 5471/5383
f 5899/5400 5938/5400 5471/5383
f 5938/5400 5499/5401 5471/5383
f 5471/5383 5499/5401 5510/5522
f 5499/5401 5942/5477 5510/5522
f 5942/5477 6121/5406 6410/5550
f 6121/5406 6420/5415 6410/5550
f 6420/5415 6767/5493 6410/5550
f 7030/5803 6056/5952 6410/6000
f 6410/6000 6056/5952 5934/5998
f 5933/5783 5904/5782 6410/5880
f 4088/5710 5412/5672 4055/5573
f 5412/5489 5445/5490 4055/5408
f 5209/5402 4243/5376 4222/5376
f 7075/5182 7048/5186 7114/5186
f 7114/5186 7048/5186 7085/5185
f 7047/5186 7048/5186 7017/5182
f 7048/5186 7075/5182 7017/5182
f 7017/5182 7075/5182 7090/5182
f 7090/5182 7075/5182 7091/5182
f 7140/5193 7091/5182 7008/5193
f 7091/5182 7075/5182 7008/5193
f 7008/5193 7075/5182 7114/5192
f 7085/5185 7013/5191 7114/5192
f 6397/4399 6373/4393 6365/4393
f 6759/4371 6815/4371 6784/4366
f 6815/4371 6848/4366 6784/4366
f 6041/5171 5754/5096 5824/5124
f 6663/5954 6041/6147 6117/6128
f 6041/4665 5824/4723 6117/4630
f 5824/4723 5754/4738 6117/4630
f 6041/4440 5776/4489 5754/4501
f 6540/4750 6537/4751 7121/4560
f 7121/5969 6537/5985 7102/6009
f 6537/5985 6536/6008 7102/6009
f 6536/5716 6306/5772 7102/5852
f 7040/5969 7121/5969 7150/6009
f 7121/5969 7102/6009 7150/6009
f 7150/6009 7102/6009 7089/6009
f 7089/6009 7102/6009 7088/6009
f 7088/5852 7102/5852 7038/5990
f 7102/5852 6927/5932 7038/5990
f 7069/4378 7038/4377 7118/4394
f 7121/5405 7040/5405 7102/5381
f 7040/5405 7150/5381 7102/5381
f 7150/5381 7089/5381 7102/5381
f 7089/5381 7088/5381 7102/5381
f 7088/5456 7110/5374 7102/5456
f 7110/5374 7038/5374 7102/5456
f 7038/5374 7743/5388 7102/5456
f 7102/5381 7743/5389 7121/5405
f 5754/6232 6128/6125 6117/6128
f 6128/6125 6687/5944 6117/6128
f 6117/6128 6687/5944 6663/5954
f 6687/6102 7121/6226 6663/6098
f 7121/6226 6679/6098 6663/6098
f 6663/5954 6679/5954 6041/6147
f 6041/6147 6679/5954 6096/6147
f 6096/6147 6679/5954 6680/5954
f 6680/6098 6679/6098 7477/6226
f 6679/6098 7121/6226 7477/6226
f 7735/5404 7767/5404 7746/5404
f 7767/5404 7783/5404 7746/5404
f 7783/5404 7778/5404 7746/5404
f 7778/5404 7477/5405 7746/5404
f 7477/5405 7121/5405 7746/5404
f 7121/5405 7743/5389 7746/5404
f 7746/5546 7743/5574 7063/5547
f 7743/5574 7038/5575 7063/5547
f 7063/4762 7038/4767 6935/4733
f 7038/4767 6786/4675 6935/4733
f 6866/4701 6935/4733 6870/4701
f 6935/4733 6786/4675 6870/4701
f 6900/6200 6870/6215 6871/6200
f 6787/6200 6851/6200 6848/6200
f 6851/6200 6880/6200 6848/6200
f 6880/6200 6871/6200 6848/6200
f 6871/6200 6870/6215 6848/6200
f 6870/6215 6786/6197 6848/6200
f 6848/6196 6786/6197 6815/6191
f 6815/6191 6786/6197 6787/6192
f 6787/6192 6786/6197 6756/6244
f 6786/4675 7038/4767 6783/4676
f 7038/6118 6927/6140 6783/6027
f 6927/6140 5925/6028 6783/6027
f 5192/6127 4096/6029 6116/6141
f 4096/6029 5925/6028 6116/6141
f 5925/6028 6927/6140 6116/6141
f 6927/5932 7102/5852 6116/5819
f 7102/5852 6306/5772 6116/5819
f 6306/5772 6536/5716 5380/5687
f 5380/5687 6536/5716 5548/5641
f 5548/5641 6536/5716 5744/5591
f 6536/5700 6537/5701 5744/5563
f 5744/4765 4215/4688 4166/4764
f 5732/5558 5721/5558 5754/5564
f 5721/5558 5712/5557 5754/5564
f 5712/5557 5744/5563 5754/5564
f 5754/5975 5744/6018 5820/5975
f 5820/5975 5744/6018 5817/6018
f 5817/6018 5744/6018 5806/6018
f 5767/6165 5744/6176 5509/6166
f 5744/6176 5513/6177 5509/6166
f 4166/4764 4215/4688 4276/4764
f 4276/4764 4215/4688 4191/4688
f 4191/4688 4215/4688 4192/4688
f 4192/6017 4215/6017 4292/6017
f 4292/6017 4215/6017 4299/5974
f 4299/5974 4215/6017 4246/5974
f 4215/6017 5744/6018 4246/5974
f 5789/5975 4814/5974 5754/5975
f 4814/5974 4246/5974 5754/5975
f 4246/5974 5744/6018 5754/5975
f 5744/5563 6537/5701 5754/5564
f 6537/5701 6540/5702 5754/5564
f 6128/6125 5754/6232 6687/6011
f 5754/4897 6540/4750 6687/4717
f 6540/4750 7121/4560 6687/4717
f 6979/6044 7137/6044 7145/6044
f 7024/4983 7102/4976 7101/4976
f 5817/5005 5744/5005 5716/5004
f 5744/5005 5712/5004 5716/5004
f 5716/5004 5712/5004 5622/5004
f 6522/5065 6554/5068 7024/5203
f 8004/6070 7763/6135 7771/6133
f 7771/6133 7763/6135 7359/6222
f 7462/6034 7359/6034 7137/6044
f 7137/6044 7359/6034 7145/6044
f 7359/6222 7763/6135 7145/6238
f 7029/6237 7137/6238 7037/6237
f 7145/6238 7763/6135 7037/6237
f 7763/6135 8004/6070 7037/6237
f 8004/6070 7750/6139 7037/6237
f 7037/5751 7750/5752 7038/5741
f 7038/5741 7750/5752 7743/5739
f 7750/4509 7024/4508 7743/4520
f 7743/4520 7024/4508 7102/4515
f 7102/4976 7024/4983 6536/4977
f 7024/4983 6554/4984 6536/4977
f 6536/4466 6554/4469 5744/4608
f 6554/4469 6522/4471 5744/4608
f 5817/5005 5744/5005 5716/5004
f 5744/5005 5712/5004 5716/5004
f 5716/5004 5712/5004 5622/5004
f 5622/5004 5712/5004 5632/5004
f 5708/4999 5630/4999 5690/4999
f 5630/4999 5620/4999 5690/4999
f 5620/4999 5632/5004 5690/4999
f 5632/5004 5712/5004 5690/4999
f 5712/5004 5744/5005 5690/4999
f 5744/5005 6522/4945 5690/4999
f 6887/4921 6890/4922 6859/4906
f 6689/5168 6685/5160 6673/5159
f 6673/4446 6685/4447 6689/4439
f 6971/5309 7141/5284 6987/5302
f 6987/4370 7141/4375 6971/4365
f 6457/4948 6510/4930 6494/4935
f 6494/4410 6510/4415 6457/4406
f 6132/4944 6152/4933 6205/4926
f 6205/4380 6152/4373 6132/4362
f 5476/4988 5448/4993 5445/4989
f 5725/4522 5652/4574 6327/4424
f 6327/4424 5652/4574 6236/4467
f 5652/4574 5625/4580 6236/4467
f 6236/4467 5625/4580 6195/4472
f 6195/4472 5625/4580 5750/4567
f 5750/4567 5625/4580 5294/4687
f 5294/4687 5625/4580 4099/4716
f 5625/4580 5652/4574 4099/4716
f 5652/4574 5725/4522 4099/4716
f 4099/6007 5725/6066 5545/6207
f 5545/6207 5725/6066 6405/6114
f 5725/4522 6327/4424 6405/4360
f 6327/4424 6429/4408 6405/4360
f 6405/4360 6429/4408 6376/4408
f 6376/4408 6429/4408 6397/4448
f 6429/4408 6327/4424 6397/4448
f 6327/4424 6236/4467 6397/4448
f 6397/4448 6236/4467 6344/4448
f 6344/4448 6236/4467 6198/4467
f 6236/4467 6195/4472 6198/4467
f 6198/4467 6195/4472 6186/4472
f 6186/4472 6195/4472 6176/4472
f 3983/4753 5447/4648 4280/4753
f 4280/4753 5447/4648 5504/4648
f 5447/4648 6176/4472 5504/4648
f 6176/4472 6195/4472 5504/4648
f 6195/4472 5750/4567 5504/4648
f 5750/4567 5294/4687 5504/4648
f 5504/4648 5294/4687 4280/4753
f 5294/4687 4099/4716 4280/4753
f 6430/5605 5873/5511 6110/5549
f 5710/4902 5947/4874 5308/5012
f 4179/5375 5308/5431 4280/5396
f 4280/5396 5308/5431 5504/5470
f 5308/5431 5947/5520 5504/5470
f 5947/5520 6110/5549 5504/5470
f 6110/5549 5873/5508 5504/5470
f 3983/5396 4280/5396 5447/5470
f 4280/5396 5504/5470 5447/5470
f 5447/5470 5504/5470 5816/5508
f 5504/5470 5873/5508 5816/5508
f 5816/5508 5873/5508 6186/5578
f 6397/4934 6344/4934 6210/4912
f 6344/4934 6186/4912 6210/4912
f 6186/5578 5873/5508 6210/5578
f 6210/4917 6236/4916 6397/4934
f 6397/4934 6236/4916 6406/4929
f 6236/4916 6210/4912 6406/4929
f 6210/5578 5873/5511 6406/5609
f 5873/5511 6430/5605 6406/5621
f 6406/5621 6430/5605 6378/5605
f 6378/4772 6430/4772 6428/4773
f 6430/4772 6110/4843 6428/4773
f 6110/4843 5947/4874 6428/4773
f 5947/4874 5710/4902 6428/4773
f 6428/5980 5710/6113 5783/6103
f 5783/6103 5710/6113 4193/6239
f 5710/4902 5308/5012 4193/5049
f 5308/5012 4179/5048 4193/5049
f 4193/5049 4179/5048 4287/5048
f 4287/5375 4179/5375 4184/5396
f 4179/5375 4280/5396 4184/5396
f 4184/4753 4280/4753 4235/4716
f 4280/4753 4099/4716 4235/4716
f 4235/6007 4099/6007 4204/6211
f 4204/6211 4099/6007 4289/6211
f 4099/6007 5545/6207 4289/6211
f 3991/6211 4289/6211 5524/6207
f 4289/6211 5545/6207 5524/6207
f 5524/6207 5545/6207 6349/6206
f 6349/6206 5545/6207 6400/6206
f 5545/6207 6405/6114 6400/6206
f 6400/6206 6405/6114 6270/6206
f 6270/6206 6405/6114 6277/6114
f 6405/4360 6376/4408 6277/4360
f 6277/4360 6376/4408 6302/4408
f 6302/4408 6376/4408 6267/4448
f 6376/4408 6397/4448 6267/4448
f 6397/4934 6406/4929 6267/4934
f 6267/4934 6406/4929 6278/4929
f 6406/5621 6378/5605 6278/5621
f 6278/5621 6378/5605 6304/5605
f 6304/4772 6378/4772 6301/4773
f 6378/4772 6428/4773 6301/4773
f 6301/4358 6428/4358 6331/4358
f 6331/4358 6428/4358 6433/4358
f 6433/4358 6428/4358 6463/4359
f 6463/4359 6428/4358 6510/4359
f 6428/4358 5783/4455 6510/4359
f 5783/4455 5784/4464 6510/4359
f 5784/4404 5785/4407 6510/4405
f 6510/4405 5785/4407 6535/4414
f 5785/4407 5768/4413 6535/4414
f 6535/4778 5768/4696 5778/4777
f 5778/4777 5768/4696 4128/4776
f 4193/4568 4111/4776 4195/4568
f 4111/4776 4128/4776 4195/4568
f 4128/4776 5768/4696 4195/4568
f 5768/4413 5785/4407 4195/4412
f 4194/4412 4195/4412 4283/4403
f 4195/4412 5785/4407 4283/4403
f 5785/4407 5784/4404 4283/4403
f 5784/4464 5783/4455 4283/4559
f 5783/4455 4193/4547 4283/4559
f 4283/4559 4193/4547 4218/4547
f 4218/4547 4193/4547 4217/4547
f 4217/4547 4193/4547 4216/4547
f 4216/4547 4193/4547 4078/4547
f 4078/5049 4193/5049 4064/5048
f 4193/5049 4287/5048 4064/5048
f 4287/5375 4184/5396 4064/5375
f 6235/4588 6286/4589 6365/4588
f 6365/4588 6286/4589 6359/4589
f 6359/4589 6286/4589 6371/4590
f 6286/4589 6260/4590 6371/4590
f 6324/4584 6294/4588 6365/4588
f 7014/4563 7073/4563 7138/4571
f 7073/5734 7072/5734 7138/5731
f 7073/5734 6972/5734 7138/5731
f 6972/5734 6980/5731 7138/5731
f 6980/5731 6969/5731 7138/5731
f 6969/5731 6990/5731 7138/5731
f 7125/5753 7071/5734 7043/5753
f 7071/5734 7073/5734 7043/5753
f 7073/5734 7045/5753 7043/5753
f 8024/4846 8054/4853 7021/4689
f 8051/5590 8066/5595 7915/5545
f 7997/5499 8007/5498 8119/5510
f 8007/5498 8123/5509 8119/5510
f 8123/5509 7992/5533 8119/5510
f 7992/5533 8029/5534 8119/5510
f 8029/5378 7992/5377 8119/5410
f 7992/5377 8123/5409 8119/5410
f 7997/5749 8119/5724 8007/5748
f 8119/5724 8123/5723 8007/5748
f 7976/5664 8108/5678 8115/5685
f 8108/5899 8020/5865 8115/5906
f 7976/6047 8115/6019 8108/6024
f 8115/5693 8020/5712 8108/5695
f 8009/5831 8109/5809 8116/5808
f 8109/5680 7994/5662 8116/5679
f 8009/5604 8116/5631 8109/5632
f 8116/5629 7994/5651 8109/5630
f 7987/6170 8095/6145 8125/6142
f 8095/5721 8013/5707 8125/5725
f 7987/5567 8125/5594 8095/5589
f 8125/5594 8013/5625 8095/5589
f 7989/5316 8011/5316 8118/5272
f 8011/5316 8084/5281 8118/5272
f 8084/5272 7978/5290 8118/5272
f 7989/5316 8118/5272 7988/5315
f 7988/5315 8118/5272 8084/5281
f 8084/5281 8118/5272 7978/5290
f 8084/6224 8065/6228 8102/6228
f 8118/4449 8102/4450 8042/4459
f 8102/4450 8065/4456 8042/4459
f 8042/4927 8065/4923 7978/4918
f 8065/5281 8084/5281 7978/5290
f 8068/4395 8086/4387 8067/4386
f 8087/5195 8068/5195 8080/5195
f 8080/5195 8068/5195 8054/5199
f 8068/5195 8023/5195 8054/5199
f 8023/5195 7998/5199 8054/5199
f 8054/4853 7998/4853 7021/4689
f 7021/4689 7998/4853 6992/4689
f 8087/5593 8054/5597 7146/5773
f 7146/5773 8054/5597 8106/5592
f 8054/4468 8087/4460 8106/4458
f 8087/4460 8054/4470 8055/4460
f 8055/4460 8054/4470 8014/4470
f 8014/4470 8054/4470 7964/4470
f 8054/4470 7968/4470 7964/4470
f 8087/5992 8106/5992 7979/5999
f 8106/5690 7779/5559 7979/5673
f 7979/5673 7779/5559 7959/5669
f 7959/4636 7779/4635 7732/4658
f 6993/5915 7146/5904 7954/6079
f 7954/6079 7146/5904 7955/6076
f 7146/4444 7995/4418 7955/4430
f 8106/4677 8068/4677 7995/4678
f 8041/4460 8087/4460 8057/4460
f 8057/5936 8110/5949 7979/5920
f 8106/4458 8057/4460 8087/4460
f 8057/5999 7979/5999 8087/5992
f 7979/5999 8110/5960 8087/5992
f 8110/4982 8054/4970 8087/4975
f 8054/4376 8110/4385 7995/4361
f 7995/4678 8110/4631 8106/4677
f 8110/5949 8057/5936 8106/5955
f 8057/4460 8087/4460 8106/4458
f 8087/4460 8054/4470 8106/4458
f 8054/4470 7995/4470 8106/4458
f 7489/5390 7681/5436 7687/5439
f 7681/5436 7766/5464 7687/5439
f 7687/5439 7766/5464 7726/5452
f 7723/5454 7852/5497 7691/5447
f 7691/5447 7852/5497 7914/5515
f 7852/5497 7918/5512 7914/5515
f 7915/4705 7914/4708 8051/4632
f 7914/4436 7918/4435 8051/4357
f 8051/5584 7918/5512 8066/5587
f 7918/5512 8074/5576 8066/5587
f 8074/5176 7919/5253 8066/5161
f 8066/5161 7919/5253 7774/5322
f 7774/5322 7919/5253 7906/5255
f 7862/4679 7784/4706 7685/4734
f 7685/4734 7784/4706 7665/4747
f 7665/4747 7784/4706 7107/4793
f 7784/4706 7668/4754 7107/4793
f 7107/4793 7668/4754 7115/4814
f 7762/4724 7115/4814 7770/4718
f 7115/4814 7668/4754 7770/4718
f 7668/4754 7784/4706 7770/4718
f 7770/4718 7784/4706 7913/4650
f 7784/4706 7862/4679 7913/4650
f 7913/5264 7862/5291 8054/5199
f 7862/5291 7906/5255 8054/5199
f 7999/5195 8054/5199 8068/5195
f 8054/5199 7906/5255 8068/5195
f 7906/5255 7919/5253 8068/5195
f 7919/5253 8074/5176 8068/5195
f 8074/5576 7918/5512 8068/5568
f 7977/5568 8068/5568 7766/5467
f 8068/5568 7918/5512 7766/5467
f 7852/5497 7723/5454 7766/5467
f 7723/5454 7726/5452 7766/5467
f 7123/5384 7744/5467 7482/5384
f 7744/5467 7766/5464 7482/5384
f 7766/5464 7681/5436 7482/5384
f 7489/5390 7366/5390 7482/5384
f 7482/5384 7366/5390 7056/5384
f 7049/5398 7366/5390 7478/5398
f 7366/5390 7489/5390 7478/5398
f 7489/5390 7687/5439 7478/5398
f 7687/5439 7726/5452 7478/5398
f 7666/5447 7691/5447 7883/5515
f 7691/5447 7914/5515 7883/5515
f 7914/4708 7915/4705 7883/4705
f 7883/4705 7915/4705 7888/4705
f 7888/4705 7915/4705 7896/4705
f 6989/4784 7742/4697 7013/4784
f 7013/4784 7742/4697 7757/4697
f 8066/5058 7774/5146 7757/5151
f 7774/4690 7906/4634 7757/4697
f 7906/4634 7862/4679 7757/4697
f 7862/4679 7685/4734 7757/4697
f 7757/4697 7685/4734 7013/4784
f 7685/4734 7665/4747 7013/4784
f 7665/4747 7107/4793 7013/4784
f 7895/4643 7782/4711 7946/4599
f 7946/4599 7782/4711 7909/4644
f 7909/4644 7782/4711 7674/4758
f 7674/4758 7782/4711 7662/4757
f 7114/4822 7662/4757 7013/4821
f 7013/4821 7662/4757 7757/4719
f 7662/4757 7782/4711 7757/4719
f 7782/4711 7895/4643 7757/4719
f 7757/4719 7895/4643 8051/4575
f 7895/4643 7946/4599 8051/4575
f 8051/4575 7946/4599 8066/4573
f 8066/4573 7946/4599 8072/4564
f 8072/4564 7946/4599 8063/4565
f 7946/4599 7909/4644 8063/4565
f 8063/4565 7909/4644 7962/4565
f 7962/4565 7909/4644 7884/4644
f 6988/4823 7884/4644 7008/4823
f 7884/4644 7909/4644 7008/4823
f 7909/4644 7674/4758 7008/4823
f 7674/4758 7662/4757 7008/4823
f 7662/4757 7114/4822 7008/4823
f 7075/4823 7008/4823 7048/4822
f 7008/4823 7114/4822 7048/4822
f 7114/4822 7013/4821 7084/4821
f 7107/4793 7115/4814 7050/4814
f 7050/4814 7115/4814 7097/4820
f 7097/4820 7115/4814 7021/4820
f 7115/4814 7762/4724 7021/4820
f 6993/4620 7021/4620 7098/4625
f 6427/4613 6397/4613 6374/4609
f 6397/4613 6365/4609 6374/4609
f 6374/4609 6365/4609 6300/4609
f 6300/4609 6365/4609 6258/4609
f 6365/4609 6359/4610 6258/4609
f 6250/4610 6359/4610 6260/4611
f 6359/4610 6371/4611 6260/4611
f 6260/4611 6371/4611 6298/4611
f 6298/4611 6371/4611 6396/4611
f 6396/4615 6371/4611 6400/4615
f 6397/4613 6413/4614 6365/4609
f 6365/4609 6413/4614 6359/4610
f 5845/5207 5830/5204 5411/5116
f 6324/5275 5798/5165 5765/5165
f 5765/5165 5798/5165 5141/5078
f 5798/5165 5794/5166 5141/5078
f 5141/5078 5794/5166 5644/5147
f 5794/5166 5798/5165 6313/5276
f 5798/5165 6324/5275 6313/5276
f 6359/4589 6313/4585 6365/4588
f 6313/4585 6324/4584 6365/4588
f 6947/5855 6883/5879 6889/5869
f 6889/5869 6883/5879 6397/5973
f 6397/5973 6883/5879 6671/6043
f 6413/6050 6671/5962 6682/5972
f 6671/5962 6883/5879 6682/5972
f 6883/5879 6947/5855 6682/5972
f 6682/6075 6947/6157 6709/6093
f 6709/6093 6947/6157 7068/6190
f 6947/6157 7009/6189 7068/6190
f 7009/6189 7078/6189 7068/6190
f 7097/6195 7021/6195 7136/6190
f 7021/6195 7068/6190 7136/6190
f 7136/6190 7068/6190 7077/6189
f 7068/6190 7078/6189 7077/6189
f 7078/5830 7009/5830 7084/5817
f 7084/5817 7009/5830 7138/5817
f 7009/5830 6947/5855 7138/5817
f 6947/5855 6889/5869 7138/5817
f 7792/5653 7665/5697 7138/5731
f 7593/4553 7577/4554 7608/4549
f 7653/4813 7876/4903 7846/4895
f 7855/4500 8139/4443 7861/4494
f 7861/5202 8139/5123 7813/5227
f 7039/5357 7813/5227 7822/5226
f 7813/5227 8139/5123 7822/5226
f 7822/5582 8139/5519 8107/5529
f 8139/4443 7855/4500 8107/4451
f 7855/4500 7846/4505 8107/4451
f 7846/4895 7876/4903 8107/5024
f 7876/4903 7969/4981 8107/5024
f 7080/5763 7804/5660 7795/5711
f 7804/5660 8107/5529 7795/5711
f 7795/5711 8107/5529 7926/5689
f 7926/5689 8107/5529 8104/5663
f 8107/5024 7969/4981 8104/5023
f 8104/5023 7969/4981 8102/5029
f 8102/5029 7969/4981 7938/4932
f 7969/4981 7876/4903 7938/4932
f 7938/4932 7876/4903 7684/4831
f 7876/4903 7653/4813 7684/4831
f 7653/4813 7608/4782 7684/4831
f 8102/6173 7684/5948 8065/6158
f 8065/6158 7684/5948 7978/6146
f 7978/6146 7684/5948 7956/6143
f 7956/5963 7684/5925 7669/5934
f 7521/4781 7669/4831 7605/4781
f 7669/4831 7684/4831 7605/4781
f 7684/4831 7608/4782 7605/4781
f 7608/4549 7577/4554 7605/4550
f 7577/4554 7560/4554 7605/4550
f 7520/4550 7605/4550 7480/4554
f 7605/4550 7560/4554 7480/4554
f 7560/4554 7577/4554 7499/4553
f 7577/4554 7593/4553 7499/4553
f 7499/4553 7593/4553 7542/4553
f 7542/4553 7593/4553 7596/4553
f 7596/4548 7593/4553 7611/4548
f 7593/4553 7608/4549 7611/4548
f 7608/4782 7653/4813 7611/4783
f 7653/4813 7846/4895 7611/4783
f 7619/4384 7611/4379 7626/4384
f 7611/4379 7846/4465 7626/4384
f 7846/4505 7855/4500 7626/4542
f 7612/4536 7626/4542 7628/4536
f 7626/4542 7855/4500 7628/4536
f 7855/4500 7861/4494 7628/4536
f 7861/5202 7813/5227 7628/5320
f 7813/5227 7132/5358 7628/5320
f 7562/5320 7628/5320 7129/5358
f 7628/5320 7132/5358 7129/5358
f 6428/5881 5739/6023 6511/5881
f 5739/6023 6660/5799 6511/5881
f 6660/5799 6770/5755 6511/5881
f 6446/4971 6511/4971 6510/4950
f 6403/5087 6510/5087 6428/5076
f 6370/4392 6328/4392 6375/4391
f 6433/4397 6428/4397 6350/4391
f 6428/4397 6375/4391 6350/4391
f 6350/4391 6375/4391 6275/4391
f 6375/4391 6328/4392 6241/4391
f 6397/4399 6392/4399 6365/4393
f 6392/4393 6293/4393 6365/4393
f 6293/4393 6258/4393 6365/4393
f 6258/4393 6328/4392 6365/4393
f 6328/4392 6370/4392 6365/4393
f 6397/4399 6365/4393 6425/4398
f 6365/4393 6370/4392 6425/4398
f 6370/4392 6375/4391 6425/4398
f 6375/4391 6428/4397 6425/4398
f 6425/5859 6428/5757 6778/5756
f 6778/5756 6428/5757 7093/5658
f 6428/5076 6510/5087 7093/5238
f 7026/5238 7093/5238 7104/5238
f 7104/5238 7093/5238 7105/5238
f 7105/5238 7093/5238 7106/5238
f 7106/5238 7093/5238 7141/5237
f 7093/5238 6510/5087 7141/5237
f 7094/4972 7141/4951 7152/4972
f 7141/4951 6510/4950 7152/4972
f 6510/4950 6511/4971 7152/4972
f 6511/5881 6770/5755 7152/5720
f 6770/5755 7039/5647 7152/5720
f 7039/5357 7822/5226 7152/5356
f 7822/5582 8107/5529 7152/5639
f 7027/5639 7152/5639 7093/5646
f 7152/5639 8107/5529 7093/5646
f 8107/5529 7804/5660 7093/5646
f 7804/5660 7080/5763 7093/5646
f 7093/4569 7080/4570 7081/4562
f 7081/4562 7080/4570 7073/4563
f 7080/4570 7138/4571 7073/4563
f 7073/5734 7138/5731 7045/5753
f 7045/5753 7138/5731 7044/5747
f 7138/5731 7665/5697 7044/5747
f 7044/5747 7665/5697 7672/5704
f 7665/5697 7792/5653 7672/5704
f 7672/5704 7792/5653 7925/5620
f 7792/5653 7803/5650 7925/5620
f 7925/5620 7803/5650 7933/5617
f 7708/5892 7858/5946 7753/6037
f 7753/6037 7858/5946 7929/6164
f 7858/5946 7872/5951 7929/6164
f 8084/5281 7978/5290 8102/5281
f 8102/6136 7978/6160 7938/6214
f 7978/6160 7957/6159 7938/6214
f 7957/6159 7907/6225 7938/6214
f 7907/6169 7914/6169 7938/6169
f 7914/6169 7929/6164 7938/6169
f 7929/6164 7872/5951 7938/6169
f 7872/5951 7922/5984 7938/6169
f 8102/6228 7938/6169 8084/6224
f 7938/6169 7922/5984 8084/6224
f 8084/6224 7922/5983 8102/6223
f 7922/5983 8100/6046 8102/6223
f 8100/5556 7933/5617 8102/5540
f 7933/5617 7803/5650 8102/5540
f 7803/5650 7792/5653 8102/5572
f 8084/5281 8102/5281 7988/5315
f 8102/5572 7792/5653 7988/5572
f 7988/5572 7792/5653 7974/5572
f 7974/5572 7792/5653 7756/5653
f 7792/5653 7138/5731 7756/5653
f 7756/5653 7138/5731 6990/5731
f 7138/5817 6889/5869 6990/5817
f 6990/5817 6889/5869 6860/5869
f 6889/5869 6397/5973 6860/5869
f 6860/5869 6397/5973 6373/5973
f 6397/4613 6365/4609 6373/4609
f 6365/4588 6324/4584 6373/4588
f 6373/4588 6324/4584 6343/4584
f 6343/4584 6324/4584 6299/4584
f 6299/4584 6324/4584 6240/4584
f 6324/5275 5765/5165 6240/5275
f 6240/5275 5765/5165 5728/5165
f 4016/5042 5071/5078 4185/5042
f 5141/5078 5644/5147 4185/5042
f 5644/5147 5411/5116 4185/5042
f 5411/5110 4257/5043 4185/5042
f 4257/5043 4256/5043 4185/5042
f 4290/5042 4185/5042 4136/5043
f 4185/5042 4256/5043 4136/5043
f 4256/5043 4257/5043 4295/5044
f 4295/5044 4257/5043 4067/5044
f 4257/5043 5411/5110 4067/5044
f 5411/5110 5830/5204 4067/5030
f 3990/5044 4067/5044 5787/5204
f 4067/5044 5830/5204 5787/5204
f 5830/5204 5845/5207 5834/5207
f 5834/5207 5845/5207 6269/5280
f 6269/5280 5845/5207 6371/5280
f 5845/5174 6081/5231 6371/5280
f 6081/5231 6313/5276 6371/5280
f 6313/4585 6359/4589 6371/4590
f 6359/4610 6413/4614 6371/4611
f 6371/4611 6413/4614 6400/4615
f 6413/6005 6682/6075 6400/6006
f 6682/6075 6709/6093 6400/6006
f 6709/6093 7068/6190 6400/6006
f 7068/6190 7021/6195 6400/6006
f 7021/6195 6970/6195 6400/6006
f 6970/6195 6348/6006 6400/6006
f 6348/4611 6371/4611 6400/4615
f 7125/4624 7098/4625 7126/4624
f 7085/4623 7126/4624 7127/4619
f 6917/5283 7127/5362 7021/5351
f 7127/4619 7126/4624 7021/4620
f 7126/4624 7098/4625 7021/4620
f 7021/4620 7098/4625 7082/4620
f 7082/4625 7098/4625 7020/4625
f 7020/4625 7098/4625 7153/4625
f 7098/4625 7125/4624 7057/4624
f 7125/4624 7126/4624 7148/4623
f 7126/4624 7085/4623 7148/4623
f 7149/4618 7023/4623 7013/4618
f 7085/4623 7127/4619 7013/4618
f 7013/5350 7127/5362 6906/5282
f 6906/5282 7127/5362 6736/5221
f 7127/5362 6917/5283 6736/5221
f 6578/6178 6359/6073 6736/6115
f 6736/6115 6359/6073 6592/5970
f 6592/5970 6359/6073 6324/5836
f 6359/6073 6250/6073 6324/5836
f 6324/5836 6250/6073 6213/5836
f 6215/5942 6250/5754 6329/5942
f 6250/5754 6359/5754 6329/5942
f 6359/5754 6578/5848 6329/5942
f 6578/5848 6917/5889 6329/5942
f 6917/5889 7021/6049 6329/5942
f 6244/5942 6329/5942 6970/6049
f 6329/5942 7021/6049 6970/6049
f 5431/10678 5439/10536 5517/10678
f 5439/10536 5510/10536 5517/10678
f 5510/10536 5318/10583 5517/10678
f 5517/10678 5318/10583 4146/10631
f 5318/10583 4098/10489 4146/10631
f 4281/10958 4170/10958 4118/10957
f 4118/10957 4170/10958 4239/10957
f 4239/10957 4170/10958 4240/10957
f 4170/10958 5357/10906 4240/10954
f 5696/10913 5752/10925 4660/10815
f 4660/10815 5752/10925 5051/10834
f 7101/10756 7024/10756 7086/10756
f 7041/10702 7087/10756 7055/10702
f 7087/10756 7024/10756 7055/10702
f 7024/10756 7750/10806 7055/10702
f 7750/10806 8004/10797 7055/10702
f 7588/10413 7718/10434 7963/10529
f 7936/10494 7963/10529 7851/10465
f 7963/10529 7718/10434 7851/10465
f 7718/10434 7588/10413 7654/10420
f 7588/10413 7565/10411 7654/10419
f 7690/10464 7565/10513 7478/10514
f 7565/10513 7504/10528 7478/10514
f 7504/10528 7139/10528 7478/10514
f 7049/10514 7478/10514 7074/10528
f 7478/10514 7139/10528 7074/10528
f 7074/10395 7139/10395 7035/10407
f 7139/10395 7504/10395 7035/10407
f 7035/10407 7504/10395 7474/10407
f 7504/10395 7565/10411 7474/10407
f 7565/10411 7588/10413 7474/10407
f 7474/10407 7588/10413 7533/10413
f 7533/10413 7588/10413 7942/10529
f 7588/10413 7963/10529 7942/10529
f 7942/10529 7963/10529 7962/10537
f 7962/10537 7963/10529 8036/10537
f 7973/10537 8036/10537 8063/10545
f 8066/10393 8072/10406 7950/10417
f 8072/10543 8063/10545 7950/10519
f 8063/10545 8036/10537 7950/10519
f 7950/10519 8036/10537 7945/10515
f 8036/10537 7963/10529 7945/10506
f 7963/10529 7936/10494 7945/10506
f 7897/10418 7851/10428 7691/10459
f 7851/10428 7654/10480 7691/10459
f 7690/10464 7478/10514 7691/10460
f 7666/10459 7892/10414 7691/10459
f 7691/10459 7892/10414 7914/10414
f 8066/10393 7950/10417 7914/10427
f 7945/10394 7897/10418 7914/10414
f 7897/10418 7691/10459 7914/10414
f 4443/11007 5448/10921 4095/11007
f 7013/10525 6974/10525 6324/10669
f 6974/10525 6240/10669 6324/10669
f 7000/10433 7683/10392 7064/10433
f 7683/10392 7713/10392 7064/10433
f 7134/10433 7064/10433 7122/10431
f 7122/10431 7064/10433 7030/10431
f 7064/10433 7713/10392 7030/10431
f 7030/10431 7713/10392 7709/10405
f 7713/10677 7063/10751 7709/10673
f 6755/10761 6786/10912 6787/10917
f 6786/10912 6929/10841 6787/10917
f 6787/10917 6929/10841 6815/10916
f 6929/10841 7113/10760 6815/10916
f 7113/10760 7063/10915 6815/10916
f 5916/10565 6314/10653 5917/10565
f 5917/10565 6314/10653 5907/10566
f 6409/10668 6314/10653 6420/10667
f 6420/10667 6314/10653 6423/10653
f 6423/10653 6314/10653 5948/10565
f 6314/10653 5916/10565 5948/10565
f 5948/10424 5916/10424 5494/10425
f 5916/10424 5917/10424 5494/10425
f 5494/10425 5917/10424 5475/10425
f 5917/10424 5907/10469 5475/10425
f 5475/10425 5907/10469 5444/10551
f 6204/10779 6716/10839 7054/10898
f 7101/10897 7086/10897 7024/10897
f 7087/10897 7041/10898 7024/10897
f 7041/10898 7054/10898 7024/10897
f 7054/10898 6716/10839 7024/10897
f 7024/10897 6716/10839 6522/10802
f 6522/10802 6716/10839 5690/10708
f 6716/10839 6204/10779 5690/10708
f 5452/10599 5741/10518 5196/10571
f 5196/10571 5741/10518 5610/10518
f 5610/10463 5741/10463 5475/10493
f 5444/10492 5475/10493 5726/10466
f 5475/10493 5741/10463 5726/10466
f 5452/10599 5196/10571 5208/10715
f 5414/10437 5624/10458 5503/10458
f 5503/10873 5624/10873 4137/10824
f 5624/10873 5355/10788 4137/10824
f 4245/10700 4274/10824 4137/10824
f 5380/10830 4033/10840 5192/10746
f 5192/10746 4033/10840 4094/10674
f 4033/10840 4261/10840 4094/10674
f 4094/10674 4261/10840 4219/10674
f 5744/11053 4166/10962 5548/11020
f 7011/10473 6883/10412 6750/10448
f 6750/10448 6883/10412 6397/10422
f 6373/10422 6397/10422 6854/10412
f 6397/10422 6883/10412 6854/10412
f 6854/10412 6883/10412 6990/10396
f 7755/10937 7791/10937 8021/10911
f 8021/10911 7791/10937 8066/10911
f 8066/10911 7791/10937 8102/10911
f 8102/10911 7791/10937 8104/10787
f 8104/10787 7791/10937 7926/10792
f 7791/10937 7716/10874 7926/10792
f 7926/10792 7716/10874 7795/10810
f 7080/10835 7795/10810 7138/10963
f 7795/10810 7716/10874 7138/10963
f 7716/10874 7791/10937 7138/10963
f 7791/10937 7755/10937 7138/10963
f 7755/10937 6990/10963 7138/10963
f 6990/10396 6883/10412 7138/10396
f 6883/10412 7011/10473 7138/10396
f 7083/10396 7138/10396 7079/10473
f 7138/10396 7011/10473 7079/10473
f 7079/10547 7011/10547 7025/10640
f 7025/10640 7011/10547 7092/10640
f 7092/10640 7011/10547 6778/10548
f 7011/10473 6750/10448 6778/10560
f 6778/10560 6750/10448 6424/10527
f 6750/10448 6397/10422 6424/10527
f 7913/10636 8053/10658 7770/10591
f 8053/10658 8024/10652 7770/10591
f 7770/10591 8024/10652 7762/10586
f 8024/10652 7021/10497 7762/10586
f 7124/10809 7042/10809 7096/10813
f 7096/10813 7042/10809 7146/10813
f 7146/10813 7042/10809 7045/10809
f 7779/10686 7761/10693 7732/10693
f 7732/10693 7761/10693 7725/10693
f 7524/10747 7725/10693 7610/10747
f 7725/10693 7761/10693 7610/10747
f 7761/10693 7649/10758 7610/10747
f 7649/10758 7604/10783 7610/10747
f 7604/10783 7553/10783 7610/10747
f 7610/10747 7553/10783 7523/10747
f 7523/10747 7553/10783 7512/10783
f 7512/10918 7553/10918 7520/10919
f 7520/10919 7553/10918 7605/10919
f 7553/10918 7604/10918 7605/10919
f 7604/10918 7649/10935 7605/10919
f 7649/10935 7684/10950 7605/10919
f 7521/10919 7605/10919 7669/10950
f 7605/10919 7684/10950 7669/10950
f 7669/10950 7684/10950 7914/11051
f 7914/11051 7684/10950 7929/11051
f 7929/11051 7684/10950 7752/10993
f 7752/10993 7684/10950 7708/10966
f 7684/10950 7649/10935 7708/10966
f 7649/10758 7761/10693 7708/10726
f 7708/10726 7761/10693 7857/10679
f 7761/10693 7779/10686 7857/10679
f 7857/10679 7779/10686 7871/10675
f 7871/10675 7779/10686 7921/10637
f 7779/10686 8105/10563 7921/10633
f 7921/10633 8105/10563 8099/10584
f 8099/10990 8105/10986 7933/10940
f 8105/10986 8087/10979 7933/10940
f 7933/10940 8087/10979 7925/10936
f 8087/10979 7724/10868 7925/10936
f 7925/10936 7724/10868 7672/10852
f 7045/10809 7044/10812 7146/10813
f 7044/10812 7672/10852 7146/10813
f 7672/10852 7724/10868 7146/10813
f 7724/10868 8087/10979 7146/10813
f 6240/10971 6974/10826 6324/10971
f 6974/10826 7013/10826 6324/10971
f 6904/11000 6734/10946 6758/10961
f 6708/10953 6758/10961 6309/10869
f 6758/10961 6734/10946 6309/10869
f 6309/10670 6734/10588 6576/10625
f 7013/10525 6742/10587 7114/10526
f 6742/10587 6576/10625 7114/10526
f 6576/10625 6734/10588 7114/10526
f 6734/10946 6904/11000 7114/11010
f 7114/11010 6904/11000 7008/11052
f 6904/11000 6758/10961 7008/11052
f 6758/10961 6708/10953 7008/11052
f 7008/11052 6971/11031 6973/11052
f 6973/11052 6971/11031 6964/11031
f 6964/11031 6971/11031 6955/11028
f 6956/11028 6955/11028 6966/11028
f 6955/11028 6971/11031 6966/11028
f 6971/11031 7008/11052 6966/11028
f 7008/11052 6708/10953 6966/11028
f 6966/11028 6708/10952 6962/11025
f 6962/11025 6708/10952 6318/10905
f 6708/10952 6309/10869 6318/10905
f 6318/10905 6309/10869 6211/10905
f 6211/10905 6309/10869 6208/10869
f 6213/10669 6208/10670 6324/10669
f 6208/10670 6309/10670 6324/10669
f 6309/10670 6576/10625 6324/10669
f 6576/10625 6742/10587 6324/10669
f 6742/10587 7013/10525 6324/10669
f 6324/10971 7013/10826 6592/10939
f 6671/10608 6413/10664 6397/10531
f 7311/8255 7259/8255 7262/8256
f 7259/8255 7330/8256 7262/8256
f 7243/8535 7261/8535 7250/8534
f 7327/8213 7250/8213 7320/8458
f 7250/8213 7311/8458 7320/8458
f 7320/8458 7311/8458 7240/8458
f 7240/8458 7311/8458 7291/8458
f 7291/8458 7311/8458 7365/8458
f 7365/8458 7311/8458 7381/8457
f 7311/8458 7518/8440 7381/8457
f 7484/8457 7381/8457 7551/8457
f 7381/8457 7518/8440 7551/8457
f 7551/8457 7518/8440 7581/8440
f 7581/8440 7518/8440 7571/8440
f 7572/8168 7571/8440 7505/8168
f 7571/8440 7518/8440 7505/8168
f 7518/8440 7311/8458 7505/8168
f 7311/8458 7250/8213 7505/8168
f 7532/8491 7505/8512 7568/8491
f 7505/8512 7250/8534 7568/8491
f 7250/8534 7261/8535 7568/8491
f 7502/9622 7568/9601 7518/9621
f 7252/9637 7518/9621 7545/9612
f 7518/9621 7568/9601 7545/9612
f 7568/9137 7261/9094 7545/9136
f 7001/9093 7481/9136 7270/9093
f 7481/9136 7545/9136 7270/9093
f 7545/9136 7261/9094 7270/9093
f 7262/9093 7270/9093 7230/9094
f 7270/9093 7261/9094 7230/9094
f 6067/8310 6032/8310 6035/8310
f 6032/8310 6022/8315 6035/8310
f 6023/8941 6017/8904 6032/8941
f 6829/9394 6103/9799 6053/9816
f 6053/9097 6103/9076 5331/9523
f 5291/10196 4576/10099 5005/10184
f 5005/10184 4576/10099 4486/10134
f 4486/10134 4576/10099 4438/10099
f 4438/10099 4576/10099 4684/10099
f 4684/10099 4576/10099 5179/10196
f 4576/10099 5291/10196 5179/10196
f 5197/8898 5179/8897 5280/8898
f 5179/8897 5291/8897 5280/8898
f 5291/8897 5005/8963 5280/8898
f 5005/8963 4978/8964 5280/8898
f 5280/8898 4978/8964 5218/8898
f 5218/8898 4978/8964 4960/8964
f 4978/8170 5005/8169 4573/8236
f 5005/8169 4486/8235 4573/8236
f 4486/8235 4438/8235 4573/8236
f 4438/8235 4557/8236 4573/8236
f 4809/8561 4631/8552 4842/8552
f 4631/8552 4478/8545 4842/8552
f 5981/8580 5854/8533 5868/8557
f 5854/8254 5981/8174 5868/8226
f 5477/8686 5366/8613 5374/8629
f 5366/8217 5361/8228 5374/8218
f 5361/8228 5381/8229 5374/8218
f 7250/9006 7328/9013 7329/9013
f 5950/9326 5890/9351 5953/9352
f 5953/9352 5890/9351 5885/9416
f 5885/9416 5890/9351 5822/9425
f 5890/9351 5833/9400 5822/9425
f 5991/8315 5939/8335 5902/8347
f 6251/8965 6082/8940 6156/8908
f 6082/8579 5900/8673 6156/8562
f 6156/9446 5900/9442 6101/9494
f 5900/9442 5902/9481 6101/9494
f 5902/8347 5939/8335 6101/8292
f 5939/8335 5991/8315 6101/8266
f 5991/8315 6032/8310 6101/8266
f 6032/8310 6086/8304 6101/8266
f 6101/8909 6086/8945 6234/8937
f 6156/9045 6101/9111 6251/9022
f 6101/9111 6234/9073 6251/9022
f 6171/9345 6251/9411 6167/9345
f 6251/9411 6234/9345 6167/9345
f 6167/8937 6234/8937 6099/8945
f 6234/8937 6086/8945 6099/8945
f 6086/8304 6032/8310 6099/8310
f 6099/8310 6032/8310 6083/8315
f 6083/8315 6032/8310 6022/8315
f 6032/8310 5991/8315 6022/8315
f 5991/8315 5902/8347 6022/8315
f 6022/8315 5902/8347 5963/8315
f 5902/9481 5900/9442 5963/9481
f 5963/9481 5900/9442 5949/9442
f 5949/8673 5900/8673 6079/8579
f 5900/8673 6082/8579 6079/8579
f 6082/8940 6251/8965 6079/8940
f 6079/8940 6251/8965 6171/8965
f 6171/9345 6251/9411 6167/9345
f 6167/9345 6251/9411 6234/9345
f 6251/9411 6156/9393 6234/9345
f 6156/9393 6101/9324 6234/9345
f 5359/9715 5430/9746 5363/9660
f 5363/9251 5430/9325 5415/9205
f 5430/9325 5486/9259 5415/9205
f 5906/9673 5950/9664 5868/9650
f 5833/9096 5822/9063 5886/9062
f 5822/8379 5885/8417 5886/8349
f 5886/8349 5885/8417 5953/8413
f 5486/8318 5953/8314 5415/8366
f 5953/8314 5885/8365 5415/8366
f 5415/8366 5885/8365 5363/8415
f 5885/8365 5822/8412 5363/8415
f 5822/8412 5833/8469 5363/8415
f 5363/8415 5833/8469 5359/8478
f 5359/8478 5833/8469 5890/8530
f 5833/8325 5886/8349 5890/8333
f 5890/8333 5886/8349 5950/8373
f 5886/8349 5953/8413 5950/8373
f 5953/8314 5486/8318 5950/8275
f 5950/8275 5486/8318 5430/8250
f 5486/10061 5415/10145 5430/10032
f 5415/9208 5363/9275 5430/9260
f 5363/9251 5359/9304 5430/9325
f 5359/8478 5890/8530 5430/8559
f 5430/9395 5890/9580 5366/9340
f 5361/8586 5366/8594 5381/8587
f 5381/8587 5366/8594 5374/8595
f 5374/9594 5366/9603 5477/9554
f 5366/9178 5890/8930 5477/9129
f 5890/9672 5868/9650 5477/9495
f 5868/9650 5950/9664 5477/9495
f 5950/8420 5430/8216 5477/8257
f 5786/9238 5609/9312 5771/9239
f 5609/9312 5614/9313 5771/9239
f 5786/8345 5771/8346 5609/8302
f 5771/8346 5614/8303 5609/8302
f 6023/8997 6085/8973 6017/8997
f 5991/8941 6032/8941 5955/8904
f 6032/8941 6017/8904 5955/8904
f 5955/8904 6017/8904 5951/8904
f 5951/8904 6017/8904 6014/8904
f 6014/8997 6017/8997 6066/8997
f 6017/8997 6085/8973 6066/8997
f 5367/9722 5363/9721 5422/9814
f 5363/9353 5367/9354 5422/9291
f 6957/8307 6908/8175 6942/8286
f 6942/10284 6908/10334 6959/10246
f 6908/9830 6957/9745 6959/9769
f 6959/9769 6957/9745 6950/9745
f 6957/8307 6942/8286 6950/8307
f 5614/9462 5975/9659 5367/9454
f 5975/9659 5525/9550 5367/9454
f 5525/9787 4462/9786 5367/9870
f 5367/9870 4462/9786 4526/9838
f 4462/9786 4461/9838 4526/9838
f 4526/10010 4461/10010 4582/10087
f 4582/8856 4461/8856 4529/8892
f 6014/8893 6087/8893 4565/8892
f 6087/8893 4529/8892 4565/8892
f 4462/9786 5525/9787 5523/9787
f 5523/9550 5525/9550 5972/9659
f 5525/9550 5975/9659 5972/9659
f 5972/9659 5975/9659 6014/9662
f 6014/9662 5975/9659 6017/9662
f 6017/9662 5975/9659 5771/9531
f 5975/9659 5614/9462 5771/9531
f 5771/8748 5614/8811 5606/8845
f 5614/8811 5367/8719 5606/8845
f 5367/9870 4526/9838 5606/10049
f 5606/9992 4526/10010 5648/10088
f 4526/10010 4582/10087 5648/10088
f 4582/8856 4529/8892 5648/8709
f 5648/9836 6087/9835 6085/9883
f 6087/9835 6014/9835 6085/9883
f 6014/8997 6017/8997 6085/8973
f 6017/8997 5771/9100 6085/8973
f 5771/9100 5606/9146 6085/8973
f 6777/8436 6833/8437 6768/8428
f 6821/10156 6768/10197 6769/10156
f 6768/10197 6656/10198 6769/10156
f 6656/8641 6845/8537 6769/8563
f 6769/8563 6845/8537 6793/8537
f 6793/9802 6845/9802 6833/9781
f 6845/9802 6656/9694 6833/9781
f 6656/9456 6777/9525 6833/9538
f 6833/8514 6777/8513 6768/8526
f 6777/8513 6656/8525 6768/8526
f 6539/8889 6549/8902 6563/8889
f 6514/9526 6563/9526 6553/9515
f 6553/9515 6563/9526 6908/9782
f 6563/8889 6549/8902 6908/8984
f 6908/9471 6549/9693 6514/9723
f 6549/9693 6533/9693 6514/9723
f 6514/8416 6533/8441 6519/8441
f 6533/9496 6553/9515 6519/9496
f 6553/9515 6908/9782 6519/9496
f 7269/9083 7391/9083 7330/9092
f 7330/9092 7391/9083 7262/9092
f 7391/9083 7311/9091 7262/9092
f 5045/8810 5038/8834 5184/8775
f 5038/8834 5041/8864 5184/8775
f 5184/8739 5041/8569 5172/8569
f 4492/9887 4597/9886 4519/9886
f 4492/8239 4643/8238 4520/8258
f 5788/8285 4414/8522 4518/8550
f 4518/8550 4414/8522 4642/8522
f 4642/9846 4414/9846 4520/9833
f 4414/9846 5788/10260 4520/9833
f 5788/10372 4643/9924 4520/9934
f 4520/9874 4643/9873 4492/9887
f 4492/9887 4643/9873 4597/9886
f 4643/9924 5788/10372 4597/9891
f 5788/8332 4518/8663 4597/8708
f 4597/8708 4518/8663 4491/8708
f 5429/9742 5522/9815 5263/9629
f 5522/9815 6016/10195 5263/9629
f 6703/9362 6698/9373 7076/9145
f 6698/9373 7046/9152 7076/9145
f 7161/8991 7155/8992 7022/8974
f 7022/8531 7155/8510 7161/8509
f 6932/9977 6926/9968 6920/9960
f 6920/9839 6926/9834 6932/9827
f 6826/10242 6835/10243 6771/10211
f 6771/9199 6835/9185 6826/9184
f 6627/10121 6649/10110 6665/10085
f 6665/10069 6649/10050 6627/10033
f 6518/10307 6470/10262 6471/10261
f 6471/9743 6470/9744 6518/9713
f 6199/9180 6179/9170 6163/9166
f 6163/8459 6179/8452 6199/8435
f 6037/10375 6013/10355 6003/10333
f 6003/9788 6013/9768 6037/9752
f 5856/9823 5832/9808 5809/9800
f 5809/8500 5832/8489 5856/8470
f 5648/8983 5613/8954 5623/8993
f 5613/9952 5648/9944 5570/9925
f 5628/8570 5586/8585 5601/8578
f 5586/10007 5568/10020 5601/9991
f 5628/9863 5601/9855 5586/9847
f 5586/9005 5601/9012 5568/8998
f 4944/10158 4984/10112 4467/10158
f 4603/10157 4467/10158 4543/10157
f 4984/10112 4995/10111 4543/10157
f 4478/8545 4631/8552 4464/8546
f 4447/8538 4464/8547 4448/8538
f 4710/8711 4448/8711 4563/8710
f 5568/10159 6434/10322 6501/10344
f 6021/8862 6493/8975 5995/8857
f 6493/9064 6435/9085 5995/9298
f 5995/9338 6435/9552 5974/9331
f 5974/9331 6435/9552 5940/9305
f 5940/9305 6435/9552 5887/9266
f 5828/9140 5887/9161 6207/9306
f 5887/9161 6435/9364 6207/9306
f 6702/9801 6688/9789 6194/9602
f 6194/9602 6688/9789 6155/9578
f 6688/9789 6605/9731 6155/9578
f 6605/9731 6579/9714 6155/9578
f 6155/9578 6579/9714 6080/9551
f 6579/9714 6568/9704 6080/9551
f 6080/9551 6568/9704 6062/9549
f 6568/9704 6566/9705 6062/9549
f 6062/9549 6566/9705 6038/9537
f 5549/10194 5536/10227 5988/10175
f 5536/10227 5984/10228 5988/10175
f 5988/9638 5984/9639 6496/9402
f 6496/9402 5984/9639 6498/9403
f 6498/9403 5984/9639 6495/9404
f 5984/8640 6038/8665 6495/8823
f 6495/9404 6038/9623 6820/9155
f 6038/9101 6566/9339 6820/9558
f 6820/8593 6566/8443 6909/8657
f 6566/8443 6568/8442 6909/8657
f 6568/8442 6579/8453 6909/8657
f 6579/8453 6605/8471 6909/8657
f 6605/8471 6688/8523 6909/8657
f 6909/8657 6688/8523 6978/8749
f 6688/8523 6702/8532 6978/8749
f 6978/8749 6702/8532 6723/8554
f 6702/9801 6194/9602 6723/9817
f 6194/9602 6203/9753 6723/9817
f 6723/9817 6203/9753 6715/9882
f 6715/9882 6203/9753 6717/10086
f 6203/9753 6191/9926 6717/10086
f 6717/10086 6191/9926 6719/10212
f 6191/9228 6197/9207 6719/9463
f 6719/9463 6197/9207 6718/9455
f 6718/9455 6197/9207 6714/9445
f 6197/9207 6207/9206 6714/9445
f 6207/9306 6435/9364 6714/9504
f 6714/9504 6435/9364 6774/9539
f 6435/9364 6493/9387 6774/9539
f 6774/9539 6493/9387 6790/9546
f 6790/8858 6493/8697 6830/8863
f 6819/9375 6830/9252 6501/9590
f 6830/9252 6493/9374 6501/9590
f 6493/8425 6021/8326 6501/8171
f 5568/8560 6003/8390 5586/8551
f 6003/8390 6501/8253 5586/8551
f 6501/8171 6021/8326 5586/8172
f 6021/8862 5995/8857 5586/8696
f 5586/8685 5995/8846 5568/8674
f 5995/9338 5974/9331 5568/9171
f 5974/9331 5940/9315 5568/9171
f 5568/9171 5940/9305 5480/9153
f 5940/9305 5887/9276 5480/9153
f 5390/9112 5480/9153 5382/9095
f 5480/9153 5887/9276 5382/9095
f 5887/9276 5828/9253 5382/9095
f 5382/9095 5828/9253 5763/9209
f 5828/9253 6207/9426 5763/9209
f 6207/9198 6197/9197 5763/9441
f 5763/9441 6197/9197 5736/9440
f 6197/9197 6191/9191 5736/9440
f 5736/9440 6191/9191 5730/9431
f 6191/8474 6203/8649 5730/8720
f 5730/8720 6203/8649 5729/8803
f 5729/8803 6203/8649 5735/8903
f 6203/8649 6194/8817 5735/8903
f 5735/8903 6194/8817 5734/8955
f 6194/8817 6155/8835 5734/8955
f 5734/8955 6155/8835 5692/8966
f 6155/8835 6080/8865 5692/8966
f 5692/8966 6080/8865 5646/8986
f 6080/8865 6062/8869 5646/8986
f 5646/8986 6062/8869 5617/8994
f 5617/8994 6062/8869 5607/8999
f 6062/9553 6038/9566 5607/9671
f 5607/9671 6038/9566 5587/9688
f 5587/9688 6038/9566 5592/9706
f 6038/8665 5984/8640 5592/8479
f 5984/9592 5536/9724 5592/9706
f 5592/9706 5536/9724 5010/9885
f 5536/10240 5549/10281 5010/10241
f 5549/10281 5541/10306 5010/10241
f 4556/10186 4699/10186 4590/10185
f 4590/10185 4699/10186 4572/10185
f 4699/10186 5010/10136 4572/10185
f 4089/10185 4572/10185 4832/10135
f 5254/8501 5074/8502 5178/8480
f 5178/9149 5074/9118 5012/9139
f 5074/10135 4982/10135 5012/10135
f 4982/10135 4832/10135 5012/10135
f 4832/10135 4572/10185 5012/10135
f 4572/10185 5010/10136 5012/10135
f 5012/10371 5010/10241 5537/10370
f 5010/10241 5541/10306 5537/10370
f 5537/10108 5541/10174 5977/10109
f 5541/10174 5549/10194 5977/10109
f 5549/10194 5988/10175 5977/10109
f 5977/10231 5988/10161 6488/10230
f 5988/10161 6496/10199 6488/10230
f 6488/10230 6496/10199 6829/10229
f 6496/10199 6498/10160 6829/10229
f 6498/9403 6495/9404 6829/9154
f 6495/9404 6820/9155 6829/9154
f 6159/8350 5391/8334 6040/8454
f 6040/8454 5391/8334 5203/8419
f 5391/8334 5223/8237 5203/8419
f 4682/8359 5203/8419 4644/8173
f 5203/8419 5223/8237 4644/8173
f 4644/8901 5223/8936 5263/8990
f 5429/9532 5263/9557 5522/9464
f 5263/8990 5223/8936 5522/9133
f 5223/8936 5391/8878 5522/9133
f 5391/8334 6159/8350 5522/8227
f 5522/8227 6159/8350 6016/8265
f 6016/8265 6159/8350 6822/8483
f 6159/8350 6040/8454 6822/8483
f 6040/9871 6126/9893 6822/9872
f 6829/9917 6822/9872 6119/9916
f 6822/9872 6126/9893 6119/9916
f 6119/10148 6126/10122 5405/10147
f 6126/10122 6040/10102 5405/10147
f 6040/10102 5203/10101 5405/10147
f 5203/10101 5178/10146 5405/10147
f 4951/8401 5178/8400 4485/8401
f 5178/8400 5203/8426 4485/8401
f 5203/8426 4682/8427 4485/8401
f 4485/8401 4682/8427 4626/8401
f 4682/8359 4644/8173 4626/8359
f 4626/8359 4644/8173 4600/8173
f 4650/10070 4584/10070 4427/10071
f 4584/10070 4672/10071 4427/10071
f 4672/10071 4654/10071 4427/10071
f 4654/10071 4532/10071 4427/10071
f 4532/9082 4600/8901 4427/9082
f 4600/8901 4644/8901 4427/9082
f 4644/8901 5263/8990 4427/9082
f 5263/9751 6016/9421 4427/9636
f 6016/9421 5584/9420 4427/9636
f 4650/10070 4427/10071 4604/10008
f 4604/10008 4427/10071 4655/10009
f 4427/9636 5584/9420 4655/9589
f 5584/9420 4574/9419 4655/9589
f 4650/10070 4604/10008 4719/10070
f 4719/10070 4604/10008 4547/10009
f 4604/10008 4655/10009 4547/10009
f 4547/10009 4655/10009 4501/10009
f 4501/9589 4655/9589 4613/9589
f 4655/9589 4574/9419 4613/9589
f 4613/9589 4574/9419 4683/9419
f 4683/9419 4574/9419 5588/9420
f 4574/9419 5584/9420 5588/9420
f 5588/9420 5584/9420 6018/9421
f 5584/9420 6016/9421 6018/9421
f 6018/8265 6016/8265 6757/8483
f 6016/8265 6822/8483 6757/8483
f 6822/9872 6829/9917 6757/9917
f 6757/9154 6829/9154 6825/9154
f 6825/9154 6829/9154 6878/9155
f 6829/9154 6820/9155 6878/9155
f 6878/8593 6820/8593 6918/8657
f 6820/8593 6909/8657 6918/8657
f 6999/8751 6978/8751 7476/8750
f 7476/8750 6978/8751 7292/8750
f 7329/9013 7398/9013 7391/8793
f 7398/9013 7241/8793 7391/8793
f 7241/8793 7291/8793 7391/8793
f 7291/8740 7365/8740 7391/8740
f 7365/8740 7268/8750 7391/8740
f 7268/8750 7292/8750 7391/8740
f 7292/8750 6978/8751 7391/8740
f 7329/9013 7391/8793 7250/9006
f 7250/9006 7391/8793 7311/8785
f 7391/8740 6978/8751 7311/8730
f 6978/8749 6723/8554 7311/8785
f 6723/8554 6715/8639 7311/8785
f 6715/8639 6717/8792 7311/8785
f 7311/8785 6717/8792 7250/9006
f 6717/8792 6719/8859 7250/9006
f 6719/9463 6718/9455 7250/9679
f 6718/9455 6714/9445 7250/9679
f 7314/9663 7250/9679 7412/9663
f 7250/9679 6714/9445 7412/9663
f 6714/9504 6774/9539 7412/9707
f 6774/9539 6790/9546 7412/9810
f 6790/8858 6830/8863 7412/8976
f 6830/9252 6819/9375 7412/9138
f 7293/9138 7412/9138 7345/9591
f 7345/9591 7412/9138 7356/9591
f 7412/9138 6819/9375 7356/9591
f 6819/9375 6501/9590 7356/9591
f 6501/9590 6434/9590 7356/9591
f 7356/9591 6434/9590 7012/9591
f 6434/10376 5568/10244 5528/10298
f 5568/9171 5480/9153 5528/9171
f 5528/9171 5480/9153 5424/9153
f 5480/9153 5390/9112 5424/9153
f 5424/9153 5390/9112 5364/9112
f 5136/9055 5364/9112 5226/9055
f 5364/9112 5390/9112 5226/9055
f 5070/10282 5066/10283 5184/10245
f 5066/9415 5226/9412 5184/9289
f 5184/9289 5226/9412 5224/8972
f 5226/9055 5390/9112 5224/9025
f 5390/9112 5382/9095 5224/9025
f 5382/9095 5763/9209 5224/9025
f 5763/9469 5736/9470 5224/9249
f 5213/9250 5224/9249 5189/9250
f 5224/9249 5736/9470 5189/9250
f 5736/9470 5730/9480 5189/9250
f 5730/8720 5729/8803 5189/8884
f 5729/8803 5735/8903 5189/8884
f 5189/8884 5735/8903 5184/9150
f 5735/8903 5734/8955 5184/9150
f 5734/8955 5692/8966 5184/9150
f 5692/8966 5646/8986 5184/9150
f 5646/8986 5617/8994 5184/9150
f 5617/8994 5607/8999 5184/9150
f 5189/8884 5184/9150 5222/8884
f 5222/8884 5184/9150 5231/9150
f 5231/9150 5184/9150 5221/9150
f 5221/9831 5184/9831 5229/9831
f 5229/9831 5184/9831 5200/9848
f 5200/9848 5184/9831 5043/9848
f 4795/9014 4824/9015 5039/9014
f 5039/9014 4824/9015 5047/9015
f 4824/9015 4958/9015 5047/9015
f 4958/9848 5043/9848 5047/9848
f 5043/9848 5184/9831 5047/9848
f 5184/9831 5607/9671 5047/9848
f 5607/9671 5587/9688 5047/9848
f 5587/9688 5592/9706 5047/9848
f 5592/9706 5010/9885 5047/9848
f 5010/8398 4699/8418 5047/8327
f 5181/9545 5047/9561 5188/9524
f 5140/9314 5188/9321 4984/9290
f 5188/9030 5047/9102 4984/8977
f 4984/10112 5047/10100 4995/10111
f 4995/9007 5047/9015 4543/8985
f 5047/8327 4699/8418 4543/8358
f 4699/8418 4556/8418 4543/8358
f 4556/8418 4392/8358 4543/8358
f 4392/8358 4542/8358 4543/8358
f 4542/8710 4694/8710 4543/8710
f 4694/8710 4563/8710 4543/8710
f 4563/8710 4448/8711 4543/8710
f 4543/8710 4448/8711 4995/8664
f 5047/9015 4995/9007 5039/9014
f 4995/8664 4448/8711 5039/8656
f 4943/8581 5039/8581 4803/8564
f 5039/8581 4448/8538 4803/8564
f 4448/8538 4464/8547 4803/8564
f 4464/8546 4631/8552 4803/8553
f 4631/8552 4809/8561 4803/8553
f 4803/8553 4809/8561 5037/8553
f 5037/8553 4809/8561 5041/8561
f 5041/8561 4809/8561 5015/8561
f 5015/8561 4809/8561 4800/8561
f 4800/8561 4809/8561 4588/8552
f 4809/8561 4631/8552 4588/8552
f 4631/8552 4478/8545 4588/8552
f 4588/8552 4478/8545 4449/8545
f 4449/8545 4478/8545 4711/8545
f 4711/8545 4478/8545 4589/8545
f 4589/8612 4478/8648 4543/8627
f 4543/8627 4478/8648 4698/8628
f 4478/8545 4464/8546 4698/8546
f 5033/10263 5184/10263 5172/10264
f 5128/9809 5140/9818 4995/9809
f 4995/9809 4984/9818 5073/9829
f 6694/9894 6700/9894 6145/9895
f 6700/9894 6173/9895 6145/9895
f 5709/9937 6170/9980 5706/10034
f 5184/8739 5706/8695 5734/8738
f 5734/10090 5706/10034 6194/10089
f 5706/10034 6170/9980 6194/10089
f 6194/9943 6170/9892 6723/9692
f 6170/9892 6710/9678 6723/9692
f 6723/9385 6710/9399 7311/9091
f 7151/8215 7133/8214 7509/8215
f 7133/8214 7518/8214 7509/8215
f 7518/8214 7311/8255 7509/8215
f 7144/8215 7509/8215 7262/8256
f 7509/8215 7311/8255 7262/8256
f 6698/9376 6703/9386 7046/9579
f 6703/9386 7076/9593 7046/9579
f 7262/9092 7311/9091 7046/9128
f 7046/9128 7311/9091 6698/9414
f 7311/9091 6710/9399 6698/9414
f 6710/9678 6170/9892 6698/9644
f 6173/9895 6700/9894 6698/9936
f 6698/9373 6700/9392 7046/9152
f 6700/9392 6694/9392 7046/9152
f 5697/8568 5709/8598 5172/8569
f 5709/8598 5706/8695 5172/8569
f 5706/8695 5184/8739 5172/8569
f 5184/10263 5073/10308 5172/10264
f 5172/10264 5073/10308 5042/10323
f 5073/9829 4984/9818 5042/9828
f 4996/8536 4999/8731 4612/8492
f 4999/9151 4984/9388 4612/8911
f 4612/9024 4984/9023 4631/9023
f 5195/9084 5103/9075 5142/9074
f 5195/8599 5103/8592 5142/8591
f 4990/9363 5142/9401 4631/9377
f 5142/9074 5103/9075 4631/9023
f 4467/9023 4631/9023 4448/9024
f 4448/9024 4631/9023 4612/9024
f 4631/9023 5103/9075 4612/9024
f 4827/8367 4612/8391 4980/8367
f 4612/8391 5103/8348 4980/8367
f 5073/8482 5082/8481 4995/8503
f 4568/8684 4980/8729 4629/8490
f 4980/10321 4995/9807 4629/9935
f 4629/9979 4995/9953 4706/9978
f 4706/8503 4995/8503 4822/8503
f 4822/8503 4995/8503 4958/8481
f 4995/8503 5082/8481 4958/8481
f 4958/8481 5082/8481 5043/8481
f 5043/8481 5082/8481 5078/8481
f 5078/9349 5082/9349 5146/9349
f 5146/9349 5082/9349 5229/9349
f 5248/9099 5255/9337 5189/9099
f 5189/9099 5255/9337 5184/9337
f 5255/9337 5264/9337 5184/9337
f 5264/9337 5229/9349 5184/9337
f 5229/9349 5082/9349 5184/9337
f 5082/9349 5073/9350 5184/9337
f 5184/9337 5073/9350 5189/9099
f 5073/8482 4995/8503 5189/8804
f 4995/8252 4980/8251 5189/8291
f 4980/8367 5103/8348 5189/8341
f 5222/8328 5189/8341 5252/8328
f 5189/8341 5103/8348 5252/8328
f 5185/9686 5252/9702 5184/9687
f 5140/8555 5151/8556 5253/8524
f 5151/9680 5184/9687 5253/9703
f 5184/9687 5252/9702 5253/9703
f 5252/9670 5103/9646 5253/9669
f 5103/9646 5195/9645 5253/9669
f 5253/9669 5195/9645 5190/9669
f 5190/9669 5195/9645 5031/9645
f 5142/8196 5103/8197 5195/8176
f 4990/9363 5042/9363 5142/9401
f 5142/9401 5042/9363 5031/9401
f 5042/10373 4990/10332 5031/10332
f 5031/9377 4990/9363 4981/9377
f 4981/9377 4990/9363 4631/9377
f 5040/10374 4990/10332 5042/10373
f 4990/9160 5040/9148 5042/9147
f 5623/8472 5570/8511 5648/8473
f 6514/8416 6519/8441 6908/8284
f 5648/9836 6085/9883 5606/9884
f 4594/9158 4476/9268 4390/9158
f 4476/9268 4523/9268 4390/9158
f 4390/9158 4523/9268 5543/9269
f 4523/9268 4476/9268 5543/9269
f 4476/9268 5479/9269 5543/9269
f 4640/8797 4641/8813 4370/8687
f 4641/8813 4571/8713 4370/8687
f 6310/8494 6212/8495 6291/8495
f 6310/8494 6291/8495 6266/8484
f 6266/8484 6291/8495 5672/8178
f 5672/8178 6291/8495 5714/8198
f 5714/8198 6291/8495 5705/8199
f 6291/8495 6226/8495 5705/8199
f 5705/8199 6226/8495 5674/8199
f 4685/8342 5777/8287 5797/8336
f 5797/8336 5777/8287 5837/8336
f 5837/8336 5777/8287 5860/8287
f 5847/8276 5860/8287 5801/8276
f 5860/8287 5777/8287 5801/8276
f 5777/8287 5259/8277 5801/8276
f 5805/8276 5801/8276 5323/8277
f 5801/8276 5259/8277 5323/8277
f 5323/8277 5259/8277 4964/8288
f 4964/8288 5259/8277 4744/8288
f 5259/8277 5777/8287 4744/8288
f 5777/8287 4685/8342 4744/8288
f 4685/8342 4608/8342 4744/8288
f 4608/8342 4323/8288 4744/8288
f 5821/10076 5876/10127 5582/10077
f 5561/10011 5538/10011 5511/10011
f 5511/10011 5538/10011 5500/10011
f 5500/10011 5538/10011 5529/10021
f 5529/10021 5538/10011 5556/10021
f 5538/10011 5582/10035 5556/10021
f 5539/9473 5556/9490 5526/9473
f 5526/9473 5556/9490 5821/9563
f 5556/10021 5582/10035 5821/10265
f 5582/10035 5876/10309 5821/10265
f 6169/9267 6148/9299 6164/9277
f 6148/9142 6158/9141 6164/9156
f 6169/10176 6164/10162 6148/10137
f 6164/8885 6158/8894 6148/8895
f 5961/8601 5931/8589 5935/8600
f 5935/8600 5931/8589 5919/8588
f 5931/8912 5910/8915 5919/8916
f 5935/8732 5919/8752 5961/8733
f 5961/8733 5919/8752 5931/8753
f 5931/8768 5919/8758 5910/8757
f 5654/9264 5694/9241 5702/9240
f 5702/9167 5694/9168 5654/9157
f 5418/8910 5419/8905 5423/8899
f 5423/8721 5419/8712 5418/8698
f 5123/9994 5068/10022 5143/9995
f 5143/10232 5068/10200 5024/10187
f 5123/9232 5143/9233 5068/9210
f 5143/9233 5024/9202 5068/9210
f 4782/9230 4675/9230 4422/9234
f 4458/9258 4422/9234 4675/9230
f 4422/9234 4782/9230 4675/9230
f 4782/9230 4674/9235 4675/9230
f 4422/9234 4674/9235 4782/9230
f 4451/9192 4413/9229 4421/9327
f 4413/8311 4422/8404 4421/8411
f 4421/9234 4422/9234 4782/9230
f 4458/9258 4674/9235 4707/9247
f 4707/9247 4674/9235 4420/9247
f 4456/9225 4673/9225 4707/9247
f 5876/9407 6050/9347 6051/9366
f 6050/9576 6084/9586 6051/9575
f 6072/9585 6051/9575 6050/9576
f 5876/10075 6051/10126 6050/10151
f 6050/9576 6051/9575 6084/9586
f 6084/9586 6051/9575 6072/9585
f 6061/9585 6084/9586 6072/9585
f 5576/10165 5539/10179 5538/10165
f 5670/9697 5576/9666 5582/9674
f 5576/10042 5563/10043 5582/10027
f 5582/10027 5563/10043 5608/10012
f 5563/10043 5561/10044 5608/10012
f 5474/10350 5506/10339 5529/10329
f 4673/10219 4457/10235 4782/10235
f 4673/9225 4674/9235 4707/9247
f 4707/9247 4674/9235 4458/9258
f 4458/9258 4674/9235 4422/9234
f 4674/10254 4673/10219 4422/10253
f 4422/10253 4673/10219 4782/10235
f 8098/9256 7975/9256 7435/8850
f 7975/9256 7119/8850 7435/8850
f 8083/10036 8040/9983 8038/9982
f 8049/9434 8060/9457 8091/9434
f 8030/8658 8091/8651 8052/8650
f 8091/9434 8060/9457 8052/9458
f 8052/8956 8060/8957 8037/8947
f 8060/8957 8049/8957 8037/8947
f 8049/9134 8091/9134 8037/9113
f 8091/9134 8030/9114 8037/9113
f 7930/9008 7935/9009 7934/8995
f 7934/8842 7935/8837 7930/8836
f 7911/8987 7916/8988 7920/8967
f 7920/8866 7916/8848 7911/8847
f 7882/8604 7885/8603 7873/8616
f 7885/8603 7510/8860 7873/8616
f 7854/9328 7829/9309 7832/9308
f 7832/9068 7829/9069 7854/9048
f 7802/9037 7769/9026 7797/9031
f 7797/9031 7769/9026 7759/9016
f 7769/9489 7754/9497 7759/9498
f 7802/9365 7797/9378 7769/9389
f 7797/9378 7759/9396 7769/9389
f 7769/9427 7759/9423 7754/9422
f 7717/10072 7733/10052 7737/10051
f 7737/8824 7733/8825 7717/8812
f 7648/10299 7673/10248 7677/10247
f 7677/9482 7673/9483 7648/9466
f 7652/9193 7647/9194 7645/9181
f 7645/8879 7647/8871 7652/8870
f 7352/10124 7223/10124 7208/10073
f 7223/10124 7322/10073 7208/10073
f 7609/9223 7436/9222 7424/9246
f 7731/8463 7370/8743 7727/8463
f 7550/9218 7454/9245 7436/9560
f 7347/9689 7550/9218 7436/9560
f 7609/9270 7444/9281 7510/9270
f 7510/9270 7444/9281 7436/9281
f 7444/9281 7158/9281 7436/9281
f 7368/8381 7216/8382 7215/8382
f 7385/10291 7740/10317 7384/10272
f 7384/8762 7740/8734 7385/8756
f 7650/9900 7375/10039 7234/10040
f 7234/10040 7375/10039 7459/10055
f 7374/10055 7459/10055 7222/10054
f 7459/10055 7375/10039 7222/10054
f 7375/10039 7650/9900 7222/10054
f 7373/8780 7222/8815 7351/8780
f 7222/8815 7650/8906 7351/8780
f 7219/10063 7351/10063 7458/10024
f 7351/10063 7650/9899 7458/10024
f 7220/8445 7458/8475 7459/8445
f 7458/8475 7650/8368 7459/8445
f 7650/8305 7234/8205 7375/8188
f 7234/8205 7459/8189 7375/8188
f 7459/8445 7650/8368 7375/8438
f 7249/9379 7705/9516 7212/9344
f 7705/9474 7389/9625 7212/9653
f 7212/9653 7389/9625 7390/9653
f 7390/9436 7389/9459 7403/9436
f 7389/9459 7705/9322 7403/9436
f 7705/10345 7249/10091 7403/10113
f 7403/10113 7249/10091 7172/10113
f 7249/9379 7212/9344 7172/9344
f 7546/9825 7463/9825 7543/10234
f 7463/9825 7436/10234 7543/10234
f 8038/10177 8040/10178 8083/10128
f 7510/8860 7885/8603 7873/8602
f 7885/9735 7882/9736 7873/9725
f 7248/8700 7267/8700 7247/8668
f 7420/8818 7432/8840 7323/8760
f 7432/9429 7225/9358 7323/9397
f 7323/8352 7225/8352 7411/8422
f 7225/8352 7276/8422 7411/8422
f 7208/9318 7322/9318 7352/9318
f 7322/9318 7223/9343 7352/9318
f 6138/10038 6134/10037 6039/10150
f 6134/10037 6033/10149 6039/10150
f 6029/9534 6028/9517 6051/9528
f 6028/9517 6431/9319 6051/9528
f 6217/8769 6168/8759 6180/8754
f 7249/8675 7267/8700 7172/8700
f 7007/10123 6997/10114 7051/10092
f 7051/9981 6997/9961 7007/9955
f 6872/9182 6913/9173 6910/9172
f 6910/9103 6913/9104 6872/9077
f 6521/9417 6516/9406 6504/9405
f 5593/10288 5563/10288 5539/10313
f 6389/8203 6266/8203 6268/8203
f 6268/8203 6266/8203 6225/8204
f 6201/8204 6225/8204 6222/8204
f 6225/8204 6266/8203 6222/8204
f 4373/8180 4541/8180 4352/8180
f 5458/9655 5436/9655 5425/9654
f 6394/9946 6772/9708 6954/9562
f 6954/9562 6772/9708 7216/9506
f 6335/9124 6237/9125 6381/9124
f 6237/9125 7368/8877 6381/9124
f 7368/8877 7216/8886 6381/9124
f 7216/9506 6772/9708 6381/9947
f 6772/9708 6394/9946 6381/9947
f 6381/9947 6394/9946 6273/9947
f 6273/9947 6394/9946 6297/9946
f 6297/9946 6394/9946 6266/9946
f 6261/9945 6266/9946 6391/9945
f 6266/9946 6394/9946 6391/9945
f 6394/9946 6954/9562 6391/9945
f 5770/9487 5024/9224 5792/9487
f 5792/9487 5024/9224 5214/9257
f 5711/9527 6044/9435 5719/9541
f 5408/9624 5719/9541 5807/9533
f 5214/9803 5807/9533 5792/9540
f 5792/9540 5807/9533 6391/9346
f 5807/9533 5719/9541 6391/9346
f 5719/9541 6044/9435 6391/9346
f 6266/9122 6261/9123 6310/9115
f 6261/9332 6391/9356 6310/9341
f 6273/9333 6310/9341 6381/9357
f 6310/9341 6391/9356 6381/9357
f 6391/9346 6044/9435 6381/9316
f 6044/9435 5711/9527 6381/9316
f 5711/9507 5681/9520 6381/9271
f 6357/9302 6381/9271 6279/9302
f 6381/9271 5681/9520 6279/9302
f 6279/9302 5681/9520 5679/9521
f 5679/9521 5681/9520 4451/9733
f 4666/9732 4451/9733 4667/9732
f 4451/9733 5681/9520 4667/9732
f 5681/9520 5711/9507 4667/9732
f 5711/9527 5719/9541 4667/9717
f 5719/9541 5408/9624 4667/9717
f 5408/9624 5214/9803 4667/9717
f 5214/9803 5024/9824 4667/9717
f 4665/9529 4667/9542 4458/9408
f 4458/9408 4667/9542 4421/9383
f 4421/8795 4667/8777 4782/8786
f 4421/8795 4782/8786 4370/8794
f 4610/9057 4370/9065 4401/9058
f 4401/8805 4370/8794 4618/8776
f 4370/8794 4782/8786 4618/8776
f 4782/8786 4667/8777 4618/8776
f 4667/9717 5024/9824 4618/9849
f 4159/9849 4618/9849 4902/9824
f 4618/9849 5024/9824 4902/9824
f 4902/9224 5024/9224 5737/9487
f 5024/9224 5770/9487 5737/9487
f 5737/9540 5770/9540 6311/9346
f 5770/9540 5792/9540 6311/9346
f 5792/9540 6391/9346 6311/9346
f 6311/9945 6391/9945 6940/9562
f 6391/9945 6954/9562 6940/9562
f 6940/9562 6954/9562 7010/9505
f 7010/9505 6954/9562 7202/9505
f 6954/9562 7216/9506 7202/9505
f 7431/10268 7335/10378 7297/10233
f 7335/10201 7202/10202 7297/9986
f 7297/9986 7202/10202 7368/9569
f 7202/8630 7216/8614 7368/8642
f 6165/9571 6157/9571 6231/9584
f 6157/9571 6218/9571 6231/9584
f 5987/9607 5920/9607 6095/9631
f 5920/9607 6059/9631 6095/9631
f 6059/10130 6105/10152 6108/10152
f 6093/10139 6105/10152 6059/10130
f 5760/9428 5865/9472 5746/9468
f 5865/9790 5848/9841 5746/9877
f 5746/9355 6049/9254 5920/9307
f 5920/9607 6049/9627 6059/9631
f 6049/9709 5746/9690 6059/9696
f 5760/9755 5865/9790 5746/9877
f 5746/9667 5865/9574 5848/9642
f 5727/9518 5742/9519 5848/9447
f 5742/8187 5727/8186 5848/8294
f 5469/9654 5436/9655 5425/9654
f 5514/9996 5425/10025 5466/10041
f 5466/10041 5425/10025 5407/10056
f 5425/9654 5436/9655 5407/9655
f 5436/9655 5469/9654 5437/9654
f 4389/9898 5258/9840 5755/9876
f 5258/10103 5498/9754 5755/9875
f 5498/9754 5793/9484 5755/9875
f 5470/9896 5755/9897 5483/9716
f 5483/9716 5755/9897 5508/9465
f 5755/9897 5793/9433 5508/9465
f 5508/9465 5793/9433 5492/9432
f 5459/9432 5492/9432 5633/9433
f 5492/9432 5793/9433 5633/9433
f 5170/9630 5633/9484 5278/9630
f 5633/9484 5793/9484 5278/9630
f 5793/9484 5498/9754 5278/9630
f 5498/9754 5258/10103 5278/9630
f 5278/9630 5258/10103 5107/9630
f 5107/9630 5258/10103 5166/10103
f 5166/9840 5258/9840 4757/9898
f 5258/9840 4389/9898 4757/9898
f 4479/9969 4757/9898 4528/9969
f 4757/9898 4389/9898 4528/9969
f 4389/9898 5755/9876 4528/9969
f 5755/9876 5470/10023 4528/9969
f 4528/9969 5470/10023 5427/10062
f 5470/9214 5483/9382 5427/9215
f 5650/8723 5375/8849 5619/9078
f 5619/9078 5375/8849 4315/8938
f 4715/8938 4315/8938 4522/8548
f 4315/8938 5375/8849 4475/8548
f 5375/8849 5650/8723 4475/8548
f 4102/8548 4475/8548 5554/8723
f 4475/8548 5650/8723 5554/8723
f 5650/8571 5619/8565 5542/8493
f 5619/8565 5427/8430 5542/8493
f 5542/8493 5427/8430 5436/8429
f 5436/9655 5427/9215 5469/9654
f 5469/9654 5427/9215 5460/9626
f 5427/9215 5483/9382 5460/9626
f 5392/8177 5468/8293 5718/8240
f 5718/10377 5468/10286 5693/10285
f 5693/9770 5468/9771 5918/9651
f 5918/9857 5417/9856 5914/9928
f 5417/9856 5413/9927 5914/9928
f 5914/9616 5413/9608 5999/9656
f 5999/9656 5413/9608 5507/9648
f 5413/8770 5417/8771 5507/8725
f 5507/8725 5417/8771 5489/8726
f 4605/9217 5485/9500 4714/9323
f 4714/9323 5485/9500 5699/9615
f 5699/9186 5485/9294 5685/9242
f 5485/9320 4605/9556 5685/9221
f 4605/9131 5781/8830 5685/8808
f 5685/8808 5781/8830 6462/8407
f 5956/8746 6462/8407 5773/8867
f 6462/8407 5781/8830 5773/8867
f 5773/8867 5781/8830 4726/9188
f 5781/8830 4605/9131 4726/9188
f 4752/9837 4693/9614 4382/9837
f 4693/9614 4714/9614 4382/9837
f 4714/9614 5489/9613 4382/9837
f 5489/9613 5417/9652 4382/9837
f 5417/9652 5918/9651 4382/9837
f 5918/9651 5468/9771 4382/9837
f 4382/9837 5468/9771 5384/9832
f 5468/9476 5392/9437 5384/9475
f 5384/9295 5392/9336 5590/9296
f 5392/9954 5718/9907 5590/9993
f 5718/8406 5693/8448 5590/8449
f 5543/9756 5590/9819 6462/10325
f 5590/9819 5693/9858 6462/10325
f 5693/9858 5918/9984 6462/10325
f 6462/10325 5918/9984 6005/10053
f 5918/9368 5914/9369 6005/9329
f 5914/9369 5999/9330 6005/9329
f 5999/10266 5507/10267 6005/10163
f 5507/10267 5489/10164 6005/10163
f 6005/9879 5489/9564 5811/9665
f 5489/9564 4714/9323 5811/9665
f 4714/9323 5699/9615 5811/9665
f 5699/9186 5685/9242 5811/9162
f 6029/9534 6051/9517 6028/9517
f 6051/10093 6431/10129 6028/10064
f 4533/8319 5589/8431 6024/8699
f 6168/8759 6024/8699 6180/8754
f 6024/8699 5589/8431 6180/8754
f 5589/9280 5061/9499 6180/9056
f 6180/8744 5061/8202 5085/8182
f 4566/8319 4533/8319 6025/8699
f 4533/8319 6024/8699 6025/8699
f 6025/8699 6024/8699 6052/8722
f 6024/8699 6168/8759 6052/8722
f 6010/9757 6052/9772 6055/9757
f 6052/9772 6168/9850 6055/9757
f 6045/8980 6055/8980 6033/8968
f 6138/9050 6039/8979 6134/9049
f 6039/8979 6033/8978 6134/9049
f 6134/9010 6033/8968 6206/9051
f 6033/8968 6055/8980 6206/9051
f 6055/9757 6168/9850 6206/9864
f 6168/9850 6180/9878 6206/9864
f 6206/8755 6180/8744 5704/8432
f 6180/8744 5085/8182 5704/8432
f 5576/9244 5611/9244 5538/9212
f 5611/9244 6683/9605 5538/9212
f 5661/10166 5538/10165 5670/10180
f 5670/10180 5538/10165 5539/10179
f 5538/9598 6683/9568 5539/9583
f 6683/9758 5593/10326 5539/10348
f 5593/10288 5563/10288 5539/10313
f 5454/9710 5538/9748 5593/9774
f 5593/10236 5538/10236 5539/10220
f 5538/10236 5454/10255 5539/10220
f 5454/10381 5593/10288 5539/10313
f 6764/8360 6731/8380 6802/8360
f 6785/8735 6802/8714 6775/8735
f 6802/8714 7246/8772 6775/8735
f 6754/9370 6775/9398 6722/9370
f 6775/9398 7246/9547 6722/9370
f 6738/9121 6722/9121 6731/9105
f 6731/9105 6722/9121 7386/9071
f 6722/8669 7246/8761 7386/8779
f 7229/10292 7386/10273 7384/10273
f 7386/8779 7246/8761 7384/8761
f 7246/8772 6802/8714 7384/8764
f 6802/8360 6731/8380 7384/8183
f 6731/8380 7386/8184 7384/8183
f 7384/10293 7386/10273 7229/10292
f 6949/10026 7019/10138 6951/9997
f 6951/8763 7019/8653 6949/8745
f 7267/8700 7249/8675 7247/8668
f 7249/8675 6779/8405 7247/8668
f 7402/8659 7247/8701 7232/8659
f 7247/8701 6779/8447 7232/8659
f 6692/9174 6624/9211 6091/9508
f 5508/9359 4749/9597 5759/9220
f 6847/9901 7446/9572 7445/9617
f 7445/9617 7446/9572 7220/9572
f 7220/8807 7446/8807 7373/8778
f 7446/8807 6847/8566 7373/8778
f 6122/9811 6564/9573 6530/9609
f 6530/9609 6564/9573 6544/9609
f 6544/9633 6564/9657 6582/9633
f 6564/9657 6122/9851 6582/9633
f 6544/10338 6582/10338 6531/10289
f 6582/10338 6122/9970 6531/10289
f 7372/10204 7394/10204 7393/10204
f 7393/10204 7394/10204 7254/10203
f 7254/10203 7394/10204 7415/10203
f 7394/10204 7187/10203 7415/10203
f 6271/9219 6960/9567 7201/9647
f 6271/9195 7201/8828 6960/8880
f 7394/9380 7255/9390 7218/9381
f 7255/9390 7370/9391 7218/9381
f 6864/9033 6804/9033 6803/9033
f 6804/9033 6789/9032 6803/9033
f 6817/10316 6842/10303 6841/10302
f 6841/9718 6842/9719 6817/9711
f 6792/10328 6789/10328 6834/10314
f 6789/10328 6816/10315 6834/10314
f 7370/10192 7255/10191 7218/10205
f 7218/10205 7255/10191 7394/10204
f 7394/10204 7255/10191 7187/10203
f 6789/9032 6804/9033 6816/9027
f 6804/9033 7187/8827 6816/9027
f 6816/9027 7187/8827 6841/9017
f 7187/8827 7255/8838 6841/9017
f 6841/10115 7255/9859 6842/10104
f 7255/10094 7370/10057 6842/10303
f 6842/10303 7370/10057 6841/10302
f 7370/9391 7255/9390 6841/9582
f 7255/9390 6834/9596 6841/9582
f 6841/10290 6834/10314 6817/10300
f 6834/10314 6816/10315 6817/10300
f 6816/10315 6841/10301 6817/10300
f 6893/9929 6869/9908 6842/9929
f 6869/9908 6816/9908 6842/9929
f 6841/9918 6842/9929 6816/9908
f 6504/10379 6516/10380 6521/10337
f 6358/10217 6341/10327 6589/10218
f 6589/8872 6341/8826 6283/8875
f 6341/9600 6358/9599 6283/9632
f 5762/8667 6027/8462 6465/8179
f 6027/8462 6283/8402 6465/8179
f 6283/8402 6358/8374 6465/8179
f 5978/10251 5945/10251 6478/10250
f 5945/10251 5970/10216 6478/10250
f 5970/10216 5957/10189 6478/10250
f 5957/10189 6465/10188 6478/10250
f 6379/9317 6478/9317 7065/9318
f 7727/10347 7693/10312 7322/10324
f 7693/10312 7065/10287 7322/10324
f 7065/9318 6478/9317 7322/9318
f 6478/9317 6465/9342 7322/9318
f 7731/8463 7559/8676 7370/8743
f 7255/8742 7370/8743 7722/8455
f 7370/8743 7559/8676 7722/8455
f 7559/8676 7731/8456 7722/8455
f 7731/10074 7322/10073 7722/10125
f 7722/10125 7322/10073 7223/10124
f 7322/9318 6465/9342 7223/9343
f 6465/8179 6358/8374 7223/8200
f 6358/8374 6589/8393 7223/8200
f 7223/8200 6589/8393 6676/8403
f 6624/9555 6692/9606 6091/9272
f 6089/9272 6091/9272 5862/9216
f 5862/9216 6091/9272 5866/9216
f 6091/9272 6692/9606 5866/9216
f 6692/9606 6676/9695 5866/9216
f 5866/9216 6676/9695 6106/9438
f 6676/8403 6589/8393 6106/8741
f 6106/8741 6589/8393 6057/8724
f 6057/8724 6589/8393 5831/8787
f 6589/8393 6283/8402 5831/8787
f 5831/8787 6283/8402 5677/8796
f 6283/8402 6027/8462 5677/8796
f 6027/8462 5762/8667 5677/8796
f 5677/8439 5762/8572 4784/8185
f 4616/8185 4784/8185 4749/8312
f 4749/8312 4784/8185 5759/8631
f 4784/8185 5762/8572 5759/8631
f 5762/8667 6465/8179 5759/8615
f 6465/8179 5957/8461 5759/8615
f 5759/9726 5957/9865 5508/9577
f 5957/10189 5970/10216 5508/10190
f 5970/10216 5945/10251 5508/10190
f 5508/10190 5945/10251 5492/10252
f 5945/10251 5978/10251 5492/10252
f 5492/10252 5978/10251 5533/10252
f 5533/10252 5978/10251 5969/10251
f 5969/10251 5978/10251 6480/10250
f 5978/10251 6478/10250 6480/10250
f 6567/8421 7276/8422 6550/8421
f 6548/9467 6593/9485 5756/9187
f 5756/9187 6593/9485 5896/9243
f 6266/9413 5896/9243 6752/9559
f 5896/9243 6593/9485 6752/9559
f 7297/9747 6752/9559 7225/9734
f 6752/9559 6593/9485 7225/9734
f 6593/9485 6548/9467 7225/9734
f 6548/8351 6556/8392 7225/8352
f 6556/8392 6550/8421 7225/8352
f 6550/8421 7276/8422 7225/8352
f 7699/8948 7836/9086 7828/9087
f 7799/9804 7796/9640 8040/9486
f 7796/8931 7812/8943 8040/9106
f 7411/9047 7276/9047 7323/9130
f 7276/9047 7225/9130 7323/9130
f 7225/9300 7297/9334 7323/9300
f 7323/9300 7297/9334 7278/9334
f 7280/9334 7278/9334 7421/9334
f 7278/9334 7297/9334 7421/9334
f 7421/9334 7297/9334 7190/9334
f 7190/9334 7297/9334 7348/9581
f 7348/9581 7297/9334 7368/9581
f 7297/9334 7780/9595 7368/9581
f 7780/9888 8040/9957 7368/9570
f 7213/10336 7216/10311 7297/10335
f 7432/8267 7297/8278 7336/8268
f 7336/10346 7297/10335 7435/10310
f 7297/10335 7216/10311 7435/10310
f 7216/8896 7789/9070 7435/8850
f 7789/9070 7811/9079 7435/8850
f 7811/9079 7508/8873 7435/8850
f 7435/8850 7508/8873 8098/9256
f 7508/8873 7811/9079 8098/9256
f 8098/9256 7811/9079 8075/9310
f 7811/9079 7789/9070 8075/9310
f 7789/9070 7216/8896 8075/9310
f 7216/8382 7368/8381 8075/8806
f 7368/8381 8040/8788 8075/8806
f 8040/9106 7812/8943 8075/9126
f 7812/8943 7828/8949 8075/9126
f 7828/9087 7836/9086 8075/9335
f 8075/9335 7836/9086 7849/9120
f 7836/9086 7652/8876 7849/9120
f 7849/9120 7652/8876 8098/9367
f 8060/8957 8098/8947 8037/8947
f 8098/9367 7652/8876 8037/9367
f 8037/9367 7652/8876 7975/9367
f 7975/9367 7652/8876 7607/8876
f 7437/8851 7607/8876 7525/8851
f 7607/8876 7652/8876 7525/8851
f 7652/8890 7836/9086 7525/8851
f 7836/9086 7699/8948 7525/8851
f 7347/8851 7525/8851 7550/8852
f 7525/8851 7699/8948 7550/8852
f 7699/8948 7828/9087 7550/8852
f 7828/8949 7812/8943 7550/8829
f 7516/8666 7550/8652 7463/8666
f 7550/8652 7812/8444 7463/8666
f 7812/8444 7796/8460 7463/8666
f 7796/9640 7799/9804 7463/9825
f 7436/10234 7463/9825 7510/10215
f 7463/9825 7799/9804 7510/10215
f 7510/10215 7799/9804 7808/9956
f 7808/9956 7799/9804 8033/9773
f 7799/9804 8040/9486 8033/9773
f 8040/9957 7780/9888 8033/10349
f 7780/9595 7297/9334 8033/9604
f 7297/9334 7225/9300 8033/9604
f 8033/9773 7785/9962 7808/9956
f 7808/9034 7885/8942 8033/8814
f 8033/8814 7885/8942 8038/8819
f 8038/9213 7700/9509 7201/9641
f 7066/9641 7201/9641 7689/9509
f 7201/9641 7700/9509 7689/9509
f 7689/9509 7700/9509 7960/9213
f 7700/9509 8038/9213 7960/9213
f 8038/8819 7885/8942 7960/8819
f 7960/8819 7885/8942 7863/8942
f 7885/8942 7686/9163 7863/8942
f 7863/8942 7686/9163 7660/9163
f 7062/9282 7660/9163 7479/9282
f 7660/9163 7686/9163 7479/9282
f 7158/9281 7061/9281 7436/9281
f 7061/9281 7015/9282 7436/9281
f 7015/9282 7479/9282 7436/9281
f 7158/9281 7436/9281 7444/9281
f 7609/9270 7444/9281 7510/9270
f 7444/9281 7436/9281 7510/9270
f 7436/9281 7479/9282 7510/9270
f 7479/9282 7686/9163 7510/9270
f 7686/9163 7885/8942 7510/9270
f 7885/8942 7808/9034 7510/9270
f 7808/9956 7785/9962 7510/10215
f 7510/10215 7785/9962 7436/10249
f 7195/10249 7436/10249 7414/10271
f 7414/10271 7436/10249 7289/10271
f 7436/10249 7785/9962 7289/10271
f 7785/9962 8033/9773 7289/10271
f 7289/10271 8033/9773 7775/9985
f 8033/9604 7225/9300 7775/9430
f 7225/9130 7276/9047 7775/9119
f 7775/9119 7276/9047 7768/9046
f 7793/9046 7768/9046 7821/9046
f 7821/9046 7768/9046 7801/9046
f 7801/9046 7768/9046 7500/9047
f 7768/9046 7276/9047 7500/9047
f 7500/8422 7276/8422 6574/8421
f 7276/8422 6567/8421 6574/8421
f 6574/9200 6567/9200 5790/9201
f 6567/9200 6550/9200 5790/9201
f 5790/9201 6550/9200 5764/9201
f 6550/9200 6556/9255 5764/9201
f 6556/9255 6548/9292 5764/9201
f 6548/9292 5756/9293 5764/9201
f 5764/9201 5756/9293 5826/9201
f 5826/9201 5756/9293 5837/9293
f 5837/9243 5756/9187 5895/9243
f 5756/9187 5896/9243 5895/9243
f 5895/9243 5896/9243 6308/9413
f 5896/9243 6266/9413 6308/9413
f 6308/9413 6266/9413 6414/9413
f 6414/8203 6266/8203 6389/8203
f 6389/8203 6266/8203 6268/8203
f 6268/8203 6266/8203 6225/8204
f 6182/8204 6201/8204 6222/8204
f 6201/8204 6225/8204 6222/8204
f 6225/8204 6266/8203 6222/8204
f 6172/8204 6222/8204 6261/8337
f 6222/8204 6266/8203 6261/8337
f 6266/8203 6271/8320 6261/8337
f 6224/9311 6200/9311 6174/9279
f 6174/10270 6200/10214 6149/10214
f 6200/8242 6224/8190 6149/8242
f 6149/8242 6224/8190 6168/8241
f 6168/8241 6224/8190 6217/8206
f 6217/9301 6224/9311 6180/9278
f 6224/9311 6174/9279 6180/9278
f 6174/10270 6149/10214 6180/10269
f 6149/10214 6168/10213 6180/10269
f 4541/8180 4352/8180 4373/8180
f 4617/8180 4352/8180 4766/8180
f 4766/8180 4352/8180 4540/8181
f 4540/8181 4352/8180 4730/8181
f 5520/8446 4930/8181 5469/8446
f 4930/8181 4730/8181 5469/8446
f 4730/8181 4749/8201 5469/8446
f 8052/8956 8037/8947 8030/8946
f 5530/10595 5540/10595 5556/10595
f 5626/10596 5637/10595 5583/10596
f 5637/10595 5594/10595 5583/10596
f 5594/10595 5540/10595 5583/10596
f 5583/10596 5540/10595 5530/10595
f 5540/10595 5526/10600 5530/10595
f 5558/10785 5527/10785 5532/10785
f 5527/10785 5495/10785 5532/10785
f 5478/10600 5526/10600 5544/10600
f 5526/10600 5530/10595 5544/10600
f 5530/10595 5526/10600 5583/10596
f 5526/10600 5821/10646 5583/10596
f 5544/10877 5506/10785 5532/10785
f 5667/10580 5673/10601 6266/10522
f 6310/10516 6266/10522 5897/10570
f 6266/10522 5673/10601 5897/10570
f 5897/10866 5673/10847 4370/10766
f 5673/10847 5667/10884 4370/10766
f 4370/10645 5667/10580 4452/10634
f 4452/10634 5667/10580 5680/10574
f 5680/10574 5667/10580 6280/10521
f 5667/10580 6266/10534 6280/10521
f 6266/10522 6310/10516 6280/10521
f 6417/10521 6280/10521 6414/10516
f 6280/10521 6310/10516 6414/10516
f 6414/10516 6310/10516 6387/10516
f 6387/10516 6310/10516 6386/10516
f 6386/10516 6310/10516 6364/10516
f 6310/10516 5897/10570 6364/10516
f 6364/10516 5897/10570 5909/10570
f 5838/10866 5909/10866 5797/10853
f 5909/10866 5897/10866 5797/10853
f 5797/10853 5897/10866 4686/10763
f 5897/10866 4370/10766 4686/10763
f 4686/10763 4370/10766 4609/10763
f 4609/10763 4370/10766 4745/10766
f 4746/10766 4745/10766 4570/10766
f 4745/10766 4370/10766 4570/10766
f 4570/10766 4370/10766 4571/10766
f 4569/10994 4370/10994 4656/11027
f 4656/11027 4370/10994 4774/11027
f 4066/11027 4774/11027 5657/11036
f 5657/11036 4774/11027 5675/11036
f 5675/11036 4774/11027 5705/11036
f 4774/11027 4370/10994 5705/11036
f 5705/11036 4370/10994 5715/11015
f 4370/10994 5673/11003 5715/11015
f 5409/10947 5808/10883 5214/10860
f 7768/10879 7794/10879 7745/10879
f 7371/10893 7768/10879 7745/10879
f 8076/10554 7849/10687 8098/10688
f 7419/10849 7297/10849 7210/10889
f 7297/10849 7201/10889 7210/10889
f 7768/10879 7559/10894 7775/10907
f 7414/10904 7290/10922 7405/10904
f 7353/11026 7371/10981 7224/11026
f 7721/10980 7224/11026 7255/10981
f 7224/11026 7371/10981 7255/10981
f 7371/10981 7392/10981 7255/10981
f 7392/10904 7405/10904 7255/10904
f 7405/10904 7290/10922 7255/10904
f 7290/10922 7775/10923 7255/10904
f 7775/10923 7559/10894 7255/10904
f 7255/10904 7559/10894 7371/10893
f 7559/10894 7768/10879 7371/10893
f 7209/10781 7433/10781 7441/10781
f 7433/10781 7297/10772 7441/10781
f 7441/10781 7297/10772 7325/10772
f 7326/10772 7325/10772 7298/10772
f 7325/10772 7297/10772 7298/10772
f 6805/10997 6912/11009 7188/11035
f 7195/11054 7415/11035 7436/11054
f 7415/11035 7188/11035 7436/11054
f 7188/11035 6912/11009 7436/11054
f 7436/11054 6912/11009 7490/11054
f 7490/11054 6912/11009 6922/11009
f 6912/11009 6805/10997 6922/11009
f 6805/10997 6864/10997 6922/11009
f 4528/10488 4455/10488 4352/10487
f 4455/10488 4353/10487 4352/10487
f 7326/10772 7325/10772 7298/10772
f 7279/10772 7281/10772 7277/10772
f 7433/10781 7277/10772 7297/10772
f 7277/10772 7281/10772 7297/10772
f 7281/10772 7298/10772 7297/10772
f 7298/10772 7325/10772 7297/10772
f 7325/10772 7441/10781 7297/10772
f 7297/10772 7441/10781 7433/10781
f 7441/10781 7209/10781 7433/10781
f 7209/10781 7324/10781 7433/10781
f 7324/10781 7210/10773 7433/10781
f 7210/10773 7201/10773 7433/10781
f 7201/10773 7297/10772 7433/10781
f 8038/10888 7201/10889 8034/10848
f 8034/10848 7201/10889 7297/10849
f 7297/10772 7201/10773 6266/10602
f 6266/10602 7201/10773 6271/10603
f 6271/10603 7201/10773 6261/10597
f 7201/10773 7066/10773 6261/10597
f 7066/10773 6192/10597 6261/10597
f 4715/10983 4480/10851 4315/10983
f 4480/10851 4528/10851 4315/10983
f 4528/10851 5428/10941 4315/10983
f 5428/10941 5619/10982 4315/10983
f 5924/10611 6102/10610 5761/10660
f 6093/10659 5747/10710 6105/10654
f 6157/10629 6108/10654 6218/10629
f 6108/10654 6105/10654 6218/10629
f 6105/10654 5747/10710 6218/10629
f 5747/10710 5848/10701 6218/10626
f 6218/10626 5848/10701 6232/10609
f 5848/10701 5865/10682 6232/10609
f 5865/10682 5761/10660 6232/10609
f 5761/10660 6102/10610 6232/10609
f 6165/10610 6232/10609 6100/10610
f 6232/10609 6102/10610 6100/10610
f 6102/10610 5924/10611 6100/10610
f 6100/10610 5924/10611 5976/10611
f 5976/10569 5924/10569 5986/10552
f 5986/10552 5924/10569 5920/10552
f 5924/10569 5761/10579 5920/10552
f 5761/10579 5747/10546 5920/10552
f 6005/10592 5812/10661 6462/10593
f 5812/10661 5685/10705 6462/10593
f 4599/10811 5573/10765 5743/10729
f 5704/10507 5743/10476 6206/10535
f 6206/10535 5743/10476 6135/10520
f 5743/10476 5573/10455 6135/10520
f 6135/10520 5573/10455 6033/10486
f 6031/10486 6033/10486 5571/10455
f 6033/10486 5573/10455 5571/10455
f 5571/10765 5573/10765 4566/10811
f 5573/10765 4599/10811 4566/10811
f 4566/10811 4599/10811 4714/10717
f 4599/10811 5743/10729 5085/10694
f 5743/10729 5704/10698 5085/10694
f 5564/10861 5594/10862 5612/10861
f 5594/10862 6683/10762 5612/10861
f 6377/10401 6372/10400 6237/10401
f 6372/10400 6223/10400 6237/10401
f 7369/10501 7367/10501 7297/10500
f 7367/10501 7433/10508 7297/10500
f 7433/10508 7198/10508 7233/10509
f 7198/10508 7214/10509 7233/10509
f 7214/10509 7369/10501 7233/10509
f 6223/10400 6266/10410 6237/10401
f 6266/10410 6745/10449 6237/10401
f 6237/10401 6745/10449 7369/10501
f 7433/10508 7233/10509 7297/10500
f 7233/10509 7369/10501 7297/10500
f 7369/10501 6745/10449 7297/10500
f 6745/10449 6266/10410 7297/10500
f 6266/10410 6752/10457 7297/10500
f 7172/10662 7232/10662 7249/10644
f 7232/10662 6779/10723 7249/10644
f 5544/10711 5516/10716 5591/10704
f 5516/10716 4523/10769 5591/10704
f 5591/10704 4523/10769 4383/10770
f 4383/10770 4523/10769 4753/10770
f 4753/10770 4523/10769 4477/10769
f 4477/10769 4523/10769 5455/10716
f 4523/10769 5516/10716 5455/10716
f 5482/10409 5455/10399 5532/10409
f 5455/10399 5516/10399 5532/10409
f 5516/10399 5544/10408 5532/10409
f 7372/10867 7353/10780 7394/10867
f 7353/10780 7224/10780 7394/10867
f 7224/10780 6677/10793 7394/10867
f 6677/10793 6693/10837 7394/10867
f 6726/10895 6834/10895 6089/10896
f 6089/10896 6834/10895 6091/10896
f 6834/10895 7255/10959 6091/10896
f 7255/10959 7394/10964 6091/10896
f 7394/10964 6693/10996 6091/10896
f 5958/10620 5968/10621 5508/10562
f 5426/10556 5493/10561 5469/10556
f 5493/10561 5508/10562 5469/10556
f 5469/10556 5508/10562 5461/10557
f 4352/10487 4727/10490 4528/10488
f 5470/10559 4528/10488 5484/10558
f 4528/10488 4727/10490 5484/10558
f 5461/10557 5508/10562 5484/10558
f 5484/10558 5508/10562 5956/10622
f 5508/10562 5968/10621 5956/10622
f 5956/10397 5968/10426 6462/10398
f 5968/10426 5958/10453 6462/10398
f 5532/10785 4395/10836 5544/10877
f 5544/10877 4395/10836 4390/10876
f 4595/10876 4390/10876 4419/10836
f 4390/10876 4395/10836 4419/10836
f 4395/10836 5532/10785 4773/10784
f 4062/10784 4773/10784 5495/10785
f 4773/10784 5532/10785 5495/10785
f 5495/10409 5532/10409 5841/10430
f 5532/10409 5894/10430 5841/10430
f 5841/10430 5894/10430 6380/10484
f 6380/10484 5894/10430 6479/10484
f 6479/10484 5894/10430 6466/10483
f 5894/10430 5532/10409 6466/10483
f 5532/10409 5544/10408 6466/10483
f 5544/10408 6462/10482 6466/10483
f 6462/10398 5958/10453 6466/10454
f 5831/10831 5575/10771 6058/10816
f 6058/10816 5575/10771 6107/10807
f 6107/10807 5575/10771 5866/10757
f 5862/10757 5866/10757 5574/10771
f 5866/10757 5575/10771 5574/10771
f 5574/10771 5575/10771 4616/10803
f 4616/10803 5575/10771 4784/10803
f 5575/10771 5831/10831 4784/10803
f 5831/10831 5678/10842 4784/10803
f 7221/10967 7373/10972 7445/10967
f 7373/10972 6847/10892 7445/10967
f 6545/10973 6532/10991 6530/10973
f 6532/10991 6122/10932 6530/10973
f 2146/7021 2147/7009 2212/7022
f 2212/7022 2147/7009 2320/7009
f 2211/7996 2273/7969 2216/7975
f 2273/7969 2211/7996 2208/7997
f 2273/7969 2208/7997 2255/7998
f 3913/7846 3901/7846 3889/7846
f 3913/7846 3889/7846 3892/7846
f 4260/7814 3905/7845 3897/7862
f 2160/2071 2150/2072 2203/2071
f 2214/2073 2232/2073 2123/2073
f 2232/2073 2214/2073 2150/2072
f 2232/2073 2150/2072 2160/2071
f 2160/2071 2203/2071 2132/2070
f 2160/2071 2132/2070 2107/2069
f 2117/2069 2107/2069 2132/2070
f 2107/2069 2117/2069 2312/2069
f 2107/2069 2312/2069 2324/2069
f 2324/2069 2312/2069 2310/2069
f 2274/2130 2251/2130 2322/2132
f 2274/2130 2322/2132 2323/2131
f 2251/2389 2274/2389 2193/2391
f 2274/2389 2323/2390 2193/2391
f 2789/2387 3086/2400 2793/2384
f 3086/2400 3348/2413 2794/2385
f 3086/2400 2794/2385 2793/2384
f 3348/2413 3381/2416 2792/2383
f 3348/2413 2792/2383 2794/2385
f 2555/2119 2775/2097 2781/2096
f 2555/2119 2781/2096 2682/2103
f 2792/2368 3381/2343 2682/2345
f 2792/2368 2682/2345 2781/2367
f 3086/2400 2789/2387 2790/2388
f 3086/2400 2790/2388 3324/2410
f 3324/2410 2790/2388 2796/2386
f 2775/2097 2555/2119 2387/2128
f 2387/2128 2555/2119 2274/2130
f 2387/2128 2274/2130 2323/2131
f 2323/2390 2274/2389 1483/2405
f 2274/2389 1677/2401 1466/2406
f 2274/2389 1466/2406 1483/2405
f 1466/2163 1677/2135 1478/2159
f 1677/2135 1559/2141 1477/2160
f 1677/2135 1477/2160 1478/2159
f 1559/2141 1488/2155 1474/2158
f 1559/2141 1474/2158 1477/2160
f 1488/2078 1476/2080 1474/2079
f 974/2279 965/2280 971/2281
f 941/2043 939/2055 929/2045
f 955/2047 962/2057 939/2055
f 955/2047 939/2055 941/2043
f 962/2057 955/2047 975/2059
f 1263/2348 1319/2355 1065/2339
f 1318/2350 1319/2355 1263/2348
f 1319/2355 1318/2350 1353/2357
f 1331/2341 1343/2337 1357/2338
f 1343/2337 1331/2341 1172/2334
f 958/3327 927/3337 933/3341
f 958/3327 933/3341 963/3327
f 1356/3373 1343/3375 1370/3372
f 1370/3372 1343/3375 1319/3376
f 1370/3372 1319/3376 1353/3374
f 1343/3375 1082/3378 1110/3377
f 1343/3375 1110/3377 1319/3376
f 1319/3376 1110/3377 1064/3379
f 4365/2773 4663/2772 4350/2770
f 4350/2771 4663/2769 4625/2775
f 4364/2899 4516/2893 4659/2892
f 4364/2899 4659/2892 4658/2899
f 4658/2899 4659/2892 4619/2891
f 4658/2899 4619/2891 4429/2899
f 3849/2904 3577/2910 4429/2899
f 3849/2904 4429/2899 4619/2891
f 3066/2726 3010/2721 3075/2728
f 3010/2721 3148/2732 3150/2733
f 3010/2721 3150/2733 3075/2728
f 4624/3044 4598/3042 4330/3047
f 4624/3044 4330/3047 4377/3048
f 731/2867 752/2870 717/2866
f 734/2868 752/2870 731/2867
f 753/2872 752/2870 734/2868
f 764/3134 752/3136 753/3131
f 839/3138 752/3136 764/3134
f 752/2716 839/2729 893/2737
f 752/2716 893/2737 938/2743
f 897/2743 938/2743 887/2736
f 938/2743 893/2737 887/2736
f 708/2914 710/2917 702/2913
f 712/2915 710/2917 708/2914
f 709/2916 710/2917 712/2915
f 707/2919 710/2917 709/2916
f 710/2917 706/2920 701/2921
f 3682/153 3554/145 3698/151
f 3516/156 3534/149 3624/152
f 3661/150 3682/153 3675/154
f 3661/150 3675/154 3624/152
f 3534/149 3554/145 3661/150
f 3534/149 3661/150 3624/152
f 3554/145 3517/156 3088/182
f 3554/145 3088/182 2911/180
f 3035/186 3028/185 3057/184
f 3076/181 3088/182 3057/184
f 2911/180 3076/181 3057/184
f 2911/180 3057/184 3028/185
f 3646/112 3701/103 3720/101
f 4364/55 4525/54 4516/55
f 3720/101 3701/103 3721/100
f 3701/103 3640/116 3633/117
f 3701/103 3633/117 3722/99
f 3701/103 3722/99 3721/100
f 3735/81 3723/84 3724/83
f 3725/82 3737/80 3735/81
f 3725/82 3735/81 3724/83
f 3572/97 3574/95 3622/92
f 3572/97 3622/92 3623/93
f 3688/87 3623/93 3724/83
f 3688/87 3724/83 3723/84
f 3623/93 3622/92 3725/82
f 3623/93 3725/82 3724/83
f 3726/76 3779/75 3737/80
f 3726/76 3737/80 3725/82
f 3574/95 3576/90 3622/92
f 3576/90 3726/76 3725/82
f 3576/90 3725/82 3622/92
f 3577/88 3573/96 3247/122
f 3577/88 3247/122 3148/125
f 3202/138 3148/142 3247/136
f 3640/116 3701/103 3644/114
f 3164/141 3148/142 3202/138
f 3701/103 3646/112 3644/114
f 891/147 938/148 897/148
f 892/146 932/146 938/148
f 892/146 938/148 891/147
f 801/161 747/165 727/171
f 801/161 727/171 752/172
f 752/172 727/171 717/179
f 3151/2297 3148/2299 3149/2298
f 3698/2243 3554/2221 3703/2235
f 3554/2221 3564/2202 3702/2213
f 3554/2221 3702/2213 3703/2235
f 3702/2213 3564/2202 3706/2212
f 3706/2330 3564/2331 3708/2328
f 3564/2331 3604/2324 3718/2321
f 3564/2331 3718/2321 3708/2328
f 3717/2321 3705/2322 3727/2319
f 3728/2318 3736/2317 3727/2319
f 3705/2322 3699/2323 3728/2318
f 3705/2322 3728/2318 3727/2319
f 4662/2291 4664/2293 3736/2317
f 3729/2308 4645/2282 4662/2291
f 3729/2308 4662/2291 3736/2317
f 3729/2308 3736/2317 3728/2318
f 3604/2324 3729/2308 3728/2318
f 3604/2324 3728/2318 3699/2323
f 3063/2370 3011/2380 3067/2372
f 3033/2354 3036/2353 3034/2352
f 3032/2351 2911/2362 3033/2354
f 3032/2351 3033/2354 3034/2352
f 7256/848 7166/848 7695/837
f 7166/848 7696/836 7695/837
f 5154/867 5303/875 5300/876
f 5154/867 5300/876 5138/868
f 5351/777 5338/777 5433/772
f 5351/777 5433/772 5432/774
f 5433/772 5338/777 5435/775
f 5338/777 5138/780 5394/778
f 5338/777 5394/778 5435/775
f 5138/780 5300/781 5394/778
f 5438/798 5293/794 5434/800
f 5293/794 5438/798 5435/797
f 5293/794 5435/797 5338/794
f 5451/799 5338/794 5435/797
f 5338/794 5451/799 5566/806
f 5338/794 5566/806 5487/804
f 5456/511 5487/510 5567/523
f 5456/511 5567/523 5557/527
f 5487/510 5566/524 5567/523
f 5303/875 5154/867 5306/874
f 4721/4849 4651/4847 4628/4848
f 4721/4849 4628/4848 4696/4849
f 5891/4894 5901/4894 6658/4774
f 5891/4894 6658/4774 6647/4779
f 6634/6012 6416/5957 6639/6001
f 6416/5957 6634/6012 6638/6013
f 6416/5957 6638/6013 6289/5957
f 6569/6002 6289/5957 6638/6013
f 6193/6014 6289/5957 6569/6002
f 6000/6015 5888/5958 6289/5957
f 6000/6015 6289/5957 6193/6014
f 4446/6099 5869/5993 5877/6021
f 4446/6099 5877/6021 5804/6030
f 5877/5708 5869/5709 6219/5656
f 5869/5709 5757/5718 6440/5636
f 5869/5709 6440/5636 6219/5656
f 6440/5636 5757/5718 6509/5633
f 6440/5636 6509/5633 6615/5608
f 4593/5465 4378/5462 4583/5500
f 4378/5462 4687/5501 4688/5506
f 4378/5462 4688/5506 4583/5500
f 4687/6099 4801/6099 4742/6119
f 4687/6099 4742/6119 4688/6116
f 4801/6099 4446/6099 4649/6120
f 4801/6099 4649/6120 4742/6119
f 4446/6099 5804/6030 4649/6120
f 6633/5633 6648/5627 6620/5612
f 6633/5633 6620/5612 6561/5633
f 6615/5608 6509/5633 6561/5633
f 6615/5608 6561/5633 6620/5612
f 7244/5874 7203/5876 7239/5875
f 7404/5873 7400/5876 7203/5876
f 7404/5873 7203/5876 7244/5874
f 6696/4637 6602/4672 6730/4626
f 6602/4672 6746/4621 6846/4595
f 6602/4672 6846/4595 6730/4626
f 6633/5352 6509/5354 6615/5353
f 6633/5352 6615/5353 6648/5352
f 6615/5353 6509/5354 7263/5200
f 6615/5353 7263/5200 6801/5312
f 7263/5200 7406/5200 7408/5222
f 7263/5200 7408/5222 7379/5233
f 7406/5200 7407/5200 7409/5211
f 7406/5200 7409/5211 7408/5222
f 7409/5912 7407/5912 7380/5950
f 6801/5312 7263/5200 7379/5233
f 6607/5555 6220/5518 6635/5552
f 6607/5555 6635/5552 6640/5555
f 6220/5518 6552/5521 6657/5553
f 6220/5518 6657/5553 6635/5552
f 7339/5526 7407/5616 7409/5624
f 7407/4745 7406/4745 7408/4730
f 7407/4745 7408/4730 7409/4735
f 7408/4730 7406/4745 7263/4745
f 7408/4730 7263/4745 7379/4729
f 7889/5742 7856/5743 7891/5733
f 7848/4811 7853/4819 7865/4818
f 7881/4824 7889/4817 7865/4818
f 7853/4819 7856/4830 7881/4824
f 7853/4819 7881/4824 7865/4818
f 7263/4745 7856/4830 7671/4752
f 7263/4745 7671/4752 7379/4729
f 7856/4830 7847/4810 7671/4752
f 7901/5088 7860/5079 7904/5100
f 7890/5006 7856/4966 7860/5079
f 7890/5006 7860/5079 7901/5088
f 7908/5896 7825/5845 7905/5894
f 7903/5117 7825/5084 7908/5118
f 7900/4828 7825/4835 7903/4837
f 7825/4835 7900/4828 7898/4827
f 7825/4835 7898/4827 7886/4815
f 7825/4835 7886/4815 7814/4805
f 7887/4806 7814/4805 7886/4815
f 7239/5619 7203/5635 7244/5614
f 7244/5614 7203/5635 7400/5635
f 7244/5614 7400/5635 7404/5613
f 7400/5635 7537/5645 7511/5623
f 7400/5635 7511/5623 7404/5613
f 7537/5645 7661/5643 7511/5623
f 6644/4640 6547/4641 6655/4581
f 6547/4641 6552/4578 6657/4577
f 6547/4641 6657/4577 6655/4581
f 6657/4577 6552/4578 6662/4551
f 6552/4578 6608/4539 6664/4545
f 6552/4578 6664/4545 6662/4551
f 6664/4787 6608/4798 6705/4768
f 6705/6186 6608/6187 6699/6174
f 6608/6187 6602/6162 6696/6161
f 6608/6187 6696/6161 6699/6174
f 6696/6161 6602/6162 6701/6153
f 6602/5047 6727/5022 6739/5021
f 6602/5047 6739/5021 6701/5035
f 6739/5021 6727/5022 6823/5011
f 6823/5277 6727/5278 6836/5292
f 6727/5278 6746/5304 6846/5305
f 6727/5278 6846/5305 6836/5292
f 6846/5305 6746/5304 6844/5326
f 6965/5907 7400/5876 7404/5873
f 7400/5876 6965/5907 6843/5964
f 7400/5876 6843/5964 6743/5986
f 6844/5326 6746/5304 6743/5340
f 6844/5326 6743/5340 6843/5341
f 6547/5387 6644/5422 6614/5418
f 6547/5387 6614/5418 6214/5373
f 6214/5373 6614/5418 6631/5427
f 6214/5373 6631/5427 6603/5427
f 6645/4594 6603/4639 6631/4639
f 6603/4639 6645/4594 6637/4576
f 6603/4639 6637/4576 6600/4576
f 6654/4555 6600/4576 6637/4576
f 6600/4576 6654/4555 6659/4546
f 6600/4576 6659/4546 6606/4546
f 6606/4546 6659/4546 6641/4546
f 6606/4546 6641/4546 6613/4546
f 6613/4786 6641/4786 6629/4786
f 7661/5162 7537/5163 7664/5154
f 7537/5163 7598/5137 7676/5136
f 7537/5163 7676/5136 7664/5154
f 7676/5801 7598/5811 7679/5800
f 6562/5425 6272/5392 6616/5424
f 6202/5417 6272/5392 6562/5425
f 6272/5392 6202/5417 6001/5416
f 6272/5392 6001/5416 5884/5363
f 5884/5445 6001/5444 6004/5455
f 5884/5445 6004/5455 5888/5472
f 6000/5471 5888/5472 6004/5455
f 5888/5472 6000/5471 6002/5483
f 5888/5472 6002/5483 5898/5492
f 5998/5491 5898/5492 6002/5483
f 5990/4702 5898/4720 5998/4700
f 5713/4748 5898/4720 5990/4702
f 5898/4720 5713/4748 5228/4832
f 5898/4720 5228/4832 4676/4857
f 4676/4857 5228/4832 4637/4861
f 6653/4389 6646/4383 6652/4388
f 6651/4383 6646/4383 6653/4389
f 6646/5823 6651/5823 6612/5823
f 6646/5823 6612/5823 6604/5823
f 6604/5823 6612/5823 6636/5823
f 6604/5823 6636/5823 6596/5823
f 6625/5857 6596/5823 6636/5823
f 6596/5823 6625/5857 6623/5891
f 6596/5823 6623/5891 6594/5891
f 6594/5428 6623/5428 6617/5423
f 6594/5428 6617/5423 6401/5392
f 6616/5424 6272/5392 6401/5392
f 6616/5424 6401/5392 6617/5423
f 4676/4857 4637/4861 4361/4860
f 4676/4857 4361/4860 4338/4857
f 7679/4710 7598/4739 7680/4709
f 7598/4739 7613/4740 7678/4712
f 7598/4739 7678/4712 7680/4709
f 7613/6108 7814/6167 7842/6138
f 7613/6108 7842/6138 7678/6089
f 7841/6137 7839/6144 7864/6148
f 7878/6152 7887/6149 7864/6148
f 7814/6167 7878/6152 7864/6148
f 7814/6167 7864/6148 7839/6144
f 2290/7742 2590/7698 2777/7701
f 2290/7742 2777/7701 2782/7741
f 3158/7958 3389/7920 2782/7919
f 3158/7958 2782/7919 2777/7968
f 1824/6427 1461/6611 1458/6612
f 1824/6427 1458/6612 1635/6498
f 1824/6427 1635/6498 1800/6438
f 1824/6427 1800/6438 2289/6245
f 2175/6245 2289/6245 2242/6249
f 1625/7252 1925/7037 2126/7004
f 2141/7005 2126/7004 1925/7037
f 2158/7007 2126/7004 2141/7005
f 2220/7004 2126/7004 2142/7006
f 2220/7004 2142/7006 2217/7008
f 2126/7004 2158/7007 2142/7006
f 3396/7303 3456/7349 3444/7344
f 3396/7303 3444/7344 3419/7318
f 3456/7349 3544/7376 3478/7359
f 3456/7349 3478/7359 3444/7344
f 3544/7376 3696/7423 3563/7377
f 3544/7376 3563/7377 3478/7359
f 3664/7414 3783/7470 3784/7485
f 3563/7377 3696/7423 3783/7470
f 3563/7377 3783/7470 3664/7414
f 2549/6252 3203/6340 3289/6253
f 3290/6343 3289/6253 3203/6340
f 3289/6253 3290/6343 3394/6353
f 3909/6250 3170/6547 3168/6548
f 3909/6250 3168/6548 3369/6481
f 3170/6547 2923/6641 3168/6548
f 2118/6877 2184/6878 2147/6877
f 2567/6774 2147/6877 2184/6878
f 2923/6641 3170/6547 2147/6877
f 2923/6641 2147/6877 2567/6774
f 3569/7743 3818/7587 3982/7506
f 3982/7506 3818/7587 3989/7505
f 2297/6341 2220/6251 2112/6337
f 2220/6251 2297/6341 2291/6339
f 2220/6251 2291/6339 2126/6251
f 2434/6338 2549/6252 2126/6251
f 2434/6338 2126/6251 2291/6339
f 3289/6253 3394/6353 3873/6352
f 3289/6253 3873/6352 4546/6254
f 4495/6342 4546/6254 3873/6352
f 4539/6345 4546/6254 4495/6342
f 4325/6254 4546/6254 4494/6344
f 4325/6254 4494/6344 4321/6354
f 4546/6254 4539/6345 4494/6344
f 1602/8067 1922/7798 2147/7750
f 2159/7752 2147/7750 1922/7798
f 2161/7753 2147/7750 2159/7752
f 2126/7750 2147/7750 2162/7754
f 2126/7750 2162/7754 2145/7751
f 2147/7750 2161/7753 2162/7754
f 3769/6609 3797/6636 3782/6619
f 3769/6609 3782/6619 3770/6610
f 3782/6619 3797/6636 3900/6717
f 3797/6636 4260/6772 4273/6773
f 3797/6636 4273/6773 3900/6717
f 4273/7861 4260/7814 3971/7874
f 4291/6640 4229/6639 3954/6637
f 4291/6640 3954/6637 3947/6640
f 3951/6638 3947/6640 3954/6637
f 3958/6642 3947/6640 3951/6638
f 4580/6686 3947/6640 3979/6643
f 4580/6686 3979/6643 4620/6679
f 3947/6650 3958/6651 3979/6652
f 2607/3684 2612/3686 2627/3685
f 2607/3684 2627/3685 2653/3684
f 204/2472 126/2467 123/2465
f 204/2472 123/2465 94/2464
f 94/2618 123/2617 127/2615
f 94/2618 127/2615 208/2613
f 490/2607 332/2607 528/2608
f 332/2607 208/2613 524/2609
f 332/2607 524/2609 528/2608
f 208/2613 127/2615 524/2609
f 129/2468 530/2477 400/2478
f 126/2467 204/2472 530/2477
f 126/2467 530/2477 129/2468
f 58/2522 140/2526 82/2525
f 58/2522 82/2525 80/2524
f 140/2616 190/2610 84/2623
f 140/2616 84/2623 82/2624
f 190/2610 430/2603 85/2622
f 190/2610 85/2622 84/2623
f 85/2622 430/2603 306/2601
f 430/2603 429/2603 307/2602
f 430/2603 307/2602 306/2601
f 429/2477 530/2477 308/2482
f 429/2477 308/2482 307/2481
f 308/2482 530/2477 400/2478
f 530/2477 312/2477 373/2479
f 530/2477 373/2479 400/2478
f 387/2480 463/2477 310/2483
f 373/2479 312/2477 463/2477
f 373/2479 463/2477 387/2480
f 21/2518 58/2522 68/2520
f 58/2522 80/2524 68/2520
f 153/906 48/900 66/897
f 48/900 153/906 165/907
f 48/900 165/907 464/916
f 529/916 464/916 313/915
f 313/915 464/916 473/914
f 464/916 165/907 473/914
f 3077/2897 3165/2888 3215/2819
f 3077/2897 3215/2819 3181/2820
f 3165/2888 3362/2881 3261/2817
f 3165/2888 3261/2817 3215/2819
f 3362/2881 3380/2882 3263/2818
f 3362/2881 3263/2818 3261/2817
f 3342/2813 3672/2833 3659/2806
f 3263/2818 3380/2882 3672/2833
f 3263/2818 3672/2833 3342/2813
f 4695/2878 4648/2874 4500/2795
f 4695/2878 4500/2795 4514/2796
f 4648/2874 4647/2874 4502/2797
f 4648/2874 4502/2797 4500/2795
f 4468/2794 4388/2874 4511/2793
f 4502/2797 4647/2874 4388/2874
f 4502/2797 4388/2874 4468/2794
f 2795/3055 2622/3064 2812/3054
f 2622/2981 2902/3033 2891/3034
f 2622/2981 2891/3034 2812/3013
f 2902/3068 3077/3059 2943/3065
f 2902/3068 2943/3065 2891/3067
f 3077/3059 3181/3049 2943/3065
f 3056/3342 3103/3332 3144/3325
f 3056/3342 3144/3325 3125/3326
f 3144/3325 3103/3332 3167/3323
f 3103/3332 3147/3324 3172/3322
f 3103/3332 3172/3322 3167/3323
f 3147/3324 3320/3299 3226/3319
f 3147/3324 3226/3319 3172/3322
f 3320/3299 3361/3297 3241/3315
f 3320/3299 3241/3315 3226/3319
f 4510/2969 4428/2938 3695/2972
f 4428/2938 3674/2951 3597/2974
f 3674/2951 3407/2975 3597/2974
f 3084/2880 3266/2859 2911/2879
f 3084/2880 2911/2879 2896/2901
f 3241/3315 3361/3297 3274/3312
f 3361/3297 3351/3296 3273/3311
f 3361/3297 3273/3311 3274/3312
f 3351/3296 3276/3308 3273/3311
f 3446/3291 3666/3278 3795/3263
f 3666/3278 4334/3243 4671/3242
f 4671/3242 4334/3243 4611/3243
f 2723/3216 2922/3251 2917/3247
f 2922/3364 3056/3342 2947/3359
f 2922/3364 2947/3359 2917/3367
f 3056/3342 3125/3326 2947/3359
f 2196/3177 2311/3177 2163/3179
f 2196/3177 2163/3179 2137/3180
f 2311/3177 2270/3178 2163/3179
f 1416/3306 1513/3355 1604/3335
f 2195/3185 2311/3185 2270/3181
f 2195/3185 2270/3181 2241/3184
f 2311/3185 2109/3185 2222/3183
f 2311/3185 2222/3183 2270/3181
f 2222/3183 2109/3185 2131/3182
f 1885/3161 1740/3150 1728/3147
f 1728/3147 1740/3150 1663/3140
f 1728/3147 1663/3140 1544/3132
f 1544/3132 1663/3140 1462/3122
f 1794/3152 1885/3161 1926/3174
f 1885/3161 2311/3177 2270/3178
f 1885/3161 2270/3178 1926/3174
f 2270/3178 2311/3177 2195/3185
f 2270/3178 2195/3185 2241/3184
f 1544/3132 1462/3122 1389/3108
f 1544/3132 1389/3108 1381/3106
f 654/2738 673/2730 693/2723
f 654/2738 693/2723 690/2724
f 673/2730 682/2727 696/2722
f 673/2730 696/2722 693/2723
f 682/2727 833/2702 713/2719
f 682/2727 713/2719 696/2722
f 833/2702 790/2710 720/2718
f 833/2702 720/2718 713/2719
f 790/2710 794/2708 724/2717
f 724/2717 794/2708 760/2713
f 794/2708 877/2694 766/2712
f 877/2694 954/2669 800/2703
f 800/3135 954/3093 1245/3080
f 954/3093 1372/3073 1387/3071
f 954/3093 1387/3071 1245/3080
f 1387/3071 1372/3073 1441/3072
f 1441/3072 1372/3073 1432/3073
f 321/2753 654/2738 499/2748
f 654/2738 690/2724 499/2748
f 818/3314 786/3321 730/3344
f 818/3314 730/3344 726/3345
f 786/3321 808/3316 738/3343
f 786/3321 738/3343 730/3344
f 738/3343 808/3316 777/3331
f 808/3235 904/3257 785/3220
f 808/3235 785/3220 777/3217
f 904/3257 935/3260 789/3221
f 904/3257 789/3221 785/3220
f 789/3221 935/3260 950/3262
f 789/3221 950/3262 807/3231
f 460/3141 646/3156 538/3142
f 538/3142 646/3156 689/3165
f 646/3156 678/3162 692/3166
f 646/3156 692/3166 689/3165
f 678/3162 688/3164 695/3167
f 678/3162 695/3167 692/3166
f 695/3362 688/3365 714/3358
f 688/3365 809/3317 728/3350
f 688/3365 728/3350 714/3358
f 809/3317 818/3314 729/3348
f 809/3317 729/3348 728/3350
f 818/3314 726/3345 729/3348
f 807/3231 950/3262 1192/3281
f 950/3262 1340/3293 1334/3289
f 950/3262 1334/3289 1192/3281
f 1334/3289 1340/3293 1382/3290
f 1382/3290 1340/3293 1402/3293
f 831/2676 796/2701 597/2685
f 796/2701 797/2746 542/2686
f 796/2701 542/2686 597/2685
f 797/2746 374/2760 469/2688
f 797/2746 469/2688 542/2686
f 374/2760 375/2761 470/2687
f 374/2760 470/2687 469/2688
f 375/2682 501/2682 475/2681
f 375/2682 475/2681 470/2679
f 475/2681 501/2682 502/2682
f 475/2681 502/2682 474/2680
f 4700/4 4723/4 4562/44
f 4562/44 4723/4 4591/46
f 2279/110 2296/110 1543/89
f 2296/110 1490/85 1495/85
f 2296/110 1495/85 1543/89
f 2311/2 2520/17 2479/11
f 2311/2 2479/11 2270/3
f 2532/18 2744/32 2817/37
f 2479/11 2520/17 2744/32
f 2479/11 2744/32 2532/18
f 3690/40 3404/27 3402/26
f 3404/27 3690/40 3844/50
f 3404/27 3844/50 4429/70
f 4470/68 4429/70 3844/50
f 4658/70 4429/70 4697/69
f 4429/70 4470/68 4697/69
f 4505/202 4695/203 4514/200
f 4695/203 4505/202 3902/209
f 4695/203 3902/209 3672/222
f 3659/221 3672/222 3902/209
f 1322/60 1314/61 1321/62
f 1322/60 1321/62 1363/60
f 1386/66 1363/60 1321/62
f 1363/60 1386/66 1391/65
f 1363/60 1391/65 1384/60
f 1444/64 1384/60 1391/65
f 1454/63 1446/60 1384/60
f 1454/63 1384/60 1444/64
f 1408/73 1509/86 1513/91
f 1408/73 1513/91 1416/74
f 2514/187 2707/197 2522/188
f 2514/187 2522/188 2474/183
f 1847/210 1917/213 1770/201
f 2522/188 2707/197 2785/207
f 2785/207 2707/197 2622/196
f 2785/207 2622/196 2795/208
f 2514/187 2474/183 2137/178
f 2514/187 2137/178 2196/177
f 2196/219 2137/220 2101/218
f 2196/219 2101/218 1928/214
f 1917/213 1847/210 1928/214
f 1917/213 1928/214 2101/218
f 1847/140 1770/132 1705/121
f 1847/140 1705/121 1616/131
f 1604/111 1513/91 1616/131
f 1604/111 1616/131 1705/121
f 1509/86 1408/73 1351/72
f 1509/86 1351/72 1322/71
f 1322/71 1351/72 1314/67
f 474/204 502/206 526/205
f 3402/2396 3404/2403 3250/2398
f 3250/2398 3404/2403 3011/2412
f 3250/2398 3011/2412 3000/2399
f 5985/235 6178/243 6175/242
f 5985/235 6175/242 6075/237
f 6178/243 6337/253 6233/249
f 6178/243 6233/249 6175/242
f 6337/253 6526/255 6345/251
f 6337/253 6345/251 6233/249
f 6345/251 6526/255 6591/258
f 6526/255 6691/263 6681/261
f 6526/255 6681/261 6591/258
f 5449/269 5457/270 5515/273
f 5457/270 5596/274 5597/275
f 5457/270 5597/275 5515/273
f 5271/304 5273/303 5267/305
f 5202/340 5194/343 5187/341
f 5267/342 5273/343 5194/343
f 5267/342 5194/343 5202/340
f 5273/402 5271/403 5297/401
f 5273/402 5297/401 5310/400
f 5058/371 5044/372 5046/373
f 5069/225 5044/223 5058/224
f 5044/347 5069/346 5309/345
f 5044/347 5309/345 5310/344
f 5443/334 5310/337 5333/336
f 5443/334 5333/336 5442/335
f 5062/323 5044/326 5046/327
f 4308/376 4150/378 4272/377
f 5046/375 5044/374 4150/378
f 5046/375 4150/378 4308/376
f 5443/358 5453/360 5442/359
f 6088/260 6090/259 6015/257
f 6015/257 6090/259 5941/256
f 5941/256 6090/259 5638/238
f 5941/256 5638/238 5635/239
f 6090/259 6088/260 6529/264
f 6090/259 6529/264 6588/265
f 6590/268 6588/265 6529/264
f 6588/265 6590/268 6812/276
f 6588/265 6812/276 6896/283
f 6807/277 6896/283 6812/276
f 6832/278 6896/283 6807/277
f 6896/285 6832/280 6898/284
f 6896/285 6898/284 6936/287
f 6799/292 6899/309 6797/291
f 6899/309 6799/292 6811/293
f 5717/354 5723/353 5641/352
f 5058/357 5044/356 5046/355
f 5069/370 5044/372 5058/371
f 5044/372 5069/370 5309/367
f 5044/372 5309/367 5310/366
f 5641/352 5723/353 5310/351
f 5723/353 5717/354 5989/362
f 5723/353 5989/362 6127/368
f 6054/365 6127/368 5989/362
f 6125/369 6127/368 6054/365
f 6127/267 6125/266 6528/279
f 6127/267 6528/279 6581/282
f 6584/281 6581/282 6528/279
f 6797/291 6899/309 6581/282
f 6797/291 6581/282 6584/281
f 6899/250 6811/254 6875/252
f 6899/250 6875/252 6931/246
f 6879/383 6931/381 6875/384
f 6931/381 6879/383 6892/382
f 6931/381 6892/382 6938/380
f 4415/322 4387/318 4354/320
f 4254/398 4232/394 4230/399
f 4232/394 4254/398 4167/395
f 4232/394 4167/395 4134/394
f 4354/320 4387/318 4134/324
f 4354/320 4134/324 4167/325
f 4959/318 4387/318 4490/321
f 4959/318 4490/321 4946/319
f 4387/318 4415/322 4490/321
f 5002/343 5021/338 5173/339
f 5002/343 5173/339 5194/343
f 5271/304 5273/303 5267/305
f 5267/342 5273/343 5194/343
f 5267/342 5194/343 5202/340
f 5310/301 5273/303 5279/302
f 5273/303 5271/304 5279/302
f 5202/340 5194/343 5187/341
f 5194/343 5173/339 5187/341
f 5635/349 5638/350 5579/348
f 5579/348 5638/350 5194/343
f 5579/348 5194/343 5187/341
f 4231/307 4232/311 4230/306
f 4232/311 4231/307 4147/308
f 4232/311 4147/308 4134/311
f 5064/331 5057/332 5054/333
f 4294/392 4134/394 4236/393
f 5054/391 5057/390 4134/394
f 5054/391 4134/394 4294/392
f 5194/328 5057/332 5072/330
f 5194/328 5072/330 5202/329
f 5057/332 5064/331 5072/330
f 4830/394 4810/397 4209/396
f 4830/394 4209/396 4134/394
f 4134/394 4209/396 4167/395
f 4236/393 4134/394 4167/395
f 4134/311 4147/308 4167/310
f 4253/297 4135/297 4157/300
f 4253/297 4157/300 4250/299
f 4272/377 4150/378 4165/379
f 4150/294 4253/297 4252/296
f 4150/294 4252/296 4165/295
f 4252/296 4253/297 4251/298
f 4253/297 4250/299 4251/298
f 6453/5153 6334/5153 6439/4964
f 6453/5153 6439/4964 6447/4965
f 6439/4964 6334/5153 6330/4963
f 6509/5262 6482/5261 6520/5268
f 6520/5268 6482/5261 6468/5260
f 6109/5437 6453/5367 6467/5366
f 6109/5437 6467/5366 6437/5391
f 4876/5779 5410/5835 5087/5798
f 4876/5779 5087/5798 4924/5784
f 5410/5525 5441/5516 5116/5569
f 5410/5525 5116/5569 5087/5570
f 5116/5569 5441/5516 5502/5507
f 5116/5569 5502/5507 5156/5565
f 5502/5507 5823/5474 5818/5475
f 5502/5507 5818/5475 5780/5482
f 5823/5474 6109/5437 5864/5469
f 5823/5474 5864/5469 5818/5475
f 6109/5437 6437/5391 5864/5469
f 6468/5260 6482/5261 5926/5134
f 5926/5134 6482/5261 5849/5113
f 5926/5134 5849/5113 5829/5111
f 5481/5050 5751/5094 5440/5046
f 5751/5094 5745/5089 5191/5020
f 5751/5094 5191/5020 5440/5046
f 5745/5090 4446/4925 4534/4924
f 5745/5090 4534/4924 5191/4973
f 4534/4990 4446/4925 4801/4925
f 6467/5366 6453/5367 6354/5365
f 6354/5365 6453/5367 6334/5367
f 4531/5770 4366/5769 4811/5774
f 4366/5769 4876/5779 4847/5780
f 4366/5769 4847/5780 4811/5774
f 4876/5779 4924/5784 4847/5780
f 5156/5565 5502/5507 5322/5542
f 5502/5507 5780/5482 5322/5542
f 5829/5112 5849/5113 5535/5069
f 5849/5113 5836/5109 5560/5071
f 5849/5113 5560/5071 5535/5069
f 5836/5109 5751/5097 5490/5060
f 5751/5094 5481/5050 5490/5051
f 7159/5461 6837/5535 6541/5554
f 6837/5535 6509/5644 6502/5561
f 6837/5535 6502/5561 6541/5554
f 6502/5561 6509/5644 6551/5562
f 6551/5562 6509/5644 6561/5644
f 6837/6109 7159/6233 7183/6236
f 6837/6109 7183/6236 7263/6121
f 7294/6235 7263/6121 7183/6236
f 7296/6234 7406/6121 7263/6121
f 7296/6234 7263/6121 7294/6235
f 6453/4382 6447/4601 6445/4602
f 6453/4382 6445/4602 6416/4382
f 6332/4605 6416/4382 6445/4602
f 6330/4603 6334/4382 6416/4382
f 6330/4603 6416/4382 6332/4605
f 7406/5364 7448/5385 7263/5364
f 7442/5386 7338/5386 7263/5364
f 7442/5386 7263/5364 7448/5385
f 7860/5476 7856/5473 7835/5468
f 7856/5473 7263/5364 7834/5466
f 7856/5473 7834/5466 7835/5468
f 7263/5364 7338/5386 7817/5463
f 7263/5364 7817/5463 7834/5466
f 7319/4591 7786/4726 7467/4596
f 7357/5670 7360/5670 7203/5822
f 7357/5670 7203/5822 7333/5674
f 6221/5914 6262/5919 6243/5917
f 6243/5917 6262/5919 6342/5926
f 5878/5212 6227/5345 5733/5178
f 5878/5212 5733/5178 5738/5177
f 6289/4592 6227/4769 6263/4839
f 6227/5345 5878/5212 6263/5349
f 5738/5177 5733/5178 5465/5125
f 5663/5775 5689/5776 5165/5691
f 5689/5776 5371/5713 5000/5677
f 5689/5776 5000/5677 5165/5691
f 5371/5713 4676/5667 4351/5666
f 5371/5713 4351/5666 5000/5677
f 4351/5665 4676/5667 4338/5667
f 7825/6036 7814/6062 7818/6182
f 7825/6036 7818/6182 7820/6183
f 7814/6062 7360/6216 7667/6201
f 7814/6062 7667/6201 7818/6182
f 7467/4596 7786/4726 8061/4825
f 6274/5054 6334/5057 6399/5056
f 6334/5057 6416/5057 6404/5055
f 6334/5057 6404/5055 6399/5056
f 6416/5057 6773/4954 6476/5045
f 6416/5057 6476/5045 6404/5055
f 7192/5258 6538/5070 6986/5239
f 7192/5258 6986/5239 7360/5257
f 6538/5070 7192/5258 6362/5040
f 7192/5258 6737/5133 6265/5034
f 7192/5258 6265/5034 6362/5040
f 6265/5034 6737/5133 6245/5032
f 6265/5034 6245/5032 6242/5031
f 7181/4883 6773/4954 7182/4882
f 5501/4484 5835/4617 5819/4427
f 5501/4484 5819/4427 5772/4426
f 5835/4617 6073/4521 5867/4428
f 5835/4617 5867/4428 5819/4427
f 5867/4910 6073/5036 6385/4961
f 6073/5036 6383/5144 6441/4962
f 6073/5036 6441/4962 6385/4961
f 6441/4962 6383/5144 6453/5153
f 6441/4962 6453/5153 6447/4965
f 7337/6056 6452/5832 6475/5833
f 6475/4558 6452/4604 6449/4600
f 6475/4558 6449/4600 6472/4476
f 6447/4601 6453/4382 6472/4476
f 6447/4601 6472/4476 6449/4600
f 2188/7702 2271/7742 2240/7686
f 2271/7742 2188/7702 2197/7699
f 2271/7742 2197/7699 2198/7697
f 2271/7742 2198/7697 2290/7742
f 2590/7698 2290/7742 2547/7700
f 2547/7700 2290/7742 2198/7697
f 1832/6421 2266/6246 2289/6245
f 1832/6421 2289/6245 1800/6438
f 2289/6245 2266/6246 2206/6247
f 2289/6245 2206/6247 2207/6248
f 2289/6245 2207/6248 2242/6249
f 3325/7268 3396/7303 3419/7318
f 3325/7268 3419/7318 3375/7295
f 3768/7484 3745/7473 3752/7483
f 3745/7473 3768/7484 3784/7485
f 3745/7473 3784/7485 3783/7470
f 3749/6609 3769/6609 3770/6610
f 4260/7814 3897/7862 3904/7888
f 4260/7814 3904/7888 3971/7874
f 3646/112 3720/101 3719/102
f 3646/112 3719/102 3683/108
f 3646/112 3683/108 3647/113
f 4472/53 4525/54 4364/55
f 3127/143 3148/142 3216/137
f 3216/137 3148/142 3164/141
f 3148/2299 3127/2302 3139/2301
f 3148/2299 3139/2301 3140/2300
f 3148/2299 3140/2300 3149/2298
f 3000/2379 3011/2380 3045/2373
f 3045/2373 3011/2380 3061/2371
f 3045/2373 3061/2371 3058/2369
f 2896/2361 2911/2362 3020/2356
f 3020/2356 2911/2362 3040/2349
f 3020/2356 3040/2349 3042/2347
f 5928/230 5937/233 5932/231
f 5937/233 5985/235 5962/234
f 5937/233 5962/234 5944/232
f 5937/233 5944/232 5932/231
f 5962/234 5985/235 6075/237
f 6681/385 6691/386 6885/388
f 6691/386 6862/387 6911/389
f 6691/386 6911/389 6885/388
f 5044/326 5062/323 5096/317
f 5044/326 5096/317 5312/313
f 5044/326 5312/313 5313/312
f 5453/360 5443/358 5464/361
f 5464/361 5443/358 5578/364
f 5464/361 5578/364 5577/363
f 4417/5815 4378/5814 4593/5820
f 6598/6132 6628/6112 6643/6131
f 6595/6129 6633/6048 6648/6048
f 6595/6129 6648/6048 6597/6130
f 6597/6130 6648/6048 6628/6112
f 6597/6130 6628/6112 6598/6132
f 7407/5912 7295/6041 7288/6041
f 7407/5912 7288/6041 7285/6040
f 7407/5912 7285/6040 7284/6039
f 7407/5912 7284/6039 7380/5950
f 7905/5894 7825/5845 7820/5844
f 7905/5894 7820/5844 7823/5849
f 7905/5894 7823/5849 7866/5866
f 7905/5894 7866/5866 7902/5895
